Bluetooth Status
  enabled: true
  state: ON
  address: 5C:33:7B:CB:BF:C5
  name: Pixel 7a
  time since enabled: 05:03:33.491

Enable log:
  08-19 19:50:07.701  Enabled  due to SYSTEM_BOOT by android
  08-22 21:15:02.167 Disabled  due to APPLICATION_REQUEST by android
  08-22 21:15:04.300  Enabled  due to APPLICATION_REQUEST by com.google.android.gms
  08-22 21:15:05.036  Enabled  due to RESTARTED by android
  08-22 21:15:05.303  Enabled  due to RESTARTED by android
  08-22 21:15:08.349  Enabled  due to APPLICATION_REQUEST by android
  08-22 22:35:46.379 Disabled  due to APPLICATION_REQUEST by com.android.systemui
  08-22 22:35:48.171  Enabled  due to APPLICATION_REQUEST by com.android.systemui
  08-24 14:41:28.499 Disabled  due to APPLICATION_REQUEST by android
  08-24 14:41:31.439  Enabled  due to APPLICATION_REQUEST by com.google.android.gms
  08-24 14:41:31.653  Enabled  due to APPLICATION_REQUEST by android

Bluetooth crashed 0 times

1 BLE app registered
  com.google.android.gms

BluetoothManagerService:
  mEnable:true
  mQuietEnable:false
  mEnableExternal:true
  mQuietEnableExternal:false


AdapterProperties
  Name: Pixel 7a
  Address: 5C:33:7B:CB:BF:C5
  ScanMode: SCAN_MODE_CONNECTABLE
  ConnectionState: STATE_CONNECTED
  State: ON
  MaxConnectedAudioDevices: 5
  A2dpOffloadEnabled: true
  Discovering: false
  DiscoveryEndMs: 0
  Bonded devices:
    14:22:3B:D9:CC:19 [BR/EDR] Pixel Buds A-Series
    00:1D:A5:1D:04:5C [BR/EDR] OBDII
    A4:77:58:4F:D1:EA [BR/EDR] Soundcore Space A40
    E2:90:F0:DA:33:F9 [  LE  ] BT4.0+2.4G KB
    E2:90:F0:DA:33:FA [  LE  ] BT4.0+2.4G KB
    11:22:33:44:5A:35 [BR/EDR] UBeesize
    C5:83:DB:43:6D:44 [  LE  ] BLESmart_000000D8C583DB436D44
    8C:57:9B:5F:E3:08 [BR/EDR] Audi MMI 4209
    E4:58:BC:42:C8:A6 [ DUAL ] Bose QC Headphones
    6C:1D:EB:D7:BE:04 [ DUAL ] Audi_MMI_8481
    74:D7:CA:92:AF:12 [BR/EDR] TOYOTA 4Runner
    41:42:FF:22:FB:77 [BR/EDR] S8
    B8:27:EB:43:8D:51 [ DUAL ] larkbridge-v2
    74:0A:42:11:30:27 => C9:0F:4D:56:58:7D [  LE  ] Charge 6

  Scan Mode Changes:
    08-24 15:03:18.428 (uid/pid=1000/0) SCAN_MODE_CONNECTABLE_DISCOVERABLE
    08-24 15:03:20.385 (uid/pid=1000/0) SCAN_MODE_CONNECTABLE
    08-24 18:08:28.600 (uid/pid=1000/0) SCAN_MODE_CONNECTABLE_DISCOVERABLE
    08-24 18:08:31.571 (uid/pid=1000/0) SCAN_MODE_CONNECTABLE
    08-24 18:08:33.337 (uid/pid=1000/0) SCAN_MODE_CONNECTABLE_DISCOVERABLE
    08-24 18:08:35.978 (uid/pid=1000/0) SCAN_MODE_CONNECTABLE
    08-24 19:00:53.925 (uid/pid=1000/0) SCAN_MODE_CONNECTABLE_DISCOVERABLE
    08-24 19:00:56.471 (uid/pid=1000/0) SCAN_MODE_CONNECTABLE
    08-24 19:00:58.679 (uid/pid=1000/0) SCAN_MODE_CONNECTABLE_DISCOVERABLE
    08-24 19:01:02.016 (uid/pid=1000/0) SCAN_MODE_CONNECTABLE
sSnoopLogSettingAtEnable = EMPTY
sDefaultSnoopLogSettingAtEnable = null

Enabled Profile Services:
  A2dpService
  AvrcpTargetService
  BatteryService
  CsipSetCoordinatorService
  HapClientService
  HeadsetService
  HearingAidService
  HidDeviceService
  HidHostService
  GattService
  LeAudioService
  TbsService
  BluetoothMapService
  McpService
  BluetoothOppService
  PanService
  BluetoothPbapService
  SapService
  VolumeControlService

AdapterState:
 total records=4
 rec[0]: time=08-24 14:41:32.684 processed=OffState org=OffState dest=TurningBleOnState what=3(0x3) BLE_TURN_ON
 rec[1]: time=08-24 14:41:32.833 processed=TurningBleOnState org=TurningBleOnState dest=BleOnState what=7(0x7) BLE_STARTED
 rec[2]: time=08-24 14:41:32.837 processed=BleOnState org=BleOnState dest=TurningOnState what=1(0x1) USER_TURN_ON
 rec[3]: time=08-24 14:41:33.891 processed=TurningOnState org=TurningOnState dest=OnState what=5(0x5) BREDR_STARTED
curState=OnState

SilenceDeviceManager:
  Address            | Is silenced?
  XX:XX:XX:XX:8D:51  | false

BluetoothDatabase:
  Metadata Changes:
    08-24 18:08:33.272 (uid/pid=1002/26503) XX:XX:XX:XX:73:DE Metadata deleted
    08-24 18:08:43.322 (uid/pid=10166/0) XX:XX:XX:XX:73:DE Metadata created
    08-24 18:08:43.323 (uid/pid=10166/0) XX:XX:XX:XX:73:DE setCustomMeta key=25
    08-24 18:08:43.327 (uid/pid=10166/0) XX:XX:XX:XX:73:DE setCustomMeta key=10
    08-24 18:08:43.331 (uid/pid=10166/0) XX:XX:XX:XX:73:DE setCustomMeta key=13
    08-24 18:08:43.333 (uid/pid=10166/0) XX:XX:XX:XX:73:DE setCustomMeta key=11
    08-24 18:08:43.336 (uid/pid=10166/0) XX:XX:XX:XX:73:DE setCustomMeta key=14
    08-24 18:08:43.337 (uid/pid=10166/0) XX:XX:XX:XX:73:DE setCustomMeta key=12
    08-24 18:08:43.339 (uid/pid=10166/0) XX:XX:XX:XX:73:DE setCustomMeta key=15
    08-24 19:00:58.664 (uid/pid=1002/26503) XX:XX:XX:XX:D7:F4 A2DP connection policy changed: 100 -> -1
    08-24 19:00:58.665 (uid/pid=1002/26503) XX:XX:XX:XX:D7:F4 Metadata deleted
    08-24 19:11:50.635 (uid/pid=1002/26503) XX:XX:XX:XX:D7:F4 Metadata created
    08-24 19:11:51.982 (uid/pid=1002/26503) XX:XX:XX:XX:D7:F4 HEADSET connection policy changed: -1 -> 100
    08-24 19:11:51.983 (uid/pid=1002/26503) XX:XX:XX:XX:D7:F4 A2DP connection policy changed: -1 -> 100
    08-24 19:11:56.153 (uid/pid=10166/0) XX:XX:XX:XX:CC:19 setCustomMeta key=10
    08-24 19:11:56.157 (uid/pid=10166/0) XX:XX:XX:XX:CC:19 setCustomMeta key=13
    08-24 19:11:56.160 (uid/pid=10166/0) XX:XX:XX:XX:CC:19 setCustomMeta key=11
    08-24 19:11:56.164 (uid/pid=10166/0) XX:XX:XX:XX:CC:19 setCustomMeta key=14
    08-24 19:11:56.168 (uid/pid=10166/0) XX:XX:XX:XX:CC:19 setCustomMeta key=12
    08-24 19:23:12.525 (uid/pid=1002/26503) XX:XX:XX:XX:6C:24 HEADSET connection policy changed: 100 -> -1

Metadata:
    XX:XX:XX:XX:8D:51 last_active_time=252 {profile connection policy(A2DP=-1|A2DP_SINK=-1|CSIP_SET_COORDINATOR=-1|HEADSET=100|HEADSET_CLIENT=-1|HID_HOST=-1|PAN=-1|PBAP=-1|PBAP_CLIENT=-1|MAP=-1|MAP_CLIENT=-1|SAP=-1|HAP=-1|HEARING_AID=-1|LE_AUDIO=-1|VOLUME_CONTROL=-1|LE_CALL_CONTROL=-1|LE_BROADCAST_ASSISTANT=-1|BATTERY=-1), optional codec(support=-1|enabled=-1), custom metadata(manufacturer_name=null|model_name=null|software_version=null|hardware_version=null|companion_app=null|main_icon=null|is_untethered_headset=null|untethered_left_icon=null|untethered_right_icon=null|untethered_case_icon=null|untethered_left_battery=null|untethered_right_battery=null|untethered_case_battery=null|untethered_left_charging=null|untethered_right_charging=null|untethered_case_charging=null|enhanced_settings_ui_uri=null|device_type=null|main_battery=null|main_charging=null|main_low_battery_threshold=null|untethered_left_low_battery_threshold=null|untethered_right_low_battery_threshold=null|untethered_case_low_battery_threshold=null|spatial_audio=null|fastpair_customized=null|le_audio=null|gmcs_cccd=null|gtbs_cccd=null), hfp client audio policy(callEstablishAudioPolicy=0|connectingTimeAudioPolicy=0|inBandRingtoneAudioPolicy=0)}
    XX:XX:XX:XX:33:F9 last_active_time=0 {profile connection policy(A2DP=-1|A2DP_SINK=-1|CSIP_SET_COORDINATOR=-1|HEADSET=-1|HEADSET_CLIENT=-1|HID_HOST=100|PAN=-1|PBAP=-1|PBAP_CLIENT=-1|MAP=-1|MAP_CLIENT=-1|SAP=-1|HAP=-1|HEARING_AID=-1|LE_AUDIO=-1|VOLUME_CONTROL=-1|LE_CALL_CONTROL=-1|LE_BROADCAST_ASSISTANT=-1|BATTERY=100), optional codec(support=-1|enabled=-1), custom metadata(manufacturer_name=null|model_name=null|software_version=null|hardware_version=null|companion_app=null|main_icon=null|is_untethered_headset=null|untethered_left_icon=null|untethered_right_icon=null|untethered_case_icon=null|untethered_left_battery=null|untethered_right_battery=null|untethered_case_battery=null|untethered_left_charging=null|untethered_right_charging=null|untethered_case_charging=null|enhanced_settings_ui_uri=null|device_type=null|main_battery=null|main_charging=null|main_low_battery_threshold=null|untethered_left_low_battery_threshold=null|untethered_right_low_battery_threshold=null|untethered_case_low_battery_threshold=null|spatial_audio=null|fastpair_customized=null|le_audio=null|gmcs_cccd=null|gtbs_cccd=null), hfp client audio policy(callEstablishAudioPolicy=0|connectingTimeAudioPolicy=0|inBandRingtoneAudioPolicy=0)}
    XX:XX:XX:XX:AF:12 last_active_time=0 {profile connection policy(A2DP=100|A2DP_SINK=-1|CSIP_SET_COORDINATOR=-1|HEADSET=100|HEADSET_CLIENT=-1|HID_HOST=-1|PAN=-1|PBAP=100|PBAP_CLIENT=-1|MAP=0|MAP_CLIENT=-1|SAP=-1|HAP=-1|HEARING_AID=-1|LE_AUDIO=-1|VOLUME_CONTROL=-1|LE_CALL_CONTROL=-1|LE_BROADCAST_ASSISTANT=-1|BATTERY=-1), optional codec(support=1|enabled=1), custom metadata(manufacturer_name=null|model_name=null|software_version=null|hardware_version=null|companion_app=null|main_icon=null|is_untethered_headset=null|untethered_left_icon=null|untethered_right_icon=null|untethered_case_icon=null|untethered_left_battery=null|untethered_right_battery=null|untethered_case_battery=null|untethered_left_charging=null|untethered_right_charging=null|untethered_case_charging=null|enhanced_settings_ui_uri=null|device_type=null|main_battery=null|main_charging=null|main_low_battery_threshold=null|untethered_left_low_battery_threshold=null|untethered_right_low_battery_threshold=null|untethered_case_low_battery_threshold=null|spatial_audio=null|fastpair_customized=null|le_audio=null|gmcs_cccd=null|gtbs_cccd=null), hfp client audio policy(callEstablishAudioPolicy=0|connectingTimeAudioPolicy=0|inBandRingtoneAudioPolicy=0)}
    XX:XX:XX:XX:D7:F4 last_active_time=248 {profile connection policy(A2DP=100|A2DP_SINK=-1|CSIP_SET_COORDINATOR=-1|HEADSET=100|HEADSET_CLIENT=-1|HID_HOST=-1|PAN=-1|PBAP=-1|PBAP_CLIENT=-1|MAP=-1|MAP_CLIENT=-1|SAP=-1|HAP=-1|HEARING_AID=-1|LE_AUDIO=-1|VOLUME_CONTROL=-1|LE_CALL_CONTROL=-1|LE_BROADCAST_ASSISTANT=-1|BATTERY=-1), optional codec(support=-1|enabled=-1), custom metadata(manufacturer_name=null|model_name=null|software_version=null|hardware_version=null|companion_app=null|main_icon=null|is_untethered_headset=null|untethered_left_icon=null|untethered_right_icon=null|untethered_case_icon=null|untethered_left_battery=null|untethered_right_battery=null|untethered_case_battery=null|untethered_left_charging=null|untethered_right_charging=null|untethered_case_charging=null|enhanced_settings_ui_uri=null|device_type=null|main_battery=null|main_charging=null|main_low_battery_threshold=null|untethered_left_low_battery_threshold=null|untethered_right_low_battery_threshold=null|untethered_case_low_battery_threshold=null|spatial_audio=null|fastpair_customized=null|le_audio=null|gmcs_cccd=null|gtbs_cccd=null), hfp client audio policy(callEstablishAudioPolicy=0|connectingTimeAudioPolicy=0|inBandRingtoneAudioPolicy=0)}
    XX:XX:XX:XX:D1:EA last_active_time=0 {profile connection policy(A2DP=100|A2DP_SINK=-1|CSIP_SET_COORDINATOR=-1|HEADSET=0|HEADSET_CLIENT=-1|HID_HOST=-1|PAN=-1|PBAP=-1|PBAP_CLIENT=-1|MAP=-1|MAP_CLIENT=-1|SAP=-1|HAP=-1|HEARING_AID=-1|LE_AUDIO=-1|VOLUME_CONTROL=-1|LE_CALL_CONTROL=-1|LE_BROADCAST_ASSISTANT=-1|BATTERY=-1), optional codec(support=1|enabled=1), custom metadata(manufacturer_name=null|model_name=null|software_version=null|hardware_version=null|companion_app=null|main_icon=null|is_untethered_headset=null|untethered_left_icon=null|untethered_right_icon=null|untethered_case_icon=null|untethered_left_battery=null|untethered_right_battery=null|untethered_case_battery=null|untethered_left_charging=null|untethered_right_charging=null|untethered_case_charging=null|enhanced_settings_ui_uri=null|device_type=null|main_battery=null|main_charging=null|main_low_battery_threshold=null|untethered_left_low_battery_threshold=null|untethered_right_low_battery_threshold=null|untethered_case_low_battery_threshold=null|spatial_audio=null|fastpair_customized=null|le_audio=null|gmcs_cccd=null|gtbs_cccd=null), hfp client audio policy(callEstablishAudioPolicy=0|connectingTimeAudioPolicy=0|inBandRingtoneAudioPolicy=0)}
    XX:XX:XX:XX:6D:44 last_active_time=0 {profile connection policy(A2DP=-1|A2DP_SINK=-1|CSIP_SET_COORDINATOR=-1|HEADSET=-1|HEADSET_CLIENT=-1|HID_HOST=-1|PAN=-1|PBAP=-1|PBAP_CLIENT=-1|MAP=-1|MAP_CLIENT=-1|SAP=-1|HAP=-1|HEARING_AID=-1|LE_AUDIO=-1|VOLUME_CONTROL=-1|LE_CALL_CONTROL=-1|LE_BROADCAST_ASSISTANT=-1|BATTERY=-1), optional codec(support=-1|enabled=-1), custom metadata(manufacturer_name=null|model_name=null|software_version=null|hardware_version=null|companion_app=null|main_icon=null|is_untethered_headset=null|untethered_left_icon=null|untethered_right_icon=null|untethered_case_icon=null|untethered_left_battery=null|untethered_right_battery=null|untethered_case_battery=null|untethered_left_charging=null|untethered_right_charging=null|untethered_case_charging=null|enhanced_settings_ui_uri=null|device_type=null|main_battery=null|main_charging=null|main_low_battery_threshold=null|untethered_left_low_battery_threshold=null|untethered_right_low_battery_threshold=null|untethered_case_low_battery_threshold=null|spatial_audio=null|fastpair_customized=null|le_audio=null|gmcs_cccd=null|gtbs_cccd=null), hfp client audio policy(callEstablishAudioPolicy=0|connectingTimeAudioPolicy=0|inBandRingtoneAudioPolicy=0)}
    XX:XX:XX:XX:33:FA last_active_time=0 {profile connection policy(A2DP=-1|A2DP_SINK=-1|CSIP_SET_COORDINATOR=-1|HEADSET=-1|HEADSET_CLIENT=-1|HID_HOST=100|PAN=-1|PBAP=-1|PBAP_CLIENT=-1|MAP=-1|MAP_CLIENT=-1|SAP=-1|HAP=-1|HEARING_AID=-1|LE_AUDIO=-1|VOLUME_CONTROL=-1|LE_CALL_CONTROL=-1|LE_BROADCAST_ASSISTANT=-1|BATTERY=100), optional codec(support=-1|enabled=-1), custom metadata(manufacturer_name=null|model_name=null|software_version=null|hardware_version=null|companion_app=null|main_icon=null|is_untethered_headset=null|untethered_left_icon=null|untethered_right_icon=null|untethered_case_icon=null|untethered_left_battery=null|untethered_right_battery=null|untethered_case_battery=null|untethered_left_charging=null|untethered_right_charging=null|untethered_case_charging=null|enhanced_settings_ui_uri=null|device_type=null|main_battery=null|main_charging=null|main_low_battery_threshold=null|untethered_left_low_battery_threshold=null|untethered_right_low_battery_threshold=null|untethered_case_low_battery_threshold=null|spatial_audio=null|fastpair_customized=null|le_audio=null|gmcs_cccd=null|gtbs_cccd=null), hfp client audio policy(callEstablishAudioPolicy=0|connectingTimeAudioPolicy=0|inBandRingtoneAudioPolicy=0)}
    XX:XX:XX:XX:C8:A6 last_active_time=0 {profile connection policy(A2DP=100|A2DP_SINK=-1|CSIP_SET_COORDINATOR=-1|HEADSET=0|HEADSET_CLIENT=-1|HID_HOST=-1|PAN=-1|PBAP=-1|PBAP_CLIENT=-1|MAP=-1|MAP_CLIENT=-1|SAP=-1|HAP=-1|HEARING_AID=-1|LE_AUDIO=-1|VOLUME_CONTROL=-1|LE_CALL_CONTROL=-1|LE_BROADCAST_ASSISTANT=-1|BATTERY=-1), optional codec(support=1|enabled=1), custom metadata(manufacturer_name=null|model_name=null|software_version=null|hardware_version=null|companion_app=null|main_icon=null|is_untethered_headset=null|untethered_left_icon=null|untethered_right_icon=null|untethered_case_icon=null|untethered_left_battery=null|untethered_right_battery=null|untethered_case_battery=null|untethered_left_charging=null|untethered_right_charging=null|untethered_case_charging=null|enhanced_settings_ui_uri=null|device_type=null|main_battery=null|main_charging=null|main_low_battery_threshold=null|untethered_left_low_battery_threshold=null|untethered_right_low_battery_threshold=null|untethered_case_low_battery_threshold=null|spatial_audio=null|fastpair_customized=null|le_audio=null|gmcs_cccd=null|gtbs_cccd=null), hfp client audio policy(callEstablishAudioPolicy=0|connectingTimeAudioPolicy=0|inBandRingtoneAudioPolicy=0)}
    XX:XX:XX:XX:5A:35 last_active_time=0 {profile connection policy(A2DP=-1|A2DP_SINK=-1|CSIP_SET_COORDINATOR=-1|HEADSET=-1|HEADSET_CLIENT=-1|HID_HOST=100|PAN=-1|PBAP=-1|PBAP_CLIENT=-1|MAP=-1|MAP_CLIENT=-1|SAP=-1|HAP=-1|HEARING_AID=-1|LE_AUDIO=-1|VOLUME_CONTROL=-1|LE_CALL_CONTROL=-1|LE_BROADCAST_ASSISTANT=-1|BATTERY=-1), optional codec(support=-1|enabled=-1), custom metadata(manufacturer_name=null|model_name=null|software_version=null|hardware_version=null|companion_app=null|main_icon=null|is_untethered_headset=null|untethered_left_icon=null|untethered_right_icon=null|untethered_case_icon=null|untethered_left_battery=null|untethered_right_battery=null|untethered_case_battery=null|untethered_left_charging=null|untethered_right_charging=null|untethered_case_charging=null|enhanced_settings_ui_uri=null|device_type=null|main_battery=null|main_charging=null|main_low_battery_threshold=null|untethered_left_low_battery_threshold=null|untethered_right_low_battery_threshold=null|untethered_case_low_battery_threshold=null|spatial_audio=null|fastpair_customized=null|le_audio=null|gmcs_cccd=null|gtbs_cccd=null), hfp client audio policy(callEstablishAudioPolicy=0|connectingTimeAudioPolicy=0|inBandRingtoneAudioPolicy=0)}
    XX:XX:XX:XX:6C:24 last_active_time=237 {profile connection policy(A2DP=-1|A2DP_SINK=-1|CSIP_SET_COORDINATOR=-1|HEADSET=-1|HEADSET_CLIENT=-1|HID_HOST=-1|PAN=-1|PBAP=-1|PBAP_CLIENT=-1|MAP=-1|MAP_CLIENT=-1|SAP=-1|HAP=-1|HEARING_AID=-1|LE_AUDIO=-1|VOLUME_CONTROL=-1|LE_CALL_CONTROL=-1|LE_BROADCAST_ASSISTANT=-1|BATTERY=-1), optional codec(support=-1|enabled=-1), custom metadata(manufacturer_name=null|model_name=null|software_version=null|hardware_version=null|companion_app=null|main_icon=null|is_untethered_headset=null|untethered_left_icon=null|untethered_right_icon=null|untethered_case_icon=null|untethered_left_battery=null|untethered_right_battery=null|untethered_case_battery=null|untethered_left_charging=null|untethered_right_charging=null|untethered_case_charging=null|enhanced_settings_ui_uri=null|device_type=null|main_battery=null|main_charging=null|main_low_battery_threshold=null|untethered_left_low_battery_threshold=null|untethered_right_low_battery_threshold=null|untethered_case_low_battery_threshold=null|spatial_audio=null|fastpair_customized=null|le_audio=null|gmcs_cccd=null|gtbs_cccd=null), hfp client audio policy(callEstablishAudioPolicy=0|connectingTimeAudioPolicy=0|inBandRingtoneAudioPolicy=0)}
    XX:XX:XX:XX:FB:77 last_active_time=0 {profile connection policy(A2DP=100|A2DP_SINK=-1|CSIP_SET_COORDINATOR=-1|HEADSET=0|HEADSET_CLIENT=-1|HID_HOST=0|PAN=-1|PBAP=-1|PBAP_CLIENT=-1|MAP=-1|MAP_CLIENT=-1|SAP=-1|HAP=-1|HEARING_AID=-1|LE_AUDIO=-1|VOLUME_CONTROL=-1|LE_CALL_CONTROL=-1|LE_BROADCAST_ASSISTANT=-1|BATTERY=-1), optional codec(support=1|enabled=1), custom metadata(manufacturer_name=null|model_name=null|software_version=null|hardware_version=null|companion_app=null|main_icon=null|is_untethered_headset=null|untethered_left_icon=null|untethered_right_icon=null|untethered_case_icon=null|untethered_left_battery=null|untethered_right_battery=null|untethered_case_battery=null|untethered_left_charging=null|untethered_right_charging=null|untethered_case_charging=null|enhanced_settings_ui_uri=null|device_type=null|main_battery=null|main_charging=null|main_low_battery_threshold=null|untethered_left_low_battery_threshold=null|untethered_right_low_battery_threshold=null|untethered_case_low_battery_threshold=null|spatial_audio=null|fastpair_customized=null|le_audio=null|gmcs_cccd=null|gtbs_cccd=null), hfp client audio policy(callEstablishAudioPolicy=0|connectingTimeAudioPolicy=0|inBandRingtoneAudioPolicy=0)}
    XX:XX:XX:XX:73:DE last_active_time=243 {profile connection policy(A2DP=-1|A2DP_SINK=-1|CSIP_SET_COORDINATOR=-1|HEADSET=-1|HEADSET_CLIENT=-1|HID_HOST=-1|PAN=-1|PBAP=-1|PBAP_CLIENT=-1|MAP=-1|MAP_CLIENT=-1|SAP=-1|HAP=-1|HEARING_AID=-1|LE_AUDIO=-1|VOLUME_CONTROL=-1|LE_CALL_CONTROL=-1|LE_BROADCAST_ASSISTANT=-1|BATTERY=-1), optional codec(support=-1|enabled=-1), custom metadata(manufacturer_name=null|model_name=null|software_version=null|hardware_version=null|companion_app=null|main_icon=null|is_untethered_headset=null|untethered_left_icon=null|untethered_right_icon=null|untethered_case_icon=null|untethered_left_battery=-1|untethered_right_battery=-1|untethered_case_battery=-1|untethered_left_charging=false|untethered_right_charging=false|untethered_case_charging=false|enhanced_settings_ui_uri=null|device_type=null|main_battery=null|main_charging=null|main_low_battery_threshold=null|untethered_left_low_battery_threshold=null|untethered_right_low_battery_threshold=null|untethered_case_low_battery_threshold=null|spatial_audio=null|fastpair_customized=<BATT>false</BATT>|le_audio=null|gmcs_cccd=null|gtbs_cccd=null), hfp client audio policy(callEstablishAudioPolicy=0|connectingTimeAudioPolicy=0|inBandRingtoneAudioPolicy=0)}
    XX:XX:XX:XX:BE:04 last_active_time=0 {profile connection policy(A2DP=100|A2DP_SINK=-1|CSIP_SET_COORDINATOR=-1|HEADSET=100|HEADSET_CLIENT=-1|HID_HOST=-1|PAN=-1|PBAP=100|PBAP_CLIENT=-1|MAP=0|MAP_CLIENT=-1|SAP=-1|HAP=-1|HEARING_AID=-1|LE_AUDIO=-1|VOLUME_CONTROL=-1|LE_CALL_CONTROL=-1|LE_BROADCAST_ASSISTANT=-1|BATTERY=-1), optional codec(support=1|enabled=1), custom metadata(manufacturer_name=null|model_name=null|software_version=null|hardware_version=null|companion_app=null|main_icon=null|is_untethered_headset=null|untethered_left_icon=null|untethered_right_icon=null|untethered_case_icon=null|untethered_left_battery=null|untethered_right_battery=null|untethered_case_battery=null|untethered_left_charging=null|untethered_right_charging=null|untethered_case_charging=null|enhanced_settings_ui_uri=null|device_type=Carkit|main_battery=null|main_charging=null|main_low_battery_threshold=null|untethered_left_low_battery_threshold=null|untethered_right_low_battery_threshold=null|untethered_case_low_battery_threshold=null|spatial_audio=null|fastpair_customized=null|le_audio=null|gmcs_cccd=null|gtbs_cccd=null), hfp client audio policy(callEstablishAudioPolicy=0|connectingTimeAudioPolicy=0|inBandRingtoneAudioPolicy=0)}
    XX:XX:XX:XX:CC:19 last_active_time=1 {profile connection policy(A2DP=100|A2DP_SINK=-1|CSIP_SET_COORDINATOR=-1|HEADSET=100|HEADSET_CLIENT=-1|HID_HOST=-1|PAN=-1|PBAP=-1|PBAP_CLIENT=-1|MAP=-1|MAP_CLIENT=-1|SAP=-1|HAP=-1|HEARING_AID=-1|LE_AUDIO=-1|VOLUME_CONTROL=-1|LE_CALL_CONTROL=-1|LE_BROADCAST_ASSISTANT=-1|BATTERY=-1), optional codec(support=1|enabled=1), custom metadata(manufacturer_name=Google|model_name=Pixel Buds A-Series|software_version=null|hardware_version=FAST_PAIR_8b66ab|companion_app=com.google.android.apps.wearables.maestro.companion|main_icon=content://com.google.android.gms.fileprovider/nearby_bluetooth_metadata/8b66abmain.png|is_untethered_headset=true|untethered_left_icon=content://com.google.android.gms.fileprovider/nearby_bluetooth_metadata/8b66ableft.png|untethered_right_icon=content://com.google.android.gms.fileprovider/nearby_bluetooth_metadata/8b66abright.png|untethered_case_icon=content://com.google.android.gms.fileprovider/nearby_bluetooth_metadata/8b66abcase.png|untethered_left_battery=100|untethered_right_battery=100|untethered_case_battery=100|untethered_left_charging=true|untethered_right_charging=true|untethered_case_charging=false|enhanced_settings_ui_uri=content://com.google.android.gms.nearby.fastpair/links?address=14%3A22%3A3B%3AD9%3ACC%3A19|device_type=Untethered Headset|main_battery=null|main_charging=null|main_low_battery_threshold=null|untethered_left_low_battery_threshold=15|untethered_right_low_battery_threshold=15|untethered_case_low_battery_threshold=19|spatial_audio=null|fastpair_customized=<BATT>false</BATT>|le_audio=null|gmcs_cccd=null|gtbs_cccd=null), hfp client audio policy(callEstablishAudioPolicy=0|connectingTimeAudioPolicy=0|inBandRingtoneAudioPolicy=0)}
    XX:XX:XX:XX:E3:08 last_active_time=0 {profile connection policy(A2DP=-1|A2DP_SINK=-1|CSIP_SET_COORDINATOR=-1|HEADSET=100|HEADSET_CLIENT=-1|HID_HOST=-1|PAN=-1|PBAP=100|PBAP_CLIENT=-1|MAP=-1|MAP_CLIENT=-1|SAP=-1|HAP=-1|HEARING_AID=-1|LE_AUDIO=-1|VOLUME_CONTROL=-1|LE_CALL_CONTROL=-1|LE_BROADCAST_ASSISTANT=-1|BATTERY=-1), optional codec(support=-1|enabled=-1), custom metadata(manufacturer_name=null|model_name=null|software_version=null|hardware_version=null|companion_app=null|main_icon=null|is_untethered_headset=null|untethered_left_icon=null|untethered_right_icon=null|untethered_case_icon=null|untethered_left_battery=null|untethered_right_battery=null|untethered_case_battery=null|untethered_left_charging=null|untethered_right_charging=null|untethered_case_charging=null|enhanced_settings_ui_uri=null|device_type=Carkit|main_battery=null|main_charging=null|main_low_battery_threshold=null|untethered_left_low_battery_threshold=null|untethered_right_low_battery_threshold=null|untethered_case_low_battery_threshold=null|spatial_audio=null|fastpair_customized=null|le_audio=null|gmcs_cccd=null|gtbs_cccd=null), hfp client audio policy(callEstablishAudioPolicy=0|connectingTimeAudioPolicy=0|inBandRingtoneAudioPolicy=0)}
    XX:XX:XX:XX:30:27 last_active_time=149 {profile connection policy(A2DP=-1|A2DP_SINK=-1|CSIP_SET_COORDINATOR=-1|HEADSET=-1|HEADSET_CLIENT=-1|HID_HOST=-1|PAN=-1|PBAP=0|PBAP_CLIENT=-1|MAP=-1|MAP_CLIENT=-1|SAP=-1|HAP=-1|HEARING_AID=-1|LE_AUDIO=-1|VOLUME_CONTROL=-1|LE_CALL_CONTROL=-1|LE_BROADCAST_ASSISTANT=-1|BATTERY=-1), optional codec(support=-1|enabled=-1), custom metadata(manufacturer_name=null|model_name=null|software_version=null|hardware_version=null|companion_app=null|main_icon=null|is_untethered_headset=null|untethered_left_icon=null|untethered_right_icon=null|untethered_case_icon=null|untethered_left_battery=null|untethered_right_battery=null|untethered_case_battery=null|untethered_left_charging=null|untethered_right_charging=null|untethered_case_charging=null|enhanced_settings_ui_uri=null|device_type=null|main_battery=null|main_charging=null|main_low_battery_threshold=null|untethered_left_low_battery_threshold=null|untethered_right_low_battery_threshold=null|untethered_case_low_battery_threshold=null|spatial_audio=null|fastpair_customized=null|le_audio=null|gmcs_cccd=null|gtbs_cccd=null), hfp client audio policy(callEstablishAudioPolicy=0|connectingTimeAudioPolicy=0|inBandRingtoneAudioPolicy=0)}
    XX:XX:XX:XX:04:5C last_active_time=0 {profile connection policy(A2DP=-1|A2DP_SINK=-1|CSIP_SET_COORDINATOR=-1|HEADSET=-1|HEADSET_CLIENT=-1|HID_HOST=-1|PAN=-1|PBAP=-1|PBAP_CLIENT=-1|MAP=-1|MAP_CLIENT=-1|SAP=-1|HAP=-1|HEARING_AID=-1|LE_AUDIO=-1|VOLUME_CONTROL=-1|LE_CALL_CONTROL=-1|LE_BROADCAST_ASSISTANT=-1|BATTERY=-1), optional codec(support=-1|enabled=-1), custom metadata(manufacturer_name=null|model_name=null|software_version=null|hardware_version=null|companion_app=null|main_icon=null|is_untethered_headset=null|untethered_left_icon=null|untethered_right_icon=null|untethered_case_icon=null|untethered_left_battery=null|untethered_right_battery=null|untethered_case_battery=null|untethered_left_charging=null|untethered_right_charging=null|untethered_case_charging=null|enhanced_settings_ui_uri=null|device_type=null|main_battery=null|main_charging=null|main_low_battery_threshold=null|untethered_left_low_battery_threshold=null|untethered_right_low_battery_threshold=null|untethered_case_low_battery_threshold=null|spatial_audio=null|fastpair_customized=null|le_audio=null|gmcs_cccd=null|gtbs_cccd=null), hfp client audio policy(callEstablishAudioPolicy=0|connectingTimeAudioPolicy=0|inBandRingtoneAudioPolicy=0)}

Profile: GattService
  mAdvertisingServiceUuids:
  mMaxScanFilters: 0

Registered App
  Scanner:
      app_if: 2, appName: com.fitbit.FitbitMobile
      app_if: 1, appName: com.google.uid.shared:10166
      app_if: 4, appName: com.google.uid.shared:10166
      app_if: 3, appName: com.google.uid.shared:10166
  Client:
      app_if: 16, appName: net.dinglisch.android.taskerm
      app_if: 17, appName: net.dinglisch.android.taskerm
      app_if: 18, appName: net.dinglisch.android.taskerm
      app_if: 19, appName: net.dinglisch.android.taskerm
      app_if: 20, appName: net.dinglisch.android.taskerm
      app_if: 21, appName: net.dinglisch.android.taskerm
      app_if: 22, appName: net.dinglisch.android.taskerm
      app_if: 23, appName: net.dinglisch.android.taskerm
      app_if: 24, appName: net.dinglisch.android.taskerm
      app_if: 25, appName: net.dinglisch.android.taskerm
      app_if: 26, appName: net.dinglisch.android.taskerm
      app_if: 27, appName: net.dinglisch.android.taskerm
      app_if: 28, appName: net.dinglisch.android.taskerm
      app_if: 29, appName: net.dinglisch.android.taskerm
      app_if: 30, appName: net.dinglisch.android.taskerm
      app_if: 31, appName: net.dinglisch.android.taskerm
      app_if: 32, appName: net.dinglisch.android.taskerm
      app_if: 15, appName: net.dinglisch.android.taskerm
  Server:
      app_if: 8, appName: android.uid.bluetooth:1002
      app_if: 9, appName: android.uid.bluetooth:1002
      app_if: 12, appName: android.uid.bluetooth:1002
      app_if: 13, appName: com.fitbit.FitbitMobile
      app_if: 14, appName: com.google.uid.shared:10166


GATT Scanner Map
  Entries: 2

  com.fitbit.FitbitMobile (Registered)
  LE scans (started/stopped)                                  : 9 / 8
  Scan time in ms (active/suspend/total)                      : 10356829 / 0 / 10356829
  Scan time with mode in ms (Opp/LowPower/Balanced/LowLatency/AmbientDiscovery):0 / 10356829 / 0 / 0 / 0
  Scan mode counter (Opp/LowPower/Balanced/LowLatency/AmbientDiscovery):0 / 9 / 0 / 0 / 0
  Score                                                       : 1035682
  Total number of results                                     : 857
  Last 5 scans                                                :
    08-24 15:16:31 - 9514ms Filter 1 results (2) PI Regular Scan
      └ Scan Config: [ ScanMode=LOW_POWER, callbackType=ALL_MATCHES ]
      └ BluetoothLeScanFilter [ ServiceUuid=adabfb00-6e7d-4601-bda2-bffaa68956ba ServiceUuidMask=ffff0000-ffff-ffff-ffff-ffffffffffff ]
      └ BluetoothLeScanFilter [ ServiceUuid=0000fd63-0000-1000-8000-00805f9b34fb ServiceUuidMask=ffffffff-ffff-ffff-ffff-ffffffffffff ]
      └ BluetoothLeScanFilter [ ServiceUuid=abbafb00-e56a-484c-b832-8b17cf6cbfe8 ServiceUuidMask=ffffffff-ffff-ffff-ffff-ffffffffffff ]
      └ BluetoothLeScanFilter [ ServiceUuid=abbaff00-e56a-484c-b832-8b17cf6cbfe8 ServiceUuidMask=ffffffff-ffff-ffff-ffff-ffffffffffff ]
      └ BluetoothLeScanFilter [ ServiceUuid=0000fd62-0000-1000-8000-00805f9b34fb ServiceUuidMask=ffffffff-ffff-ffff-ffff-ffffffffffff ]
      └ BluetoothLeScanFilter [ ServiceUuid=0000181d-0000-1000-8000-00805f9b34fb ServiceUuidMask=ffffffff-ffff-ffff-ffff-ffffffffffff ]
    08-24 15:46:15 - 4964ms Filter 1 results (2) PI Regular Scan
      └ Scan Config: [ ScanMode=LOW_POWER, callbackType=ALL_MATCHES ]
      └ BluetoothLeScanFilter [ ServiceUuid=adabfb00-6e7d-4601-bda2-bffaa68956ba ServiceUuidMask=ffff0000-ffff-ffff-ffff-ffffffffffff ]
      └ BluetoothLeScanFilter [ ServiceUuid=0000fd63-0000-1000-8000-00805f9b34fb ServiceUuidMask=ffffffff-ffff-ffff-ffff-ffffffffffff ]
      └ BluetoothLeScanFilter [ ServiceUuid=abbafb00-e56a-484c-b832-8b17cf6cbfe8 ServiceUuidMask=ffffffff-ffff-ffff-ffff-ffffffffffff ]
      └ BluetoothLeScanFilter [ ServiceUuid=abbaff00-e56a-484c-b832-8b17cf6cbfe8 ServiceUuidMask=ffffffff-ffff-ffff-ffff-ffffffffffff ]
      └ BluetoothLeScanFilter [ ServiceUuid=0000fd62-0000-1000-8000-00805f9b34fb ServiceUuidMask=ffffffff-ffff-ffff-ffff-ffffffffffff ]
      └ BluetoothLeScanFilter [ ServiceUuid=0000181d-0000-1000-8000-00805f9b34fb ServiceUuidMask=ffffffff-ffff-ffff-ffff-ffffffffffff ]
    08-24 16:02:17 - 4681ms Filter 3 results (2) PI Regular Scan
      └ Scan Config: [ ScanMode=LOW_POWER, callbackType=ALL_MATCHES ]
      └ BluetoothLeScanFilter [ ServiceUuid=adabfb00-6e7d-4601-bda2-bffaa68956ba ServiceUuidMask=ffff0000-ffff-ffff-ffff-ffffffffffff ]
      └ BluetoothLeScanFilter [ ServiceUuid=0000fd63-0000-1000-8000-00805f9b34fb ServiceUuidMask=ffffffff-ffff-ffff-ffff-ffffffffffff ]
      └ BluetoothLeScanFilter [ ServiceUuid=abbafb00-e56a-484c-b832-8b17cf6cbfe8 ServiceUuidMask=ffffffff-ffff-ffff-ffff-ffffffffffff ]
      └ BluetoothLeScanFilter [ ServiceUuid=abbaff00-e56a-484c-b832-8b17cf6cbfe8 ServiceUuidMask=ffffffff-ffff-ffff-ffff-ffffffffffff ]
      └ BluetoothLeScanFilter [ ServiceUuid=0000fd62-0000-1000-8000-00805f9b34fb ServiceUuidMask=ffffffff-ffff-ffff-ffff-ffffffffffff ]
      └ BluetoothLeScanFilter [ ServiceUuid=0000181d-0000-1000-8000-00805f9b34fb ServiceUuidMask=ffffffff-ffff-ffff-ffff-ffffffffffff ]
    08-24 16:17:31 - 5609ms Filter 4 results (2) PI Regular Scan
      └ Scan Config: [ ScanMode=LOW_POWER, callbackType=ALL_MATCHES ]
      └ BluetoothLeScanFilter [ ServiceUuid=adabfb00-6e7d-4601-bda2-bffaa68956ba ServiceUuidMask=ffff0000-ffff-ffff-ffff-ffffffffffff ]
      └ BluetoothLeScanFilter [ ServiceUuid=0000fd63-0000-1000-8000-00805f9b34fb ServiceUuidMask=ffffffff-ffff-ffff-ffff-ffffffffffff ]
      └ BluetoothLeScanFilter [ ServiceUuid=abbafb00-e56a-484c-b832-8b17cf6cbfe8 ServiceUuidMask=ffffffff-ffff-ffff-ffff-ffffffffffff ]
      └ BluetoothLeScanFilter [ ServiceUuid=abbaff00-e56a-484c-b832-8b17cf6cbfe8 ServiceUuidMask=ffffffff-ffff-ffff-ffff-ffffffffffff ]
      └ BluetoothLeScanFilter [ ServiceUuid=0000fd62-0000-1000-8000-00805f9b34fb ServiceUuidMask=ffffffff-ffff-ffff-ffff-ffffffffffff ]
      └ BluetoothLeScanFilter [ ServiceUuid=0000181d-0000-1000-8000-00805f9b34fb ServiceUuidMask=ffffffff-ffff-ffff-ffff-ffffffffffff ]
    08-24 16:50:43 - 5679ms Filter 5 results (2) PI Regular Scan
      └ Scan Config: [ ScanMode=LOW_POWER, callbackType=ALL_MATCHES ]
      └ BluetoothLeScanFilter [ ServiceUuid=adabfb00-6e7d-4601-bda2-bffaa68956ba ServiceUuidMask=ffff0000-ffff-ffff-ffff-ffffffffffff ]
      └ BluetoothLeScanFilter [ ServiceUuid=0000fd63-0000-1000-8000-00805f9b34fb ServiceUuidMask=ffffffff-ffff-ffff-ffff-ffffffffffff ]
      └ BluetoothLeScanFilter [ ServiceUuid=abbafb00-e56a-484c-b832-8b17cf6cbfe8 ServiceUuidMask=ffffffff-ffff-ffff-ffff-ffffffffffff ]
      └ BluetoothLeScanFilter [ ServiceUuid=abbaff00-e56a-484c-b832-8b17cf6cbfe8 ServiceUuidMask=ffffffff-ffff-ffff-ffff-ffffffffffff ]
      └ BluetoothLeScanFilter [ ServiceUuid=0000fd62-0000-1000-8000-00805f9b34fb ServiceUuidMask=ffffffff-ffff-ffff-ffff-ffffffffffff ]
      └ BluetoothLeScanFilter [ ServiceUuid=0000181d-0000-1000-8000-00805f9b34fb ServiceUuidMask=ffffffff-ffff-ffff-ffff-ffffffffffff ]
  Ongoing scans                                               :
    08-24 16:53:24 - 10300487ms Forced Filter 835 results (2) PI Regular Scan
      └ Scan Config: [ ScanMode=LOW_POWER, callbackType=ALL_MATCHES ]
      └ BluetoothLeScanFilter [ ServiceUuid=adabfb00-6e7d-4601-bda2-bffaa68956ba ServiceUuidMask=ffff0000-ffff-ffff-ffff-ffffffffffff ]
      └ BluetoothLeScanFilter [ ServiceUuid=0000fd63-0000-1000-8000-00805f9b34fb ServiceUuidMask=ffffffff-ffff-ffff-ffff-ffffffffffff ]
      └ BluetoothLeScanFilter [ ServiceUuid=abbafb00-e56a-484c-b832-8b17cf6cbfe8 ServiceUuidMask=ffffffff-ffff-ffff-ffff-ffffffffffff ]
      └ BluetoothLeScanFilter [ ServiceUuid=abbaff00-e56a-484c-b832-8b17cf6cbfe8 ServiceUuidMask=ffffffff-ffff-ffff-ffff-ffffffffffff ]
      └ BluetoothLeScanFilter [ ServiceUuid=0000fd62-0000-1000-8000-00805f9b34fb ServiceUuidMask=ffffffff-ffff-ffff-ffff-ffffffffffff ]
      └ BluetoothLeScanFilter [ ServiceUuid=0000181d-0000-1000-8000-00805f9b34fb ServiceUuidMask=ffffffff-ffff-ffff-ffff-ffffffffffff ]
  Application ID                     : 2
  UUID                               : e32216c1-2050-4ea3-b0ae-87b8090b2eb2
  Connections: 0

  com.google.uid.shared:10166 (Registered)
  LE scans (started/stopped)                                  : 20 / 17
  Scan time in ms (active/suspend/total)                      : 54511601 / 0 / 54511601
  Scan time with mode in ms (Opp/LowPower/Balanced/LowLatency/AmbientDiscovery):54074 / 0 / 36248187 / 59925 / 8815493
  Scan mode counter (Opp/LowPower/Balanced/LowLatency/AmbientDiscovery):2 / 0 / 8 / 7 / 9333925
  Score                                                       : 11325845
  Total number of results                                     : 5433
  Last 5 scans                                                :
    08-24 17:09:36 - 3529818ms Forced Filter 2 results (3) CB Regular Scan
      └ Scan Config: [ ScanMode=BALANCED, callbackType=ALL_MATCHES ]
      └ BluetoothLeScanFilter [ ServiceDataUuid=0000feaa-0000-1000-8000-00805f9b34fb ServiceData=[64] ServiceDataMask=[-16] ]
      └ BluetoothLeScanFilter [ ServiceDataUuid=0000fff6-0000-1000-8000-00805f9b34fb ServiceData=[0] ServiceDataMask=[0] ]
      └ BluetoothLeScanFilter [ ServiceDataUuid=0000fe2c-0000-1000-8000-00805f9b34fb ServiceData=[0] ServiceDataMask=[0] ]
    08-24 18:08:26 - 8660ms Filter 17 results (3) CB Regular Scan
      └ Scan Config: [ ScanMode=LOW_LATENCY, callbackType=ALL_MATCHES ]
      └ BluetoothLeScanFilter [ ServiceDataUuid=0000feaa-0000-1000-8000-00805f9b34fb ServiceData=[64] ServiceDataMask=[-16] ]
      └ BluetoothLeScanFilter [ ServiceDataUuid=0000fff6-0000-1000-8000-00805f9b34fb ServiceData=[0] ServiceDataMask=[0] ]
      └ BluetoothLeScanFilter [ ServiceDataUuid=0000fe2c-0000-1000-8000-00805f9b34fb ServiceData=[0] ServiceDataMask=[0] ]
    08-24 18:08:35 - 6051ms Filter 17 results (3) CB Regular Scan
      └ Scan Config: [ ScanMode=LOW_LATENCY, callbackType=ALL_MATCHES ]
      └ BluetoothLeScanFilter [ ServiceDataUuid=0000feaa-0000-1000-8000-00805f9b34fb ServiceData=[64] ServiceDataMask=[-16] ]
      └ BluetoothLeScanFilter [ ServiceDataUuid=0000fff6-0000-1000-8000-00805f9b34fb ServiceData=[0] ServiceDataMask=[0] ]
      └ BluetoothLeScanFilter [ ServiceDataUuid=0000fe2c-0000-1000-8000-00805f9b34fb ServiceData=[0] ServiceDataMask=[0] ]
    08-24 18:08:41 - 3795902ms Forced Filter 3533 results (3) CB Regular Scan
      └ Scan Config: [ ScanMode=BALANCED, callbackType=ALL_MATCHES ]
      └ BluetoothLeScanFilter [ ServiceDataUuid=0000feaa-0000-1000-8000-00805f9b34fb ServiceData=[64] ServiceDataMask=[-16] ]
      └ BluetoothLeScanFilter [ ServiceDataUuid=0000fff6-0000-1000-8000-00805f9b34fb ServiceData=[0] ServiceDataMask=[0] ]
      └ BluetoothLeScanFilter [ ServiceDataUuid=0000fe2c-0000-1000-8000-00805f9b34fb ServiceData=[0] ServiceDataMask=[0] ]
    08-24 19:11:57 - 30009ms Filter 534 results (3) CB Regular Scan
      └ Scan Config: [ ScanMode=LOW_LATENCY, callbackType=ALL_MATCHES ]
      └ BluetoothLeScanFilter [ ServiceDataUuid=0000feaa-0000-1000-8000-00805f9b34fb ServiceData=[64] ServiceDataMask=[-16] ]
      └ BluetoothLeScanFilter [ ServiceDataUuid=0000fff6-0000-1000-8000-00805f9b34fb ServiceData=[0] ServiceDataMask=[0] ]
      └ BluetoothLeScanFilter [ ServiceDataUuid=0000fe2c-0000-1000-8000-00805f9b34fb ServiceData=[0] ServiceDataMask=[0] ]
  Ongoing scans                                               :
    08-24 17:09:30 - 9334771ms Forced Filter 431 results (1) CB Regular Scan
      └ Scan Config: [ ScanMode=BALANCED, callbackType=ALL_MATCHES ]
      └ BluetoothLeScanFilter [ ServiceDataUuid=0000fcf1-0000-1000-8000-00805f9b34fb ServiceData=[] ServiceDataMask=[] ]
    08-24 19:12:27 - 1958047ms Forced Filter 380 results (3) CB Regular Scan
      └ Scan Config: [ ScanMode=BALANCED, callbackType=ALL_MATCHES ]
      └ BluetoothLeScanFilter [ ServiceDataUuid=0000feaa-0000-1000-8000-00805f9b34fb ServiceData=[64] ServiceDataMask=[-16] ]
      └ BluetoothLeScanFilter [ ServiceDataUuid=0000fff6-0000-1000-8000-00805f9b34fb ServiceData=[0] ServiceDataMask=[0] ]
      └ BluetoothLeScanFilter [ ServiceDataUuid=0000fe2c-0000-1000-8000-00805f9b34fb ServiceData=[0] ServiceDataMask=[0] ]
    08-24 17:09:31 - 9333922ms Forced Filter 137 results (4) CB Regular Scan
      └ Scan Config: [ ScanMode=AMBIENT_DISCOVERY, callbackType=ALL_MATCHES ]
      └ BluetoothLeScanFilter [ ServiceUuid=0000fef3-0000-1000-8000-00805f9b34fb ]
      └ BluetoothLeScanFilter [ ServiceDataUuid=0000fc73-0000-1000-8000-00805f9b34fb ServiceData=[0] ServiceDataMask=[0] ]
      └ BluetoothLeScanFilter [ ServiceDataUuid=0000fef3-0000-1000-8000-00805f9b34fb ServiceData=[0] ServiceDataMask=[0] ]
  Application ID                     : 1
  UUID                               : 64a20368-fba2-4044-b678-d6392738196b
  Connections: 0

GATT Advertiser Map

  last 5 advertising:
    com.google.uid.shared:10166
     Advertising ID                                     : 0
      1:
        └Start time                                     : 08-24 14:51:47
        └Stop time                                      : 08-24 17:02:15
        └Duration(10ms unit)                            : 0
        └Maximum number of extended advertising events  : 0
      └Advertising:
        └Interval(0.625ms)                              : 160
        └TX POWER(dbm)                                  : 1
        └Primary Phy                                    : LE_1M
        └Secondary Phy                                  : LE_1M
        └Legacy                                         : true
        └Anonymous                                      : false
        └Connectable                                    : true
        └Scannable                                      : true
        └Advertise Data:
          └Include Device Name                          : false
          └Include Tx Power Level                       : false
          └Service Data(UUID, length of data)           : 
            [0000fcf1-xxxx-xxxx-xxxx-xxxxxxxxxxxx, 19]

    com.google.uid.shared:10166
     Advertising ID                                     : 0
      1:
        └Start time                                     : 08-24 17:02:15
        └Stop time                                      : 08-24 17:02:49
        └Duration(10ms unit)                            : 0
        └Maximum number of extended advertising events  : 0
      └Advertising:
        └Interval(0.625ms)                              : 400
        └TX POWER(dbm)                                  : 1
        └Primary Phy                                    : LE_1M
        └Secondary Phy                                  : LE_1M
        └Legacy                                         : true
        └Anonymous                                      : false
        └Connectable                                    : true
        └Scannable                                      : true
        └Advertise Data:
          └Include Device Name                          : false
          └Include Tx Power Level                       : false
          └Service Data(UUID, length of data)           : 
            [0000fcf1-xxxx-xxxx-xxxx-xxxxxxxxxxxx, 19]

    com.google.uid.shared:10166
     Advertising ID                                     : 0
      1:
        └Start time                                     : 08-24 17:02:49
        └Stop time                                      : 08-24 17:09:18
        └Duration(10ms unit)                            : 0
        └Maximum number of extended advertising events  : 0
      └Advertising:
        └Interval(0.625ms)                              : 160
        └TX POWER(dbm)                                  : 1
        └Primary Phy                                    : LE_1M
        └Secondary Phy                                  : LE_1M
        └Legacy                                         : true
        └Anonymous                                      : false
        └Connectable                                    : true
        └Scannable                                      : true
        └Advertise Data:
          └Include Device Name                          : false
          └Include Tx Power Level                       : false
          └Service Data(UUID, length of data)           : 
            [0000fcf1-xxxx-xxxx-xxxx-xxxxxxxxxxxx, 19]

    com.google.uid.shared:10166
     Advertising ID                                     : 0
      1:
        └Start time                                     : 08-24 17:09:18
        └Stop time                                      : 08-24 17:09:40
        └Duration(10ms unit)                            : 0
        └Maximum number of extended advertising events  : 0
      └Advertising:
        └Interval(0.625ms)                              : 400
        └TX POWER(dbm)                                  : 1
        └Primary Phy                                    : LE_1M
        └Secondary Phy                                  : LE_1M
        └Legacy                                         : true
        └Anonymous                                      : false
        └Connectable                                    : true
        └Scannable                                      : true
        └Advertise Data:
          └Include Device Name                          : false
          └Include Tx Power Level                       : false
          └Service Data(UUID, length of data)           : 
            [0000fcf1-xxxx-xxxx-xxxx-xxxxxxxxxxxx, 19]

    com.google.uid.shared:10166
     Advertising ID                                     : 0
      1:
        └Start time                                     : 08-24 17:09:40
        └Stop time                                      : 08-24 17:19:52
        └Duration(10ms unit)                            : 0
        └Maximum number of extended advertising events  : 0
      └Advertising:
        └Interval(0.625ms)                              : 160
        └TX POWER(dbm)                                  : 1
        └Primary Phy                                    : LE_1M
        └Secondary Phy                                  : LE_1M
        └Legacy                                         : true
        └Anonymous                                      : false
        └Connectable                                    : true
        └Scannable                                      : true
        └Advertise Data:
          └Include Device Name                          : false
          └Include Tx Power Level                       : false
          └Service Data(UUID, length of data)           : 
            [0000fcf1-xxxx-xxxx-xxxx-xxxxxxxxxxxx, 19]

  Total number of ongoing advertising                   : 1
  Ongoing advertising:
    com.google.uid.shared:10166
     Advertising ID                                     : 0
      1:
        └Start time                                     : 08-24 17:19:53
        └Elapsed time                                   : 8712109ms
        └Duration(10ms unit)                            : 0
        └Maximum number of extended advertising events  : 0
      └Advertising:
        └Interval(0.625ms)                              : 160
        └TX POWER(dbm)                                  : 1
        └Primary Phy                                    : LE_1M
        └Secondary Phy                                  : LE_1M
        └Legacy                                         : true
        └Anonymous                                      : false
        └Connectable                                    : true
        └Scannable                                      : true
        └Advertise Data:
          └Include Device Name                          : false
          └Include Tx Power Level                       : false
          └Service Data(UUID, length of data)           : 
            [0000fcf1-xxxx-xxxx-xxxx-xxxxxxxxxxxx, 19]

GATT Client Map
  Entries: 2

  com.fitbit.FitbitMobile
  LE scans (started/stopped)                                  : 0 / 0
  Scan time in ms (active/suspend/total)                      : 0 / 0 / 0
  Scan time with mode in ms (Opp/LowPower/Balanced/LowLatency/AmbientDiscovery):0 / 0 / 0 / 0 / 0
  Scan mode counter (Opp/LowPower/Balanced/LowLatency/AmbientDiscovery):0 / 0 / 0 / 0 / 0
  Score                                                       : 0
  Total number of results                                     : 0

  net.dinglisch.android.taskerm
  LE scans (started/stopped)                                  : 0 / 0
  Scan time in ms (active/suspend/total)                      : 0 / 0 / 0
  Scan time with mode in ms (Opp/LowPower/Balanced/LowLatency/AmbientDiscovery):0 / 0 / 0 / 0 / 0
  Scan mode counter (Opp/LowPower/Balanced/LowLatency/AmbientDiscovery):0 / 0 / 0 / 0 / 0
  Score                                                       : 0
  Total number of results                                     : 0

GATT Server Map
  Entries: 3

  com.fitbit.FitbitMobile (Registered)
  LE scans (started/stopped)                                  : 0 / 0
  Scan time in ms (active/suspend/total)                      : 0 / 0 / 0
  Scan time with mode in ms (Opp/LowPower/Balanced/LowLatency/AmbientDiscovery):0 / 0 / 0 / 0 / 0
  Scan mode counter (Opp/LowPower/Balanced/LowLatency/AmbientDiscovery):0 / 0 / 0 / 0 / 0
  Score                                                       : 0
  Total number of results                                     : 0
  Application ID                     : 13
  UUID                               : b09735a5-c081-4b58-aa44-035f2ee18d61
  Connections: 0

  com.google.uid.shared:10166 (Registered)
  LE scans (started/stopped)                                  : 0 / 0
  Scan time in ms (active/suspend/total)                      : 0 / 0 / 0
  Scan time with mode in ms (Opp/LowPower/Balanced/LowLatency/AmbientDiscovery):0 / 0 / 0 / 0 / 0
  Scan mode counter (Opp/LowPower/Balanced/LowLatency/AmbientDiscovery):0 / 0 / 0 / 0 / 0
  Score                                                       : 0
  Total number of results                                     : 0
  Application ID                     : 14
  UUID                               : bcb29ab6-8e6b-4861-8823-592015b772c9
  Connections: 0

  android.uid.bluetooth:1002 (Registered)
  LE scans (started/stopped)                                  : 0 / 0
  Scan time in ms (active/suspend/total)                      : 0 / 0 / 0
  Scan time with mode in ms (Opp/LowPower/Balanced/LowLatency/AmbientDiscovery):0 / 0 / 0 / 0 / 0
  Scan mode counter (Opp/LowPower/Balanced/LowLatency/AmbientDiscovery):0 / 0 / 0 / 0 / 0
  Score                                                       : 0
  Total number of results                                     : 0
  Application ID                     : 8
  UUID                               : b8c65d19-622a-4f19-89f6-0a7806b06dbf
  Connections: 0

GATT Handle Map
  Entries: 73
  Requests: 0
  8: [130] Service 00001855-0000-1000-8000-00805f9b34fb, started true
  8: [132]   Characteristic 00002b51-0000-1000-8000-00805f9b34fb
  9: [90] Service 0000184c-0000-1000-8000-00805f9b34fb, started true
  9: [92]   Characteristic 00002bb3-0000-1000-8000-00805f9b34fb
  9: [93]     Descriptor 00002902-0000-1000-8000-00805f9b34fb
  9: [95]   Characteristic 00002bb4-0000-1000-8000-00805f9b34fb
  9: [97]   Characteristic 00002bb5-0000-1000-8000-00805f9b34fb
  9: [98]     Descriptor 00002902-0000-1000-8000-00805f9b34fb
  9: [100]   Characteristic 00002bb6-0000-1000-8000-00805f9b34fb
  9: [101]     Descriptor 00002902-0000-1000-8000-00805f9b34fb
  9: [103]   Characteristic 00002bb9-0000-1000-8000-00805f9b34fb
  9: [104]     Descriptor 00002902-0000-1000-8000-00805f9b34fb
  9: [106]   Characteristic 00002bba-0000-1000-8000-00805f9b34fb
  9: [108]   Characteristic 00002bbb-0000-1000-8000-00805f9b34fb
  9: [109]     Descriptor 00002902-0000-1000-8000-00805f9b34fb
  9: [111]   Characteristic 00002bbd-0000-1000-8000-00805f9b34fb
  9: [112]     Descriptor 00002902-0000-1000-8000-00805f9b34fb
  9: [114]   Characteristic 00002bbe-0000-1000-8000-00805f9b34fb
  9: [115]     Descriptor 00002902-0000-1000-8000-00805f9b34fb
  9: [117]   Characteristic 00002bbf-0000-1000-8000-00805f9b34fb
  9: [119]   Characteristic 00002bc0-0000-1000-8000-00805f9b34fb
  9: [120]     Descriptor 00002902-0000-1000-8000-00805f9b34fb
  9: [122]   Characteristic 00002bc1-0000-1000-8000-00805f9b34fb
  9: [123]     Descriptor 00002902-0000-1000-8000-00805f9b34fb
  9: [125]   Characteristic 00002bc2-0000-1000-8000-00805f9b34fb
  9: [126]     Descriptor 00002902-0000-1000-8000-00805f9b34fb
  12: [40] Service 00001849-0000-1000-8000-00805f9b34fb, started true
  12: [42]   Characteristic 00002b93-0000-1000-8000-00805f9b34fb
  12: [43]     Descriptor 00002902-0000-1000-8000-00805f9b34fb
  12: [45]   Characteristic 00002b96-0000-1000-8000-00805f9b34fb
  12: [46]     Descriptor 00002902-0000-1000-8000-00805f9b34fb
  12: [48]   Characteristic 00002b97-0000-1000-8000-00805f9b34fb
  12: [49]     Descriptor 00002902-0000-1000-8000-00805f9b34fb
  12: [51]   Characteristic 00002b98-0000-1000-8000-00805f9b34fb
  12: [52]     Descriptor 00002902-0000-1000-8000-00805f9b34fb
  12: [54]   Characteristic 00002b99-0000-1000-8000-00805f9b34fb
  12: [55]     Descriptor 00002902-0000-1000-8000-00805f9b34fb
  12: [57]   Characteristic 00002b9a-0000-1000-8000-00805f9b34fb
  12: [58]     Descriptor 00002902-0000-1000-8000-00805f9b34fb
  12: [60]   Characteristic 00002b9b-0000-1000-8000-00805f9b34fb
  12: [61]     Descriptor 00002902-0000-1000-8000-00805f9b34fb
  12: [63]   Characteristic 00002ba1-0000-1000-8000-00805f9b34fb
  12: [64]     Descriptor 00002902-0000-1000-8000-00805f9b34fb
  12: [66]   Characteristic 00002ba2-0000-1000-8000-00805f9b34fb
  12: [68]   Characteristic 00002ba3-0000-1000-8000-00805f9b34fb
  12: [69]     Descriptor 00002902-0000-1000-8000-00805f9b34fb
  12: [71]   Characteristic 00002ba4-0000-1000-8000-00805f9b34fb
  12: [72]     Descriptor 00002902-0000-1000-8000-00805f9b34fb
  12: [74]   Characteristic 00002ba5-0000-1000-8000-00805f9b34fb
  12: [75]     Descriptor 00002902-0000-1000-8000-00805f9b34fb
  12: [77]   Characteristic 00002bba-0000-1000-8000-00805f9b34fb
  13: [134] Service 16bcfd00-253f-c348-e831-0db3e334d580, started true
  13: [136]   Characteristic 16bcfd04-253f-c348-e831-0db3e334d580
  13: [137]     Descriptor 00002902-0000-1000-8000-00805f9b34fb
  13: [139]   Characteristic 16bcfd02-253f-c348-e831-0db3e334d580
  13: [140]     Descriptor 00002902-0000-1000-8000-00805f9b34fb
  13: [142]   Characteristic 16bcfd01-253f-c348-e831-0db3e334d580
  13: [144]   Characteristic 16bcfd03-253f-c348-e831-0db3e334d580
  13: [145]     Descriptor 00002902-0000-1000-8000-00805f9b34fb
  14: [146] Service 0000fcf1-0000-1000-8000-00805f9b34fb, started true
  14: [148]   Characteristic fe2c1237-8366-4814-8eb0-01de32100bea
  14: [149]     Descriptor 00002902-0000-1000-8000-00805f9b34fb
  13: [150] Service abbafc00-e56a-484c-b832-8b17cf6cbfe8, started true
  13: [152]   Characteristic abbafc01-e56a-484c-b832-8b17cf6cbfe8
  13: [153]     Descriptor 00002902-0000-1000-8000-00805f9b34fb
  13: [155]   Characteristic abbafc02-e56a-484c-b832-8b17cf6cbfe8
  13: [156]     Descriptor 00002902-0000-1000-8000-00805f9b34fb
  13: [158]   Characteristic abbafc03-e56a-484c-b832-8b17cf6cbfe8
  13: [159]     Descriptor 00002902-0000-1000-8000-00805f9b34fb
  14: [160] Service 0000fef3-0000-1000-8000-00805f9b34fb, started true
  14: [162]   Characteristic 00000100-0004-1000-8000-001a11000102
  14: [163]     Descriptor 00002902-0000-1000-8000-00805f9b34fb
  14: [165]   Characteristic 00000100-0004-1000-8000-001a11000101

Profile: A2dpService
  mActiveDevice: null
  mMaxConnectedAudioDevices: 5
  codecConfigPriorities:
    SBC: 1001
    AAC: 2001
    aptX: 3001
    aptX HD: 4001
    LDAC: 5001
    Opus: 7001
  mA2dpOffloadEnabled: true
  codecConfigOffloading:
    {codecName:SBC,mCodecType:0,mCodecPriority:0,mSampleRate:0x0(NONE),mBitsPerSample:0x0(NONE),mChannelMode:0x0(NONE),mCodecSpecific1:0,mCodecSpecific2:0,mCodecSpecific3:0,mCodecSpecific4:0}
    {codecName:AAC,mCodecType:1,mCodecPriority:0,mSampleRate:0x0(NONE),mBitsPerSample:0x0(NONE),mChannelMode:0x0(NONE),mCodecSpecific1:0,mCodecSpecific2:0,mCodecSpecific3:0,mCodecSpecific4:0}

Profile: AvrcpTargetService:
  AVRCP version: 1.5
  List of MediaControllers: size=11
    Media Player 1: org.schabi.newpipe
    MediaController (org.schabi.newpipe@63abe57) Dog Water has SERIOUS competition | Waterpark Simulator [10], GameGrumps, null
    Current Data:
      Song: { mediaId="currsong" title="Dog Water has SERIOUS competition | Waterpark Simulator [10]" artist="GameGrumps" album="" duration=1753000 trackPosition=1/1 image=<Image source=2> }
      PlayState: PlaybackState {state=PAUSED(2), position=1584117, buffered position=1637471, speed=0.0, updated=405218996, actions=2365311, custom actions=[Action:mName='Current mode: Repeat none. Toggle repeat mode., mIcon=2131230909, mExtras=null, Action:mName='Close, mIcon=2131230973, mExtras=null], active item id=0, error=null}
      Queue: size=2
        { mediaId="NowPlayingId0" title="Dog Water has SERIOUS competition | Waterpark Simulator [10]" artist="GameGrumps" album="" duration=1753000 trackPosition=1/2 image=<Image source=2> }
        { mediaId="NowPlayingId1" title="try or try not...Everything is Crab [2]" artist="GameGrumps" album="" duration=1785000 trackPosition=2/2 image=null }
    BTAudio Playback State change Event:
  
    Media Player 2: org.thoughtcrime.securesms
    MediaController (org.thoughtcrime.securesms@9b96b65) null
    Current Data:
      Song: { mediaId="currsong" title="Not Provided" artist="" album="" duration=0 trackPosition=1/1 image=null }
      PlayState: PlaybackState {state=NONE(0), position=0, buffered position=0, speed=0.0, updated=405996010, actions=4718213, custom actions=[], active item id=0, error=null}
      Queue: size=0
    BTAudio Playback State change Event:
  
    Media Player 3: com.bambuna.podcastaddict
    MediaController (com.bambuna.podcastaddict@b4bbd44) ChatGPT Offered Me  2m To Keep Quiet_ No One Is Ready For What_s Coming!.mp3, Temp • 8/13/26, Temp
    Current Data:
      Song: { mediaId="currsong" title="ChatGPT Offered Me  2m To Keep Quiet_ No One Is Ready For What_s Coming!.mp3" artist="Temp • 8/13/26" album="Temp" duration=7249580 trackPosition=1/1 image=null }
      PlayState: PlaybackState {state=STOPPED(1), position=0, buffered position=0, speed=0.0, updated=407882379, actions=257543, custom actions=[Action:mName='Skip 15s backward, mIcon=2131231836, mExtras=Bundle[mParcelledData.dataSize=144], Action:mName='Skip 30s forward, mIcon=2131231535, mExtras=Bundle[mParcelledData.dataSize=144], Action:mName='Stop, mIcon=2131231486, mExtras=Bundle[mParcelledData.dataSize=144]], active item id=-1, error=null}
      Queue: size=0
    BTAudio Playback State change Event:
  
    Media Player 4: com.audible.application
    MediaController (com.audible.application@ea7fe9f)  ,  ,  
    Current Data:
      Song: { mediaId="currsong" title=" " artist=" " album=" " duration=0 trackPosition=1/1 image=<Image source=0> }
      PlayState: PlaybackState {state=NONE(0), position=0, buffered position=0, speed=1.1, updated=413166705, actions=4456319, custom actions=[Action:mName='Skip Backward_morris_miniplayer, mIcon=2131231459, mExtras=null, Action:mName='Skip Forward, mIcon=2131231561, mExtras=null, Action:mName='Bookmark, mIcon=2131231474, mExtras=null], active item id=-1, error=null}
      Queue: size=0
    BTAudio Playback State change Event:
  
    Media Player 5: com.google.android.googlequicksearchbox
    MediaController (com.google.android.googlequicksearchbox@9827e2d) null, null, null
    Current Data:
      Song: { mediaId="currsong" title="Not Provided" artist="" album="" duration=0 trackPosition=1/1 image=null }
      PlayState: PlaybackState {state=NONE(0), position=0, buffered position=0, speed=0.0, updated=413503360, actions=2616839, custom actions=[], active item id=-1, error=null}
      Queue: size=1
        { mediaId="currsong" title="Not Provided" artist="" album="" duration=0 trackPosition=1/1 image=null }
    BTAudio Playback State change Event:
  
    Media Player 6: org.videolan.vlc
    MediaController (org.videolan.vlc@7ac039e) null
    Current Data:
      Song: { mediaId="currsong" title="Not Provided" artist="" album="" duration=0 trackPosition=1/1 image=null }
      PlayState: PlaybackState {state=NONE(0), position=0, buffered position=0, speed=0.0, updated=413504365, actions=15872, custom actions=[], active item id=-1, error=null}
      Queue: size=0
    BTAudio Playback State change Event:
  
    Media Player 7: com.sirma.mobile.bible.android
    MediaController (com.sirma.mobile.bible.android@78bde7f) null, null, null
    Current Data:
      Song: { mediaId="currsong" title="Not Provided" artist="" album="" duration=0 trackPosition=1/1 image=null }
      PlayState: PlaybackState {state=NONE(0), position=0, buffered position=0, speed=0.0, updated=413505139, actions=33792, custom actions=[], active item id=-1, error=null}
      Queue: size=0
    BTAudio Playback State change Event:
  
    Media Player 8: com.maxmpz.audioplayer
    MediaController (com.maxmpz.audioplayer@9929e4c) no one sings higher_cut2 , Unknown artist, null
    Current Data:
      Song: { mediaId="currsong" title="Not Provided" artist="" album="" duration=0 trackPosition=1/1 image=null }
      PlayState: null
      Queue: size=0
    BTAudio Playback State change Event:
  
    Media Player 9: com.substack.app
    MediaController (com.substack.app@a70be95) null
    Current Data:
      Song: { mediaId="currsong" title="Not Provided" artist="" album="" duration=0 trackPosition=1/1 image=null }
      PlayState: PlaybackState {state=NONE(0), position=0, buffered position=0, speed=0.0, updated=413505760, actions=7339653, custom actions=[Action:mName='Skip back 10 sec, mIcon=2131234725, mExtras=Bundle[EMPTY_PARCEL], Action:mName='Skip ahead 30 sec, mIcon=2131234726, mExtras=Bundle[EMPTY_PARCEL]], active item id=0, error=null}
      Queue: size=0
    BTAudio Playback State change Event:
  
    Media Player 10: com.suno.android
    MediaController (com.suno.android@850bbaa) null
    Current Data:
      Song: { mediaId="currsong" title="Not Provided" artist="" album="" duration=0 trackPosition=1/1 image=null }
      PlayState: PlaybackState {state=NONE(0), position=0, buffered position=0, speed=0.0, updated=413506070, actions=7339653, custom actions=[], active item id=0, error=null}
      Queue: size=0
    BTAudio Playback State change Event:
  
    Media Player 11: com.acquiring.android
    MediaController (com.acquiring.android@25a58e1) Mrs Robinson, simon-and-garfunkel — Verse, null
    Current Data:
      Song: { mediaId="currsong" title="Mrs Robinson" artist="simon-and-garfunkel — Verse" album="" duration=33750 trackPosition=1/1 image=null }
      PlayState: PlaybackState {state=PAUSED(2), position=36958, buffered position=0, speed=0.0, updated=422853852, actions=791, custom actions=[], active item id=-1, error=null}
      Queue: size=1
        { mediaId="currsong" title="Mrs Robinson" artist="simon-and-garfunkel — Verse" album="" duration=33750 trackPosition=1/1 image=null }
    BTAudio Playback State change Event:
      08-24 17:16:50.260 onPlaybackStateChanged(): com.acquiring.android : PlaybackState {state=PLAYING(3), position=3638, buffered position=0, speed=1.0, updated=422820511, actions=791, custom actions=[], active item id=-1, error=null}
      08-24 17:17:00.274 onPlaybackStateChanged(): com.acquiring.android : PlaybackState {state=PLAYING(3), position=13638, buffered position=0, speed=1.0, updated=422830525, actions=791, custom actions=[], active item id=-1, error=null}
      08-24 17:17:10.278 onPlaybackStateChanged(): com.acquiring.android : PlaybackState {state=PLAYING(3), position=23638, buffered position=0, speed=1.0, updated=422840526, actions=791, custom actions=[], active item id=-1, error=null}
      08-24 17:17:20.297 onPlaybackStateChanged(): com.acquiring.android : PlaybackState {state=PLAYING(3), position=33658, buffered position=0, speed=1.0, updated=422850542, actions=791, custom actions=[], active item id=-1, error=null}
      08-24 17:17:23.603 onPlaybackStateChanged(): com.acquiring.android : PlaybackState {state=PAUSED(2), position=36958, buffered position=0, speed=0.0, updated=422853852, actions=791, custom actions=[], active item id=-1, error=null}
  
  List of Browsers: size=4
    Browsable Package Name: org.schabi.newpipe
       Cached Media ID's: "//org.schabi.newpipe", 
  
    Browsable Package Name: org.videolan.vlc
       Cached Media ID's: "//org.videolan.vlc/r", 
  
    Browsable Package Name: com.maxmpz.audioplayer
       Cached Media ID's: "/", 
  
    Browsable Package Name: com.substack.app
       Cached Media ID's: "media_root_id", 
  
  BTAudio Active Player Events:
    08-24 17:11:45.742 setActivePlayer(): setting player to com.acquiring.android
    08-24 17:19:46.208 setActivePlayer(): setting player to com.android.chrome
    08-24 17:23:42.966 setActivePlayer(): setting player to com.android.chrome
    08-24 17:30:28.909 setActivePlayer(): setting player to com.android.chrome
    08-24 17:36:13.626 setActivePlayer(): setting player to com.android.chrome
  
  BTAudio Audio Playback State Events:
  
  BTAudio Media Key Events:
  
  AvrcpVolumeManager:
    mCurrentDevice: null
    Current System Volume: 25
    Device Volume Memory Map:
      Device Address    : Device Name    : Vol : AbsVol
      E4:58:BC:42:C8:A6 : Bose QC Hea... :  25 : NotConnected
      74:D7:CA:92:AF:12 : TOYOTA 4Runner :  25 : NotConnected
      A4:77:58:4F:D1:EA : Soundcore S... :  14 : NotConnected
      14:22:3B:D9:CC:19 : Pixel Buds ... :  17 : NotConnected
      41:42:FF:22:FB:77 : S8             :  22 : NotConnected
    BTAudio Volume Events:
      08-24 18:08:33.278 RemoveStoredVolume: Remove stored stream volume level for device XX:XX:XX:XX:73:DE
      08-24 18:08:33.282 RemoveStoredVolume: Remove stored stream volume level for device XX:XX:XX:XX:73:DE
      08-24 19:00:58.653 RemoveStoredVolume: Remove stored stream volume level for device XX:XX:XX:XX:D7:F4

Profile: BatteryService

Profile: CsipSetCoordinatorService
  mFoundSetMemberToGroupId: 

Profile: HapClientService

Profile: HeadsetService
  mMaxHeadsetConnections: 5
  DefaultMaxHeadsetConnections: 5
  mActiveDevice: XX:XX:XX:XX:8D:51
  isInbandRingingEnabled: true
  isInbandRingingSupported: true
  mInbandRingingRuntimeDisable: false
  mAudioRouteAllowed: true
  mVoiceRecognitionStarted: false
  mVoiceRecognitionTimeoutEvent: null
  mVirtualCallStarted: true
  mDialingOutTimeoutEvent: null
  mForceScoAudio: false
  mCreated: true
  mStarted: true
  AudioManager.isBluetoothScoOn(): true
  Telecom.isInCall(): true
  Telecom.isRinging(): false
  ==== StateMachine for XX:XX:XX:XX:8D:51 ====
    mCurrentDevice: XX:XX:XX:XX:8D:51
    mCurrentState: AudioOn
    mPrevState: Connected
    mConnectionState: 2
    mAudioState: 12
    mNeedDialingOutReply: false
    mSpeakerVolume: 15
    mMicVolume: 15
    mConnectingTimestampMs(uptimeMillis): 365438088
    mHsClientAudioPolicy: BluetoothSinkAudioPolicy{mCallEstablishPolicy: 0, mConnectingTimePolicy: 0, mInBandRingtonePolicy: 0}
    StateMachine: name=HeadsetStateMachine state=AudioOn
    StateMachineLog:
      HeadsetStateMachine:
       total records=342
       rec[0]: time=08-24 19:34:02.441 processed=Disconnected org=Disconnected dest=Connecting what=101(0x65) STACK_EVENT: arg1=0, arg2=0, obj=EVENT_TYPE_CONNECTION_STATE_CHANGED[1], valInt=1, valInt2=0, valString=null, valObject=null, device=XX:XX:XX:XX:8D:51
       rec[1]: time=08-24 19:34:02.452 processed=Connecting org=Connecting dest=<null> what=101(0x65) STACK_EVENT: arg1=0, arg2=0, obj=EVENT_TYPE_CONNECTION_STATE_CHANGED[1], valInt=2, valInt2=0, valString=null, valObject=null, device=XX:XX:XX:XX:8D:51
       rec[2]: time=08-24 19:34:02.487 processed=Connecting org=Connecting dest=<null> what=101(0x65) STACK_EVENT: arg1=0, arg2=0, obj=EVENT_TYPE_WBS[17], valInt=2, valInt2=0, valString=null, valObject=null, device=XX:XX:XX:XX:8D:51
       rec[3]: time=08-24 19:34:02.488 processed=Connecting org=Connecting dest=<null> what=101(0x65) STACK_EVENT: arg1=0, arg2=0, obj=EVENT_TYPE_SWB[21], valInt=1, valInt2=0, valString=null, valObject=null, device=XX:XX:XX:XX:8D:51
       rec[4]: time=08-24 19:34:02.513 processed=Connecting org=Connecting dest=<null> what=101(0x65) STACK_EVENT: arg1=0, arg2=0, obj=EVENT_TYPE_AT_CIND[12], valInt=0, valInt2=0, valString=null, valObject=null, device=XX:XX:XX:XX:8D:51
       rec[5]: time=08-24 19:34:02.542 processed=Connecting org=Connecting dest=Connected what=101(0x65) STACK_EVENT: arg1=0, arg2=0, obj=EVENT_TYPE_CONNECTION_STATE_CHANGED[1], valInt=3, valInt2=0, valString=null, valObject=null, device=XX:XX:XX:XX:8D:51
       rec[6]: time=08-24 19:34:02.577 processed=Connected org=Connected dest=<null> what=13(0xd) UNKNOWN(13): arg1=1, arg2=0, obj=null
       rec[7]: time=08-24 19:34:02.685 processed=Connected org=Connected dest=<null> what=101(0x65) STACK_EVENT: arg1=0, arg2=0, obj=EVENT_TYPE_AT_CLCC[14], valInt=0, valInt2=0, valString=null, valObject=null, device=XX:XX:XX:XX:8D:51
       rec[8]: time=08-24 19:34:02.742 processed=Connected org=Connected dest=<null> what=9(0x9) CALL_STATE_CHANGED: arg1=0, arg2=0, obj=HeadsetCallState[numActive=0, numHeld=0, callState=2, number=***, type=0, name=***]
       rec[9]: time=08-24 19:34:02.742 processed=Connected org=Connected dest=<null> what=9(0x9) CALL_STATE_CHANGED: arg1=0, arg2=0, obj=HeadsetCallState[numActive=0, numHeld=0, callState=3, number=***, type=0, name=***]
       rec[10]: time=08-24 19:34:02.743 processed=Connected org=Connected dest=<null> what=9(0x9) CALL_STATE_CHANGED: arg1=0, arg2=0, obj=HeadsetCallState[numActive=1, numHeld=0, callState=6, number=***, type=0, name=***]
       rec[11]: time=08-24 19:34:02.900 processed=Connected org=Connected dest=<null> what=101(0x65) STACK_EVENT: arg1=0, arg2=0, obj=EVENT_TYPE_AT_CLCC[14], valInt=0, valInt2=0, valString=null, valObject=null, device=XX:XX:XX:XX:8D:51
       rec[12]: time=08-24 19:34:02.953 processed=Connected org=Connected dest=<null> what=101(0x65) STACK_EVENT: arg1=0, arg2=0, obj=EVENT_TYPE_WBS[17], valInt=2, valInt2=0, valString=null, valObject=null, device=XX:XX:XX:XX:8D:51
       rec[13]: time=08-24 19:34:02.954 processed=Connected org=Connected dest=<null> what=101(0x65) STACK_EVENT: arg1=0, arg2=0, obj=EVENT_TYPE_SWB[21], valInt=1, valInt2=0, valString=null, valObject=null, device=XX:XX:XX:XX:8D:51
       rec[14]: time=08-24 19:34:02.999 processed=Connected org=Connected dest=<null> what=101(0x65) STACK_EVENT: arg1=0, arg2=0, obj=EVENT_TYPE_AT_CLCC[14], valInt=0, valInt2=0, valString=null, valObject=null, device=XX:XX:XX:XX:8D:51
       rec[15]: time=08-24 19:34:03.044 processed=Connected org=Connected dest=AudioOn what=101(0x65) STACK_EVENT: arg1=0, arg2=0, obj=EVENT_TYPE_AUDIO_STATE_CHANGED[2], valInt=2, valInt2=0, valString=null, valObject=null, device=XX:XX:XX:XX:8D:51
       rec[16]: time=08-24 19:34:03.062 processed=AudioOn org=AudioOn dest=<null> what=101(0x65) STACK_EVENT: arg1=0, arg2=0, obj=EVENT_TYPE_AT_CLCC[14], valInt=0, valInt2=0, valString=null, valObject=null, device=XX:XX:XX:XX:8D:51
       rec[17]: time=08-24 19:34:03.082 processed=AudioOn org=AudioOn dest=<null> what=101(0x65) STACK_EVENT: arg1=0, arg2=0, obj=EVENT_TYPE_AT_CLCC[14], valInt=0, valInt2=0, valString=null, valObject=null, device=XX:XX:XX:XX:8D:51
       rec[18]: time=08-24 19:34:03.111 processed=AudioOn org=AudioOn dest=<null> what=101(0x65) STACK_EVENT: arg1=0, arg2=0, obj=EVENT_TYPE_VOLUME_CHANGED[6], valInt=0, valInt2=15, valString=null, valObject=null, device=XX:XX:XX:XX:8D:51
       rec[19]: time=08-24 19:34:03.115 processed=AudioOn org=AudioOn dest=<null> what=101(0x65) STACK_EVENT: arg1=0, arg2=0, obj=EVENT_TYPE_VOLUME_CHANGED[6], valInt=1, valInt2=15, valString=null, valObject=null, device=XX:XX:XX:XX:8D:51
      curState=AudioOn

Profile: HearingAidService

Profile: HidDeviceService

Profile: HidHostService
  mTargetDevice: null
  mInputDevices:

Profile: LeAudioService
  isDualModeAudioEnabled: false
  Active Groups information: 
    currentlyActiveGroupId: -1
    mActiveAudioOutDevice: null
    mActiveAudioInDevice: null
    mUnicastGroupIdDeactivatedForBroadcastTransition: -1
    mExposedActiveDevice: null
    mHfpHandoverDevice:null
    mLeAudioIsInbandRingtoneSupported:true

Profile: TbsService
TbsService instance:
	Ringer Mode: 1
	Current call list:
	Silent mode: true

TbsGatt instance (CCID= 1) event log:
  08-24 14:41:32.928 Initializing

Profile: BluetoothMapService
  mRemoteDevice: null
  sRemoteDeviceName: null
  mState: 0
  mAppObserver: com.android.bluetooth.map.BluetoothMapAppObserver@309e39b
  mIsWaitingAuthorization: false
  mRemoveTimeoutMsg: false
  mPermission: 0
  mAccountChanged: false
  mBluetoothMnsObexClient: null
  mMasInstanceMap:
    null : MasId: 0 Uri:null SMS/MMS:true
  mEnabledAccounts:

Profile: McpService
Media Control Service instance list:
	MediaControlService instance current state:
		Ccid = 2
		Features:
			PLAYER_NAME(BIT 1)
			TRACK_CHANGED(BIT 4)
			TRACK_TITLE(BIT 5)
			TRACK_DURATION(BIT 6)
			TRACK_POSITION(BIT 7)
			PLAYBACK_SPEED(BIT 8)
			SEEKING_SPEED(BIT 9)
			PLAYING_ORDER(BIT 15)
			PLAYING_ORDER_SUPPORTED(BIT 16)
			MEDIA_STATE(BIT 17)
			MEDIA_CONTROL_POINT(BIT 18)
			MEDIA_CONTROL_POINT_OPCODES_SUPPORTED(BIT 19)
			CONTENT_CONTROL_ID(BIT 22)
			PLAYER_NAME(BIT 1)
			TRACK_TITLE(BIT 5)
			TRACK_DURATION(BIT 6)
			TRACK_POSITION(BIT 7)
			PLAYBACK_SPEED(BIT 8)
			SEEKING_SPEED(BIT 9)
			PLAYING_ORDER(BIT 15)
			MEDIA_CONTROL_POINT_OPCODES_SUPPORTED(BIT 19)
		Player name: 
		CurrentPlaybackState = INACTIVE

MediaControlGattService instance (CCID= 2) event log:
  08-24 17:20:03.531 updateTrackPositionChar: positionMs= 17213, position= 1721
  08-24 17:20:03.531 updateMediaStateChar: state= PAUSED(0x02)
  08-24 17:21:04.721 setInitialCharacteristicValues
  08-24 17:21:04.722 updateMediaStateChar: state= PAUSED(0x02)
  08-24 17:21:04.742 updatePlayerNameChar: name= ''
  08-24 17:21:04.742 updateTrackTitleChar: title= ''
  08-24 17:21:04.743 updateTrackDurationChar: durationMs= -1, duration= -1
  08-24 17:21:04.743 updateTrackPositionChar: positionMs= -1, position= -1
  08-24 17:21:04.743 updatePlaybackSpeedChar: intSpeed=0, speed= 1.0
  08-24 17:21:04.743 updatePlayingOrderSupportedChar: order= 1
  08-24 17:21:04.743 updatePlayingOrderChar: order= SINGLE_ONCE
  08-24 17:21:04.743 updateSupportedOpcodesChar: opcodes= 0x0 ()
  08-24 17:21:04.744 updateTrackPositionChar: positionMs= -1, position= -1
  08-24 17:21:04.744 updateTrackTitleChar: title= 'Not Provided'
  08-24 17:21:04.744 updateTrackDurationChar: durationMs= 0, duration= 0
  08-24 17:21:04.744 updateMediaStateChar: state= INACTIVE(0x00)
  08-24 17:23:43.014 updateTrackPositionChar: positionMs= 782, position= 78
  08-24 17:23:43.014 updatePlayerNameChar: name= 'Chrome'
  08-24 17:23:43.016 updateSupportedOpcodesChar: opcodes= 0x183f (PLAY | PAUSE | FAST_REWIND | FAST_FORWARD | STOP | MOVE_RELATIVE | PREVIOUS_TRACK | NEXT_TRACK)
  08-24 17:23:43.016 updateTrackTitleChar: title= 'The Razor’s Edge: Building a Christian Conscience with R.C. Sproul'
  08-24 17:23:43.017 updateTrackDurationChar: durationMs= 1797921, duration= 179792
  08-24 17:23:43.017 updateMediaStateChar: state= PLAYING(0x01)
  08-24 17:23:43.018 updatePlayingOrderSupportedChar: order= 4
  08-24 17:23:43.019 updatePlayingOrderChar: order= IN_ORDER_ONCE
  08-24 17:23:44.024 updatePlaybackSpeedChar: intSpeed=64, speed= 2.0
  08-24 17:23:44.025 updateTrackPositionChar: positionMs= 1970, position= 197
  08-24 17:23:56.297 updatePlaybackSpeedChar: intSpeed=0, speed= 1.0
  08-24 17:23:56.297 updateTrackPositionChar: positionMs= 26517, position= 2651
  08-24 17:23:56.808 updateTrackPositionChar: positionMs= 27297, position= 2729
  08-24 17:23:57.322 updatePlaybackSpeedChar: intSpeed=-128, speed= 0.0
  08-24 17:23:57.323 updateTrackPositionChar: positionMs= 27469, position= 2746
  08-24 17:23:57.323 updateMediaStateChar: state= PAUSED(0x02)
  08-24 17:24:58.086 setInitialCharacteristicValues
  08-24 17:24:58.086 updateMediaStateChar: state= PAUSED(0x02)
  08-24 17:24:58.094 updatePlayerNameChar: name= ''
  08-24 17:24:58.096 updateTrackTitleChar: title= ''
  08-24 17:24:58.096 updateTrackDurationChar: durationMs= -1, duration= -1
  08-24 17:24:58.098 updateTrackPositionChar: positionMs= -1, position= -1
  08-24 17:24:58.099 updatePlaybackSpeedChar: intSpeed=0, speed= 1.0
  08-24 17:24:58.099 updatePlayingOrderSupportedChar: order= 1
  08-24 17:24:58.099 updatePlayingOrderChar: order= SINGLE_ONCE
  08-24 17:24:58.099 updateSupportedOpcodesChar: opcodes= 0x0 ()
  08-24 17:24:58.101 updateTrackPositionChar: positionMs= -1, position= -1
  08-24 17:24:58.106 updateTrackTitleChar: title= 'Not Provided'
  08-24 17:24:58.107 updateTrackDurationChar: durationMs= 0, duration= 0
  08-24 17:24:58.107 updateMediaStateChar: state= INACTIVE(0x00)
  08-24 17:30:28.978 updateTrackPositionChar: positionMs= 0, position= 0
  08-24 17:30:28.978 updatePlayerNameChar: name= 'Chrome'
  08-24 17:30:28.980 updateSupportedOpcodesChar: opcodes= 0x183f (PLAY | PAUSE | FAST_REWIND | FAST_FORWARD | STOP | MOVE_RELATIVE | PREVIOUS_TRACK | NEXT_TRACK)
  08-24 17:30:28.980 updateMediaStateChar: state= PLAYING(0x01)
  08-24 17:30:28.980 updatePlayingOrderSupportedChar: order= 4
  08-24 17:30:28.982 updatePlayingOrderChar: order= IN_ORDER_ONCE
  08-24 17:30:29.928 updatePlaybackSpeedChar: intSpeed=64, speed= 2.0
  08-24 17:30:29.929 updateTrackPositionChar: positionMs= 0, position= 0
  08-24 17:30:46.684 updatePlaybackSpeedChar: intSpeed=0, speed= 1.0
  08-24 17:30:46.685 updateTrackPositionChar: positionMs= 0, position= 0
  08-24 17:31:15.266 updatePlaybackSpeedChar: intSpeed=64, speed= 2.0
  08-24 17:31:15.268 updateTrackPositionChar: positionMs= 0, position= 0
  08-24 17:31:31.916 updatePlaybackSpeedChar: intSpeed=0, speed= 1.0
  08-24 17:31:31.917 updateTrackPositionChar: positionMs= 0, position= 0
  08-24 17:31:32.421 updateTrackPositionChar: positionMs= 0, position= 0
  08-24 17:31:35.578 updatePlaybackSpeedChar: intSpeed=-4, speed= 0.95
  08-24 17:31:35.578 updateTrackPositionChar: positionMs= 0, position= 0
  08-24 17:31:36.595 updatePlaybackSpeedChar: intSpeed=64, speed= 2.0
  08-24 17:31:36.595 updateTrackPositionChar: positionMs= 0, position= 0
  08-24 17:33:07.108 updateTrackPositionChar: positionMs= 0, position= 0
  08-24 17:33:12.835 updatePlaybackSpeedChar: intSpeed=-128, speed= 0.0
  08-24 17:33:12.836 updateTrackPositionChar: positionMs= 0, position= 0
  08-24 17:33:13.342 updatePlaybackSpeedChar: intSpeed=-128, speed= 0.0
  08-24 17:33:13.343 updateTrackPositionChar: positionMs= 0, position= 0
  08-24 17:33:13.343 updateMediaStateChar: state= PAUSED(0x02)
  08-24 17:33:13.864 updatePlaybackSpeedChar: intSpeed=64, speed= 2.0
  08-24 17:33:13.865 updateTrackPositionChar: positionMs= 0, position= 0
  08-24 17:33:13.865 updateMediaStateChar: state= PLAYING(0x01)
  08-24 17:35:04.051 updatePlaybackSpeedChar: intSpeed=-128, speed= 0.0
  08-24 17:35:04.052 updateTrackPositionChar: positionMs= 0, position= 0
  08-24 17:35:04.557 updatePlaybackSpeedChar: intSpeed=-128, speed= 0.0
  08-24 17:35:04.558 updateTrackPositionChar: positionMs= 0, position= 0
  08-24 17:35:04.558 updateMediaStateChar: state= PAUSED(0x02)
  08-24 17:35:05.065 updatePlaybackSpeedChar: intSpeed=64, speed= 2.0
  08-24 17:35:05.067 updateTrackPositionChar: positionMs= 0, position= 0
  08-24 17:35:05.067 updateMediaStateChar: state= PLAYING(0x01)
  08-24 17:35:39.775 updateTrackPositionChar: positionMs= 0, position= 0
  08-24 17:36:09.320 setInitialCharacteristicValues
  08-24 17:36:09.320 updateMediaStateChar: state= PLAYING(0x01)
  08-24 17:36:09.322 updatePlayerNameChar: name= ''
  08-24 17:36:09.323 updateTrackTitleChar: title= ''
  08-24 17:36:09.324 updateTrackDurationChar: durationMs= -1, duration= -1
  08-24 17:36:09.324 updateTrackPositionChar: positionMs= -1, position= -1
  08-24 17:36:09.325 updatePlaybackSpeedChar: intSpeed=0, speed= 1.0
  08-24 17:36:09.325 updatePlayingOrderSupportedChar: order= 1
  08-24 17:36:09.325 updatePlayingOrderChar: order= SINGLE_ONCE
  08-24 17:36:09.325 updateSupportedOpcodesChar: opcodes= 0x0 ()
  08-24 17:36:09.325 updateMediaStateChar: state= INACTIVE(0x00)
  08-24 17:36:13.656 updateTrackPositionChar: positionMs= 372, position= 37
  08-24 17:36:13.656 updatePlayerNameChar: name= 'Chrome'
  08-24 17:36:13.660 updateSupportedOpcodesChar: opcodes= 0x183f (PLAY | PAUSE | FAST_REWIND | FAST_FORWARD | STOP | MOVE_RELATIVE | PREVIOUS_TRACK | NEXT_TRACK)
  08-24 17:36:13.660 updateTrackTitleChar: title= 'Psychology of Polymaths: Why Having Multiple Interests Is an Unfair Advantage'
  08-24 17:36:13.661 updateTrackDurationChar: durationMs= 817381, duration= 81738
  08-24 17:36:13.661 updateMediaStateChar: state= PLAYING(0x01)
  08-24 17:36:13.667 updatePlayingOrderSupportedChar: order= 4
  08-24 17:36:13.668 updatePlayingOrderChar: order= IN_ORDER_ONCE
  08-24 17:36:14.235 updatePlaybackSpeedChar: intSpeed=-128, speed= 0.0
  08-24 17:36:14.236 updateTrackPositionChar: positionMs= 940, position= 94
  08-24 17:36:14.745 updatePlaybackSpeedChar: intSpeed=0, speed= 1.0
  08-24 17:36:14.746 updateTrackPositionChar: positionMs= 415883, position= 41588
  08-24 17:36:21.175 updatePlaybackSpeedChar: intSpeed=27, speed= 1.35
  08-24 17:36:21.176 updateTrackPositionChar: positionMs= 422312, position= 42231
  08-24 17:36:23.033 updatePlaybackSpeedChar: intSpeed=82, speed= 2.45
  08-24 17:36:23.033 updateTrackPositionChar: positionMs= 426441, position= 42644
  08-24 17:36:24.227 updatePlaybackSpeedChar: intSpeed=-128, speed= 0.0
  08-24 17:36:24.228 updateTrackPositionChar: positionMs= 429343, position= 42934
  08-24 17:36:24.736 updatePlaybackSpeedChar: intSpeed=-128, speed= 0.0
  08-24 17:36:24.736 updateTrackPositionChar: positionMs= 472487, position= 47248
  08-24 17:36:25.764 updatePlaybackSpeedChar: intSpeed=82, speed= 2.45
  08-24 17:36:25.765 updateTrackPositionChar: positionMs= 474183, position= 47418
  08-24 17:36:27.103 updatePlaybackSpeedChar: intSpeed=-128, speed= 0.0
  08-24 17:36:27.104 updateTrackPositionChar: positionMs= 477426, position= 47742
  08-24 17:36:27.626 updatePlaybackSpeedChar: intSpeed=82, speed= 2.45
  08-24 17:36:27.626 updateTrackPositionChar: positionMs= 584554, position= 58455
  08-24 17:36:28.884 updatePlaybackSpeedChar: intSpeed=-128, speed= 0.0
  08-24 17:36:28.885 updateTrackPositionChar: positionMs= 587529, position= 58752
  08-24 17:36:29.403 updatePlaybackSpeedChar: intSpeed=82, speed= 2.45
  08-24 17:36:29.404 updateTrackPositionChar: positionMs= 639275, position= 63927
  08-24 17:36:30.443 updatePlaybackSpeedChar: intSpeed=-128, speed= 0.0
  08-24 17:36:30.444 updateTrackPositionChar: positionMs= 631544, position= 63154
  08-24 17:36:30.444 updateMediaStateChar: state= PAUSED(0x02)
  08-24 17:36:30.944 updatePlaybackSpeedChar: intSpeed=-128, speed= 0.0
  08-24 17:36:30.945 updateTrackPositionChar: positionMs= 621544, position= 62154
  08-24 17:36:31.456 updatePlaybackSpeedChar: intSpeed=82, speed= 2.45
  08-24 17:36:31.456 updateTrackPositionChar: positionMs= 621240, position= 62124
  08-24 17:36:31.456 updateMediaStateChar: state= PLAYING(0x01)
  08-24 17:36:33.417 updatePlaybackSpeedChar: intSpeed=-128, speed= 0.0
  08-24 17:36:33.417 updateTrackPositionChar: positionMs= 625408, position= 62540
  08-24 17:36:33.943 updatePlaybackSpeedChar: intSpeed=-128, speed= 0.0
  08-24 17:36:33.944 updateTrackPositionChar: positionMs= 595405, position= 59540
  08-24 17:36:33.944 updateMediaStateChar: state= PAUSED(0x02)
  08-24 17:36:34.452 updatePlaybackSpeedChar: intSpeed=-128, speed= 0.0
  08-24 17:36:34.453 updateTrackPositionChar: positionMs= 594970, position= 59497
  08-24 17:36:34.453 updateMediaStateChar: state= PLAYING(0x01)
  08-24 17:36:35.611 updatePlaybackSpeedChar: intSpeed=82, speed= 2.45
  08-24 17:36:35.615 updateTrackPositionChar: positionMs= 596990, position= 59699
  08-24 17:37:22.890 updatePlaybackSpeedChar: intSpeed=-128, speed= 0.0
  08-24 17:37:22.890 updateTrackPositionChar: positionMs= 712749, position= 71274
  08-24 17:37:23.376 updatePlaybackSpeedChar: intSpeed=-128, speed= 0.0
  08-24 17:37:23.377 updateTrackPositionChar: positionMs= 702738, position= 70273
  08-24 17:37:23.378 updateMediaStateChar: state= PAUSED(0x02)
  08-24 17:37:23.893 updatePlaybackSpeedChar: intSpeed=-128, speed= 0.0
  08-24 17:37:23.894 updateTrackPositionChar: positionMs= 702062, position= 70206
  08-24 17:37:23.894 updateMediaStateChar: state= PLAYING(0x01)
  08-24 17:37:55.480 updatePlaybackSpeedChar: intSpeed=-128, speed= 0.0
  08-24 17:37:55.480 updateTrackPositionChar: positionMs= 777891, position= 77789
  08-24 17:37:55.976 updatePlaybackSpeedChar: intSpeed=-128, speed= 0.0
  08-24 17:37:55.977 updateTrackPositionChar: positionMs= 767874, position= 76787
  08-24 17:37:55.977 updateMediaStateChar: state= PAUSED(0x02)
  08-24 17:37:56.500 updatePlaybackSpeedChar: intSpeed=82, speed= 2.45
  08-24 17:37:56.501 updateTrackPositionChar: positionMs= 767396, position= 76739
  08-24 17:37:56.501 updateMediaStateChar: state= PLAYING(0x01)
  08-24 17:38:00.532 updatePlaybackSpeedChar: intSpeed=-128, speed= 0.0
  08-24 17:38:00.534 updateTrackPositionChar: positionMs= 776589, position= 77658
  08-24 17:38:01.030 updatePlaybackSpeedChar: intSpeed=-128, speed= 0.0
  08-24 17:38:01.031 updateTrackPositionChar: positionMs= 766586, position= 76658
  08-24 17:38:01.031 updateMediaStateChar: state= PAUSED(0x02)
  08-24 17:38:01.568 updatePlaybackSpeedChar: intSpeed=82, speed= 2.45
  08-24 17:38:01.569 updateTrackPositionChar: positionMs= 766376, position= 76637
  08-24 17:38:01.570 updateMediaStateChar: state= PLAYING(0x01)
  08-24 17:38:03.639 updatePlaybackSpeedChar: intSpeed=-128, speed= 0.0
  08-24 17:38:03.641 updateTrackPositionChar: positionMs= 771336, position= 77133
  08-24 17:38:04.891 updatePlaybackSpeedChar: intSpeed=-128, speed= 0.0
  08-24 17:38:04.892 updateTrackPositionChar: positionMs= 774436, position= 77443
  08-24 17:38:05.409 updatePlaybackSpeedChar: intSpeed=-128, speed= 0.0
  08-24 17:38:05.410 updateTrackPositionChar: positionMs= 764434, position= 76443
  08-24 17:38:05.410 updateMediaStateChar: state= PAUSED(0x02)
  08-24 17:38:05.926 updatePlaybackSpeedChar: intSpeed=82, speed= 2.45
  08-24 17:38:05.927 updateTrackPositionChar: positionMs= 764186, position= 76418
  08-24 17:38:05.927 updateMediaStateChar: state= PLAYING(0x01)
  08-24 17:38:06.945 updatePlaybackSpeedChar: intSpeed=0, speed= 1.0
  08-24 17:38:06.945 updateTrackPositionChar: positionMs= 765795, position= 76579
  08-24 17:38:27.689 updatePlaybackSpeedChar: intSpeed=64, speed= 2.0
  08-24 17:38:27.691 updateTrackPositionChar: positionMs= 786563, position= 78656
  08-24 17:38:30.999 updatePlaybackSpeedChar: intSpeed=0, speed= 1.0
  08-24 17:38:31.003 updateTrackPositionChar: positionMs= 792877, position= 79287
  08-24 17:38:31.514 updateTrackPositionChar: positionMs= 793628, position= 79362
  08-24 17:38:32.048 updatePlaybackSpeedChar: intSpeed=-128, speed= 0.0
  08-24 17:38:32.049 updateTrackPositionChar: positionMs= 794114, position= 79411
  08-24 17:38:32.050 updateMediaStateChar: state= PAUSED(0x02)
  08-24 17:38:33.062 setInitialCharacteristicValues
  08-24 17:38:33.062 updateMediaStateChar: state= PAUSED(0x02)
  08-24 17:38:33.063 updatePlayerNameChar: name= ''
  08-24 17:38:33.063 updateTrackTitleChar: title= ''
  08-24 17:38:33.063 updateTrackDurationChar: durationMs= -1, duration= -1
  08-24 17:38:33.063 updateTrackPositionChar: positionMs= -1, position= -1
  08-24 17:38:33.063 updatePlaybackSpeedChar: intSpeed=0, speed= 1.0
  08-24 17:38:33.063 updatePlayingOrderSupportedChar: order= 1
  08-24 17:38:33.063 updatePlayingOrderChar: order= SINGLE_ONCE
  08-24 17:38:33.064 updateSupportedOpcodesChar: opcodes= 0x0 ()
  08-24 17:38:33.064 updateTrackPositionChar: positionMs= -1, position= -1
  08-24 17:38:33.068 updateTrackTitleChar: title= 'Not Provided'
  08-24 17:38:33.068 updateTrackDurationChar: durationMs= 0, duration= 0
  08-24 17:38:33.068 updateMediaStateChar: state= INACTIVE(0x00)

MediaControlProfile event log:
  08-24 17:36:23.032 onCurrentPlayerStateUpdated: base actions not supported, player actions= 17e, expected at least= 7f
  08-24 17:36:23.032 onCurrentPlayerStateUpdated state= PLAYING, supported opcodes= 0x183f (PLAY | PAUSE | FAST_REWIND | FAST_FORWARD | STOP | MOVE_RELATIVE | PREVIOUS_TRACK | NEXT_TRACK), track position= 426441 (426441)
  08-24 17:36:24.226 onMediaUpdated: track_changed=false state_changed=true queue_changed=false
  08-24 17:36:24.226 onCurrentPlayerStateUpdated: base actions not supported, player actions= 17e, expected at least= 7f
  08-24 17:36:24.227 onCurrentPlayerStateUpdated state= PLAYING, supported opcodes= 0x183f (PLAY | PAUSE | FAST_REWIND | FAST_FORWARD | STOP | MOVE_RELATIVE | PREVIOUS_TRACK | NEXT_TRACK), track position= 429343 (429342)
  08-24 17:36:24.735 onMediaUpdated: track_changed=false state_changed=true queue_changed=false
  08-24 17:36:24.735 onCurrentPlayerStateUpdated: base actions not supported, player actions= 17e, expected at least= 7f
  08-24 17:36:24.735 onCurrentPlayerStateUpdated state= PLAYING, supported opcodes= 0x183f (PLAY | PAUSE | FAST_REWIND | FAST_FORWARD | STOP | MOVE_RELATIVE | PREVIOUS_TRACK | NEXT_TRACK), track position= 472487 (472486)
  08-24 17:36:25.762 onMediaUpdated: track_changed=false state_changed=true queue_changed=false
  08-24 17:36:25.763 onCurrentPlayerStateUpdated: base actions not supported, player actions= 17e, expected at least= 7f
  08-24 17:36:25.763 onCurrentPlayerStateUpdated state= PLAYING, supported opcodes= 0x183f (PLAY | PAUSE | FAST_REWIND | FAST_FORWARD | STOP | MOVE_RELATIVE | PREVIOUS_TRACK | NEXT_TRACK), track position= 474183 (474182)
  08-24 17:36:27.102 onMediaUpdated: track_changed=false state_changed=true queue_changed=false
  08-24 17:36:27.102 onCurrentPlayerStateUpdated: base actions not supported, player actions= 17e, expected at least= 7f
  08-24 17:36:27.102 onCurrentPlayerStateUpdated state= PLAYING, supported opcodes= 0x183f (PLAY | PAUSE | FAST_REWIND | FAST_FORWARD | STOP | MOVE_RELATIVE | PREVIOUS_TRACK | NEXT_TRACK), track position= 477426 (477426)
  08-24 17:36:27.624 onMediaUpdated: track_changed=false state_changed=true queue_changed=false
  08-24 17:36:27.624 onCurrentPlayerStateUpdated: base actions not supported, player actions= 17e, expected at least= 7f
  08-24 17:36:27.624 onCurrentPlayerStateUpdated state= PLAYING, supported opcodes= 0x183f (PLAY | PAUSE | FAST_REWIND | FAST_FORWARD | STOP | MOVE_RELATIVE | PREVIOUS_TRACK | NEXT_TRACK), track position= 584554 (584553)
  08-24 17:36:28.883 onMediaUpdated: track_changed=false state_changed=true queue_changed=false
  08-24 17:36:28.883 onCurrentPlayerStateUpdated: base actions not supported, player actions= 17e, expected at least= 7f
  08-24 17:36:28.883 onCurrentPlayerStateUpdated state= PLAYING, supported opcodes= 0x183f (PLAY | PAUSE | FAST_REWIND | FAST_FORWARD | STOP | MOVE_RELATIVE | PREVIOUS_TRACK | NEXT_TRACK), track position= 587529 (587527)
  08-24 17:36:29.401 onMediaUpdated: track_changed=false state_changed=true queue_changed=false
  08-24 17:36:29.402 onCurrentPlayerStateUpdated: base actions not supported, player actions= 17e, expected at least= 7f
  08-24 17:36:29.402 onCurrentPlayerStateUpdated state= PLAYING, supported opcodes= 0x183f (PLAY | PAUSE | FAST_REWIND | FAST_FORWARD | STOP | MOVE_RELATIVE | PREVIOUS_TRACK | NEXT_TRACK), track position= 639275 (639274)
  08-24 17:36:30.442 onMediaUpdated: track_changed=false state_changed=true queue_changed=false
  08-24 17:36:30.442 onCurrentPlayerStateUpdated: base actions not supported, player actions= 17e, expected at least= 7f
  08-24 17:36:30.442 onCurrentPlayerStateUpdated state= PAUSED, supported opcodes= 0x183f (PLAY | PAUSE | FAST_REWIND | FAST_FORWARD | STOP | MOVE_RELATIVE | PREVIOUS_TRACK | NEXT_TRACK), track position= 631544 (631544)
  08-24 17:36:30.942 onMediaUpdated: track_changed=false state_changed=true queue_changed=false
  08-24 17:36:30.942 onCurrentPlayerStateUpdated: base actions not supported, player actions= 17e, expected at least= 7f
  08-24 17:36:30.942 onCurrentPlayerStateUpdated state= PAUSED, supported opcodes= 0x183f (PLAY | PAUSE | FAST_REWIND | FAST_FORWARD | STOP | MOVE_RELATIVE | PREVIOUS_TRACK | NEXT_TRACK), track position= 621544 (621544)
  08-24 17:36:31.455 onMediaUpdated: track_changed=false state_changed=true queue_changed=false
  08-24 17:36:31.455 onCurrentPlayerStateUpdated: base actions not supported, player actions= 17e, expected at least= 7f
  08-24 17:36:31.455 onCurrentPlayerStateUpdated state= PLAYING, supported opcodes= 0x183f (PLAY | PAUSE | FAST_REWIND | FAST_FORWARD | STOP | MOVE_RELATIVE | PREVIOUS_TRACK | NEXT_TRACK), track position= 621240 (621240)
  08-24 17:36:33.415 onMediaUpdated: track_changed=false state_changed=true queue_changed=false
  08-24 17:36:33.416 onCurrentPlayerStateUpdated: base actions not supported, player actions= 17e, expected at least= 7f
  08-24 17:36:33.416 onCurrentPlayerStateUpdated state= PLAYING, supported opcodes= 0x183f (PLAY | PAUSE | FAST_REWIND | FAST_FORWARD | STOP | MOVE_RELATIVE | PREVIOUS_TRACK | NEXT_TRACK), track position= 625408 (625408)
  08-24 17:36:33.940 onMediaUpdated: track_changed=false state_changed=true queue_changed=false
  08-24 17:36:33.940 onCurrentPlayerStateUpdated: base actions not supported, player actions= 17e, expected at least= 7f
  08-24 17:36:33.940 onCurrentPlayerStateUpdated state= PAUSED, supported opcodes= 0x183f (PLAY | PAUSE | FAST_REWIND | FAST_FORWARD | STOP | MOVE_RELATIVE | PREVIOUS_TRACK | NEXT_TRACK), track position= 595405 (595405)
  08-24 17:36:34.452 onMediaUpdated: track_changed=false state_changed=true queue_changed=false
  08-24 17:36:34.452 onCurrentPlayerStateUpdated: base actions not supported, player actions= 17e, expected at least= 7f
  08-24 17:36:34.452 onCurrentPlayerStateUpdated state= PLAYING, supported opcodes= 0x183f (PLAY | PAUSE | FAST_REWIND | FAST_FORWARD | STOP | MOVE_RELATIVE | PREVIOUS_TRACK | NEXT_TRACK), track position= 594970 (594969)
  08-24 17:36:35.609 onMediaUpdated: track_changed=false state_changed=true queue_changed=false
  08-24 17:36:35.609 onCurrentPlayerStateUpdated: base actions not supported, player actions= 17e, expected at least= 7f
  08-24 17:36:35.610 onCurrentPlayerStateUpdated state= PLAYING, supported opcodes= 0x183f (PLAY | PAUSE | FAST_REWIND | FAST_FORWARD | STOP | MOVE_RELATIVE | PREVIOUS_TRACK | NEXT_TRACK), track position= 596990 (596989)
  08-24 17:37:22.885 onMediaUpdated: track_changed=false state_changed=true queue_changed=false
  08-24 17:37:22.885 onCurrentPlayerStateUpdated: base actions not supported, player actions= 17e, expected at least= 7f
  08-24 17:37:22.885 onCurrentPlayerStateUpdated state= PLAYING, supported opcodes= 0x183f (PLAY | PAUSE | FAST_REWIND | FAST_FORWARD | STOP | MOVE_RELATIVE | PREVIOUS_TRACK | NEXT_TRACK), track position= 712749 (712748)
  08-24 17:37:23.375 onMediaUpdated: track_changed=false state_changed=true queue_changed=false
  08-24 17:37:23.375 onCurrentPlayerStateUpdated: base actions not supported, player actions= 17e, expected at least= 7f
  08-24 17:37:23.375 onCurrentPlayerStateUpdated state= PAUSED, supported opcodes= 0x183f (PLAY | PAUSE | FAST_REWIND | FAST_FORWARD | STOP | MOVE_RELATIVE | PREVIOUS_TRACK | NEXT_TRACK), track position= 702738 (702738)
  08-24 17:37:23.892 onMediaUpdated: track_changed=false state_changed=true queue_changed=false
  08-24 17:37:23.893 onCurrentPlayerStateUpdated: base actions not supported, player actions= 17e, expected at least= 7f
  08-24 17:37:23.893 onCurrentPlayerStateUpdated state= PLAYING, supported opcodes= 0x183f (PLAY | PAUSE | FAST_REWIND | FAST_FORWARD | STOP | MOVE_RELATIVE | PREVIOUS_TRACK | NEXT_TRACK), track position= 702062 (702062)
  08-24 17:37:55.479 onMediaUpdated: track_changed=false state_changed=true queue_changed=false
  08-24 17:37:55.479 onCurrentPlayerStateUpdated: base actions not supported, player actions= 17e, expected at least= 7f
  08-24 17:37:55.479 onCurrentPlayerStateUpdated state= PLAYING, supported opcodes= 0x183f (PLAY | PAUSE | FAST_REWIND | FAST_FORWARD | STOP | MOVE_RELATIVE | PREVIOUS_TRACK | NEXT_TRACK), track position= 777891 (777876)
  08-24 17:37:55.975 onMediaUpdated: track_changed=false state_changed=true queue_changed=false
  08-24 17:37:55.975 onCurrentPlayerStateUpdated: base actions not supported, player actions= 17e, expected at least= 7f
  08-24 17:37:55.975 onCurrentPlayerStateUpdated state= PAUSED, supported opcodes= 0x183f (PLAY | PAUSE | FAST_REWIND | FAST_FORWARD | STOP | MOVE_RELATIVE | PREVIOUS_TRACK | NEXT_TRACK), track position= 767874 (767874)
  08-24 17:37:56.498 onMediaUpdated: track_changed=false state_changed=true queue_changed=false
  08-24 17:37:56.498 onCurrentPlayerStateUpdated: base actions not supported, player actions= 17e, expected at least= 7f
  08-24 17:37:56.498 onCurrentPlayerStateUpdated state= PLAYING, supported opcodes= 0x183f (PLAY | PAUSE | FAST_REWIND | FAST_FORWARD | STOP | MOVE_RELATIVE | PREVIOUS_TRACK | NEXT_TRACK), track position= 767396 (767396)
  08-24 17:38:00.519 onMediaUpdated: track_changed=false state_changed=true queue_changed=false
  08-24 17:38:00.519 onCurrentPlayerStateUpdated: base actions not supported, player actions= 17e, expected at least= 7f
  08-24 17:38:00.519 onCurrentPlayerStateUpdated state= PLAYING, supported opcodes= 0x183f (PLAY | PAUSE | FAST_REWIND | FAST_FORWARD | STOP | MOVE_RELATIVE | PREVIOUS_TRACK | NEXT_TRACK), track position= 776589 (776588)
  08-24 17:38:01.028 onMediaUpdated: track_changed=false state_changed=true queue_changed=false
  08-24 17:38:01.029 onCurrentPlayerStateUpdated: base actions not supported, player actions= 17e, expected at least= 7f
  08-24 17:38:01.029 onCurrentPlayerStateUpdated state= PAUSED, supported opcodes= 0x183f (PLAY | PAUSE | FAST_REWIND | FAST_FORWARD | STOP | MOVE_RELATIVE | PREVIOUS_TRACK | NEXT_TRACK), track position= 766586 (766586)
  08-24 17:38:01.567 onMediaUpdated: track_changed=false state_changed=true queue_changed=false
  08-24 17:38:01.567 onCurrentPlayerStateUpdated: base actions not supported, player actions= 17e, expected at least= 7f
  08-24 17:38:01.568 onCurrentPlayerStateUpdated state= PLAYING, supported opcodes= 0x183f (PLAY | PAUSE | FAST_REWIND | FAST_FORWARD | STOP | MOVE_RELATIVE | PREVIOUS_TRACK | NEXT_TRACK), track position= 766376 (766376)
  08-24 17:38:03.638 onMediaUpdated: track_changed=false state_changed=true queue_changed=false
  08-24 17:38:03.638 onCurrentPlayerStateUpdated: base actions not supported, player actions= 17e, expected at least= 7f
  08-24 17:38:03.638 onCurrentPlayerStateUpdated state= PLAYING, supported opcodes= 0x183f (PLAY | PAUSE | FAST_REWIND | FAST_FORWARD | STOP | MOVE_RELATIVE | PREVIOUS_TRACK | NEXT_TRACK), track position= 771336 (771335)
  08-24 17:38:04.890 onMediaUpdated: track_changed=false state_changed=true queue_changed=false
  08-24 17:38:04.890 onCurrentPlayerStateUpdated: base actions not supported, player actions= 17e, expected at least= 7f
  08-24 17:38:04.890 onCurrentPlayerStateUpdated state= PLAYING, supported opcodes= 0x183f (PLAY | PAUSE | FAST_REWIND | FAST_FORWARD | STOP | MOVE_RELATIVE | PREVIOUS_TRACK | NEXT_TRACK), track position= 774436 (774435)
  08-24 17:38:05.407 onMediaUpdated: track_changed=false state_changed=true queue_changed=false
  08-24 17:38:05.407 onCurrentPlayerStateUpdated: base actions not supported, player actions= 17e, expected at least= 7f
  08-24 17:38:05.408 onCurrentPlayerStateUpdated state= PAUSED, supported opcodes= 0x183f (PLAY | PAUSE | FAST_REWIND | FAST_FORWARD | STOP | MOVE_RELATIVE | PREVIOUS_TRACK | NEXT_TRACK), track position= 764434 (764434)
  08-24 17:38:05.920 onMediaUpdated: track_changed=false state_changed=true queue_changed=false
  08-24 17:38:05.920 onCurrentPlayerStateUpdated: base actions not supported, player actions= 17e, expected at least= 7f
  08-24 17:38:05.920 onCurrentPlayerStateUpdated state= PLAYING, supported opcodes= 0x183f (PLAY | PAUSE | FAST_REWIND | FAST_FORWARD | STOP | MOVE_RELATIVE | PREVIOUS_TRACK | NEXT_TRACK), track position= 764186 (764186)
  08-24 17:38:06.943 onMediaUpdated: track_changed=false state_changed=true queue_changed=false
  08-24 17:38:06.944 onCurrentPlayerStateUpdated: base actions not supported, player actions= 17e, expected at least= 7f
  08-24 17:38:06.944 onCurrentPlayerStateUpdated state= PLAYING, supported opcodes= 0x183f (PLAY | PAUSE | FAST_REWIND | FAST_FORWARD | STOP | MOVE_RELATIVE | PREVIOUS_TRACK | NEXT_TRACK), track position= 765795 (765794)
  08-24 17:38:27.688 onMediaUpdated: track_changed=false state_changed=true queue_changed=false
  08-24 17:38:27.688 onCurrentPlayerStateUpdated: base actions not supported, player actions= 17e, expected at least= 7f
  08-24 17:38:27.688 onCurrentPlayerStateUpdated state= PLAYING, supported opcodes= 0x183f (PLAY | PAUSE | FAST_REWIND | FAST_FORWARD | STOP | MOVE_RELATIVE | PREVIOUS_TRACK | NEXT_TRACK), track position= 786563 (786562)
  08-24 17:38:30.997 onMediaUpdated: track_changed=false state_changed=true queue_changed=false
  08-24 17:38:30.997 onCurrentPlayerStateUpdated: base actions not supported, player actions= 17e, expected at least= 7f
  08-24 17:38:30.997 onCurrentPlayerStateUpdated state= PLAYING, supported opcodes= 0x183f (PLAY | PAUSE | FAST_REWIND | FAST_FORWARD | STOP | MOVE_RELATIVE | PREVIOUS_TRACK | NEXT_TRACK), track position= 792877 (792875)
  08-24 17:38:31.513 onMediaUpdated: track_changed=false state_changed=true queue_changed=false
  08-24 17:38:31.514 onCurrentPlayerStateUpdated: base actions not supported, player actions= 17e, expected at least= 7f
  08-24 17:38:31.514 onCurrentPlayerStateUpdated state= PLAYING, supported opcodes= 0x183f (PLAY | PAUSE | FAST_REWIND | FAST_FORWARD | STOP | MOVE_RELATIVE | PREVIOUS_TRACK | NEXT_TRACK), track position= 793628 (793628)
  08-24 17:38:32.040 onMediaUpdated: track_changed=false state_changed=true queue_changed=false
  08-24 17:38:32.047 onCurrentPlayerStateUpdated: base actions not supported, player actions= 17e, expected at least= 7f
  08-24 17:38:32.047 onCurrentPlayerStateUpdated state= PAUSED, supported opcodes= 0x183f (PLAY | PAUSE | FAST_REWIND | FAST_FORWARD | STOP | MOVE_RELATIVE | PREVIOUS_TRACK | NEXT_TRACK), track position= 794114 (794114)
  08-24 17:38:33.062 onMediaUpdated: track_changed=true state_changed=true queue_changed=true
  08-24 17:38:33.062 onCurrentPlayerStateUpdated metadata: title= 'Not Provided', duration= 0


Profile: BluetoothOppService

Profile: PanService
  mMaxPanDevices: 5
  mPanIfName: bt-pan
  mTetherOn: false
  mPanDevices:

Profile: BluetoothPbapService

Profile: SapService

Profile: VolumeControlService

Connection Events:
  08-24 16:53:35.354 DISCONNECTED xx:xx:xx:xx:30:27 reason=0
  08-24 16:53:35.354 DISCONNECTED xx:xx:xx:xx:30:27 reason=0
  08-24 16:53:35.354 DISCONNECTED xx:xx:xx:xx:30:27 reason=0
  08-24 16:53:35.354 DISCONNECTED xx:xx:xx:xx:30:27 reason=0
  08-24 16:53:35.354 DISCONNECTED xx:xx:xx:xx:30:27 reason=0
  08-24 16:53:35.354 DISCONNECTED xx:xx:xx:xx:30:27 reason=0
  08-24 16:53:35.354 DISCONNECTED xx:xx:xx:xx:30:27 reason=0
  08-24 16:53:35.354 DISCONNECTED xx:xx:xx:xx:30:27 reason=0
  08-24 16:53:35.354 DISCONNECTED xx:xx:xx:xx:30:27 reason=0
  08-24 16:53:35.354 DISCONNECTED xx:xx:xx:xx:30:27 reason=0
  08-24 16:53:35.354 DISCONNECTED xx:xx:xx:xx:30:27 reason=0
  08-24 16:53:35.354 DISCONNECTED xx:xx:xx:xx:30:27 reason=0
  08-24 16:53:35.354 DISCONNECTED xx:xx:xx:xx:30:27 reason=0
  08-24 16:53:35.353 DISCONNECTED xx:xx:xx:xx:30:27 reason=0
  08-24 16:53:35.353 DISCONNECTED xx:xx:xx:xx:30:27 reason=0
  08-24 16:53:35.353 DISCONNECTED xx:xx:xx:xx:30:27 reason=0

Bond Events: 
  Total Number of events: 18
  Time          address            Function             State
  15:47:46.221  xx:xx:xx:xx:6c:24  bond_state_changed   BOND_STATE_NONE
  15:47:58.238  xx:xx:xx:xx:6c:24  bond_state_changed   BOND_STATE_BONDING
  15:47:58.826  xx:xx:xx:xx:6c:24  bond_state_changed   BOND_STATE_NONE
  18:08:33.107  xx:xx:xx:xx:73:de  btif_dm_remove_bond  BOND_STATE_NONE
  18:08:33.231  xx:xx:xx:xx:73:de  bond_state_changed   BOND_STATE_NONE
  19:00:58.534  xx:xx:xx:xx:d7:f4  btif_dm_remove_bond  BOND_STATE_NONE
  19:00:58.638  xx:xx:xx:xx:d7:f4  bond_state_changed   BOND_STATE_NONE
  19:23:11.805  xx:xx:xx:xx:6c:24  bond_state_changed   BOND_STATE_BONDING
  19:23:12.503  xx:xx:xx:xx:6c:24  bond_state_changed   BOND_STATE_NONE
  19:23:24.623  xx:xx:xx:xx:6c:24  bond_state_changed   BOND_STATE_BONDING
  19:23:25.214  xx:xx:xx:xx:6c:24  bond_state_changed   BOND_STATE_NONE
  19:33:36.146  xx:xx:xx:xx:6c:24  bond_state_changed   BOND_STATE_BONDING
  19:33:36.712  xx:xx:xx:xx:6c:24  bond_state_changed   BOND_STATE_NONE
  19:33:49.134  xx:xx:xx:xx:6c:24  bond_state_changed   BOND_STATE_BONDING
  19:33:49.750  xx:xx:xx:xx:6c:24  bond_state_changed   BOND_STATE_NONE

Link Key Types:
  xx:xx:xx:xx:cc:19
    BR: AUTH_COMB
    LE:
  xx:xx:xx:xx:04:5c
    BR: COMBINATION
    LE:
  xx:xx:xx:xx:d1:ea
    BR: UNAUTH_COMB
    LE:
  xx:xx:xx:xx:33:f9
    BR: 
    LE: PENC PID LID
  xx:xx:xx:xx:33:fa
    BR: 
    LE: PENC PID LID
  xx:xx:xx:xx:5a:35
    BR: UNAUTH_COMB
    LE:
  xx:xx:xx:xx:30:27
    BR: 
    LE: PENC PID LENC LID
  xx:xx:xx:xx:6d:44
    BR: 
    LE: PENC PID LENC LID
  xx:xx:xx:xx:e3:08
    BR: AUTH_COMB
    LE:
  xx:xx:xx:xx:c8:a6
    BR: UNAUTH_COMB
    LE:
  xx:xx:xx:xx:be:04
    BR: AUTH_COMB_P_256
    LE: PENC PID PCSRK LENC LCSRK LID
  xx:xx:xx:xx:af:12
    BR: AUTH_COMB_P_256
    LE:
  xx:xx:xx:xx:fb:77
    BR: UNAUTH_COMB
    LE:
  xx:xx:xx:xx:8d:51
    BR: AUTH_COMB_P_256
    LE: LID

AVRCP Native State:
  Devices (0 / 5):

A2DP State:
  TxQueue:
  Counts (enqueue/dequeue/readbuf)                        : 0 / 0 / 0
  Last update time ago in ms (enqueue/dequeue/readbuf)    : 0 / 0 / 0
  Frames per packet (total/max/ave)                       : 0 / 0 / 0
  Counts (flushed/dropped/dropouts)                       : 0 / 0 / 0
  Counts (max dropped)                                    : 0
  Last update time ago in ms (flushed/dropped)            : 0 / 0
  Counts (underflow)                                      : 0
  Bytes (underflow)                                       : 0
  Last update time ago in ms (underflow)                  : 0
  Enqueue deviation counts (overdue/premature)            : 0 / 0
  Enqueue overdue scheduling time in ms (total/max/ave)   : 0 / 0 / 0
  Enqueue premature scheduling time in ms (total/max/ave) : 0 / 0 / 0
  Dequeue deviation counts (overdue/premature)            : 0 / 0
  Dequeue overdue scheduling time in ms (total/max/ave)   : 0 / 0 / 0
  Dequeue premature scheduling time in ms (total/max/ave) : 0 / 0 / 0

A2DP Source State: Enabled
  Active peer: 00:00:00:00:00:00

A2DP Sink State: Disabled

Socket Events: 
  Time        	Address          	State             	Role
  18:49:59.581	00:00:00:00:00:00	STATE_DISCONNECTED   	ROLE_LISTEN
  18:49:59.581	xx:xx:xx:xx:8d:51	STATE_DISCONNECTED   	ROLE_CONNECTION
  18:50:01.634	00:00:00:00:00:00	STATE_LISTENING   	ROLE_LISTEN
  18:50:01.637	00:00:00:00:00:00	STATE_LISTENING   	ROLE_LISTEN
  18:50:08.359	xx:xx:xx:xx:8d:51	STATE_CONNECTED   	ROLE_CONNECTION
  19:06:33.782	xx:xx:xx:xx:8d:51	STATE_DISCONNECTED   	ROLE_CONNECTION
  19:06:36.085	xx:xx:xx:xx:8d:51	STATE_CONNECTED   	ROLE_CONNECTION
  19:07:55.399	00:00:00:00:00:00	STATE_DISCONNECTED   	ROLE_LISTEN
  19:07:55.402	xx:xx:xx:xx:8d:51	STATE_DISCONNECTED   	ROLE_CONNECTION
  19:07:57.410	00:00:00:00:00:00	STATE_LISTENING   	ROLE_LISTEN
  19:07:57.412	00:00:00:00:00:00	STATE_LISTENING   	ROLE_LISTEN
  19:08:01.343	xx:xx:xx:xx:8d:51	STATE_CONNECTED   	ROLE_CONNECTION
  19:22:53.040	xx:xx:xx:xx:8d:51	STATE_DISCONNECTED   	ROLE_CONNECTION
  19:23:31.183	xx:xx:xx:xx:8d:51	STATE_CONNECTED   	ROLE_CONNECTION
  19:28:35.252	xx:xx:xx:xx:8d:51	STATE_DISCONNECTED   	ROLE_CONNECTION
  19:33:55.818	xx:xx:xx:xx:8d:51	STATE_CONNECTED   	ROLE_CONNECTION


AVRCP Target Native Service: 0 devices

Bluetooth Config:
  Config Source: Not loaded
  Devices loaded: 0
  File created/tagged: 
  File source: Empty

Bluetooth HF Client BTA Statistics

Bluetooth Wakelock Statistics:
  Is acquired                    : false
  Acquired/released count        : 467 / 467
  Acquired/released error count  : 0 / 0
  Last acquire/release error code: 0 / 0
  Last acquired time (ms)        : 500
  Acquired time min/max/avg (ms) : 6 / 2976 / 525
  Total acquired time (ms)       : 245404
  Total run time (ms)            : 18212492

Bluetooth Alarms Statistics:
  Total Alarms: 0

Coordinated Set Service Client:
  APP ID: 4
  Groups:

Hearing Access Service Client:
 APP ID: 5 
  "No known HAS devices"

Hearing Aid Manager:
  Hearing Aid Audio HAL:
    Counts (underflow)                                      : 0
    Bytes (underflow)                                       : 0
    Last update time ago in ms (underflow)                  : 0

Device Groups Manager:
  Num. registered clients: 2
  Groups:
LeAudio Manager: 
  APP ID: 11 
  Active group: -1
  reconnection mode: Targeted Announcements 
  configuration: UNINITIALIZED  (0x00000000)
  local source metadata context type mask:  (0x0000)
  local sink metadata context type mask:  (0x0000)
  TBS state: No calls
  Start time: 
 Speaker codec config (audio framework) 
	sample rate: 48000,	chan: 2,	bits: 16,	data_interval_us: 10000
 Microphone codec config (audio framework) 
	sample rate: 16000,	chan: 2,	bits: 16,	data_interval_us: 10000
 Speaker codec config (Bluetooth)
	audio sender state: IDLE
	sample rate: 0,	chan: 0,	bits: 0,	data_interval_us: 0
 Microphone codec config (Bluetooth)
	audio receiver state: IDLE
	sample rate: 0,	chan: 0,	bits: 0,	data_interval_us: 0
  ----------------
   LE Audio Groups:

  Not grouped devices:
  LE AudioHalClient:
    Counts (underflow)                                      : 0
    Bytes (underflow)                                       : 0
    Last update time ago in ms (underflow)                  : 0

 AudioSetConfigurationProvider: 

  === Configurations for context type: 1, num: 69 
  name: DualDev_OneChanStereoSnk_48_4_High_Reliability 
    direction: Sink (speaker)
     number of devices: 2 
     number of ASEs: 2 
     strategy: 0 
     qos->target latency: 3 
     qos->retransmission_number: 0 
     qos->max_transport_latency: 0 
     channel count: 1
  name: DualDev_OneChanStereoSnk_48_4_2 
    direction: Sink (speaker)
     number of devices: 2 
     number of ASEs: 2 
     strategy: 0 
     qos->target latency: 2 
     qos->retransmission_number: 13 
     qos->max_transport_latency: 100 
     channel count: 1
  name: DualDev_OneChanStereoSnk_48_2_High_Reliability 
    direction: Sink (speaker)
     number of devices: 2 
     number of ASEs: 2 
     strategy: 0 
     qos->target latency: 3 
     qos->retransmission_number: 0 
     qos->max_transport_latency: 0 
     channel count: 1
  name: DualDev_OneChanStereoSnk_48_2_2 
    direction: Sink (speaker)
     number of devices: 2 
     number of ASEs: 2 
     strategy: 0 
     qos->target latency: 2 
     qos->retransmission_number: 13 
     qos->max_transport_latency: 95 
     channel count: 1
  name: DualDev_OneChanStereoSnk_48_3_High_Reliability 
    direction: Sink (speaker)
     number of devices: 2 
     number of ASEs: 2 
     strategy: 0 
     qos->target latency: 3 
     qos->retransmission_number: 0 
     qos->max_transport_latency: 0 
     channel count: 1
  name: DualDev_OneChanStereoSnk_48_3_2 
    direction: Sink (speaker)
     number of devices: 2 
     number of ASEs: 2 
     strategy: 0 
     qos->target latency: 2 
     qos->retransmission_number: 13 
     qos->max_transport_latency: 75 
     channel count: 1
  name: DualDev_OneChanStereoSnk_48_1_High_Reliability 
    direction: Sink (speaker)
     number of devices: 2 
     number of ASEs: 2 
     strategy: 0 
     qos->target latency: 3 
     qos->retransmission_number: 0 
     qos->max_transport_latency: 0 
     channel count: 1
  name: DualDev_OneChanStereoSnk_48_1_2 
    direction: Sink (speaker)
     number of devices: 2 
     number of ASEs: 2 
     strategy: 0 
     qos->target latency: 2 
     qos->retransmission_number: 13 
     qos->max_transport_latency: 75 
     channel count: 1
  name: DualDev_OneChanStereoSnk_24_2_Balanced_Reliability 
    direction: Sink (speaker)
     number of devices: 2 
     number of ASEs: 2 
     strategy: 0 
     qos->target latency: 2 
     qos->retransmission_number: 0 
     qos->max_transport_latency: 0 
     channel count: 1
  name: DualDev_OneChanStereoSnk_24_2_2 
    direction: Sink (speaker)
     number of devices: 2 
     number of ASEs: 2 
     strategy: 0 
     qos->target latency: 2 
     qos->retransmission_number: 13 
     qos->max_transport_latency: 95 
     channel count: 1
  name: DualDev_OneChanStereoSnk_16_2_Balanced_Reliability 
    direction: Sink (speaker)
     number of devices: 2 
     number of ASEs: 2 
     strategy: 0 
     qos->target latency: 2 
     qos->retransmission_number: 0 
     qos->max_transport_latency: 0 
     channel count: 1
  name: DualDev_OneChanStereoSnk_16_2_2 
    direction: Sink (speaker)
     number of devices: 2 
     number of ASEs: 2 
     strategy: 0 
     qos->target latency: 2 
     qos->retransmission_number: 13 
     qos->max_transport_latency: 95 
     channel count: 1
  name: DualDev_OneChanStereoSnk_16_1_Balanced_Reliability 
    direction: Sink (speaker)
     number of devices: 2 
     number of ASEs: 2 
     strategy: 0 
     qos->target latency: 2 
     qos->retransmission_number: 0 
     qos->max_transport_latency: 0 
     channel count: 1
  name: DualDev_OneChanStereoSnk_16_1_2 
    direction: Sink (speaker)
     number of devices: 2 
     number of ASEs: 2 
     strategy: 0 
     qos->target latency: 2 
     qos->retransmission_number: 13 
     qos->max_transport_latency: 75 
     channel count: 1
  name: SingleDev_OneChanStereoSnk_48_4_High_Reliability 
    direction: Sink (speaker)
     number of devices: 1 
     number of ASEs: 2 
     strategy: 1 
     qos->target latency: 3 
     qos->retransmission_number: 0 
     qos->max_transport_latency: 0 
     channel count: 1
  name: SingleDev_OneChanStereoSnk_48_4_2 
    direction: Sink (speaker)
     number of devices: 1 
     number of ASEs: 2 
     strategy: 1 
     qos->target latency: 2 
     qos->retransmission_number: 13 
     qos->max_transport_latency: 100 
     channel count: 1
  name: SingleDev_OneChanStereoSnk_48_2_High_Reliability 
    direction: Sink (speaker)
     number of devices: 1 
     number of ASEs: 2 
     strategy: 1 
     qos->target latency: 3 
     qos->retransmission_number: 0 
     qos->max_transport_latency: 0 
     channel count: 1
  name: SingleDev_OneChanStereoSnk_48_2_2 
    direction: Sink (speaker)
     number of devices: 1 
     number of ASEs: 2 
     strategy: 1 
     qos->target latency: 2 
     qos->retransmission_number: 13 
     qos->max_transport_latency: 95 
     channel count: 1
  name: SingleDev_OneChanStereoSnk_48_3_High_Reliability 
    direction: Sink (speaker)
     number of devices: 1 
     number of ASEs: 2 
     strategy: 1 
     qos->target latency: 3 
     qos->retransmission_number: 0 
     qos->max_transport_latency: 0 
     channel count: 1
  name: SingleDev_OneChanStereoSnk_48_3_2 
    direction: Sink (speaker)
     number of devices: 1 
     number of ASEs: 2 
     strategy: 1 
     qos->target latency: 2 
     qos->retransmission_number: 13 
     qos->max_transport_latency: 75 
     channel count: 1
  name: SingleDev_OneChanStereoSnk_48_1_High_Reliability 
    direction: Sink (speaker)
     number of devices: 1 
     number of ASEs: 2 
     strategy: 1 
     qos->target latency: 3 
     qos->retransmission_number: 0 
     qos->max_transport_latency: 0 
     channel count: 1
  name: SingleDev_OneChanStereoSnk_48_1_2 
    direction: Sink (speaker)
     number of devices: 1 
     number of ASEs: 2 
     strategy: 1 
     qos->target latency: 2 
     qos->retransmission_number: 13 
     qos->max_transport_latency: 75 
     channel count: 1
  name: SingleDev_OneChanStereoSnk_24_2_Balanced_Reliability 
    direction: Sink (speaker)
     number of devices: 1 
     number of ASEs: 2 
     strategy: 1 
     qos->target latency: 2 
     qos->retransmission_number: 0 
     qos->max_transport_latency: 0 
     channel count: 1
  name: SingleDev_OneChanStereoSnk_24_2_2 
    direction: Sink (speaker)
     number of devices: 1 
     number of ASEs: 2 
     strategy: 1 
     qos->target latency: 2 
     qos->retransmission_number: 13 
     qos->max_transport_latency: 95 
     channel count: 1
  name: SingleDev_OneChanStereoSnk_16_2_Balanced_Reliability 
    direction: Sink (speaker)
     number of devices: 1 
     number of ASEs: 2 
     strategy: 1 
     qos->target latency: 2 
     qos->retransmission_number: 0 
     qos->max_transport_latency: 0 
     channel count: 1
  name: SingleDev_OneChanStereoSnk_16_2_2 
    direction: Sink (speaker)
     number of devices: 1 
     number of ASEs: 2 
     strategy: 1 
     qos->target latency: 2 
     qos->retransmission_number: 13 
     qos->max_transport_latency: 95 
     channel count: 1
  name: SingleDev_OneChanStereoSnk_16_1_Balanced_Reliability 
    direction: Sink (speaker)
     number of devices: 1 
     number of ASEs: 2 
     strategy: 1 
     qos->target latency: 2 
     qos->retransmission_number: 0 
     qos->max_transport_latency: 0 
     channel count: 1
  name: SingleDev_OneChanStereoSnk_16_1_2 
    direction: Sink (speaker)
     number of devices: 1 
     number of ASEs: 2 
     strategy: 1 
     qos->target latency: 2 
     qos->retransmission_number: 13 
     qos->max_transport_latency: 75 
     channel count: 1
  name: SingleDev_TwoChanStereoSnk_48_4_High_Reliability 
    direction: Sink (speaker)
     number of devices: 1 
     number of ASEs: 1 
     strategy: 2 
     qos->target latency: 3 
     qos->retransmission_number: 0 
     qos->max_transport_latency: 0 
     channel count: 2
  name: SingleDev_TwoChanStereoSnk_48_4_2 
    direction: Sink (speaker)
     number of devices: 1 
     number of ASEs: 1 
     strategy: 2 
     qos->target latency: 2 
     qos->retransmission_number: 13 
     qos->max_transport_latency: 100 
     channel count: 2
  name: SingleDev_TwoChanStereoSnk_48_4_High_Reliability 
    direction: Sink (speaker)
     number of devices: 1 
     number of ASEs: 1 
     strategy: 2 
     qos->target latency: 3 
     qos->retransmission_number: 0 
     qos->max_transport_latency: 0 
     channel count: 2
  name: SingleDev_TwoChanStereoSnk_48_4_2 
    direction: Sink (speaker)
     number of devices: 1 
     number of ASEs: 1 
     strategy: 2 
     qos->target latency: 2 
     qos->retransmission_number: 13 
     qos->max_transport_latency: 100 
     channel count: 2
  name: SingleDev_TwoChanStereoSnk_48_2_High_Reliability 
    direction: Sink (speaker)
     number of devices: 1 
     number of ASEs: 1 
     strategy: 2 
     qos->target latency: 3 
     qos->retransmission_number: 0 
     qos->max_transport_latency: 0 
     channel count: 2
  name: SingleDev_TwoChanStereoSnk_48_2_2 
    direction: Sink (speaker)
     number of devices: 1 
     number of ASEs: 1 
     strategy: 2 
     qos->target latency: 2 
     qos->retransmission_number: 13 
     qos->max_transport_latency: 95 
     channel count: 2
  name: SingleDev_TwoChanStereoSnk_48_3_High_Reliability 
    direction: Sink (speaker)
     number of devices: 1 
     number of ASEs: 1 
     strategy: 2 
     qos->target latency: 3 
     qos->retransmission_number: 0 
     qos->max_transport_latency: 0 
     channel count: 2
  name: SingleDev_TwoChanStereoSnk_48_3_2 
    direction: Sink (speaker)
     number of devices: 1 
     number of ASEs: 1 
     strategy: 2 
     qos->target latency: 2 
     qos->retransmission_number: 13 
     qos->max_transport_latency: 75 
     channel count: 2
  name: SingleDev_TwoChanStereoSnk_48_1_High_Reliability 
    direction: Sink (speaker)
     number of devices: 1 
     number of ASEs: 1 
     strategy: 2 
     qos->target latency: 3 
     qos->retransmission_number: 0 
     qos->max_transport_latency: 0 
     channel count: 2
  name: SingleDev_TwoChanStereoSnk_48_1_2 
    direction: Sink (speaker)
     number of devices: 1 
     number of ASEs: 1 
     strategy: 2 
     qos->target latency: 2 
     qos->retransmission_number: 13 
     qos->max_transport_latency: 75 
     channel count: 2
  name: SingleDev_TwoChanStereoSnk_24_2_Balanced_Reliability 
    direction: Sink (speaker)
     number of devices: 1 
     number of ASEs: 1 
     strategy: 2 
     qos->target latency: 2 
     qos->retransmission_number: 0 
     qos->max_transport_latency: 0 
     channel count: 2
  name: SingleDev_TwoChanStereoSnk_24_2_2 
    direction: Sink (speaker)
     number of devices: 1 
     number of ASEs: 1 
     strategy: 2 
     qos->target latency: 2 
     qos->retransmission_number: 13 
     qos->max_transport_latency: 95 
     channel count: 2
  name: SingleDev_TwoChanStereoSnk_16_2_Balanced_Reliability 
    direction: Sink (speaker)
     number of devices: 1 
     number of ASEs: 1 
     strategy: 2 
     qos->target latency: 2 
     qos->retransmission_number: 0 
     qos->max_transport_latency: 0 
     channel count: 2
  name: SingleDev_TwoChanStereoSnk_16_2_2 
    direction: Sink (speaker)
     number of devices: 1 
     number of ASEs: 1 
     strategy: 2 
     qos->target latency: 2 
     qos->retransmission_number: 13 
     qos->max_transport_latency: 95 
     channel count: 2
  name: SingleDev_TwoChanStereoSnk_16_1_Balanced_Reliability 
    direction: Sink (speaker)
     number of devices: 1 
     number of ASEs: 1 
     strategy: 2 
     qos->target latency: 2 
     qos->retransmission_number: 0 
     qos->max_transport_latency: 0 
     channel count: 2
  name: SingleDev_TwoChanStereoSnk_16_1_2 
    direction: Sink (speaker)
     number of devices: 1 
     number of ASEs: 1 
     strategy: 2 
     qos->target latency: 2 
     qos->retransmission_number: 13 
     qos->max_transport_latency: 75 
     channel count: 2
  name: SingleDev_OneChanMonoSnk_48_4_High_Reliability 
    direction: Sink (speaker)
     number of devices: 1 
     number of ASEs: 1 
     strategy: 0 
     qos->target latency: 3 
     qos->retransmission_number: 0 
     qos->max_transport_latency: 0 
     channel count: 1
  name: SingleDev_OneChanMonoSnk_48_4_2 
    direction: Sink (speaker)
     number of devices: 1 
     number of ASEs: 1 
     strategy: 0 
     qos->target latency: 2 
     qos->retransmission_number: 13 
     qos->max_transport_latency: 100 
     channel count: 1
  name: SingleDev_OneChanMonoSnk_48_2_High_Reliability 
    direction: Sink (speaker)
     number of devices: 1 
     number of ASEs: 1 
     strategy: 0 
     qos->target latency: 3 
     qos->retransmission_number: 0 
     qos->max_transport_latency: 0 
     channel count: 1
  name: SingleDev_OneChanMonoSnk_48_2_2 
    direction: Sink (speaker)
     number of devices: 1 
     number of ASEs: 1 
     strategy: 0 
     qos->target latency: 2 
     qos->retransmission_number: 13 
     qos->max_transport_latency: 95 
     channel count: 1
  name: SingleDev_OneChanMonoSnk_48_3_High_Reliability 
    direction: Sink (speaker)
     number of devices: 1 
     number of ASEs: 1 
     strategy: 0 
     qos->target latency: 3 
     qos->retransmission_number: 0 
     qos->max_transport_latency: 0 
     channel count: 1
  name: SingleDev_OneChanMonoSnk_48_3_2 
    direction: Sink (speaker)
     number of devices: 1 
     number of ASEs: 1 
     strategy: 0 
     qos->target latency: 2 
     qos->retransmission_number: 13 
     qos->max_transport_latency: 75 
     channel count: 1
  name: SingleDev_OneChanMonoSnk_48_1_High_Reliability 
    direction: Sink (speaker)
     number of devices: 1 
     number of ASEs: 1 
     strategy: 0 
     qos->target latency: 3 
     qos->retransmission_number: 0 
     qos->max_transport_latency: 0 
     channel count: 1
  name: SingleDev_OneChanMonoSnk_48_1_2 
    direction: Sink (speaker)
     number of devices: 1 
     number of ASEs: 1 
     strategy: 0 
     qos->target latency: 2 
     qos->retransmission_number: 13 
     qos->max_transport_latency: 75 
     channel count: 1
  name: SingleDev_OneChanMonoSnk_32_2_Balanced_Reliability 
    direction: Sink (speaker)
     number of devices: 1 
     number of ASEs: 1 
     strategy: 0 
     qos->target latency: 2 
     qos->retransmission_number: 0 
     qos->max_transport_latency: 0 
     channel count: 1
  name: SingleDev_OneChanMonoSnk_32_1_Balanced_Reliability 
    direction: Sink (speaker)
     number of devices: 1 
     number of ASEs: 1 
     strategy: 0 
     qos->target latency: 2 
     qos->retransmission_number: 0 
     qos->max_transport_latency: 0 
     channel count: 1
  name: SingleDev_OneChanMonoSnk_24_2_Balanced_Reliability 
    direction: Sink (speaker)
     number of devices: 1 
     number of ASEs: 1 
     strategy: 0 
     qos->target latency: 2 
     qos->retransmission_number: 0 
     qos->max_transport_latency: 0 
     channel count: 1
  name: SingleDev_OneChanMonoSnk_24_2_2 
    direction: Sink (speaker)
     number of devices: 1 
     number of ASEs: 1 
     strategy: 0 
     qos->target latency: 2 
     qos->retransmission_number: 13 
     qos->max_transport_latency: 95 
     channel count: 1
  name: SingleDev_OneChanMonoSnk_16_2_Balanced_Reliability 
    direction: Sink (speaker)
     number of devices: 1 
     number of ASEs: 1 
     strategy: 0 
     qos->target latency: 2 
     qos->retransmission_number: 0 
     qos->max_transport_latency: 0 
     channel count: 1
  name: SingleDev_OneChanMonoSnk_16_2_2 
    direction: Sink (speaker)
     number of devices: 1 
     number of ASEs: 1 
     strategy: 0 
     qos->target latency: 2 
     qos->retransmission_number: 13 
     qos->max_transport_latency: 95 
     channel count: 1
  name: SingleDev_OneChanMonoSnk_16_1_Balanced_Reliability 
    direction: Sink (speaker)
     number of devices: 1 
     number of ASEs: 1 
     strategy: 0 
     qos->target latency: 2 
     qos->retransmission_number: 0 
     qos->max_transport_latency: 0 
     channel count: 1
  name: SingleDev_OneChanMonoSnk_16_1_2 
    direction: Sink (speaker)
     number of devices: 1 
     number of ASEs: 1 
     strategy: 0 
     qos->target latency: 2 
     qos->retransmission_number: 13 
     qos->max_transport_latency: 75 
     channel count: 1
  name: VND_DualDev_OneChanStereoSnk_48khz_100octs_High_Reliability_1 
    direction: Sink (speaker)
     number of devices: 2 
     number of ASEs: 2 
     strategy: 0 
     qos->target latency: 3 
     qos->retransmission_number: 0 
     qos->max_transport_latency: 0 
     channel count: 1
  name: VND_DualDev_OneChanStereoSnk_48khz_100octs_R15_L70_1 
    direction: Sink (speaker)
     number of devices: 2 
     number of ASEs: 2 
     strategy: 0 
     qos->target latency: 2 
     qos->retransmission_number: 15 
     qos->max_transport_latency: 70 
     channel count: 1
  name: VND_SingleDev_TwoChanStereoSnk_48khz_100octs_High_Reliability_1 
    direction: Sink (speaker)
     number of devices: 1 
     number of ASEs: 1 
     strategy: 2 
     qos->target latency: 3 
     qos->retransmission_number: 0 
     qos->max_transport_latency: 0 
     channel count: 2
  name: VND_SingleDev_TwoChanStereoSnk_48khz_100octs_R15_L70_1 
    direction: Sink (speaker)
     number of devices: 1 
     number of ASEs: 1 
     strategy: 2 
     qos->target latency: 2 
     qos->retransmission_number: 15 
     qos->max_transport_latency: 70 
     channel count: 2
  name: VND_SingleDev_OneChanStereoSnk_48khz_100octs_High_Reliability_1 
    direction: Sink (speaker)
     number of devices: 1 
     number of ASEs: 2 
     strategy: 1 
     qos->target latency: 3 
     qos->retransmission_number: 0 
     qos->max_transport_latency: 0 
     channel count: 1
  name: VND_SingleDev_OneChanStereoSnk_48khz_100octs_R15_L70_1 
    direction: Sink (speaker)
     number of devices: 1 
     number of ASEs: 2 
     strategy: 1 
     qos->target latency: 2 
     qos->retransmission_number: 15 
     qos->max_transport_latency: 70 
     channel count: 1
  name: DualDev_OneChanMonoSrc_16_2_Balanced_Reliability 
    direction: Source (mic)
     number of devices: 2 
     number of ASEs: 2 
     strategy: 0 
     qos->target latency: 2 
     qos->retransmission_number: 0 
     qos->max_transport_latency: 0 
     channel count: 1
  name: SingleDev_OneChanStereoSrc_16_2_Balanced_Reliability 
    direction: Source (mic)
     number of devices: 1 
     number of ASEs: 2 
     strategy: 1 
     qos->target latency: 2 
     qos->retransmission_number: 0 
     qos->max_transport_latency: 0 
     channel count: 1
  name: SingleDev_OneChanMonoSrc_16_2_Balanced_Reliability 
    direction: Source (mic)
     number of devices: 1 
     number of ASEs: 1 
     strategy: 0 
     qos->target latency: 2 
     qos->retransmission_number: 0 
     qos->max_transport_latency: 0 
     channel count: 1

  === Configurations for context type: 2, num: 60 
  name: DualDev_OneChanStereoSnk_OneChanStereoSrc_16_2_Low_Latency 
    direction: Sink (speaker)
     number of devices: 2 
     number of ASEs: 2 
     strategy: 0 
     qos->target latency: 1 
     qos->retransmission_number: 0 
     qos->max_transport_latency: 0 
     channel count: 1
    direction: Source (mic)
     number of devices: 2 
     number of ASEs: 2 
     strategy: 0 
     qos->target latency: 1 
     qos->retransmission_number: 0 
     qos->max_transport_latency: 0 
     channel count: 1
  name: DualDev_OneChanStereoSnk_OneChanStereoSrc_16_2_1 
    direction: Sink (speaker)
     number of devices: 2 
     number of ASEs: 2 
     strategy: 0 
     qos->target latency: 2 
     qos->retransmission_number: 2 
     qos->max_transport_latency: 10 
     channel count: 1
    direction: Source (mic)
     number of devices: 2 
     number of ASEs: 2 
     strategy: 0 
     qos->target latency: 2 
     qos->retransmission_number: 2 
     qos->max_transport_latency: 10 
     channel count: 1
  name: DualDev_OneChanStereoSnk_OneChanStereoSrc_16_2_2 
    direction: Sink (speaker)
     number of devices: 2 
     number of ASEs: 2 
     strategy: 0 
     qos->target latency: 2 
     qos->retransmission_number: 13 
     qos->max_transport_latency: 95 
     channel count: 1
    direction: Source (mic)
     number of devices: 2 
     number of ASEs: 2 
     strategy: 0 
     qos->target latency: 2 
     qos->retransmission_number: 13 
     qos->max_transport_latency: 95 
     channel count: 1
  name: DualDev_OneChanStereoSnk_OneChanStereoSrc_16_1_Low_Latency 
    direction: Sink (speaker)
     number of devices: 2 
     number of ASEs: 2 
     strategy: 0 
     qos->target latency: 1 
     qos->retransmission_number: 0 
     qos->max_transport_latency: 0 
     channel count: 1
    direction: Source (mic)
     number of devices: 2 
     number of ASEs: 2 
     strategy: 0 
     qos->target latency: 1 
     qos->retransmission_number: 0 
     qos->max_transport_latency: 0 
     channel count: 1
  name: DualDev_OneChanStereoSnk_OneChanStereoSrc_16_1_1 
    direction: Sink (speaker)
     number of devices: 2 
     number of ASEs: 2 
     strategy: 0 
     qos->target latency: 2 
     qos->retransmission_number: 2 
     qos->max_transport_latency: 8 
     channel count: 1
    direction: Source (mic)
     number of devices: 2 
     number of ASEs: 2 
     strategy: 0 
     qos->target latency: 2 
     qos->retransmission_number: 2 
     qos->max_transport_latency: 8 
     channel count: 1
  name: DualDev_OneChanStereoSnk_OneChanStereoSrc_16_1_2 
    direction: Sink (speaker)
     number of devices: 2 
     number of ASEs: 2 
     strategy: 0 
     qos->target latency: 2 
     qos->retransmission_number: 13 
     qos->max_transport_latency: 75 
     channel count: 1
    direction: Source (mic)
     number of devices: 2 
     number of ASEs: 2 
     strategy: 0 
     qos->target latency: 2 
     qos->retransmission_number: 13 
     qos->max_transport_latency: 75 
     channel count: 1
  name: DualDev_OneChanStereoSnk_OneChanMonoSrc_32_2_Low_Latency 
    direction: Sink (speaker)
     number of devices: 2 
     number of ASEs: 2 
     strategy: 0 
     qos->target latency: 1 
     qos->retransmission_number: 0 
     qos->max_transport_latency: 0 
     channel count: 1
    direction: Source (mic)
     number of devices: 1 
     number of ASEs: 1 
     strategy: 0 
     qos->target latency: 1 
     qos->retransmission_number: 0 
     qos->max_transport_latency: 0 
     channel count: 1
  name: DualDev_OneChanStereoSnk_OneChanMonoSrc_32_2_1 
    direction: Sink (speaker)
     number of devices: 2 
     number of ASEs: 2 
     strategy: 0 
     qos->target latency: 2 
     qos->retransmission_number: 2 
     qos->max_transport_latency: 10 
     channel count: 1
    direction: Source (mic)
     number of devices: 1 
     number of ASEs: 1 
     strategy: 0 
     qos->target latency: 2 
     qos->retransmission_number: 2 
     qos->max_transport_latency: 10 
     channel count: 1
  name: DualDev_OneChanStereoSnk_OneChanMonoSrc_16_2_Low_Latency 
    direction: Sink (speaker)
     number of devices: 2 
     number of ASEs: 2 
     strategy: 0 
     qos->target latency: 1 
     qos->retransmission_number: 0 
     qos->max_transport_latency: 0 
     channel count: 1
    direction: Source (mic)
     number of devices: 1 
     number of ASEs: 1 
     strategy: 0 
     qos->target latency: 1 
     qos->retransmission_number: 0 
     qos->max_transport_latency: 0 
     channel count: 1
  name: DualDev_OneChanStereoSnk_OneChanMonoSrc_16_2_1 
    direction: Sink (speaker)
     number of devices: 2 
     number of ASEs: 2 
     strategy: 0 
     qos->target latency: 2 
     qos->retransmission_number: 2 
     qos->max_transport_latency: 10 
     channel count: 1
    direction: Source (mic)
     number of devices: 1 
     number of ASEs: 1 
     strategy: 0 
     qos->target latency: 2 
     qos->retransmission_number: 2 
     qos->max_transport_latency: 10 
     channel count: 1
  name: DualDev_OneChanStereoSnk_OneChanMonoSrc_16_1_Low_Latency 
    direction: Sink (speaker)
     number of devices: 2 
     number of ASEs: 2 
     strategy: 0 
     qos->target latency: 1 
     qos->retransmission_number: 0 
     qos->max_transport_latency: 0 
     channel count: 1
    direction: Source (mic)
     number of devices: 1 
     number of ASEs: 1 
     strategy: 0 
     qos->target latency: 1 
     qos->retransmission_number: 0 
     qos->max_transport_latency: 0 
     channel count: 1
  name: DualDev_OneChanStereoSnk_OneChanMonoSrc_16_1_1 
    direction: Sink (speaker)
     number of devices: 2 
     number of ASEs: 2 
     strategy: 0 
     qos->target latency: 2 
     qos->retransmission_number: 2 
     qos->max_transport_latency: 8 
     channel count: 1
    direction: Source (mic)
     number of devices: 1 
     number of ASEs: 1 
     strategy: 0 
     qos->target latency: 2 
     qos->retransmission_number: 2 
     qos->max_transport_latency: 8 
     channel count: 1
  name: DualDev_OneChanDoubleStereoSnk_OneChanMonoSrc_32_2_Low_Latency 
    direction: Sink (speaker)
     number of devices: 2 
     number of ASEs: 4 
     strategy: 1 
     qos->target latency: 1 
     qos->retransmission_number: 0 
     qos->max_transport_latency: 0 
     channel count: 1
    direction: Source (mic)
     number of devices: 1 
     number of ASEs: 1 
     strategy: 0 
     qos->target latency: 1 
     qos->retransmission_number: 0 
     qos->max_transport_latency: 0 
     channel count: 1
  name: DualDev_OneChanDoubleStereoSnk_OneChanMonoSrc_32_2_1 
    direction: Sink (speaker)
     number of devices: 2 
     number of ASEs: 4 
     strategy: 1 
     qos->target latency: 2 
     qos->retransmission_number: 2 
     qos->max_transport_latency: 10 
     channel count: 1
    direction: Source (mic)
     number of devices: 1 
     number of ASEs: 1 
     strategy: 0 
     qos->target latency: 2 
     qos->retransmission_number: 2 
     qos->max_transport_latency: 10 
     channel count: 1
  name: DualDev_OneChanDoubleStereoSnk_OneChanMonoSrc_16_2_Low_Latency 
    direction: Sink (speaker)
     number of devices: 2 
     number of ASEs: 4 
     strategy: 1 
     qos->target latency: 1 
     qos->retransmission_number: 0 
     qos->max_transport_latency: 0 
     channel count: 1
    direction: Source (mic)
     number of devices: 1 
     number of ASEs: 1 
     strategy: 0 
     qos->target latency: 1 
     qos->retransmission_number: 0 
     qos->max_transport_latency: 0 
     channel count: 1
  name: DualDev_OneChanDoubleStereoSnk_OneChanMonoSrc_16_2_1 
    direction: Sink (speaker)
     number of devices: 2 
     number of ASEs: 4 
     strategy: 1 
     qos->target latency: 2 
     qos->retransmission_number: 2 
     qos->max_transport_latency: 10 
     channel count: 1
    direction: Source (mic)
     number of devices: 1 
     number of ASEs: 1 
     strategy: 0 
     qos->target latency: 2 
     qos->retransmission_number: 2 
     qos->max_transport_latency: 10 
     channel count: 1
  name: DualDev_OneChanDoubleStereoSnk_OneChanMonoSrc_16_1_Low_Latency 
    direction: Sink (speaker)
     number of devices: 2 
     number of ASEs: 4 
     strategy: 1 
     qos->target latency: 1 
     qos->retransmission_number: 0 
     qos->max_transport_latency: 0 
     channel count: 1
    direction: Source (mic)
     number of devices: 1 
     number of ASEs: 1 
     strategy: 0 
     qos->target latency: 1 
     qos->retransmission_number: 0 
     qos->max_transport_latency: 0 
     channel count: 1
  name: DualDev_OneChanDoubleStereoSnk_OneChanMonoSrc_16_1_1 
    direction: Sink (speaker)
     number of devices: 2 
     number of ASEs: 4 
     strategy: 1 
     qos->target latency: 2 
     qos->retransmission_number: 2 
     qos->max_transport_latency: 8 
     channel count: 1
    direction: Source (mic)
     number of devices: 1 
     number of ASEs: 1 
     strategy: 0 
     qos->target latency: 2 
     qos->retransmission_number: 2 
     qos->max_transport_latency: 8 
     channel count: 1
  name: SingleDev_TwoChanStereoSnk_TwoChanStereoSrc_32_2_Low_Latency 
    direction: Sink (speaker)
     number of devices: 1 
     number of ASEs: 1 
     strategy: 2 
     qos->target latency: 1 
     qos->retransmission_number: 0 
     qos->max_transport_latency: 0 
     channel count: 2
    direction: Source (mic)
     number of devices: 1 
     number of ASEs: 1 
     strategy: 2 
     qos->target latency: 1 
     qos->retransmission_number: 0 
     qos->max_transport_latency: 0 
     channel count: 2
  name: SingleDev_TwoChanStereoSnk_TwoChanStereoSrc_32_2_1 
    direction: Sink (speaker)
     number of devices: 1 
     number of ASEs: 1 
     strategy: 2 
     qos->target latency: 2 
     qos->retransmission_number: 2 
     qos->max_transport_latency: 10 
     channel count: 2
    direction: Source (mic)
     number of devices: 1 
     number of ASEs: 1 
     strategy: 2 
     qos->target latency: 2 
     qos->retransmission_number: 2 
     qos->max_transport_latency: 10 
     channel count: 2
  name: SingleDev_TwoChanStereoSnk_TwoChanStereoSrc_16_2_Low_Latency 
    direction: Sink (speaker)
     number of devices: 1 
     number of ASEs: 1 
     strategy: 2 
     qos->target latency: 1 
     qos->retransmission_number: 0 
     qos->max_transport_latency: 0 
     channel count: 2
    direction: Source (mic)
     number of devices: 1 
     number of ASEs: 1 
     strategy: 2 
     qos->target latency: 1 
     qos->retransmission_number: 0 
     qos->max_transport_latency: 0 
     channel count: 2
  name: SingleDev_TwoChanStereoSnk_TwoChanStereoSrc_16_2_1 
    direction: Sink (speaker)
     number of devices: 1 
     number of ASEs: 1 
     strategy: 2 
     qos->target latency: 2 
     qos->retransmission_number: 2 
     qos->max_transport_latency: 10 
     channel count: 2
    direction: Source (mic)
     number of devices: 1 
     number of ASEs: 1 
     strategy: 2 
     qos->target latency: 2 
     qos->retransmission_number: 2 
     qos->max_transport_latency: 10 
     channel count: 2
  name: SingleDev_TwoChanStereoSnk_TwoChanStereoSrc_16_2_2 
    direction: Sink (speaker)
     number of devices: 1 
     number of ASEs: 1 
     strategy: 2 
     qos->target latency: 2 
     qos->retransmission_number: 13 
     qos->max_transport_latency: 95 
     channel count: 2
    direction: Source (mic)
     number of devices: 1 
     number of ASEs: 1 
     strategy: 2 
     qos->target latency: 2 
     qos->retransmission_number: 13 
     qos->max_transport_latency: 95 
     channel count: 2
  name: SingleDev_TwoChanStereoSnk_TwoChanStereoSrc_16_1_Low_Latency 
    direction: Sink (speaker)
     number of devices: 1 
     number of ASEs: 1 
     strategy: 2 
     qos->target latency: 1 
     qos->retransmission_number: 0 
     qos->max_transport_latency: 0 
     channel count: 2
    direction: Source (mic)
     number of devices: 1 
     number of ASEs: 1 
     strategy: 2 
     qos->target latency: 1 
     qos->retransmission_number: 0 
     qos->max_transport_latency: 0 
     channel count: 2
  name: SingleDev_TwoChanStereoSnk_TwoChanStereoSrc_16_1_1 
    direction: Sink (speaker)
     number of devices: 1 
     number of ASEs: 1 
     strategy: 2 
     qos->target latency: 2 
     qos->retransmission_number: 2 
     qos->max_transport_latency: 8 
     channel count: 2
    direction: Source (mic)
     number of devices: 1 
     number of ASEs: 1 
     strategy: 2 
     qos->target latency: 2 
     qos->retransmission_number: 2 
     qos->max_transport_latency: 8 
     channel count: 2
  name: SingleDev_TwoChanStereoSnk_TwoChanStereoSrc_16_1_2 
    direction: Sink (speaker)
     number of devices: 1 
     number of ASEs: 1 
     strategy: 2 
     qos->target latency: 2 
     qos->retransmission_number: 13 
     qos->max_transport_latency: 75 
     channel count: 2
    direction: Source (mic)
     number of devices: 1 
     number of ASEs: 1 
     strategy: 2 
     qos->target latency: 2 
     qos->retransmission_number: 13 
     qos->max_transport_latency: 75 
     channel count: 2
  name: SingleDev_TwoChanStereoSnk_OneChanMonoSrc_32_2_Low_Latency 
    direction: Sink (speaker)
     number of devices: 1 
     number of ASEs: 1 
     strategy: 2 
     qos->target latency: 1 
     qos->retransmission_number: 0 
     qos->max_transport_latency: 0 
     channel count: 2
    direction: Source (mic)
     number of devices: 1 
     number of ASEs: 1 
     strategy: 0 
     qos->target latency: 1 
     qos->retransmission_number: 0 
     qos->max_transport_latency: 0 
     channel count: 1
  name: SingleDev_TwoChanStereoSnk_OneChanMonoSrc_32_2_1 
    direction: Sink (speaker)
     number of devices: 1 
     number of ASEs: 1 
     strategy: 2 
     qos->target latency: 2 
     qos->retransmission_number: 2 
     qos->max_transport_latency: 10 
     channel count: 2
    direction: Source (mic)
     number of devices: 1 
     number of ASEs: 1 
     strategy: 0 
     qos->target latency: 2 
     qos->retransmission_number: 2 
     qos->max_transport_latency: 10 
     channel count: 1
  name: SingleDev_TwoChanStereoSnk_OneChanMonoSrc_16_2_Low_Latency 
    direction: Sink (speaker)
     number of devices: 1 
     number of ASEs: 1 
     strategy: 2 
     qos->target latency: 1 
     qos->retransmission_number: 0 
     qos->max_transport_latency: 0 
     channel count: 2
    direction: Source (mic)
     number of devices: 1 
     number of ASEs: 1 
     strategy: 0 
     qos->target latency: 1 
     qos->retransmission_number: 0 
     qos->max_transport_latency: 0 
     channel count: 1
  name: SingleDev_TwoChanStereoSnk_OneChanMonoSrc_16_2_1 
    direction: Sink (speaker)
     number of devices: 1 
     number of ASEs: 1 
     strategy: 2 
     qos->target latency: 2 
     qos->retransmission_number: 2 
     qos->max_transport_latency: 10 
     channel count: 2
    direction: Source (mic)
     number of devices: 1 
     number of ASEs: 1 
     strategy: 0 
     qos->target latency: 2 
     qos->retransmission_number: 2 
     qos->max_transport_latency: 10 
     channel count: 1
  name: SingleDev_TwoChanStereoSnk_OneChanMonoSrc_16_1_Low_Latency 
    direction: Sink (speaker)
     number of devices: 1 
     number of ASEs: 1 
     strategy: 2 
     qos->target latency: 1 
     qos->retransmission_number: 0 
     qos->max_transport_latency: 0 
     channel count: 2
    direction: Source (mic)
     number of devices: 1 
     number of ASEs: 1 
     strategy: 0 
     qos->target latency: 1 
     qos->retransmission_number: 0 
     qos->max_transport_latency: 0 
     channel count: 1
  name: SingleDev_TwoChanStereoSnk_OneChanMonoSrc_16_1_1 
    direction: Sink (speaker)
     number of devices: 1 
     number of ASEs: 1 
     strategy: 2 
     qos->target latency: 2 
     qos->retransmission_number: 2 
     qos->max_transport_latency: 8 
     channel count: 2
    direction: Source (mic)
     number of devices: 1 
     number of ASEs: 1 
     strategy: 0 
     qos->target latency: 2 
     qos->retransmission_number: 2 
     qos->max_transport_latency: 8 
     channel count: 1
  name: SingleDev_OneChanStereoSnk_OneChanMonoSrc_32_2_Low_Latency 
    direction: Sink (speaker)
     number of devices: 1 
     number of ASEs: 2 
     strategy: 1 
     qos->target latency: 1 
     qos->retransmission_number: 0 
     qos->max_transport_latency: 0 
     channel count: 1
    direction: Source (mic)
     number of devices: 1 
     number of ASEs: 1 
     strategy: 0 
     qos->target latency: 1 
     qos->retransmission_number: 0 
     qos->max_transport_latency: 0 
     channel count: 1
  name: SingleDev_OneChanStereoSnk_OneChanMonoSrc_32_2_1 
    direction: Sink (speaker)
     number of devices: 1 
     number of ASEs: 2 
     strategy: 1 
     qos->target latency: 2 
     qos->retransmission_number: 2 
     qos->max_transport_latency: 10 
     channel count: 1
    direction: Source (mic)
     number of devices: 1 
     number of ASEs: 1 
     strategy: 0 
     qos->target latency: 2 
     qos->retransmission_number: 2 
     qos->max_transport_latency: 10 
     channel count: 1
  name: SingleDev_OneChanStereoSnk_OneChanMonoSrc_16_2_Low_Latency 
    direction: Sink (speaker)
     number of devices: 1 
     number of ASEs: 2 
     strategy: 1 
     qos->target latency: 1 
     qos->retransmission_number: 0 
     qos->max_transport_latency: 0 
     channel count: 1
    direction: Source (mic)
     number of devices: 1 
     number of ASEs: 1 
     strategy: 0 
     qos->target latency: 1 
     qos->retransmission_number: 0 
     qos->max_transport_latency: 0 
     channel count: 1
  name: SingleDev_OneChanStereoSnk_OneChanMonoSrc_16_2_1 
    direction: Sink (speaker)
     number of devices: 1 
     number of ASEs: 2 
     strategy: 1 
     qos->target latency: 2 
     qos->retransmission_number: 2 
     qos->max_transport_latency: 10 
     channel count: 1
    direction: Source (mic)
     number of devices: 1 
     number of ASEs: 1 
     strategy: 0 
     qos->target latency: 2 
     qos->retransmission_number: 2 
     qos->max_transport_latency: 10 
     channel count: 1
  name: SingleDev_OneChanStereoSnk_OneChanMonoSrc_16_1_Low_Latency 
    direction: Sink (speaker)
     number of devices: 1 
     number of ASEs: 2 
     strategy: 1 
     qos->target latency: 1 
     qos->retransmission_number: 0 
     qos->max_transport_latency: 0 
     channel count: 1
    direction: Source (mic)
     number of devices: 1 
     number of ASEs: 1 
     strategy: 0 
     qos->target latency: 1 
     qos->retransmission_number: 0 
     qos->max_transport_latency: 0 
     channel count: 1
  name: SingleDev_OneChanStereoSnk_OneChanMonoSrc_16_1_1 
    direction: Sink (speaker)
     number of devices: 1 
     number of ASEs: 2 
     strategy: 1 
     qos->target latency: 2 
     qos->retransmission_number: 2 
     qos->max_transport_latency: 8 
     channel count: 1
    direction: Source (mic)
     number of devices: 1 
     number of ASEs: 1 
     strategy: 0 
     qos->target latency: 2 
     qos->retransmission_number: 2 
     qos->max_transport_latency: 8 
     channel count: 1
  name: SingleDev_OneChanMonoSnk_OneChanMonoSrc_32_2_Low_Latency 
    direction: Sink (speaker)
     number of devices: 1 
     number of ASEs: 1 
     strategy: 0 
     qos->target latency: 1 
     qos->retransmission_number: 0 
     qos->max_transport_latency: 0 
     channel count: 1
    direction: Source (mic)
     number of devices: 1 
     number of ASEs: 1 
     strategy: 0 
     qos->target latency: 1 
     qos->retransmission_number: 0 
     qos->max_transport_latency: 0 
     channel count: 1
  name: SingleDev_OneChanMonoSnk_OneChanMonoSrc_32_2_1 
    direction: Sink (speaker)
     number of devices: 1 
     number of ASEs: 1 
     strategy: 0 
     qos->target latency: 2 
     qos->retransmission_number: 2 
     qos->max_transport_latency: 10 
     channel count: 1
    direction: Source (mic)
     number of devices: 1 
     number of ASEs: 1 
     strategy: 0 
     qos->target latency: 2 
     qos->retransmission_number: 2 
     qos->max_transport_latency: 10 
     channel count: 1
  name: SingleDev_OneChanMonoSnk_OneChanMonoSrc_16_2_Low_Latency 
    direction: Sink (speaker)
     number of devices: 1 
     number of ASEs: 1 
     strategy: 0 
     qos->target latency: 1 
     qos->retransmission_number: 0 
     qos->max_transport_latency: 0 
     channel count: 1
    direction: Source (mic)
     number of devices: 1 
     number of ASEs: 1 
     strategy: 0 
     qos->target latency: 1 
     qos->retransmission_number: 0 
     qos->max_transport_latency: 0 
     channel count: 1
  name: SingleDev_OneChanMonoSnk_OneChanMonoSrc_16_2_1 
    direction: Sink (speaker)
     number of devices: 1 
     number of ASEs: 1 
     strategy: 0 
     qos->target latency: 2 
     qos->retransmission_number: 2 
     qos->max_transport_latency: 10 
     channel count: 1
    direction: Source (mic)
     number of devices: 1 
     number of ASEs: 1 
     strategy: 0 
     qos->target latency: 2 
     qos->retransmission_number: 2 
     qos->max_transport_latency: 10 
     channel count: 1
  name: SingleDev_OneChanMonoSnk_OneChanMonoSrc_16_1_Low_Latency 
    direction: Sink (speaker)
     number of devices: 1 
     number of ASEs: 1 
     strategy: 0 
     qos->target latency: 1 
     qos->retransmission_number: 0 
     qos->max_transport_latency: 0 
     channel count: 1
    direction: Source (mic)
     number of devices: 1 
     number of ASEs: 1 
     strategy: 0 
     qos->target latency: 1 
     qos->retransmission_number: 0 
     qos->max_transport_latency: 0 
     channel count: 1
  name: SingleDev_OneChanMonoSnk_OneChanMonoSrc_16_1_1 
    direction: Sink (speaker)
     number of devices: 1 
     number of ASEs: 1 
     strategy: 0 
     qos->target latency: 2 
     qos->retransmission_number: 2 
     qos->max_transport_latency: 8 
     channel count: 1
    direction: Source (mic)
     number of devices: 1 
     number of ASEs: 1 
     strategy: 0 
     qos->target latency: 2 
     qos->retransmission_number: 2 
     qos->max_transport_latency: 8 
     channel count: 1
  name: DualDev_OneChanMonoSrc_16_2_Balanced_Reliability 
    direction: Source (mic)
     number of devices: 2 
     number of ASEs: 2 
     strategy: 0 
     qos->target latency: 2 
     qos->retransmission_number: 0 
     qos->max_transport_latency: 0 
     channel count: 1
  name: SingleDev_OneChanStereoSrc_16_2_Balanced_Reliability 
    direction: Source (mic)
     number of devices: 1 
     number of ASEs: 2 
     strategy: 1 
     qos->target latency: 2 
     qos->retransmission_number: 0 
     qos->max_transport_latency: 0 
     channel count: 1
  name: SingleDev_OneChanMonoSrc_48_4_Balanced_Reliability 
    direction: Source (mic)
     number of devices: 1 
     number of ASEs: 1 
     strategy: 0 
     qos->target latency: 2 
     qos->retransmission_number: 0 
     qos->max_transport_latency: 0 
     channel count: 1
  name: SingleDev_OneChanMonoSrc_48_2_Balanced_Reliability 
    direction: Source (mic)
     number of devices: 1 
     number of ASEs: 1 
     strategy: 0 
     qos->target latency: 2 
     qos->retransmission_number: 0 
     qos->max_transport_latency: 0 
     channel count: 1
  name: SingleDev_OneChanMonoSrc_48_3_Balanced_Reliability 
    direction: Source (mic)
     number of devices: 1 
     number of ASEs: 1 
     strategy: 0 
     qos->target latency: 2 
     qos->retransmission_number: 0 
     qos->max_transport_latency: 0 
     channel count: 1
  name: SingleDev_OneChanMonoSrc_48_1_Balanced_Reliability 
    direction: Source (mic)
     number of devices: 1 
     number of ASEs: 1 
     strategy: 0 
     qos->target latency: 2 
     qos->retransmission_number: 0 
     qos->max_transport_latency: 0 
     channel count: 1
  name: SingleDev_OneChanMonoSrc_32_2_Balanced_Reliability 
    direction: Source (mic)
     number of devices: 1 
     number of ASEs: 1 
     strategy: 0 
     qos->target latency: 2 
     qos->retransmission_number: 0 
     qos->max_transport_latency: 0 
     channel count: 1
  name: SingleDev_OneChanMonoSrc_32_1_Balanced_Reliability 
    direction: Source (mic)
     number of devices: 1 
     number of ASEs: 1 
     strategy: 0 
     qos->target latency: 2 
     qos->retransmission_number: 0 
     qos->max_transport_latency: 0 
     channel count: 1
  name: SingleDev_OneChanMonoSrc_24_2_Balanced_Reliability 
    direction: Source (mic)
     number of devices: 1 
     number of ASEs: 1 
     strategy: 0 
     qos->target latency: 2 
     qos->retransmission_number: 0 
     qos->max_transport_latency: 0 
     channel count: 1
  name: SingleDev_OneChanMonoSrc_24_1_Balanced_Reliability 
    direction: Source (mic)
     number of devices: 1 
     number of ASEs: 1 
     strategy: 0 
     qos->target latency: 2 
     qos->retransmission_number: 0 
     qos->max_transport_latency: 0 
     channel count: 1
  name: SingleDev_OneChanMonoSrc_16_2_Balanced_Reliability 
    direction: Source (mic)
     number of devices: 1 
     number of ASEs: 1 
     strategy: 0 
     qos->target latency: 2 
     qos->retransmission_number: 0 
     qos->max_transport_latency: 0 
     channel count: 1
  name: SingleDev_OneChanMonoSrc_16_1_Balanced_Reliability 
    direction: Source (mic)
     number of devices: 1 
     number of ASEs: 1 
     strategy: 0 
     qos->target latency: 2 
     qos->retransmission_number: 0 
     qos->max_transport_latency: 0 
     channel count: 1
  name: DualDev_OneChanMonoSnk_16_2_Balanced_Reliability 
    direction: Sink (speaker)
     number of devices: 2 
     number of ASEs: 2 
     strategy: 0 
     qos->target latency: 2 
     qos->retransmission_number: 0 
     qos->max_transport_latency: 0 
     channel count: 1
  name: SingleDev_OneChanStereoSnk_16_2_Balanced_Reliability 
    direction: Sink (speaker)
     number of devices: 1 
     number of ASEs: 2 
     strategy: 1 
     qos->target latency: 2 
     qos->retransmission_number: 0 
     qos->max_transport_latency: 0 
     channel count: 1
  name: SingleDev_TwoChanStereoSnk_16_2_Balanced_Reliability 
    direction: Sink (speaker)
     number of devices: 1 
     number of ASEs: 1 
     strategy: 2 
     qos->target latency: 2 
     qos->retransmission_number: 0 
     qos->max_transport_latency: 0 
     channel count: 2
  name: SingleDev_OneChanMonoSnk_16_2_Balanced_Reliability 
    direction: Sink (speaker)
     number of devices: 1 
     number of ASEs: 1 
     strategy: 0 
     qos->target latency: 2 
     qos->retransmission_number: 0 
     qos->max_transport_latency: 0 
     channel count: 1

  === Configurations for context type: 4, num: 69 
  name: DualDev_OneChanStereoSnk_48_4_High_Reliability 
    direction: Sink (speaker)
     number of devices: 2 
     number of ASEs: 2 
     strategy: 0 
     qos->target latency: 3 
     qos->retransmission_number: 0 
     qos->max_transport_latency: 0 
     channel count: 1
  name: DualDev_OneChanStereoSnk_48_4_2 
    direction: Sink (speaker)
     number of devices: 2 
     number of ASEs: 2 
     strategy: 0 
     qos->target latency: 2 
     qos->retransmission_number: 13 
     qos->max_transport_latency: 100 
     channel count: 1
  name: DualDev_OneChanStereoSnk_48_2_High_Reliability 
    direction: Sink (speaker)
     number of devices: 2 
     number of ASEs: 2 
     strategy: 0 
     qos->target latency: 3 
     qos->retransmission_number: 0 
     qos->max_transport_latency: 0 
     channel count: 1
  name: DualDev_OneChanStereoSnk_48_2_2 
    direction: Sink (speaker)
     number of devices: 2 
     number of ASEs: 2 
     strategy: 0 
     qos->target latency: 2 
     qos->retransmission_number: 13 
     qos->max_transport_latency: 95 
     channel count: 1
  name: DualDev_OneChanStereoSnk_48_3_High_Reliability 
    direction: Sink (speaker)
     number of devices: 2 
     number of ASEs: 2 
     strategy: 0 
     qos->target latency: 3 
     qos->retransmission_number: 0 
     qos->max_transport_latency: 0 
     channel count: 1
  name: DualDev_OneChanStereoSnk_48_3_2 
    direction: Sink (speaker)
     number of devices: 2 
     number of ASEs: 2 
     strategy: 0 
     qos->target latency: 2 
     qos->retransmission_number: 13 
     qos->max_transport_latency: 75 
     channel count: 1
  name: DualDev_OneChanStereoSnk_48_1_High_Reliability 
    direction: Sink (speaker)
     number of devices: 2 
     number of ASEs: 2 
     strategy: 0 
     qos->target latency: 3 
     qos->retransmission_number: 0 
     qos->max_transport_latency: 0 
     channel count: 1
  name: DualDev_OneChanStereoSnk_48_1_2 
    direction: Sink (speaker)
     number of devices: 2 
     number of ASEs: 2 
     strategy: 0 
     qos->target latency: 2 
     qos->retransmission_number: 13 
     qos->max_transport_latency: 75 
     channel count: 1
  name: DualDev_OneChanStereoSnk_24_2_Balanced_Reliability 
    direction: Sink (speaker)
     number of devices: 2 
     number of ASEs: 2 
     strategy: 0 
     qos->target latency: 2 
     qos->retransmission_number: 0 
     qos->max_transport_latency: 0 
     channel count: 1
  name: DualDev_OneChanStereoSnk_24_2_2 
    direction: Sink (speaker)
     number of devices: 2 
     number of ASEs: 2 
     strategy: 0 
     qos->target latency: 2 
     qos->retransmission_number: 13 
     qos->max_transport_latency: 95 
     channel count: 1
  name: DualDev_OneChanStereoSnk_16_2_Balanced_Reliability 
    direction: Sink (speaker)
     number of devices: 2 
     number of ASEs: 2 
     strategy: 0 
     qos->target latency: 2 
     qos->retransmission_number: 0 
     qos->max_transport_latency: 0 
     channel count: 1
  name: DualDev_OneChanStereoSnk_16_2_2 
    direction: Sink (speaker)
     number of devices: 2 
     number of ASEs: 2 
     strategy: 0 
     qos->target latency: 2 
     qos->retransmission_number: 13 
     qos->max_transport_latency: 95 
     channel count: 1
  name: DualDev_OneChanStereoSnk_16_1_Balanced_Reliability 
    direction: Sink (speaker)
     number of devices: 2 
     number of ASEs: 2 
     strategy: 0 
     qos->target latency: 2 
     qos->retransmission_number: 0 
     qos->max_transport_latency: 0 
     channel count: 1
  name: DualDev_OneChanStereoSnk_16_1_2 
    direction: Sink (speaker)
     number of devices: 2 
     number of ASEs: 2 
     strategy: 0 
     qos->target latency: 2 
     qos->retransmission_number: 13 
     qos->max_transport_latency: 75 
     channel count: 1
  name: SingleDev_OneChanStereoSnk_48_4_High_Reliability 
    direction: Sink (speaker)
     number of devices: 1 
     number of ASEs: 2 
     strategy: 1 
     qos->target latency: 3 
     qos->retransmission_number: 0 
     qos->max_transport_latency: 0 
     channel count: 1
  name: SingleDev_OneChanStereoSnk_48_4_2 
    direction: Sink (speaker)
     number of devices: 1 
     number of ASEs: 2 
     strategy: 1 
     qos->target latency: 2 
     qos->retransmission_number: 13 
     qos->max_transport_latency: 100 
     channel count: 1
  name: SingleDev_OneChanStereoSnk_48_2_High_Reliability 
    direction: Sink (speaker)
     number of devices: 1 
     number of ASEs: 2 
     strategy: 1 
     qos->target latency: 3 
     qos->retransmission_number: 0 
     qos->max_transport_latency: 0 
     channel count: 1
  name: SingleDev_OneChanStereoSnk_48_2_2 
    direction: Sink (speaker)
     number of devices: 1 
     number of ASEs: 2 
     strategy: 1 
     qos->target latency: 2 
     qos->retransmission_number: 13 
     qos->max_transport_latency: 95 
     channel count: 1
  name: SingleDev_OneChanStereoSnk_48_3_High_Reliability 
    direction: Sink (speaker)
     number of devices: 1 
     number of ASEs: 2 
     strategy: 1 
     qos->target latency: 3 
     qos->retransmission_number: 0 
     qos->max_transport_latency: 0 
     channel count: 1
  name: SingleDev_OneChanStereoSnk_48_3_2 
    direction: Sink (speaker)
     number of devices: 1 
     number of ASEs: 2 
     strategy: 1 
     qos->target latency: 2 
     qos->retransmission_number: 13 
     qos->max_transport_latency: 75 
     channel count: 1
  name: SingleDev_OneChanStereoSnk_48_1_High_Reliability 
    direction: Sink (speaker)
     number of devices: 1 
     number of ASEs: 2 
     strategy: 1 
     qos->target latency: 3 
     qos->retransmission_number: 0 
     qos->max_transport_latency: 0 
     channel count: 1
  name: SingleDev_OneChanStereoSnk_48_1_2 
    direction: Sink (speaker)
     number of devices: 1 
     number of ASEs: 2 
     strategy: 1 
     qos->target latency: 2 
     qos->retransmission_number: 13 
     qos->max_transport_latency: 75 
     channel count: 1
  name: SingleDev_OneChanStereoSnk_24_2_Balanced_Reliability 
    direction: Sink (speaker)
     number of devices: 1 
     number of ASEs: 2 
     strategy: 1 
     qos->target latency: 2 
     qos->retransmission_number: 0 
     qos->max_transport_latency: 0 
     channel count: 1
  name: SingleDev_OneChanStereoSnk_24_2_2 
    direction: Sink (speaker)
     number of devices: 1 
     number of ASEs: 2 
     strategy: 1 
     qos->target latency: 2 
     qos->retransmission_number: 13 
     qos->max_transport_latency: 95 
     channel count: 1
  name: SingleDev_OneChanStereoSnk_16_2_Balanced_Reliability 
    direction: Sink (speaker)
     number of devices: 1 
     number of ASEs: 2 
     strategy: 1 
     qos->target latency: 2 
     qos->retransmission_number: 0 
     qos->max_transport_latency: 0 
     channel count: 1
  name: SingleDev_OneChanStereoSnk_16_2_2 
    direction: Sink (speaker)
     number of devices: 1 
     number of ASEs: 2 
     strategy: 1 
     qos->target latency: 2 
     qos->retransmission_number: 13 
     qos->max_transport_latency: 95 
     channel count: 1
  name: SingleDev_OneChanStereoSnk_16_1_Balanced_Reliability 
    direction: Sink (speaker)
     number of devices: 1 
     number of ASEs: 2 
     strategy: 1 
     qos->target latency: 2 
     qos->retransmission_number: 0 
     qos->max_transport_latency: 0 
     channel count: 1
  name: SingleDev_OneChanStereoSnk_16_1_2 
    direction: Sink (speaker)
     number of devices: 1 
     number of ASEs: 2 
     strategy: 1 
     qos->target latency: 2 
     qos->retransmission_number: 13 
     qos->max_transport_latency: 75 
     channel count: 1
  name: SingleDev_TwoChanStereoSnk_48_4_High_Reliability 
    direction: Sink (speaker)
     number of devices: 1 
     number of ASEs: 1 
     strategy: 2 
     qos->target latency: 3 
     qos->retransmission_number: 0 
     qos->max_transport_latency: 0 
     channel count: 2
  name: SingleDev_TwoChanStereoSnk_48_4_2 
    direction: Sink (speaker)
     number of devices: 1 
     number of ASEs: 1 
     strategy: 2 
     qos->target latency: 2 
     qos->retransmission_number: 13 
     qos->max_transport_latency: 100 
     channel count: 2
  name: SingleDev_TwoChanStereoSnk_48_4_High_Reliability 
    direction: Sink (speaker)
     number of devices: 1 
     number of ASEs: 1 
     strategy: 2 
     qos->target latency: 3 
     qos->retransmission_number: 0 
     qos->max_transport_latency: 0 
     channel count: 2
  name: SingleDev_TwoChanStereoSnk_48_4_2 
    direction: Sink (speaker)
     number of devices: 1 
     number of ASEs: 1 
     strategy: 2 
     qos->target latency: 2 
     qos->retransmission_number: 13 
     qos->max_transport_latency: 100 
     channel count: 2
  name: SingleDev_TwoChanStereoSnk_48_2_High_Reliability 
    direction: Sink (speaker)
     number of devices: 1 
     number of ASEs: 1 
     strategy: 2 
     qos->target latency: 3 
     qos->retransmission_number: 0 
     qos->max_transport_latency: 0 
     channel count: 2
  name: SingleDev_TwoChanStereoSnk_48_2_2 
    direction: Sink (speaker)
     number of devices: 1 
     number of ASEs: 1 
     strategy: 2 
     qos->target latency: 2 
     qos->retransmission_number: 13 
     qos->max_transport_latency: 95 
     channel count: 2
  name: SingleDev_TwoChanStereoSnk_48_3_High_Reliability 
    direction: Sink (speaker)
     number of devices: 1 
     number of ASEs: 1 
     strategy: 2 
     qos->target latency: 3 
     qos->retransmission_number: 0 
     qos->max_transport_latency: 0 
     channel count: 2
  name: SingleDev_TwoChanStereoSnk_48_3_2 
    direction: Sink (speaker)
     number of devices: 1 
     number of ASEs: 1 
     strategy: 2 
     qos->target latency: 2 
     qos->retransmission_number: 13 
     qos->max_transport_latency: 75 
     channel count: 2
  name: SingleDev_TwoChanStereoSnk_48_1_High_Reliability 
    direction: Sink (speaker)
     number of devices: 1 
     number of ASEs: 1 
     strategy: 2 
     qos->target latency: 3 
     qos->retransmission_number: 0 
     qos->max_transport_latency: 0 
     channel count: 2
  name: SingleDev_TwoChanStereoSnk_48_1_2 
    direction: Sink (speaker)
     number of devices: 1 
     number of ASEs: 1 
     strategy: 2 
     qos->target latency: 2 
     qos->retransmission_number: 13 
     qos->max_transport_latency: 75 
     channel count: 2
  name: SingleDev_TwoChanStereoSnk_24_2_Balanced_Reliability 
    direction: Sink (speaker)
     number of devices: 1 
     number of ASEs: 1 
     strategy: 2 
     qos->target latency: 2 
     qos->retransmission_number: 0 
     qos->max_transport_latency: 0 
     channel count: 2
  name: SingleDev_TwoChanStereoSnk_24_2_2 
    direction: Sink (speaker)
     number of devices: 1 
     number of ASEs: 1 
     strategy: 2 
     qos->target latency: 2 
     qos->retransmission_number: 13 
     qos->max_transport_latency: 95 
     channel count: 2
  name: SingleDev_TwoChanStereoSnk_16_2_Balanced_Reliability 
    direction: Sink (speaker)
     number of devices: 1 
     number of ASEs: 1 
     strategy: 2 
     qos->target latency: 2 
     qos->retransmission_number: 0 
     qos->max_transport_latency: 0 
     channel count: 2
  name: SingleDev_TwoChanStereoSnk_16_2_2 
    direction: Sink (speaker)
     number of devices: 1 
     number of ASEs: 1 
     strategy: 2 
     qos->target latency: 2 
     qos->retransmission_number: 13 
     qos->max_transport_latency: 95 
     channel count: 2
  name: SingleDev_TwoChanStereoSnk_16_1_Balanced_Reliability 
    direction: Sink (speaker)
     number of devices: 1 
     number of ASEs: 1 
     strategy: 2 
     qos->target latency: 2 
     qos->retransmission_number: 0 
     qos->max_transport_latency: 0 
     channel count: 2
  name: SingleDev_TwoChanStereoSnk_16_1_2 
    direction: Sink (speaker)
     number of devices: 1 
     number of ASEs: 1 
     strategy: 2 
     qos->target latency: 2 
     qos->retransmission_number: 13 
     qos->max_transport_latency: 75 
     channel count: 2
  name: SingleDev_OneChanMonoSnk_48_4_High_Reliability 
    direction: Sink (speaker)
     number of devices: 1 
     number of ASEs: 1 
     strategy: 0 
     qos->target latency: 3 
     qos->retransmission_number: 0 
     qos->max_transport_latency: 0 
     channel count: 1
  name: SingleDev_OneChanMonoSnk_48_4_2 
    direction: Sink (speaker)
     number of devices: 1 
     number of ASEs: 1 
     strategy: 0 
     qos->target latency: 2 
     qos->retransmission_number: 13 
     qos->max_transport_latency: 100 
     channel count: 1
  name: SingleDev_OneChanMonoSnk_48_2_High_Reliability 
    direction: Sink (speaker)
     number of devices: 1 
     number of ASEs: 1 
     strategy: 0 
     qos->target latency: 3 
     qos->retransmission_number: 0 
     qos->max_transport_latency: 0 
     channel count: 1
  name: SingleDev_OneChanMonoSnk_48_2_2 
    direction: Sink (speaker)
     number of devices: 1 
     number of ASEs: 1 
     strategy: 0 
     qos->target latency: 2 
     qos->retransmission_number: 13 
     qos->max_transport_latency: 95 
     channel count: 1
  name: SingleDev_OneChanMonoSnk_48_3_High_Reliability 
    direction: Sink (speaker)
     number of devices: 1 
     number of ASEs: 1 
     strategy: 0 
     qos->target latency: 3 
     qos->retransmission_number: 0 
     qos->max_transport_latency: 0 
     channel count: 1
  name: SingleDev_OneChanMonoSnk_48_3_2 
    direction: Sink (speaker)
     number of devices: 1 
     number of ASEs: 1 
     strategy: 0 
     qos->target latency: 2 
     qos->retransmission_number: 13 
     qos->max_transport_latency: 75 
     channel count: 1
  name: SingleDev_OneChanMonoSnk_48_1_High_Reliability 
    direction: Sink (speaker)
     number of devices: 1 
     number of ASEs: 1 
     strategy: 0 
     qos->target latency: 3 
     qos->retransmission_number: 0 
     qos->max_transport_latency: 0 
     channel count: 1
  name: SingleDev_OneChanMonoSnk_48_1_2 
    direction: Sink (speaker)
     number of devices: 1 
     number of ASEs: 1 
     strategy: 0 
     qos->target latency: 2 
     qos->retransmission_number: 13 
     qos->max_transport_latency: 75 
     channel count: 1
  name: SingleDev_OneChanMonoSnk_32_2_Balanced_Reliability 
    direction: Sink (speaker)
     number of devices: 1 
     number of ASEs: 1 
     strategy: 0 
     qos->target latency: 2 
     qos->retransmission_number: 0 
     qos->max_transport_latency: 0 
     channel count: 1
  name: SingleDev_OneChanMonoSnk_32_1_Balanced_Reliability 
    direction: Sink (speaker)
     number of devices: 1 
     number of ASEs: 1 
     strategy: 0 
     qos->target latency: 2 
     qos->retransmission_number: 0 
     qos->max_transport_latency: 0 
     channel count: 1
  name: SingleDev_OneChanMonoSnk_24_2_Balanced_Reliability 
    direction: Sink (speaker)
     number of devices: 1 
     number of ASEs: 1 
     strategy: 0 
     qos->target latency: 2 
     qos->retransmission_number: 0 
     qos->max_transport_latency: 0 
     channel count: 1
  name: SingleDev_OneChanMonoSnk_24_2_2 
    direction: Sink (speaker)
     number of devices: 1 
     number of ASEs: 1 
     strategy: 0 
     qos->target latency: 2 
     qos->retransmission_number: 13 
     qos->max_transport_latency: 95 
     channel count: 1
  name: SingleDev_OneChanMonoSnk_16_2_Balanced_Reliability 
    direction: Sink (speaker)
     number of devices: 1 
     number of ASEs: 1 
     strategy: 0 
     qos->target latency: 2 
     qos->retransmission_number: 0 
     qos->max_transport_latency: 0 
     channel count: 1
  name: SingleDev_OneChanMonoSnk_16_2_2 
    direction: Sink (speaker)
     number of devices: 1 
     number of ASEs: 1 
     strategy: 0 
     qos->target latency: 2 
     qos->retransmission_number: 13 
     qos->max_transport_latency: 95 
     channel count: 1
  name: SingleDev_OneChanMonoSnk_16_1_Balanced_Reliability 
    direction: Sink (speaker)
     number of devices: 1 
     number of ASEs: 1 
     strategy: 0 
     qos->target latency: 2 
     qos->retransmission_number: 0 
     qos->max_transport_latency: 0 
     channel count: 1
  name: SingleDev_OneChanMonoSnk_16_1_2 
    direction: Sink (speaker)
     number of devices: 1 
     number of ASEs: 1 
     strategy: 0 
     qos->target latency: 2 
     qos->retransmission_number: 13 
     qos->max_transport_latency: 75 
     channel count: 1
  name: VND_DualDev_OneChanStereoSnk_48khz_100octs_High_Reliability_1 
    direction: Sink (speaker)
     number of devices: 2 
     number of ASEs: 2 
     strategy: 0 
     qos->target latency: 3 
     qos->retransmission_number: 0 
     qos->max_transport_latency: 0 
     channel count: 1
  name: VND_DualDev_OneChanStereoSnk_48khz_100octs_R15_L70_1 
    direction: Sink (speaker)
     number of devices: 2 
     number of ASEs: 2 
     strategy: 0 
     qos->target latency: 2 
     qos->retransmission_number: 15 
     qos->max_transport_latency: 70 
     channel count: 1
  name: VND_SingleDev_TwoChanStereoSnk_48khz_100octs_High_Reliability_1 
    direction: Sink (speaker)
     number of devices: 1 
     number of ASEs: 1 
     strategy: 2 
     qos->target latency: 3 
     qos->retransmission_number: 0 
     qos->max_transport_latency: 0 
     channel count: 2
  name: VND_SingleDev_TwoChanStereoSnk_48khz_100octs_R15_L70_1 
    direction: Sink (speaker)
     number of devices: 1 
     number of ASEs: 1 
     strategy: 2 
     qos->target latency: 2 
     qos->retransmission_number: 15 
     qos->max_transport_latency: 70 
     channel count: 2
  name: VND_SingleDev_OneChanStereoSnk_48khz_100octs_High_Reliability_1 
    direction: Sink (speaker)
     number of devices: 1 
     number of ASEs: 2 
     strategy: 1 
     qos->target latency: 3 
     qos->retransmission_number: 0 
     qos->max_transport_latency: 0 
     channel count: 1
  name: VND_SingleDev_OneChanStereoSnk_48khz_100octs_R15_L70_1 
    direction: Sink (speaker)
     number of devices: 1 
     number of ASEs: 2 
     strategy: 1 
     qos->target latency: 2 
     qos->retransmission_number: 15 
     qos->max_transport_latency: 70 
     channel count: 1
  name: DualDev_OneChanMonoSrc_16_2_Balanced_Reliability 
    direction: Source (mic)
     number of devices: 2 
     number of ASEs: 2 
     strategy: 0 
     qos->target latency: 2 
     qos->retransmission_number: 0 
     qos->max_transport_latency: 0 
     channel count: 1
  name: SingleDev_OneChanStereoSrc_16_2_Balanced_Reliability 
    direction: Source (mic)
     number of devices: 1 
     number of ASEs: 2 
     strategy: 1 
     qos->target latency: 2 
     qos->retransmission_number: 0 
     qos->max_transport_latency: 0 
     channel count: 1
  name: SingleDev_OneChanMonoSrc_16_2_Balanced_Reliability 
    direction: Source (mic)
     number of devices: 1 
     number of ASEs: 1 
     strategy: 0 
     qos->target latency: 2 
     qos->retransmission_number: 0 
     qos->max_transport_latency: 0 
     channel count: 1

  === Configurations for context type: 8, num: 45 
  name: DualDev_OneChanStereoSnk_OneChanStereoSrc_16_2_Low_Latency 
    direction: Sink (speaker)
     number of devices: 2 
     number of ASEs: 2 
     strategy: 0 
     qos->target latency: 1 
     qos->retransmission_number: 0 
     qos->max_transport_latency: 0 
     channel count: 1
    direction: Source (mic)
     number of devices: 2 
     number of ASEs: 2 
     strategy: 0 
     qos->target latency: 1 
     qos->retransmission_number: 0 
     qos->max_transport_latency: 0 
     channel count: 1
  name: DualDev_OneChanStereoSnk_OneChanStereoSrc_16_1_Low_Latency 
    direction: Sink (speaker)
     number of devices: 2 
     number of ASEs: 2 
     strategy: 0 
     qos->target latency: 1 
     qos->retransmission_number: 0 
     qos->max_transport_latency: 0 
     channel count: 1
    direction: Source (mic)
     number of devices: 2 
     number of ASEs: 2 
     strategy: 0 
     qos->target latency: 1 
     qos->retransmission_number: 0 
     qos->max_transport_latency: 0 
     channel count: 1
  name: SingleDev_TwoChanStereoSnk_TwoChanStereoSrc_32_2_Low_Latency 
    direction: Sink (speaker)
     number of devices: 1 
     number of ASEs: 1 
     strategy: 2 
     qos->target latency: 1 
     qos->retransmission_number: 0 
     qos->max_transport_latency: 0 
     channel count: 2
    direction: Source (mic)
     number of devices: 1 
     number of ASEs: 1 
     strategy: 2 
     qos->target latency: 1 
     qos->retransmission_number: 0 
     qos->max_transport_latency: 0 
     channel count: 2
  name: SingleDev_TwoChanStereoSnk_TwoChanStereoSrc_16_2_Low_Latency 
    direction: Sink (speaker)
     number of devices: 1 
     number of ASEs: 1 
     strategy: 2 
     qos->target latency: 1 
     qos->retransmission_number: 0 
     qos->max_transport_latency: 0 
     channel count: 2
    direction: Source (mic)
     number of devices: 1 
     number of ASEs: 1 
     strategy: 2 
     qos->target latency: 1 
     qos->retransmission_number: 0 
     qos->max_transport_latency: 0 
     channel count: 2
  name: SingleDev_TwoChanStereoSnk_TwoChanStereoSrc_16_1_Low_Latency 
    direction: Sink (speaker)
     number of devices: 1 
     number of ASEs: 1 
     strategy: 2 
     qos->target latency: 1 
     qos->retransmission_number: 0 
     qos->max_transport_latency: 0 
     channel count: 2
    direction: Source (mic)
     number of devices: 1 
     number of ASEs: 1 
     strategy: 2 
     qos->target latency: 1 
     qos->retransmission_number: 0 
     qos->max_transport_latency: 0 
     channel count: 2
  name: SingleDev_TwoChanStereoSnk_OneChanMonoSrc_32_2_Low_Latency 
    direction: Sink (speaker)
     number of devices: 1 
     number of ASEs: 1 
     strategy: 2 
     qos->target latency: 1 
     qos->retransmission_number: 0 
     qos->max_transport_latency: 0 
     channel count: 2
    direction: Source (mic)
     number of devices: 1 
     number of ASEs: 1 
     strategy: 0 
     qos->target latency: 1 
     qos->retransmission_number: 0 
     qos->max_transport_latency: 0 
     channel count: 1
  name: SingleDev_TwoChanStereoSnk_OneChanMonoSrc_16_2_Low_Latency 
    direction: Sink (speaker)
     number of devices: 1 
     number of ASEs: 1 
     strategy: 2 
     qos->target latency: 1 
     qos->retransmission_number: 0 
     qos->max_transport_latency: 0 
     channel count: 2
    direction: Source (mic)
     number of devices: 1 
     number of ASEs: 1 
     strategy: 0 
     qos->target latency: 1 
     qos->retransmission_number: 0 
     qos->max_transport_latency: 0 
     channel count: 1
  name: SingleDev_TwoChanStereoSnk_OneChanMonoSrc_16_1_Low_Latency 
    direction: Sink (speaker)
     number of devices: 1 
     number of ASEs: 1 
     strategy: 2 
     qos->target latency: 1 
     qos->retransmission_number: 0 
     qos->max_transport_latency: 0 
     channel count: 2
    direction: Source (mic)
     number of devices: 1 
     number of ASEs: 1 
     strategy: 0 
     qos->target latency: 1 
     qos->retransmission_number: 0 
     qos->max_transport_latency: 0 
     channel count: 1
  name: VND_SingleDev_TwoChanStereoSnk_48khz_75octs_TwoChanStereoSrc_16khz_30octs_Balanced_Reliability_1 
    direction: Sink (speaker)
     number of devices: 1 
     number of ASEs: 1 
     strategy: 2 
     qos->target latency: 2 
     qos->retransmission_number: 0 
     qos->max_transport_latency: 0 
     channel count: 2
    direction: Source (mic)
     number of devices: 1 
     number of ASEs: 1 
     strategy: 2 
     qos->target latency: 2 
     qos->retransmission_number: 0 
     qos->max_transport_latency: 0 
     channel count: 2
  name: VND_SingleDev_TwoChanStereoSnk_48khz_75octs_R5_L12_TwoChanStereoSrc_16khz_30octs_R3_L12_1 
    direction: Sink (speaker)
     number of devices: 1 
     number of ASEs: 1 
     strategy: 2 
     qos->target latency: 2 
     qos->retransmission_number: 5 
     qos->max_transport_latency: 12 
     channel count: 2
    direction: Source (mic)
     number of devices: 1 
     number of ASEs: 1 
     strategy: 2 
     qos->target latency: 2 
     qos->retransmission_number: 3 
     qos->max_transport_latency: 12 
     channel count: 2
  name: VND_SingleDev_TwoChanStereoSnk_48khz_75octs_High_Reliability_1 
    direction: Sink (speaker)
     number of devices: 1 
     number of ASEs: 1 
     strategy: 2 
     qos->target latency: 3 
     qos->retransmission_number: 0 
     qos->max_transport_latency: 0 
     channel count: 2
  name: VND_SingleDev_TwoChanStereoSnk_48khz_75octs_R5_L12_1 
    direction: Sink (speaker)
     number of devices: 1 
     number of ASEs: 1 
     strategy: 2 
     qos->target latency: 2 
     qos->retransmission_number: 5 
     qos->max_transport_latency: 12 
     channel count: 2
  name: SingleDev_OneChanStereoSnk_OneChanMonoSrc_32_2_Low_Latency 
    direction: Sink (speaker)
     number of devices: 1 
     number of ASEs: 2 
     strategy: 1 
     qos->target latency: 1 
     qos->retransmission_number: 0 
     qos->max_transport_latency: 0 
     channel count: 1
    direction: Source (mic)
     number of devices: 1 
     number of ASEs: 1 
     strategy: 0 
     qos->target latency: 1 
     qos->retransmission_number: 0 
     qos->max_transport_latency: 0 
     channel count: 1
  name: SingleDev_OneChanStereoSnk_OneChanMonoSrc_16_2_Low_Latency 
    direction: Sink (speaker)
     number of devices: 1 
     number of ASEs: 2 
     strategy: 1 
     qos->target latency: 1 
     qos->retransmission_number: 0 
     qos->max_transport_latency: 0 
     channel count: 1
    direction: Source (mic)
     number of devices: 1 
     number of ASEs: 1 
     strategy: 0 
     qos->target latency: 1 
     qos->retransmission_number: 0 
     qos->max_transport_latency: 0 
     channel count: 1
  name: SingleDev_OneChanStereoSnk_OneChanMonoSrc_16_1_Low_Latency 
    direction: Sink (speaker)
     number of devices: 1 
     number of ASEs: 2 
     strategy: 1 
     qos->target latency: 1 
     qos->retransmission_number: 0 
     qos->max_transport_latency: 0 
     channel count: 1
    direction: Source (mic)
     number of devices: 1 
     number of ASEs: 1 
     strategy: 0 
     qos->target latency: 1 
     qos->retransmission_number: 0 
     qos->max_transport_latency: 0 
     channel count: 1
  name: SingleDev_OneChanMonoSnk_OneChanMonoSrc_32_2_Low_Latency 
    direction: Sink (speaker)
     number of devices: 1 
     number of ASEs: 1 
     strategy: 0 
     qos->target latency: 1 
     qos->retransmission_number: 0 
     qos->max_transport_latency: 0 
     channel count: 1
    direction: Source (mic)
     number of devices: 1 
     number of ASEs: 1 
     strategy: 0 
     qos->target latency: 1 
     qos->retransmission_number: 0 
     qos->max_transport_latency: 0 
     channel count: 1
  name: SingleDev_OneChanMonoSnk_OneChanMonoSrc_16_2_Low_Latency 
    direction: Sink (speaker)
     number of devices: 1 
     number of ASEs: 1 
     strategy: 0 
     qos->target latency: 1 
     qos->retransmission_number: 0 
     qos->max_transport_latency: 0 
     channel count: 1
    direction: Source (mic)
     number of devices: 1 
     number of ASEs: 1 
     strategy: 0 
     qos->target latency: 1 
     qos->retransmission_number: 0 
     qos->max_transport_latency: 0 
     channel count: 1
  name: SingleDev_OneChanMonoSnk_OneChanMonoSrc_16_1_Low_Latency 
    direction: Sink (speaker)
     number of devices: 1 
     number of ASEs: 1 
     strategy: 0 
     qos->target latency: 1 
     qos->retransmission_number: 0 
     qos->max_transport_latency: 0 
     channel count: 1
    direction: Source (mic)
     number of devices: 1 
     number of ASEs: 1 
     strategy: 0 
     qos->target latency: 1 
     qos->retransmission_number: 0 
     qos->max_transport_latency: 0 
     channel count: 1
  name: DualDev_OneChanStereoSnk_48_2_Low_Latency 
    direction: Sink (speaker)
     number of devices: 2 
     number of ASEs: 2 
     strategy: 0 
     qos->target latency: 1 
     qos->retransmission_number: 0 
     qos->max_transport_latency: 0 
     channel count: 1
  name: DualDev_OneChanStereoSnk_48_3_Low_Latency 
    direction: Sink (speaker)
     number of devices: 2 
     number of ASEs: 2 
     strategy: 0 
     qos->target latency: 1 
     qos->retransmission_number: 0 
     qos->max_transport_latency: 0 
     channel count: 1
  name: DualDev_OneChanStereoSnk_48_1_Low_Latency 
    direction: Sink (speaker)
     number of devices: 2 
     number of ASEs: 2 
     strategy: 0 
     qos->target latency: 1 
     qos->retransmission_number: 0 
     qos->max_transport_latency: 0 
     channel count: 1
  name: DualDev_OneChanStereoSnk_32_2_Low_Latency 
    direction: Sink (speaker)
     number of devices: 2 
     number of ASEs: 2 
     strategy: 0 
     qos->target latency: 1 
     qos->retransmission_number: 0 
     qos->max_transport_latency: 0 
     channel count: 1
  name: DualDev_OneChanStereoSnk_32_1_Low_Latency 
    direction: Sink (speaker)
     number of devices: 2 
     number of ASEs: 2 
     strategy: 0 
     qos->target latency: 1 
     qos->retransmission_number: 0 
     qos->max_transport_latency: 0 
     channel count: 1
  name: DualDev_OneChanStereoSnk_24_2_Low_Latency 
    direction: Sink (speaker)
     number of devices: 2 
     number of ASEs: 2 
     strategy: 0 
     qos->target latency: 1 
     qos->retransmission_number: 0 
     qos->max_transport_latency: 0 
     channel count: 1
  name: DualDev_OneChanStereoSnk_24_1_Low_Latency 
    direction: Sink (speaker)
     number of devices: 2 
     number of ASEs: 2 
     strategy: 0 
     qos->target latency: 1 
     qos->retransmission_number: 0 
     qos->max_transport_latency: 0 
     channel count: 1
  name: DualDev_OneChanStereoSnk_16_2_Low_Latency 
    direction: Sink (speaker)
     number of devices: 2 
     number of ASEs: 2 
     strategy: 0 
     qos->target latency: 1 
     qos->retransmission_number: 0 
     qos->max_transport_latency: 0 
     channel count: 1
  name: DualDev_OneChanStereoSnk_16_1_Low_Latency 
    direction: Sink (speaker)
     number of devices: 2 
     number of ASEs: 2 
     strategy: 0 
     qos->target latency: 1 
     qos->retransmission_number: 0 
     qos->max_transport_latency: 0 
     channel count: 1
  name: SingleDev_TwoChanStereoSnk_48_2_Low_Latency 
    direction: Sink (speaker)
     number of devices: 1 
     number of ASEs: 1 
     strategy: 2 
     qos->target latency: 1 
     qos->retransmission_number: 0 
     qos->max_transport_latency: 0 
     channel count: 2
  name: SingleDev_TwoChanStereoSnk_48_3_Low_Latency 
    direction: Sink (speaker)
     number of devices: 1 
     number of ASEs: 1 
     strategy: 2 
     qos->target latency: 1 
     qos->retransmission_number: 0 
     qos->max_transport_latency: 0 
     channel count: 2
  name: SingleDev_TwoChanStereoSnk_48_1_Low_Latency 
    direction: Sink (speaker)
     number of devices: 1 
     number of ASEs: 1 
     strategy: 2 
     qos->target latency: 1 
     qos->retransmission_number: 0 
     qos->max_transport_latency: 0 
     channel count: 2
  name: SingleDev_TwoChanStereoSnk_32_2_Low_Latency 
    direction: Sink (speaker)
     number of devices: 1 
     number of ASEs: 1 
     strategy: 2 
     qos->target latency: 1 
     qos->retransmission_number: 0 
     qos->max_transport_latency: 0 
     channel count: 2
  name: SingleDev_TwoChanStereoSnk_32_1_Low_Latency 
    direction: Sink (speaker)
     number of devices: 1 
     number of ASEs: 1 
     strategy: 2 
     qos->target latency: 1 
     qos->retransmission_number: 0 
     qos->max_transport_latency: 0 
     channel count: 2
  name: SingleDev_TwoChanStereoSnk_24_2_Low_Latency 
    direction: Sink (speaker)
     number of devices: 1 
     number of ASEs: 1 
     strategy: 2 
     qos->target latency: 1 
     qos->retransmission_number: 0 
     qos->max_transport_latency: 0 
     channel count: 2
  name: SingleDev_TwoChanStereoSnk_24_1_Low_Latency 
    direction: Sink (speaker)
     number of devices: 1 
     number of ASEs: 1 
     strategy: 2 
     qos->target latency: 1 
     qos->retransmission_number: 0 
     qos->max_transport_latency: 0 
     channel count: 2
  name: SingleDev_TwoChanStereoSnk_16_2_Low_Latency 
    direction: Sink (speaker)
     number of devices: 1 
     number of ASEs: 1 
     strategy: 2 
     qos->target latency: 1 
     qos->retransmission_number: 0 
     qos->max_transport_latency: 0 
     channel count: 2
  name: SingleDev_TwoChanStereoSnk_16_1_Low_Latency 
    direction: Sink (speaker)
     number of devices: 1 
     number of ASEs: 1 
     strategy: 2 
     qos->target latency: 1 
     qos->retransmission_number: 0 
     qos->max_transport_latency: 0 
     channel count: 2
  name: SingleDev_OneChanStereoSnk_48_2_Low_Latency 
    direction: Sink (speaker)
     number of devices: 1 
     number of ASEs: 2 
     strategy: 1 
     qos->target latency: 1 
     qos->retransmission_number: 0 
     qos->max_transport_latency: 0 
     channel count: 1
  name: SingleDev_OneChanStereoSnk_48_3_Low_Latency 
    direction: Sink (speaker)
     number of devices: 1 
     number of ASEs: 2 
     strategy: 1 
     qos->target latency: 1 
     qos->retransmission_number: 0 
     qos->max_transport_latency: 0 
     channel count: 1
  name: SingleDev_OneChanStereoSnk_48_1_Low_Latency 
    direction: Sink (speaker)
     number of devices: 1 
     number of ASEs: 2 
     strategy: 1 
     qos->target latency: 1 
     qos->retransmission_number: 0 
     qos->max_transport_latency: 0 
     channel count: 1
  name: SingleDev_OneChanStereoSnk_32_2_Low_Latency 
    direction: Sink (speaker)
     number of devices: 1 
     number of ASEs: 2 
     strategy: 1 
     qos->target latency: 1 
     qos->retransmission_number: 0 
     qos->max_transport_latency: 0 
     channel count: 1
  name: SingleDev_OneChanStereoSnk_32_1_Low_Latency 
    direction: Sink (speaker)
     number of devices: 1 
     number of ASEs: 2 
     strategy: 1 
     qos->target latency: 1 
     qos->retransmission_number: 0 
     qos->max_transport_latency: 0 
     channel count: 1
  name: SingleDev_OneChanStereoSnk_24_2_Low_Latency 
    direction: Sink (speaker)
     number of devices: 1 
     number of ASEs: 2 
     strategy: 1 
     qos->target latency: 1 
     qos->retransmission_number: 0 
     qos->max_transport_latency: 0 
     channel count: 1
  name: SingleDev_OneChanStereoSnk_24_1_Low_Latency 
    direction: Sink (speaker)
     number of devices: 1 
     number of ASEs: 2 
     strategy: 1 
     qos->target latency: 1 
     qos->retransmission_number: 0 
     qos->max_transport_latency: 0 
     channel count: 1
  name: SingleDev_OneChanStereoSnk_16_2_Low_Latency 
    direction: Sink (speaker)
     number of devices: 1 
     number of ASEs: 2 
     strategy: 1 
     qos->target latency: 1 
     qos->retransmission_number: 0 
     qos->max_transport_latency: 0 
     channel count: 1
  name: SingleDev_OneChanStereoSnk_16_1_Low_Latency 
    direction: Sink (speaker)
     number of devices: 1 
     number of ASEs: 2 
     strategy: 1 
     qos->target latency: 1 
     qos->retransmission_number: 0 
     qos->max_transport_latency: 0 
     channel count: 1

  === Configurations for context type: 16, num: 69 
  name: DualDev_OneChanStereoSnk_48_4_High_Reliability 
    direction: Sink (speaker)
     number of devices: 2 
     number of ASEs: 2 
     strategy: 0 
     qos->target latency: 3 
     qos->retransmission_number: 0 
     qos->max_transport_latency: 0 
     channel count: 1
  name: DualDev_OneChanStereoSnk_48_4_2 
    direction: Sink (speaker)
     number of devices: 2 
     number of ASEs: 2 
     strategy: 0 
     qos->target latency: 2 
     qos->retransmission_number: 13 
     qos->max_transport_latency: 100 
     channel count: 1
  name: DualDev_OneChanStereoSnk_48_2_High_Reliability 
    direction: Sink (speaker)
     number of devices: 2 
     number of ASEs: 2 
     strategy: 0 
     qos->target latency: 3 
     qos->retransmission_number: 0 
     qos->max_transport_latency: 0 
     channel count: 1
  name: DualDev_OneChanStereoSnk_48_2_2 
    direction: Sink (speaker)
     number of devices: 2 
     number of ASEs: 2 
     strategy: 0 
     qos->target latency: 2 
     qos->retransmission_number: 13 
     qos->max_transport_latency: 95 
     channel count: 1
  name: DualDev_OneChanStereoSnk_48_3_High_Reliability 
    direction: Sink (speaker)
     number of devices: 2 
     number of ASEs: 2 
     strategy: 0 
     qos->target latency: 3 
     qos->retransmission_number: 0 
     qos->max_transport_latency: 0 
     channel count: 1
  name: DualDev_OneChanStereoSnk_48_3_2 
    direction: Sink (speaker)
     number of devices: 2 
     number of ASEs: 2 
     strategy: 0 
     qos->target latency: 2 
     qos->retransmission_number: 13 
     qos->max_transport_latency: 75 
     channel count: 1
  name: DualDev_OneChanStereoSnk_48_1_High_Reliability 
    direction: Sink (speaker)
     number of devices: 2 
     number of ASEs: 2 
     strategy: 0 
     qos->target latency: 3 
     qos->retransmission_number: 0 
     qos->max_transport_latency: 0 
     channel count: 1
  name: DualDev_OneChanStereoSnk_48_1_2 
    direction: Sink (speaker)
     number of devices: 2 
     number of ASEs: 2 
     strategy: 0 
     qos->target latency: 2 
     qos->retransmission_number: 13 
     qos->max_transport_latency: 75 
     channel count: 1
  name: DualDev_OneChanStereoSnk_24_2_Balanced_Reliability 
    direction: Sink (speaker)
     number of devices: 2 
     number of ASEs: 2 
     strategy: 0 
     qos->target latency: 2 
     qos->retransmission_number: 0 
     qos->max_transport_latency: 0 
     channel count: 1
  name: DualDev_OneChanStereoSnk_24_2_2 
    direction: Sink (speaker)
     number of devices: 2 
     number of ASEs: 2 
     strategy: 0 
     qos->target latency: 2 
     qos->retransmission_number: 13 
     qos->max_transport_latency: 95 
     channel count: 1
  name: DualDev_OneChanStereoSnk_16_2_Balanced_Reliability 
    direction: Sink (speaker)
     number of devices: 2 
     number of ASEs: 2 
     strategy: 0 
     qos->target latency: 2 
     qos->retransmission_number: 0 
     qos->max_transport_latency: 0 
     channel count: 1
  name: DualDev_OneChanStereoSnk_16_2_2 
    direction: Sink (speaker)
     number of devices: 2 
     number of ASEs: 2 
     strategy: 0 
     qos->target latency: 2 
     qos->retransmission_number: 13 
     qos->max_transport_latency: 95 
     channel count: 1
  name: DualDev_OneChanStereoSnk_16_1_Balanced_Reliability 
    direction: Sink (speaker)
     number of devices: 2 
     number of ASEs: 2 
     strategy: 0 
     qos->target latency: 2 
     qos->retransmission_number: 0 
     qos->max_transport_latency: 0 
     channel count: 1
  name: DualDev_OneChanStereoSnk_16_1_2 
    direction: Sink (speaker)
     number of devices: 2 
     number of ASEs: 2 
     strategy: 0 
     qos->target latency: 2 
     qos->retransmission_number: 13 
     qos->max_transport_latency: 75 
     channel count: 1
  name: SingleDev_OneChanStereoSnk_48_4_High_Reliability 
    direction: Sink (speaker)
     number of devices: 1 
     number of ASEs: 2 
     strategy: 1 
     qos->target latency: 3 
     qos->retransmission_number: 0 
     qos->max_transport_latency: 0 
     channel count: 1
  name: SingleDev_OneChanStereoSnk_48_4_2 
    direction: Sink (speaker)
     number of devices: 1 
     number of ASEs: 2 
     strategy: 1 
     qos->target latency: 2 
     qos->retransmission_number: 13 
     qos->max_transport_latency: 100 
     channel count: 1
  name: SingleDev_OneChanStereoSnk_48_2_High_Reliability 
    direction: Sink (speaker)
     number of devices: 1 
     number of ASEs: 2 
     strategy: 1 
     qos->target latency: 3 
     qos->retransmission_number: 0 
     qos->max_transport_latency: 0 
     channel count: 1
  name: SingleDev_OneChanStereoSnk_48_2_2 
    direction: Sink (speaker)
     number of devices: 1 
     number of ASEs: 2 
     strategy: 1 
     qos->target latency: 2 
     qos->retransmission_number: 13 
     qos->max_transport_latency: 95 
     channel count: 1
  name: SingleDev_OneChanStereoSnk_48_3_High_Reliability 
    direction: Sink (speaker)
     number of devices: 1 
     number of ASEs: 2 
     strategy: 1 
     qos->target latency: 3 
     qos->retransmission_number: 0 
     qos->max_transport_latency: 0 
     channel count: 1
  name: SingleDev_OneChanStereoSnk_48_3_2 
    direction: Sink (speaker)
     number of devices: 1 
     number of ASEs: 2 
     strategy: 1 
     qos->target latency: 2 
     qos->retransmission_number: 13 
     qos->max_transport_latency: 75 
     channel count: 1
  name: SingleDev_OneChanStereoSnk_48_1_High_Reliability 
    direction: Sink (speaker)
     number of devices: 1 
     number of ASEs: 2 
     strategy: 1 
     qos->target latency: 3 
     qos->retransmission_number: 0 
     qos->max_transport_latency: 0 
     channel count: 1
  name: SingleDev_OneChanStereoSnk_48_1_2 
    direction: Sink (speaker)
     number of devices: 1 
     number of ASEs: 2 
     strategy: 1 
     qos->target latency: 2 
     qos->retransmission_number: 13 
     qos->max_transport_latency: 75 
     channel count: 1
  name: SingleDev_OneChanStereoSnk_24_2_Balanced_Reliability 
    direction: Sink (speaker)
     number of devices: 1 
     number of ASEs: 2 
     strategy: 1 
     qos->target latency: 2 
     qos->retransmission_number: 0 
     qos->max_transport_latency: 0 
     channel count: 1
  name: SingleDev_OneChanStereoSnk_24_2_2 
    direction: Sink (speaker)
     number of devices: 1 
     number of ASEs: 2 
     strategy: 1 
     qos->target latency: 2 
     qos->retransmission_number: 13 
     qos->max_transport_latency: 95 
     channel count: 1
  name: SingleDev_OneChanStereoSnk_16_2_Balanced_Reliability 
    direction: Sink (speaker)
     number of devices: 1 
     number of ASEs: 2 
     strategy: 1 
     qos->target latency: 2 
     qos->retransmission_number: 0 
     qos->max_transport_latency: 0 
     channel count: 1
  name: SingleDev_OneChanStereoSnk_16_2_2 
    direction: Sink (speaker)
     number of devices: 1 
     number of ASEs: 2 
     strategy: 1 
     qos->target latency: 2 
     qos->retransmission_number: 13 
     qos->max_transport_latency: 95 
     channel count: 1
  name: SingleDev_OneChanStereoSnk_16_1_Balanced_Reliability 
    direction: Sink (speaker)
     number of devices: 1 
     number of ASEs: 2 
     strategy: 1 
     qos->target latency: 2 
     qos->retransmission_number: 0 
     qos->max_transport_latency: 0 
     channel count: 1
  name: SingleDev_OneChanStereoSnk_16_1_2 
    direction: Sink (speaker)
     number of devices: 1 
     number of ASEs: 2 
     strategy: 1 
     qos->target latency: 2 
     qos->retransmission_number: 13 
     qos->max_transport_latency: 75 
     channel count: 1
  name: SingleDev_TwoChanStereoSnk_48_4_High_Reliability 
    direction: Sink (speaker)
     number of devices: 1 
     number of ASEs: 1 
     strategy: 2 
     qos->target latency: 3 
     qos->retransmission_number: 0 
     qos->max_transport_latency: 0 
     channel count: 2
  name: SingleDev_TwoChanStereoSnk_48_4_2 
    direction: Sink (speaker)
     number of devices: 1 
     number of ASEs: 1 
     strategy: 2 
     qos->target latency: 2 
     qos->retransmission_number: 13 
     qos->max_transport_latency: 100 
     channel count: 2
  name: SingleDev_TwoChanStereoSnk_48_4_High_Reliability 
    direction: Sink (speaker)
     number of devices: 1 
     number of ASEs: 1 
     strategy: 2 
     qos->target latency: 3 
     qos->retransmission_number: 0 
     qos->max_transport_latency: 0 
     channel count: 2
  name: SingleDev_TwoChanStereoSnk_48_4_2 
    direction: Sink (speaker)
     number of devices: 1 
     number of ASEs: 1 
     strategy: 2 
     qos->target latency: 2 
     qos->retransmission_number: 13 
     qos->max_transport_latency: 100 
     channel count: 2
  name: SingleDev_TwoChanStereoSnk_48_2_High_Reliability 
    direction: Sink (speaker)
     number of devices: 1 
     number of ASEs: 1 
     strategy: 2 
     qos->target latency: 3 
     qos->retransmission_number: 0 
     qos->max_transport_latency: 0 
     channel count: 2
  name: SingleDev_TwoChanStereoSnk_48_2_2 
    direction: Sink (speaker)
     number of devices: 1 
     number of ASEs: 1 
     strategy: 2 
     qos->target latency: 2 
     qos->retransmission_number: 13 
     qos->max_transport_latency: 95 
     channel count: 2
  name: SingleDev_TwoChanStereoSnk_48_3_High_Reliability 
    direction: Sink (speaker)
     number of devices: 1 
     number of ASEs: 1 
     strategy: 2 
     qos->target latency: 3 
     qos->retransmission_number: 0 
     qos->max_transport_latency: 0 
     channel count: 2
  name: SingleDev_TwoChanStereoSnk_48_3_2 
    direction: Sink (speaker)
     number of devices: 1 
     number of ASEs: 1 
     strategy: 2 
     qos->target latency: 2 
     qos->retransmission_number: 13 
     qos->max_transport_latency: 75 
     channel count: 2
  name: SingleDev_TwoChanStereoSnk_48_1_High_Reliability 
    direction: Sink (speaker)
     number of devices: 1 
     number of ASEs: 1 
     strategy: 2 
     qos->target latency: 3 
     qos->retransmission_number: 0 
     qos->max_transport_latency: 0 
     channel count: 2
  name: SingleDev_TwoChanStereoSnk_48_1_2 
    direction: Sink (speaker)
     number of devices: 1 
     number of ASEs: 1 
     strategy: 2 
     qos->target latency: 2 
     qos->retransmission_number: 13 
     qos->max_transport_latency: 75 
     channel count: 2
  name: SingleDev_TwoChanStereoSnk_24_2_Balanced_Reliability 
    direction: Sink (speaker)
     number of devices: 1 
     number of ASEs: 1 
     strategy: 2 
     qos->target latency: 2 
     qos->retransmission_number: 0 
     qos->max_transport_latency: 0 
     channel count: 2
  name: SingleDev_TwoChanStereoSnk_24_2_2 
    direction: Sink (speaker)
     number of devices: 1 
     number of ASEs: 1 
     strategy: 2 
     qos->target latency: 2 
     qos->retransmission_number: 13 
     qos->max_transport_latency: 95 
     channel count: 2
  name: SingleDev_TwoChanStereoSnk_16_2_Balanced_Reliability 
    direction: Sink (speaker)
     number of devices: 1 
     number of ASEs: 1 
     strategy: 2 
     qos->target latency: 2 
     qos->retransmission_number: 0 
     qos->max_transport_latency: 0 
     channel count: 2
  name: SingleDev_TwoChanStereoSnk_16_2_2 
    direction: Sink (speaker)
     number of devices: 1 
     number of ASEs: 1 
     strategy: 2 
     qos->target latency: 2 
     qos->retransmission_number: 13 
     qos->max_transport_latency: 95 
     channel count: 2
  name: SingleDev_TwoChanStereoSnk_16_1_Balanced_Reliability 
    direction: Sink (speaker)
     number of devices: 1 
     number of ASEs: 1 
     strategy: 2 
     qos->target latency: 2 
     qos->retransmission_number: 0 
     qos->max_transport_latency: 0 
     channel count: 2
  name: SingleDev_TwoChanStereoSnk_16_1_2 
    direction: Sink (speaker)
     number of devices: 1 
     number of ASEs: 1 
     strategy: 2 
     qos->target latency: 2 
     qos->retransmission_number: 13 
     qos->max_transport_latency: 75 
     channel count: 2
  name: SingleDev_OneChanMonoSnk_48_4_High_Reliability 
    direction: Sink (speaker)
     number of devices: 1 
     number of ASEs: 1 
     strategy: 0 
     qos->target latency: 3 
     qos->retransmission_number: 0 
     qos->max_transport_latency: 0 
     channel count: 1
  name: SingleDev_OneChanMonoSnk_48_4_2 
    direction: Sink (speaker)
     number of devices: 1 
     number of ASEs: 1 
     strategy: 0 
     qos->target latency: 2 
     qos->retransmission_number: 13 
     qos->max_transport_latency: 100 
     channel count: 1
  name: SingleDev_OneChanMonoSnk_48_2_High_Reliability 
    direction: Sink (speaker)
     number of devices: 1 
     number of ASEs: 1 
     strategy: 0 
     qos->target latency: 3 
     qos->retransmission_number: 0 
     qos->max_transport_latency: 0 
     channel count: 1
  name: SingleDev_OneChanMonoSnk_48_2_2 
    direction: Sink (speaker)
     number of devices: 1 
     number of ASEs: 1 
     strategy: 0 
     qos->target latency: 2 
     qos->retransmission_number: 13 
     qos->max_transport_latency: 95 
     channel count: 1
  name: SingleDev_OneChanMonoSnk_48_3_High_Reliability 
    direction: Sink (speaker)
     number of devices: 1 
     number of ASEs: 1 
     strategy: 0 
     qos->target latency: 3 
     qos->retransmission_number: 0 
     qos->max_transport_latency: 0 
     channel count: 1
  name: SingleDev_OneChanMonoSnk_48_3_2 
    direction: Sink (speaker)
     number of devices: 1 
     number of ASEs: 1 
     strategy: 0 
     qos->target latency: 2 
     qos->retransmission_number: 13 
     qos->max_transport_latency: 75 
     channel count: 1
  name: SingleDev_OneChanMonoSnk_48_1_High_Reliability 
    direction: Sink (speaker)
     number of devices: 1 
     number of ASEs: 1 
     strategy: 0 
     qos->target latency: 3 
     qos->retransmission_number: 0 
     qos->max_transport_latency: 0 
     channel count: 1
  name: SingleDev_OneChanMonoSnk_48_1_2 
    direction: Sink (speaker)
     number of devices: 1 
     number of ASEs: 1 
     strategy: 0 
     qos->target latency: 2 
     qos->retransmission_number: 13 
     qos->max_transport_latency: 75 
     channel count: 1
  name: SingleDev_OneChanMonoSnk_32_2_Balanced_Reliability 
    direction: Sink (speaker)
     number of devices: 1 
     number of ASEs: 1 
     strategy: 0 
     qos->target latency: 2 
     qos->retransmission_number: 0 
     qos->max_transport_latency: 0 
     channel count: 1
  name: SingleDev_OneChanMonoSnk_32_1_Balanced_Reliability 
    direction: Sink (speaker)
     number of devices: 1 
     number of ASEs: 1 
     strategy: 0 
     qos->target latency: 2 
     qos->retransmission_number: 0 
     qos->max_transport_latency: 0 
     channel count: 1
  name: SingleDev_OneChanMonoSnk_24_2_Balanced_Reliability 
    direction: Sink (speaker)
     number of devices: 1 
     number of ASEs: 1 
     strategy: 0 
     qos->target latency: 2 
     qos->retransmission_number: 0 
     qos->max_transport_latency: 0 
     channel count: 1
  name: SingleDev_OneChanMonoSnk_24_2_2 
    direction: Sink (speaker)
     number of devices: 1 
     number of ASEs: 1 
     strategy: 0 
     qos->target latency: 2 
     qos->retransmission_number: 13 
     qos->max_transport_latency: 95 
     channel count: 1
  name: SingleDev_OneChanMonoSnk_16_2_Balanced_Reliability 
    direction: Sink (speaker)
     number of devices: 1 
     number of ASEs: 1 
     strategy: 0 
     qos->target latency: 2 
     qos->retransmission_number: 0 
     qos->max_transport_latency: 0 
     channel count: 1
  name: SingleDev_OneChanMonoSnk_16_2_2 
    direction: Sink (speaker)
     number of devices: 1 
     number of ASEs: 1 
     strategy: 0 
     qos->target latency: 2 
     qos->retransmission_number: 13 
     qos->max_transport_latency: 95 
     channel count: 1
  name: SingleDev_OneChanMonoSnk_16_1_Balanced_Reliability 
    direction: Sink (speaker)
     number of devices: 1 
     number of ASEs: 1 
     strategy: 0 
     qos->target latency: 2 
     qos->retransmission_number: 0 
     qos->max_transport_latency: 0 
     channel count: 1
  name: SingleDev_OneChanMonoSnk_16_1_2 
    direction: Sink (speaker)
     number of devices: 1 
     number of ASEs: 1 
     strategy: 0 
     qos->target latency: 2 
     qos->retransmission_number: 13 
     qos->max_transport_latency: 75 
     channel count: 1
  name: VND_DualDev_OneChanStereoSnk_48khz_100octs_High_Reliability_1 
    direction: Sink (speaker)
     number of devices: 2 
     number of ASEs: 2 
     strategy: 0 
     qos->target latency: 3 
     qos->retransmission_number: 0 
     qos->max_transport_latency: 0 
     channel count: 1
  name: VND_DualDev_OneChanStereoSnk_48khz_100octs_R15_L70_1 
    direction: Sink (speaker)
     number of devices: 2 
     number of ASEs: 2 
     strategy: 0 
     qos->target latency: 2 
     qos->retransmission_number: 15 
     qos->max_transport_latency: 70 
     channel count: 1
  name: VND_SingleDev_TwoChanStereoSnk_48khz_100octs_High_Reliability_1 
    direction: Sink (speaker)
     number of devices: 1 
     number of ASEs: 1 
     strategy: 2 
     qos->target latency: 3 
     qos->retransmission_number: 0 
     qos->max_transport_latency: 0 
     channel count: 2
  name: VND_SingleDev_TwoChanStereoSnk_48khz_100octs_R15_L70_1 
    direction: Sink (speaker)
     number of devices: 1 
     number of ASEs: 1 
     strategy: 2 
     qos->target latency: 2 
     qos->retransmission_number: 15 
     qos->max_transport_latency: 70 
     channel count: 2
  name: VND_SingleDev_OneChanStereoSnk_48khz_100octs_High_Reliability_1 
    direction: Sink (speaker)
     number of devices: 1 
     number of ASEs: 2 
     strategy: 1 
     qos->target latency: 3 
     qos->retransmission_number: 0 
     qos->max_transport_latency: 0 
     channel count: 1
  name: VND_SingleDev_OneChanStereoSnk_48khz_100octs_R15_L70_1 
    direction: Sink (speaker)
     number of devices: 1 
     number of ASEs: 2 
     strategy: 1 
     qos->target latency: 2 
     qos->retransmission_number: 15 
     qos->max_transport_latency: 70 
     channel count: 1
  name: DualDev_OneChanMonoSrc_16_2_Balanced_Reliability 
    direction: Source (mic)
     number of devices: 2 
     number of ASEs: 2 
     strategy: 0 
     qos->target latency: 2 
     qos->retransmission_number: 0 
     qos->max_transport_latency: 0 
     channel count: 1
  name: SingleDev_OneChanStereoSrc_16_2_Balanced_Reliability 
    direction: Source (mic)
     number of devices: 1 
     number of ASEs: 2 
     strategy: 1 
     qos->target latency: 2 
     qos->retransmission_number: 0 
     qos->max_transport_latency: 0 
     channel count: 1
  name: SingleDev_OneChanMonoSrc_16_2_Balanced_Reliability 
    direction: Source (mic)
     number of devices: 1 
     number of ASEs: 1 
     strategy: 0 
     qos->target latency: 2 
     qos->retransmission_number: 0 
     qos->max_transport_latency: 0 
     channel count: 1

  === Configurations for context type: 32, num: 34 
  name: DualDev_OneChanStereoSnk_OneChanStereoSrc_16_2_Low_Latency 
    direction: Sink (speaker)
     number of devices: 2 
     number of ASEs: 2 
     strategy: 0 
     qos->target latency: 1 
     qos->retransmission_number: 0 
     qos->max_transport_latency: 0 
     channel count: 1
    direction: Source (mic)
     number of devices: 2 
     number of ASEs: 2 
     strategy: 0 
     qos->target latency: 1 
     qos->retransmission_number: 0 
     qos->max_transport_latency: 0 
     channel count: 1
  name: DualDev_OneChanStereoSnk_OneChanStereoSrc_16_2_1 
    direction: Sink (speaker)
     number of devices: 2 
     number of ASEs: 2 
     strategy: 0 
     qos->target latency: 2 
     qos->retransmission_number: 2 
     qos->max_transport_latency: 10 
     channel count: 1
    direction: Source (mic)
     number of devices: 2 
     number of ASEs: 2 
     strategy: 0 
     qos->target latency: 2 
     qos->retransmission_number: 2 
     qos->max_transport_latency: 10 
     channel count: 1
  name: DualDev_OneChanStereoSnk_OneChanStereoSrc_16_1_Low_Latency 
    direction: Sink (speaker)
     number of devices: 2 
     number of ASEs: 2 
     strategy: 0 
     qos->target latency: 1 
     qos->retransmission_number: 0 
     qos->max_transport_latency: 0 
     channel count: 1
    direction: Source (mic)
     number of devices: 2 
     number of ASEs: 2 
     strategy: 0 
     qos->target latency: 1 
     qos->retransmission_number: 0 
     qos->max_transport_latency: 0 
     channel count: 1
  name: DualDev_OneChanStereoSnk_OneChanStereoSrc_16_1_1 
    direction: Sink (speaker)
     number of devices: 2 
     number of ASEs: 2 
     strategy: 0 
     qos->target latency: 2 
     qos->retransmission_number: 2 
     qos->max_transport_latency: 8 
     channel count: 1
    direction: Source (mic)
     number of devices: 2 
     number of ASEs: 2 
     strategy: 0 
     qos->target latency: 2 
     qos->retransmission_number: 2 
     qos->max_transport_latency: 8 
     channel count: 1
  name: SingleDev_TwoChanStereoSnk_TwoChanStereoSrc_32_2_Low_Latency 
    direction: Sink (speaker)
     number of devices: 1 
     number of ASEs: 1 
     strategy: 2 
     qos->target latency: 1 
     qos->retransmission_number: 0 
     qos->max_transport_latency: 0 
     channel count: 2
    direction: Source (mic)
     number of devices: 1 
     number of ASEs: 1 
     strategy: 2 
     qos->target latency: 1 
     qos->retransmission_number: 0 
     qos->max_transport_latency: 0 
     channel count: 2
  name: SingleDev_TwoChanStereoSnk_TwoChanStereoSrc_32_2_1 
    direction: Sink (speaker)
     number of devices: 1 
     number of ASEs: 1 
     strategy: 2 
     qos->target latency: 2 
     qos->retransmission_number: 2 
     qos->max_transport_latency: 10 
     channel count: 2
    direction: Source (mic)
     number of devices: 1 
     number of ASEs: 1 
     strategy: 2 
     qos->target latency: 2 
     qos->retransmission_number: 2 
     qos->max_transport_latency: 10 
     channel count: 2
  name: SingleDev_TwoChanStereoSnk_TwoChanStereoSrc_16_2_Low_Latency 
    direction: Sink (speaker)
     number of devices: 1 
     number of ASEs: 1 
     strategy: 2 
     qos->target latency: 1 
     qos->retransmission_number: 0 
     qos->max_transport_latency: 0 
     channel count: 2
    direction: Source (mic)
     number of devices: 1 
     number of ASEs: 1 
     strategy: 2 
     qos->target latency: 1 
     qos->retransmission_number: 0 
     qos->max_transport_latency: 0 
     channel count: 2
  name: SingleDev_TwoChanStereoSnk_TwoChanStereoSrc_16_2_1 
    direction: Sink (speaker)
     number of devices: 1 
     number of ASEs: 1 
     strategy: 2 
     qos->target latency: 2 
     qos->retransmission_number: 2 
     qos->max_transport_latency: 10 
     channel count: 2
    direction: Source (mic)
     number of devices: 1 
     number of ASEs: 1 
     strategy: 2 
     qos->target latency: 2 
     qos->retransmission_number: 2 
     qos->max_transport_latency: 10 
     channel count: 2
  name: SingleDev_TwoChanStereoSnk_TwoChanStereoSrc_16_1_Low_Latency 
    direction: Sink (speaker)
     number of devices: 1 
     number of ASEs: 1 
     strategy: 2 
     qos->target latency: 1 
     qos->retransmission_number: 0 
     qos->max_transport_latency: 0 
     channel count: 2
    direction: Source (mic)
     number of devices: 1 
     number of ASEs: 1 
     strategy: 2 
     qos->target latency: 1 
     qos->retransmission_number: 0 
     qos->max_transport_latency: 0 
     channel count: 2
  name: SingleDev_TwoChanStereoSnk_TwoChanStereoSrc_16_1_1 
    direction: Sink (speaker)
     number of devices: 1 
     number of ASEs: 1 
     strategy: 2 
     qos->target latency: 2 
     qos->retransmission_number: 2 
     qos->max_transport_latency: 8 
     channel count: 2
    direction: Source (mic)
     number of devices: 1 
     number of ASEs: 1 
     strategy: 2 
     qos->target latency: 2 
     qos->retransmission_number: 2 
     qos->max_transport_latency: 8 
     channel count: 2
  name: SingleDev_TwoChanStereoSnk_OneChanMonoSrc_32_2_Low_Latency 
    direction: Sink (speaker)
     number of devices: 1 
     number of ASEs: 1 
     strategy: 2 
     qos->target latency: 1 
     qos->retransmission_number: 0 
     qos->max_transport_latency: 0 
     channel count: 2
    direction: Source (mic)
     number of devices: 1 
     number of ASEs: 1 
     strategy: 0 
     qos->target latency: 1 
     qos->retransmission_number: 0 
     qos->max_transport_latency: 0 
     channel count: 1
  name: SingleDev_TwoChanStereoSnk_OneChanMonoSrc_32_2_1 
    direction: Sink (speaker)
     number of devices: 1 
     number of ASEs: 1 
     strategy: 2 
     qos->target latency: 2 
     qos->retransmission_number: 2 
     qos->max_transport_latency: 10 
     channel count: 2
    direction: Source (mic)
     number of devices: 1 
     number of ASEs: 1 
     strategy: 0 
     qos->target latency: 2 
     qos->retransmission_number: 2 
     qos->max_transport_latency: 10 
     channel count: 1
  name: SingleDev_TwoChanStereoSnk_OneChanMonoSrc_16_2_Low_Latency 
    direction: Sink (speaker)
     number of devices: 1 
     number of ASEs: 1 
     strategy: 2 
     qos->target latency: 1 
     qos->retransmission_number: 0 
     qos->max_transport_latency: 0 
     channel count: 2
    direction: Source (mic)
     number of devices: 1 
     number of ASEs: 1 
     strategy: 0 
     qos->target latency: 1 
     qos->retransmission_number: 0 
     qos->max_transport_latency: 0 
     channel count: 1
  name: SingleDev_TwoChanStereoSnk_OneChanMonoSrc_16_2_1 
    direction: Sink (speaker)
     number of devices: 1 
     number of ASEs: 1 
     strategy: 2 
     qos->target latency: 2 
     qos->retransmission_number: 2 
     qos->max_transport_latency: 10 
     channel count: 2
    direction: Source (mic)
     number of devices: 1 
     number of ASEs: 1 
     strategy: 0 
     qos->target latency: 2 
     qos->retransmission_number: 2 
     qos->max_transport_latency: 10 
     channel count: 1
  name: SingleDev_TwoChanStereoSnk_OneChanMonoSrc_16_1_Low_Latency 
    direction: Sink (speaker)
     number of devices: 1 
     number of ASEs: 1 
     strategy: 2 
     qos->target latency: 1 
     qos->retransmission_number: 0 
     qos->max_transport_latency: 0 
     channel count: 2
    direction: Source (mic)
     number of devices: 1 
     number of ASEs: 1 
     strategy: 0 
     qos->target latency: 1 
     qos->retransmission_number: 0 
     qos->max_transport_latency: 0 
     channel count: 1
  name: SingleDev_TwoChanStereoSnk_OneChanMonoSrc_16_1_1 
    direction: Sink (speaker)
     number of devices: 1 
     number of ASEs: 1 
     strategy: 2 
     qos->target latency: 2 
     qos->retransmission_number: 2 
     qos->max_transport_latency: 8 
     channel count: 2
    direction: Source (mic)
     number of devices: 1 
     number of ASEs: 1 
     strategy: 0 
     qos->target latency: 2 
     qos->retransmission_number: 2 
     qos->max_transport_latency: 8 
     channel count: 1
  name: SingleDev_OneChanMonoSnk_OneChanMonoSrc_32_2_Low_Latency 
    direction: Sink (speaker)
     number of devices: 1 
     number of ASEs: 1 
     strategy: 0 
     qos->target latency: 1 
     qos->retransmission_number: 0 
     qos->max_transport_latency: 0 
     channel count: 1
    direction: Source (mic)
     number of devices: 1 
     number of ASEs: 1 
     strategy: 0 
     qos->target latency: 1 
     qos->retransmission_number: 0 
     qos->max_transport_latency: 0 
     channel count: 1
  name: SingleDev_OneChanMonoSnk_OneChanMonoSrc_32_2_1 
    direction: Sink (speaker)
     number of devices: 1 
     number of ASEs: 1 
     strategy: 0 
     qos->target latency: 2 
     qos->retransmission_number: 2 
     qos->max_transport_latency: 10 
     channel count: 1
    direction: Source (mic)
     number of devices: 1 
     number of ASEs: 1 
     strategy: 0 
     qos->target latency: 2 
     qos->retransmission_number: 2 
     qos->max_transport_latency: 10 
     channel count: 1
  name: SingleDev_OneChanMonoSnk_OneChanMonoSrc_16_2_Low_Latency 
    direction: Sink (speaker)
     number of devices: 1 
     number of ASEs: 1 
     strategy: 0 
     qos->target latency: 1 
     qos->retransmission_number: 0 
     qos->max_transport_latency: 0 
     channel count: 1
    direction: Source (mic)
     number of devices: 1 
     number of ASEs: 1 
     strategy: 0 
     qos->target latency: 1 
     qos->retransmission_number: 0 
     qos->max_transport_latency: 0 
     channel count: 1
  name: SingleDev_OneChanMonoSnk_OneChanMonoSrc_16_2_1 
    direction: Sink (speaker)
     number of devices: 1 
     number of ASEs: 1 
     strategy: 0 
     qos->target latency: 2 
     qos->retransmission_number: 2 
     qos->max_transport_latency: 10 
     channel count: 1
    direction: Source (mic)
     number of devices: 1 
     number of ASEs: 1 
     strategy: 0 
     qos->target latency: 2 
     qos->retransmission_number: 2 
     qos->max_transport_latency: 10 
     channel count: 1
  name: SingleDev_OneChanMonoSnk_OneChanMonoSrc_16_1_Low_Latency 
    direction: Sink (speaker)
     number of devices: 1 
     number of ASEs: 1 
     strategy: 0 
     qos->target latency: 1 
     qos->retransmission_number: 0 
     qos->max_transport_latency: 0 
     channel count: 1
    direction: Source (mic)
     number of devices: 1 
     number of ASEs: 1 
     strategy: 0 
     qos->target latency: 1 
     qos->retransmission_number: 0 
     qos->max_transport_latency: 0 
     channel count: 1
  name: SingleDev_OneChanMonoSnk_OneChanMonoSrc_16_1_1 
    direction: Sink (speaker)
     number of devices: 1 
     number of ASEs: 1 
     strategy: 0 
     qos->target latency: 2 
     qos->retransmission_number: 2 
     qos->max_transport_latency: 8 
     channel count: 1
    direction: Source (mic)
     number of devices: 1 
     number of ASEs: 1 
     strategy: 0 
     qos->target latency: 2 
     qos->retransmission_number: 2 
     qos->max_transport_latency: 8 
     channel count: 1
  name: DualDev_OneChanStereoSnk_48_4_OneChanStereoSrc_16_2_Balanced_Reliability 
    direction: Sink (speaker)
     number of devices: 2 
     number of ASEs: 2 
     strategy: 0 
     qos->target latency: 2 
     qos->retransmission_number: 0 
     qos->max_transport_latency: 0 
     channel count: 1
    direction: Source (mic)
     number of devices: 2 
     number of ASEs: 2 
     strategy: 0 
     qos->target latency: 2 
     qos->retransmission_number: 0 
     qos->max_transport_latency: 0 
     channel count: 1
  name: DualDev_OneChanStereoSnk_48_4_OneChanStereoSrc_24_2_Balanced_Reliability 
    direction: Sink (speaker)
     number of devices: 2 
     number of ASEs: 2 
     strategy: 0 
     qos->target latency: 2 
     qos->retransmission_number: 0 
     qos->max_transport_latency: 0 
     channel count: 1
    direction: Source (mic)
     number of devices: 2 
     number of ASEs: 2 
     strategy: 0 
     qos->target latency: 2 
     qos->retransmission_number: 0 
     qos->max_transport_latency: 0 
     channel count: 1
  name: DualDev_OneChanStereoSnk_48_4_OneChanMonoSrc_16_2_Balanced_Reliability 
    direction: Sink (speaker)
     number of devices: 2 
     number of ASEs: 2 
     strategy: 0 
     qos->target latency: 2 
     qos->retransmission_number: 0 
     qos->max_transport_latency: 0 
     channel count: 1
    direction: Source (mic)
     number of devices: 1 
     number of ASEs: 1 
     strategy: 0 
     qos->target latency: 2 
     qos->retransmission_number: 0 
     qos->max_transport_latency: 0 
     channel count: 1
  name: DualDev_OneChanStereoSnk_48_4_OneChanMonoSrc_24_2_Balanced_Reliability 
    direction: Sink (speaker)
     number of devices: 2 
     number of ASEs: 2 
     strategy: 0 
     qos->target latency: 2 
     qos->retransmission_number: 0 
     qos->max_transport_latency: 0 
     channel count: 1
    direction: Source (mic)
     number of devices: 1 
     number of ASEs: 1 
     strategy: 0 
     qos->target latency: 2 
     qos->retransmission_number: 0 
     qos->max_transport_latency: 0 
     channel count: 1
  name: DualDev_OneChanStereoSnk_48_4_OneChanMonoSrc_32_2_Balanced_Reliability 
    direction: Sink (speaker)
     number of devices: 2 
     number of ASEs: 2 
     strategy: 0 
     qos->target latency: 2 
     qos->retransmission_number: 0 
     qos->max_transport_latency: 0 
     channel count: 1
    direction: Source (mic)
     number of devices: 1 
     number of ASEs: 1 
     strategy: 0 
     qos->target latency: 2 
     qos->retransmission_number: 0 
     qos->max_transport_latency: 0 
     channel count: 1
  name: DualDev_OneChanDoubleStereoSnk_48_4_OneChanMonoSrc_16_2_Balanced_Reliability 
    direction: Sink (speaker)
     number of devices: 2 
     number of ASEs: 4 
     strategy: 1 
     qos->target latency: 2 
     qos->retransmission_number: 0 
     qos->max_transport_latency: 0 
     channel count: 1
    direction: Source (mic)
     number of devices: 1 
     number of ASEs: 1 
     strategy: 0 
     qos->target latency: 2 
     qos->retransmission_number: 0 
     qos->max_transport_latency: 0 
     channel count: 1
  name: DualDev_OneChanDoubleStereoSnk_48_4_OneChanMonoSrc_24_2_Balanced_Reliability 
    direction: Sink (speaker)
     number of devices: 2 
     number of ASEs: 4 
     strategy: 1 
     qos->target latency: 2 
     qos->retransmission_number: 0 
     qos->max_transport_latency: 0 
     channel count: 1
    direction: Source (mic)
     number of devices: 1 
     number of ASEs: 1 
     strategy: 0 
     qos->target latency: 2 
     qos->retransmission_number: 0 
     qos->max_transport_latency: 0 
     channel count: 1
  name: DualDev_OneChanDoubleStereoSnk_48_4_OneChanMonoSrc_32_2_Balanced_Reliability 
    direction: Sink (speaker)
     number of devices: 2 
     number of ASEs: 4 
     strategy: 1 
     qos->target latency: 2 
     qos->retransmission_number: 0 
     qos->max_transport_latency: 0 
     channel count: 1
    direction: Source (mic)
     number of devices: 1 
     number of ASEs: 1 
     strategy: 0 
     qos->target latency: 2 
     qos->retransmission_number: 0 
     qos->max_transport_latency: 0 
     channel count: 1
  name: SingleDev_TwoChanStereoSnk_48_4_TwoChanStereoSrc_16_2_Balanced_Reliability 
    direction: Sink (speaker)
     number of devices: 1 
     number of ASEs: 1 
     strategy: 2 
     qos->target latency: 2 
     qos->retransmission_number: 0 
     qos->max_transport_latency: 0 
     channel count: 2
    direction: Source (mic)
     number of devices: 1 
     number of ASEs: 1 
     strategy: 2 
     qos->target latency: 2 
     qos->retransmission_number: 0 
     qos->max_transport_latency: 0 
     channel count: 2
  name: SingleDev_TwoChanStereoSnk_48_4_TwoChanStereoSrc_24_2_Balanced_Reliability 
    direction: Sink (speaker)
     number of devices: 1 
     number of ASEs: 1 
     strategy: 2 
     qos->target latency: 2 
     qos->retransmission_number: 0 
     qos->max_transport_latency: 0 
     channel count: 2
    direction: Source (mic)
     number of devices: 1 
     number of ASEs: 1 
     strategy: 2 
     qos->target latency: 2 
     qos->retransmission_number: 0 
     qos->max_transport_latency: 0 
     channel count: 2
  name: SingleDev_TwoChanStereoSnk_48_4_TwoChanStereoSrc_32_2_Balanced_Reliability 
    direction: Sink (speaker)
     number of devices: 1 
     number of ASEs: 1 
     strategy: 2 
     qos->target latency: 2 
     qos->retransmission_number: 0 
     qos->max_transport_latency: 0 
     channel count: 2
    direction: Source (mic)
     number of devices: 1 
     number of ASEs: 1 
     strategy: 2 
     qos->target latency: 2 
     qos->retransmission_number: 0 
     qos->max_transport_latency: 0 
     channel count: 2
  name: SingleDev_TwoChanStereoSnk_48_4_OneChanMonoSrc_32_2_Balanced_Reliability 
    direction: Sink (speaker)
     number of devices: 1 
     number of ASEs: 1 
     strategy: 2 
     qos->target latency: 2 
     qos->retransmission_number: 0 
     qos->max_transport_latency: 0 
     channel count: 2
    direction: Source (mic)
     number of devices: 1 
     number of ASEs: 1 
     strategy: 0 
     qos->target latency: 2 
     qos->retransmission_number: 0 
     qos->max_transport_latency: 0 
     channel count: 1

  === Configurations for context type: 64, num: 36 
  name: VND_SingleDev_TwoChanStereoSrc_48khz_100octs_Balanced_Reliability_1 
    direction: Source (mic)
     number of devices: 1 
     number of ASEs: 1 
     strategy: 2 
     qos->target latency: 2 
     qos->retransmission_number: 0 
     qos->max_transport_latency: 0 
     channel count: 2
  name: VND_SingleDev_TwoChanStereoSrc_48khz_100octs_R11_L40_1 
    direction: Source (mic)
     number of devices: 1 
     number of ASEs: 1 
     strategy: 2 
     qos->target latency: 2 
     qos->retransmission_number: 11 
     qos->max_transport_latency: 40 
     channel count: 2
  name: DualDev_OneChanStereoSnk_OneChanStereoSrc_16_2_Low_Latency 
    direction: Sink (speaker)
     number of devices: 2 
     number of ASEs: 2 
     strategy: 0 
     qos->target latency: 1 
     qos->retransmission_number: 0 
     qos->max_transport_latency: 0 
     channel count: 1
    direction: Source (mic)
     number of devices: 2 
     number of ASEs: 2 
     strategy: 0 
     qos->target latency: 1 
     qos->retransmission_number: 0 
     qos->max_transport_latency: 0 
     channel count: 1
  name: DualDev_OneChanStereoSnk_OneChanStereoSrc_16_2_1 
    direction: Sink (speaker)
     number of devices: 2 
     number of ASEs: 2 
     strategy: 0 
     qos->target latency: 2 
     qos->retransmission_number: 2 
     qos->max_transport_latency: 10 
     channel count: 1
    direction: Source (mic)
     number of devices: 2 
     number of ASEs: 2 
     strategy: 0 
     qos->target latency: 2 
     qos->retransmission_number: 2 
     qos->max_transport_latency: 10 
     channel count: 1
  name: DualDev_OneChanStereoSnk_OneChanStereoSrc_16_1_Low_Latency 
    direction: Sink (speaker)
     number of devices: 2 
     number of ASEs: 2 
     strategy: 0 
     qos->target latency: 1 
     qos->retransmission_number: 0 
     qos->max_transport_latency: 0 
     channel count: 1
    direction: Source (mic)
     number of devices: 2 
     number of ASEs: 2 
     strategy: 0 
     qos->target latency: 1 
     qos->retransmission_number: 0 
     qos->max_transport_latency: 0 
     channel count: 1
  name: DualDev_OneChanStereoSnk_OneChanStereoSrc_16_1_1 
    direction: Sink (speaker)
     number of devices: 2 
     number of ASEs: 2 
     strategy: 0 
     qos->target latency: 2 
     qos->retransmission_number: 2 
     qos->max_transport_latency: 8 
     channel count: 1
    direction: Source (mic)
     number of devices: 2 
     number of ASEs: 2 
     strategy: 0 
     qos->target latency: 2 
     qos->retransmission_number: 2 
     qos->max_transport_latency: 8 
     channel count: 1
  name: SingleDev_TwoChanStereoSnk_TwoChanStereoSrc_32_2_Low_Latency 
    direction: Sink (speaker)
     number of devices: 1 
     number of ASEs: 1 
     strategy: 2 
     qos->target latency: 1 
     qos->retransmission_number: 0 
     qos->max_transport_latency: 0 
     channel count: 2
    direction: Source (mic)
     number of devices: 1 
     number of ASEs: 1 
     strategy: 2 
     qos->target latency: 1 
     qos->retransmission_number: 0 
     qos->max_transport_latency: 0 
     channel count: 2
  name: SingleDev_TwoChanStereoSnk_TwoChanStereoSrc_32_2_1 
    direction: Sink (speaker)
     number of devices: 1 
     number of ASEs: 1 
     strategy: 2 
     qos->target latency: 2 
     qos->retransmission_number: 2 
     qos->max_transport_latency: 10 
     channel count: 2
    direction: Source (mic)
     number of devices: 1 
     number of ASEs: 1 
     strategy: 2 
     qos->target latency: 2 
     qos->retransmission_number: 2 
     qos->max_transport_latency: 10 
     channel count: 2
  name: SingleDev_TwoChanStereoSnk_TwoChanStereoSrc_16_2_Low_Latency 
    direction: Sink (speaker)
     number of devices: 1 
     number of ASEs: 1 
     strategy: 2 
     qos->target latency: 1 
     qos->retransmission_number: 0 
     qos->max_transport_latency: 0 
     channel count: 2
    direction: Source (mic)
     number of devices: 1 
     number of ASEs: 1 
     strategy: 2 
     qos->target latency: 1 
     qos->retransmission_number: 0 
     qos->max_transport_latency: 0 
     channel count: 2
  name: SingleDev_TwoChanStereoSnk_TwoChanStereoSrc_16_2_1 
    direction: Sink (speaker)
     number of devices: 1 
     number of ASEs: 1 
     strategy: 2 
     qos->target latency: 2 
     qos->retransmission_number: 2 
     qos->max_transport_latency: 10 
     channel count: 2
    direction: Source (mic)
     number of devices: 1 
     number of ASEs: 1 
     strategy: 2 
     qos->target latency: 2 
     qos->retransmission_number: 2 
     qos->max_transport_latency: 10 
     channel count: 2
  name: SingleDev_TwoChanStereoSnk_TwoChanStereoSrc_16_1_Low_Latency 
    direction: Sink (speaker)
     number of devices: 1 
     number of ASEs: 1 
     strategy: 2 
     qos->target latency: 1 
     qos->retransmission_number: 0 
     qos->max_transport_latency: 0 
     channel count: 2
    direction: Source (mic)
     number of devices: 1 
     number of ASEs: 1 
     strategy: 2 
     qos->target latency: 1 
     qos->retransmission_number: 0 
     qos->max_transport_latency: 0 
     channel count: 2
  name: SingleDev_TwoChanStereoSnk_TwoChanStereoSrc_16_1_1 
    direction: Sink (speaker)
     number of devices: 1 
     number of ASEs: 1 
     strategy: 2 
     qos->target latency: 2 
     qos->retransmission_number: 2 
     qos->max_transport_latency: 8 
     channel count: 2
    direction: Source (mic)
     number of devices: 1 
     number of ASEs: 1 
     strategy: 2 
     qos->target latency: 2 
     qos->retransmission_number: 2 
     qos->max_transport_latency: 8 
     channel count: 2
  name: SingleDev_TwoChanStereoSnk_OneChanMonoSrc_32_2_Low_Latency 
    direction: Sink (speaker)
     number of devices: 1 
     number of ASEs: 1 
     strategy: 2 
     qos->target latency: 1 
     qos->retransmission_number: 0 
     qos->max_transport_latency: 0 
     channel count: 2
    direction: Source (mic)
     number of devices: 1 
     number of ASEs: 1 
     strategy: 0 
     qos->target latency: 1 
     qos->retransmission_number: 0 
     qos->max_transport_latency: 0 
     channel count: 1
  name: SingleDev_TwoChanStereoSnk_OneChanMonoSrc_32_2_1 
    direction: Sink (speaker)
     number of devices: 1 
     number of ASEs: 1 
     strategy: 2 
     qos->target latency: 2 
     qos->retransmission_number: 2 
     qos->max_transport_latency: 10 
     channel count: 2
    direction: Source (mic)
     number of devices: 1 
     number of ASEs: 1 
     strategy: 0 
     qos->target latency: 2 
     qos->retransmission_number: 2 
     qos->max_transport_latency: 10 
     channel count: 1
  name: SingleDev_TwoChanStereoSnk_OneChanMonoSrc_16_2_Low_Latency 
    direction: Sink (speaker)
     number of devices: 1 
     number of ASEs: 1 
     strategy: 2 
     qos->target latency: 1 
     qos->retransmission_number: 0 
     qos->max_transport_latency: 0 
     channel count: 2
    direction: Source (mic)
     number of devices: 1 
     number of ASEs: 1 
     strategy: 0 
     qos->target latency: 1 
     qos->retransmission_number: 0 
     qos->max_transport_latency: 0 
     channel count: 1
  name: SingleDev_TwoChanStereoSnk_OneChanMonoSrc_16_2_1 
    direction: Sink (speaker)
     number of devices: 1 
     number of ASEs: 1 
     strategy: 2 
     qos->target latency: 2 
     qos->retransmission_number: 2 
     qos->max_transport_latency: 10 
     channel count: 2
    direction: Source (mic)
     number of devices: 1 
     number of ASEs: 1 
     strategy: 0 
     qos->target latency: 2 
     qos->retransmission_number: 2 
     qos->max_transport_latency: 10 
     channel count: 1
  name: SingleDev_TwoChanStereoSnk_OneChanMonoSrc_16_1_Low_Latency 
    direction: Sink (speaker)
     number of devices: 1 
     number of ASEs: 1 
     strategy: 2 
     qos->target latency: 1 
     qos->retransmission_number: 0 
     qos->max_transport_latency: 0 
     channel count: 2
    direction: Source (mic)
     number of devices: 1 
     number of ASEs: 1 
     strategy: 0 
     qos->target latency: 1 
     qos->retransmission_number: 0 
     qos->max_transport_latency: 0 
     channel count: 1
  name: SingleDev_TwoChanStereoSnk_OneChanMonoSrc_16_1_1 
    direction: Sink (speaker)
     number of devices: 1 
     number of ASEs: 1 
     strategy: 2 
     qos->target latency: 2 
     qos->retransmission_number: 2 
     qos->max_transport_latency: 8 
     channel count: 2
    direction: Source (mic)
     number of devices: 1 
     number of ASEs: 1 
     strategy: 0 
     qos->target latency: 2 
     qos->retransmission_number: 2 
     qos->max_transport_latency: 8 
     channel count: 1
  name: SingleDev_OneChanStereoSnk_OneChanMonoSrc_32_2_Low_Latency 
    direction: Sink (speaker)
     number of devices: 1 
     number of ASEs: 2 
     strategy: 1 
     qos->target latency: 1 
     qos->retransmission_number: 0 
     qos->max_transport_latency: 0 
     channel count: 1
    direction: Source (mic)
     number of devices: 1 
     number of ASEs: 1 
     strategy: 0 
     qos->target latency: 1 
     qos->retransmission_number: 0 
     qos->max_transport_latency: 0 
     channel count: 1
  name: SingleDev_OneChanStereoSnk_OneChanMonoSrc_32_2_1 
    direction: Sink (speaker)
     number of devices: 1 
     number of ASEs: 2 
     strategy: 1 
     qos->target latency: 2 
     qos->retransmission_number: 2 
     qos->max_transport_latency: 10 
     channel count: 1
    direction: Source (mic)
     number of devices: 1 
     number of ASEs: 1 
     strategy: 0 
     qos->target latency: 2 
     qos->retransmission_number: 2 
     qos->max_transport_latency: 10 
     channel count: 1
  name: SingleDev_OneChanStereoSnk_OneChanMonoSrc_16_2_Low_Latency 
    direction: Sink (speaker)
     number of devices: 1 
     number of ASEs: 2 
     strategy: 1 
     qos->target latency: 1 
     qos->retransmission_number: 0 
     qos->max_transport_latency: 0 
     channel count: 1
    direction: Source (mic)
     number of devices: 1 
     number of ASEs: 1 
     strategy: 0 
     qos->target latency: 1 
     qos->retransmission_number: 0 
     qos->max_transport_latency: 0 
     channel count: 1
  name: SingleDev_OneChanStereoSnk_OneChanMonoSrc_16_2_1 
    direction: Sink (speaker)
     number of devices: 1 
     number of ASEs: 2 
     strategy: 1 
     qos->target latency: 2 
     qos->retransmission_number: 2 
     qos->max_transport_latency: 10 
     channel count: 1
    direction: Source (mic)
     number of devices: 1 
     number of ASEs: 1 
     strategy: 0 
     qos->target latency: 2 
     qos->retransmission_number: 2 
     qos->max_transport_latency: 10 
     channel count: 1
  name: SingleDev_OneChanStereoSnk_OneChanMonoSrc_16_1_Low_Latency 
    direction: Sink (speaker)
     number of devices: 1 
     number of ASEs: 2 
     strategy: 1 
     qos->target latency: 1 
     qos->retransmission_number: 0 
     qos->max_transport_latency: 0 
     channel count: 1
    direction: Source (mic)
     number of devices: 1 
     number of ASEs: 1 
     strategy: 0 
     qos->target latency: 1 
     qos->retransmission_number: 0 
     qos->max_transport_latency: 0 
     channel count: 1
  name: SingleDev_OneChanStereoSnk_OneChanMonoSrc_16_1_1 
    direction: Sink (speaker)
     number of devices: 1 
     number of ASEs: 2 
     strategy: 1 
     qos->target latency: 2 
     qos->retransmission_number: 2 
     qos->max_transport_latency: 8 
     channel count: 1
    direction: Source (mic)
     number of devices: 1 
     number of ASEs: 1 
     strategy: 0 
     qos->target latency: 2 
     qos->retransmission_number: 2 
     qos->max_transport_latency: 8 
     channel count: 1
  name: SingleDev_OneChanMonoSnk_OneChanMonoSrc_32_2_Low_Latency 
    direction: Sink (speaker)
     number of devices: 1 
     number of ASEs: 1 
     strategy: 0 
     qos->target latency: 1 
     qos->retransmission_number: 0 
     qos->max_transport_latency: 0 
     channel count: 1
    direction: Source (mic)
     number of devices: 1 
     number of ASEs: 1 
     strategy: 0 
     qos->target latency: 1 
     qos->retransmission_number: 0 
     qos->max_transport_latency: 0 
     channel count: 1
  name: SingleDev_OneChanMonoSnk_OneChanMonoSrc_32_2_1 
    direction: Sink (speaker)
     number of devices: 1 
     number of ASEs: 1 
     strategy: 0 
     qos->target latency: 2 
     qos->retransmission_number: 2 
     qos->max_transport_latency: 10 
     channel count: 1
    direction: Source (mic)
     number of devices: 1 
     number of ASEs: 1 
     strategy: 0 
     qos->target latency: 2 
     qos->retransmission_number: 2 
     qos->max_transport_latency: 10 
     channel count: 1
  name: SingleDev_OneChanMonoSnk_OneChanMonoSrc_16_2_Low_Latency 
    direction: Sink (speaker)
     number of devices: 1 
     number of ASEs: 1 
     strategy: 0 
     qos->target latency: 1 
     qos->retransmission_number: 0 
     qos->max_transport_latency: 0 
     channel count: 1
    direction: Source (mic)
     number of devices: 1 
     number of ASEs: 1 
     strategy: 0 
     qos->target latency: 1 
     qos->retransmission_number: 0 
     qos->max_transport_latency: 0 
     channel count: 1
  name: SingleDev_OneChanMonoSnk_OneChanMonoSrc_16_2_1 
    direction: Sink (speaker)
     number of devices: 1 
     number of ASEs: 1 
     strategy: 0 
     qos->target latency: 2 
     qos->retransmission_number: 2 
     qos->max_transport_latency: 10 
     channel count: 1
    direction: Source (mic)
     number of devices: 1 
     number of ASEs: 1 
     strategy: 0 
     qos->target latency: 2 
     qos->retransmission_number: 2 
     qos->max_transport_latency: 10 
     channel count: 1
  name: SingleDev_OneChanMonoSnk_OneChanMonoSrc_16_1_Low_Latency 
    direction: Sink (speaker)
     number of devices: 1 
     number of ASEs: 1 
     strategy: 0 
     qos->target latency: 1 
     qos->retransmission_number: 0 
     qos->max_transport_latency: 0 
     channel count: 1
    direction: Source (mic)
     number of devices: 1 
     number of ASEs: 1 
     strategy: 0 
     qos->target latency: 1 
     qos->retransmission_number: 0 
     qos->max_transport_latency: 0 
     channel count: 1
  name: SingleDev_OneChanMonoSnk_OneChanMonoSrc_16_1_1 
    direction: Sink (speaker)
     number of devices: 1 
     number of ASEs: 1 
     strategy: 0 
     qos->target latency: 2 
     qos->retransmission_number: 2 
     qos->max_transport_latency: 8 
     channel count: 1
    direction: Source (mic)
     number of devices: 1 
     number of ASEs: 1 
     strategy: 0 
     qos->target latency: 2 
     qos->retransmission_number: 2 
     qos->max_transport_latency: 8 
     channel count: 1
  name: SingleDev_OneChanMonoSrc_48_2_Balanced_Reliability 
    direction: Source (mic)
     number of devices: 1 
     number of ASEs: 1 
     strategy: 0 
     qos->target latency: 2 
     qos->retransmission_number: 0 
     qos->max_transport_latency: 0 
     channel count: 1
  name: SingleDev_OneChanMonoSrc_48_1_Balanced_Reliability 
    direction: Source (mic)
     number of devices: 1 
     number of ASEs: 1 
     strategy: 0 
     qos->target latency: 2 
     qos->retransmission_number: 0 
     qos->max_transport_latency: 0 
     channel count: 1
  name: SingleDev_OneChanMonoSrc_32_2_Balanced_Reliability 
    direction: Source (mic)
     number of devices: 1 
     number of ASEs: 1 
     strategy: 0 
     qos->target latency: 2 
     qos->retransmission_number: 0 
     qos->max_transport_latency: 0 
     channel count: 1
  name: SingleDev_OneChanMonoSrc_32_1_Balanced_Reliability 
    direction: Source (mic)
     number of devices: 1 
     number of ASEs: 1 
     strategy: 0 
     qos->target latency: 2 
     qos->retransmission_number: 0 
     qos->max_transport_latency: 0 
     channel count: 1
  name: SingleDev_OneChanMonoSrc_16_2_Balanced_Reliability 
    direction: Source (mic)
     number of devices: 1 
     number of ASEs: 1 
     strategy: 0 
     qos->target latency: 2 
     qos->retransmission_number: 0 
     qos->max_transport_latency: 0 
     channel count: 1
  name: SingleDev_OneChanMonoSrc_16_1_Balanced_Reliability 
    direction: Source (mic)
     number of devices: 1 
     number of ASEs: 1 
     strategy: 0 
     qos->target latency: 2 
     qos->retransmission_number: 0 
     qos->max_transport_latency: 0 
     channel count: 1

  === Configurations for context type: 128, num: 69 
  name: DualDev_OneChanStereoSnk_48_4_High_Reliability 
    direction: Sink (speaker)
     number of devices: 2 
     number of ASEs: 2 
     strategy: 0 
     qos->target latency: 3 
     qos->retransmission_number: 0 
     qos->max_transport_latency: 0 
     channel count: 1
  name: DualDev_OneChanStereoSnk_48_4_2 
    direction: Sink (speaker)
     number of devices: 2 
     number of ASEs: 2 
     strategy: 0 
     qos->target latency: 2 
     qos->retransmission_number: 13 
     qos->max_transport_latency: 100 
     channel count: 1
  name: DualDev_OneChanStereoSnk_48_2_High_Reliability 
    direction: Sink (speaker)
     number of devices: 2 
     number of ASEs: 2 
     strategy: 0 
     qos->target latency: 3 
     qos->retransmission_number: 0 
     qos->max_transport_latency: 0 
     channel count: 1
  name: DualDev_OneChanStereoSnk_48_2_2 
    direction: Sink (speaker)
     number of devices: 2 
     number of ASEs: 2 
     strategy: 0 
     qos->target latency: 2 
     qos->retransmission_number: 13 
     qos->max_transport_latency: 95 
     channel count: 1
  name: DualDev_OneChanStereoSnk_48_3_High_Reliability 
    direction: Sink (speaker)
     number of devices: 2 
     number of ASEs: 2 
     strategy: 0 
     qos->target latency: 3 
     qos->retransmission_number: 0 
     qos->max_transport_latency: 0 
     channel count: 1
  name: DualDev_OneChanStereoSnk_48_3_2 
    direction: Sink (speaker)
     number of devices: 2 
     number of ASEs: 2 
     strategy: 0 
     qos->target latency: 2 
     qos->retransmission_number: 13 
     qos->max_transport_latency: 75 
     channel count: 1
  name: DualDev_OneChanStereoSnk_48_1_High_Reliability 
    direction: Sink (speaker)
     number of devices: 2 
     number of ASEs: 2 
     strategy: 0 
     qos->target latency: 3 
     qos->retransmission_number: 0 
     qos->max_transport_latency: 0 
     channel count: 1
  name: DualDev_OneChanStereoSnk_48_1_2 
    direction: Sink (speaker)
     number of devices: 2 
     number of ASEs: 2 
     strategy: 0 
     qos->target latency: 2 
     qos->retransmission_number: 13 
     qos->max_transport_latency: 75 
     channel count: 1
  name: DualDev_OneChanStereoSnk_24_2_Balanced_Reliability 
    direction: Sink (speaker)
     number of devices: 2 
     number of ASEs: 2 
     strategy: 0 
     qos->target latency: 2 
     qos->retransmission_number: 0 
     qos->max_transport_latency: 0 
     channel count: 1
  name: DualDev_OneChanStereoSnk_24_2_2 
    direction: Sink (speaker)
     number of devices: 2 
     number of ASEs: 2 
     strategy: 0 
     qos->target latency: 2 
     qos->retransmission_number: 13 
     qos->max_transport_latency: 95 
     channel count: 1
  name: DualDev_OneChanStereoSnk_16_2_Balanced_Reliability 
    direction: Sink (speaker)
     number of devices: 2 
     number of ASEs: 2 
     strategy: 0 
     qos->target latency: 2 
     qos->retransmission_number: 0 
     qos->max_transport_latency: 0 
     channel count: 1
  name: DualDev_OneChanStereoSnk_16_2_2 
    direction: Sink (speaker)
     number of devices: 2 
     number of ASEs: 2 
     strategy: 0 
     qos->target latency: 2 
     qos->retransmission_number: 13 
     qos->max_transport_latency: 95 
     channel count: 1
  name: DualDev_OneChanStereoSnk_16_1_Balanced_Reliability 
    direction: Sink (speaker)
     number of devices: 2 
     number of ASEs: 2 
     strategy: 0 
     qos->target latency: 2 
     qos->retransmission_number: 0 
     qos->max_transport_latency: 0 
     channel count: 1
  name: DualDev_OneChanStereoSnk_16_1_2 
    direction: Sink (speaker)
     number of devices: 2 
     number of ASEs: 2 
     strategy: 0 
     qos->target latency: 2 
     qos->retransmission_number: 13 
     qos->max_transport_latency: 75 
     channel count: 1
  name: SingleDev_OneChanStereoSnk_48_4_High_Reliability 
    direction: Sink (speaker)
     number of devices: 1 
     number of ASEs: 2 
     strategy: 1 
     qos->target latency: 3 
     qos->retransmission_number: 0 
     qos->max_transport_latency: 0 
     channel count: 1
  name: SingleDev_OneChanStereoSnk_48_4_2 
    direction: Sink (speaker)
     number of devices: 1 
     number of ASEs: 2 
     strategy: 1 
     qos->target latency: 2 
     qos->retransmission_number: 13 
     qos->max_transport_latency: 100 
     channel count: 1
  name: SingleDev_OneChanStereoSnk_48_2_High_Reliability 
    direction: Sink (speaker)
     number of devices: 1 
     number of ASEs: 2 
     strategy: 1 
     qos->target latency: 3 
     qos->retransmission_number: 0 
     qos->max_transport_latency: 0 
     channel count: 1
  name: SingleDev_OneChanStereoSnk_48_2_2 
    direction: Sink (speaker)
     number of devices: 1 
     number of ASEs: 2 
     strategy: 1 
     qos->target latency: 2 
     qos->retransmission_number: 13 
     qos->max_transport_latency: 95 
     channel count: 1
  name: SingleDev_OneChanStereoSnk_48_3_High_Reliability 
    direction: Sink (speaker)
     number of devices: 1 
     number of ASEs: 2 
     strategy: 1 
     qos->target latency: 3 
     qos->retransmission_number: 0 
     qos->max_transport_latency: 0 
     channel count: 1
  name: SingleDev_OneChanStereoSnk_48_3_2 
    direction: Sink (speaker)
     number of devices: 1 
     number of ASEs: 2 
     strategy: 1 
     qos->target latency: 2 
     qos->retransmission_number: 13 
     qos->max_transport_latency: 75 
     channel count: 1
  name: SingleDev_OneChanStereoSnk_48_1_High_Reliability 
    direction: Sink (speaker)
     number of devices: 1 
     number of ASEs: 2 
     strategy: 1 
     qos->target latency: 3 
     qos->retransmission_number: 0 
     qos->max_transport_latency: 0 
     channel count: 1
  name: SingleDev_OneChanStereoSnk_48_1_2 
    direction: Sink (speaker)
     number of devices: 1 
     number of ASEs: 2 
     strategy: 1 
     qos->target latency: 2 
     qos->retransmission_number: 13 
     qos->max_transport_latency: 75 
     channel count: 1
  name: SingleDev_OneChanStereoSnk_24_2_Balanced_Reliability 
    direction: Sink (speaker)
     number of devices: 1 
     number of ASEs: 2 
     strategy: 1 
     qos->target latency: 2 
     qos->retransmission_number: 0 
     qos->max_transport_latency: 0 
     channel count: 1
  name: SingleDev_OneChanStereoSnk_24_2_2 
    direction: Sink (speaker)
     number of devices: 1 
     number of ASEs: 2 
     strategy: 1 
     qos->target latency: 2 
     qos->retransmission_number: 13 
     qos->max_transport_latency: 95 
     channel count: 1
  name: SingleDev_OneChanStereoSnk_16_2_Balanced_Reliability 
    direction: Sink (speaker)
     number of devices: 1 
     number of ASEs: 2 
     strategy: 1 
     qos->target latency: 2 
     qos->retransmission_number: 0 
     qos->max_transport_latency: 0 
     channel count: 1
  name: SingleDev_OneChanStereoSnk_16_2_2 
    direction: Sink (speaker)
     number of devices: 1 
     number of ASEs: 2 
     strategy: 1 
     qos->target latency: 2 
     qos->retransmission_number: 13 
     qos->max_transport_latency: 95 
     channel count: 1
  name: SingleDev_OneChanStereoSnk_16_1_Balanced_Reliability 
    direction: Sink (speaker)
     number of devices: 1 
     number of ASEs: 2 
     strategy: 1 
     qos->target latency: 2 
     qos->retransmission_number: 0 
     qos->max_transport_latency: 0 
     channel count: 1
  name: SingleDev_OneChanStereoSnk_16_1_2 
    direction: Sink (speaker)
     number of devices: 1 
     number of ASEs: 2 
     strategy: 1 
     qos->target latency: 2 
     qos->retransmission_number: 13 
     qos->max_transport_latency: 75 
     channel count: 1
  name: SingleDev_TwoChanStereoSnk_48_4_High_Reliability 
    direction: Sink (speaker)
     number of devices: 1 
     number of ASEs: 1 
     strategy: 2 
     qos->target latency: 3 
     qos->retransmission_number: 0 
     qos->max_transport_latency: 0 
     channel count: 2
  name: SingleDev_TwoChanStereoSnk_48_4_2 
    direction: Sink (speaker)
     number of devices: 1 
     number of ASEs: 1 
     strategy: 2 
     qos->target latency: 2 
     qos->retransmission_number: 13 
     qos->max_transport_latency: 100 
     channel count: 2
  name: SingleDev_TwoChanStereoSnk_48_4_High_Reliability 
    direction: Sink (speaker)
     number of devices: 1 
     number of ASEs: 1 
     strategy: 2 
     qos->target latency: 3 
     qos->retransmission_number: 0 
     qos->max_transport_latency: 0 
     channel count: 2
  name: SingleDev_TwoChanStereoSnk_48_4_2 
    direction: Sink (speaker)
     number of devices: 1 
     number of ASEs: 1 
     strategy: 2 
     qos->target latency: 2 
     qos->retransmission_number: 13 
     qos->max_transport_latency: 100 
     channel count: 2
  name: SingleDev_TwoChanStereoSnk_48_2_High_Reliability 
    direction: Sink (speaker)
     number of devices: 1 
     number of ASEs: 1 
     strategy: 2 
     qos->target latency: 3 
     qos->retransmission_number: 0 
     qos->max_transport_latency: 0 
     channel count: 2
  name: SingleDev_TwoChanStereoSnk_48_2_2 
    direction: Sink (speaker)
     number of devices: 1 
     number of ASEs: 1 
     strategy: 2 
     qos->target latency: 2 
     qos->retransmission_number: 13 
     qos->max_transport_latency: 95 
     channel count: 2
  name: SingleDev_TwoChanStereoSnk_48_3_High_Reliability 
    direction: Sink (speaker)
     number of devices: 1 
     number of ASEs: 1 
     strategy: 2 
     qos->target latency: 3 
     qos->retransmission_number: 0 
     qos->max_transport_latency: 0 
     channel count: 2
  name: SingleDev_TwoChanStereoSnk_48_3_2 
    direction: Sink (speaker)
     number of devices: 1 
     number of ASEs: 1 
     strategy: 2 
     qos->target latency: 2 
     qos->retransmission_number: 13 
     qos->max_transport_latency: 75 
     channel count: 2
  name: SingleDev_TwoChanStereoSnk_48_1_High_Reliability 
    direction: Sink (speaker)
     number of devices: 1 
     number of ASEs: 1 
     strategy: 2 
     qos->target latency: 3 
     qos->retransmission_number: 0 
     qos->max_transport_latency: 0 
     channel count: 2
  name: SingleDev_TwoChanStereoSnk_48_1_2 
    direction: Sink (speaker)
     number of devices: 1 
     number of ASEs: 1 
     strategy: 2 
     qos->target latency: 2 
     qos->retransmission_number: 13 
     qos->max_transport_latency: 75 
     channel count: 2
  name: SingleDev_TwoChanStereoSnk_24_2_Balanced_Reliability 
    direction: Sink (speaker)
     number of devices: 1 
     number of ASEs: 1 
     strategy: 2 
     qos->target latency: 2 
     qos->retransmission_number: 0 
     qos->max_transport_latency: 0 
     channel count: 2
  name: SingleDev_TwoChanStereoSnk_24_2_2 
    direction: Sink (speaker)
     number of devices: 1 
     number of ASEs: 1 
     strategy: 2 
     qos->target latency: 2 
     qos->retransmission_number: 13 
     qos->max_transport_latency: 95 
     channel count: 2
  name: SingleDev_TwoChanStereoSnk_16_2_Balanced_Reliability 
    direction: Sink (speaker)
     number of devices: 1 
     number of ASEs: 1 
     strategy: 2 
     qos->target latency: 2 
     qos->retransmission_number: 0 
     qos->max_transport_latency: 0 
     channel count: 2
  name: SingleDev_TwoChanStereoSnk_16_2_2 
    direction: Sink (speaker)
     number of devices: 1 
     number of ASEs: 1 
     strategy: 2 
     qos->target latency: 2 
     qos->retransmission_number: 13 
     qos->max_transport_latency: 95 
     channel count: 2
  name: SingleDev_TwoChanStereoSnk_16_1_Balanced_Reliability 
    direction: Sink (speaker)
     number of devices: 1 
     number of ASEs: 1 
     strategy: 2 
     qos->target latency: 2 
     qos->retransmission_number: 0 
     qos->max_transport_latency: 0 
     channel count: 2
  name: SingleDev_TwoChanStereoSnk_16_1_2 
    direction: Sink (speaker)
     number of devices: 1 
     number of ASEs: 1 
     strategy: 2 
     qos->target latency: 2 
     qos->retransmission_number: 13 
     qos->max_transport_latency: 75 
     channel count: 2
  name: SingleDev_OneChanMonoSnk_48_4_High_Reliability 
    direction: Sink (speaker)
     number of devices: 1 
     number of ASEs: 1 
     strategy: 0 
     qos->target latency: 3 
     qos->retransmission_number: 0 
     qos->max_transport_latency: 0 
     channel count: 1
  name: SingleDev_OneChanMonoSnk_48_4_2 
    direction: Sink (speaker)
     number of devices: 1 
     number of ASEs: 1 
     strategy: 0 
     qos->target latency: 2 
     qos->retransmission_number: 13 
     qos->max_transport_latency: 100 
     channel count: 1
  name: SingleDev_OneChanMonoSnk_48_2_High_Reliability 
    direction: Sink (speaker)
     number of devices: 1 
     number of ASEs: 1 
     strategy: 0 
     qos->target latency: 3 
     qos->retransmission_number: 0 
     qos->max_transport_latency: 0 
     channel count: 1
  name: SingleDev_OneChanMonoSnk_48_2_2 
    direction: Sink (speaker)
     number of devices: 1 
     number of ASEs: 1 
     strategy: 0 
     qos->target latency: 2 
     qos->retransmission_number: 13 
     qos->max_transport_latency: 95 
     channel count: 1
  name: SingleDev_OneChanMonoSnk_48_3_High_Reliability 
    direction: Sink (speaker)
     number of devices: 1 
     number of ASEs: 1 
     strategy: 0 
     qos->target latency: 3 
     qos->retransmission_number: 0 
     qos->max_transport_latency: 0 
     channel count: 1
  name: SingleDev_OneChanMonoSnk_48_3_2 
    direction: Sink (speaker)
     number of devices: 1 
     number of ASEs: 1 
     strategy: 0 
     qos->target latency: 2 
     qos->retransmission_number: 13 
     qos->max_transport_latency: 75 
     channel count: 1
  name: SingleDev_OneChanMonoSnk_48_1_High_Reliability 
    direction: Sink (speaker)
     number of devices: 1 
     number of ASEs: 1 
     strategy: 0 
     qos->target latency: 3 
     qos->retransmission_number: 0 
     qos->max_transport_latency: 0 
     channel count: 1
  name: SingleDev_OneChanMonoSnk_48_1_2 
    direction: Sink (speaker)
     number of devices: 1 
     number of ASEs: 1 
     strategy: 0 
     qos->target latency: 2 
     qos->retransmission_number: 13 
     qos->max_transport_latency: 75 
     channel count: 1
  name: SingleDev_OneChanMonoSnk_32_2_Balanced_Reliability 
    direction: Sink (speaker)
     number of devices: 1 
     number of ASEs: 1 
     strategy: 0 
     qos->target latency: 2 
     qos->retransmission_number: 0 
     qos->max_transport_latency: 0 
     channel count: 1
  name: SingleDev_OneChanMonoSnk_32_1_Balanced_Reliability 
    direction: Sink (speaker)
     number of devices: 1 
     number of ASEs: 1 
     strategy: 0 
     qos->target latency: 2 
     qos->retransmission_number: 0 
     qos->max_transport_latency: 0 
     channel count: 1
  name: SingleDev_OneChanMonoSnk_24_2_Balanced_Reliability 
    direction: Sink (speaker)
     number of devices: 1 
     number of ASEs: 1 
     strategy: 0 
     qos->target latency: 2 
     qos->retransmission_number: 0 
     qos->max_transport_latency: 0 
     channel count: 1
  name: SingleDev_OneChanMonoSnk_24_2_2 
    direction: Sink (speaker)
     number of devices: 1 
     number of ASEs: 1 
     strategy: 0 
     qos->target latency: 2 
     qos->retransmission_number: 13 
     qos->max_transport_latency: 95 
     channel count: 1
  name: SingleDev_OneChanMonoSnk_16_2_Balanced_Reliability 
    direction: Sink (speaker)
     number of devices: 1 
     number of ASEs: 1 
     strategy: 0 
     qos->target latency: 2 
     qos->retransmission_number: 0 
     qos->max_transport_latency: 0 
     channel count: 1
  name: SingleDev_OneChanMonoSnk_16_2_2 
    direction: Sink (speaker)
     number of devices: 1 
     number of ASEs: 1 
     strategy: 0 
     qos->target latency: 2 
     qos->retransmission_number: 13 
     qos->max_transport_latency: 95 
     channel count: 1
  name: SingleDev_OneChanMonoSnk_16_1_Balanced_Reliability 
    direction: Sink (speaker)
     number of devices: 1 
     number of ASEs: 1 
     strategy: 0 
     qos->target latency: 2 
     qos->retransmission_number: 0 
     qos->max_transport_latency: 0 
     channel count: 1
  name: SingleDev_OneChanMonoSnk_16_1_2 
    direction: Sink (speaker)
     number of devices: 1 
     number of ASEs: 1 
     strategy: 0 
     qos->target latency: 2 
     qos->retransmission_number: 13 
     qos->max_transport_latency: 75 
     channel count: 1
  name: VND_DualDev_OneChanStereoSnk_48khz_100octs_High_Reliability_1 
    direction: Sink (speaker)
     number of devices: 2 
     number of ASEs: 2 
     strategy: 0 
     qos->target latency: 3 
     qos->retransmission_number: 0 
     qos->max_transport_latency: 0 
     channel count: 1
  name: VND_DualDev_OneChanStereoSnk_48khz_100octs_R15_L70_1 
    direction: Sink (speaker)
     number of devices: 2 
     number of ASEs: 2 
     strategy: 0 
     qos->target latency: 2 
     qos->retransmission_number: 15 
     qos->max_transport_latency: 70 
     channel count: 1
  name: VND_SingleDev_TwoChanStereoSnk_48khz_100octs_High_Reliability_1 
    direction: Sink (speaker)
     number of devices: 1 
     number of ASEs: 1 
     strategy: 2 
     qos->target latency: 3 
     qos->retransmission_number: 0 
     qos->max_transport_latency: 0 
     channel count: 2
  name: VND_SingleDev_TwoChanStereoSnk_48khz_100octs_R15_L70_1 
    direction: Sink (speaker)
     number of devices: 1 
     number of ASEs: 1 
     strategy: 2 
     qos->target latency: 2 
     qos->retransmission_number: 15 
     qos->max_transport_latency: 70 
     channel count: 2
  name: VND_SingleDev_OneChanStereoSnk_48khz_100octs_High_Reliability_1 
    direction: Sink (speaker)
     number of devices: 1 
     number of ASEs: 2 
     strategy: 1 
     qos->target latency: 3 
     qos->retransmission_number: 0 
     qos->max_transport_latency: 0 
     channel count: 1
  name: VND_SingleDev_OneChanStereoSnk_48khz_100octs_R15_L70_1 
    direction: Sink (speaker)
     number of devices: 1 
     number of ASEs: 2 
     strategy: 1 
     qos->target latency: 2 
     qos->retransmission_number: 15 
     qos->max_transport_latency: 70 
     channel count: 1
  name: DualDev_OneChanMonoSrc_16_2_Balanced_Reliability 
    direction: Source (mic)
     number of devices: 2 
     number of ASEs: 2 
     strategy: 0 
     qos->target latency: 2 
     qos->retransmission_number: 0 
     qos->max_transport_latency: 0 
     channel count: 1
  name: SingleDev_OneChanStereoSrc_16_2_Balanced_Reliability 
    direction: Source (mic)
     number of devices: 1 
     number of ASEs: 2 
     strategy: 1 
     qos->target latency: 2 
     qos->retransmission_number: 0 
     qos->max_transport_latency: 0 
     channel count: 1
  name: SingleDev_OneChanMonoSrc_16_2_Balanced_Reliability 
    direction: Source (mic)
     number of devices: 1 
     number of ASEs: 1 
     strategy: 0 
     qos->target latency: 2 
     qos->retransmission_number: 0 
     qos->max_transport_latency: 0 
     channel count: 1

  === Configurations for context type: 256, num: 69 
  name: DualDev_OneChanStereoSnk_48_4_High_Reliability 
    direction: Sink (speaker)
     number of devices: 2 
     number of ASEs: 2 
     strategy: 0 
     qos->target latency: 3 
     qos->retransmission_number: 0 
     qos->max_transport_latency: 0 
     channel count: 1
  name: DualDev_OneChanStereoSnk_48_4_2 
    direction: Sink (speaker)
     number of devices: 2 
     number of ASEs: 2 
     strategy: 0 
     qos->target latency: 2 
     qos->retransmission_number: 13 
     qos->max_transport_latency: 100 
     channel count: 1
  name: DualDev_OneChanStereoSnk_48_2_High_Reliability 
    direction: Sink (speaker)
     number of devices: 2 
     number of ASEs: 2 
     strategy: 0 
     qos->target latency: 3 
     qos->retransmission_number: 0 
     qos->max_transport_latency: 0 
     channel count: 1
  name: DualDev_OneChanStereoSnk_48_2_2 
    direction: Sink (speaker)
     number of devices: 2 
     number of ASEs: 2 
     strategy: 0 
     qos->target latency: 2 
     qos->retransmission_number: 13 
     qos->max_transport_latency: 95 
     channel count: 1
  name: DualDev_OneChanStereoSnk_48_3_High_Reliability 
    direction: Sink (speaker)
     number of devices: 2 
     number of ASEs: 2 
     strategy: 0 
     qos->target latency: 3 
     qos->retransmission_number: 0 
     qos->max_transport_latency: 0 
     channel count: 1
  name: DualDev_OneChanStereoSnk_48_3_2 
    direction: Sink (speaker)
     number of devices: 2 
     number of ASEs: 2 
     strategy: 0 
     qos->target latency: 2 
     qos->retransmission_number: 13 
     qos->max_transport_latency: 75 
     channel count: 1
  name: DualDev_OneChanStereoSnk_48_1_High_Reliability 
    direction: Sink (speaker)
     number of devices: 2 
     number of ASEs: 2 
     strategy: 0 
     qos->target latency: 3 
     qos->retransmission_number: 0 
     qos->max_transport_latency: 0 
     channel count: 1
  name: DualDev_OneChanStereoSnk_48_1_2 
    direction: Sink (speaker)
     number of devices: 2 
     number of ASEs: 2 
     strategy: 0 
     qos->target latency: 2 
     qos->retransmission_number: 13 
     qos->max_transport_latency: 75 
     channel count: 1
  name: DualDev_OneChanStereoSnk_24_2_Balanced_Reliability 
    direction: Sink (speaker)
     number of devices: 2 
     number of ASEs: 2 
     strategy: 0 
     qos->target latency: 2 
     qos->retransmission_number: 0 
     qos->max_transport_latency: 0 
     channel count: 1
  name: DualDev_OneChanStereoSnk_24_2_2 
    direction: Sink (speaker)
     number of devices: 2 
     number of ASEs: 2 
     strategy: 0 
     qos->target latency: 2 
     qos->retransmission_number: 13 
     qos->max_transport_latency: 95 
     channel count: 1
  name: DualDev_OneChanStereoSnk_16_2_Balanced_Reliability 
    direction: Sink (speaker)
     number of devices: 2 
     number of ASEs: 2 
     strategy: 0 
     qos->target latency: 2 
     qos->retransmission_number: 0 
     qos->max_transport_latency: 0 
     channel count: 1
  name: DualDev_OneChanStereoSnk_16_2_2 
    direction: Sink (speaker)
     number of devices: 2 
     number of ASEs: 2 
     strategy: 0 
     qos->target latency: 2 
     qos->retransmission_number: 13 
     qos->max_transport_latency: 95 
     channel count: 1
  name: DualDev_OneChanStereoSnk_16_1_Balanced_Reliability 
    direction: Sink (speaker)
     number of devices: 2 
     number of ASEs: 2 
     strategy: 0 
     qos->target latency: 2 
     qos->retransmission_number: 0 
     qos->max_transport_latency: 0 
     channel count: 1
  name: DualDev_OneChanStereoSnk_16_1_2 
    direction: Sink (speaker)
     number of devices: 2 
     number of ASEs: 2 
     strategy: 0 
     qos->target latency: 2 
     qos->retransmission_number: 13 
     qos->max_transport_latency: 75 
     channel count: 1
  name: SingleDev_OneChanStereoSnk_48_4_High_Reliability 
    direction: Sink (speaker)
     number of devices: 1 
     number of ASEs: 2 
     strategy: 1 
     qos->target latency: 3 
     qos->retransmission_number: 0 
     qos->max_transport_latency: 0 
     channel count: 1
  name: SingleDev_OneChanStereoSnk_48_4_2 
    direction: Sink (speaker)
     number of devices: 1 
     number of ASEs: 2 
     strategy: 1 
     qos->target latency: 2 
     qos->retransmission_number: 13 
     qos->max_transport_latency: 100 
     channel count: 1
  name: SingleDev_OneChanStereoSnk_48_2_High_Reliability 
    direction: Sink (speaker)
     number of devices: 1 
     number of ASEs: 2 
     strategy: 1 
     qos->target latency: 3 
     qos->retransmission_number: 0 
     qos->max_transport_latency: 0 
     channel count: 1
  name: SingleDev_OneChanStereoSnk_48_2_2 
    direction: Sink (speaker)
     number of devices: 1 
     number of ASEs: 2 
     strategy: 1 
     qos->target latency: 2 
     qos->retransmission_number: 13 
     qos->max_transport_latency: 95 
     channel count: 1
  name: SingleDev_OneChanStereoSnk_48_3_High_Reliability 
    direction: Sink (speaker)
     number of devices: 1 
     number of ASEs: 2 
     strategy: 1 
     qos->target latency: 3 
     qos->retransmission_number: 0 
     qos->max_transport_latency: 0 
     channel count: 1
  name: SingleDev_OneChanStereoSnk_48_3_2 
    direction: Sink (speaker)
     number of devices: 1 
     number of ASEs: 2 
     strategy: 1 
     qos->target latency: 2 
     qos->retransmission_number: 13 
     qos->max_transport_latency: 75 
     channel count: 1
  name: SingleDev_OneChanStereoSnk_48_1_High_Reliability 
    direction: Sink (speaker)
     number of devices: 1 
     number of ASEs: 2 
     strategy: 1 
     qos->target latency: 3 
     qos->retransmission_number: 0 
     qos->max_transport_latency: 0 
     channel count: 1
  name: SingleDev_OneChanStereoSnk_48_1_2 
    direction: Sink (speaker)
     number of devices: 1 
     number of ASEs: 2 
     strategy: 1 
     qos->target latency: 2 
     qos->retransmission_number: 13 
     qos->max_transport_latency: 75 
     channel count: 1
  name: SingleDev_OneChanStereoSnk_24_2_Balanced_Reliability 
    direction: Sink (speaker)
     number of devices: 1 
     number of ASEs: 2 
     strategy: 1 
     qos->target latency: 2 
     qos->retransmission_number: 0 
     qos->max_transport_latency: 0 
     channel count: 1
  name: SingleDev_OneChanStereoSnk_24_2_2 
    direction: Sink (speaker)
     number of devices: 1 
     number of ASEs: 2 
     strategy: 1 
     qos->target latency: 2 
     qos->retransmission_number: 13 
     qos->max_transport_latency: 95 
     channel count: 1
  name: SingleDev_OneChanStereoSnk_16_2_Balanced_Reliability 
    direction: Sink (speaker)
     number of devices: 1 
     number of ASEs: 2 
     strategy: 1 
     qos->target latency: 2 
     qos->retransmission_number: 0 
     qos->max_transport_latency: 0 
     channel count: 1
  name: SingleDev_OneChanStereoSnk_16_2_2 
    direction: Sink (speaker)
     number of devices: 1 
     number of ASEs: 2 
     strategy: 1 
     qos->target latency: 2 
     qos->retransmission_number: 13 
     qos->max_transport_latency: 95 
     channel count: 1
  name: SingleDev_OneChanStereoSnk_16_1_Balanced_Reliability 
    direction: Sink (speaker)
     number of devices: 1 
     number of ASEs: 2 
     strategy: 1 
     qos->target latency: 2 
     qos->retransmission_number: 0 
     qos->max_transport_latency: 0 
     channel count: 1
  name: SingleDev_OneChanStereoSnk_16_1_2 
    direction: Sink (speaker)
     number of devices: 1 
     number of ASEs: 2 
     strategy: 1 
     qos->target latency: 2 
     qos->retransmission_number: 13 
     qos->max_transport_latency: 75 
     channel count: 1
  name: SingleDev_TwoChanStereoSnk_48_4_High_Reliability 
    direction: Sink (speaker)
     number of devices: 1 
     number of ASEs: 1 
     strategy: 2 
     qos->target latency: 3 
     qos->retransmission_number: 0 
     qos->max_transport_latency: 0 
     channel count: 2
  name: SingleDev_TwoChanStereoSnk_48_4_2 
    direction: Sink (speaker)
     number of devices: 1 
     number of ASEs: 1 
     strategy: 2 
     qos->target latency: 2 
     qos->retransmission_number: 13 
     qos->max_transport_latency: 100 
     channel count: 2
  name: SingleDev_TwoChanStereoSnk_48_4_High_Reliability 
    direction: Sink (speaker)
     number of devices: 1 
     number of ASEs: 1 
     strategy: 2 
     qos->target latency: 3 
     qos->retransmission_number: 0 
     qos->max_transport_latency: 0 
     channel count: 2
  name: SingleDev_TwoChanStereoSnk_48_4_2 
    direction: Sink (speaker)
     number of devices: 1 
     number of ASEs: 1 
     strategy: 2 
     qos->target latency: 2 
     qos->retransmission_number: 13 
     qos->max_transport_latency: 100 
     channel count: 2
  name: SingleDev_TwoChanStereoSnk_48_2_High_Reliability 
    direction: Sink (speaker)
     number of devices: 1 
     number of ASEs: 1 
     strategy: 2 
     qos->target latency: 3 
     qos->retransmission_number: 0 
     qos->max_transport_latency: 0 
     channel count: 2
  name: SingleDev_TwoChanStereoSnk_48_2_2 
    direction: Sink (speaker)
     number of devices: 1 
     number of ASEs: 1 
     strategy: 2 
     qos->target latency: 2 
     qos->retransmission_number: 13 
     qos->max_transport_latency: 95 
     channel count: 2
  name: SingleDev_TwoChanStereoSnk_48_3_High_Reliability 
    direction: Sink (speaker)
     number of devices: 1 
     number of ASEs: 1 
     strategy: 2 
     qos->target latency: 3 
     qos->retransmission_number: 0 
     qos->max_transport_latency: 0 
     channel count: 2
  name: SingleDev_TwoChanStereoSnk_48_3_2 
    direction: Sink (speaker)
     number of devices: 1 
     number of ASEs: 1 
     strategy: 2 
     qos->target latency: 2 
     qos->retransmission_number: 13 
     qos->max_transport_latency: 75 
     channel count: 2
  name: SingleDev_TwoChanStereoSnk_48_1_High_Reliability 
    direction: Sink (speaker)
     number of devices: 1 
     number of ASEs: 1 
     strategy: 2 
     qos->target latency: 3 
     qos->retransmission_number: 0 
     qos->max_transport_latency: 0 
     channel count: 2
  name: SingleDev_TwoChanStereoSnk_48_1_2 
    direction: Sink (speaker)
     number of devices: 1 
     number of ASEs: 1 
     strategy: 2 
     qos->target latency: 2 
     qos->retransmission_number: 13 
     qos->max_transport_latency: 75 
     channel count: 2
  name: SingleDev_TwoChanStereoSnk_24_2_Balanced_Reliability 
    direction: Sink (speaker)
     number of devices: 1 
     number of ASEs: 1 
     strategy: 2 
     qos->target latency: 2 
     qos->retransmission_number: 0 
     qos->max_transport_latency: 0 
     channel count: 2
  name: SingleDev_TwoChanStereoSnk_24_2_2 
    direction: Sink (speaker)
     number of devices: 1 
     number of ASEs: 1 
     strategy: 2 
     qos->target latency: 2 
     qos->retransmission_number: 13 
     qos->max_transport_latency: 95 
     channel count: 2
  name: SingleDev_TwoChanStereoSnk_16_2_Balanced_Reliability 
    direction: Sink (speaker)
     number of devices: 1 
     number of ASEs: 1 
     strategy: 2 
     qos->target latency: 2 
     qos->retransmission_number: 0 
     qos->max_transport_latency: 0 
     channel count: 2
  name: SingleDev_TwoChanStereoSnk_16_2_2 
    direction: Sink (speaker)
     number of devices: 1 
     number of ASEs: 1 
     strategy: 2 
     qos->target latency: 2 
     qos->retransmission_number: 13 
     qos->max_transport_latency: 95 
     channel count: 2
  name: SingleDev_TwoChanStereoSnk_16_1_Balanced_Reliability 
    direction: Sink (speaker)
     number of devices: 1 
     number of ASEs: 1 
     strategy: 2 
     qos->target latency: 2 
     qos->retransmission_number: 0 
     qos->max_transport_latency: 0 
     channel count: 2
  name: SingleDev_TwoChanStereoSnk_16_1_2 
    direction: Sink (speaker)
     number of devices: 1 
     number of ASEs: 1 
     strategy: 2 
     qos->target latency: 2 
     qos->retransmission_number: 13 
     qos->max_transport_latency: 75 
     channel count: 2
  name: SingleDev_OneChanMonoSnk_48_4_High_Reliability 
    direction: Sink (speaker)
     number of devices: 1 
     number of ASEs: 1 
     strategy: 0 
     qos->target latency: 3 
     qos->retransmission_number: 0 
     qos->max_transport_latency: 0 
     channel count: 1
  name: SingleDev_OneChanMonoSnk_48_4_2 
    direction: Sink (speaker)
     number of devices: 1 
     number of ASEs: 1 
     strategy: 0 
     qos->target latency: 2 
     qos->retransmission_number: 13 
     qos->max_transport_latency: 100 
     channel count: 1
  name: SingleDev_OneChanMonoSnk_48_2_High_Reliability 
    direction: Sink (speaker)
     number of devices: 1 
     number of ASEs: 1 
     strategy: 0 
     qos->target latency: 3 
     qos->retransmission_number: 0 
     qos->max_transport_latency: 0 
     channel count: 1
  name: SingleDev_OneChanMonoSnk_48_2_2 
    direction: Sink (speaker)
     number of devices: 1 
     number of ASEs: 1 
     strategy: 0 
     qos->target latency: 2 
     qos->retransmission_number: 13 
     qos->max_transport_latency: 95 
     channel count: 1
  name: SingleDev_OneChanMonoSnk_48_3_High_Reliability 
    direction: Sink (speaker)
     number of devices: 1 
     number of ASEs: 1 
     strategy: 0 
     qos->target latency: 3 
     qos->retransmission_number: 0 
     qos->max_transport_latency: 0 
     channel count: 1
  name: SingleDev_OneChanMonoSnk_48_3_2 
    direction: Sink (speaker)
     number of devices: 1 
     number of ASEs: 1 
     strategy: 0 
     qos->target latency: 2 
     qos->retransmission_number: 13 
     qos->max_transport_latency: 75 
     channel count: 1
  name: SingleDev_OneChanMonoSnk_48_1_High_Reliability 
    direction: Sink (speaker)
     number of devices: 1 
     number of ASEs: 1 
     strategy: 0 
     qos->target latency: 3 
     qos->retransmission_number: 0 
     qos->max_transport_latency: 0 
     channel count: 1
  name: SingleDev_OneChanMonoSnk_48_1_2 
    direction: Sink (speaker)
     number of devices: 1 
     number of ASEs: 1 
     strategy: 0 
     qos->target latency: 2 
     qos->retransmission_number: 13 
     qos->max_transport_latency: 75 
     channel count: 1
  name: SingleDev_OneChanMonoSnk_32_2_Balanced_Reliability 
    direction: Sink (speaker)
     number of devices: 1 
     number of ASEs: 1 
     strategy: 0 
     qos->target latency: 2 
     qos->retransmission_number: 0 
     qos->max_transport_latency: 0 
     channel count: 1
  name: SingleDev_OneChanMonoSnk_32_1_Balanced_Reliability 
    direction: Sink (speaker)
     number of devices: 1 
     number of ASEs: 1 
     strategy: 0 
     qos->target latency: 2 
     qos->retransmission_number: 0 
     qos->max_transport_latency: 0 
     channel count: 1
  name: SingleDev_OneChanMonoSnk_24_2_Balanced_Reliability 
    direction: Sink (speaker)
     number of devices: 1 
     number of ASEs: 1 
     strategy: 0 
     qos->target latency: 2 
     qos->retransmission_number: 0 
     qos->max_transport_latency: 0 
     channel count: 1
  name: SingleDev_OneChanMonoSnk_24_2_2 
    direction: Sink (speaker)
     number of devices: 1 
     number of ASEs: 1 
     strategy: 0 
     qos->target latency: 2 
     qos->retransmission_number: 13 
     qos->max_transport_latency: 95 
     channel count: 1
  name: SingleDev_OneChanMonoSnk_16_2_Balanced_Reliability 
    direction: Sink (speaker)
     number of devices: 1 
     number of ASEs: 1 
     strategy: 0 
     qos->target latency: 2 
     qos->retransmission_number: 0 
     qos->max_transport_latency: 0 
     channel count: 1
  name: SingleDev_OneChanMonoSnk_16_2_2 
    direction: Sink (speaker)
     number of devices: 1 
     number of ASEs: 1 
     strategy: 0 
     qos->target latency: 2 
     qos->retransmission_number: 13 
     qos->max_transport_latency: 95 
     channel count: 1
  name: SingleDev_OneChanMonoSnk_16_1_Balanced_Reliability 
    direction: Sink (speaker)
     number of devices: 1 
     number of ASEs: 1 
     strategy: 0 
     qos->target latency: 2 
     qos->retransmission_number: 0 
     qos->max_transport_latency: 0 
     channel count: 1
  name: SingleDev_OneChanMonoSnk_16_1_2 
    direction: Sink (speaker)
     number of devices: 1 
     number of ASEs: 1 
     strategy: 0 
     qos->target latency: 2 
     qos->retransmission_number: 13 
     qos->max_transport_latency: 75 
     channel count: 1
  name: VND_DualDev_OneChanStereoSnk_48khz_100octs_High_Reliability_1 
    direction: Sink (speaker)
     number of devices: 2 
     number of ASEs: 2 
     strategy: 0 
     qos->target latency: 3 
     qos->retransmission_number: 0 
     qos->max_transport_latency: 0 
     channel count: 1
  name: VND_DualDev_OneChanStereoSnk_48khz_100octs_R15_L70_1 
    direction: Sink (speaker)
     number of devices: 2 
     number of ASEs: 2 
     strategy: 0 
     qos->target latency: 2 
     qos->retransmission_number: 15 
     qos->max_transport_latency: 70 
     channel count: 1
  name: VND_SingleDev_TwoChanStereoSnk_48khz_100octs_High_Reliability_1 
    direction: Sink (speaker)
     number of devices: 1 
     number of ASEs: 1 
     strategy: 2 
     qos->target latency: 3 
     qos->retransmission_number: 0 
     qos->max_transport_latency: 0 
     channel count: 2
  name: VND_SingleDev_TwoChanStereoSnk_48khz_100octs_R15_L70_1 
    direction: Sink (speaker)
     number of devices: 1 
     number of ASEs: 1 
     strategy: 2 
     qos->target latency: 2 
     qos->retransmission_number: 15 
     qos->max_transport_latency: 70 
     channel count: 2
  name: VND_SingleDev_OneChanStereoSnk_48khz_100octs_High_Reliability_1 
    direction: Sink (speaker)
     number of devices: 1 
     number of ASEs: 2 
     strategy: 1 
     qos->target latency: 3 
     qos->retransmission_number: 0 
     qos->max_transport_latency: 0 
     channel count: 1
  name: VND_SingleDev_OneChanStereoSnk_48khz_100octs_R15_L70_1 
    direction: Sink (speaker)
     number of devices: 1 
     number of ASEs: 2 
     strategy: 1 
     qos->target latency: 2 
     qos->retransmission_number: 15 
     qos->max_transport_latency: 70 
     channel count: 1
  name: DualDev_OneChanMonoSrc_16_2_Balanced_Reliability 
    direction: Source (mic)
     number of devices: 2 
     number of ASEs: 2 
     strategy: 0 
     qos->target latency: 2 
     qos->retransmission_number: 0 
     qos->max_transport_latency: 0 
     channel count: 1
  name: SingleDev_OneChanStereoSrc_16_2_Balanced_Reliability 
    direction: Source (mic)
     number of devices: 1 
     number of ASEs: 2 
     strategy: 1 
     qos->target latency: 2 
     qos->retransmission_number: 0 
     qos->max_transport_latency: 0 
     channel count: 1
  name: SingleDev_OneChanMonoSrc_16_2_Balanced_Reliability 
    direction: Source (mic)
     number of devices: 1 
     number of ASEs: 1 
     strategy: 0 
     qos->target latency: 2 
     qos->retransmission_number: 0 
     qos->max_transport_latency: 0 
     channel count: 1

  === Configurations for context type: 512, num: 60 
  name: DualDev_OneChanStereoSnk_OneChanStereoSrc_16_2_Low_Latency 
    direction: Sink (speaker)
     number of devices: 2 
     number of ASEs: 2 
     strategy: 0 
     qos->target latency: 1 
     qos->retransmission_number: 0 
     qos->max_transport_latency: 0 
     channel count: 1
    direction: Source (mic)
     number of devices: 2 
     number of ASEs: 2 
     strategy: 0 
     qos->target latency: 1 
     qos->retransmission_number: 0 
     qos->max_transport_latency: 0 
     channel count: 1
  name: DualDev_OneChanStereoSnk_OneChanStereoSrc_16_2_1 
    direction: Sink (speaker)
     number of devices: 2 
     number of ASEs: 2 
     strategy: 0 
     qos->target latency: 2 
     qos->retransmission_number: 2 
     qos->max_transport_latency: 10 
     channel count: 1
    direction: Source (mic)
     number of devices: 2 
     number of ASEs: 2 
     strategy: 0 
     qos->target latency: 2 
     qos->retransmission_number: 2 
     qos->max_transport_latency: 10 
     channel count: 1
  name: DualDev_OneChanStereoSnk_OneChanStereoSrc_16_2_2 
    direction: Sink (speaker)
     number of devices: 2 
     number of ASEs: 2 
     strategy: 0 
     qos->target latency: 2 
     qos->retransmission_number: 13 
     qos->max_transport_latency: 95 
     channel count: 1
    direction: Source (mic)
     number of devices: 2 
     number of ASEs: 2 
     strategy: 0 
     qos->target latency: 2 
     qos->retransmission_number: 13 
     qos->max_transport_latency: 95 
     channel count: 1
  name: DualDev_OneChanStereoSnk_OneChanStereoSrc_16_1_Low_Latency 
    direction: Sink (speaker)
     number of devices: 2 
     number of ASEs: 2 
     strategy: 0 
     qos->target latency: 1 
     qos->retransmission_number: 0 
     qos->max_transport_latency: 0 
     channel count: 1
    direction: Source (mic)
     number of devices: 2 
     number of ASEs: 2 
     strategy: 0 
     qos->target latency: 1 
     qos->retransmission_number: 0 
     qos->max_transport_latency: 0 
     channel count: 1
  name: DualDev_OneChanStereoSnk_OneChanStereoSrc_16_1_1 
    direction: Sink (speaker)
     number of devices: 2 
     number of ASEs: 2 
     strategy: 0 
     qos->target latency: 2 
     qos->retransmission_number: 2 
     qos->max_transport_latency: 8 
     channel count: 1
    direction: Source (mic)
     number of devices: 2 
     number of ASEs: 2 
     strategy: 0 
     qos->target latency: 2 
     qos->retransmission_number: 2 
     qos->max_transport_latency: 8 
     channel count: 1
  name: DualDev_OneChanStereoSnk_OneChanStereoSrc_16_1_2 
    direction: Sink (speaker)
     number of devices: 2 
     number of ASEs: 2 
     strategy: 0 
     qos->target latency: 2 
     qos->retransmission_number: 13 
     qos->max_transport_latency: 75 
     channel count: 1
    direction: Source (mic)
     number of devices: 2 
     number of ASEs: 2 
     strategy: 0 
     qos->target latency: 2 
     qos->retransmission_number: 13 
     qos->max_transport_latency: 75 
     channel count: 1
  name: DualDev_OneChanStereoSnk_OneChanMonoSrc_32_2_Low_Latency 
    direction: Sink (speaker)
     number of devices: 2 
     number of ASEs: 2 
     strategy: 0 
     qos->target latency: 1 
     qos->retransmission_number: 0 
     qos->max_transport_latency: 0 
     channel count: 1
    direction: Source (mic)
     number of devices: 1 
     number of ASEs: 1 
     strategy: 0 
     qos->target latency: 1 
     qos->retransmission_number: 0 
     qos->max_transport_latency: 0 
     channel count: 1
  name: DualDev_OneChanStereoSnk_OneChanMonoSrc_32_2_1 
    direction: Sink (speaker)
     number of devices: 2 
     number of ASEs: 2 
     strategy: 0 
     qos->target latency: 2 
     qos->retransmission_number: 2 
     qos->max_transport_latency: 10 
     channel count: 1
    direction: Source (mic)
     number of devices: 1 
     number of ASEs: 1 
     strategy: 0 
     qos->target latency: 2 
     qos->retransmission_number: 2 
     qos->max_transport_latency: 10 
     channel count: 1
  name: DualDev_OneChanStereoSnk_OneChanMonoSrc_16_2_Low_Latency 
    direction: Sink (speaker)
     number of devices: 2 
     number of ASEs: 2 
     strategy: 0 
     qos->target latency: 1 
     qos->retransmission_number: 0 
     qos->max_transport_latency: 0 
     channel count: 1
    direction: Source (mic)
     number of devices: 1 
     number of ASEs: 1 
     strategy: 0 
     qos->target latency: 1 
     qos->retransmission_number: 0 
     qos->max_transport_latency: 0 
     channel count: 1
  name: DualDev_OneChanStereoSnk_OneChanMonoSrc_16_2_1 
    direction: Sink (speaker)
     number of devices: 2 
     number of ASEs: 2 
     strategy: 0 
     qos->target latency: 2 
     qos->retransmission_number: 2 
     qos->max_transport_latency: 10 
     channel count: 1
    direction: Source (mic)
     number of devices: 1 
     number of ASEs: 1 
     strategy: 0 
     qos->target latency: 2 
     qos->retransmission_number: 2 
     qos->max_transport_latency: 10 
     channel count: 1
  name: DualDev_OneChanStereoSnk_OneChanMonoSrc_16_1_Low_Latency 
    direction: Sink (speaker)
     number of devices: 2 
     number of ASEs: 2 
     strategy: 0 
     qos->target latency: 1 
     qos->retransmission_number: 0 
     qos->max_transport_latency: 0 
     channel count: 1
    direction: Source (mic)
     number of devices: 1 
     number of ASEs: 1 
     strategy: 0 
     qos->target latency: 1 
     qos->retransmission_number: 0 
     qos->max_transport_latency: 0 
     channel count: 1
  name: DualDev_OneChanStereoSnk_OneChanMonoSrc_16_1_1 
    direction: Sink (speaker)
     number of devices: 2 
     number of ASEs: 2 
     strategy: 0 
     qos->target latency: 2 
     qos->retransmission_number: 2 
     qos->max_transport_latency: 8 
     channel count: 1
    direction: Source (mic)
     number of devices: 1 
     number of ASEs: 1 
     strategy: 0 
     qos->target latency: 2 
     qos->retransmission_number: 2 
     qos->max_transport_latency: 8 
     channel count: 1
  name: DualDev_OneChanDoubleStereoSnk_OneChanMonoSrc_32_2_Low_Latency 
    direction: Sink (speaker)
     number of devices: 2 
     number of ASEs: 4 
     strategy: 1 
     qos->target latency: 1 
     qos->retransmission_number: 0 
     qos->max_transport_latency: 0 
     channel count: 1
    direction: Source (mic)
     number of devices: 1 
     number of ASEs: 1 
     strategy: 0 
     qos->target latency: 1 
     qos->retransmission_number: 0 
     qos->max_transport_latency: 0 
     channel count: 1
  name: DualDev_OneChanDoubleStereoSnk_OneChanMonoSrc_32_2_1 
    direction: Sink (speaker)
     number of devices: 2 
     number of ASEs: 4 
     strategy: 1 
     qos->target latency: 2 
     qos->retransmission_number: 2 
     qos->max_transport_latency: 10 
     channel count: 1
    direction: Source (mic)
     number of devices: 1 
     number of ASEs: 1 
     strategy: 0 
     qos->target latency: 2 
     qos->retransmission_number: 2 
     qos->max_transport_latency: 10 
     channel count: 1
  name: DualDev_OneChanDoubleStereoSnk_OneChanMonoSrc_16_2_Low_Latency 
    direction: Sink (speaker)
     number of devices: 2 
     number of ASEs: 4 
     strategy: 1 
     qos->target latency: 1 
     qos->retransmission_number: 0 
     qos->max_transport_latency: 0 
     channel count: 1
    direction: Source (mic)
     number of devices: 1 
     number of ASEs: 1 
     strategy: 0 
     qos->target latency: 1 
     qos->retransmission_number: 0 
     qos->max_transport_latency: 0 
     channel count: 1
  name: DualDev_OneChanDoubleStereoSnk_OneChanMonoSrc_16_2_1 
    direction: Sink (speaker)
     number of devices: 2 
     number of ASEs: 4 
     strategy: 1 
     qos->target latency: 2 
     qos->retransmission_number: 2 
     qos->max_transport_latency: 10 
     channel count: 1
    direction: Source (mic)
     number of devices: 1 
     number of ASEs: 1 
     strategy: 0 
     qos->target latency: 2 
     qos->retransmission_number: 2 
     qos->max_transport_latency: 10 
     channel count: 1
  name: DualDev_OneChanDoubleStereoSnk_OneChanMonoSrc_16_1_Low_Latency 
    direction: Sink (speaker)
     number of devices: 2 
     number of ASEs: 4 
     strategy: 1 
     qos->target latency: 1 
     qos->retransmission_number: 0 
     qos->max_transport_latency: 0 
     channel count: 1
    direction: Source (mic)
     number of devices: 1 
     number of ASEs: 1 
     strategy: 0 
     qos->target latency: 1 
     qos->retransmission_number: 0 
     qos->max_transport_latency: 0 
     channel count: 1
  name: DualDev_OneChanDoubleStereoSnk_OneChanMonoSrc_16_1_1 
    direction: Sink (speaker)
     number of devices: 2 
     number of ASEs: 4 
     strategy: 1 
     qos->target latency: 2 
     qos->retransmission_number: 2 
     qos->max_transport_latency: 8 
     channel count: 1
    direction: Source (mic)
     number of devices: 1 
     number of ASEs: 1 
     strategy: 0 
     qos->target latency: 2 
     qos->retransmission_number: 2 
     qos->max_transport_latency: 8 
     channel count: 1
  name: SingleDev_TwoChanStereoSnk_TwoChanStereoSrc_32_2_Low_Latency 
    direction: Sink (speaker)
     number of devices: 1 
     number of ASEs: 1 
     strategy: 2 
     qos->target latency: 1 
     qos->retransmission_number: 0 
     qos->max_transport_latency: 0 
     channel count: 2
    direction: Source (mic)
     number of devices: 1 
     number of ASEs: 1 
     strategy: 2 
     qos->target latency: 1 
     qos->retransmission_number: 0 
     qos->max_transport_latency: 0 
     channel count: 2
  name: SingleDev_TwoChanStereoSnk_TwoChanStereoSrc_32_2_1 
    direction: Sink (speaker)
     number of devices: 1 
     number of ASEs: 1 
     strategy: 2 
     qos->target latency: 2 
     qos->retransmission_number: 2 
     qos->max_transport_latency: 10 
     channel count: 2
    direction: Source (mic)
     number of devices: 1 
     number of ASEs: 1 
     strategy: 2 
     qos->target latency: 2 
     qos->retransmission_number: 2 
     qos->max_transport_latency: 10 
     channel count: 2
  name: SingleDev_TwoChanStereoSnk_TwoChanStereoSrc_16_2_Low_Latency 
    direction: Sink (speaker)
     number of devices: 1 
     number of ASEs: 1 
     strategy: 2 
     qos->target latency: 1 
     qos->retransmission_number: 0 
     qos->max_transport_latency: 0 
     channel count: 2
    direction: Source (mic)
     number of devices: 1 
     number of ASEs: 1 
     strategy: 2 
     qos->target latency: 1 
     qos->retransmission_number: 0 
     qos->max_transport_latency: 0 
     channel count: 2
  name: SingleDev_TwoChanStereoSnk_TwoChanStereoSrc_16_2_1 
    direction: Sink (speaker)
     number of devices: 1 
     number of ASEs: 1 
     strategy: 2 
     qos->target latency: 2 
     qos->retransmission_number: 2 
     qos->max_transport_latency: 10 
     channel count: 2
    direction: Source (mic)
     number of devices: 1 
     number of ASEs: 1 
     strategy: 2 
     qos->target latency: 2 
     qos->retransmission_number: 2 
     qos->max_transport_latency: 10 
     channel count: 2
  name: SingleDev_TwoChanStereoSnk_TwoChanStereoSrc_16_2_2 
    direction: Sink (speaker)
     number of devices: 1 
     number of ASEs: 1 
     strategy: 2 
     qos->target latency: 2 
     qos->retransmission_number: 13 
     qos->max_transport_latency: 95 
     channel count: 2
    direction: Source (mic)
     number of devices: 1 
     number of ASEs: 1 
     strategy: 2 
     qos->target latency: 2 
     qos->retransmission_number: 13 
     qos->max_transport_latency: 95 
     channel count: 2
  name: SingleDev_TwoChanStereoSnk_TwoChanStereoSrc_16_1_Low_Latency 
    direction: Sink (speaker)
     number of devices: 1 
     number of ASEs: 1 
     strategy: 2 
     qos->target latency: 1 
     qos->retransmission_number: 0 
     qos->max_transport_latency: 0 
     channel count: 2
    direction: Source (mic)
     number of devices: 1 
     number of ASEs: 1 
     strategy: 2 
     qos->target latency: 1 
     qos->retransmission_number: 0 
     qos->max_transport_latency: 0 
     channel count: 2
  name: SingleDev_TwoChanStereoSnk_TwoChanStereoSrc_16_1_1 
    direction: Sink (speaker)
     number of devices: 1 
     number of ASEs: 1 
     strategy: 2 
     qos->target latency: 2 
     qos->retransmission_number: 2 
     qos->max_transport_latency: 8 
     channel count: 2
    direction: Source (mic)
     number of devices: 1 
     number of ASEs: 1 
     strategy: 2 
     qos->target latency: 2 
     qos->retransmission_number: 2 
     qos->max_transport_latency: 8 
     channel count: 2
  name: SingleDev_TwoChanStereoSnk_TwoChanStereoSrc_16_1_2 
    direction: Sink (speaker)
     number of devices: 1 
     number of ASEs: 1 
     strategy: 2 
     qos->target latency: 2 
     qos->retransmission_number: 13 
     qos->max_transport_latency: 75 
     channel count: 2
    direction: Source (mic)
     number of devices: 1 
     number of ASEs: 1 
     strategy: 2 
     qos->target latency: 2 
     qos->retransmission_number: 13 
     qos->max_transport_latency: 75 
     channel count: 2
  name: SingleDev_TwoChanStereoSnk_OneChanMonoSrc_32_2_Low_Latency 
    direction: Sink (speaker)
     number of devices: 1 
     number of ASEs: 1 
     strategy: 2 
     qos->target latency: 1 
     qos->retransmission_number: 0 
     qos->max_transport_latency: 0 
     channel count: 2
    direction: Source (mic)
     number of devices: 1 
     number of ASEs: 1 
     strategy: 0 
     qos->target latency: 1 
     qos->retransmission_number: 0 
     qos->max_transport_latency: 0 
     channel count: 1
  name: SingleDev_TwoChanStereoSnk_OneChanMonoSrc_32_2_1 
    direction: Sink (speaker)
     number of devices: 1 
     number of ASEs: 1 
     strategy: 2 
     qos->target latency: 2 
     qos->retransmission_number: 2 
     qos->max_transport_latency: 10 
     channel count: 2
    direction: Source (mic)
     number of devices: 1 
     number of ASEs: 1 
     strategy: 0 
     qos->target latency: 2 
     qos->retransmission_number: 2 
     qos->max_transport_latency: 10 
     channel count: 1
  name: SingleDev_TwoChanStereoSnk_OneChanMonoSrc_16_2_Low_Latency 
    direction: Sink (speaker)
     number of devices: 1 
     number of ASEs: 1 
     strategy: 2 
     qos->target latency: 1 
     qos->retransmission_number: 0 
     qos->max_transport_latency: 0 
     channel count: 2
    direction: Source (mic)
     number of devices: 1 
     number of ASEs: 1 
     strategy: 0 
     qos->target latency: 1 
     qos->retransmission_number: 0 
     qos->max_transport_latency: 0 
     channel count: 1
  name: SingleDev_TwoChanStereoSnk_OneChanMonoSrc_16_2_1 
    direction: Sink (speaker)
     number of devices: 1 
     number of ASEs: 1 
     strategy: 2 
     qos->target latency: 2 
     qos->retransmission_number: 2 
     qos->max_transport_latency: 10 
     channel count: 2
    direction: Source (mic)
     number of devices: 1 
     number of ASEs: 1 
     strategy: 0 
     qos->target latency: 2 
     qos->retransmission_number: 2 
     qos->max_transport_latency: 10 
     channel count: 1
  name: SingleDev_TwoChanStereoSnk_OneChanMonoSrc_16_1_Low_Latency 
    direction: Sink (speaker)
     number of devices: 1 
     number of ASEs: 1 
     strategy: 2 
     qos->target latency: 1 
     qos->retransmission_number: 0 
     qos->max_transport_latency: 0 
     channel count: 2
    direction: Source (mic)
     number of devices: 1 
     number of ASEs: 1 
     strategy: 0 
     qos->target latency: 1 
     qos->retransmission_number: 0 
     qos->max_transport_latency: 0 
     channel count: 1
  name: SingleDev_TwoChanStereoSnk_OneChanMonoSrc_16_1_1 
    direction: Sink (speaker)
     number of devices: 1 
     number of ASEs: 1 
     strategy: 2 
     qos->target latency: 2 
     qos->retransmission_number: 2 
     qos->max_transport_latency: 8 
     channel count: 2
    direction: Source (mic)
     number of devices: 1 
     number of ASEs: 1 
     strategy: 0 
     qos->target latency: 2 
     qos->retransmission_number: 2 
     qos->max_transport_latency: 8 
     channel count: 1
  name: SingleDev_OneChanStereoSnk_OneChanMonoSrc_32_2_Low_Latency 
    direction: Sink (speaker)
     number of devices: 1 
     number of ASEs: 2 
     strategy: 1 
     qos->target latency: 1 
     qos->retransmission_number: 0 
     qos->max_transport_latency: 0 
     channel count: 1
    direction: Source (mic)
     number of devices: 1 
     number of ASEs: 1 
     strategy: 0 
     qos->target latency: 1 
     qos->retransmission_number: 0 
     qos->max_transport_latency: 0 
     channel count: 1
  name: SingleDev_OneChanStereoSnk_OneChanMonoSrc_32_2_1 
    direction: Sink (speaker)
     number of devices: 1 
     number of ASEs: 2 
     strategy: 1 
     qos->target latency: 2 
     qos->retransmission_number: 2 
     qos->max_transport_latency: 10 
     channel count: 1
    direction: Source (mic)
     number of devices: 1 
     number of ASEs: 1 
     strategy: 0 
     qos->target latency: 2 
     qos->retransmission_number: 2 
     qos->max_transport_latency: 10 
     channel count: 1
  name: SingleDev_OneChanStereoSnk_OneChanMonoSrc_16_2_Low_Latency 
    direction: Sink (speaker)
     number of devices: 1 
     number of ASEs: 2 
     strategy: 1 
     qos->target latency: 1 
     qos->retransmission_number: 0 
     qos->max_transport_latency: 0 
     channel count: 1
    direction: Source (mic)
     number of devices: 1 
     number of ASEs: 1 
     strategy: 0 
     qos->target latency: 1 
     qos->retransmission_number: 0 
     qos->max_transport_latency: 0 
     channel count: 1
  name: SingleDev_OneChanStereoSnk_OneChanMonoSrc_16_2_1 
    direction: Sink (speaker)
     number of devices: 1 
     number of ASEs: 2 
     strategy: 1 
     qos->target latency: 2 
     qos->retransmission_number: 2 
     qos->max_transport_latency: 10 
     channel count: 1
    direction: Source (mic)
     number of devices: 1 
     number of ASEs: 1 
     strategy: 0 
     qos->target latency: 2 
     qos->retransmission_number: 2 
     qos->max_transport_latency: 10 
     channel count: 1
  name: SingleDev_OneChanStereoSnk_OneChanMonoSrc_16_1_Low_Latency 
    direction: Sink (speaker)
     number of devices: 1 
     number of ASEs: 2 
     strategy: 1 
     qos->target latency: 1 
     qos->retransmission_number: 0 
     qos->max_transport_latency: 0 
     channel count: 1
    direction: Source (mic)
     number of devices: 1 
     number of ASEs: 1 
     strategy: 0 
     qos->target latency: 1 
     qos->retransmission_number: 0 
     qos->max_transport_latency: 0 
     channel count: 1
  name: SingleDev_OneChanStereoSnk_OneChanMonoSrc_16_1_1 
    direction: Sink (speaker)
     number of devices: 1 
     number of ASEs: 2 
     strategy: 1 
     qos->target latency: 2 
     qos->retransmission_number: 2 
     qos->max_transport_latency: 8 
     channel count: 1
    direction: Source (mic)
     number of devices: 1 
     number of ASEs: 1 
     strategy: 0 
     qos->target latency: 2 
     qos->retransmission_number: 2 
     qos->max_transport_latency: 8 
     channel count: 1
  name: SingleDev_OneChanMonoSnk_OneChanMonoSrc_32_2_Low_Latency 
    direction: Sink (speaker)
     number of devices: 1 
     number of ASEs: 1 
     strategy: 0 
     qos->target latency: 1 
     qos->retransmission_number: 0 
     qos->max_transport_latency: 0 
     channel count: 1
    direction: Source (mic)
     number of devices: 1 
     number of ASEs: 1 
     strategy: 0 
     qos->target latency: 1 
     qos->retransmission_number: 0 
     qos->max_transport_latency: 0 
     channel count: 1
  name: SingleDev_OneChanMonoSnk_OneChanMonoSrc_32_2_1 
    direction: Sink (speaker)
     number of devices: 1 
     number of ASEs: 1 
     strategy: 0 
     qos->target latency: 2 
     qos->retransmission_number: 2 
     qos->max_transport_latency: 10 
     channel count: 1
    direction: Source (mic)
     number of devices: 1 
     number of ASEs: 1 
     strategy: 0 
     qos->target latency: 2 
     qos->retransmission_number: 2 
     qos->max_transport_latency: 10 
     channel count: 1
  name: SingleDev_OneChanMonoSnk_OneChanMonoSrc_16_2_Low_Latency 
    direction: Sink (speaker)
     number of devices: 1 
     number of ASEs: 1 
     strategy: 0 
     qos->target latency: 1 
     qos->retransmission_number: 0 
     qos->max_transport_latency: 0 
     channel count: 1
    direction: Source (mic)
     number of devices: 1 
     number of ASEs: 1 
     strategy: 0 
     qos->target latency: 1 
     qos->retransmission_number: 0 
     qos->max_transport_latency: 0 
     channel count: 1
  name: SingleDev_OneChanMonoSnk_OneChanMonoSrc_16_2_1 
    direction: Sink (speaker)
     number of devices: 1 
     number of ASEs: 1 
     strategy: 0 
     qos->target latency: 2 
     qos->retransmission_number: 2 
     qos->max_transport_latency: 10 
     channel count: 1
    direction: Source (mic)
     number of devices: 1 
     number of ASEs: 1 
     strategy: 0 
     qos->target latency: 2 
     qos->retransmission_number: 2 
     qos->max_transport_latency: 10 
     channel count: 1
  name: SingleDev_OneChanMonoSnk_OneChanMonoSrc_16_1_Low_Latency 
    direction: Sink (speaker)
     number of devices: 1 
     number of ASEs: 1 
     strategy: 0 
     qos->target latency: 1 
     qos->retransmission_number: 0 
     qos->max_transport_latency: 0 
     channel count: 1
    direction: Source (mic)
     number of devices: 1 
     number of ASEs: 1 
     strategy: 0 
     qos->target latency: 1 
     qos->retransmission_number: 0 
     qos->max_transport_latency: 0 
     channel count: 1
  name: SingleDev_OneChanMonoSnk_OneChanMonoSrc_16_1_1 
    direction: Sink (speaker)
     number of devices: 1 
     number of ASEs: 1 
     strategy: 0 
     qos->target latency: 2 
     qos->retransmission_number: 2 
     qos->max_transport_latency: 8 
     channel count: 1
    direction: Source (mic)
     number of devices: 1 
     number of ASEs: 1 
     strategy: 0 
     qos->target latency: 2 
     qos->retransmission_number: 2 
     qos->max_transport_latency: 8 
     channel count: 1
  name: DualDev_OneChanMonoSrc_16_2_Balanced_Reliability 
    direction: Source (mic)
     number of devices: 2 
     number of ASEs: 2 
     strategy: 0 
     qos->target latency: 2 
     qos->retransmission_number: 0 
     qos->max_transport_latency: 0 
     channel count: 1
  name: SingleDev_OneChanStereoSrc_16_2_Balanced_Reliability 
    direction: Source (mic)
     number of devices: 1 
     number of ASEs: 2 
     strategy: 1 
     qos->target latency: 2 
     qos->retransmission_number: 0 
     qos->max_transport_latency: 0 
     channel count: 1
  name: SingleDev_OneChanMonoSrc_48_4_Balanced_Reliability 
    direction: Source (mic)
     number of devices: 1 
     number of ASEs: 1 
     strategy: 0 
     qos->target latency: 2 
     qos->retransmission_number: 0 
     qos->max_transport_latency: 0 
     channel count: 1
  name: SingleDev_OneChanMonoSrc_48_2_Balanced_Reliability 
    direction: Source (mic)
     number of devices: 1 
     number of ASEs: 1 
     strategy: 0 
     qos->target latency: 2 
     qos->retransmission_number: 0 
     qos->max_transport_latency: 0 
     channel count: 1
  name: SingleDev_OneChanMonoSrc_48_3_Balanced_Reliability 
    direction: Source (mic)
     number of devices: 1 
     number of ASEs: 1 
     strategy: 0 
     qos->target latency: 2 
     qos->retransmission_number: 0 
     qos->max_transport_latency: 0 
     channel count: 1
  name: SingleDev_OneChanMonoSrc_48_1_Balanced_Reliability 
    direction: Source (mic)
     number of devices: 1 
     number of ASEs: 1 
     strategy: 0 
     qos->target latency: 2 
     qos->retransmission_number: 0 
     qos->max_transport_latency: 0 
     channel count: 1
  name: SingleDev_OneChanMonoSrc_32_2_Balanced_Reliability 
    direction: Source (mic)
     number of devices: 1 
     number of ASEs: 1 
     strategy: 0 
     qos->target latency: 2 
     qos->retransmission_number: 0 
     qos->max_transport_latency: 0 
     channel count: 1
  name: SingleDev_OneChanMonoSrc_32_1_Balanced_Reliability 
    direction: Source (mic)
     number of devices: 1 
     number of ASEs: 1 
     strategy: 0 
     qos->target latency: 2 
     qos->retransmission_number: 0 
     qos->max_transport_latency: 0 
     channel count: 1
  name: SingleDev_OneChanMonoSrc_24_2_Balanced_Reliability 
    direction: Source (mic)
     number of devices: 1 
     number of ASEs: 1 
     strategy: 0 
     qos->target latency: 2 
     qos->retransmission_number: 0 
     qos->max_transport_latency: 0 
     channel count: 1
  name: SingleDev_OneChanMonoSrc_24_1_Balanced_Reliability 
    direction: Source (mic)
     number of devices: 1 
     number of ASEs: 1 
     strategy: 0 
     qos->target latency: 2 
     qos->retransmission_number: 0 
     qos->max_transport_latency: 0 
     channel count: 1
  name: SingleDev_OneChanMonoSrc_16_2_Balanced_Reliability 
    direction: Source (mic)
     number of devices: 1 
     number of ASEs: 1 
     strategy: 0 
     qos->target latency: 2 
     qos->retransmission_number: 0 
     qos->max_transport_latency: 0 
     channel count: 1
  name: SingleDev_OneChanMonoSrc_16_1_Balanced_Reliability 
    direction: Source (mic)
     number of devices: 1 
     number of ASEs: 1 
     strategy: 0 
     qos->target latency: 2 
     qos->retransmission_number: 0 
     qos->max_transport_latency: 0 
     channel count: 1
  name: DualDev_OneChanMonoSnk_16_2_Balanced_Reliability 
    direction: Sink (speaker)
     number of devices: 2 
     number of ASEs: 2 
     strategy: 0 
     qos->target latency: 2 
     qos->retransmission_number: 0 
     qos->max_transport_latency: 0 
     channel count: 1
  name: SingleDev_OneChanStereoSnk_16_2_Balanced_Reliability 
    direction: Sink (speaker)
     number of devices: 1 
     number of ASEs: 2 
     strategy: 1 
     qos->target latency: 2 
     qos->retransmission_number: 0 
     qos->max_transport_latency: 0 
     channel count: 1
  name: SingleDev_TwoChanStereoSnk_16_2_Balanced_Reliability 
    direction: Sink (speaker)
     number of devices: 1 
     number of ASEs: 1 
     strategy: 2 
     qos->target latency: 2 
     qos->retransmission_number: 0 
     qos->max_transport_latency: 0 
     channel count: 2
  name: SingleDev_OneChanMonoSnk_16_2_Balanced_Reliability 
    direction: Sink (speaker)
     number of devices: 1 
     number of ASEs: 1 
     strategy: 0 
     qos->target latency: 2 
     qos->retransmission_number: 0 
     qos->max_transport_latency: 0 
     channel count: 1

  === Configurations for context type: 1024, num: 69 
  name: DualDev_OneChanStereoSnk_48_4_High_Reliability 
    direction: Sink (speaker)
     number of devices: 2 
     number of ASEs: 2 
     strategy: 0 
     qos->target latency: 3 
     qos->retransmission_number: 0 
     qos->max_transport_latency: 0 
     channel count: 1
  name: DualDev_OneChanStereoSnk_48_4_2 
    direction: Sink (speaker)
     number of devices: 2 
     number of ASEs: 2 
     strategy: 0 
     qos->target latency: 2 
     qos->retransmission_number: 13 
     qos->max_transport_latency: 100 
     channel count: 1
  name: DualDev_OneChanStereoSnk_48_2_High_Reliability 
    direction: Sink (speaker)
     number of devices: 2 
     number of ASEs: 2 
     strategy: 0 
     qos->target latency: 3 
     qos->retransmission_number: 0 
     qos->max_transport_latency: 0 
     channel count: 1
  name: DualDev_OneChanStereoSnk_48_2_2 
    direction: Sink (speaker)
     number of devices: 2 
     number of ASEs: 2 
     strategy: 0 
     qos->target latency: 2 
     qos->retransmission_number: 13 
     qos->max_transport_latency: 95 
     channel count: 1
  name: DualDev_OneChanStereoSnk_48_3_High_Reliability 
    direction: Sink (speaker)
     number of devices: 2 
     number of ASEs: 2 
     strategy: 0 
     qos->target latency: 3 
     qos->retransmission_number: 0 
     qos->max_transport_latency: 0 
     channel count: 1
  name: DualDev_OneChanStereoSnk_48_3_2 
    direction: Sink (speaker)
     number of devices: 2 
     number of ASEs: 2 
     strategy: 0 
     qos->target latency: 2 
     qos->retransmission_number: 13 
     qos->max_transport_latency: 75 
     channel count: 1
  name: DualDev_OneChanStereoSnk_48_1_High_Reliability 
    direction: Sink (speaker)
     number of devices: 2 
     number of ASEs: 2 
     strategy: 0 
     qos->target latency: 3 
     qos->retransmission_number: 0 
     qos->max_transport_latency: 0 
     channel count: 1
  name: DualDev_OneChanStereoSnk_48_1_2 
    direction: Sink (speaker)
     number of devices: 2 
     number of ASEs: 2 
     strategy: 0 
     qos->target latency: 2 
     qos->retransmission_number: 13 
     qos->max_transport_latency: 75 
     channel count: 1
  name: DualDev_OneChanStereoSnk_24_2_Balanced_Reliability 
    direction: Sink (speaker)
     number of devices: 2 
     number of ASEs: 2 
     strategy: 0 
     qos->target latency: 2 
     qos->retransmission_number: 0 
     qos->max_transport_latency: 0 
     channel count: 1
  name: DualDev_OneChanStereoSnk_24_2_2 
    direction: Sink (speaker)
     number of devices: 2 
     number of ASEs: 2 
     strategy: 0 
     qos->target latency: 2 
     qos->retransmission_number: 13 
     qos->max_transport_latency: 95 
     channel count: 1
  name: DualDev_OneChanStereoSnk_16_2_Balanced_Reliability 
    direction: Sink (speaker)
     number of devices: 2 
     number of ASEs: 2 
     strategy: 0 
     qos->target latency: 2 
     qos->retransmission_number: 0 
     qos->max_transport_latency: 0 
     channel count: 1
  name: DualDev_OneChanStereoSnk_16_2_2 
    direction: Sink (speaker)
     number of devices: 2 
     number of ASEs: 2 
     strategy: 0 
     qos->target latency: 2 
     qos->retransmission_number: 13 
     qos->max_transport_latency: 95 
     channel count: 1
  name: DualDev_OneChanStereoSnk_16_1_Balanced_Reliability 
    direction: Sink (speaker)
     number of devices: 2 
     number of ASEs: 2 
     strategy: 0 
     qos->target latency: 2 
     qos->retransmission_number: 0 
     qos->max_transport_latency: 0 
     channel count: 1
  name: DualDev_OneChanStereoSnk_16_1_2 
    direction: Sink (speaker)
     number of devices: 2 
     number of ASEs: 2 
     strategy: 0 
     qos->target latency: 2 
     qos->retransmission_number: 13 
     qos->max_transport_latency: 75 
     channel count: 1
  name: SingleDev_OneChanStereoSnk_48_4_High_Reliability 
    direction: Sink (speaker)
     number of devices: 1 
     number of ASEs: 2 
     strategy: 1 
     qos->target latency: 3 
     qos->retransmission_number: 0 
     qos->max_transport_latency: 0 
     channel count: 1
  name: SingleDev_OneChanStereoSnk_48_4_2 
    direction: Sink (speaker)
     number of devices: 1 
     number of ASEs: 2 
     strategy: 1 
     qos->target latency: 2 
     qos->retransmission_number: 13 
     qos->max_transport_latency: 100 
     channel count: 1
  name: SingleDev_OneChanStereoSnk_48_2_High_Reliability 
    direction: Sink (speaker)
     number of devices: 1 
     number of ASEs: 2 
     strategy: 1 
     qos->target latency: 3 
     qos->retransmission_number: 0 
     qos->max_transport_latency: 0 
     channel count: 1
  name: SingleDev_OneChanStereoSnk_48_2_2 
    direction: Sink (speaker)
     number of devices: 1 
     number of ASEs: 2 
     strategy: 1 
     qos->target latency: 2 
     qos->retransmission_number: 13 
     qos->max_transport_latency: 95 
     channel count: 1
  name: SingleDev_OneChanStereoSnk_48_3_High_Reliability 
    direction: Sink (speaker)
     number of devices: 1 
     number of ASEs: 2 
     strategy: 1 
     qos->target latency: 3 
     qos->retransmission_number: 0 
     qos->max_transport_latency: 0 
     channel count: 1
  name: SingleDev_OneChanStereoSnk_48_3_2 
    direction: Sink (speaker)
     number of devices: 1 
     number of ASEs: 2 
     strategy: 1 
     qos->target latency: 2 
     qos->retransmission_number: 13 
     qos->max_transport_latency: 75 
     channel count: 1
  name: SingleDev_OneChanStereoSnk_48_1_High_Reliability 
    direction: Sink (speaker)
     number of devices: 1 
     number of ASEs: 2 
     strategy: 1 
     qos->target latency: 3 
     qos->retransmission_number: 0 
     qos->max_transport_latency: 0 
     channel count: 1
  name: SingleDev_OneChanStereoSnk_48_1_2 
    direction: Sink (speaker)
     number of devices: 1 
     number of ASEs: 2 
     strategy: 1 
     qos->target latency: 2 
     qos->retransmission_number: 13 
     qos->max_transport_latency: 75 
     channel count: 1
  name: SingleDev_OneChanStereoSnk_24_2_Balanced_Reliability 
    direction: Sink (speaker)
     number of devices: 1 
     number of ASEs: 2 
     strategy: 1 
     qos->target latency: 2 
     qos->retransmission_number: 0 
     qos->max_transport_latency: 0 
     channel count: 1
  name: SingleDev_OneChanStereoSnk_24_2_2 
    direction: Sink (speaker)
     number of devices: 1 
     number of ASEs: 2 
     strategy: 1 
     qos->target latency: 2 
     qos->retransmission_number: 13 
     qos->max_transport_latency: 95 
     channel count: 1
  name: SingleDev_OneChanStereoSnk_16_2_Balanced_Reliability 
    direction: Sink (speaker)
     number of devices: 1 
     number of ASEs: 2 
     strategy: 1 
     qos->target latency: 2 
     qos->retransmission_number: 0 
     qos->max_transport_latency: 0 
     channel count: 1
  name: SingleDev_OneChanStereoSnk_16_2_2 
    direction: Sink (speaker)
     number of devices: 1 
     number of ASEs: 2 
     strategy: 1 
     qos->target latency: 2 
     qos->retransmission_number: 13 
     qos->max_transport_latency: 95 
     channel count: 1
  name: SingleDev_OneChanStereoSnk_16_1_Balanced_Reliability 
    direction: Sink (speaker)
     number of devices: 1 
     number of ASEs: 2 
     strategy: 1 
     qos->target latency: 2 
     qos->retransmission_number: 0 
     qos->max_transport_latency: 0 
     channel count: 1
  name: SingleDev_OneChanStereoSnk_16_1_2 
    direction: Sink (speaker)
     number of devices: 1 
     number of ASEs: 2 
     strategy: 1 
     qos->target latency: 2 
     qos->retransmission_number: 13 
     qos->max_transport_latency: 75 
     channel count: 1
  name: SingleDev_TwoChanStereoSnk_48_4_High_Reliability 
    direction: Sink (speaker)
     number of devices: 1 
     number of ASEs: 1 
     strategy: 2 
     qos->target latency: 3 
     qos->retransmission_number: 0 
     qos->max_transport_latency: 0 
     channel count: 2
  name: SingleDev_TwoChanStereoSnk_48_4_2 
    direction: Sink (speaker)
     number of devices: 1 
     number of ASEs: 1 
     strategy: 2 
     qos->target latency: 2 
     qos->retransmission_number: 13 
     qos->max_transport_latency: 100 
     channel count: 2
  name: SingleDev_TwoChanStereoSnk_48_4_High_Reliability 
    direction: Sink (speaker)
     number of devices: 1 
     number of ASEs: 1 
     strategy: 2 
     qos->target latency: 3 
     qos->retransmission_number: 0 
     qos->max_transport_latency: 0 
     channel count: 2
  name: SingleDev_TwoChanStereoSnk_48_4_2 
    direction: Sink (speaker)
     number of devices: 1 
     number of ASEs: 1 
     strategy: 2 
     qos->target latency: 2 
     qos->retransmission_number: 13 
     qos->max_transport_latency: 100 
     channel count: 2
  name: SingleDev_TwoChanStereoSnk_48_2_High_Reliability 
    direction: Sink (speaker)
     number of devices: 1 
     number of ASEs: 1 
     strategy: 2 
     qos->target latency: 3 
     qos->retransmission_number: 0 
     qos->max_transport_latency: 0 
     channel count: 2
  name: SingleDev_TwoChanStereoSnk_48_2_2 
    direction: Sink (speaker)
     number of devices: 1 
     number of ASEs: 1 
     strategy: 2 
     qos->target latency: 2 
     qos->retransmission_number: 13 
     qos->max_transport_latency: 95 
     channel count: 2
  name: SingleDev_TwoChanStereoSnk_48_3_High_Reliability 
    direction: Sink (speaker)
     number of devices: 1 
     number of ASEs: 1 
     strategy: 2 
     qos->target latency: 3 
     qos->retransmission_number: 0 
     qos->max_transport_latency: 0 
     channel count: 2
  name: SingleDev_TwoChanStereoSnk_48_3_2 
    direction: Sink (speaker)
     number of devices: 1 
     number of ASEs: 1 
     strategy: 2 
     qos->target latency: 2 
     qos->retransmission_number: 13 
     qos->max_transport_latency: 75 
     channel count: 2
  name: SingleDev_TwoChanStereoSnk_48_1_High_Reliability 
    direction: Sink (speaker)
     number of devices: 1 
     number of ASEs: 1 
     strategy: 2 
     qos->target latency: 3 
     qos->retransmission_number: 0 
     qos->max_transport_latency: 0 
     channel count: 2
  name: SingleDev_TwoChanStereoSnk_48_1_2 
    direction: Sink (speaker)
     number of devices: 1 
     number of ASEs: 1 
     strategy: 2 
     qos->target latency: 2 
     qos->retransmission_number: 13 
     qos->max_transport_latency: 75 
     channel count: 2
  name: SingleDev_TwoChanStereoSnk_24_2_Balanced_Reliability 
    direction: Sink (speaker)
     number of devices: 1 
     number of ASEs: 1 
     strategy: 2 
     qos->target latency: 2 
     qos->retransmission_number: 0 
     qos->max_transport_latency: 0 
     channel count: 2
  name: SingleDev_TwoChanStereoSnk_24_2_2 
    direction: Sink (speaker)
     number of devices: 1 
     number of ASEs: 1 
     strategy: 2 
     qos->target latency: 2 
     qos->retransmission_number: 13 
     qos->max_transport_latency: 95 
     channel count: 2
  name: SingleDev_TwoChanStereoSnk_16_2_Balanced_Reliability 
    direction: Sink (speaker)
     number of devices: 1 
     number of ASEs: 1 
     strategy: 2 
     qos->target latency: 2 
     qos->retransmission_number: 0 
     qos->max_transport_latency: 0 
     channel count: 2
  name: SingleDev_TwoChanStereoSnk_16_2_2 
    direction: Sink (speaker)
     number of devices: 1 
     number of ASEs: 1 
     strategy: 2 
     qos->target latency: 2 
     qos->retransmission_number: 13 
     qos->max_transport_latency: 95 
     channel count: 2
  name: SingleDev_TwoChanStereoSnk_16_1_Balanced_Reliability 
    direction: Sink (speaker)
     number of devices: 1 
     number of ASEs: 1 
     strategy: 2 
     qos->target latency: 2 
     qos->retransmission_number: 0 
     qos->max_transport_latency: 0 
     channel count: 2
  name: SingleDev_TwoChanStereoSnk_16_1_2 
    direction: Sink (speaker)
     number of devices: 1 
     number of ASEs: 1 
     strategy: 2 
     qos->target latency: 2 
     qos->retransmission_number: 13 
     qos->max_transport_latency: 75 
     channel count: 2
  name: SingleDev_OneChanMonoSnk_48_4_High_Reliability 
    direction: Sink (speaker)
     number of devices: 1 
     number of ASEs: 1 
     strategy: 0 
     qos->target latency: 3 
     qos->retransmission_number: 0 
     qos->max_transport_latency: 0 
     channel count: 1
  name: SingleDev_OneChanMonoSnk_48_4_2 
    direction: Sink (speaker)
     number of devices: 1 
     number of ASEs: 1 
     strategy: 0 
     qos->target latency: 2 
     qos->retransmission_number: 13 
     qos->max_transport_latency: 100 
     channel count: 1
  name: SingleDev_OneChanMonoSnk_48_2_High_Reliability 
    direction: Sink (speaker)
     number of devices: 1 
     number of ASEs: 1 
     strategy: 0 
     qos->target latency: 3 
     qos->retransmission_number: 0 
     qos->max_transport_latency: 0 
     channel count: 1
  name: SingleDev_OneChanMonoSnk_48_2_2 
    direction: Sink (speaker)
     number of devices: 1 
     number of ASEs: 1 
     strategy: 0 
     qos->target latency: 2 
     qos->retransmission_number: 13 
     qos->max_transport_latency: 95 
     channel count: 1
  name: SingleDev_OneChanMonoSnk_48_3_High_Reliability 
    direction: Sink (speaker)
     number of devices: 1 
     number of ASEs: 1 
     strategy: 0 
     qos->target latency: 3 
     qos->retransmission_number: 0 
     qos->max_transport_latency: 0 
     channel count: 1
  name: SingleDev_OneChanMonoSnk_48_3_2 
    direction: Sink (speaker)
     number of devices: 1 
     number of ASEs: 1 
     strategy: 0 
     qos->target latency: 2 
     qos->retransmission_number: 13 
     qos->max_transport_latency: 75 
     channel count: 1
  name: SingleDev_OneChanMonoSnk_48_1_High_Reliability 
    direction: Sink (speaker)
     number of devices: 1 
     number of ASEs: 1 
     strategy: 0 
     qos->target latency: 3 
     qos->retransmission_number: 0 
     qos->max_transport_latency: 0 
     channel count: 1
  name: SingleDev_OneChanMonoSnk_48_1_2 
    direction: Sink (speaker)
     number of devices: 1 
     number of ASEs: 1 
     strategy: 0 
     qos->target latency: 2 
     qos->retransmission_number: 13 
     qos->max_transport_latency: 75 
     channel count: 1
  name: SingleDev_OneChanMonoSnk_32_2_Balanced_Reliability 
    direction: Sink (speaker)
     number of devices: 1 
     number of ASEs: 1 
     strategy: 0 
     qos->target latency: 2 
     qos->retransmission_number: 0 
     qos->max_transport_latency: 0 
     channel count: 1
  name: SingleDev_OneChanMonoSnk_32_1_Balanced_Reliability 
    direction: Sink (speaker)
     number of devices: 1 
     number of ASEs: 1 
     strategy: 0 
     qos->target latency: 2 
     qos->retransmission_number: 0 
     qos->max_transport_latency: 0 
     channel count: 1
  name: SingleDev_OneChanMonoSnk_24_2_Balanced_Reliability 
    direction: Sink (speaker)
     number of devices: 1 
     number of ASEs: 1 
     strategy: 0 
     qos->target latency: 2 
     qos->retransmission_number: 0 
     qos->max_transport_latency: 0 
     channel count: 1
  name: SingleDev_OneChanMonoSnk_24_2_2 
    direction: Sink (speaker)
     number of devices: 1 
     number of ASEs: 1 
     strategy: 0 
     qos->target latency: 2 
     qos->retransmission_number: 13 
     qos->max_transport_latency: 95 
     channel count: 1
  name: SingleDev_OneChanMonoSnk_16_2_Balanced_Reliability 
    direction: Sink (speaker)
     number of devices: 1 
     number of ASEs: 1 
     strategy: 0 
     qos->target latency: 2 
     qos->retransmission_number: 0 
     qos->max_transport_latency: 0 
     channel count: 1
  name: SingleDev_OneChanMonoSnk_16_2_2 
    direction: Sink (speaker)
     number of devices: 1 
     number of ASEs: 1 
     strategy: 0 
     qos->target latency: 2 
     qos->retransmission_number: 13 
     qos->max_transport_latency: 95 
     channel count: 1
  name: SingleDev_OneChanMonoSnk_16_1_Balanced_Reliability 
    direction: Sink (speaker)
     number of devices: 1 
     number of ASEs: 1 
     strategy: 0 
     qos->target latency: 2 
     qos->retransmission_number: 0 
     qos->max_transport_latency: 0 
     channel count: 1
  name: SingleDev_OneChanMonoSnk_16_1_2 
    direction: Sink (speaker)
     number of devices: 1 
     number of ASEs: 1 
     strategy: 0 
     qos->target latency: 2 
     qos->retransmission_number: 13 
     qos->max_transport_latency: 75 
     channel count: 1
  name: VND_DualDev_OneChanStereoSnk_48khz_100octs_High_Reliability_1 
    direction: Sink (speaker)
     number of devices: 2 
     number of ASEs: 2 
     strategy: 0 
     qos->target latency: 3 
     qos->retransmission_number: 0 
     qos->max_transport_latency: 0 
     channel count: 1
  name: VND_DualDev_OneChanStereoSnk_48khz_100octs_R15_L70_1 
    direction: Sink (speaker)
     number of devices: 2 
     number of ASEs: 2 
     strategy: 0 
     qos->target latency: 2 
     qos->retransmission_number: 15 
     qos->max_transport_latency: 70 
     channel count: 1
  name: VND_SingleDev_TwoChanStereoSnk_48khz_100octs_High_Reliability_1 
    direction: Sink (speaker)
     number of devices: 1 
     number of ASEs: 1 
     strategy: 2 
     qos->target latency: 3 
     qos->retransmission_number: 0 
     qos->max_transport_latency: 0 
     channel count: 2
  name: VND_SingleDev_TwoChanStereoSnk_48khz_100octs_R15_L70_1 
    direction: Sink (speaker)
     number of devices: 1 
     number of ASEs: 1 
     strategy: 2 
     qos->target latency: 2 
     qos->retransmission_number: 15 
     qos->max_transport_latency: 70 
     channel count: 2
  name: VND_SingleDev_OneChanStereoSnk_48khz_100octs_High_Reliability_1 
    direction: Sink (speaker)
     number of devices: 1 
     number of ASEs: 2 
     strategy: 1 
     qos->target latency: 3 
     qos->retransmission_number: 0 
     qos->max_transport_latency: 0 
     channel count: 1
  name: VND_SingleDev_OneChanStereoSnk_48khz_100octs_R15_L70_1 
    direction: Sink (speaker)
     number of devices: 1 
     number of ASEs: 2 
     strategy: 1 
     qos->target latency: 2 
     qos->retransmission_number: 15 
     qos->max_transport_latency: 70 
     channel count: 1
  name: DualDev_OneChanMonoSrc_16_2_Balanced_Reliability 
    direction: Source (mic)
     number of devices: 2 
     number of ASEs: 2 
     strategy: 0 
     qos->target latency: 2 
     qos->retransmission_number: 0 
     qos->max_transport_latency: 0 
     channel count: 1
  name: SingleDev_OneChanStereoSrc_16_2_Balanced_Reliability 
    direction: Source (mic)
     number of devices: 1 
     number of ASEs: 2 
     strategy: 1 
     qos->target latency: 2 
     qos->retransmission_number: 0 
     qos->max_transport_latency: 0 
     channel count: 1
  name: SingleDev_OneChanMonoSrc_16_2_Balanced_Reliability 
    direction: Source (mic)
     number of devices: 1 
     number of ASEs: 1 
     strategy: 0 
     qos->target latency: 2 
     qos->retransmission_number: 0 
     qos->max_transport_latency: 0 
     channel count: 1

  === Configurations for context type: 2048, num: 69 
  name: DualDev_OneChanStereoSnk_48_4_High_Reliability 
    direction: Sink (speaker)
     number of devices: 2 
     number of ASEs: 2 
     strategy: 0 
     qos->target latency: 3 
     qos->retransmission_number: 0 
     qos->max_transport_latency: 0 
     channel count: 1
  name: DualDev_OneChanStereoSnk_48_4_2 
    direction: Sink (speaker)
     number of devices: 2 
     number of ASEs: 2 
     strategy: 0 
     qos->target latency: 2 
     qos->retransmission_number: 13 
     qos->max_transport_latency: 100 
     channel count: 1
  name: DualDev_OneChanStereoSnk_48_2_High_Reliability 
    direction: Sink (speaker)
     number of devices: 2 
     number of ASEs: 2 
     strategy: 0 
     qos->target latency: 3 
     qos->retransmission_number: 0 
     qos->max_transport_latency: 0 
     channel count: 1
  name: DualDev_OneChanStereoSnk_48_2_2 
    direction: Sink (speaker)
     number of devices: 2 
     number of ASEs: 2 
     strategy: 0 
     qos->target latency: 2 
     qos->retransmission_number: 13 
     qos->max_transport_latency: 95 
     channel count: 1
  name: DualDev_OneChanStereoSnk_48_3_High_Reliability 
    direction: Sink (speaker)
     number of devices: 2 
     number of ASEs: 2 
     strategy: 0 
     qos->target latency: 3 
     qos->retransmission_number: 0 
     qos->max_transport_latency: 0 
     channel count: 1
  name: DualDev_OneChanStereoSnk_48_3_2 
    direction: Sink (speaker)
     number of devices: 2 
     number of ASEs: 2 
     strategy: 0 
     qos->target latency: 2 
     qos->retransmission_number: 13 
     qos->max_transport_latency: 75 
     channel count: 1
  name: DualDev_OneChanStereoSnk_48_1_High_Reliability 
    direction: Sink (speaker)
     number of devices: 2 
     number of ASEs: 2 
     strategy: 0 
     qos->target latency: 3 
     qos->retransmission_number: 0 
     qos->max_transport_latency: 0 
     channel count: 1
  name: DualDev_OneChanStereoSnk_48_1_2 
    direction: Sink (speaker)
     number of devices: 2 
     number of ASEs: 2 
     strategy: 0 
     qos->target latency: 2 
     qos->retransmission_number: 13 
     qos->max_transport_latency: 75 
     channel count: 1
  name: DualDev_OneChanStereoSnk_24_2_Balanced_Reliability 
    direction: Sink (speaker)
     number of devices: 2 
     number of ASEs: 2 
     strategy: 0 
     qos->target latency: 2 
     qos->retransmission_number: 0 
     qos->max_transport_latency: 0 
     channel count: 1
  name: DualDev_OneChanStereoSnk_24_2_2 
    direction: Sink (speaker)
     number of devices: 2 
     number of ASEs: 2 
     strategy: 0 
     qos->target latency: 2 
     qos->retransmission_number: 13 
     qos->max_transport_latency: 95 
     channel count: 1
  name: DualDev_OneChanStereoSnk_16_2_Balanced_Reliability 
    direction: Sink (speaker)
     number of devices: 2 
     number of ASEs: 2 
     strategy: 0 
     qos->target latency: 2 
     qos->retransmission_number: 0 
     qos->max_transport_latency: 0 
     channel count: 1
  name: DualDev_OneChanStereoSnk_16_2_2 
    direction: Sink (speaker)
     number of devices: 2 
     number of ASEs: 2 
     strategy: 0 
     qos->target latency: 2 
     qos->retransmission_number: 13 
     qos->max_transport_latency: 95 
     channel count: 1
  name: DualDev_OneChanStereoSnk_16_1_Balanced_Reliability 
    direction: Sink (speaker)
     number of devices: 2 
     number of ASEs: 2 
     strategy: 0 
     qos->target latency: 2 
     qos->retransmission_number: 0 
     qos->max_transport_latency: 0 
     channel count: 1
  name: DualDev_OneChanStereoSnk_16_1_2 
    direction: Sink (speaker)
     number of devices: 2 
     number of ASEs: 2 
     strategy: 0 
     qos->target latency: 2 
     qos->retransmission_number: 13 
     qos->max_transport_latency: 75 
     channel count: 1
  name: SingleDev_OneChanStereoSnk_48_4_High_Reliability 
    direction: Sink (speaker)
     number of devices: 1 
     number of ASEs: 2 
     strategy: 1 
     qos->target latency: 3 
     qos->retransmission_number: 0 
     qos->max_transport_latency: 0 
     channel count: 1
  name: SingleDev_OneChanStereoSnk_48_4_2 
    direction: Sink (speaker)
     number of devices: 1 
     number of ASEs: 2 
     strategy: 1 
     qos->target latency: 2 
     qos->retransmission_number: 13 
     qos->max_transport_latency: 100 
     channel count: 1
  name: SingleDev_OneChanStereoSnk_48_2_High_Reliability 
    direction: Sink (speaker)
     number of devices: 1 
     number of ASEs: 2 
     strategy: 1 
     qos->target latency: 3 
     qos->retransmission_number: 0 
     qos->max_transport_latency: 0 
     channel count: 1
  name: SingleDev_OneChanStereoSnk_48_2_2 
    direction: Sink (speaker)
     number of devices: 1 
     number of ASEs: 2 
     strategy: 1 
     qos->target latency: 2 
     qos->retransmission_number: 13 
     qos->max_transport_latency: 95 
     channel count: 1
  name: SingleDev_OneChanStereoSnk_48_3_High_Reliability 
    direction: Sink (speaker)
     number of devices: 1 
     number of ASEs: 2 
     strategy: 1 
     qos->target latency: 3 
     qos->retransmission_number: 0 
     qos->max_transport_latency: 0 
     channel count: 1
  name: SingleDev_OneChanStereoSnk_48_3_2 
    direction: Sink (speaker)
     number of devices: 1 
     number of ASEs: 2 
     strategy: 1 
     qos->target latency: 2 
     qos->retransmission_number: 13 
     qos->max_transport_latency: 75 
     channel count: 1
  name: SingleDev_OneChanStereoSnk_48_1_High_Reliability 
    direction: Sink (speaker)
     number of devices: 1 
     number of ASEs: 2 
     strategy: 1 
     qos->target latency: 3 
     qos->retransmission_number: 0 
     qos->max_transport_latency: 0 
     channel count: 1
  name: SingleDev_OneChanStereoSnk_48_1_2 
    direction: Sink (speaker)
     number of devices: 1 
     number of ASEs: 2 
     strategy: 1 
     qos->target latency: 2 
     qos->retransmission_number: 13 
     qos->max_transport_latency: 75 
     channel count: 1
  name: SingleDev_OneChanStereoSnk_24_2_Balanced_Reliability 
    direction: Sink (speaker)
     number of devices: 1 
     number of ASEs: 2 
     strategy: 1 
     qos->target latency: 2 
     qos->retransmission_number: 0 
     qos->max_transport_latency: 0 
     channel count: 1
  name: SingleDev_OneChanStereoSnk_24_2_2 
    direction: Sink (speaker)
     number of devices: 1 
     number of ASEs: 2 
     strategy: 1 
     qos->target latency: 2 
     qos->retransmission_number: 13 
     qos->max_transport_latency: 95 
     channel count: 1
  name: SingleDev_OneChanStereoSnk_16_2_Balanced_Reliability 
    direction: Sink (speaker)
     number of devices: 1 
     number of ASEs: 2 
     strategy: 1 
     qos->target latency: 2 
     qos->retransmission_number: 0 
     qos->max_transport_latency: 0 
     channel count: 1
  name: SingleDev_OneChanStereoSnk_16_2_2 
    direction: Sink (speaker)
     number of devices: 1 
     number of ASEs: 2 
     strategy: 1 
     qos->target latency: 2 
     qos->retransmission_number: 13 
     qos->max_transport_latency: 95 
     channel count: 1
  name: SingleDev_OneChanStereoSnk_16_1_Balanced_Reliability 
    direction: Sink (speaker)
     number of devices: 1 
     number of ASEs: 2 
     strategy: 1 
     qos->target latency: 2 
     qos->retransmission_number: 0 
     qos->max_transport_latency: 0 
     channel count: 1
  name: SingleDev_OneChanStereoSnk_16_1_2 
    direction: Sink (speaker)
     number of devices: 1 
     number of ASEs: 2 
     strategy: 1 
     qos->target latency: 2 
     qos->retransmission_number: 13 
     qos->max_transport_latency: 75 
     channel count: 1
  name: SingleDev_TwoChanStereoSnk_48_4_High_Reliability 
    direction: Sink (speaker)
     number of devices: 1 
     number of ASEs: 1 
     strategy: 2 
     qos->target latency: 3 
     qos->retransmission_number: 0 
     qos->max_transport_latency: 0 
     channel count: 2
  name: SingleDev_TwoChanStereoSnk_48_4_2 
    direction: Sink (speaker)
     number of devices: 1 
     number of ASEs: 1 
     strategy: 2 
     qos->target latency: 2 
     qos->retransmission_number: 13 
     qos->max_transport_latency: 100 
     channel count: 2
  name: SingleDev_TwoChanStereoSnk_48_4_High_Reliability 
    direction: Sink (speaker)
     number of devices: 1 
     number of ASEs: 1 
     strategy: 2 
     qos->target latency: 3 
     qos->retransmission_number: 0 
     qos->max_transport_latency: 0 
     channel count: 2
  name: SingleDev_TwoChanStereoSnk_48_4_2 
    direction: Sink (speaker)
     number of devices: 1 
     number of ASEs: 1 
     strategy: 2 
     qos->target latency: 2 
     qos->retransmission_number: 13 
     qos->max_transport_latency: 100 
     channel count: 2
  name: SingleDev_TwoChanStereoSnk_48_2_High_Reliability 
    direction: Sink (speaker)
     number of devices: 1 
     number of ASEs: 1 
     strategy: 2 
     qos->target latency: 3 
     qos->retransmission_number: 0 
     qos->max_transport_latency: 0 
     channel count: 2
  name: SingleDev_TwoChanStereoSnk_48_2_2 
    direction: Sink (speaker)
     number of devices: 1 
     number of ASEs: 1 
     strategy: 2 
     qos->target latency: 2 
     qos->retransmission_number: 13 
     qos->max_transport_latency: 95 
     channel count: 2
  name: SingleDev_TwoChanStereoSnk_48_3_High_Reliability 
    direction: Sink (speaker)
     number of devices: 1 
     number of ASEs: 1 
     strategy: 2 
     qos->target latency: 3 
     qos->retransmission_number: 0 
     qos->max_transport_latency: 0 
     channel count: 2
  name: SingleDev_TwoChanStereoSnk_48_3_2 
    direction: Sink (speaker)
     number of devices: 1 
     number of ASEs: 1 
     strategy: 2 
     qos->target latency: 2 
     qos->retransmission_number: 13 
     qos->max_transport_latency: 75 
     channel count: 2
  name: SingleDev_TwoChanStereoSnk_48_1_High_Reliability 
    direction: Sink (speaker)
     number of devices: 1 
     number of ASEs: 1 
     strategy: 2 
     qos->target latency: 3 
     qos->retransmission_number: 0 
     qos->max_transport_latency: 0 
     channel count: 2
  name: SingleDev_TwoChanStereoSnk_48_1_2 
    direction: Sink (speaker)
     number of devices: 1 
     number of ASEs: 1 
     strategy: 2 
     qos->target latency: 2 
     qos->retransmission_number: 13 
     qos->max_transport_latency: 75 
     channel count: 2
  name: SingleDev_TwoChanStereoSnk_24_2_Balanced_Reliability 
    direction: Sink (speaker)
     number of devices: 1 
     number of ASEs: 1 
     strategy: 2 
     qos->target latency: 2 
     qos->retransmission_number: 0 
     qos->max_transport_latency: 0 
     channel count: 2
  name: SingleDev_TwoChanStereoSnk_24_2_2 
    direction: Sink (speaker)
     number of devices: 1 
     number of ASEs: 1 
     strategy: 2 
     qos->target latency: 2 
     qos->retransmission_number: 13 
     qos->max_transport_latency: 95 
     channel count: 2
  name: SingleDev_TwoChanStereoSnk_16_2_Balanced_Reliability 
    direction: Sink (speaker)
     number of devices: 1 
     number of ASEs: 1 
     strategy: 2 
     qos->target latency: 2 
     qos->retransmission_number: 0 
     qos->max_transport_latency: 0 
     channel count: 2
  name: SingleDev_TwoChanStereoSnk_16_2_2 
    direction: Sink (speaker)
     number of devices: 1 
     number of ASEs: 1 
     strategy: 2 
     qos->target latency: 2 
     qos->retransmission_number: 13 
     qos->max_transport_latency: 95 
     channel count: 2
  name: SingleDev_TwoChanStereoSnk_16_1_Balanced_Reliability 
    direction: Sink (speaker)
     number of devices: 1 
     number of ASEs: 1 
     strategy: 2 
     qos->target latency: 2 
     qos->retransmission_number: 0 
     qos->max_transport_latency: 0 
     channel count: 2
  name: SingleDev_TwoChanStereoSnk_16_1_2 
    direction: Sink (speaker)
     number of devices: 1 
     number of ASEs: 1 
     strategy: 2 
     qos->target latency: 2 
     qos->retransmission_number: 13 
     qos->max_transport_latency: 75 
     channel count: 2
  name: SingleDev_OneChanMonoSnk_48_4_High_Reliability 
    direction: Sink (speaker)
     number of devices: 1 
     number of ASEs: 1 
     strategy: 0 
     qos->target latency: 3 
     qos->retransmission_number: 0 
     qos->max_transport_latency: 0 
     channel count: 1
  name: SingleDev_OneChanMonoSnk_48_4_2 
    direction: Sink (speaker)
     number of devices: 1 
     number of ASEs: 1 
     strategy: 0 
     qos->target latency: 2 
     qos->retransmission_number: 13 
     qos->max_transport_latency: 100 
     channel count: 1
  name: SingleDev_OneChanMonoSnk_48_2_High_Reliability 
    direction: Sink (speaker)
     number of devices: 1 
     number of ASEs: 1 
     strategy: 0 
     qos->target latency: 3 
     qos->retransmission_number: 0 
     qos->max_transport_latency: 0 
     channel count: 1
  name: SingleDev_OneChanMonoSnk_48_2_2 
    direction: Sink (speaker)
     number of devices: 1 
     number of ASEs: 1 
     strategy: 0 
     qos->target latency: 2 
     qos->retransmission_number: 13 
     qos->max_transport_latency: 95 
     channel count: 1
  name: SingleDev_OneChanMonoSnk_48_3_High_Reliability 
    direction: Sink (speaker)
     number of devices: 1 
     number of ASEs: 1 
     strategy: 0 
     qos->target latency: 3 
     qos->retransmission_number: 0 
     qos->max_transport_latency: 0 
     channel count: 1
  name: SingleDev_OneChanMonoSnk_48_3_2 
    direction: Sink (speaker)
     number of devices: 1 
     number of ASEs: 1 
     strategy: 0 
     qos->target latency: 2 
     qos->retransmission_number: 13 
     qos->max_transport_latency: 75 
     channel count: 1
  name: SingleDev_OneChanMonoSnk_48_1_High_Reliability 
    direction: Sink (speaker)
     number of devices: 1 
     number of ASEs: 1 
     strategy: 0 
     qos->target latency: 3 
     qos->retransmission_number: 0 
     qos->max_transport_latency: 0 
     channel count: 1
  name: SingleDev_OneChanMonoSnk_48_1_2 
    direction: Sink (speaker)
     number of devices: 1 
     number of ASEs: 1 
     strategy: 0 
     qos->target latency: 2 
     qos->retransmission_number: 13 
     qos->max_transport_latency: 75 
     channel count: 1
  name: SingleDev_OneChanMonoSnk_32_2_Balanced_Reliability 
    direction: Sink (speaker)
     number of devices: 1 
     number of ASEs: 1 
     strategy: 0 
     qos->target latency: 2 
     qos->retransmission_number: 0 
     qos->max_transport_latency: 0 
     channel count: 1
  name: SingleDev_OneChanMonoSnk_32_1_Balanced_Reliability 
    direction: Sink (speaker)
     number of devices: 1 
     number of ASEs: 1 
     strategy: 0 
     qos->target latency: 2 
     qos->retransmission_number: 0 
     qos->max_transport_latency: 0 
     channel count: 1
  name: SingleDev_OneChanMonoSnk_24_2_Balanced_Reliability 
    direction: Sink (speaker)
     number of devices: 1 
     number of ASEs: 1 
     strategy: 0 
     qos->target latency: 2 
     qos->retransmission_number: 0 
     qos->max_transport_latency: 0 
     channel count: 1
  name: SingleDev_OneChanMonoSnk_24_2_2 
    direction: Sink (speaker)
     number of devices: 1 
     number of ASEs: 1 
     strategy: 0 
     qos->target latency: 2 
     qos->retransmission_number: 13 
     qos->max_transport_latency: 95 
     channel count: 1
  name: SingleDev_OneChanMonoSnk_16_2_Balanced_Reliability 
    direction: Sink (speaker)
     number of devices: 1 
     number of ASEs: 1 
     strategy: 0 
     qos->target latency: 2 
     qos->retransmission_number: 0 
     qos->max_transport_latency: 0 
     channel count: 1
  name: SingleDev_OneChanMonoSnk_16_2_2 
    direction: Sink (speaker)
     number of devices: 1 
     number of ASEs: 1 
     strategy: 0 
     qos->target latency: 2 
     qos->retransmission_number: 13 
     qos->max_transport_latency: 95 
     channel count: 1
  name: SingleDev_OneChanMonoSnk_16_1_Balanced_Reliability 
    direction: Sink (speaker)
     number of devices: 1 
     number of ASEs: 1 
     strategy: 0 
     qos->target latency: 2 
     qos->retransmission_number: 0 
     qos->max_transport_latency: 0 
     channel count: 1
  name: SingleDev_OneChanMonoSnk_16_1_2 
    direction: Sink (speaker)
     number of devices: 1 
     number of ASEs: 1 
     strategy: 0 
     qos->target latency: 2 
     qos->retransmission_number: 13 
     qos->max_transport_latency: 75 
     channel count: 1
  name: VND_DualDev_OneChanStereoSnk_48khz_100octs_High_Reliability_1 
    direction: Sink (speaker)
     number of devices: 2 
     number of ASEs: 2 
     strategy: 0 
     qos->target latency: 3 
     qos->retransmission_number: 0 
     qos->max_transport_latency: 0 
     channel count: 1
  name: VND_DualDev_OneChanStereoSnk_48khz_100octs_R15_L70_1 
    direction: Sink (speaker)
     number of devices: 2 
     number of ASEs: 2 
     strategy: 0 
     qos->target latency: 2 
     qos->retransmission_number: 15 
     qos->max_transport_latency: 70 
     channel count: 1
  name: VND_SingleDev_TwoChanStereoSnk_48khz_100octs_High_Reliability_1 
    direction: Sink (speaker)
     number of devices: 1 
     number of ASEs: 1 
     strategy: 2 
     qos->target latency: 3 
     qos->retransmission_number: 0 
     qos->max_transport_latency: 0 
     channel count: 2
  name: VND_SingleDev_TwoChanStereoSnk_48khz_100octs_R15_L70_1 
    direction: Sink (speaker)
     number of devices: 1 
     number of ASEs: 1 
     strategy: 2 
     qos->target latency: 2 
     qos->retransmission_number: 15 
     qos->max_transport_latency: 70 
     channel count: 2
  name: VND_SingleDev_OneChanStereoSnk_48khz_100octs_High_Reliability_1 
    direction: Sink (speaker)
     number of devices: 1 
     number of ASEs: 2 
     strategy: 1 
     qos->target latency: 3 
     qos->retransmission_number: 0 
     qos->max_transport_latency: 0 
     channel count: 1
  name: VND_SingleDev_OneChanStereoSnk_48khz_100octs_R15_L70_1 
    direction: Sink (speaker)
     number of devices: 1 
     number of ASEs: 2 
     strategy: 1 
     qos->target latency: 2 
     qos->retransmission_number: 15 
     qos->max_transport_latency: 70 
     channel count: 1
  name: DualDev_OneChanMonoSrc_16_2_Balanced_Reliability 
    direction: Source (mic)
     number of devices: 2 
     number of ASEs: 2 
     strategy: 0 
     qos->target latency: 2 
     qos->retransmission_number: 0 
     qos->max_transport_latency: 0 
     channel count: 1
  name: SingleDev_OneChanStereoSrc_16_2_Balanced_Reliability 
    direction: Source (mic)
     number of devices: 1 
     number of ASEs: 2 
     strategy: 1 
     qos->target latency: 2 
     qos->retransmission_number: 0 
     qos->max_transport_latency: 0 
     channel count: 1
  name: SingleDev_OneChanMonoSrc_16_2_Balanced_Reliability 
    direction: Source (mic)
     number of devices: 1 
     number of ASEs: 1 
     strategy: 0 
     qos->target latency: 2 
     qos->retransmission_number: 0 
     qos->max_transport_latency: 0 
     channel count: 1
  ----------------
   ISO Manager:
    Available credits: 22
    Controller buffer size: 310
    Num of ISO traffic callbacks: 1
    CISes:
    BISes:
  ----------------
  ----- ::le_audio -----
::le_audio  2026-08-24 14:41:33.062 Initialized le_audio history

Le Audio Broadcaster:

Volume Control Manager:
APP ID: 10
  No VC devices:


connection_manager state:
	devices attempting connection: 3
	 * xx:xx:xx:xx:6c:24: 
		apps doing background connect: 15, 16, 17, 18, 19, 20, 21, 22, 23, 24, 25, 26, 27, 28, 29, 30, 31, 32, 
		 is in the allow list: true
	 * xx:xx:xx:xx:33:f9: 
		apps doing background connect: 7, 
		 is in the allow list: true
	 * xx:xx:xx:xx:33:fa: 
		apps doing background connect: 7, 
		 is in the allow list: true

BT Quality Report Events: 
*  08-24 19:24:11 SCO Choppy, Handle: 0x000a, 2EV3, Central, PwLv: 5, RSSI: -58, SNR: 0, UnusedCh: 59, UnidealCh: 0, ReTx: 0, NoRX: 0, NAK: 0, FlowOff: 0, OverFlow: 0, UndFlow: 0
*  08-24 19:24:12 SCO Choppy, Handle: 0x000a, 2EV3, Central, PwLv: 5, RSSI: -48, SNR: 0, UnusedCh: 59, UnidealCh: 0, ReTx: 0, NoRX: 0, NAK: 0, FlowOff: 0, OverFlow: 0, UndFlow: 0
*  08-24 19:24:13 SCO Choppy, Handle: 0x000a, 2EV3, Central, PwLv: 5, RSSI: -48, SNR: 0, UnusedCh: 59, UnidealCh: 0, ReTx: 0, NoRX: 0, NAK: 0, FlowOff: 0, OverFlow: 0, UndFlow: 0
*  08-24 19:24:14 SCO Choppy, Handle: 0x000a, 2EV3, Central, PwLv: 5, RSSI: -49, SNR: 0, UnusedCh: 56, UnidealCh: 0, ReTx: 0, NoRX: 0, NAK: 0, FlowOff: 0, OverFlow: 0, UndFlow: 0
*  08-24 19:24:16 SCO Choppy, Handle: 0x000a, 2EV3, Central, PwLv: 5, RSSI: -51, SNR: 0, UnusedCh: 58, UnidealCh: 0, ReTx: 0, NoRX: 0, NAK: 0, FlowOff: 0, OverFlow: 0, UndFlow: 0
*  08-24 19:24:17 SCO Choppy, Handle: 0x000a, 2EV3, Central, PwLv: 5, RSSI: -49, SNR: 0, UnusedCh: 56, UnidealCh: 4, ReTx: 0, NoRX: 0, NAK: 0, FlowOff: 0, OverFlow: 0, UndFlow: 0
*  08-24 19:24:18 SCO Choppy, Handle: 0x000a, 2EV3, Central, PwLv: 5, RSSI: -47, SNR: 0, UnusedCh: 59, UnidealCh: 0, ReTx: 0, NoRX: 0, NAK: 0, FlowOff: 0, OverFlow: 0, UndFlow: 0
*  08-24 19:28:31 SCO Choppy, Handle: 0x000a, 2EV3, Central, PwLv: 8, RSSI: -41, SNR: 0, UnusedCh: 59, UnidealCh: 0, ReTx: 0, NoRX: 0, NAK: 0, FlowOff: 0, OverFlow: 0, UndFlow: 0
*  08-24 19:28:32 SCO Choppy, Handle: 0x000a, 2EV3, Central, PwLv: 8, RSSI: -41, SNR: 0, UnusedCh: 59, UnidealCh: 6, ReTx: 0, NoRX: 0, NAK: 0, FlowOff: 0, OverFlow: 0, UndFlow: 0
   08-24 19:28:33 SCO Choppy, Handle: 0x000a, 2EV3, Central, PwLv: 8, RSSI: -41, SNR: 0, UnusedCh: 54, UnidealCh: 6, ReTx: 0, NoRX: 0, NAK: 0, FlowOff: 0, OverFlow: 0, UndFlow: 0
   08-24 19:28:35 Approach LSTO, Handle: 0x0008, DM1, Central, PwLv: 8, RSSI: -41, SNR: 0, UnusedCh: 54, UnidealCh: 4, ReTx: 1678, NoRX: 6538, NAK: 25, FlowOff: 0, OverFlow: 0, UndFlow: 0
*  08-24 19:34:27 SCO Choppy, Handle: 0x0010, 2EV3, Central, PwLv: 8, RSSI: -46, SNR: 0, UnusedCh: 59, UnidealCh: 4, ReTx: 0, NoRX: 0, NAK: 0, FlowOff: 0, OverFlow: 0, UndFlow: 0
*  08-24 19:34:28 SCO Choppy, Handle: 0x0010, 2EV3, Central, PwLv: 8, RSSI: -48, SNR: 0, UnusedCh: 59, UnidealCh: 4, ReTx: 0, NoRX: 0, NAK: 0, FlowOff: 0, OverFlow: 0, UndFlow: 0
*  08-24 19:34:31 SCO Choppy, Handle: 0x0010, 2EV3, Central, PwLv: 8, RSSI: -49, SNR: 0, UnusedCh: 59, UnidealCh: 0, ReTx: 0, NoRX: 0, NAK: 0, FlowOff: 0, OverFlow: 0, UndFlow: 0
*  08-24 19:34:33 SCO Choppy, Handle: 0x0010, 2EV3, Central, PwLv: 8, RSSI: -47, SNR: 0, UnusedCh: 59, UnidealCh: 2, ReTx: 0, NoRX: 0, NAK: 0, FlowOff: 0, OverFlow: 0, UndFlow: 0
*  08-24 19:34:34 SCO Choppy, Handle: 0x0010, 2EV3, Central, PwLv: 8, RSSI: -50, SNR: 0, UnusedCh: 59, UnidealCh: 1, ReTx: 0, NoRX: 0, NAK: 0, FlowOff: 0, OverFlow: 0, UndFlow: 0
*  08-24 19:34:35 SCO Choppy, Handle: 0x0010, 2EV3, Central, PwLv: 8, RSSI: -47, SNR: 0, UnusedCh: 59, UnidealCh: 2, ReTx: 0, NoRX: 0, NAK: 0, FlowOff: 0, OverFlow: 0, UndFlow: 0
*  08-24 19:34:48 SCO Choppy, Handle: 0x0010, 2EV3, Central, PwLv: 8, RSSI: -48, SNR: 0, UnusedCh: 59, UnidealCh: 2, ReTx: 0, NoRX: 0, NAK: 0, FlowOff: 0, OverFlow: 0, UndFlow: 0
*  08-24 19:37:23 SCO Choppy, Handle: 0x0010, 2EV3, Central, PwLv: 18, RSSI: -51, SNR: 0, UnusedCh: 59, UnidealCh: 0, ReTx: 0, NoRX: 0, NAK: 0, FlowOff: 0, OverFlow: 0, UndFlow: 0
*  08-24 19:40:05 SCO Choppy, Handle: 0x0010, 2EV3, Central, PwLv: 14, RSSI: -47, SNR: 0, UnusedCh: 59, UnidealCh: 0, ReTx: 0, NoRX: 0, NAK: 0, FlowOff: 0, OverFlow: 0, UndFlow: 0
*  08-24 19:40:15 SCO Choppy, Handle: 0x0010, 2EV3, Central, PwLv: 14, RSSI: -48, SNR: 0, UnusedCh: 59, UnidealCh: 0, ReTx: 0, NoRX: 0, NAK: 0, FlowOff: 0, OverFlow: 0, UndFlow: 0
*  08-24 19:40:22 SCO Choppy, Handle: 0x0010, 2EV3, Central, PwLv: 14, RSSI: -48, SNR: 0, UnusedCh: 59, UnidealCh: 0, ReTx: 0, NoRX: 0, NAK: 0, FlowOff: 0, OverFlow: 0, UndFlow: 0
*  08-24 19:40:23 SCO Choppy, Handle: 0x0010, 2EV3, Central, PwLv: 14, RSSI: -45, SNR: 0, UnusedCh: 59, UnidealCh: 0, ReTx: 0, NoRX: 0, NAK: 0, FlowOff: 0, OverFlow: 0, UndFlow: 0
*  08-24 19:40:25 SCO Choppy, Handle: 0x0010, 2EV3, Central, PwLv: 14, RSSI: -62, SNR: 0, UnusedCh: 59, UnidealCh: 0, ReTx: 0, NoRX: 0, NAK: 0, FlowOff: 0, OverFlow: 0, UndFlow: 0
*  08-24 19:43:18 SCO Choppy, Handle: 0x0010, 2EV3, Central, PwLv: 13, RSSI: -45, SNR: 0, UnusedCh: 59, UnidealCh: 0, ReTx: 0, NoRX: 0, NAK: 0, FlowOff: 0, OverFlow: 0, UndFlow: 0

 ----- shim::legacy::pan -----
shim::legacy::pan Connections:0 roles configured:C.N[0x5] current:...[0x0] previous:...[0x0]
shim::legacy::pan service_name_user:"Android Network User"
shim::legacy::pan service_name_nap:"Android Network Access Point"
 ----- shim::legacy::hid -----
shim::legacy::hid status:BTIF_HH_ENABLED num_devices:0
shim::legacy::hid status:BTIF_HH_ENABLED
shim::legacy::hid   0: addr:xx:xx:xx:xx:33:f9
shim::legacy::hid   1: addr:xx:xx:xx:xx:33:fa
shim::legacy::hid   2: addr:xx:xx:xx:xx:5a:35
shim::legacy::hid   3: addr:xx:xx:xx:xx:fb:77
 ----- shim::legacy::bta::dm -----
shim::legacy::bta::dm  last 50 search state transitions
shim::legacy::bta::dm    2026-08-24 14:46:03.445 state:   BTA_DM_DISCOVER_ACTIVE event:BTA_DM_SDP_RESULT_EVT
shim::legacy::bta::dm    2026-08-24 14:46:03.445 state:   BTA_DM_DISCOVER_ACTIVE event:BTA_DM_DISCOVERY_RESULT_EVT
shim::legacy::bta::dm    2026-08-24 15:38:25.284 state:       BTA_DM_SEARCH_IDLE event:BTA_DM_API_DISCOVER_EVT
shim::legacy::bta::dm    2026-08-24 15:38:25.427 state:   BTA_DM_DISCOVER_ACTIVE event:BTA_DM_SDP_RESULT_EVT
shim::legacy::bta::dm    2026-08-24 15:38:25.637 state:   BTA_DM_DISCOVER_ACTIVE event:BTA_DM_SDP_RESULT_EVT
shim::legacy::bta::dm    2026-08-24 15:38:25.638 state:   BTA_DM_DISCOVER_ACTIVE event:BTA_DM_DISCOVERY_RESULT_EVT
shim::legacy::bta::dm    2026-08-24 15:38:26.170 state:       BTA_DM_SEARCH_IDLE event:BTA_DM_API_DISCOVER_EVT
shim::legacy::bta::dm    2026-08-24 15:38:26.414 state:   BTA_DM_DISCOVER_ACTIVE event:BTA_DM_SDP_RESULT_EVT
shim::legacy::bta::dm    2026-08-24 15:38:26.659 state:   BTA_DM_DISCOVER_ACTIVE event:BTA_DM_SDP_RESULT_EVT
shim::legacy::bta::dm    2026-08-24 15:38:26.660 state:   BTA_DM_DISCOVER_ACTIVE event:BTA_DM_DISCOVERY_RESULT_EVT
shim::legacy::bta::dm    2026-08-24 15:56:55.907 state:       BTA_DM_SEARCH_IDLE event:BTA_DM_API_DISCOVER_EVT
shim::legacy::bta::dm    2026-08-24 15:56:56.082 state:   BTA_DM_DISCOVER_ACTIVE event:BTA_DM_SDP_RESULT_EVT
shim::legacy::bta::dm    2026-08-24 15:56:56.303 state:   BTA_DM_DISCOVER_ACTIVE event:BTA_DM_SDP_RESULT_EVT
shim::legacy::bta::dm    2026-08-24 15:56:56.304 state:   BTA_DM_DISCOVER_ACTIVE event:BTA_DM_DISCOVERY_RESULT_EVT
shim::legacy::bta::dm    2026-08-24 16:43:07.723 state:       BTA_DM_SEARCH_IDLE event:BTA_DM_API_DISCOVER_EVT
shim::legacy::bta::dm    2026-08-24 16:43:07.807 state:   BTA_DM_DISCOVER_ACTIVE event:BTA_DM_SDP_RESULT_EVT
shim::legacy::bta::dm    2026-08-24 16:43:07.882 state:   BTA_DM_DISCOVER_ACTIVE event:BTA_DM_SDP_RESULT_EVT
shim::legacy::bta::dm    2026-08-24 16:43:07.885 state:   BTA_DM_DISCOVER_ACTIVE event:BTA_DM_DISCOVERY_RESULT_EVT
shim::legacy::bta::dm    2026-08-24 16:59:44.186 state:       BTA_DM_SEARCH_IDLE event:BTA_DM_API_DISCOVER_EVT
shim::legacy::bta::dm    2026-08-24 16:59:44.262 state:   BTA_DM_DISCOVER_ACTIVE event:BTA_DM_SDP_RESULT_EVT
shim::legacy::bta::dm    2026-08-24 16:59:44.323 state:   BTA_DM_DISCOVER_ACTIVE event:BTA_DM_SDP_RESULT_EVT
shim::legacy::bta::dm    2026-08-24 16:59:44.326 state:   BTA_DM_DISCOVER_ACTIVE event:BTA_DM_DISCOVERY_RESULT_EVT
shim::legacy::bta::dm    2026-08-24 17:13:58.031 state:       BTA_DM_SEARCH_IDLE event:BTA_DM_API_DISCOVER_EVT
shim::legacy::bta::dm    2026-08-24 17:13:58.114 state:   BTA_DM_DISCOVER_ACTIVE event:BTA_DM_SDP_RESULT_EVT
shim::legacy::bta::dm    2026-08-24 17:13:58.169 state:   BTA_DM_DISCOVER_ACTIVE event:BTA_DM_SDP_RESULT_EVT
shim::legacy::bta::dm    2026-08-24 17:13:58.172 state:   BTA_DM_DISCOVER_ACTIVE event:BTA_DM_DISCOVERY_RESULT_EVT
shim::legacy::bta::dm    2026-08-24 17:16:39.280 state:       BTA_DM_SEARCH_IDLE event:BTA_DM_API_DISCOVER_EVT
shim::legacy::bta::dm    2026-08-24 17:16:39.357 state:   BTA_DM_DISCOVER_ACTIVE event:BTA_DM_SDP_RESULT_EVT
shim::legacy::bta::dm    2026-08-24 17:16:39.409 state:   BTA_DM_DISCOVER_ACTIVE event:BTA_DM_SDP_RESULT_EVT
shim::legacy::bta::dm    2026-08-24 17:16:39.411 state:   BTA_DM_DISCOVER_ACTIVE event:BTA_DM_DISCOVERY_RESULT_EVT
shim::legacy::bta::dm    2026-08-24 17:19:18.906 state:       BTA_DM_SEARCH_IDLE event:BTA_DM_API_DISCOVER_EVT
shim::legacy::bta::dm    2026-08-24 17:19:19.001 state:   BTA_DM_DISCOVER_ACTIVE event:BTA_DM_SDP_RESULT_EVT
shim::legacy::bta::dm    2026-08-24 17:19:19.053 state:   BTA_DM_DISCOVER_ACTIVE event:BTA_DM_SDP_RESULT_EVT
shim::legacy::bta::dm    2026-08-24 17:19:19.054 state:   BTA_DM_DISCOVER_ACTIVE event:BTA_DM_DISCOVERY_RESULT_EVT
shim::legacy::bta::dm    2026-08-24 17:44:06.093 state:       BTA_DM_SEARCH_IDLE event:BTA_DM_API_DISCOVER_EVT
shim::legacy::bta::dm    2026-08-24 17:44:06.181 state:   BTA_DM_DISCOVER_ACTIVE event:BTA_DM_SDP_RESULT_EVT
shim::legacy::bta::dm    2026-08-24 17:44:06.260 state:   BTA_DM_DISCOVER_ACTIVE event:BTA_DM_SDP_RESULT_EVT
shim::legacy::bta::dm    2026-08-24 17:44:06.267 state:   BTA_DM_DISCOVER_ACTIVE event:BTA_DM_DISCOVERY_RESULT_EVT
shim::legacy::bta::dm    2026-08-24 19:11:51.381 state:       BTA_DM_SEARCH_IDLE event:BTA_DM_API_DISCOVER_EVT
shim::legacy::bta::dm    2026-08-24 19:11:51.834 state:   BTA_DM_DISCOVER_ACTIVE event:BTA_DM_SDP_RESULT_EVT
shim::legacy::bta::dm    2026-08-24 19:11:51.968 state:   BTA_DM_DISCOVER_ACTIVE event:BTA_DM_SDP_RESULT_EVT
shim::legacy::bta::dm    2026-08-24 19:11:51.969 state:   BTA_DM_DISCOVER_ACTIVE event:BTA_DM_DISCOVERY_RESULT_EVT
shim::legacy::bta::dm    2026-08-24 19:11:52.201 state:       BTA_DM_SEARCH_IDLE event:BTA_DM_API_DISCOVER_EVT
shim::legacy::bta::dm    2026-08-24 19:11:52.268 state:   BTA_DM_DISCOVER_ACTIVE event:BTA_DM_SDP_RESULT_EVT
shim::legacy::bta::dm    2026-08-24 19:11:52.334 state:   BTA_DM_DISCOVER_ACTIVE event:BTA_DM_SDP_RESULT_EVT
shim::legacy::bta::dm    2026-08-24 19:11:52.335 state:   BTA_DM_DISCOVER_ACTIVE event:BTA_DM_DISCOVERY_RESULT_EVT
shim::legacy::bta::dm    2026-08-24 19:11:57.680 state:       BTA_DM_SEARCH_IDLE event:BTA_DM_API_DISCOVER_EVT
shim::legacy::bta::dm    2026-08-24 19:11:58.003 state:   BTA_DM_DISCOVER_ACTIVE event:BTA_DM_SDP_RESULT_EVT
shim::legacy::bta::dm    2026-08-24 19:11:58.225 state:   BTA_DM_DISCOVER_ACTIVE event:BTA_DM_SDP_RESULT_EVT
shim::legacy::bta::dm    2026-08-24 19:11:58.226 state:   BTA_DM_DISCOVER_ACTIVE event:BTA_DM_DISCOVERY_RESULT_EVT
shim::legacy::bta::dm  current bta_dm_search_state:BTA_DM_SEARCH_IDLE
shim::legacy::bta::dm  last 50 gatt history entries
shim::legacy::bta::dm    2026-08-24 15:48:01.229 GATTC_EventCallback              event:BTA_GATTC_PHY_UPDATE_EVT
shim::legacy::bta::dm    2026-08-24 15:54:40.837 GATTC_EventCallback              event:BTA_GATTC_PHY_UPDATE_EVT
shim::legacy::bta::dm    2026-08-24 15:54:44.090 GATTC_EventCallback              event:BTA_GATTC_CONN_UPDATE_EVT
shim::legacy::bta::dm    2026-08-24 15:55:02.750 GATTC_EventCallback              event:BTA_GATTC_CONN_UPDATE_EVT
shim::legacy::bta::dm    2026-08-24 15:55:16.430 GATTC_EventCallback              event:BTA_GATTC_PHY_UPDATE_EVT
shim::legacy::bta::dm    2026-08-24 15:56:56.305 GATTC_CancelOpen                 bd_addr:xx:xx:xx:xx:6c:24 client_if:0 is_direct:T
shim::legacy::bta::dm    2026-08-24 15:58:04.914 GATTC_EventCallback              event:BTA_GATTC_PHY_UPDATE_EVT
shim::legacy::bta::dm    2026-08-24 15:58:28.911 GATTC_EventCallback              event:BTA_GATTC_PHY_UPDATE_EVT
shim::legacy::bta::dm    2026-08-24 16:02:34.075 GATTC_EventCallback              event:BTA_GATTC_CONN_UPDATE_EVT
shim::legacy::bta::dm    2026-08-24 16:02:50.275 GATTC_EventCallback              event:BTA_GATTC_PHY_UPDATE_EVT
shim::legacy::bta::dm    2026-08-24 16:09:03.852 GATTC_EventCallback              event:BTA_GATTC_PHY_UPDATE_EVT
shim::legacy::bta::dm    2026-08-24 16:09:37.081 GATTC_EventCallback              event:BTA_GATTC_PHY_UPDATE_EVT
shim::legacy::bta::dm    2026-08-24 16:09:52.333 GATTC_EventCallback              event:BTA_GATTC_CONN_UPDATE_EVT
shim::legacy::bta::dm    2026-08-24 16:10:04.196 GATTC_EventCallback              event:BTA_GATTC_CONN_UPDATE_EVT
shim::legacy::bta::dm    2026-08-24 16:15:14.286 GATTC_EventCallback              event:BTA_GATTC_PHY_UPDATE_EVT
shim::legacy::bta::dm    2026-08-24 16:15:28.204 GATTC_EventCallback              event:BTA_GATTC_PHY_UPDATE_EVT
shim::legacy::bta::dm    2026-08-24 16:16:36.750 GATTC_EventCallback              event:BTA_GATTC_CONN_UPDATE_EVT
shim::legacy::bta::dm    2026-08-24 16:16:48.026 GATTC_EventCallback              event:BTA_GATTC_CONN_UPDATE_EVT
shim::legacy::bta::dm    2026-08-24 16:17:48.672 GATTC_EventCallback              event:BTA_GATTC_CONN_UPDATE_EVT
shim::legacy::bta::dm    2026-08-24 16:18:38.711 GATTC_EventCallback              event:BTA_GATTC_PHY_UPDATE_EVT
shim::legacy::bta::dm    2026-08-24 16:23:07.876 GATTC_EventCallback              event:BTA_GATTC_PHY_UPDATE_EVT
shim::legacy::bta::dm    2026-08-24 16:23:19.877 GATTC_EventCallback              event:BTA_GATTC_PHY_UPDATE_EVT
shim::legacy::bta::dm    2026-08-24 16:24:58.638 GATTC_EventCallback              event:BTA_GATTC_PHY_UPDATE_EVT
shim::legacy::bta::dm    2026-08-24 16:25:02.248 GATTC_EventCallback              event:BTA_GATTC_CONN_UPDATE_EVT
shim::legacy::bta::dm    2026-08-24 16:25:03.718 GATTC_EventCallback              event:BTA_GATTC_PHY_UPDATE_EVT
shim::legacy::bta::dm    2026-08-24 16:25:18.181 GATTC_EventCallback              event:BTA_GATTC_CONN_UPDATE_EVT
shim::legacy::bta::dm    2026-08-24 16:39:59.959 GATTC_EventCallback              event:BTA_GATTC_PHY_UPDATE_EVT
shim::legacy::bta::dm    2026-08-24 16:40:09.100 GATTC_EventCallback              event:BTA_GATTC_CONN_UPDATE_EVT
shim::legacy::bta::dm    2026-08-24 16:40:12.730 GATTC_EventCallback              event:BTA_GATTC_PHY_UPDATE_EVT
shim::legacy::bta::dm    2026-08-24 16:40:17.652 GATTC_EventCallback              event:BTA_GATTC_PHY_UPDATE_EVT
shim::legacy::bta::dm    2026-08-24 16:40:19.727 GATTC_EventCallback              event:BTA_GATTC_CONN_UPDATE_EVT
shim::legacy::bta::dm    2026-08-24 16:40:34.365 GATTC_EventCallback              event:BTA_GATTC_PHY_UPDATE_EVT
shim::legacy::bta::dm    2026-08-24 16:40:41.232 GATTC_EventCallback              event:BTA_GATTC_CONN_UPDATE_EVT
shim::legacy::bta::dm    2026-08-24 16:40:52.280 GATTC_EventCallback              event:BTA_GATTC_CONN_UPDATE_EVT
shim::legacy::bta::dm    2026-08-24 16:43:07.885 GATTC_CancelOpen                 bd_addr:xx:xx:xx:xx:6c:24 client_if:0 is_direct:T
shim::legacy::bta::dm    2026-08-24 16:49:50.728 GATTC_EventCallback              event:BTA_GATTC_PHY_UPDATE_EVT
shim::legacy::bta::dm    2026-08-24 16:50:38.492 GATTC_EventCallback              event:BTA_GATTC_PHY_UPDATE_EVT
shim::legacy::bta::dm    2026-08-24 16:50:55.993 GATTC_EventCallback              event:BTA_GATTC_PHY_UPDATE_EVT
shim::legacy::bta::dm    2026-08-24 16:51:00.832 GATTC_EventCallback              event:BTA_GATTC_CONN_UPDATE_EVT
shim::legacy::bta::dm    2026-08-24 16:53:17.871 GATTC_EventCallback              event:BTA_GATTC_PHY_UPDATE_EVT
shim::legacy::bta::dm    2026-08-24 16:59:44.327 GATTC_CancelOpen                 bd_addr:xx:xx:xx:xx:6c:24 client_if:0 is_direct:T
shim::legacy::bta::dm    2026-08-24 17:13:58.173 GATTC_CancelOpen                 bd_addr:xx:xx:xx:xx:6c:24 client_if:0 is_direct:T
shim::legacy::bta::dm    2026-08-24 17:16:39.411 GATTC_CancelOpen                 bd_addr:xx:xx:xx:xx:6c:24 client_if:0 is_direct:T
shim::legacy::bta::dm    2026-08-24 17:19:19.054 GATTC_CancelOpen                 bd_addr:xx:xx:xx:xx:6c:24 client_if:0 is_direct:T
shim::legacy::bta::dm    2026-08-24 17:44:06.268 GATTC_CancelOpen                 bd_addr:xx:xx:xx:xx:6c:24 client_if:0 is_direct:T
shim::legacy::bta::dm    2026-08-24 18:08:33.226 GATTC_Refresh                    bd_addr:xx:xx:xx:xx:73:de
shim::legacy::bta::dm    2026-08-24 19:00:58.637 GATTC_Refresh                    bd_addr:xx:xx:xx:xx:d7:f4
shim::legacy::bta::dm    2026-08-24 19:11:51.970 GATTC_CancelOpen                 bd_addr:xx:xx:xx:xx:d7:f4 client_if:0 is_direct:T
shim::legacy::bta::dm    2026-08-24 19:11:52.336 GATTC_CancelOpen                 bd_addr:xx:xx:xx:xx:d7:f4 client_if:0 is_direct:T
shim::legacy::bta::dm    2026-08-24 19:11:58.226 GATTC_CancelOpen                 bd_addr:xx:xx:xx:xx:d7:f4 client_if:0 is_direct:T
shim::legacy::dumpsys Dumping shim legacy targets:1
 ----- shim::legacy::record -----
shim::legacy::record 001 xx:xx:xx:xx:cc:19 BR_EDR cod:0x001f00 remote_info:UNKNOWN        sm4:0x00 SecureConn:F name:""
shim::legacy::record 002 xx:xx:xx:xx:04:5c BR_EDR cod:0x001f00 remote_info:UNKNOWN        sm4:0x00 SecureConn:F name:""
shim::legacy::record 003 xx:xx:xx:xx:d1:ea BR_EDR cod:0x048424 remote_info:UNKNOWN        sm4:0x00 SecureConn:F name:""
shim::legacy::record 004 xx:xx:xx:xx:33:f9    BLE cod:0x000000 remote_info:UNKNOWN        sm4:0x00 SecureConn:F name:""
shim::legacy::record 005 xx:xx:xx:xx:33:fa    BLE cod:0x000000 remote_info:UNKNOWN        sm4:0x00 SecureConn:F name:""
shim::legacy::record 006 xx:xx:xx:xx:5a:35 BR_EDR cod:0x402500 remote_info:UNKNOWN        sm4:0x00 SecureConn:F name:""
shim::legacy::record 007 xx:xx:xx:xx:58:7d    BLE cod:0x000000 remote_info:10-00277-02476 sm4:0x00 SecureConn:F name:""
shim::legacy::record 008 xx:xx:xx:xx:6d:44    BLE cod:0x000000 remote_info:UNKNOWN        sm4:0x00 SecureConn:F name:""
shim::legacy::record 009 xx:xx:xx:xx:e3:08 BR_EDR cod:0x001f00 remote_info:UNKNOWN        sm4:0x00 SecureConn:F name:""
shim::legacy::record 010 xx:xx:xx:xx:c8:a6 BR_EDR cod:0x180424 remote_info:UNKNOWN        sm4:0x00 SecureConn:F name:""
shim::legacy::record 011 xx:xx:xx:xx:be:04   DUAL cod:0x080434 remote_info:UNKNOWN        sm4:0x00 SecureConn:F name:""
shim::legacy::record 012 xx:xx:xx:xx:af:12 BR_EDR cod:0x080436 remote_info:UNKNOWN        sm4:0x00 SecureConn:F name:""
shim::legacy::record 013 xx:xx:xx:xx:fb:77 BR_EDR cod:0x040424 remote_info:UNKNOWN        sm4:0x00 SecureConn:F name:""
shim::legacy::record 014 xx:xx:xx:xx:8d:51   DUAL cod:0x080468 remote_info:07-08713-00015 sm4:0x11 SecureConn:T name:""
shim::legacy::record 015 xx:xx:xx:xx:6c:24 BR_EDR cod:0x080468 remote_info:13-34657-00093 sm4:0x11 SecureConn:T name:"larkbridge #2"
shim::legacy::record 016 xx:xx:xx:xx:73:de BR_EDR cod:0x048424 remote_info:12-00003-02566 sm4:0x11 SecureConn:F name:"Soundcore Space A40"
shim::legacy::record 017 xx:xx:xx:xx:d7:f4 BR_EDR cod:0x040424 remote_info:09-00000-00070 sm4:0x11 SecureConn:F name:"TAOTRONICS SoundLiberty 94"
shim::legacy::stack Stack information ᛒᚼ
shim::legacy::stack Classic inquiry:disabled
shim::legacy::stack Le scan:enabled duration_s:1658.049 results:415
shim::legacy::stack Last 0 inquiry scans:
 ----- shim::legacy::acl -----
shim::acl peer:xx:xx:xx:xx:6c:24 handle:0x0015 is_locally_initiated:false creation_time:2026-08-24 17:57:05.441 teardown_time:2026-08-24 17:57:08.070 disconnect_reason:REMOTE_USER_TERMINATED_CONNECTION
shim::acl peer:xx:xx:xx:xx:6c:24 handle:0x0016 is_locally_initiated:false creation_time:2026-08-24 17:57:11.856 teardown_time:2026-08-24 17:57:14.574 disconnect_reason:REMOTE_USER_TERMINATED_CONNECTION
shim::acl peer:xx:xx:xx:xx:6c:24 handle:0x0001 is_locally_initiated:false creation_time:2026-08-24 17:57:18.895 teardown_time:2026-08-24 17:57:21.447 disconnect_reason:REMOTE_USER_TERMINATED_CONNECTION
shim::acl peer:xx:xx:xx:xx:6c:24 handle:0x0003 is_locally_initiated:false creation_time:2026-08-24 17:57:24.642 teardown_time:2026-08-24 17:57:27.370 disconnect_reason:REMOTE_USER_TERMINATED_CONNECTION
shim::acl peer:xx:xx:xx:xx:6c:24 handle:0x0004 is_locally_initiated:false creation_time:2026-08-24 17:57:31.043 teardown_time:2026-08-24 17:57:33.661 disconnect_reason:REMOTE_USER_TERMINATED_CONNECTION
shim::acl peer:xx:xx:xx:xx:6c:24 handle:0x0005 is_locally_initiated:false creation_time:2026-08-24 17:57:37.447 teardown_time:2026-08-24 17:57:40.132 disconnect_reason:REMOTE_USER_TERMINATED_CONNECTION
shim::acl peer:xx:xx:xx:xx:6c:24 handle:0x0006 is_locally_initiated:false creation_time:2026-08-24 17:57:43.291 teardown_time:2026-08-24 17:57:45.892 disconnect_reason:REMOTE_USER_TERMINATED_CONNECTION
shim::acl peer:xx:xx:xx:xx:6c:24 handle:0x0008 is_locally_initiated:false creation_time:2026-08-24 17:57:51.537 teardown_time:2026-08-24 17:57:54.020 disconnect_reason:REMOTE_USER_TERMINATED_CONNECTION
shim::acl peer:xx:xx:xx:xx:6c:24 handle:0x0009 is_locally_initiated:false creation_time:2026-08-24 17:57:57.938 teardown_time:2026-08-24 17:58:00.584 disconnect_reason:REMOTE_USER_TERMINATED_CONNECTION
shim::acl peer:xx:xx:xx:xx:6c:24 handle:0x000a is_locally_initiated:false creation_time:2026-08-24 17:58:04.326 teardown_time:2026-08-24 17:58:06.960 disconnect_reason:REMOTE_USER_TERMINATED_CONNECTION
shim::acl peer:xx:xx:xx:xx:6c:24 handle:0x000b is_locally_initiated:false creation_time:2026-08-24 17:58:11.367 teardown_time:2026-08-24 17:58:13.909 disconnect_reason:REMOTE_USER_TERMINATED_CONNECTION
shim::acl peer:xx:xx:xx:xx:6c:24 handle:0x000c is_locally_initiated:false creation_time:2026-08-24 17:58:18.404 teardown_time:2026-08-24 17:58:20.912 disconnect_reason:REMOTE_USER_TERMINATED_CONNECTION
shim::acl peer:xx:xx:xx:xx:6c:24 handle:0x000d is_locally_initiated:false creation_time:2026-08-24 17:58:24.167 teardown_time:2026-08-24 17:58:26.676 disconnect_reason:REMOTE_USER_TERMINATED_CONNECTION
shim::acl peer:xx:xx:xx:xx:6c:24 handle:0x000e is_locally_initiated:false creation_time:2026-08-24 17:58:31.215 teardown_time:2026-08-24 17:58:33.798 disconnect_reason:REMOTE_USER_TERMINATED_CONNECTION
shim::acl peer:xx:xx:xx:xx:6c:24 handle:0x000f is_locally_initiated:false creation_time:2026-08-24 17:58:38.900 teardown_time:2026-08-24 17:58:41.548 disconnect_reason:REMOTE_USER_TERMINATED_CONNECTION
shim::acl peer:xx:xx:xx:xx:6c:24 handle:0x0010 is_locally_initiated:false creation_time:2026-08-24 17:58:45.291 teardown_time:2026-08-24 17:58:47.775 disconnect_reason:REMOTE_USER_TERMINATED_CONNECTION
shim::acl peer:xx:xx:xx:xx:6c:24 handle:0x0011 is_locally_initiated:false creation_time:2026-08-24 17:58:51.674 teardown_time:2026-08-24 17:58:54.248 disconnect_reason:REMOTE_USER_TERMINATED_CONNECTION
shim::acl peer:xx:xx:xx:xx:6c:24 handle:0x0013 is_locally_initiated:false creation_time:2026-08-24 17:58:57.488 teardown_time:2026-08-24 17:58:59.985 disconnect_reason:REMOTE_USER_TERMINATED_CONNECTION
shim::acl peer:xx:xx:xx:xx:6c:24 handle:0x0014 is_locally_initiated:false creation_time:2026-08-24 18:06:47.858 teardown_time:2026-08-24 18:06:50.427 disconnect_reason:REMOTE_USER_TERMINATED_CONNECTION
shim::acl peer:xx:xx:xx:xx:6c:24 handle:0x0001 is_locally_initiated:false creation_time:2026-08-24 18:07:15.373 teardown_time:2026-08-24 18:07:18.118 disconnect_reason:REMOTE_USER_TERMINATED_CONNECTION
shim::acl peer:xx:xx:xx:xx:73:de handle:0x0003 is_locally_initiated:false creation_time:2026-08-24 18:08:20.661 teardown_time:2026-08-24 18:08:33.215 disconnect_reason:CONNECTION_TERMINATED_BY_LOCAL_HOST
shim::acl peer:xx:xx:xx:xx:73:de handle:0x0004 is_locally_initiated:false creation_time:2026-08-24 18:08:50.162 teardown_time:2026-08-24 18:08:50.442 disconnect_reason:AUTHENTICATION_FAILURE
shim::acl peer:xx:xx:xx:xx:6c:24 handle:0x0005 is_locally_initiated:false creation_time:2026-08-24 18:22:45.332 teardown_time:2026-08-24 18:22:48.092 disconnect_reason:REMOTE_USER_TERMINATED_CONNECTION
shim::acl peer:xx:xx:xx:xx:6c:24 handle:0x0008 is_locally_initiated:false creation_time:2026-08-24 18:23:24.985 teardown_time:2026-08-24 18:23:27.755 disconnect_reason:REMOTE_USER_TERMINATED_CONNECTION
shim::acl peer:xx:xx:xx:xx:6c:24 handle:0x0009 is_locally_initiated:false creation_time:2026-08-24 18:49:24.066 teardown_time:2026-08-24 18:49:26.557 disconnect_reason:REMOTE_USER_TERMINATED_CONNECTION
shim::acl peer:xx:xx:xx:xx:6c:24 handle:0x000c is_locally_initiated:false creation_time:2026-08-24 18:50:07.569 teardown_time:2026-08-24 18:50:10.113 disconnect_reason:REMOTE_USER_TERMINATED_CONNECTION
shim::acl peer:xx:xx:xx:xx:d7:f4 handle:0x000d is_locally_initiated:false creation_time:2026-08-24 19:00:48.867 teardown_time:2026-08-24 19:00:58.631 disconnect_reason:CONNECTION_TERMINATED_BY_LOCAL_HOST
shim::acl peer:xx:xx:xx:xx:6c:24 handle:0x0010 is_locally_initiated:false creation_time:2026-08-24 19:06:35.750 teardown_time:2026-08-24 19:06:38.291 disconnect_reason:REMOTE_USER_TERMINATED_CONNECTION
shim::acl peer:xx:xx:xx:xx:6c:24 handle:0x0011 is_locally_initiated:false creation_time:2026-08-24 19:08:00.866 teardown_time:2026-08-24 19:08:03.592 disconnect_reason:REMOTE_USER_TERMINATED_CONNECTION
shim::acl peer:xx:xx:xx:xx:d7:f4 handle:0x0013 is_locally_initiated:false creation_time:2026-08-24 19:11:50.629 teardown_time:2026-08-24 19:11:50.969 disconnect_reason:PIN_OR_KEY_MISSING
shim::acl peer:xx:xx:xx:xx:d7:f4 handle:0x0015 is_locally_initiated:true creation_time:2026-08-24 19:11:51.617 teardown_time:2026-08-24 19:11:56.496 disconnect_reason:CONNECTION_TERMINATED_BY_LOCAL_HOST
shim::acl peer:xx:xx:xx:xx:d7:f4 handle:0x0001 is_locally_initiated:false creation_time:2026-08-24 19:11:57.663 teardown_time:2026-08-24 19:11:58.376 disconnect_reason:PIN_OR_KEY_MISSING
shim::acl peer:xx:xx:xx:xx:8d:51 handle:0x0002 is_locally_initiated:false creation_time:2026-08-24 15:48:04.524 teardown_time:2026-08-24 19:22:53.033 disconnect_reason:CONNECTION_TIMEOUT
shim::acl peer:xx:xx:xx:xx:6c:24 handle:0x0003 is_locally_initiated:false creation_time:2026-08-24 19:23:10.989 teardown_time:2026-08-24 19:23:12.501 disconnect_reason:REMOTE_DEVICE_TERMINATED_CONNECTION_POWER_OFF
shim::acl peer:xx:xx:xx:xx:6c:24 handle:0x0005 is_locally_initiated:false creation_time:2026-08-24 19:23:17.996 teardown_time:2026-08-24 19:23:18.975 disconnect_reason:REMOTE_USER_TERMINATED_CONNECTION
shim::acl peer:xx:xx:xx:xx:6c:24 handle:0x0006 is_locally_initiated:false creation_time:2026-08-24 19:23:23.759 teardown_time:2026-08-24 19:23:30.972 disconnect_reason:REMOTE_USER_TERMINATED_CONNECTION
shim::acl peer:xx:xx:xx:xx:8d:51 handle:0x0008 is_locally_initiated:false creation_time:2026-08-24 19:23:30.797 teardown_time:2026-08-24 19:28:35.251 disconnect_reason:CONNECTION_TIMEOUT
shim::acl peer:xx:xx:xx:xx:6c:24 handle:0x0009 is_locally_initiated:false creation_time:2026-08-24 19:33:34.984 teardown_time:2026-08-24 19:33:36.711 disconnect_reason:REMOTE_DEVICE_TERMINATED_CONNECTION_POWER_OFF
shim::acl peer:xx:xx:xx:xx:6c:24 handle:0x000a is_locally_initiated:false creation_time:2026-08-24 19:33:41.995 teardown_time:2026-08-24 19:33:42.893 disconnect_reason:REMOTE_USER_TERMINATED_CONNECTION
shim::acl peer:xx:xx:xx:xx:6c:24 handle:0x000d is_locally_initiated:false creation_time:2026-08-24 19:33:48.398 teardown_time:2026-08-24 19:33:54.999 disconnect_reason:REMOTE_USER_TERMINATED_CONNECTION
shim::acl Classic sources of initiated disconnects
shim::acl   stack::l2cap::l2c_utils::l2cu_no_dynamic_ccbs Idle timer popped:4
shim::acl   stack::l2cap::l2c_link::l2c_link_timeout All channels closed:3
shim::acl   stack::acl::btm_acl::btm_remove_acl:2
shim::acl   stack::btm::btm_sec::btm_simple_pair_complete Auth fail:2
shim::acl Shadow le accept list              size:3   controller_max_size:128
shim::acl   001 xx:xx:xx:xx:33:f9[RANDOM]
shim::acl   002 xx:xx:xx:xx:33:fa[RANDOM]
shim::acl   003 xx:xx:xx:xx:6c:24[PUBLIC]
shim::acl Shadow le address resolution list  size:5   controller_max_size:32
shim::acl   001 e2:90:f0:da:33:f9[RANDOM_DEVICE_ADDRESS]
shim::acl   002 e2:90:f0:da:33:fa[RANDOM_DEVICE_ADDRESS]
shim::acl   003 c9:0f:4d:56:58:7d[PUBLIC_DEVICE_ADDRESS]
shim::acl   004 c5:83:db:43:6d:44[RANDOM_DEVICE_ADDRESS]
shim::acl   005 6c:1d:eb:d7:be:04[PUBLIC_DEVICE_ADDRESS]
shim::legacy::acl remote_addr:xx:xx:xx:xx:8d:51 handle:0x000e transport:BT_TRANSPORT_BR_EDR
shim::legacy::acl     link_up_issued: true
shim::legacy::acl     flush_timeout:0x0000
shim::legacy::acl     link_supervision_timeout:5.000 sec
shim::legacy::acl     disconnect_reason:0x00
shim::legacy::acl     peer_lmp_features[0] valid:true data:0xbf 0xfe 0xcf 0xfe 0xdb 0xff 0x7b 0x87 
shim::legacy::acl     peer_lmp_features[1] valid:true data:0x0b 0x00 0x00 0x00 0x00 0x00 0x00 0x00 
shim::legacy::acl     peer_lmp_features[2] valid:true data:0x13 0x03 0x00 0x00 0x00 0x00 0x00 0x00 
shim::legacy::acl     [classic] link_policy:0x0x0007 : role_switch  hold_mode  sniff_mode 
shim::legacy::acl     [classic] sniff_subrating:true
shim::legacy::acl     pkt_types_mask:0xcc18
shim::legacy::acl     role:central
 ----- shim::legacy::l2cap -----
shim::legacy::l2cap link_state:LST_CONNECTED
shim::legacy::l2cap handle:0x000e
shim::legacy::l2cap   active channel lcid:0x0048 rcid:0x0042 is_ecoc:false in_use:true
 ----- shim::legacy::btm -----
shim::legacy::btm  2026-08-24 19:08:03.593 ACL    Disconnected             : xx:xx:xx:xx:6c:24 classic reason:REMOTE_USER_TERMINATED_CONNECTION
shim::legacy::btm  2026-08-24 19:08:08.378 ACL    Power mode change        : xx:xx:xx:xx:8d:51 immediate:active[0x00] ==> immediate:sniff[0x02]
shim::legacy::btm  2026-08-24 19:09:27.476 ACL    Power mode change        : xx:xx:xx:xx:8d:51 immediate:sniff[0x02] ==> immediate:active[0x00]
shim::legacy::btm  2026-08-24 19:09:34.531 ACL    Power mode change        : xx:xx:xx:xx:8d:51 immediate:active[0x00] ==> immediate:sniff[0x02]
shim::legacy::btm  2026-08-24 19:09:42.213 ACL    Power mode change        : xx:xx:xx:xx:8d:51 immediate:active[0x00] ==> immediate:sniff[0x02]
shim::legacy::btm  2026-08-24 19:09:44.786 ACL    Power mode change        : xx:xx:xx:xx:8d:51 immediate:sniff[0x02] ==> immediate:active[0x00]
shim::legacy::btm  2026-08-24 19:09:57.430 ACL    Power mode change        : xx:xx:xx:xx:8d:51 immediate:active[0x00] ==> immediate:sniff[0x02]
shim::legacy::btm  2026-08-24 19:11:50.454 ACL    Connection request       : xx:xx:xx:xx:d7:f4 
shim::legacy::btm  2026-08-24 19:11:50.629 ACL    Connection successful    : xx:xx:xx:xx:d7:f4 classic Remote initiated
shim::legacy::btm  2026-08-24 19:11:50.630 ACL    Role change              : xx:xx:xx:xx:d7:f4 classic New_role:CENTRAL status:SUCCESS
shim::legacy::btm  2026-08-24 19:11:50.969 ACL    Disconnected             : xx:xx:xx:xx:d7:f4 classic reason:PIN_OR_KEY_MISSING
shim::legacy::btm  2026-08-24 19:11:50.970 API    Get connection state     : xx:xx:xx:xx:d7:f4 connected:F classic_encrypted:F le_encrypted:F
shim::legacy::btm  2026-08-24 19:11:51.212 API    Get connection state     : xx:xx:xx:xx:d7:f4 connected:F classic_encrypted:F le_encrypted:F
shim::legacy::btm  2026-08-24 19:11:51.248 API    Get connection state     : xx:xx:xx:xx:d7:f4 connected:F classic_encrypted:F le_encrypted:F
shim::legacy::btm  2026-08-24 19:11:51.257 API    Get connection state     : xx:xx:xx:xx:d7:f4 connected:F classic_encrypted:F le_encrypted:F
shim::legacy::btm  2026-08-24 19:11:51.381 API    Service discovery        : xx:xx:xx:xx:d7:f4 transport:BT_TRANSPORT_AUTO
shim::legacy::btm  2026-08-24 19:11:51.381 SDP    Discovery started        : xx:xx:xx:xx:d7:f4 Transport:BT_TRANSPORT_BR_EDR
shim::legacy::btm  2026-08-24 19:11:51.382 ACL    Initiated connection     : xx:xx:xx:xx:d7:f4 classic
shim::legacy::btm  2026-08-24 19:11:51.617 ACL    Connection successful    : xx:xx:xx:xx:d7:f4 classic Local initiated
shim::legacy::btm  2026-08-24 19:11:51.619 ACL    Role change              : xx:xx:xx:xx:d7:f4 classic New_role:CENTRAL status:SUCCESS
shim::legacy::btm  2026-08-24 19:11:51.969 API    Discovered GATT services : xx:xx:xx:xx:d7:f4 
shim::legacy::btm  2026-08-24 19:11:51.969 SDP    Discovery completed      : xx:xx:xx:xx:d7:f4 Result:SDP_SUCCESS services_found:0xc00c0060 service_index:0x34
shim::legacy::btm  2026-08-24 19:11:51.970 SDP    Discovered services      : xx:xx:xx:xx:d7:f4 bta_status:BTA_SUCCESS sdp_uuids:8 eir_uuids:0
shim::legacy::btm  2026-08-24 19:11:52.163 API    Get connection state     : xx:xx:xx:xx:d7:f4 connected:T classic_encrypted:F le_encrypted:F
shim::legacy::btm  2026-08-24 19:11:52.201 API    Service discovery        : xx:xx:xx:xx:d7:f4 transport:BT_TRANSPORT_AUTO
shim::legacy::btm  2026-08-24 19:11:52.201 SDP    Discovery started        : xx:xx:xx:xx:d7:f4 Transport:BT_TRANSPORT_BR_EDR
shim::legacy::btm  2026-08-24 19:11:52.258 API    Get connection state     : xx:xx:xx:xx:d7:f4 connected:T classic_encrypted:F le_encrypted:F
shim::legacy::btm  2026-08-24 19:11:52.335 API    Discovered GATT services : xx:xx:xx:xx:d7:f4 
shim::legacy::btm  2026-08-24 19:11:52.335 SDP    Discovery completed      : xx:xx:xx:xx:d7:f4 Result:SDP_SUCCESS services_found:0xc00c0060 service_index:0x34
shim::legacy::btm  2026-08-24 19:11:52.335 SDP    Discovered services      : xx:xx:xx:xx:d7:f4 bta_status:BTA_SUCCESS sdp_uuids:8 eir_uuids:0
shim::legacy::btm  2026-08-24 19:11:53.207 API    Get connection state     : xx:xx:xx:xx:d7:f4 connected:T classic_encrypted:F le_encrypted:F
shim::legacy::btm  2026-08-24 19:11:56.388 ACL    Disconnection initiated  : xx:xx:xx:xx:d7:f4 classic reason:HCI_ERR_PEER_USER comment:stack::l2cap::l2c_link::l2c_link_timeout All channels closed
shim::legacy::btm  2026-08-24 19:11:56.497 ACL    Disconnected             : xx:xx:xx:xx:d7:f4 classic reason:CONNECTION_TERMINATED_BY_LOCAL_HOST
shim::legacy::btm  2026-08-24 19:11:56.497 API    Get connection state     : xx:xx:xx:xx:d7:f4 connected:F classic_encrypted:F le_encrypted:F
shim::legacy::btm  2026-08-24 19:11:57.026 API    Get connection state     : xx:xx:xx:xx:d7:f4 connected:F classic_encrypted:F le_encrypted:F
shim::legacy::btm  2026-08-24 19:11:57.050 API    Get connection state     : xx:xx:xx:xx:d7:f4 connected:F classic_encrypted:F le_encrypted:F
shim::legacy::btm  2026-08-24 19:11:57.499 ACL    Connection request       : xx:xx:xx:xx:d7:f4 
shim::legacy::btm  2026-08-24 19:11:57.663 ACL    Connection successful    : xx:xx:xx:xx:d7:f4 classic Remote initiated
shim::legacy::btm  2026-08-24 19:11:57.663 ACL    Role change              : xx:xx:xx:xx:d7:f4 classic New_role:CENTRAL status:SUCCESS
shim::legacy::btm  2026-08-24 19:11:57.679 API    Service discovery        : xx:xx:xx:xx:d7:f4 transport:BT_TRANSPORT_AUTO
shim::legacy::btm  2026-08-24 19:11:57.680 SDP    Discovery started        : xx:xx:xx:xx:d7:f4 Transport:BT_TRANSPORT_BR_EDR
shim::legacy::btm  2026-08-24 19:11:57.779 SCAN   Le scan stopped          : 00:00:00:00:00:00 duration_s:3496.571 results:3987
shim::legacy::btm  2026-08-24 19:11:57.780 SCAN   Le scan started          : 00:00:00:00:00:00 
shim::legacy::btm  2026-08-24 19:11:58.173 API    Get connection state     : xx:xx:xx:xx:d7:f4 connected:T classic_encrypted:F le_encrypted:F
shim::legacy::btm  2026-08-24 19:11:58.226 API    Discovered GATT services : xx:xx:xx:xx:d7:f4 
shim::legacy::btm  2026-08-24 19:11:58.226 SDP    Discovery completed      : xx:xx:xx:xx:d7:f4 Result:SDP_SUCCESS services_found:0xc00c0060 service_index:0x34
shim::legacy::btm  2026-08-24 19:11:58.226 SDP    Discovered services      : xx:xx:xx:xx:d7:f4 bta_status:BTA_SUCCESS sdp_uuids:8 eir_uuids:0
shim::legacy::btm  2026-08-24 19:11:58.376 ACL    Disconnected             : xx:xx:xx:xx:d7:f4 classic reason:PIN_OR_KEY_MISSING
shim::legacy::btm  2026-08-24 19:11:58.376 API    Get connection state     : xx:xx:xx:xx:d7:f4 connected:F classic_encrypted:F le_encrypted:F
shim::legacy::btm  2026-08-24 19:11:58.910 API    Get connection state     : xx:xx:xx:xx:d7:f4 connected:F classic_encrypted:F le_encrypted:F
shim::legacy::btm  2026-08-24 19:11:59.207 API    Get connection state     : xx:xx:xx:xx:d7:f4 connected:F classic_encrypted:F le_encrypted:F
shim::legacy::btm  2026-08-24 19:12:00.292 API    Get connection state     : xx:xx:xx:xx:d7:f4 connected:F classic_encrypted:F le_encrypted:F
shim::legacy::btm  2026-08-24 19:12:01.444 ACL    Power mode change        : xx:xx:xx:xx:8d:51 immediate:sniff[0x02] ==> immediate:active[0x00]
shim::legacy::btm  2026-08-24 19:12:07.172 API    Get connection state     : xx:xx:xx:xx:d7:f4 connected:F classic_encrypted:F le_encrypted:F
shim::legacy::btm  2026-08-24 19:12:08.612 ACL    Power mode change        : xx:xx:xx:xx:8d:51 immediate:active[0x00] ==> immediate:sniff[0x02]
shim::legacy::btm  2026-08-24 19:12:27.101 SCAN   Le scan stopped          : 00:00:00:00:00:00 duration_s:29.321 results:659
shim::legacy::btm  2026-08-24 19:12:27.102 SCAN   Le scan started          : 00:00:00:00:00:00 
shim::legacy::btm  2026-08-24 19:15:56.886 SCAN   Le scan stopped          : 00:00:00:00:00:00 duration_s:209.784 results:543
shim::legacy::btm  2026-08-24 19:15:56.886 SCAN   Le scan started          : 00:00:00:00:00:00 
shim::legacy::btm  2026-08-24 19:16:11.596 ACL    Power mode change        : xx:xx:xx:xx:8d:51 immediate:sniff[0x02] ==> immediate:active[0x00]
shim::legacy::btm  2026-08-24 19:16:18.698 ACL    Power mode change        : xx:xx:xx:xx:8d:51 immediate:active[0x00] ==> immediate:sniff[0x02]
shim::legacy::btm  2026-08-24 19:16:28.036 ACL    Power mode change        : xx:xx:xx:xx:8d:51 immediate:sniff[0x02] ==> immediate:active[0x00]
shim::legacy::btm  2026-08-24 19:16:28.569 SCO    Connecting               : xx:xx:xx:xx:8d:51 local initiated acl:0x0002
shim::legacy::btm  2026-08-24 19:16:28.637 SCO    Connection created       : xx:xx:xx:xx:8d:51 sco_idx:0 handle:0x0006 
shim::legacy::btm  2026-08-24 19:16:28.637 SCO    Connection success       : xx:xx:xx:xx:8d:51 handle:0x0006 initiator
shim::legacy::btm  2026-08-24 19:16:28.638 ACL    Sniff subrating          : xx:xx:xx:xx:8d:51 max_latency:0.00 peer_timeout:0.00 local_timeout:0.00
shim::legacy::btm  2026-08-24 19:16:28.648 ACL    Sniff subrating          : xx:xx:xx:xx:8d:51 max_latency:0.00 peer_timeout:0.00 local_timeout:0.00
shim::legacy::btm  2026-08-24 19:16:28.686 ACL    Sniff subrating          : xx:xx:xx:xx:8d:51 max_latency:0.00 peer_timeout:0.00 local_timeout:0.00
shim::legacy::btm  2026-08-24 19:16:28.706 ACL    Sniff subrating          : xx:xx:xx:xx:8d:51 max_latency:0.00 peer_timeout:0.00 local_timeout:0.00
shim::legacy::btm  2026-08-24 19:16:35.708 ACL    Power mode change        : xx:xx:xx:xx:8d:51 immediate:active[0x00] ==> immediate:sniff[0x02]
shim::legacy::btm  2026-08-24 19:17:27.209 SCAN   Le scan stopped          : 00:00:00:00:00:00 duration_s:90.323 results:88 
shim::legacy::btm  2026-08-24 19:17:27.210 SCAN   Le scan started          : 00:00:00:00:00:00 
shim::legacy::btm  2026-08-24 19:17:45.477 ACL    Power mode change        : xx:xx:xx:xx:8d:51 immediate:sniff[0x02] ==> immediate:active[0x00]
shim::legacy::btm  2026-08-24 19:17:52.488 ACL    Power mode change        : xx:xx:xx:xx:8d:51 immediate:active[0x00] ==> immediate:sniff[0x02]
shim::legacy::btm  2026-08-24 19:20:16.026 ACL    Power mode change        : xx:xx:xx:xx:8d:51 immediate:sniff[0x02] ==> immediate:active[0x00]
shim::legacy::btm  2026-08-24 19:20:23.090 ACL    Power mode change        : xx:xx:xx:xx:8d:51 immediate:active[0x00] ==> immediate:sniff[0x02]
shim::legacy::btm  2026-08-24 19:22:53.033 SCO    Disconnected             : xx:xx:xx:xx:8d:51 handle:0x0006 reason:HCI_ERR_CONNECTION_TOUT
shim::legacy::btm  2026-08-24 19:22:53.033 ACL    Disconnected             : xx:xx:xx:xx:8d:51 classic reason:CONNECTION_TIMEOUT
shim::legacy::btm  2026-08-24 19:22:53.033 ACL    Sniff subrating          : xx:xx:xx:xx:8d:51 max_latency:0.75 peer_timeout:0.00 local_timeout:0.00
shim::legacy::btm  2026-08-24 19:22:53.051 API    Get connection state     : xx:xx:xx:xx:8d:51 connected:F classic_encrypted:F le_encrypted:F
shim::legacy::btm  2026-08-24 19:22:53.127 API    Get connection state     : xx:xx:xx:xx:8d:51 connected:F classic_encrypted:F le_encrypted:F
shim::legacy::btm  2026-08-24 19:22:53.131 API    Get connection state     : xx:xx:xx:xx:8d:51 connected:F classic_encrypted:F le_encrypted:F
shim::legacy::btm  2026-08-24 19:22:53.634 API    Get connection state     : xx:xx:xx:xx:8d:51 connected:F classic_encrypted:F le_encrypted:F
shim::legacy::btm  2026-08-24 19:23:10.822 ACL    Connection request       : xx:xx:xx:xx:6c:24 
shim::legacy::btm  2026-08-24 19:23:10.990 ACL    Connection successful    : xx:xx:xx:xx:6c:24 classic Remote initiated
shim::legacy::btm  2026-08-24 19:23:10.990 ACL    Role change              : xx:xx:xx:xx:6c:24 classic New_role:CENTRAL status:SUCCESS
shim::legacy::btm  2026-08-24 19:23:11.344 SEC    Pairing state changed    : xx:xx:xx:xx:6c:24 IDLE => INCOMING_SSP
shim::legacy::btm  2026-08-24 19:23:11.344 SEC    Pairing state changed    : xx:xx:xx:xx:6c:24 INCOMING_SSP => WAIT_LOCAL_IOCAPS
shim::legacy::btm  2026-08-24 19:23:11.804 SEC    Pairing state changed    : xx:xx:xx:xx:6c:24 WAIT_LOCAL_IOCAPS => WAIT_NUM_CONFIRM
shim::legacy::btm  2026-08-24 19:23:11.807 CBACK  Bond state changed       : xx:xx:xx:xx:6c:24 bt_status:success bond_state:1 reason:HCI_SUCCESS
shim::legacy::btm  2026-08-24 19:23:11.808 API    Ssp reply                : xx:xx:xx:xx:6c:24 originator:remote variant:2 accept:Y le:F numeric_comparison:F
shim::legacy::btm  2026-08-24 19:23:11.808 SEC    Confirm reply            : xx:xx:xx:xx:6c:24 status:BTM_SUCCESS
shim::legacy::btm  2026-08-24 19:23:11.808 SEC    Pairing state changed    : xx:xx:xx:xx:6c:24 WAIT_NUM_CONFIRM => WAIT_AUTH_COMPLETE
shim::legacy::btm  2026-08-24 19:23:12.501 ACL    Disconnected             : xx:xx:xx:xx:6c:24 classic reason:REMOTE_DEVICE_TERMINATED_CONNECTION_POWER_OFF
shim::legacy::btm  2026-08-24 19:23:12.503 SEC    Pairing state changed    : xx:xx:xx:xx:6c:24 WAIT_AUTH_COMPLETE => IDLE
shim::legacy::btm  2026-08-24 19:23:12.503 CBACK  Bond state changed       : xx:xx:xx:xx:6c:24 bt_status:failure bond_state:0 reason:HCI_ERR_AUTH_FAILURE
shim::legacy::btm  2026-08-24 19:23:17.831 ACL    Connection request       : xx:xx:xx:xx:6c:24 
shim::legacy::btm  2026-08-24 19:23:17.996 ACL    Connection successful    : xx:xx:xx:xx:6c:24 classic Remote initiated
shim::legacy::btm  2026-08-24 19:23:17.997 ACL    Role change              : xx:xx:xx:xx:6c:24 classic New_role:CENTRAL status:SUCCESS
shim::legacy::btm  2026-08-24 19:23:18.394 SEC    Pairing state changed    : xx:xx:xx:xx:6c:24 IDLE => INCOMING_SSP
shim::legacy::btm  2026-08-24 19:23:18.394 SEC    Pairing state changed    : xx:xx:xx:xx:6c:24 INCOMING_SSP => WAIT_LOCAL_IOCAPS
shim::legacy::btm  2026-08-24 19:23:18.975 ACL    Disconnected             : xx:xx:xx:xx:6c:24 classic reason:REMOTE_USER_TERMINATED_CONNECTION
shim::legacy::btm  2026-08-24 19:23:18.976 SEC    Pairing state changed    : xx:xx:xx:xx:6c:24 WAIT_LOCAL_IOCAPS => IDLE
shim::legacy::btm  2026-08-24 19:23:23.594 ACL    Connection request       : xx:xx:xx:xx:6c:24 
shim::legacy::btm  2026-08-24 19:23:23.760 ACL    Connection successful    : xx:xx:xx:xx:6c:24 classic Remote initiated
shim::legacy::btm  2026-08-24 19:23:23.760 ACL    Role change              : xx:xx:xx:xx:6c:24 classic New_role:CENTRAL status:SUCCESS
shim::legacy::btm  2026-08-24 19:23:24.070 SEC    Pairing state changed    : xx:xx:xx:xx:6c:24 IDLE => INCOMING_SSP
shim::legacy::btm  2026-08-24 19:23:24.071 SEC    Pairing state changed    : xx:xx:xx:xx:6c:24 INCOMING_SSP => WAIT_LOCAL_IOCAPS
shim::legacy::btm  2026-08-24 19:23:24.622 SEC    Pairing state changed    : xx:xx:xx:xx:6c:24 WAIT_LOCAL_IOCAPS => WAIT_NUM_CONFIRM
shim::legacy::btm  2026-08-24 19:23:24.623 CBACK  Bond state changed       : xx:xx:xx:xx:6c:24 bt_status:success bond_state:1 reason:HCI_ERR_AUTH_FAILURE
shim::legacy::btm  2026-08-24 19:23:24.623 API    Ssp reply                : xx:xx:xx:xx:6c:24 originator:remote variant:2 accept:Y le:F numeric_comparison:F
shim::legacy::btm  2026-08-24 19:23:24.623 SEC    Confirm reply            : xx:xx:xx:xx:6c:24 status:BTM_SUCCESS
shim::legacy::btm  2026-08-24 19:23:24.623 SEC    Pairing state changed    : xx:xx:xx:xx:6c:24 WAIT_NUM_CONFIRM => WAIT_AUTH_COMPLETE
shim::legacy::btm  2026-08-24 19:23:25.213 SEC    Pairing state changed    : xx:xx:xx:xx:6c:24 WAIT_AUTH_COMPLETE => IDLE
shim::legacy::btm  2026-08-24 19:23:25.214 CBACK  Bond state changed       : xx:xx:xx:xx:6c:24 bt_status:success bond_state:0 reason:HCI_SUCCESS
shim::legacy::btm  2026-08-24 19:23:25.237 SEC    Encryption success       : xx:xx:xx:xx:6c:24 status:HCI_SUCCESS transport:BT_TRANSPORT_BR_EDR is_encrypted:T
shim::legacy::btm  2026-08-24 19:23:30.626 ACL    Connection request       : xx:xx:xx:xx:8d:51 
shim::legacy::btm  2026-08-24 19:23:30.798 ACL    Connection successful    : xx:xx:xx:xx:8d:51 classic Remote initiated
shim::legacy::btm  2026-08-24 19:23:30.798 ACL    Role change              : xx:xx:xx:xx:8d:51 classic New_role:CENTRAL status:SUCCESS
shim::legacy::btm  2026-08-24 19:23:30.972 ACL    Disconnected             : xx:xx:xx:xx:6c:24 classic reason:REMOTE_USER_TERMINATED_CONNECTION
shim::legacy::btm  2026-08-24 19:23:31.154 SEC    Encryption success       : xx:xx:xx:xx:8d:51 status:HCI_SUCCESS transport:BT_TRANSPORT_BR_EDR is_encrypted:T
shim::legacy::btm  2026-08-24 19:23:31.184 ACL    Sniff subrating          : xx:xx:xx:xx:8d:51 max_latency:0.75 peer_timeout:0.00 local_timeout:0.00
shim::legacy::btm  2026-08-24 19:23:31.338 API    Get connection state     : xx:xx:xx:xx:8d:51 connected:T classic_encrypted:T le_encrypted:F
shim::legacy::btm  2026-08-24 19:23:32.387 API    Get connection state     : xx:xx:xx:xx:8d:51 connected:T classic_encrypted:T le_encrypted:F
shim::legacy::btm  2026-08-24 19:23:38.437 ACL    Sniff subrating          : xx:xx:xx:xx:8d:51 max_latency:0.75 peer_timeout:0.00 local_timeout:0.00
shim::legacy::btm  2026-08-24 19:23:39.105 SCO    Connecting               : xx:xx:xx:xx:8d:51 local initiated acl:0x0008
shim::legacy::btm  2026-08-24 19:23:39.172 SCO    Connection created       : xx:xx:xx:xx:8d:51 sco_idx:0 handle:0x000a 
shim::legacy::btm  2026-08-24 19:23:39.172 SCO    Connection success       : xx:xx:xx:xx:8d:51 handle:0x000a initiator
shim::legacy::btm  2026-08-24 19:23:39.172 ACL    Sniff subrating          : xx:xx:xx:xx:8d:51 max_latency:0.00 peer_timeout:0.00 local_timeout:0.00
shim::legacy::btm  2026-08-24 19:23:39.184 ACL    Sniff subrating          : xx:xx:xx:xx:8d:51 max_latency:0.00 peer_timeout:0.00 local_timeout:0.00
shim::legacy::btm  2026-08-24 19:23:39.196 ACL    Sniff subrating          : xx:xx:xx:xx:8d:51 max_latency:0.00 peer_timeout:0.00 local_timeout:0.00
shim::legacy::btm  2026-08-24 19:23:39.208 ACL    Sniff subrating          : xx:xx:xx:xx:8d:51 max_latency:0.00 peer_timeout:0.00 local_timeout:0.00
shim::legacy::btm  2026-08-24 19:23:40.024 API    Get connection state     : xx:xx:xx:xx:8d:51 connected:T classic_encrypted:T le_encrypted:F
shim::legacy::btm  2026-08-24 19:23:44.709 API    Get connection state     : xx:xx:xx:xx:8d:51 connected:T classic_encrypted:T le_encrypted:F
shim::legacy::btm  2026-08-24 19:23:46.346 API    Get connection state     : xx:xx:xx:xx:8d:51 connected:T classic_encrypted:T le_encrypted:F
shim::legacy::btm  2026-08-24 19:23:46.348 API    Get connection state     : xx:xx:xx:xx:8d:51 connected:T classic_encrypted:T le_encrypted:F
shim::legacy::btm  2026-08-24 19:23:46.350 API    Get connection state     : xx:xx:xx:xx:8d:51 connected:T classic_encrypted:T le_encrypted:F
shim::legacy::btm  2026-08-24 19:28:35.251 SCO    Disconnected             : xx:xx:xx:xx:8d:51 handle:0x000a reason:HCI_ERR_CONNECTION_TOUT
shim::legacy::btm  2026-08-24 19:28:35.251 ACL    Sniff subrating          : xx:xx:xx:xx:8d:51 max_latency:0.75 peer_timeout:0.00 local_timeout:0.00
shim::legacy::btm  2026-08-24 19:28:35.251 ACL    Disconnected             : xx:xx:xx:xx:8d:51 classic reason:CONNECTION_TIMEOUT
shim::legacy::btm  2026-08-24 19:28:35.254 API    Get connection state     : xx:xx:xx:xx:8d:51 connected:F classic_encrypted:F le_encrypted:F
shim::legacy::btm  2026-08-24 19:28:35.341 API    Get connection state     : xx:xx:xx:xx:8d:51 connected:F classic_encrypted:F le_encrypted:F
shim::legacy::btm  2026-08-24 19:28:35.344 API    Get connection state     : xx:xx:xx:xx:8d:51 connected:F classic_encrypted:F le_encrypted:F
shim::legacy::btm  2026-08-24 19:28:35.833 API    Get connection state     : xx:xx:xx:xx:8d:51 connected:F classic_encrypted:F le_encrypted:F
shim::legacy::btm  2026-08-24 19:33:34.807 ACL    Connection request       : xx:xx:xx:xx:6c:24 
shim::legacy::btm  2026-08-24 19:33:34.984 ACL    Connection successful    : xx:xx:xx:xx:6c:24 classic Remote initiated
shim::legacy::btm  2026-08-24 19:33:34.984 ACL    Role change              : xx:xx:xx:xx:6c:24 classic New_role:CENTRAL status:SUCCESS
shim::legacy::btm  2026-08-24 19:33:35.649 SEC    Pairing state changed    : xx:xx:xx:xx:6c:24 IDLE => INCOMING_SSP
shim::legacy::btm  2026-08-24 19:33:35.649 SEC    Pairing state changed    : xx:xx:xx:xx:6c:24 INCOMING_SSP => WAIT_LOCAL_IOCAPS
shim::legacy::btm  2026-08-24 19:33:36.146 SEC    Pairing state changed    : xx:xx:xx:xx:6c:24 WAIT_LOCAL_IOCAPS => WAIT_NUM_CONFIRM
shim::legacy::btm  2026-08-24 19:33:36.146 CBACK  Bond state changed       : xx:xx:xx:xx:6c:24 bt_status:success bond_state:1 reason:HCI_SUCCESS
shim::legacy::btm  2026-08-24 19:33:36.146 API    Ssp reply                : xx:xx:xx:xx:6c:24 originator:remote variant:2 accept:Y le:F numeric_comparison:F
shim::legacy::btm  2026-08-24 19:33:36.146 SEC    Confirm reply            : xx:xx:xx:xx:6c:24 status:BTM_SUCCESS
shim::legacy::btm  2026-08-24 19:33:36.146 SEC    Pairing state changed    : xx:xx:xx:xx:6c:24 WAIT_NUM_CONFIRM => WAIT_AUTH_COMPLETE
shim::legacy::btm  2026-08-24 19:33:36.709 ACL    Disconnection initiated  : xx:xx:xx:xx:6c:24 classic reason:HCI_ERR_AUTH_FAILURE comment:stack::btm::btm_sec::btm_simple_pair_complete Auth fail
shim::legacy::btm  2026-08-24 19:33:36.711 ACL    Disconnected             : xx:xx:xx:xx:6c:24 classic reason:REMOTE_DEVICE_TERMINATED_CONNECTION_POWER_OFF
shim::legacy::btm  2026-08-24 19:33:36.711 SEC    Pairing state changed    : xx:xx:xx:xx:6c:24 WAIT_AUTH_COMPLETE => IDLE
shim::legacy::btm  2026-08-24 19:33:36.712 CBACK  Bond state changed       : xx:xx:xx:xx:6c:24 bt_status:failure bond_state:0 reason:HCI_ERR_AUTH_FAILURE
shim::legacy::btm  2026-08-24 19:33:41.833 ACL    Connection request       : xx:xx:xx:xx:6c:24 
shim::legacy::btm  2026-08-24 19:33:41.995 ACL    Connection successful    : xx:xx:xx:xx:6c:24 classic Remote initiated
shim::legacy::btm  2026-08-24 19:33:41.996 ACL    Role change              : xx:xx:xx:xx:6c:24 classic New_role:CENTRAL status:SUCCESS
shim::legacy::btm  2026-08-24 19:33:42.319 SEC    Pairing state changed    : xx:xx:xx:xx:6c:24 IDLE => INCOMING_SSP
shim::legacy::btm  2026-08-24 19:33:42.319 SEC    Pairing state changed    : xx:xx:xx:xx:6c:24 INCOMING_SSP => WAIT_LOCAL_IOCAPS
shim::legacy::btm  2026-08-24 19:33:42.893 ACL    Disconnected             : xx:xx:xx:xx:6c:24 classic reason:REMOTE_USER_TERMINATED_CONNECTION
shim::legacy::btm  2026-08-24 19:33:42.894 SEC    Pairing state changed    : xx:xx:xx:xx:6c:24 WAIT_LOCAL_IOCAPS => IDLE
shim::legacy::btm  2026-08-24 19:33:48.235 ACL    Connection request       : xx:xx:xx:xx:6c:24 
shim::legacy::btm  2026-08-24 19:33:48.398 ACL    Connection successful    : xx:xx:xx:xx:6c:24 classic Remote initiated
shim::legacy::btm  2026-08-24 19:33:48.399 ACL    Role change              : xx:xx:xx:xx:6c:24 classic New_role:CENTRAL status:SUCCESS
shim::legacy::btm  2026-08-24 19:33:48.703 SEC    Pairing state changed    : xx:xx:xx:xx:6c:24 IDLE => INCOMING_SSP
shim::legacy::btm  2026-08-24 19:33:48.703 SEC    Pairing state changed    : xx:xx:xx:xx:6c:24 INCOMING_SSP => WAIT_LOCAL_IOCAPS
shim::legacy::btm  2026-08-24 19:33:49.134 SEC    Pairing state changed    : xx:xx:xx:xx:6c:24 WAIT_LOCAL_IOCAPS => WAIT_NUM_CONFIRM
shim::legacy::btm  2026-08-24 19:33:49.135 CBACK  Bond state changed       : xx:xx:xx:xx:6c:24 bt_status:success bond_state:1 reason:HCI_ERR_AUTH_FAILURE
shim::legacy::btm  2026-08-24 19:33:49.135 API    Ssp reply                : xx:xx:xx:xx:6c:24 originator:remote variant:2 accept:Y le:F numeric_comparison:F
shim::legacy::btm  2026-08-24 19:33:49.135 SEC    Confirm reply            : xx:xx:xx:xx:6c:24 status:BTM_SUCCESS
shim::legacy::btm  2026-08-24 19:33:49.135 SEC    Pairing state changed    : xx:xx:xx:xx:6c:24 WAIT_NUM_CONFIRM => WAIT_AUTH_COMPLETE
shim::legacy::btm  2026-08-24 19:33:49.750 SEC    Pairing state changed    : xx:xx:xx:xx:6c:24 WAIT_AUTH_COMPLETE => IDLE
shim::legacy::btm  2026-08-24 19:33:49.750 CBACK  Bond state changed       : xx:xx:xx:xx:6c:24 bt_status:success bond_state:0 reason:HCI_SUCCESS
shim::legacy::btm  2026-08-24 19:33:49.772 SEC    Encryption success       : xx:xx:xx:xx:6c:24 status:HCI_SUCCESS transport:BT_TRANSPORT_BR_EDR is_encrypted:T
shim::legacy::btm  2026-08-24 19:33:55.000 ACL    Disconnected             : xx:xx:xx:xx:6c:24 classic reason:REMOTE_USER_TERMINATED_CONNECTION
shim::legacy::btm  2026-08-24 19:33:55.272 ACL    Connection request       : xx:xx:xx:xx:8d:51 
shim::legacy::btm  2026-08-24 19:33:55.461 ACL    Connection successful    : xx:xx:xx:xx:8d:51 classic Remote initiated
shim::legacy::btm  2026-08-24 19:33:55.462 ACL    Role change              : xx:xx:xx:xx:8d:51 classic New_role:CENTRAL status:SUCCESS
shim::legacy::btm  2026-08-24 19:33:55.789 SEC    Encryption success       : xx:xx:xx:xx:8d:51 status:HCI_SUCCESS transport:BT_TRANSPORT_BR_EDR is_encrypted:T
shim::legacy::btm  2026-08-24 19:33:55.819 ACL    Sniff subrating          : xx:xx:xx:xx:8d:51 max_latency:0.75 peer_timeout:0.00 local_timeout:0.00
shim::legacy::btm  2026-08-24 19:33:55.994 API    Get connection state     : xx:xx:xx:xx:8d:51 connected:T classic_encrypted:T le_encrypted:F
shim::legacy::btm  2026-08-24 19:33:57.059 API    Get connection state     : xx:xx:xx:xx:8d:51 connected:T classic_encrypted:T le_encrypted:F
shim::legacy::btm  2026-08-24 19:34:02.440 ACL    Sniff subrating          : xx:xx:xx:xx:8d:51 max_latency:0.75 peer_timeout:0.00 local_timeout:0.00
shim::legacy::btm  2026-08-24 19:34:02.952 SCO    Connecting               : xx:xx:xx:xx:8d:51 local initiated acl:0x000e
shim::legacy::btm  2026-08-24 19:34:03.043 SCO    Connection created       : xx:xx:xx:xx:8d:51 sco_idx:0 handle:0x0010 
shim::legacy::btm  2026-08-24 19:34:03.043 SCO    Connection success       : xx:xx:xx:xx:8d:51 handle:0x0010 initiator
shim::legacy::btm  2026-08-24 19:34:03.043 ACL    Sniff subrating          : xx:xx:xx:xx:8d:51 max_latency:0.00 peer_timeout:0.00 local_timeout:0.00
shim::legacy::btm  2026-08-24 19:34:03.046 ACL    Sniff subrating          : xx:xx:xx:xx:8d:51 max_latency:0.00 peer_timeout:0.00 local_timeout:0.00
shim::legacy::btm  2026-08-24 19:34:03.076 ACL    Sniff subrating          : xx:xx:xx:xx:8d:51 max_latency:0.00 peer_timeout:0.00 local_timeout:0.00
shim::legacy::btm  2026-08-24 19:34:03.108 ACL    Sniff subrating          : xx:xx:xx:xx:8d:51 max_latency:0.00 peer_timeout:0.00 local_timeout:0.00
shim::legacy::btm  2026-08-24 19:34:03.115 ACL    Sniff subrating          : xx:xx:xx:xx:8d:51 max_latency:0.00 peer_timeout:0.00 local_timeout:0.00
shim::legacy::btm  2026-08-24 19:34:04.068 API    Get connection state     : xx:xx:xx:xx:8d:51 connected:T classic_encrypted:T le_encrypted:F
shim::legacy::btm  2026-08-24 19:34:08.568 API    Get connection state     : xx:xx:xx:xx:8d:51 connected:T classic_encrypted:T le_encrypted:F
shim::legacy::btm  2026-08-24 19:34:10.997 API    Get connection state     : xx:xx:xx:xx:8d:51 connected:T classic_encrypted:T le_encrypted:F
shim::legacy::btm  2026-08-24 19:34:10.998 API    Get connection state     : xx:xx:xx:xx:8d:51 connected:T classic_encrypted:T le_encrypted:F
shim::legacy::btm  2026-08-24 19:34:11.000 API    Get connection state     : xx:xx:xx:xx:8d:51 connected:T classic_encrypted:T le_encrypted:F
 ----- Filtering as Developer -----
{
  title: "----- Gd Dumpsys ------",
  init_flags: {
    values: [
      {
        flag: "always_send_services_if_gatt_disc_done",
        value: "true"
      },
      {
        flag: "always_use_private_gatt_for_debugging",
        value: "false"
      },
      {
        flag: "asha_packet_drop_frequency_threshold",
        value: "60"
      },
      {
        flag: "asha_phy_update_retry_limit",
        value: "5"
      },
      {
        flag: "att_mtu_default",
        value: "517"
      },
      {
        flag: "bluetooth_quality_report_callback",
        value: "true"
      },
      {
        flag: "bta_dm_clear_conn_id_on_client_close",
        value: "true"
      },
      {
        flag: "bta_dm_stop_discovery_on_search_cancel",
        value: "false"
      },
      {
        flag: "btm_dm_flush_discovery_queue_on_search_cancel",
        value: "false"
      },
      {
        flag: "classic_discovery_only",
        value: "false"
      },
      {
        flag: "clear_hidd_interrupt_cid_on_disconnect",
        value: "true"
      },
      {
        flag: "default_log_level",
        value: "4"
      },
      {
        flag: "delay_hidh_cleanup_until_hidh_ready_start",
        value: "true"
      },
      {
        flag: "device_iot_config_logging",
        value: "false"
      },
      {
        flag: "dynamic_avrcp_version_enhancement",
        value: "true"
      },
      {
        flag: "encryption_in_busy_state",
        value: "true"
      },
      {
        flag: "gatt_robust_caching_client",
        value: "true"
      },
      {
        flag: "gatt_robust_caching_server",
        value: "false"
      },
      {
        flag: "gd_l2cap",
        value: "false"
      },
      {
        flag: "hci_adapter",
        value: "0"
      },
      {
        flag: "hfp_dynamic_version",
        value: "true"
      },
      {
        flag: "irk_rotation",
        value: "false"
      },
      {
        flag: "leaudio_enable_health_based_actions",
        value: "false"
      },
      {
        flag: "leaudio_targeted_announcement_reconnection_mode",
        value: "true"
      },
      {
        flag: "logging_explicit_tag_settings",
        value: "{}"
      },
      {
        flag: "pass_phy_update_callback",
        value: "true"
      },
      {
        flag: "pbap_pse_dynamic_version_upgrade",
        value: "false"
      },
      {
        flag: "periodic_advertising_adi",
        value: "true"
      },
      {
        flag: "private_gatt",
        value: "true"
      },
      {
        flag: "redact_log",
        value: "true"
      },
      {
        flag: "rust_event_loop",
        value: "true"
      },
      {
        flag: "sco_codec_select_lc3",
        value: "true"
      },
      {
        flag: "sco_codec_timeout_clear",
        value: "false"
      },
      {
        flag: "sdp_return_classic_services_when_le_discovery_fails",
        value: "true"
      },
      {
        flag: "sdp_serialization",
        value: "true"
      },
      {
        flag: "sdp_skip_rnr_if_known",
        value: "true"
      },
      {
        flag: "set_min_encryption",
        value: "true"
      },
      {
        flag: "subrating",
        value: "true"
      },
      {
        flag: "trigger_advertising_callbacks_on_first_resume_after_pause",
        value: "true"
      },
      {
        flag: "use_rsi_from_cached_inqiry_results",
        value: "false"
      },
      {
        flag: "use_unified_connection_manager",
        value: "false"
      }
    ]
  },
  wakelock_manager_data: {
    title: "Bluetooth Wakelock Statistics",
    is_acquired: false,
    is_native: true,
    acquired_count: 1,
    released_count: 1,
    acquired_error_count: 0,
    released_error_count: 0,
    last_acquire_error_code: 0,
    last_release_error_code: 0,
    last_acquired_timestamp_millis: 1004,
    last_released_timestamp_millis: 413502886,
    last_interval_millis: 1004,
    max_interval_millis: 1004,
    min_interval_millis: 1004,
    avg_interval_millis: 1004,
    total_interval_millis: 1004,
    total_time_since_reset_millis: 18213646
  },
  shim_dumpsys_data: {
    title: "----- Shim Dumpsys -----",
    number_of_bundled_schemas: 7
  },
  hci_acl_manager_dumpsys_data: {
    title: "----- Acl Manager Dumpsys -----",
    le_filter_accept_list_count: 3,
    le_filter_accept_list: [
      "e2:90:f0:da:33:f9[RANDOM_DEVICE_ADDRESS]",
      "e2:90:f0:da:33:fa[RANDOM_DEVICE_ADDRESS]",
      "a0:ad:9f:73:6c:24[PUBLIC_DEVICE_ADDRESS]"
    ],
    le_connectability_state: "ConnectabilityState::ARMED",
    le_create_connection_timeout_alarms_count: 0
  },
  hci_controller_dumpsys_data: {
    title: "----- Hci Controller Dumpsys -----",
    local_version_information: {
      hci_version: "V_5_3",
      hci_revision: 0,
      lmp_version: "V_5_3",
      manufacturer_name: 29,
      lmp_subversion: 26274
    },
    acl_buffer_size: {
      data_packet_length: 1024,
      total_num_packets: 8
    },
    sco_buffer_size: {
      data_packet_length: 240,
      total_num_packets: 4
    },
    iso_buffer_size: {
      data_packet_length: 310,
      total_num_packets: 22
    },
    le_buffer_size: {
      data_packet_length: 251,
      total_num_packets: 16
    },
    le_connect_list_size: 128,
    le_resolving_list_size: 32,
    le_maximum_data_length: {
      supported_max_tx_octets: 251,
      supported_max_tx_time: 17040,
      supported_max_rx_octets: 251,
      supported_max_rx_time: 17040
    },
    le_maximum_advertising_data_length: 1650,
    le_suggested_default_data_length: 27,
    le_number_supported_advertising_sets: 16,
    le_periodic_advertiser_list_size: 3,
    local_supported_commands: [
      {
        index: 0,
        value: 255
      },
      {
        index: 1,
        value: 255
      },
      {
        index: 2,
        value: 255
      },
      {
        index: 3,
        value: 3
      },
      {
        index: 4,
        value: 206
      },
      {
        index: 5,
        value: 255
      },
      {
        index: 6,
        value: 239
      },
      {
        index: 7,
        value: 255
      },
      {
        index: 8,
        value: 255
      },
      {
        index: 9,
        value: 255
      },
      {
        index: 10,
        value: 255
      },
      {
        index: 11,
        value: 31
      },
      {
        index: 12,
        value: 242
      },
      {
        index: 13,
        value: 15
      },
      {
        index: 14,
        value: 232
      },
      {
        index: 15,
        value: 254
      },
      {
        index: 16,
        value: 63
      },
      {
        index: 17,
        value: 247
      },
      {
        index: 18,
        value: 131
      },
      {
        index: 19,
        value: 255
      },
      {
        index: 20,
        value: 28
      },
      {
        index: 21,
        value: 0
      },
      {
        index: 22,
        value: 4
      },
      {
        index: 23,
        value: 0
      },
      {
        index: 24,
        value: 97
      },
      {
        index: 25,
        value: 255
      },
      {
        index: 26,
        value: 255
      },
      {
        index: 27,
        value: 255
      },
      {
        index: 28,
        value: 127
      },
      {
        index: 29,
        value: 56
      },
      {
        index: 30,
        value: 32
      },
      {
        index: 31,
        value: 245
      },
      {
        index: 32,
        value: 255
      },
      {
        index: 33,
        value: 240
      },
      {
        index: 34,
        value: 255
      },
      {
        index: 35,
        value: 255
      },
      {
        index: 36,
        value: 255
      },
      {
        index: 37,
        value: 255
      },
      {
        index: 38,
        value: 255
      },
      {
        index: 39,
        value: 23
      },
      {
        index: 40,
        value: 224
      },
      {
        index: 41,
        value: 239
      },
      {
        index: 42,
        value: 255
      },
      {
        index: 43,
        value: 255
      },
      {
        index: 44,
        value: 255
      },
      {
        index: 45,
        value: 255
      },
      {
        index: 46,
        value: 0
      },
      {
        index: 47,
        value: 0
      },
      {
        index: 48,
        value: 0
      },
      {
        index: 49,
        value: 0
      },
      {
        index: 50,
        value: 0
      },
      {
        index: 51,
        value: 0
      },
      {
        index: 52,
        value: 0
      },
      {
        index: 53,
        value: 0
      },
      {
        index: 54,
        value: 0
      },
      {
        index: 55,
        value: 0
      },
      {
        index: 56,
        value: 0
      },
      {
        index: 57,
        value: 0
      },
      {
        index: 58,
        value: 0
      },
      {
        index: 59,
        value: 0
      },
      {
        index: 60,
        value: 0
      },
      {
        index: 61,
        value: 0
      },
      {
        index: 62,
        value: 0
      },
      {
        index: 63,
        value: 0
      }
    ],
    extended_lmp_features_array: [
      9753459619217276671,
      2,
      853
    ],
    le_local_supported_features: 614163675647,
    le_supported_states: 4398046511103,
    vendor_capabilities: {
      is_supported: 1,
      max_advt_instances: 16,
      offloaded_resolution_of_private_address: 1,
      total_scan_results_storage: 10240,
      max_irk_list_sz: 32,
      filtering_support: 1,
      max_filter: 64,
      activity_energy_info_support: 1,
      version_supported: 98,
      total_num_of_advt_tracked: 64,
      extended_scan_support: 1,
      debug_logging_supported: 1,
      le_address_generation_offloading_support: 0,
      a2dp_source_offload_capability_mask: 31,
      bluetooth_quality_report_support: 1
    }
  }
}
