2026-08-24T19:22:53,376956260-04:00
uid=1000(admin) gid=1000(admin) groups=1000(admin),4(adm),20(dialout),24(cdrom),27(sudo),29(audio),44(video),46(plugdev),60(games),100(users),102(netdev),103(bluetooth),986(gpio),988(i2c),989(spi),992(render),996(input),999(systemd-journal),1001(lpadmin)
/dev/mmcblk0p2 ext4 ro,relatime
active
active
active
active
active
active
active
--- bridge-status ---
{
  "timestamp": 1787613773.0829422,
  "state": "SWITCHING",
  "generation": 8,
  "call": {
    "hfp_nodes_present": true
  },
  "endpoints": {
    "lark": "alsa_input.usb-Shenzhen_Hollyland_Technology_Co._Ltd_Wireless_Microphone_Wireless_Microphone-01.analog-stereo",
    "hfp_source": "bluez_input.5C_33_7B_CB_BF_C5.0",
    "hfp_sink": "bluez_output.5C_33_7B_CB_BF_C5.1",
    "wired_output": "bluez_output.C9_5C_FD_6E_28_46.1"
  },
  "aec": {
    "enabled": true,
    "method": "webrtc",
    "rate": 48000,
    "channels": 1,
    "node_latency_frames": 1920,
    "play_delay_frames": null,
    "verified": true,
    "module_backend": "native-pw-cli",
    "owner_pid": 102224
  },
  "graph": {
    "expected_links": [
      [
        "bridge.aec.source",
        "input.bridge.mic"
      ],
      [
        "output.bridge.mic",
        "bluez_output.5C_33_7B_CB_BF_C5.1"
      ],
      [
        "bluez_input.5C_33_7B_CB_BF_C5.0",
        "input.bridge.callout"
      ],
      [
        "output.bridge.callout",
        "bridge.aec.sink"
      ],
      [
        "alsa_input.usb-Shenzhen_Hollyland_Technology_Co._Ltd_Wireless_Microphone_Wireless_Microphone-01.analog-stereo",
        "echo-cancel-capture"
      ],
      [
        "echo-cancel-playback",
        "bluez_output.C9_5C_FD_6E_28_46.1"
      ]
    ],
    "missing_links": [
      [
        "echo-cancel-playback",
        "bluez_output.C9_5C_FD_6E_28_46.1"
      ]
    ],
    "unexpected_links": []
  },
  "attempts": 0,
  "last_failure": null,
  "config_path": "/home/admin/rpi-lark-bridge/config/bridge.toml",
  "system": {
    "temperature_c": 60.69,
    "mem_available_kib": 515724,
    "throttled": "throttled=0x0",
    "arm_clock": "frequency(48)=1200000000"
  },
  "output": {
    "candidates": [
      {
        "id": "wired:alsa_output.platform-3f00b840.mailbox.stereo-fallback",
        "kind": "wired",
        "label": "Built-in Audio Stereo",
        "node": "alsa_output.platform-3f00b840.mailbox.stereo-fallback",
        "present": true,
        "connected": true,
        "adapter": null,
        "adapter_address": null,
        "address": null,
        "setup_state": "ready"
      },
      {
        "id": "a2dp:C9:5C:FD:6E:28:46",
        "kind": "a2dp",
        "label": "Boombox",
        "node": "bluez_output.C9_5C_FD_6E_28_46.1",
        "present": true,
        "connected": true,
        "adapter": "hci1",
        "adapter_address": "A0:AD:9F:73:6C:24",
        "address": "C9:5C:FD:6E:28:46",
        "setup_state": "ready"
      },
      {
        "id": "a2dp:50:D7:1B:74:34:D6",
        "kind": "a2dp",
        "label": "iWorld",
        "node": null,
        "present": false,
        "connected": false,
        "adapter": "hci1",
        "adapter_address": "A0:AD:9F:73:6C:24",
        "address": "50:D7:1B:74:34:D6",
        "setup_state": "ready"
      },
      {
        "id": "a2dp:98:47:44:CD:73:DE",
        "kind": "a2dp",
        "label": "Soundcore Space A40",
        "node": null,
        "present": false,
        "connected": false,
        "adapter": "hci1",
        "adapter_address": "A0:AD:9F:73:6C:24",
        "address": "98:47:44:CD:73:DE",
        "setup_state": "ready"
      }
    ],
    "chosen": {
      "id": "a2dp:C9:5C:FD:6E:28:46",
      "kind": "a2dp",
      "label": "Boombox",
      "node": "bluez_output.C9_5C_FD_6E_28_46.1",
      "present": true,
      "connected": true,
      "adapter": "hci1",
      "adapter_address": "A0:AD:9F:73:6C:24",
      "address": "C9:5C:FD:6E:28:46",
      "setup_state": "ready"
    },
    "reason": "desired output is available",
    "desired_id": "a2dp:C9:5C:FD:6E:28:46",
    "desired_available": true
  },
  "mode": "bluetooth-wired"
}
--- storage-health ---
{"config_slot":"a","config_source":"slot-a","mount":"/dev/mmcblk0p3 mounted ext4,rw","pairing_action":"live-valid","pairing_slot":null,"persistent":true,"reasons":[],"schema":1,"seed_action":"existing","state":"READY"}
--- active-config-sha256 ---
8d8bb69020a246879ad94fac3736f54367e5b31e838b8a6751c57e867a5a06f4  /home/admin/rpi-lark-bridge/config/bridge.toml
--- durable-configs ---
8d8bb69020a246879ad94fac3736f54367e5b31e838b8a6751c57e867a5a06f4  /var/lib/larkbridge-persist/config/slot-a/bridge.toml
7a0ea39c6144d352e889d4f541adf9afcbcffa5e78f3036b4e9ddda22c7bbde2  /var/lib/larkbridge-persist/config/slot-b/bridge.toml
--- a40-hci0 ---
NAME               TYPE      SIGNATURE RESULT/VALUE                                                                                                                                                                                                                                                                                                                                                                                                                                                                                                                                                                                                FLAGS
.CancelPairing     method    -         -                                                                                                                                                                                                                                                                                                                                                                                                                                                                                                                                                                                                           -
.Connect           method    -         -                                                                                                                                                                                                                                                                                                                                                                                                                                                                                                                                                                                                           -
.ConnectProfile    method    s         -                                                                                                                                                                                                                                                                                                                                                                                                                                                                                                                                                                                                           -
.Disconnect        method    -         -                                                                                                                                                                                                                                                                                                                                                                                                                                                                                                                                                                                                           -
.DisconnectProfile method    s         -                                                                                                                                                                                                                                                                                                                                                                                                                                                                                                                                                                                                           -
.Pair              method    -         -                                                                                                                                                                                                                                                                                                                                                                                                                                                                                                                                                                                                           -
.Adapter           property  o         "/org/bluez/hci0"                                                                                                                                                                                                                                                                                                                                                                                                                                                                                                                                                                                           emits-change
.Address           property  s         "98:47:44:CD:73:DE"                                                                                                                                                                                                                                                                                                                                                                                                                                                                                                                                                                                         emits-change
.AddressType       property  s         "public"                                                                                                                                                                                                                                                                                                                                                                                                                                                                                                                                                                                                    emits-change
.AdvertisingData   property  a{yv}     -                                                                                                                                                                                                                                                                                                                                                                                                                                                                                                                                                                                                           emits-change
.AdvertisingFlags  property  ay        -                                                                                                                                                                                                                                                                                                                                                                                                                                                                                                                                                                                                           emits-change
.Alias             property  s         "Soundcore Space A40"                                                                                                                                                                                                                                                                                                                                                                                                                                                                                                                                                                                       emits-change writable
.Appearance        property  q         -                                                                                                                                                                                                                                                                                                                                                                                                                                                                                                                                                                                                           emits-change
.Blocked           property  b         false                                                                                                                                                                                                                                                                                                                                                                                                                                                                                                                                                                                                       emits-change writable
.Bonded            property  b         true                                                                                                                                                                                                                                                                                                                                                                                                                                                                                                                                                                                                        emits-change
.Class             property  u         2393092                                                                                                                                                                                                                                                                                                                                                                                                                                                                                                                                                                                                     emits-change
.Connected         property  b         false                                                                                                                                                                                                                                                                                                                                                                                                                                                                                                                                                                                                       emits-change
.Icon              property  s         "audio-headset"                                                                                                                                                                                                                                                                                                                                                                                                                                                                                                                                                                                             emits-change
.LegacyPairing     property  b         false                                                                                                                                                                                                                                                                                                                                                                                                                                                                                                                                                                                                       emits-change
.ManufacturerData  property  a{qv}     -                                                                                                                                                                                                                                                                                                                                                                                                                                                                                                                                                                                                           emits-change
.Modalias          property  s         -                                                                                                                                                                                                                                                                                                                                                                                                                                                                                                                                                                                                           emits-change
.Name              property  s         "Soundcore Space A40"                                                                                                                                                                                                                                                                                                                                                                                                                                                                                                                                                                                       emits-change
.Paired            property  b         true                                                                                                                                                                                                                                                                                                                                                                                                                                                                                                                                                                                                        emits-change
.RSSI              property  n         -                                                                                                                                                                                                                                                                                                                                                                                                                                                                                                                                                                                                           emits-change
.ServiceData       property  a{sv}     -                                                                                                                                                                                                                                                                                                                                                                                                                                                                                                                                                                                                           emits-change
.ServicesResolved  property  b         false                                                                                                                                                                                                                                                                                                                                                                                                                                                                                                                                                                                                       emits-change
.Sets              property  a{oa{sv}} -                                                                                                                                                                                                                                                                                                                                                                                                                                                                                                                                                                                                           emits-change
.Trusted           property  b         false                                                                                                                                                                                                                                                                                                                                                                                                                                                                                                                                                                                                       emits-change writable
.TxPower           property  n         -                                                                                                                                                                                                                                                                                                                                                                                                                                                                                                                                                                                                           emits-change
.UUIDs             property  as        15 "00000000-0000-1000-8000-00805f9b34fb" "00001000-0000-1000-8000-00805f9b34fb" "00001101-0000-1000-8000-00805f9b34fb" "0000110b-0000-1000-8000-00805f9b34fb" "0000110c-0000-1000-8000-00805f9b34fb" "0000110d-0000-1000-8000-00805f9b34fb" "0000110e-0000-1000-8000-00805f9b34fb" "0000110f-0000-1000-8000-00805f9b34fb" "0000111e-0000-1000-8000-00805f9b34fb" "0000112e-0000-1000-8000-00805f9b34fb" "00001203-0000-1000-8000-00805f9b34fb" "00007034-0000-1000-8000-00805f9b34fb" "00007056-0000-1000-8000-00805f9b34fb" "0cf12d31-fac3-4553-bd80-d6832e7b3936" "df21fe2c-2515-4fdb-8886-f12c4d67927c" emits-change
.WakeAllowed       property  b         -                                                                                                                                                                                                                                                                                                                                                                                                                                                                                                                                                                                                           emits-change writable
--- a40-hci1 ---
NAME               TYPE      SIGNATURE RESULT/VALUE                                                                                                                                                                                                                                                                                                                                                                                                                                                                                                                                                                                                FLAGS
.CancelPairing     method    -         -                                                                                                                                                                                                                                                                                                                                                                                                                                                                                                                                                                                                           -
.Connect           method    -         -                                                                                                                                                                                                                                                                                                                                                                                                                                                                                                                                                                                                           -
.ConnectProfile    method    s         -                                                                                                                                                                                                                                                                                                                                                                                                                                                                                                                                                                                                           -
.Disconnect        method    -         -                                                                                                                                                                                                                                                                                                                                                                                                                                                                                                                                                                                                           -
.DisconnectProfile method    s         -                                                                                                                                                                                                                                                                                                                                                                                                                                                                                                                                                                                                           -
.Pair              method    -         -                                                                                                                                                                                                                                                                                                                                                                                                                                                                                                                                                                                                           -
.Adapter           property  o         "/org/bluez/hci1"                                                                                                                                                                                                                                                                                                                                                                                                                                                                                                                                                                                           emits-change
.Address           property  s         "98:47:44:CD:73:DE"                                                                                                                                                                                                                                                                                                                                                                                                                                                                                                                                                                                         emits-change
.AddressType       property  s         "public"                                                                                                                                                                                                                                                                                                                                                                                                                                                                                                                                                                                                    emits-change
.AdvertisingData   property  a{yv}     -                                                                                                                                                                                                                                                                                                                                                                                                                                                                                                                                                                                                           emits-change
.AdvertisingFlags  property  ay        -                                                                                                                                                                                                                                                                                                                                                                                                                                                                                                                                                                                                           emits-change
.Alias             property  s         "Soundcore Space A40"                                                                                                                                                                                                                                                                                                                                                                                                                                                                                                                                                                                       emits-change writable
.Appearance        property  q         -                                                                                                                                                                                                                                                                                                                                                                                                                                                                                                                                                                                                           emits-change
.Blocked           property  b         false                                                                                                                                                                                                                                                                                                                                                                                                                                                                                                                                                                                                       emits-change writable
.Bonded            property  b         true                                                                                                                                                                                                                                                                                                                                                                                                                                                                                                                                                                                                        emits-change
.Class             property  u         2393092                                                                                                                                                                                                                                                                                                                                                                                                                                                                                                                                                                                                     emits-change
.Connected         property  b         false                                                                                                                                                                                                                                                                                                                                                                                                                                                                                                                                                                                                       emits-change
.Icon              property  s         "audio-headset"                                                                                                                                                                                                                                                                                                                                                                                                                                                                                                                                                                                             emits-change
.LegacyPairing     property  b         false                                                                                                                                                                                                                                                                                                                                                                                                                                                                                                                                                                                                       emits-change
.ManufacturerData  property  a{qv}     -                                                                                                                                                                                                                                                                                                                                                                                                                                                                                                                                                                                                           emits-change
.Modalias          property  s         -                                                                                                                                                                                                                                                                                                                                                                                                                                                                                                                                                                                                           emits-change
.Name              property  s         "Soundcore Space A40"                                                                                                                                                                                                                                                                                                                                                                                                                                                                                                                                                                                       emits-change
.Paired            property  b         true                                                                                                                                                                                                                                                                                                                                                                                                                                                                                                                                                                                                        emits-change
.RSSI              property  n         -                                                                                                                                                                                                                                                                                                                                                                                                                                                                                                                                                                                                           emits-change
.ServiceData       property  a{sv}     -                                                                                                                                                                                                                                                                                                                                                                                                                                                                                                                                                                                                           emits-change
.ServicesResolved  property  b         false                                                                                                                                                                                                                                                                                                                                                                                                                                                                                                                                                                                                       emits-change
.Sets              property  a{oa{sv}} -                                                                                                                                                                                                                                                                                                                                                                                                                                                                                                                                                                                                           emits-change
.Trusted           property  b         true                                                                                                                                                                                                                                                                                                                                                                                                                                                                                                                                                                                                        emits-change writable
.TxPower           property  n         -                                                                                                                                                                                                                                                                                                                                                                                                                                                                                                                                                                                                           emits-change
.UUIDs             property  as        15 "00001000-0000-1000-8000-00805f9b34fb" "00001101-0000-1000-8000-00805f9b34fb" "0000110b-0000-1000-8000-00805f9b34fb" "0000110c-0000-1000-8000-00805f9b34fb" "0000110e-0000-1000-8000-00805f9b34fb" "0000110f-0000-1000-8000-00805f9b34fb" "0000111e-0000-1000-8000-00805f9b34fb" "0000112e-0000-1000-8000-00805f9b34fb" "00001133-0000-1000-8000-00805f9b34fb" "00001200-0000-1000-8000-00805f9b34fb" "00001203-0000-1000-8000-00805f9b34fb" "00007034-0000-1000-8000-00805f9b34fb" "00007056-0000-1000-8000-00805f9b34fb" "0cf12d31-fac3-4553-bd80-d6832e7b3936" "df21fe2c-2515-4fdb-8886-f12c4d67927c" emits-change
.WakeAllowed       property  b         -                                                                                                                                                                                                                                                                                                                                                                                                                                                                                                                                                                                                           emits-change writable
--- bluez-tree ---
└─ /org
  └─ /org/bluez
    ├─ /org/bluez/hci0
    │ ├─ /org/bluez/hci0/dev_50_D7_1B_74_34_D6
    │ ├─ /org/bluez/hci0/dev_5C_33_7B_CB_BF_C5
    │ └─ /org/bluez/hci0/dev_98_47_44_CD_73_DE
    ├─ /org/bluez/hci1
    │ ├─ /org/bluez/hci1/dev_50_D7_1B_74_34_D6
    │ ├─ /org/bluez/hci1/dev_98_47_44_CD_73_DE
    │ └─ /org/bluez/hci1/dev_C9_5C_FD_6E_28_46
    │   ├─ /org/bluez/hci1/dev_C9_5C_FD_6E_28_46/fd20
    │   ├─ /org/bluez/hci1/dev_C9_5C_FD_6E_28_46/sep1
    │   └─ /org/bluez/hci1/dev_C9_5C_FD_6E_28_46/sep2
    └─ /org/bluez/test
--- pipewire-status ---
PipeWire 'pipewire-0' [1.4.2, admin@larkbridge, cookie:4055611032]
 └─ Clients:
        34. pipewire                            [1.4.2, admin@larkbridge, pid:601]
        49. WirePlumber [export]                [1.4.2, admin@larkbridge, pid:72615]
       116. pw-loopback                         [1.4.2, admin@larkbridge, pid:102302]
       120. WirePlumber                         [1.4.2, admin@larkbridge, pid:72615]
       129. pw-cli                              [1.4.2, admin@larkbridge, pid:102224]
       136. pw-cli                              [1.4.2, admin@larkbridge, pid:102224]
       144. pw-loopback                         [1.4.2, admin@larkbridge, pid:102301]
       150. wpctl                               [1.4.2, admin@larkbridge, pid:102817]

Audio
 ├─ Devices:
 │      33. alsa_card.usb-Shenzhen_Hollyland_Technology_Co._Ltd_Wireless_Microphone_Wireless_Microphone-01 [alsa]
 │      45. alsa_card.platform-3f00b840.mailbox [alsa]
 │      78. alsa_card.platform-3f902000.hdmi    [alsa]
 │      87. bluez_card.5C_33_7B_CB_BF_C5        [bluez5]
 │     118. bluez_card.C9_5C_FD_6E_28_46        [bluez5]
 │  
 ├─ Sinks:
 │      60. alsa_output.platform-3f00b840.mailbox.stereo-fallback [vol: 0.85]
 │  *   61. bluez_output.C9_5C_FD_6E_28_46.1    [vol: 0.40]
 │  
 ├─ Sources:
 │  *   53. alsa_input.usb-Shenzhen_Hollyland_Technology_Co._Ltd_Wireless_Microphone_Wireless_Microphone-01.analog-stereo [vol: 1.00]
 │  
 ├─ Filters:
 │    - echo-cancel-102224-22                                       
 │      66. echo-cancel-capture                                          [Stream/Input/Audio]
 │      97. bridge.aec.sink                                              [Audio/Sink]
 │     106. bridge.aec.source                                            [Audio/Source]
 │     112. echo-cancel-playback                                         [Stream/Output/Audio]
 │    - loopback-102301-20                                          
 │      86. output.bridge.callout                                        [Stream/Output/Audio]
 │     119. input.bridge.callout                                         [Stream/Input/Audio]
 │    - loopback-102302-20                                          
 │     100. input.bridge.mic                                             [Stream/Input/Audio]
 │     109. output.bridge.mic                                            [Stream/Output/Audio]
 │  
 └─ Streams:
        89. bluez_input.5C_33_7B_CB_BF_C5.0                             
             98. output_FL       > Boombox:playback_FL	[active]
            117. output_FR       > bridge.callout:input_FR	[active]
       148. bluez_output.5C_33_7B_CB_BF_C5.1                            
            108. input_FR        < bridge.mic:output_FR	[active]
            121. monitor_FL     
            133. monitor_FR     
            158. input_FL        < bridge.mic:output_FL	[active]

Video
 ├─ Devices:
 │      36. v4l2_device.platform-3f00b840.mailbox [v4l2]
 │      37. v4l2_device.platform-3f00b840.mailbox [v4l2]
 │      38. v4l2_device.platform-3f00b840.mailbox [v4l2]
 │      39. v4l2_device.platform-3f00b840.mailbox [v4l2]
 │      43. v4l2_device.platform-3f00b840.mailbox [v4l2]
 │      50. v4l2_device.platform-3f00b840.mailbox [v4l2]
 │      58. v4l2_device.platform-3f00b840.mailbox [v4l2]
 │      67. v4l2_device.platform-3f00b840.mailbox [v4l2]
 │      69. v4l2_device.platform-3f00b840.mailbox [v4l2]
 │      77. v4l2_device.platform-3f00b840.mailbox [v4l2]
 │      79. v4l2_device.platform-3f00b840.mailbox [v4l2]
 │      80. v4l2_device.platform-3f00b840.mailbox [v4l2]
 │     114. v4l2_device.platform-3f00b840.mailbox [v4l2]
 │  
 ├─ Sinks:
 │  
 ├─ Sources:
 │      57. v4l2_input.platform-3f00b840.mailbox
 │  *   63. v4l2_input.platform-3f00b840.mailbox
 │     105. v4l2_input.platform-3f00b840.mailbox
 │     155. v4l2_input.platform-3f00b840.mailbox
 │  
 ├─ Filters:
 │  
 └─ Streams:

Settings
 └─ Default Configured Devices:
--- pipewire-graph ---
[
  {
    "id": 0,
    "type": "PipeWire:Interface:Core",
    "version": 4,
    "permissions": [ "r", "x", "m" ],
    "info": {
      "cookie": 4055611032,
      "user-name": "admin",
      "host-name": "larkbridge",
      "version": "1.4.2",
      "name": "pipewire-0",
      "change-mask": [ "props" ],
      "props": {
        "application.language": "en_GB.UTF-8",
        "application.name": "pipewire",
        "application.process.binary": "pipewire",
        "application.process.host": "larkbridge",
        "application.process.id": 597,
        "application.process.user": "admin",
        "clock.power-of-two-quantum": true,
        "config.name": "pipewire.conf",
        "core.daemon": true,
        "core.name": "pipewire-0",
        "cpu.max-align": 16,
        "default.clock.allowed-rates": "[ 48000 ]",
        "default.clock.max-quantum": 2048,
        "default.clock.min-quantum": 256,
        "default.clock.quantum": 2048,
        "default.clock.quantum-floor": 4,
        "default.clock.quantum-limit": 8192,
        "default.clock.rate": 48000,
        "default.video.height": 480,
        "default.video.rate.denom": 1,
        "default.video.rate.num": 25,
        "default.video.width": 640,
        "link.max-buffers": 16,
        "log.level": 2,
        "mem.allow-mlock": true,
        "mem.warn-mlock": false,
        "object.id": 0,
        "object.serial": 0,
        "resample.disable": false,
        "resample.quality": 4,
        "settings.check-quantum": false,
        "settings.check-rate": false
      }
    }
  },
  {
    "id": 1,
    "type": "PipeWire:Interface:Module",
    "version": 3,
    "permissions": [ "r", "m" ],
    "info": {
      "name": "libpipewire-module-rt",
      "filename": "/usr/lib/aarch64-linux-gnu/pipewire-0.3/libpipewire-module-rt.so",
      "args": "{\n            nice.level    = -11\n            rt.prio       = 88\n            #rt.time.soft = -1\n            #rt.time.hard = -1\n            #uclamp.min = 0\n            #uclamp.max = 1024\n        }",
      "change-mask": [ "props" ],
      "props": {
        "module.author": "Wim Taymans <wim.taymans@gmail.com>",
        "module.description": "Use realtime thread scheduling, falling back to RTKit",
        "module.name": "libpipewire-module-rt",
        "module.usage": "( nice.level=<priority: default 20(don't change)> ) ( rt.prio=<priority: default 83> ) ( rt.time.soft=<in usec: default -1> ) ( rt.time.hard=<in usec: default -1> ) ( rlimits.enabled=<default true> ) ( rtportal.enabled=<default true> ) ( rtkit.enabled=<default true> ) ( uclamp.min=<default 0> ) ( uclamp.max=<default 1024> )",
        "module.version": "1.4.2",
        "nice.level": -11,
        "object.id": 1,
        "object.serial": 1,
        "rt.prio": 88
      }
    }
  },
  {
    "id": 3,
    "type": "PipeWire:Interface:SecurityContext",
    "version": 3,
    "permissions": [ "r", "w", "x" ],
    "props": {
      "object.serial": 3
    }
  },
  {
    "id": 2,
    "type": "PipeWire:Interface:Module",
    "version": 3,
    "permissions": [ "r", "m" ],
    "info": {
      "name": "libpipewire-module-protocol-native",
      "filename": "/usr/lib/aarch64-linux-gnu/pipewire-0.3/libpipewire-module-protocol-native.so",
      "args": "{\n            # List of server Unix sockets, and optionally permissions\n            #sockets = [ { name = \"pipewire-0\" }, { name = \"pipewire-0-manager\" } ]\n        }",
      "change-mask": [ "props" ],
      "props": {
        "module.author": "Wim Taymans <wim.taymans@gmail.com>",
        "module.description": "Native protocol using unix sockets",
        "module.name": "libpipewire-module-protocol-native",
        "module.version": "1.4.2",
        "object.id": 2,
        "object.serial": 2
      }
    }
  },
  {
    "id": 5,
    "type": "PipeWire:Interface:Profiler",
    "version": 3,
    "permissions": [ "r" ],
    "props": {
      "object.serial": 5
    }
  },
  {
    "id": 4,
    "type": "PipeWire:Interface:Module",
    "version": 3,
    "permissions": [ "r", "m" ],
    "info": {
      "name": "libpipewire-module-profiler",
      "filename": "/usr/lib/aarch64-linux-gnu/pipewire-0.3/libpipewire-module-profiler.so",
      "args": "{\n            #profile.interval.ms = 0\n        }",
      "change-mask": [ "props" ],
      "props": {
        "module.author": "Wim Taymans <wim.taymans@gmail.com>",
        "module.description": "Generate Profiling data",
        "module.name": "libpipewire-module-profiler",
        "module.usage": "( profile.interval.ms=<minimum interval for sampling data (in ms) ) ",
        "module.version": "1.4.2",
        "object.id": 4,
        "object.serial": 4
      }
    }
  },
  {
    "id": 6,
    "type": "PipeWire:Interface:Module",
    "version": 3,
    "permissions": [ "r", "m" ],
    "info": {
      "name": "libpipewire-module-metadata",
      "filename": "/usr/lib/aarch64-linux-gnu/pipewire-0.3/libpipewire-module-metadata.so",
      "args": null,
      "change-mask": [ "props" ],
      "props": {
        "module.author": "Wim Taymans <wim.taymans@gmail.com>",
        "module.description": "Allow clients to create metadata store",
        "module.name": "libpipewire-module-metadata",
        "module.version": "1.4.2",
        "object.id": 6,
        "object.serial": 6
      }
    }
  },
  {
    "id": 7,
    "type": "PipeWire:Interface:Factory",
    "version": 3,
    "permissions": [ "r", "m" ],
    "info": {
      "name": "metadata",
      "type": "PipeWire:Interface:Metadata",
      "version": 3,
      "change-mask": [ "props" ],
      "props": {
        "factory.name": "metadata",
        "factory.type.name": "PipeWire:Interface:Metadata",
        "factory.type.version": 3,
        "factory.usage": "(metadata.name = <name> ) (metadata.values = [    { ( id = <int> ) key = <string> ( type = <string> ) value = <json> }    ...  ] )",
        "module.id": 6,
        "object.id": 7,
        "object.serial": 7
      }
    }
  },
  {
    "id": 8,
    "type": "PipeWire:Interface:Module",
    "version": 3,
    "permissions": [ "r", "m" ],
    "info": {
      "name": "libpipewire-module-spa-device-factory",
      "filename": "/usr/lib/aarch64-linux-gnu/pipewire-0.3/libpipewire-module-spa-device-factory.so",
      "args": null,
      "change-mask": [ "props" ],
      "props": {
        "module.author": "Wim Taymans <wim.taymans@gmail.com>",
        "module.description": "Provide a factory to make SPA devices",
        "module.name": "libpipewire-module-spa-device-factory",
        "module.version": "1.4.2",
        "object.id": 8,
        "object.serial": 8
      }
    }
  },
  {
    "id": 9,
    "type": "PipeWire:Interface:Factory",
    "version": 3,
    "permissions": [ "r", "m" ],
    "info": {
      "name": "spa-device-factory",
      "type": "PipeWire:Interface:Device",
      "version": 3,
      "change-mask": [ "props" ],
      "props": {
        "factory.name": "spa-device-factory",
        "factory.type.name": "PipeWire:Interface:Device",
        "factory.type.version": 3,
        "module.id": 8,
        "object.id": 9,
        "object.serial": 9
      }
    }
  },
  {
    "id": 10,
    "type": "PipeWire:Interface:Module",
    "version": 3,
    "permissions": [ "r", "m" ],
    "info": {
      "name": "libpipewire-module-spa-node-factory",
      "filename": "/usr/lib/aarch64-linux-gnu/pipewire-0.3/libpipewire-module-spa-node-factory.so",
      "args": null,
      "change-mask": [ "props" ],
      "props": {
        "module.author": "Wim Taymans <wim.taymans@gmail.com>",
        "module.description": "Provide a factory to make SPA nodes",
        "module.name": "libpipewire-module-spa-node-factory",
        "module.version": "1.4.2",
        "object.id": 10,
        "object.serial": 10
      }
    }
  },
  {
    "id": 11,
    "type": "PipeWire:Interface:Factory",
    "version": 3,
    "permissions": [ "r", "m" ],
    "info": {
      "name": "spa-node-factory",
      "type": "PipeWire:Interface:Node",
      "version": 3,
      "change-mask": [ "props" ],
      "props": {
        "factory.name": "spa-node-factory",
        "factory.type.name": "PipeWire:Interface:Node",
        "factory.type.version": 3,
        "module.id": 10,
        "object.id": 11,
        "object.serial": 11
      }
    }
  },
  {
    "id": 12,
    "type": "PipeWire:Interface:Module",
    "version": 3,
    "permissions": [ "r", "m" ],
    "info": {
      "name": "libpipewire-module-client-node",
      "filename": "/usr/lib/aarch64-linux-gnu/pipewire-0.3/libpipewire-module-client-node.so",
      "args": null,
      "change-mask": [ "props" ],
      "props": {
        "module.author": "Wim Taymans <wim.taymans@gmail.com>",
        "module.description": "Allow clients to create and control remote nodes",
        "module.name": "libpipewire-module-client-node",
        "module.version": "1.4.2",
        "object.id": 12,
        "object.serial": 12
      }
    }
  },
  {
    "id": 13,
    "type": "PipeWire:Interface:Factory",
    "version": 3,
    "permissions": [ "r", "m" ],
    "info": {
      "name": "client-node",
      "type": "PipeWire:Interface:ClientNode",
      "version": 6,
      "change-mask": [ "props" ],
      "props": {
        "factory.name": "client-node",
        "factory.type.name": "PipeWire:Interface:ClientNode",
        "factory.type.version": 6,
        "module.id": 12,
        "object.id": 13,
        "object.serial": 13
      }
    }
  },
  {
    "id": 14,
    "type": "PipeWire:Interface:Module",
    "version": 3,
    "permissions": [ "r", "m" ],
    "info": {
      "name": "libpipewire-module-client-device",
      "filename": "/usr/lib/aarch64-linux-gnu/pipewire-0.3/libpipewire-module-client-device.so",
      "args": null,
      "change-mask": [ "props" ],
      "props": {
        "module.author": "Wim Taymans <wim.taymans@gmail.com>",
        "module.description": "Allow clients to create and control remote devices",
        "module.name": "libpipewire-module-client-device",
        "module.version": "1.4.2",
        "object.id": 14,
        "object.serial": 14
      }
    }
  },
  {
    "id": 15,
    "type": "PipeWire:Interface:Factory",
    "version": 3,
    "permissions": [ "r", "m" ],
    "info": {
      "name": "client-device",
      "type": "Spa:Pointer:Interface:Device",
      "version": 0,
      "change-mask": [ "props" ],
      "props": {
        "factory.name": "client-device",
        "factory.type.name": "Spa:Pointer:Interface:Device",
        "factory.type.version": 0,
        "factory.usage": "[device.name=<string>]",
        "module.id": 14,
        "object.id": 15,
        "object.serial": 15
      }
    }
  },
  {
    "id": 16,
    "type": "PipeWire:Interface:Module",
    "version": 3,
    "permissions": [ "r", "m" ],
    "info": {
      "name": "libpipewire-module-portal",
      "filename": "/usr/lib/aarch64-linux-gnu/pipewire-0.3/libpipewire-module-portal.so",
      "args": null,
      "change-mask": [ "props" ],
      "props": {
        "module.name": "libpipewire-module-portal",
        "object.id": 16,
        "object.serial": 16
      }
    }
  },
  {
    "id": 17,
    "type": "PipeWire:Interface:Module",
    "version": 3,
    "permissions": [ "r", "m" ],
    "info": {
      "name": "libpipewire-module-access",
      "filename": "/usr/lib/aarch64-linux-gnu/pipewire-0.3/libpipewire-module-access.so",
      "args": "{\n            # Socket-specific access permissions\n            #access.socket = { pipewire-0 = \"default\", pipewire-0-manager = \"unrestricted\" }\n\n            # Deprecated legacy mode (not socket-based),\n            # for now enabled by default if access.socket is not specified\n            #access.legacy = true\n        }",
      "change-mask": [ "props" ],
      "props": {
        "module.author": "Wim Taymans <wim.taymans@gmail.com>",
        "module.description": "Perform access check",
        "module.name": "libpipewire-module-access",
        "module.usage": "( access.socket={ <socket>=<access>, ... } ) ( access.legacy=true ) ",
        "module.version": "1.4.2",
        "object.id": 17,
        "object.serial": 17
      }
    }
  },
  {
    "id": 18,
    "type": "PipeWire:Interface:Module",
    "version": 3,
    "permissions": [ "r", "m" ],
    "info": {
      "name": "libpipewire-module-adapter",
      "filename": "/usr/lib/aarch64-linux-gnu/pipewire-0.3/libpipewire-module-adapter.so",
      "args": null,
      "change-mask": [ "props" ],
      "props": {
        "module.author": "Wim Taymans <wim.taymans@gmail.com>",
        "module.description": "Manage adapter nodes",
        "module.name": "libpipewire-module-adapter",
        "module.version": "1.4.2",
        "object.id": 18,
        "object.serial": 18
      }
    }
  },
  {
    "id": 19,
    "type": "PipeWire:Interface:Factory",
    "version": 3,
    "permissions": [ "r", "m" ],
    "info": {
      "name": "adapter",
      "type": "PipeWire:Interface:Node",
      "version": 3,
      "change-mask": [ "props" ],
      "props": {
        "factory.name": "adapter",
        "factory.type.name": "PipeWire:Interface:Node",
        "factory.type.version": 3,
        "factory.usage": "factory.name=<factory-name> (library.name=<library-name>) node.name=<string> ",
        "module.id": 18,
        "object.id": 19,
        "object.serial": 19
      }
    }
  },
  {
    "id": 20,
    "type": "PipeWire:Interface:Module",
    "version": 3,
    "permissions": [ "r", "m" ],
    "info": {
      "name": "libpipewire-module-link-factory",
      "filename": "/usr/lib/aarch64-linux-gnu/pipewire-0.3/libpipewire-module-link-factory.so",
      "args": "{\n            #allow.link.passive = false\n\t}",
      "change-mask": [ "props" ],
      "props": {
        "module.author": "Wim Taymans <wim.taymans@gmail.com>",
        "module.description": "Allow clients to create links",
        "module.name": "libpipewire-module-link-factory",
        "module.usage": "( allow.link.passive=<bool, default false> ) ",
        "module.version": "1.4.2",
        "object.id": 20,
        "object.serial": 20
      }
    }
  },
  {
    "id": 21,
    "type": "PipeWire:Interface:Factory",
    "version": 3,
    "permissions": [ "r", "m" ],
    "info": {
      "name": "link-factory",
      "type": "PipeWire:Interface:Link",
      "version": 3,
      "change-mask": [ "props" ],
      "props": {
        "factory.name": "link-factory",
        "factory.type.name": "PipeWire:Interface:Link",
        "factory.type.version": 3,
        "factory.usage": "(link.output.node=<output-node>) (link.output.port=<output-port>) (link.input.node=<input-node>) (link.input.port=<input-port>) (object.linger=<bool>) (link.passive=<bool>)",
        "module.id": 20,
        "object.id": 21,
        "object.serial": 21
      }
    }
  },
  {
    "id": 22,
    "type": "PipeWire:Interface:Module",
    "version": 3,
    "permissions": [ "r", "m" ],
    "info": {
      "name": "libpipewire-module-session-manager",
      "filename": "/usr/lib/aarch64-linux-gnu/pipewire-0.3/libpipewire-module-session-manager.so",
      "args": null,
      "change-mask": [ "props" ],
      "props": {
        "module.author": "George Kiagiadakis <george.kiagiadakis@collabora.com>",
        "module.description": "Implements objects for session management",
        "module.name": "libpipewire-module-session-manager",
        "module.version": "1.4.2",
        "object.id": 22,
        "object.serial": 22
      }
    }
  },
  {
    "id": 23,
    "type": "PipeWire:Interface:Factory",
    "version": 3,
    "permissions": [ "r", "m" ],
    "info": {
      "name": "client-endpoint",
      "type": "PipeWire:Interface:ClientEndpoint",
      "version": 0,
      "change-mask": [ "props" ],
      "props": {
        "factory.name": "client-endpoint",
        "factory.type.name": "PipeWire:Interface:ClientEndpoint",
        "factory.type.version": 0,
        "module.id": 22,
        "object.id": 23,
        "object.serial": 23
      }
    }
  },
  {
    "id": 24,
    "type": "PipeWire:Interface:Factory",
    "version": 3,
    "permissions": [ "r", "m" ],
    "info": {
      "name": "client-session",
      "type": "PipeWire:Interface:ClientSession",
      "version": 0,
      "change-mask": [ "props" ],
      "props": {
        "factory.name": "client-session",
        "factory.type.name": "PipeWire:Interface:ClientSession",
        "factory.type.version": 0,
        "module.id": 22,
        "object.id": 24,
        "object.serial": 24
      }
    }
  },
  {
    "id": 25,
    "type": "PipeWire:Interface:Factory",
    "version": 3,
    "permissions": [ "r", "m" ],
    "info": {
      "name": "session",
      "type": "PipeWire:Interface:Session",
      "version": 0,
      "change-mask": [ "props" ],
      "props": {
        "factory.name": "session",
        "factory.type.name": "PipeWire:Interface:Session",
        "factory.type.version": 0,
        "module.id": 22,
        "object.id": 25,
        "object.serial": 25
      }
    }
  },
  {
    "id": 26,
    "type": "PipeWire:Interface:Factory",
    "version": 3,
    "permissions": [ "r", "m" ],
    "info": {
      "name": "endpoint",
      "type": "PipeWire:Interface:Endpoint",
      "version": 0,
      "change-mask": [ "props" ],
      "props": {
        "factory.name": "endpoint",
        "factory.type.name": "PipeWire:Interface:Endpoint",
        "factory.type.version": 0,
        "module.id": 22,
        "object.id": 26,
        "object.serial": 26
      }
    }
  },
  {
    "id": 27,
    "type": "PipeWire:Interface:Factory",
    "version": 3,
    "permissions": [ "r", "m" ],
    "info": {
      "name": "endpoint-stream",
      "type": "PipeWire:Interface:EndpointStream",
      "version": 0,
      "change-mask": [ "props" ],
      "props": {
        "factory.name": "endpoint-stream",
        "factory.type.name": "PipeWire:Interface:EndpointStream",
        "factory.type.version": 0,
        "module.id": 22,
        "object.id": 27,
        "object.serial": 27
      }
    }
  },
  {
    "id": 28,
    "type": "PipeWire:Interface:Factory",
    "version": 3,
    "permissions": [ "r", "m" ],
    "info": {
      "name": "endpoint-link",
      "type": "PipeWire:Interface:EndpointLink",
      "version": 0,
      "change-mask": [ "props" ],
      "props": {
        "factory.name": "endpoint-link",
        "factory.type.name": "PipeWire:Interface:EndpointLink",
        "factory.type.version": 0,
        "module.id": 22,
        "object.id": 28,
        "object.serial": 28
      }
    }
  },
  {
    "id": 29,
    "type": "PipeWire:Interface:Module",
    "version": 3,
    "permissions": [ "r", "m" ],
    "info": {
      "name": "libpipewire-module-jackdbus-detect",
      "filename": "/usr/lib/aarch64-linux-gnu/pipewire-0.3/libpipewire-module-jackdbus-detect.so",
      "args": "{\n            #jack.library     = libjack.so.0\n            #jack.server      = null\n            #jack.client-name = PipeWire\n            #jack.connect     = true\n            #tunnel.mode      = duplex  # source|sink|duplex\n            source.props = {\n                #audio.channels = 2\n\t\t#midi.ports = 1\n                #audio.position = [ FL FR ]\n                # extra sink properties\n            }\n            sink.props = {\n                #audio.channels = 2\n\t\t#midi.ports = 1\n                #audio.position = [ FL FR ]\n                # extra sink properties\n            }\n        }",
      "change-mask": [ "props" ],
      "props": {
        "module.name": "libpipewire-module-jackdbus-detect",
        "object.id": 29,
        "object.serial": 29
      }
    }
  },
  {
    "id": 30,
    "type": "PipeWire:Interface:Node",
    "version": 3,
    "permissions": [ "r", "w", "x", "m" ],
    "info": {
      "max-input-ports": 0,
      "max-output-ports": 0,
      "change-mask": [ "input-ports", "output-ports", "state", "props", "params" ],
      "n-input-ports": 0,
      "n-output-ports": 0,
      "state": "suspended",
      "error": null,
      "props": {
        "clock.id": "monotonic",
        "clock.name": "clock.system.monotonic",
        "clock.quantum-limit": 8192,
        "factory.id": 11,
        "factory.name": "support.node.driver",
        "node.driver": true,
        "node.group": "pipewire.dummy",
        "node.loop.name": "data-loop.0",
        "node.name": "Dummy-Driver",
        "node.sync-group": "sync.dummy",
        "object.id": 30,
        "object.serial": 30,
        "priority.driver": 200000
      },
      "params": {
      }
    }
  },
  {
    "id": 31,
    "type": "PipeWire:Interface:Node",
    "version": 3,
    "permissions": [ "r", "w", "x", "m" ],
    "info": {
      "max-input-ports": 0,
      "max-output-ports": 0,
      "change-mask": [ "input-ports", "output-ports", "state", "props", "params" ],
      "n-input-ports": 0,
      "n-output-ports": 0,
      "state": "suspended",
      "error": null,
      "props": {
        "clock.id": "monotonic",
        "clock.name": "clock.system.monotonic",
        "clock.quantum-limit": 8192,
        "factory.id": 11,
        "factory.name": "support.node.driver",
        "node.driver": true,
        "node.freewheel": true,
        "node.group": "pipewire.freewheel",
        "node.loop.name": "data-loop.0",
        "node.name": "Freewheel-Driver",
        "node.sync-group": "sync.dummy",
        "object.id": 31,
        "object.serial": 31,
        "priority.driver": 190000
      },
      "params": {
      }
    }
  },
  {
    "id": 32,
    "type": "PipeWire:Interface:Metadata",
    "version": 3,
    "permissions": [ "r", "w", "x" ],
    "props": {
      "metadata.name": "settings",
      "object.serial": 32
    },
    "metadata": [
      { "subject": 0, "key": "log.level", "type": "", "value": 2 },
      { "subject": 0, "key": "clock.rate", "type": "", "value": 48000 },
      { "subject": 0, "key": "clock.allowed-rates", "type": "", "value": "[ 48000 ]" },
      { "subject": 0, "key": "clock.quantum", "type": "", "value": 2048 },
      { "subject": 0, "key": "clock.min-quantum", "type": "", "value": 256 },
      { "subject": 0, "key": "clock.max-quantum", "type": "", "value": 2048 },
      { "subject": 0, "key": "clock.force-quantum", "type": "", "value": 0 },
      { "subject": 0, "key": "clock.force-rate", "type": "", "value": 0 }
    ]
  },
  {
    "id": 34,
    "type": "PipeWire:Interface:Client",
    "version": 3,
    "permissions": [ "r", "w", "x", "m" ],
    "info": {
      "change-mask": [ "props" ],
      "props": {
        "application.language": "en_GB.UTF-8",
        "application.name": "pipewire",
        "application.process.binary": "pipewire",
        "application.process.host": "larkbridge",
        "application.process.id": 601,
        "application.process.user": "admin",
        "clock.power-of-two-quantum": true,
        "config.name": "pipewire-pulse.conf",
        "core.name": "pipewire-admin-601",
        "core.version": "1.4.2",
        "cpu.max-align": 16,
        "default.clock.max-quantum": 2048,
        "default.clock.min-quantum": 32,
        "default.clock.quantum": 1024,
        "default.clock.quantum-floor": 4,
        "default.clock.quantum-limit": 8192,
        "default.clock.rate": 48000,
        "default.video.height": 480,
        "default.video.rate.denom": 1,
        "default.video.rate.num": 25,
        "default.video.width": 640,
        "link.max-buffers": 64,
        "log.level": 2,
        "mem.allow-mlock": true,
        "mem.warn-mlock": false,
        "module.id": 2,
        "object.id": 34,
        "object.serial": 34,
        "pipewire.access": "unrestricted",
        "pipewire.protocol": "protocol-native",
        "pipewire.sec.gid": 1000,
        "pipewire.sec.pid": 601,
        "pipewire.sec.socket": "pipewire-0",
        "pipewire.sec.uid": 1000,
        "settings.check-quantum": false,
        "settings.check-rate": false
      }
    }
  },
  {
    "id": 120,
    "type": "PipeWire:Interface:Client",
    "version": 3,
    "permissions": [ "r", "w", "x", "m" ],
    "info": {
      "change-mask": [ "props" ],
      "props": {
        "application.language": "en_GB.UTF-8",
        "application.name": "WirePlumber",
        "application.process.binary": "wireplumber",
        "application.process.host": "larkbridge",
        "application.process.id": 72615,
        "application.process.user": "admin",
        "application.version": "0.5.8",
        "clock.power-of-two-quantum": true,
        "config.name": "null",
        "context.modules.allow-empty": true,
        "core.name": "pipewire-admin-72615",
        "core.version": "1.4.2",
        "cpu.max-align": 16,
        "default.clock.max-quantum": 2048,
        "default.clock.min-quantum": 32,
        "default.clock.quantum": 1024,
        "default.clock.quantum-floor": 4,
        "default.clock.quantum-limit": 8192,
        "default.clock.rate": 48000,
        "default.video.height": 480,
        "default.video.rate.denom": 1,
        "default.video.rate.num": 25,
        "default.video.width": 640,
        "link.max-buffers": 64,
        "log.level": 2,
        "mem.allow-mlock": true,
        "mem.warn-mlock": false,
        "module.id": 2,
        "object.id": 120,
        "object.serial": 24048,
        "pipewire.access": "unrestricted",
        "pipewire.protocol": "protocol-native",
        "pipewire.sec.gid": 1000,
        "pipewire.sec.pid": 72615,
        "pipewire.sec.socket": "pipewire-0-manager",
        "pipewire.sec.uid": 1000,
        "remote.name": "[pipewire-0-manager,pipewire-0]",
        "session.services": "[api.alsa-seq, bluetooth.audio, api.bluez, policy.linking.standard, midi, bluetooth.midi, policy.linking.role-based, api.libcamera, audio, api.v4l2, video-capture, api.alsa, policy.default-nodes, policy.device.profile, policy.device.routes]",
        "settings.check-quantum": false,
        "settings.check-rate": false,
        "wireplumber.daemon": true,
        "wireplumber.profile": "main"
      }
    }
  },
  {
    "id": 131,
    "type": "PipeWire:Interface:Metadata",
    "version": 3,
    "permissions": [ "r", "w", "x" ],
    "props": {
      "client.id": 120,
      "factory.id": 7,
      "metadata.name": "schema-sm-settings",
      "module.id": 6,
      "object.serial": 24049
    },
    "metadata": [
      { "subject": 0, "key": "bluetooth.use-persistent-storage", "type": "Spa:String:JSON", "value": { "description": "Whether to use persistent BT storage or not", "type": "bool", "default": true } },
      { "subject": 0, "key": "bluetooth.autoswitch-to-headset-profile", "type": "Spa:String:JSON", "value": { "description": "Whether to autoswitch to BT headset profile or not", "type": "bool", "default": true } },
      { "subject": 0, "key": "device.restore-profile", "type": "Spa:String:JSON", "value": { "description": "Whether to restore device profile or not", "type": "bool", "default": true } },
      { "subject": 0, "key": "device.restore-routes", "type": "Spa:String:JSON", "value": { "description": "Whether to restore device routes or not", "type": "bool", "default": true } },
      { "subject": 0, "key": "device.routes.default-sink-volume", "type": "Spa:String:JSON", "value": { "description": "The default volume for sink devices", "type": "float", "default": 0.064000, "min": 0.000000, "max": 1.000000 } },
      { "subject": 0, "key": "device.routes.default-source-volume", "type": "Spa:String:JSON", "value": { "description": "The default volume for source devices", "type": "float", "default": 1.000000, "min": 0.000000, "max": 1.000000 } },
      { "subject": 0, "key": "linking.role-based.duck-level", "type": "Spa:String:JSON", "value": { "description": "The volume level to apply when ducking (= reducing volume for a higher priority stream to be audible) in the role-based linking policy", "type": "float", "default": 0.300000, "min": 0.000000, "max": 1.000000 } },
      { "subject": 0, "key": "linking.allow-moving-streams", "type": "Spa:String:JSON", "value": { "description": "Whether to allow metadata to move streams at runtime or not", "type": "bool", "default": true } },
      { "subject": 0, "key": "linking.follow-default-target", "type": "Spa:String:JSON", "value": { "description": "Whether to allow streams follow the default device or not", "type": "bool", "default": true } },
      { "subject": 0, "key": "monitor.camera-discovery-timeout", "type": "Spa:String:JSON", "value": { "description": "The camera discovery timeout in milliseconds", "type": "int", "default": 1000, "min": 0, "max": 60000 } },
      { "subject": 0, "key": "node.features.audio.no-dsp", "type": "Spa:String:JSON", "value": { "description": "Whether to never convert audio to F32 format or not", "type": "bool", "default": false } },
      { "subject": 0, "key": "node.features.audio.monitor-ports", "type": "Spa:String:JSON", "value": { "description": "Whether to enable monitor ports on audio nodes or not", "type": "bool", "default": true } },
      { "subject": 0, "key": "node.features.audio.control-port", "type": "Spa:String:JSON", "value": { "description": "Whether to enable control ports on audio nodes or not", "type": "bool", "default": false } },
      { "subject": 0, "key": "node.stream.restore-props", "type": "Spa:String:JSON", "value": { "description": "Whether to restore properties on stream nodes or not", "type": "bool", "default": true } },
      { "subject": 0, "key": "node.stream.restore-target", "type": "Spa:String:JSON", "value": { "description": "Whether to restore target on stream nodes or not", "type": "bool", "default": true } },
      { "subject": 0, "key": "node.stream.default-playback-volume", "type": "Spa:String:JSON", "value": { "description": "The default volume for playback nodes", "type": "float", "default": 1.000000, "min": 0.000000, "max": 1.000000 } },
      { "subject": 0, "key": "node.stream.default-capture-volume", "type": "Spa:String:JSON", "value": { "description": "The default volume for capture nodes", "type": "float", "default": 1.000000, "min": 0.000000, "max": 1.000000 } },
      { "subject": 0, "key": "node.stream.default-media-role", "type": "Spa:String:JSON", "value": { "description": "A media.role to assign on streams that have none specified", "type": "string", "default": "null" } },
      { "subject": 0, "key": "node.filter.forward-format", "type": "Spa:String:JSON", "value": { "description": "Whether to forward format on filter nodes or not", "type": "bool", "default": false } },
      { "subject": 0, "key": "node.restore-default-targets", "type": "Spa:String:JSON", "value": { "description": "Whether to restore default targets or not", "type": "bool", "default": true } }
    ]
  },
  {
    "id": 40,
    "type": "PipeWire:Interface:Metadata",
    "version": 3,
    "permissions": [ "r", "w", "x" ],
    "props": {
      "client.id": 120,
      "factory.id": 7,
      "metadata.name": "sm-settings",
      "module.id": 6,
      "object.serial": 24051
    },
    "metadata": [
      { "subject": 0, "key": "bluetooth.use-persistent-storage", "type": "Spa:String:JSON", "value": true },
      { "subject": 0, "key": "bluetooth.autoswitch-to-headset-profile", "type": "Spa:String:JSON", "value": false },
      { "subject": 0, "key": "device.restore-profile", "type": "Spa:String:JSON", "value": true },
      { "subject": 0, "key": "device.restore-routes", "type": "Spa:String:JSON", "value": true },
      { "subject": 0, "key": "device.routes.default-sink-volume", "type": "Spa:String:JSON", "value": 0.064000 },
      { "subject": 0, "key": "device.routes.default-source-volume", "type": "Spa:String:JSON", "value": 1.000000 },
      { "subject": 0, "key": "linking.role-based.duck-level", "type": "Spa:String:JSON", "value": 0.300000 },
      { "subject": 0, "key": "linking.allow-moving-streams", "type": "Spa:String:JSON", "value": true },
      { "subject": 0, "key": "linking.follow-default-target", "type": "Spa:String:JSON", "value": true },
      { "subject": 0, "key": "monitor.camera-discovery-timeout", "type": "Spa:String:JSON", "value": 1000 },
      { "subject": 0, "key": "node.features.audio.no-dsp", "type": "Spa:String:JSON", "value": false },
      { "subject": 0, "key": "node.features.audio.monitor-ports", "type": "Spa:String:JSON", "value": true },
      { "subject": 0, "key": "node.features.audio.control-port", "type": "Spa:String:JSON", "value": false },
      { "subject": 0, "key": "node.stream.restore-props", "type": "Spa:String:JSON", "value": true },
      { "subject": 0, "key": "node.stream.restore-target", "type": "Spa:String:JSON", "value": true },
      { "subject": 0, "key": "node.stream.default-playback-volume", "type": "Spa:String:JSON", "value": 1.000000 },
      { "subject": 0, "key": "node.stream.default-capture-volume", "type": "Spa:String:JSON", "value": 1.000000 },
      { "subject": 0, "key": "node.stream.default-media-role", "type": "Spa:String:JSON", "value": "null" },
      { "subject": 0, "key": "node.filter.forward-format", "type": "Spa:String:JSON", "value": false },
      { "subject": 0, "key": "node.restore-default-targets", "type": "Spa:String:JSON", "value": true }
    ]
  },
  {
    "id": 56,
    "type": "PipeWire:Interface:Metadata",
    "version": 3,
    "permissions": [ "r", "w", "x" ],
    "props": {
      "client.id": 120,
      "factory.id": 7,
      "metadata.name": "default",
      "module.id": 6,
      "object.serial": 24053
    },
    "metadata": [
      { "subject": 0, "key": "default.audio.sink", "type": "Spa:String:JSON", "value": { "name": "bluez_output.C9_5C_FD_6E_28_46.1" } },
      { "subject": 0, "key": "default.audio.source", "type": "Spa:String:JSON", "value": { "name": "alsa_input.usb-Shenzhen_Hollyland_Technology_Co._Ltd_Wireless_Microphone_Wireless_Microphone-01.analog-stereo" } },
      { "subject": 0, "key": "default.video.source", "type": "Spa:String:JSON", "value": { "name": "v4l2_input.platform-3f00b840.mailbox" } }
    ]
  },
  {
    "id": 49,
    "type": "PipeWire:Interface:Client",
    "version": 3,
    "permissions": [ "r", "w", "x", "m" ],
    "info": {
      "change-mask": [ "props" ],
      "props": {
        "application.language": "en_GB.UTF-8",
        "application.name": "WirePlumber [export]",
        "application.process.binary": "wireplumber",
        "application.process.host": "larkbridge",
        "application.process.id": 72615,
        "application.process.user": "admin",
        "application.version": "0.5.8",
        "clock.power-of-two-quantum": true,
        "config.name": "null",
        "context.modules.allow-empty": true,
        "core.name": "pipewire-admin-72615",
        "core.version": "1.4.2",
        "cpu.max-align": 16,
        "default.clock.max-quantum": 2048,
        "default.clock.min-quantum": 32,
        "default.clock.quantum": 1024,
        "default.clock.quantum-floor": 4,
        "default.clock.quantum-limit": 8192,
        "default.clock.rate": 48000,
        "default.video.height": 480,
        "default.video.rate.denom": 1,
        "default.video.rate.num": 25,
        "default.video.width": 640,
        "link.max-buffers": 64,
        "log.level": 2,
        "mem.allow-mlock": true,
        "mem.warn-mlock": false,
        "module.id": 2,
        "object.id": 49,
        "object.serial": 24060,
        "pipewire.access": "unrestricted",
        "pipewire.protocol": "protocol-native",
        "pipewire.sec.gid": 1000,
        "pipewire.sec.pid": 72615,
        "pipewire.sec.socket": "pipewire-0-manager",
        "pipewire.sec.uid": 1000,
        "remote.name": "[pipewire-0-manager,pipewire-0]",
        "settings.check-quantum": false,
        "settings.check-rate": false,
        "wireplumber.daemon": true,
        "wireplumber.export-core": true,
        "wireplumber.profile": "main"
      }
    }
  },
  {
    "id": 45,
    "type": "PipeWire:Interface:Device",
    "version": 3,
    "permissions": [ "r", "w", "x", "m" ],
    "info": {
      "change-mask": [ "props", "params" ],
      "props": {
        "alsa.card": 0,
        "alsa.card_name": "bcm2835 Headphones",
        "alsa.id": "Headphones",
        "alsa.long_card_name": "bcm2835 Headphones",
        "alsa.mixer_name": "Broadcom Mixer",
        "api.acp.auto-port": false,
        "api.acp.auto-profile": false,
        "api.alsa.card": 0,
        "api.alsa.card.longname": "bcm2835 Headphones",
        "api.alsa.card.name": "bcm2835 Headphones",
        "api.alsa.path": "hw:0",
        "api.alsa.split-enable": true,
        "api.alsa.use-acp": true,
        "api.dbus.ReserveDevice1": "Audio0",
        "api.dbus.ReserveDevice1.Priority": -20,
        "client.id": 49,
        "device.api": "alsa",
        "device.bus-path": "platform-3f00b840.mailbox",
        "device.description": "Built-in Audio",
        "device.enum.api": "udev",
        "device.form-factor": "internal",
        "device.icon-name": "audio-card-analog",
        "device.name": "alsa_card.platform-3f00b840.mailbox",
        "device.nick": "bcm2835 Headphones",
        "device.plugged.usec": 9864714,
        "device.string": 0,
        "device.subsystem": "sound",
        "device.sysfs.path": "/devices/platform/soc/3f00b840.mailbox/bcm2835-audio/sound/card0",
        "factory.id": 15,
        "media.class": "Audio/Device",
        "object.id": 45,
        "object.path": "alsa:acp:Headphones",
        "object.serial": 24062,
        "spa.object.id": 2
      },
      "params": {
        "EnumProfile": [
          {
            "index": 0,
            "name": "off",
            "description": "Off",
            "priority": 0,
            "available": "yes",
            "classes": [
              0
            ]
          },
          {
            "index": 1,
            "name": "output:stereo-fallback",
            "description": "Stereo Output",
            "priority": 5100,
            "available": "unknown",
            "classes": [
              1,
              [
                "Audio/Sink",
                1,
                "card.profile.devices",
                [ 1 ]
              ]
            ]
          },
          {
            "index": 2,
            "name": "pro-audio",
            "description": "Pro Audio",
            "priority": 1,
            "available": "yes",
            "classes": [
              1,
              [
                "Audio/Sink",
                1,
                "card.profile.devices",
                [ 0 ]
              ]
            ]
          }
        ],
        "Profile": [
          {
            "index": 1,
            "name": "output:stereo-fallback",
            "description": "Stereo Output",
            "priority": 5100,
            "available": "unknown",
            "classes": [
              1,
              [
                "Audio/Sink",
                1,
                "card.profile.devices",
                [ 1 ]
              ]
            ],
            "save": false
          }
        ],
        "EnumRoute": [
          {
            "index": 0,
            "direction": "Output",
            "name": "analog-output",
            "description": "Analog Output",
            "priority": 9900,
            "available": "unknown",
            "info": [
              2,
              "port.type",
              "analog",
              "card.profile.port",
              "0"
            ],
            "profiles": [ 1 ],
            "devices": [ 1 ]
          }
        ],
        "Route": [
          {
            "index": 0,
            "direction": "Output",
            "name": "analog-output",
            "description": "Analog Output",
            "priority": 9900,
            "available": "unknown",
            "info": [
              4,
              "port.type",
              "analog",
              "card.profile.port",
              "0",
              "route.hw-mute",
              "true",
              "route.hw-volume",
              "true"
            ],
            "profiles": [ 1 ],
            "device": 1,
            "props": {
              "mute": false,
              "channelVolumes": [ 0.614105, 0.614105 ],
              "volumeBase": 0.630959,
              "volumeStep": 0.000015,
              "channelMap": [ "FL", "FR" ],
              "softVolumes": [ 1.000000, 1.000000 ],
              "latencyOffsetNsec": 0
            },
            "devices": [ 1 ],
            "profile": 1,
            "save": true
          }
        ]
      }
    }
  },
  {
    "id": 78,
    "type": "PipeWire:Interface:Device",
    "version": 3,
    "permissions": [ "r", "w", "x", "m" ],
    "info": {
      "change-mask": [ "props", "params" ],
      "props": {
        "alsa.card": 2,
        "alsa.card_name": "vc4-hdmi",
        "alsa.driver_name": "vc4",
        "alsa.id": "vc4hdmi",
        "alsa.long_card_name": "vc4-hdmi",
        "api.acp.auto-port": false,
        "api.acp.auto-profile": false,
        "api.alsa.card": 2,
        "api.alsa.card.longname": "vc4-hdmi",
        "api.alsa.card.name": "vc4-hdmi",
        "api.alsa.path": "hw:2",
        "api.alsa.split-enable": true,
        "api.alsa.use-acp": true,
        "api.dbus.ReserveDevice1": "Audio2",
        "api.dbus.ReserveDevice1.Priority": -20,
        "client.id": 49,
        "device.api": "alsa",
        "device.bus-path": "platform-3f902000.hdmi",
        "device.description": "Built-in Audio",
        "device.enum.api": "udev",
        "device.form-factor": "internal",
        "device.icon-name": "audio-card-analog",
        "device.name": "alsa_card.platform-3f902000.hdmi",
        "device.nick": "vc4-hdmi",
        "device.plugged.usec": 11057922,
        "device.string": 2,
        "device.subsystem": "sound",
        "device.sysfs.path": "/devices/platform/soc/3f902000.hdmi/sound/card2",
        "factory.id": 15,
        "media.class": "Audio/Device",
        "object.id": 78,
        "object.path": "alsa:acp:vc4hdmi",
        "object.serial": 24063,
        "spa.object.id": 6
      },
      "params": {
        "EnumProfile": [
          {
            "index": 0,
            "name": "off",
            "description": "Off",
            "priority": 0,
            "available": "yes",
            "classes": [
              0
            ]
          },
          {
            "index": 1,
            "name": "pro-audio",
            "description": "Pro Audio",
            "priority": 1,
            "available": "yes",
            "classes": [
              1,
              [
                "Audio/Sink",
                1,
                "card.profile.devices",
                [ 0 ]
              ]
            ]
          }
        ],
        "Profile": [
          {
            "index": 0,
            "name": "off",
            "description": "Off",
            "priority": 0,
            "available": "yes",
            "classes": [
              0
            ],
            "save": false
          }
        ],
        "EnumRoute": [
        ],
        "Route": [
        ]
      }
    }
  },
  {
    "id": 33,
    "type": "PipeWire:Interface:Device",
    "version": 3,
    "permissions": [ "r", "w", "x", "m" ],
    "info": {
      "change-mask": [ "props", "params" ],
      "props": {
        "alsa.card": 1,
        "alsa.card_name": "Wireless Microphone",
        "alsa.components": "USB3547:0407",
        "alsa.driver_name": "snd_usb_audio",
        "alsa.id": "Microphone",
        "alsa.long_card_name": "Shenzhen Hollyland Technology Co.,Ltd Wireless Microphone at usb-3f980000.usb-1",
        "alsa.mixer_name": "USB Mixer",
        "api.acp.auto-port": false,
        "api.acp.auto-profile": false,
        "api.alsa.card": 1,
        "api.alsa.card.longname": "Shenzhen Hollyland Technology Co.,Ltd Wireless Microphone at usb-3f980000.usb-1",
        "api.alsa.card.name": "Wireless Microphone",
        "api.alsa.path": "hw:1",
        "api.alsa.split-enable": true,
        "api.alsa.use-acp": true,
        "api.dbus.ReserveDevice1": "Audio1",
        "api.dbus.ReserveDevice1.Priority": -20,
        "client.id": 49,
        "device.api": "alsa",
        "device.bus": "usb",
        "device.bus-id": "usb-Shenzhen_Hollyland_Technology_Co._Ltd_Wireless_Microphone_Wireless_Microphone-01",
        "device.bus-path": "platform-3f980000.usb-usb-0:1.3:1.1",
        "device.description": "Wireless Microphone",
        "device.enum.api": "udev",
        "device.form-factor": "microphone",
        "device.icon-name": "audio-input-microphone-analog-usb",
        "device.name": "alsa_card.usb-Shenzhen_Hollyland_Technology_Co._Ltd_Wireless_Microphone_Wireless_Microphone-01",
        "device.nick": "Wireless Microphone",
        "device.plugged.usec": 10174885,
        "device.product.id": "0x0407",
        "device.product.name": "Wireless Microphone",
        "device.serial": "Shenzhen_Hollyland_Technology_Co._Ltd_Wireless_Microphone_Wireless_Microphone",
        "device.string": 1,
        "device.subsystem": "sound",
        "device.sysfs.path": "/devices/platform/soc/3f980000.usb/usb1/1-1/1-1.3/1-1.3:1.1/sound/card1",
        "device.vendor.id": "0x3547",
        "device.vendor.name": "Shenzhen Hollyland Technology Co.,Ltd",
        "factory.id": 15,
        "media.class": "Audio/Device",
        "object.id": 33,
        "object.path": "alsa:acp:Microphone",
        "object.serial": 24064,
        "spa.object.id": 4
      },
      "params": {
        "EnumProfile": [
          {
            "index": 0,
            "name": "off",
            "description": "Off",
            "priority": 0,
            "available": "yes",
            "classes": [
              0
            ]
          },
          {
            "index": 1,
            "name": "input:analog-stereo",
            "description": "Analog Stereo Input",
            "priority": 65,
            "available": "unknown",
            "classes": [
              1,
              [
                "Audio/Source",
                1,
                "card.profile.devices",
                [ 0 ]
              ]
            ]
          },
          {
            "index": 2,
            "name": "input:iec958-stereo",
            "description": "Digital Stereo (IEC958) Input",
            "priority": 55,
            "available": "unknown",
            "classes": [
              1,
              [
                "Audio/Source",
                1,
                "card.profile.devices",
                [ 2 ]
              ]
            ]
          },
          {
            "index": 3,
            "name": "pro-audio",
            "description": "Pro Audio",
            "priority": 1,
            "available": "yes",
            "classes": [
              1,
              [
                "Audio/Source",
                1,
                "card.profile.devices",
                [ 1 ]
              ]
            ]
          }
        ],
        "Profile": [
          {
            "index": 1,
            "name": "input:analog-stereo",
            "description": "Analog Stereo Input",
            "priority": 65,
            "available": "unknown",
            "classes": [
              1,
              [
                "Audio/Source",
                1,
                "card.profile.devices",
                [ 0 ]
              ]
            ],
            "save": false
          }
        ],
        "EnumRoute": [
          {
            "index": 0,
            "direction": "Input",
            "name": "analog-input",
            "description": "Analog Input",
            "priority": 10000,
            "available": "unknown",
            "info": [
              2,
              "port.type",
              "analog",
              "card.profile.port",
              "0"
            ],
            "profiles": [ 1 ],
            "devices": [ 0 ]
          },
          {
            "index": 1,
            "direction": "Input",
            "name": "iec958-stereo-input",
            "description": "Digital Input (S/PDIF)",
            "priority": 0,
            "available": "unknown",
            "info": [
              2,
              "port.type",
              "spdif",
              "card.profile.port",
              "1"
            ],
            "profiles": [ 2 ],
            "devices": [ 2 ]
          }
        ],
        "Route": [
          {
            "index": 0,
            "direction": "Input",
            "name": "analog-input",
            "description": "Analog Input",
            "priority": 10000,
            "available": "unknown",
            "info": [
              4,
              "port.type",
              "analog",
              "card.profile.port",
              "0",
              "route.hw-mute",
              "false",
              "route.hw-volume",
              "false"
            ],
            "profiles": [ 1 ],
            "device": 0,
            "props": {
              "mute": false,
              "channelVolumes": [ 1.000000, 1.000000 ],
              "volumeBase": 1.000000,
              "volumeStep": 0.000015,
              "channelMap": [ "FL", "FR" ],
              "softVolumes": [ 1.000000, 1.000000 ],
              "latencyOffsetNsec": 0
            },
            "devices": [ 0 ],
            "profile": 1,
            "save": false
          }
        ]
      }
    }
  },
  {
    "id": 68,
    "type": "PipeWire:Interface:Node",
    "version": 3,
    "permissions": [ "r", "w", "x", "m" ],
    "info": {
      "max-input-ports": 256,
      "max-output-ports": 256,
      "change-mask": [ "input-ports", "output-ports", "state", "props", "params" ],
      "n-input-ports": 1,
      "n-output-ports": 1,
      "state": "suspended",
      "error": null,
      "props": {
        "client.id": 49,
        "clock.quantum-limit": 8192,
        "device.api": "alsa",
        "factory.id": 11,
        "factory.name": "api.alsa.seq.bridge",
        "media.class": "Midi/Bridge",
        "node.driver": true,
        "node.loop.name": "data-loop.0",
        "node.name": "Midi-Bridge",
        "object.id": 68,
        "object.serial": 24065,
        "priority.driver": 1,
        "priority.session": 100
      },
      "params": {
        "PropInfo": [
          {
            "id": "device",
            "description": "The ALSA device",
            "type": "default"
          }
        ],
        "Props": [
          {
            "device": "default"
          }
        ],
        "IO": [
          {
            "id": "Clock",
            "size": 160
          },
          {
            "id": "Position",
            "size": 1688
          }
        ]
      }
    }
  },
  {
    "id": 72,
    "type": "PipeWire:Interface:Port",
    "version": 3,
    "permissions": [ "r", "x", "m" ],
    "info": {
      "direction": "input",
      "change-mask": [ "props", "params" ],
      "props": {
        "format.dsp": "32 bit raw UMP",
        "node.id": 68,
        "object.id": 72,
        "object.path": "alsa:seq:default:client_14:playback_0",
        "object.serial": 24066,
        "port.alias": "Midi Through:Midi Through Port-0",
        "port.direction": "in",
        "port.group": "client_14",
        "port.id": 0,
        "port.name": "Midi Through Port-0 (playback)",
        "port.physical": true,
        "port.terminal": true
      },
      "params": {
        "EnumFormat": [
          {
            "mediaType": "application",
            "mediaSubtype": "control",
            "types": {
              "default": 16
            }
          }
        ],
        "Meta": [
          {
            "type": "Header",
            "size": 32
          }
        ],
        "IO": [
          {
            "id": "Buffers",
            "size": 8
          },
          {
            "id": "AsyncBuffers",
            "size": 8
          }
        ],
        "Format": [ ],
        "Buffers": [ ],
        "Latency": [
          {
            "direction": "Input",
            "minQuantum": 1.000000,
            "maxQuantum": 1.000000,
            "minRate": 0,
            "maxRate": 0,
            "minNs": 0,
            "maxNs": 0
          },
          {
            "direction": "Output",
            "minQuantum": 0.000000,
            "maxQuantum": 0.000000,
            "minRate": 0,
            "maxRate": 0,
            "minNs": 0,
            "maxNs": 0
          }
        ]
      }
    }
  },
  {
    "id": 55,
    "type": "PipeWire:Interface:Port",
    "version": 3,
    "permissions": [ "r", "x", "m" ],
    "info": {
      "direction": "output",
      "change-mask": [ "props", "params" ],
      "props": {
        "format.dsp": "32 bit raw UMP",
        "node.id": 68,
        "object.id": 55,
        "object.path": "alsa:seq:default:client_14:capture_0",
        "object.serial": 24067,
        "port.alias": "Midi Through:Midi Through Port-0",
        "port.direction": "out",
        "port.group": "client_14",
        "port.id": 0,
        "port.name": "Midi Through Port-0 (capture)",
        "port.physical": true,
        "port.terminal": true
      },
      "params": {
        "EnumFormat": [
          {
            "mediaType": "application",
            "mediaSubtype": "control",
            "types": {
              "default": 16
            }
          }
        ],
        "Meta": [
          {
            "type": "Header",
            "size": 32
          }
        ],
        "IO": [
          {
            "id": "Buffers",
            "size": 8
          },
          {
            "id": "AsyncBuffers",
            "size": 8
          }
        ],
        "Format": [ ],
        "Buffers": [ ],
        "Latency": [
          {
            "direction": "Input",
            "minQuantum": 0.000000,
            "maxQuantum": 0.000000,
            "minRate": 0,
            "maxRate": 0,
            "minNs": 0,
            "maxNs": 0
          },
          {
            "direction": "Output",
            "minQuantum": 1.000000,
            "maxQuantum": 1.000000,
            "minRate": 0,
            "maxRate": 0,
            "minNs": 0,
            "maxNs": 0
          }
        ]
      }
    }
  },
  {
    "id": 53,
    "type": "PipeWire:Interface:Node",
    "version": 3,
    "permissions": [ "r", "w", "x", "m" ],
    "info": {
      "max-input-ports": 0,
      "max-output-ports": 65,
      "change-mask": [ "input-ports", "output-ports", "state", "props", "params" ],
      "n-input-ports": 0,
      "n-output-ports": 2,
      "state": "running",
      "error": null,
      "props": {
        "alsa.card": 1,
        "alsa.card_name": "Wireless Microphone",
        "alsa.class": "generic",
        "alsa.components": "USB3547:0407",
        "alsa.device": 0,
        "alsa.driver_name": "snd_usb_audio",
        "alsa.id": "USB Audio",
        "alsa.long_card_name": "Shenzhen Hollyland Technology Co.,Ltd Wireless Microphone at usb-3f980000.usb-1",
        "alsa.mixer_name": "USB Mixer",
        "alsa.name": "USB Audio",
        "alsa.resolution_bits": 16,
        "alsa.subclass": "generic-mix",
        "alsa.subdevice": 0,
        "alsa.subdevice_name": "subdevice #0",
        "alsa.sync.id": "00000000:00000000:00000000:00000000",
        "api.alsa.card.longname": "Shenzhen Hollyland Technology Co.,Ltd Wireless Microphone at usb-3f980000.usb-1",
        "api.alsa.card.name": "Wireless Microphone",
        "api.alsa.headroom": 512,
        "api.alsa.path": "front:1",
        "api.alsa.pcm.card": 1,
        "api.alsa.pcm.stream": "capture",
        "api.alsa.period-num": 64,
        "api.alsa.period-size": 512,
        "audio.channels": 2,
        "audio.format": "S16LE",
        "audio.position": "FL,FR",
        "card.profile.device": 0,
        "client.id": 49,
        "clock.quantum-limit": 8192,
        "device.api": "alsa",
        "device.class": "sound",
        "device.icon-name": "audio-card-analog",
        "device.id": 33,
        "device.profile.description": "Analog Stereo",
        "device.profile.name": "analog-stereo",
        "device.routes": 1,
        "factory.id": 19,
        "factory.name": "api.alsa.pcm.source",
        "library.name": "audioconvert/libspa-audioconvert",
        "media.class": "Audio/Source",
        "node.description": "Wireless Microphone Analog Stereo",
        "node.driver": true,
        "node.loop.name": "data-loop.0",
        "node.max-latency": "16384/48000",
        "node.name": "alsa_input.usb-Shenzhen_Hollyland_Technology_Co._Ltd_Wireless_Microphone_Wireless_Microphone-01.analog-stereo",
        "node.nick": "Wireless Microphone",
        "node.pause-on-idle": false,
        "object.id": 53,
        "object.path": "alsa:acp:Microphone:0:capture",
        "object.serial": 24068,
        "port.group": "capture",
        "priority.driver": 2009,
        "priority.session": 2009
      },
      "params": {
        "EnumFormat": [
          {
            "mediaType": "audio",
            "mediaSubtype": "raw",
            "format": "S16LE",
            "rate": 48000,
            "channels": 2,
            "position": [ "FL", "FR" ]
          }
        ],
        "PropInfo": [
          {
            "id": "volume",
            "description": "Volume",
            "type": { "default": 1.000000, "min": 0.000000, "max": 10.000000 }
          },
          {
            "id": "mute",
            "description": "Mute",
            "type": {
              "default": false,
              "alt1": false,
              "alt2": true
            }
          },
          {
            "id": "channelVolumes",
            "description": "Channel Volumes",
            "type": { "default": 1.000000, "min": 0.000000, "max": 10.000000 },
            "container": "Array"
          },
          {
            "id": "channelMap",
            "description": "Channel Map",
            "type": "",
            "container": "Array"
          },
          {
            "id": "monitorMute",
            "description": "Monitor Mute",
            "type": {
              "default": false,
              "alt1": false,
              "alt2": true
            }
          },
          {
            "id": "monitorVolumes",
            "description": "Monitor Volumes",
            "type": { "default": 1.000000, "min": 0.000000, "max": 10.000000 },
            "container": "Array"
          },
          {
            "id": "softMute",
            "description": "Soft Mute",
            "type": {
              "default": false,
              "alt1": false,
              "alt2": true
            }
          },
          {
            "id": "softVolumes",
            "description": "Soft Volumes",
            "type": { "default": 1.000000, "min": 0.000000, "max": 10.000000 },
            "container": "Array"
          },
          {
            "name": "monitor.channel-volumes",
            "description": "Monitor channel volume",
            "type": {
              "default": false,
              "alt1": false,
              "alt2": true
            },
            "params": true
          },
          {
            "name": "channelmix.disable",
            "description": "Disable Channel mixing",
            "type": {
              "default": false,
              "alt1": false,
              "alt2": true
            },
            "params": true
          },
          {
            "name": "channelmix.min-volume",
            "description": "Minimum volume level",
            "type": { "default": 0.000000, "min": 0.000000, "max": 10.000000 },
            "params": true
          },
          {
            "name": "channelmix.max-volume",
            "description": "Maximum volume level",
            "type": { "default": 10.000000, "min": 0.000000, "max": 10.000000 },
            "params": true
          },
          {
            "name": "channelmix.normalize",
            "description": "Normalize Volumes",
            "type": {
              "default": false,
              "alt1": false,
              "alt2": true
            },
            "params": true
          },
          {
            "name": "channelmix.mix-lfe",
            "description": "Mix LFE into channels",
            "type": {
              "default": true,
              "alt1": true,
              "alt2": false
            },
            "params": true
          },
          {
            "name": "channelmix.upmix",
            "description": "Enable upmixing",
            "type": {
              "default": true,
              "alt1": true,
              "alt2": false
            },
            "params": true
          },
          {
            "name": "channelmix.lfe-cutoff",
            "description": "LFE cutoff frequency",
            "type": { "default": 0.000000, "min": 0.000000, "max": 1000.000000 },
            "params": true
          },
          {
            "name": "channelmix.fc-cutoff",
            "description": "FC cutoff frequency (Hz)",
            "type": { "default": 0.000000, "min": 0.000000, "max": 48000.000000 },
            "params": true
          },
          {
            "name": "channelmix.rear-delay",
            "description": "Rear channels delay (ms)",
            "type": { "default": 0.000000, "min": 0.000000, "max": 1000.000000 },
            "params": true
          },
          {
            "name": "channelmix.stereo-widen",
            "description": "Stereo widen",
            "type": { "default": 0.000000, "min": 0.000000, "max": 1.000000 },
            "params": true
          },
          {
            "name": "channelmix.hilbert-taps",
            "description": "Taps for phase shift of rear",
            "type": { "default": 0, "min": 0, "max": 255 },
            "params": true
          },
          {
            "name": "channelmix.upmix-method",
            "description": "Upmix method to use",
            "type": "none",
            "params": true,
            "labels": [
              "none",
              "Disabled",
              "simple",
              "Simple upmixing",
              "psd",
              "Passive Surround Decoding"
            ]
          },
          {
            "id": "rate",
            "description": "Rate scaler",
            "type": { "default": 1.000000, "min": 0.000000, "max": 10.000000 }
          },
          {
            "id": "quality",
            "name": "resample.quality",
            "description": "Resample Quality",
            "type": { "default": 4, "min": 0, "max": 14 },
            "params": true
          },
          {
            "name": "resample.disable",
            "description": "Disable Resampling",
            "type": {
              "default": false,
              "alt1": false,
              "alt2": true
            },
            "params": true
          },
          {
            "name": "dither.noise",
            "description": "Add noise bits",
            "type": { "default": 0, "min": 0, "max": 16 },
            "params": true
          },
          {
            "name": "dither.method",
            "description": "The dithering method",
            "type": "none",
            "params": true,
            "labels": [
              "none",
              "Disabled",
              "rectangular",
              "Rectangular dithering",
              "triangular",
              "Triangular dithering",
              "triangular-hf",
              "Sloped Triangular dithering",
              "wannamaker3",
              "Wannamaker 3 dithering",
              "shaped5",
              "Lipshitz 5 dithering"
            ]
          },
          {
            "name": "debug.wav-path",
            "description": "Path to WAV file",
            "type": "",
            "params": true
          },
          {
            "name": "channelmix.lock-volumes",
            "description": "Disable volume updates",
            "type": {
              "default": false,
              "alt1": false,
              "alt2": true
            },
            "params": true
          },
          {
            "name": "audioconvert.filter-graph.disable",
            "description": "Disable Filter graph updates",
            "type": {
              "default": false,
              "alt1": false,
              "alt2": true
            },
            "params": true
          },
          {
            "name": "audioconvert.filter-graph",
            "description": "A filter graph to load",
            "type": "",
            "params": true
          },
          {
            "id": "device",
            "name": "api.alsa.path",
            "description": "The ALSA device",
            "type": "front:1"
          },
          {
            "id": "deviceName",
            "description": "The ALSA device name",
            "type": ""
          },
          {
            "id": "cardName",
            "description": "The ALSA card name",
            "type": ""
          },
          {
            "id": "latencyOffsetNsec",
            "description": "Latency offset (ns)",
            "type": { "default": 0, "min": 0, "max": 2000000000 }
          },
          {
            "name": "audio.channels",
            "description": "Audio Channels",
            "type": 2,
            "params": true
          },
          {
            "name": "audio.rate",
            "description": "Audio Rate",
            "type": 0,
            "params": true
          },
          {
            "name": "audio.format",
            "description": "Audio Format",
            "type": "S16LE",
            "params": true
          },
          {
            "name": "audio.position",
            "description": "Audio Position",
            "type": "[ FL, FR ]",
            "params": true
          },
          {
            "name": "audio.allowed-rates",
            "description": "Audio Allowed Rates",
            "type": "[  ]",
            "params": true
          },
          {
            "name": "api.alsa.period-size",
            "description": "Period Size",
            "type": { "default": 0, "min": 0, "max": 8192 },
            "params": true
          },
          {
            "name": "api.alsa.period-num",
            "description": "Number of Periods",
            "type": { "default": 0, "min": 0, "max": 1024 },
            "params": true
          },
          {
            "name": "api.alsa.headroom",
            "description": "Headroom",
            "type": { "default": 0, "min": 0, "max": 8192 },
            "params": true
          },
          {
            "name": "api.alsa.start-delay",
            "description": "Start Delay",
            "type": { "default": 0, "min": 0, "max": 8192 },
            "params": true
          },
          {
            "name": "api.alsa.disable-mmap",
            "description": "Disable MMAP",
            "type": {
              "default": false,
              "alt1": false,
              "alt2": true
            },
            "params": true
          },
          {
            "name": "api.alsa.disable-batch",
            "description": "Disable Batch",
            "type": {
              "default": false,
              "alt1": false,
              "alt2": true
            },
            "params": true
          },
          {
            "name": "api.alsa.disable-tsched",
            "description": "Disable timer based scheduling",
            "type": {
              "default": false,
              "alt1": false,
              "alt2": true
            },
            "params": true
          },
          {
            "name": "api.alsa.use-chmap",
            "description": "Use the driver channelmap",
            "type": {
              "default": false,
              "alt1": false,
              "alt2": true
            },
            "params": true
          },
          {
            "name": "api.alsa.multi-rate",
            "description": "Support multiple rates",
            "type": {
              "default": true,
              "alt1": true,
              "alt2": false
            },
            "params": true
          },
          {
            "name": "api.alsa.htimestamp",
            "description": "Use hires timestamps",
            "type": {
              "default": false,
              "alt1": false,
              "alt2": true
            },
            "params": true
          },
          {
            "name": "latency.internal.rate",
            "description": "Internal latency in samples",
            "type": { "default": 0, "min": 0, "max": 65536 },
            "params": true
          },
          {
            "name": "latency.internal.ns",
            "description": "Internal latency in nanoseconds",
            "type": { "default": 0, "min": 0, "max": 2000000000 },
            "params": true
          },
          {
            "name": "clock.name",
            "description": "The name of the clock",
            "type": "api.alsa.c-1",
            "params": true
          },
          {
            "name": "api.alsa.htimestamp.max-errors",
            "description": "Max errors before disabling htimestamp",
            "type": { "default": 64, "min": 0, "max": 2147483647 },
            "params": true
          }
        ],
        "Props": [
          {
            "volume": 1.000000,
            "mute": false,
            "channelVolumes": [ 1.000000, 1.000000 ],
            "channelMap": [ "FL", "FR" ],
            "softMute": false,
            "softVolumes": [ 1.000000, 1.000000 ],
            "monitorMute": false,
            "monitorVolumes": [ 1.000000, 1.000000 ],
            "params": [
              "monitor.channel-volumes",
              false,
              "channelmix.disable",
              false,
              "channelmix.min-volume",
              0.000000,
              "channelmix.max-volume",
              10.000000,
              "channelmix.normalize",
              false,
              "channelmix.mix-lfe",
              true,
              "channelmix.upmix",
              true,
              "channelmix.lfe-cutoff",
              0.000000,
              "channelmix.fc-cutoff",
              0.000000,
              "channelmix.rear-delay",
              0.000000,
              "channelmix.stereo-widen",
              0.000000,
              "channelmix.hilbert-taps",
              0,
              "channelmix.upmix-method",
              "none",
              "resample.quality",
              4,
              "resample.disable",
              false,
              "dither.noise",
              0,
              "dither.method",
              "none",
              "debug.wav-path",
              "",
              "channelmix.lock-volumes",
              false,
              "audioconvert.filter-graph.disable",
              false,
              "audioconvert.filter-graph",
              ""
            ]
          },
          {
            "device": "front:1",
            "deviceName": "",
            "cardName": "",
            "latencyOffsetNsec": 0,
            "params": [
              "audio.channels",
              2,
              "audio.rate",
              0,
              "audio.format",
              "S16LE",
              "audio.position",
              "[ FL, FR ]",
              "audio.allowed-rates",
              "[  ]",
              "api.alsa.period-size",
              0,
              "api.alsa.period-num",
              0,
              "api.alsa.headroom",
              0,
              "api.alsa.start-delay",
              0,
              "api.alsa.disable-mmap",
              false,
              "api.alsa.disable-batch",
              false,
              "api.alsa.disable-tsched",
              false,
              "api.alsa.use-chmap",
              false,
              "api.alsa.multi-rate",
              true,
              "api.alsa.htimestamp",
              false,
              "api.alsa.htimestamp.max-errors",
              64,
              "latency.internal.rate",
              0,
              "latency.internal.ns",
              0,
              "clock.name",
              "api.alsa.c-1"
            ]
          }
        ],
        "Format": [
          {
            "mediaType": "audio",
            "mediaSubtype": "raw",
            "format": "S16LE",
            "rate": 48000,
            "channels": 2,
            "position": [ "FL", "FR" ]
          }
        ],
        "EnumPortConfig": [
          {
            "direction": "Output",
            "mode": {
              "default": "none",
              "alt1": "none",
              "alt2": "dsp",
              "alt3": "convert"
            },
            "monitor": {
              "default": false,
              "alt1": false,
              "alt2": true
            },
            "control": {
              "default": false,
              "alt1": false,
              "alt2": true
            }
          }
        ],
        "PortConfig": [
          {
            "direction": "Output",
            "mode": "dsp",
            "monitor": true,
            "control": false,
            "format": {
              "mediaType": "audio",
              "mediaSubtype": "raw",
              "format": "F32P",
              "channels": 2,
              "position": [ "FL", "FR" ]
            }
          }
        ],
        "Latency": [
          {
            "direction": "Input",
            "minQuantum": 0.000000,
            "maxQuantum": 0.000000,
            "minRate": 0,
            "maxRate": 0,
            "minNs": 0,
            "maxNs": 0
          },
          {
            "direction": "Output",
            "minQuantum": 1.000000,
            "maxQuantum": 1.000000,
            "minRate": 512,
            "maxRate": 512,
            "minNs": 0,
            "maxNs": 0
          }
        ],
        "ProcessLatency": [
          {
            "quantum": 0.000000,
            "rate": 0,
            "ns": 0
          }
        ],
        "Tag": [
        ]
      }
    }
  },
  {
    "id": 47,
    "type": "PipeWire:Interface:Node",
    "version": 3,
    "permissions": [ "r", "w", "x", "m" ],
    "info": {
      "max-input-ports": 1,
      "max-output-ports": 1,
      "change-mask": [ "input-ports", "output-ports", "state", "props", "params" ],
      "n-input-ports": 1,
      "n-output-ports": 1,
      "state": "suspended",
      "error": null,
      "props": {
        "api.bluez5.role": "server",
        "api.glib.mainloop": true,
        "client.id": 49,
        "clock.quantum-limit": 8192,
        "device.api": "bluez5",
        "factory.id": 14,
        "factory.name": "api.bluez5.midi.node",
        "media.class": "Midi/Bridge",
        "node.description": "BLE MIDI 1",
        "node.loop.name": "data-loop.0",
        "node.name": "bluez_midi.server",
        "object.id": 47,
        "object.serial": 24070
      },
      "params": {
        "PropInfo": [
          {
            "id": "latencyOffsetNsec",
            "description": "Latency offset (ns)",
            "type": { "default": 0, "min": -9223372036854775808, "max": 9223372036854775807 }
          },
          {
            "id": "deviceName",
            "description": "Device name",
            "type": "BLE MIDI 1"
          }
        ],
        "Props": [
          {
            "latencyOffsetNsec": 0,
            "deviceName": "BLE MIDI 1"
          }
        ],
        "IO": [
        ]
      }
    }
  },
  {
    "id": 52,
    "type": "PipeWire:Interface:Port",
    "version": 3,
    "permissions": [ "r", "x", "m" ],
    "info": {
      "direction": "input",
      "change-mask": [ "props", "params" ],
      "props": {
        "format.dsp": "32 bit raw UMP",
        "node.id": 47,
        "object.id": 52,
        "object.path": "bluez_midi.server:input_0",
        "object.serial": 24071,
        "port.alias": "in",
        "port.direction": "in",
        "port.group": "group.0",
        "port.id": 0,
        "port.name": "in",
        "port.physical": true,
        "port.terminal": true
      },
      "params": {
        "EnumFormat": [
          {
            "mediaType": "application",
            "mediaSubtype": "control",
            "types": {
              "default": 16
            }
          }
        ],
        "Meta": [
          {
            "type": "Header",
            "size": 32
          }
        ],
        "IO": [
          {
            "id": "Buffers",
            "size": 8
          },
          {
            "id": "AsyncBuffers",
            "size": 8
          }
        ],
        "Format": [ ],
        "Buffers": [ ],
        "Latency": [
          {
            "direction": "Input",
            "minQuantum": 1.000000,
            "maxQuantum": 1.000000,
            "minRate": 0,
            "maxRate": 0,
            "minNs": 0,
            "maxNs": 0
          }
        ]
      }
    }
  },
  {
    "id": 35,
    "type": "PipeWire:Interface:Port",
    "version": 3,
    "permissions": [ "r", "x", "m" ],
    "info": {
      "direction": "output",
      "change-mask": [ "props", "params" ],
      "props": {
        "format.dsp": "32 bit raw UMP",
        "node.id": 47,
        "object.id": 35,
        "object.path": "bluez_midi.server:output_0",
        "object.serial": 24072,
        "port.alias": "out",
        "port.direction": "out",
        "port.group": "group.0",
        "port.id": 0,
        "port.name": "out",
        "port.physical": true,
        "port.terminal": true
      },
      "params": {
        "EnumFormat": [
          {
            "mediaType": "application",
            "mediaSubtype": "control",
            "types": {
              "default": 16
            }
          }
        ],
        "Meta": [
          {
            "type": "Header",
            "size": 32
          }
        ],
        "IO": [
          {
            "id": "Buffers",
            "size": 8
          },
          {
            "id": "AsyncBuffers",
            "size": 8
          }
        ],
        "Format": [ ],
        "Buffers": [ ],
        "Latency": [
          {
            "direction": "Output",
            "minQuantum": 1.000000,
            "maxQuantum": 1.000000,
            "minRate": 0,
            "maxRate": 0,
            "minNs": 0,
            "maxNs": 0
          }
        ]
      }
    }
  },
  {
    "id": 39,
    "type": "PipeWire:Interface:Device",
    "version": 3,
    "permissions": [ "r", "w", "x", "m" ],
    "info": {
      "change-mask": [ "props", "params" ],
      "props": {
        "api.v4l2.cap.bus_info": "platform:bcm2835-codec",
        "api.v4l2.cap.capabilities": 84204000,
        "api.v4l2.cap.card": "bcm2835-codec-decode",
        "api.v4l2.cap.device-caps": 4204000,
        "api.v4l2.cap.driver": "bcm2835-codec",
        "api.v4l2.cap.version": "6.18.34",
        "api.v4l2.path": "/dev/video10",
        "client.id": 49,
        "device.api": "v4l2",
        "device.bus-path": "platform-3f00b840.mailbox",
        "device.capabilities": ":",
        "device.description": "bcm2835-codec-decode",
        "device.devids": "[ 20736 ]",
        "device.enum.api": "udev",
        "device.name": "v4l2_device.platform-3f00b840.mailbox",
        "device.plugged.usec": 10092291,
        "device.product.name": "bcm2835-codec-decode",
        "device.subsystem": "video4linux",
        "device.sysfs.path": "/devices/platform/soc/3f00b840.mailbox/bcm2835-codec/video4linux/video10",
        "factory.id": 15,
        "media.class": "Video/Device",
        "object.id": 39,
        "object.path": "v4l2:/dev/video10",
        "object.serial": 24073
      },
      "params": {
      }
    }
  },
  {
    "id": 37,
    "type": "PipeWire:Interface:Device",
    "version": 3,
    "permissions": [ "r", "w", "x", "m" ],
    "info": {
      "change-mask": [ "props", "params" ],
      "props": {
        "api.v4l2.cap.bus_info": "platform:bcm2835-codec",
        "api.v4l2.cap.capabilities": 84204000,
        "api.v4l2.cap.card": "bcm2835-codec-encode",
        "api.v4l2.cap.device-caps": 4204000,
        "api.v4l2.cap.driver": "bcm2835-codec",
        "api.v4l2.cap.version": "6.18.34",
        "api.v4l2.path": "/dev/video11",
        "client.id": 49,
        "device.api": "v4l2",
        "device.bus-path": "platform-3f00b840.mailbox",
        "device.capabilities": ":",
        "device.description": "bcm2835-codec-encode",
        "device.devids": "[ 20737 ]",
        "device.enum.api": "udev",
        "device.name": "v4l2_device.platform-3f00b840.mailbox",
        "device.plugged.usec": 10095521,
        "device.product.name": "bcm2835-codec-encode",
        "device.subsystem": "video4linux",
        "device.sysfs.path": "/devices/platform/soc/3f00b840.mailbox/bcm2835-codec/video4linux/video11",
        "factory.id": 15,
        "media.class": "Video/Device",
        "object.id": 37,
        "object.path": "v4l2:/dev/video11",
        "object.serial": 24074
      },
      "params": {
      }
    }
  },
  {
    "id": 36,
    "type": "PipeWire:Interface:Device",
    "version": 3,
    "permissions": [ "r", "w", "x", "m" ],
    "info": {
      "change-mask": [ "props", "params" ],
      "props": {
        "api.v4l2.cap.bus_info": "platform:bcm2835-codec",
        "api.v4l2.cap.capabilities": 84204000,
        "api.v4l2.cap.card": "bcm2835-codec-isp",
        "api.v4l2.cap.device-caps": 4204000,
        "api.v4l2.cap.driver": "bcm2835-codec",
        "api.v4l2.cap.version": "6.18.34",
        "api.v4l2.path": "/dev/video12",
        "client.id": 49,
        "device.api": "v4l2",
        "device.bus-path": "platform-3f00b840.mailbox",
        "device.capabilities": ":",
        "device.description": "bcm2835-codec-isp",
        "device.devids": "[ 20738 ]",
        "device.enum.api": "udev",
        "device.name": "v4l2_device.platform-3f00b840.mailbox",
        "device.plugged.usec": 10100702,
        "device.product.name": "bcm2835-codec-isp",
        "device.subsystem": "video4linux",
        "device.sysfs.path": "/devices/platform/soc/3f00b840.mailbox/bcm2835-codec/video4linux/video12",
        "factory.id": 15,
        "media.class": "Video/Device",
        "object.id": 36,
        "object.path": "v4l2:/dev/video12",
        "object.serial": 24075
      },
      "params": {
      }
    }
  },
  {
    "id": 114,
    "type": "PipeWire:Interface:Device",
    "version": 3,
    "permissions": [ "r", "w", "x", "m" ],
    "info": {
      "change-mask": [ "props", "params" ],
      "props": {
        "api.v4l2.cap.bus_info": "platform:bcm2835-codec",
        "api.v4l2.cap.capabilities": 84204000,
        "api.v4l2.cap.card": "bcm2835-codec-image_fx",
        "api.v4l2.cap.device-caps": 4204000,
        "api.v4l2.cap.driver": "bcm2835-codec",
        "api.v4l2.cap.version": "6.18.34",
        "api.v4l2.path": "/dev/video18",
        "client.id": 49,
        "device.api": "v4l2",
        "device.bus-path": "platform-3f00b840.mailbox",
        "device.capabilities": ":",
        "device.description": "bcm2835-codec-image_fx",
        "device.devids": "[ 20739 ]",
        "device.enum.api": "udev",
        "device.name": "v4l2_device.platform-3f00b840.mailbox",
        "device.plugged.usec": 10113528,
        "device.product.name": "bcm2835-codec-image_fx",
        "device.subsystem": "video4linux",
        "device.sysfs.path": "/devices/platform/soc/3f00b840.mailbox/bcm2835-codec/video4linux/video18",
        "factory.id": 15,
        "media.class": "Video/Device",
        "object.id": 114,
        "object.path": "v4l2:/dev/video18",
        "object.serial": 24076
      },
      "params": {
      }
    }
  },
  {
    "id": 43,
    "type": "PipeWire:Interface:Device",
    "version": 3,
    "permissions": [ "r", "w", "x", "m" ],
    "info": {
      "change-mask": [ "props", "params" ],
      "props": {
        "api.v4l2.cap.bus_info": "platform:bcm2835-codec",
        "api.v4l2.cap.capabilities": 84204000,
        "api.v4l2.cap.card": "bcm2835-codec-encode_image",
        "api.v4l2.cap.device-caps": 4204000,
        "api.v4l2.cap.driver": "bcm2835-codec",
        "api.v4l2.cap.version": "6.18.34",
        "api.v4l2.path": "/dev/video31",
        "client.id": 49,
        "device.api": "v4l2",
        "device.bus-path": "platform-3f00b840.mailbox",
        "device.capabilities": ":",
        "device.description": "bcm2835-codec-encode_image",
        "device.devids": "[ 20741 ]",
        "device.enum.api": "udev",
        "device.name": "v4l2_device.platform-3f00b840.mailbox",
        "device.plugged.usec": 10117345,
        "device.product.name": "bcm2835-codec-encode_image",
        "device.subsystem": "video4linux",
        "device.sysfs.path": "/devices/platform/soc/3f00b840.mailbox/bcm2835-codec/video4linux/video31",
        "factory.id": 15,
        "media.class": "Video/Device",
        "object.id": 43,
        "object.path": "v4l2:/dev/video31",
        "object.serial": 24077
      },
      "params": {
      }
    }
  },
  {
    "id": 50,
    "type": "PipeWire:Interface:Device",
    "version": 3,
    "permissions": [ "r", "w", "x", "m" ],
    "info": {
      "change-mask": [ "props", "params" ],
      "props": {
        "api.v4l2.cap.bus_info": "platform:bcm2835-isp",
        "api.v4l2.cap.capabilities": 84200002,
        "api.v4l2.cap.card": "bcm2835-isp",
        "api.v4l2.cap.device-caps": 4200002,
        "api.v4l2.cap.driver": "bcm2835-isp",
        "api.v4l2.cap.version": "6.18.34",
        "api.v4l2.path": "/dev/video13",
        "client.id": 49,
        "device.api": "v4l2",
        "device.bus-path": "platform-3f00b840.mailbox",
        "device.capabilities": ":video_output:",
        "device.description": "bcm2835-isp",
        "device.devids": "[ 20740 ]",
        "device.enum.api": "udev",
        "device.name": "v4l2_device.platform-3f00b840.mailbox",
        "device.plugged.usec": 10114012,
        "device.product.name": "bcm2835-isp",
        "device.subsystem": "video4linux",
        "device.sysfs.path": "/devices/platform/soc/3f00b840.mailbox/bcm2835-isp/video4linux/video13",
        "factory.id": 15,
        "media.class": "Video/Device",
        "object.id": 50,
        "object.path": "v4l2:/dev/video13",
        "object.serial": 24078
      },
      "params": {
      }
    }
  },
  {
    "id": 38,
    "type": "PipeWire:Interface:Device",
    "version": 3,
    "permissions": [ "r", "w", "x", "m" ],
    "info": {
      "change-mask": [ "props", "params" ],
      "props": {
        "api.v4l2.cap.bus_info": "platform:bcm2835-isp",
        "api.v4l2.cap.capabilities": 84200001,
        "api.v4l2.cap.card": "bcm2835-isp",
        "api.v4l2.cap.device-caps": 4200001,
        "api.v4l2.cap.driver": "bcm2835-isp",
        "api.v4l2.cap.version": "6.18.34",
        "api.v4l2.path": "/dev/video14",
        "client.id": 49,
        "device.api": "v4l2",
        "device.bus-path": "platform-3f00b840.mailbox",
        "device.capabilities": ":capture:",
        "device.description": "bcm2835-isp",
        "device.devids": "[ 20742 ]",
        "device.enum.api": "udev",
        "device.name": "v4l2_device.platform-3f00b840.mailbox",
        "device.plugged.usec": 10117628,
        "device.product.name": "bcm2835-isp",
        "device.subsystem": "video4linux",
        "device.sysfs.path": "/devices/platform/soc/3f00b840.mailbox/bcm2835-isp/video4linux/video14",
        "factory.id": 15,
        "media.class": "Video/Device",
        "object.id": 38,
        "object.path": "v4l2:/dev/video14",
        "object.serial": 24079
      },
      "params": {
      }
    }
  },
  {
    "id": 80,
    "type": "PipeWire:Interface:Device",
    "version": 3,
    "permissions": [ "r", "w", "x", "m" ],
    "info": {
      "change-mask": [ "props", "params" ],
      "props": {
        "api.v4l2.cap.bus_info": "platform:bcm2835-isp",
        "api.v4l2.cap.capabilities": 84200001,
        "api.v4l2.cap.card": "bcm2835-isp",
        "api.v4l2.cap.device-caps": 4200001,
        "api.v4l2.cap.driver": "bcm2835-isp",
        "api.v4l2.cap.version": "6.18.34",
        "api.v4l2.path": "/dev/video15",
        "client.id": 49,
        "device.api": "v4l2",
        "device.bus-path": "platform-3f00b840.mailbox",
        "device.capabilities": ":capture:",
        "device.description": "bcm2835-isp",
        "device.devids": "[ 20743 ]",
        "device.enum.api": "udev",
        "device.name": "v4l2_device.platform-3f00b840.mailbox",
        "device.plugged.usec": 10126038,
        "device.product.name": "bcm2835-isp",
        "device.subsystem": "video4linux",
        "device.sysfs.path": "/devices/platform/soc/3f00b840.mailbox/bcm2835-isp/video4linux/video15",
        "factory.id": 15,
        "media.class": "Video/Device",
        "object.id": 80,
        "object.path": "v4l2:/dev/video15",
        "object.serial": 24080
      },
      "params": {
      }
    }
  },
  {
    "id": 77,
    "type": "PipeWire:Interface:Device",
    "version": 3,
    "permissions": [ "r", "w", "x", "m" ],
    "info": {
      "change-mask": [ "props", "params" ],
      "props": {
        "api.v4l2.cap.bus_info": "platform:bcm2835-isp",
        "api.v4l2.cap.capabilities": "84a00000",
        "api.v4l2.cap.card": "bcm2835-isp",
        "api.v4l2.cap.device-caps": "04a00000",
        "api.v4l2.cap.driver": "bcm2835-isp",
        "api.v4l2.cap.version": "6.18.34",
        "api.v4l2.path": "/dev/video16",
        "client.id": 49,
        "device.api": "v4l2",
        "device.bus-path": "platform-3f00b840.mailbox",
        "device.capabilities": ":",
        "device.description": "bcm2835-isp",
        "device.devids": "[ 20744 ]",
        "device.enum.api": "udev",
        "device.name": "v4l2_device.platform-3f00b840.mailbox",
        "device.plugged.usec": 10127204,
        "device.product.name": "bcm2835-isp",
        "device.subsystem": "video4linux",
        "device.sysfs.path": "/devices/platform/soc/3f00b840.mailbox/bcm2835-isp/video4linux/video16",
        "factory.id": 15,
        "media.class": "Video/Device",
        "object.id": 77,
        "object.path": "v4l2:/dev/video16",
        "object.serial": 24081
      },
      "params": {
      }
    }
  },
  {
    "id": 67,
    "type": "PipeWire:Interface:Device",
    "version": 3,
    "permissions": [ "r", "w", "x", "m" ],
    "info": {
      "change-mask": [ "props", "params" ],
      "props": {
        "api.v4l2.cap.bus_info": "platform:bcm2835-isp",
        "api.v4l2.cap.capabilities": 84200002,
        "api.v4l2.cap.card": "bcm2835-isp",
        "api.v4l2.cap.device-caps": 4200002,
        "api.v4l2.cap.driver": "bcm2835-isp",
        "api.v4l2.cap.version": "6.18.34",
        "api.v4l2.path": "/dev/video20",
        "client.id": 49,
        "device.api": "v4l2",
        "device.bus-path": "platform-3f00b840.mailbox",
        "device.capabilities": ":video_output:",
        "device.description": "bcm2835-isp",
        "device.devids": "[ 20745 ]",
        "device.enum.api": "udev",
        "device.name": "v4l2_device.platform-3f00b840.mailbox",
        "device.plugged.usec": 10139299,
        "device.product.name": "bcm2835-isp",
        "device.subsystem": "video4linux",
        "device.sysfs.path": "/devices/platform/soc/3f00b840.mailbox/bcm2835-isp/video4linux/video20",
        "factory.id": 15,
        "media.class": "Video/Device",
        "object.id": 67,
        "object.path": "v4l2:/dev/video20",
        "object.serial": 24082
      },
      "params": {
      }
    }
  },
  {
    "id": 58,
    "type": "PipeWire:Interface:Device",
    "version": 3,
    "permissions": [ "r", "w", "x", "m" ],
    "info": {
      "change-mask": [ "props", "params" ],
      "props": {
        "api.v4l2.cap.bus_info": "platform:bcm2835-isp",
        "api.v4l2.cap.capabilities": 84200001,
        "api.v4l2.cap.card": "bcm2835-isp",
        "api.v4l2.cap.device-caps": 4200001,
        "api.v4l2.cap.driver": "bcm2835-isp",
        "api.v4l2.cap.version": "6.18.34",
        "api.v4l2.path": "/dev/video21",
        "client.id": 49,
        "device.api": "v4l2",
        "device.bus-path": "platform-3f00b840.mailbox",
        "device.capabilities": ":capture:",
        "device.description": "bcm2835-isp",
        "device.devids": "[ 20746 ]",
        "device.enum.api": "udev",
        "device.name": "v4l2_device.platform-3f00b840.mailbox",
        "device.plugged.usec": 10139488,
        "device.product.name": "bcm2835-isp",
        "device.subsystem": "video4linux",
        "device.sysfs.path": "/devices/platform/soc/3f00b840.mailbox/bcm2835-isp/video4linux/video21",
        "factory.id": 15,
        "media.class": "Video/Device",
        "object.id": 58,
        "object.path": "v4l2:/dev/video21",
        "object.serial": 24083
      },
      "params": {
      }
    }
  },
  {
    "id": 69,
    "type": "PipeWire:Interface:Device",
    "version": 3,
    "permissions": [ "r", "w", "x", "m" ],
    "info": {
      "change-mask": [ "props", "params" ],
      "props": {
        "api.v4l2.cap.bus_info": "platform:bcm2835-isp",
        "api.v4l2.cap.capabilities": 84200001,
        "api.v4l2.cap.card": "bcm2835-isp",
        "api.v4l2.cap.device-caps": 4200001,
        "api.v4l2.cap.driver": "bcm2835-isp",
        "api.v4l2.cap.version": "6.18.34",
        "api.v4l2.path": "/dev/video22",
        "client.id": 49,
        "device.api": "v4l2",
        "device.bus-path": "platform-3f00b840.mailbox",
        "device.capabilities": ":capture:",
        "device.description": "bcm2835-isp",
        "device.devids": "[ 20747 ]",
        "device.enum.api": "udev",
        "device.name": "v4l2_device.platform-3f00b840.mailbox",
        "device.plugged.usec": 10139590,
        "device.product.name": "bcm2835-isp",
        "device.subsystem": "video4linux",
        "device.sysfs.path": "/devices/platform/soc/3f00b840.mailbox/bcm2835-isp/video4linux/video22",
        "factory.id": 15,
        "media.class": "Video/Device",
        "object.id": 69,
        "object.path": "v4l2:/dev/video22",
        "object.serial": 24084
      },
      "params": {
      }
    }
  },
  {
    "id": 79,
    "type": "PipeWire:Interface:Device",
    "version": 3,
    "permissions": [ "r", "w", "x", "m" ],
    "info": {
      "change-mask": [ "props", "params" ],
      "props": {
        "api.v4l2.cap.bus_info": "platform:bcm2835-isp",
        "api.v4l2.cap.capabilities": "84a00000",
        "api.v4l2.cap.card": "bcm2835-isp",
        "api.v4l2.cap.device-caps": "04a00000",
        "api.v4l2.cap.driver": "bcm2835-isp",
        "api.v4l2.cap.version": "6.18.34",
        "api.v4l2.path": "/dev/video23",
        "client.id": 49,
        "device.api": "v4l2",
        "device.bus-path": "platform-3f00b840.mailbox",
        "device.capabilities": ":",
        "device.description": "bcm2835-isp",
        "device.devids": "[ 20748 ]",
        "device.enum.api": "udev",
        "device.name": "v4l2_device.platform-3f00b840.mailbox",
        "device.plugged.usec": 10141898,
        "device.product.name": "bcm2835-isp",
        "device.subsystem": "video4linux",
        "device.sysfs.path": "/devices/platform/soc/3f00b840.mailbox/bcm2835-isp/video4linux/video23",
        "factory.id": 15,
        "media.class": "Video/Device",
        "object.id": 79,
        "object.path": "v4l2:/dev/video23",
        "object.serial": 24085
      },
      "params": {
      }
    }
  },
  {
    "id": 60,
    "type": "PipeWire:Interface:Node",
    "version": 3,
    "permissions": [ "r", "w", "x", "m" ],
    "info": {
      "max-input-ports": 65,
      "max-output-ports": 0,
      "change-mask": [ "input-ports", "output-ports", "state", "props", "params" ],
      "n-input-ports": 2,
      "n-output-ports": 2,
      "state": "idle",
      "error": null,
      "props": {
        "alsa.card": 0,
        "alsa.card_name": "bcm2835 Headphones",
        "alsa.class": "generic",
        "alsa.device": 0,
        "alsa.id": "bcm2835 Headphones",
        "alsa.long_card_name": "bcm2835 Headphones",
        "alsa.mixer_name": "Broadcom Mixer",
        "alsa.name": "bcm2835 Headphones",
        "alsa.resolution_bits": 16,
        "alsa.subclass": "generic-mix",
        "alsa.subdevice": 0,
        "alsa.subdevice_name": "subdevice #0",
        "alsa.sync.id": "00000000:00000000:00000000:00000000",
        "api.alsa.card.longname": "bcm2835 Headphones",
        "api.alsa.card.name": "bcm2835 Headphones",
        "api.alsa.headroom": 512,
        "api.alsa.path": "hw:0",
        "api.alsa.pcm.card": 0,
        "api.alsa.pcm.stream": "playback",
        "api.alsa.period-num": 64,
        "api.alsa.period-size": 512,
        "audio.channels": 2,
        "audio.position": "FL,FR",
        "card.profile.device": 1,
        "client.id": 49,
        "clock.quantum-limit": 8192,
        "device.api": "alsa",
        "device.class": "sound",
        "device.icon-name": "audio-card-analog",
        "device.id": 45,
        "device.profile.description": "Stereo",
        "device.profile.name": "stereo-fallback",
        "device.routes": 1,
        "factory.id": 19,
        "factory.name": "api.alsa.pcm.sink",
        "library.name": "audioconvert/libspa-audioconvert",
        "media.class": "Audio/Sink",
        "node.description": "Built-in Audio Stereo",
        "node.driver": true,
        "node.driver-id": 60,
        "node.loop.name": "data-loop.0",
        "node.max-latency": "16384/48000",
        "node.name": "alsa_output.platform-3f00b840.mailbox.stereo-fallback",
        "node.nick": "bcm2835 Headphones",
        "node.pause-on-idle": false,
        "object.id": 60,
        "object.path": "alsa:acp:Headphones:1:playback",
        "object.serial": 24086,
        "port.group": "playback",
        "priority.driver": 1000,
        "priority.session": 1000
      },
      "params": {
        "EnumFormat": [
          {
            "mediaType": "audio",
            "mediaSubtype": "raw",
            "format": {
              "default": "S16LE",
              "alt1": "S16LE",
              "alt2": "U8"
            },
            "rate": { "default": 48000, "min": 8000, "max": 192000 },
            "channels": 2,
            "position": [ "FL", "FR" ]
          }
        ],
        "PropInfo": [
          {
            "id": "volume",
            "description": "Volume",
            "type": { "default": 1.000000, "min": 0.000000, "max": 10.000000 }
          },
          {
            "id": "mute",
            "description": "Mute",
            "type": {
              "default": false,
              "alt1": false,
              "alt2": true
            }
          },
          {
            "id": "channelVolumes",
            "description": "Channel Volumes",
            "type": { "default": 1.000000, "min": 0.000000, "max": 10.000000 },
            "container": "Array"
          },
          {
            "id": "channelMap",
            "description": "Channel Map",
            "type": "",
            "container": "Array"
          },
          {
            "id": "monitorMute",
            "description": "Monitor Mute",
            "type": {
              "default": false,
              "alt1": false,
              "alt2": true
            }
          },
          {
            "id": "monitorVolumes",
            "description": "Monitor Volumes",
            "type": { "default": 1.000000, "min": 0.000000, "max": 10.000000 },
            "container": "Array"
          },
          {
            "id": "softMute",
            "description": "Soft Mute",
            "type": {
              "default": false,
              "alt1": false,
              "alt2": true
            }
          },
          {
            "id": "softVolumes",
            "description": "Soft Volumes",
            "type": { "default": 1.000000, "min": 0.000000, "max": 10.000000 },
            "container": "Array"
          },
          {
            "name": "monitor.channel-volumes",
            "description": "Monitor channel volume",
            "type": {
              "default": false,
              "alt1": false,
              "alt2": true
            },
            "params": true
          },
          {
            "name": "channelmix.disable",
            "description": "Disable Channel mixing",
            "type": {
              "default": false,
              "alt1": false,
              "alt2": true
            },
            "params": true
          },
          {
            "name": "channelmix.min-volume",
            "description": "Minimum volume level",
            "type": { "default": 0.000000, "min": 0.000000, "max": 10.000000 },
            "params": true
          },
          {
            "name": "channelmix.max-volume",
            "description": "Maximum volume level",
            "type": { "default": 10.000000, "min": 0.000000, "max": 10.000000 },
            "params": true
          },
          {
            "name": "channelmix.normalize",
            "description": "Normalize Volumes",
            "type": {
              "default": false,
              "alt1": false,
              "alt2": true
            },
            "params": true
          },
          {
            "name": "channelmix.mix-lfe",
            "description": "Mix LFE into channels",
            "type": {
              "default": true,
              "alt1": true,
              "alt2": false
            },
            "params": true
          },
          {
            "name": "channelmix.upmix",
            "description": "Enable upmixing",
            "type": {
              "default": true,
              "alt1": true,
              "alt2": false
            },
            "params": true
          },
          {
            "name": "channelmix.lfe-cutoff",
            "description": "LFE cutoff frequency",
            "type": { "default": 0.000000, "min": 0.000000, "max": 1000.000000 },
            "params": true
          },
          {
            "name": "channelmix.fc-cutoff",
            "description": "FC cutoff frequency (Hz)",
            "type": { "default": 0.000000, "min": 0.000000, "max": 48000.000000 },
            "params": true
          },
          {
            "name": "channelmix.rear-delay",
            "description": "Rear channels delay (ms)",
            "type": { "default": 0.000000, "min": 0.000000, "max": 1000.000000 },
            "params": true
          },
          {
            "name": "channelmix.stereo-widen",
            "description": "Stereo widen",
            "type": { "default": 0.000000, "min": 0.000000, "max": 1.000000 },
            "params": true
          },
          {
            "name": "channelmix.hilbert-taps",
            "description": "Taps for phase shift of rear",
            "type": { "default": 0, "min": 0, "max": 255 },
            "params": true
          },
          {
            "name": "channelmix.upmix-method",
            "description": "Upmix method to use",
            "type": "none",
            "params": true,
            "labels": [
              "none",
              "Disabled",
              "simple",
              "Simple upmixing",
              "psd",
              "Passive Surround Decoding"
            ]
          },
          {
            "id": "rate",
            "description": "Rate scaler",
            "type": { "default": 1.000000, "min": 0.000000, "max": 10.000000 }
          },
          {
            "id": "quality",
            "name": "resample.quality",
            "description": "Resample Quality",
            "type": { "default": 4, "min": 0, "max": 14 },
            "params": true
          },
          {
            "name": "resample.disable",
            "description": "Disable Resampling",
            "type": {
              "default": false,
              "alt1": false,
              "alt2": true
            },
            "params": true
          },
          {
            "name": "dither.noise",
            "description": "Add noise bits",
            "type": { "default": 0, "min": 0, "max": 16 },
            "params": true
          },
          {
            "name": "dither.method",
            "description": "The dithering method",
            "type": "none",
            "params": true,
            "labels": [
              "none",
              "Disabled",
              "rectangular",
              "Rectangular dithering",
              "triangular",
              "Triangular dithering",
              "triangular-hf",
              "Sloped Triangular dithering",
              "wannamaker3",
              "Wannamaker 3 dithering",
              "shaped5",
              "Lipshitz 5 dithering"
            ]
          },
          {
            "name": "debug.wav-path",
            "description": "Path to WAV file",
            "type": "",
            "params": true
          },
          {
            "name": "channelmix.lock-volumes",
            "description": "Disable volume updates",
            "type": {
              "default": false,
              "alt1": false,
              "alt2": true
            },
            "params": true
          },
          {
            "name": "audioconvert.filter-graph.disable",
            "description": "Disable Filter graph updates",
            "type": {
              "default": false,
              "alt1": false,
              "alt2": true
            },
            "params": true
          },
          {
            "name": "audioconvert.filter-graph",
            "description": "A filter graph to load",
            "type": "",
            "params": true
          },
          {
            "id": "device",
            "name": "api.alsa.path",
            "description": "The ALSA device",
            "type": "hw:0"
          },
          {
            "id": "deviceName",
            "description": "The ALSA device name",
            "type": ""
          },
          {
            "id": "cardName",
            "description": "The ALSA card name",
            "type": ""
          },
          {
            "id": "latencyOffsetNsec",
            "description": "Latency offset (ns)",
            "type": { "default": 0, "min": 0, "max": 2000000000 }
          },
          {
            "name": "audio.channels",
            "description": "Audio Channels",
            "type": 2,
            "params": true
          },
          {
            "name": "audio.rate",
            "description": "Audio Rate",
            "type": 0,
            "params": true
          },
          {
            "name": "audio.format",
            "description": "Audio Format",
            "type": "UNKNOWN",
            "params": true
          },
          {
            "name": "audio.position",
            "description": "Audio Position",
            "type": "[ FL, FR ]",
            "params": true
          },
          {
            "name": "audio.allowed-rates",
            "description": "Audio Allowed Rates",
            "type": "[  ]",
            "params": true
          },
          {
            "name": "api.alsa.period-size",
            "description": "Period Size",
            "type": { "default": 0, "min": 0, "max": 8192 },
            "params": true
          },
          {
            "name": "api.alsa.period-num",
            "description": "Number of Periods",
            "type": { "default": 0, "min": 0, "max": 1024 },
            "params": true
          },
          {
            "name": "api.alsa.headroom",
            "description": "Headroom",
            "type": { "default": 0, "min": 0, "max": 8192 },
            "params": true
          },
          {
            "name": "api.alsa.start-delay",
            "description": "Start Delay",
            "type": { "default": 0, "min": 0, "max": 8192 },
            "params": true
          },
          {
            "name": "api.alsa.disable-mmap",
            "description": "Disable MMAP",
            "type": {
              "default": false,
              "alt1": false,
              "alt2": true
            },
            "params": true
          },
          {
            "name": "api.alsa.disable-batch",
            "description": "Disable Batch",
            "type": {
              "default": false,
              "alt1": false,
              "alt2": true
            },
            "params": true
          },
          {
            "name": "api.alsa.disable-tsched",
            "description": "Disable timer based scheduling",
            "type": {
              "default": false,
              "alt1": false,
              "alt2": true
            },
            "params": true
          },
          {
            "name": "api.alsa.use-chmap",
            "description": "Use the driver channelmap",
            "type": {
              "default": false,
              "alt1": false,
              "alt2": true
            },
            "params": true
          },
          {
            "name": "api.alsa.multi-rate",
            "description": "Support multiple rates",
            "type": {
              "default": true,
              "alt1": true,
              "alt2": false
            },
            "params": true
          },
          {
            "name": "api.alsa.htimestamp",
            "description": "Use hires timestamps",
            "type": {
              "default": false,
              "alt1": false,
              "alt2": true
            },
            "params": true
          },
          {
            "name": "latency.internal.rate",
            "description": "Internal latency in samples",
            "type": { "default": 0, "min": 0, "max": 65536 },
            "params": true
          },
          {
            "name": "latency.internal.ns",
            "description": "Internal latency in nanoseconds",
            "type": { "default": 0, "min": 0, "max": 2000000000 },
            "params": true
          },
          {
            "name": "clock.name",
            "description": "The name of the clock",
            "type": "api.alsa.p-0",
            "params": true
          },
          {
            "name": "api.alsa.htimestamp.max-errors",
            "description": "Max errors before disabling htimestamp",
            "type": { "default": 64, "min": 0, "max": 2147483647 },
            "params": true
          }
        ],
        "Props": [
          {
            "volume": 1.000000,
            "mute": false,
            "channelVolumes": [ 0.614105, 0.614105 ],
            "channelMap": [ "FL", "FR" ],
            "softMute": false,
            "softVolumes": [ 1.000000, 1.000000 ],
            "monitorMute": false,
            "monitorVolumes": [ 1.000000, 1.000000 ],
            "params": [
              "monitor.channel-volumes",
              false,
              "channelmix.disable",
              false,
              "channelmix.min-volume",
              0.000000,
              "channelmix.max-volume",
              10.000000,
              "channelmix.normalize",
              false,
              "channelmix.mix-lfe",
              true,
              "channelmix.upmix",
              true,
              "channelmix.lfe-cutoff",
              0.000000,
              "channelmix.fc-cutoff",
              0.000000,
              "channelmix.rear-delay",
              0.000000,
              "channelmix.stereo-widen",
              0.000000,
              "channelmix.hilbert-taps",
              0,
              "channelmix.upmix-method",
              "none",
              "resample.quality",
              4,
              "resample.disable",
              false,
              "dither.noise",
              0,
              "dither.method",
              "none",
              "debug.wav-path",
              "",
              "channelmix.lock-volumes",
              false,
              "audioconvert.filter-graph.disable",
              false,
              "audioconvert.filter-graph",
              ""
            ]
          },
          {
            "device": "hw:0",
            "deviceName": "",
            "cardName": "",
            "latencyOffsetNsec": 0,
            "params": [
              "audio.channels",
              2,
              "audio.rate",
              0,
              "audio.format",
              "UNKNOWN",
              "audio.position",
              "[ FL, FR ]",
              "audio.allowed-rates",
              "[  ]",
              "api.alsa.period-size",
              0,
              "api.alsa.period-num",
              0,
              "api.alsa.headroom",
              0,
              "api.alsa.start-delay",
              0,
              "api.alsa.disable-mmap",
              false,
              "api.alsa.disable-batch",
              false,
              "api.alsa.disable-tsched",
              false,
              "api.alsa.use-chmap",
              false,
              "api.alsa.multi-rate",
              true,
              "api.alsa.htimestamp",
              false,
              "api.alsa.htimestamp.max-errors",
              64,
              "latency.internal.rate",
              0,
              "latency.internal.ns",
              0,
              "clock.name",
              "api.alsa.p-0"
            ]
          }
        ],
        "Format": [
          {
            "mediaType": "audio",
            "mediaSubtype": "raw",
            "format": "S16LE",
            "rate": 48000,
            "channels": 2,
            "position": [ "FL", "FR" ]
          }
        ],
        "EnumPortConfig": [
          {
            "direction": "Input",
            "mode": {
              "default": "none",
              "alt1": "none",
              "alt2": "dsp",
              "alt3": "convert"
            },
            "monitor": {
              "default": false,
              "alt1": false,
              "alt2": true
            },
            "control": {
              "default": false,
              "alt1": false,
              "alt2": true
            }
          }
        ],
        "PortConfig": [
          {
            "direction": "Input",
            "mode": "dsp",
            "monitor": true,
            "control": false,
            "format": {
              "mediaType": "audio",
              "mediaSubtype": "raw",
              "format": "F32P",
              "channels": 2,
              "position": [ "FL", "FR" ]
            }
          }
        ],
        "Latency": [
          {
            "direction": "Input",
            "minQuantum": 1.000000,
            "maxQuantum": 1.000000,
            "minRate": 512,
            "maxRate": 512,
            "minNs": 0,
            "maxNs": 0
          },
          {
            "direction": "Output",
            "minQuantum": 0.000000,
            "maxQuantum": 0.000000,
            "minRate": 0,
            "maxRate": 0,
            "minNs": 0,
            "maxNs": 0
          }
        ],
        "ProcessLatency": [
          {
            "quantum": 0.000000,
            "rate": 0,
            "ns": 0
          }
        ],
        "Tag": [
        ]
      }
    }
  },
  {
    "id": 51,
    "type": "PipeWire:Interface:Port",
    "version": 3,
    "permissions": [ "r", "x", "m" ],
    "info": {
      "direction": "output",
      "change-mask": [ "props", "params" ],
      "props": {
        "audio.channel": "FL",
        "format.dsp": "32 bit float mono audio",
        "node.id": 53,
        "object.id": 51,
        "object.path": "alsa:acp:Microphone:0:capture:capture_0",
        "object.serial": 24087,
        "port.alias": "Wireless Microphone:capture_FL",
        "port.direction": "out",
        "port.group": "capture",
        "port.id": 0,
        "port.name": "capture_FL",
        "port.physical": true,
        "port.terminal": true
      },
      "params": {
        "EnumFormat": [
          {
            "mediaType": "audio",
            "mediaSubtype": "dsp",
            "format": "F32P"
          }
        ],
        "Meta": [
          {
            "type": "Header",
            "size": 32
          }
        ],
        "IO": [
          {
            "id": "Buffers",
            "size": 8
          },
          {
            "id": "AsyncBuffers",
            "size": 8
          }
        ],
        "Format": [
          {
            "mediaType": "audio",
            "mediaSubtype": "dsp",
            "format": "F32P"
          }
        ],
        "Buffers": [
          {
            "buffers": { "default": 1, "min": 1, "max": 32 },
            "blocks": 1,
            "size": { "default": 32768, "min": 64, "max": 2147483647 },
            "stride": 4
          }
        ],
        "Latency": [
          {
            "direction": "Input",
            "minQuantum": 0.000000,
            "maxQuantum": 0.000000,
            "minRate": 0,
            "maxRate": 0,
            "minNs": 0,
            "maxNs": 0
          },
          {
            "direction": "Output",
            "minQuantum": 1.000000,
            "maxQuantum": 1.000000,
            "minRate": 512,
            "maxRate": 512,
            "minNs": 0,
            "maxNs": 0
          }
        ],
        "Tag": [
        ]
      }
    }
  },
  {
    "id": 42,
    "type": "PipeWire:Interface:Port",
    "version": 3,
    "permissions": [ "r", "x", "m" ],
    "info": {
      "direction": "output",
      "change-mask": [ "props", "params" ],
      "props": {
        "audio.channel": "FR",
        "format.dsp": "32 bit float mono audio",
        "node.id": 53,
        "object.id": 42,
        "object.path": "alsa:acp:Microphone:0:capture:capture_1",
        "object.serial": 24088,
        "port.alias": "Wireless Microphone:capture_FR",
        "port.direction": "out",
        "port.group": "capture",
        "port.id": 1,
        "port.name": "capture_FR",
        "port.physical": true,
        "port.terminal": true
      },
      "params": {
        "EnumFormat": [
          {
            "mediaType": "audio",
            "mediaSubtype": "dsp",
            "format": "F32P"
          }
        ],
        "Meta": [
          {
            "type": "Header",
            "size": 32
          }
        ],
        "IO": [
          {
            "id": "Buffers",
            "size": 8
          },
          {
            "id": "AsyncBuffers",
            "size": 8
          }
        ],
        "Format": [
          {
            "mediaType": "audio",
            "mediaSubtype": "dsp",
            "format": "F32P"
          }
        ],
        "Buffers": [
          {
            "buffers": { "default": 1, "min": 1, "max": 32 },
            "blocks": 1,
            "size": { "default": 32768, "min": 64, "max": 2147483647 },
            "stride": 4
          }
        ],
        "Latency": [
          {
            "direction": "Input",
            "minQuantum": 0.000000,
            "maxQuantum": 0.000000,
            "minRate": 0,
            "maxRate": 0,
            "minNs": 0,
            "maxNs": 0
          },
          {
            "direction": "Output",
            "minQuantum": 1.000000,
            "maxQuantum": 1.000000,
            "minRate": 512,
            "maxRate": 512,
            "minNs": 0,
            "maxNs": 0
          }
        ],
        "Tag": [
        ]
      }
    }
  },
  {
    "id": 46,
    "type": "PipeWire:Interface:Port",
    "version": 3,
    "permissions": [ "r", "x", "m" ],
    "info": {
      "direction": "input",
      "change-mask": [ "props", "params" ],
      "props": {
        "audio.channel": "FL",
        "format.dsp": "32 bit float mono audio",
        "node.id": 60,
        "object.id": 46,
        "object.path": "alsa:acp:Headphones:1:playback:playback_0",
        "object.serial": 24089,
        "port.alias": "bcm2835 Headphones:playback_FL",
        "port.direction": "in",
        "port.group": "playback",
        "port.id": 0,
        "port.name": "playback_FL",
        "port.physical": true,
        "port.terminal": true
      },
      "params": {
        "EnumFormat": [
          {
            "mediaType": "audio",
            "mediaSubtype": "dsp",
            "format": "F32P"
          }
        ],
        "Meta": [
          {
            "type": "Header",
            "size": 32
          }
        ],
        "IO": [
          {
            "id": "Buffers",
            "size": 8
          },
          {
            "id": "AsyncBuffers",
            "size": 16
          }
        ],
        "Format": [ ],
        "Buffers": [ ],
        "Latency": [
          {
            "direction": "Input",
            "minQuantum": 1.000000,
            "maxQuantum": 1.000000,
            "minRate": 512,
            "maxRate": 512,
            "minNs": 0,
            "maxNs": 0
          },
          {
            "direction": "Output",
            "minQuantum": 0.000000,
            "maxQuantum": 0.000000,
            "minRate": 0,
            "maxRate": 0,
            "minNs": 0,
            "maxNs": 0
          }
        ],
        "Tag": [
        ]
      }
    }
  },
  {
    "id": 44,
    "type": "PipeWire:Interface:Port",
    "version": 3,
    "permissions": [ "r", "x", "m" ],
    "info": {
      "direction": "output",
      "change-mask": [ "props", "params" ],
      "props": {
        "audio.channel": "FL",
        "format.dsp": "32 bit float mono audio",
        "node.id": 60,
        "object.id": 44,
        "object.path": "alsa:acp:Headphones:1:playback:monitor_0",
        "object.serial": 24090,
        "port.alias": "bcm2835 Headphones:monitor_FL",
        "port.direction": "out",
        "port.group": "playback",
        "port.id": 0,
        "port.monitor": true,
        "port.name": "monitor_FL"
      },
      "params": {
        "EnumFormat": [
          {
            "mediaType": "audio",
            "mediaSubtype": "dsp",
            "format": "F32P"
          }
        ],
        "Meta": [
          {
            "type": "Header",
            "size": 32
          }
        ],
        "IO": [
          {
            "id": "Buffers",
            "size": 8
          },
          {
            "id": "AsyncBuffers",
            "size": 8
          }
        ],
        "Format": [ ],
        "Buffers": [ ],
        "Latency": [
          {
            "direction": "Input",
            "minQuantum": 0.000000,
            "maxQuantum": 0.000000,
            "minRate": 0,
            "maxRate": 0,
            "minNs": 0,
            "maxNs": 0
          },
          {
            "direction": "Output",
            "minQuantum": 0.000000,
            "maxQuantum": 0.000000,
            "minRate": 0,
            "maxRate": 0,
            "minNs": 0,
            "maxNs": 0
          }
        ],
        "Tag": [
        ]
      }
    }
  },
  {
    "id": 54,
    "type": "PipeWire:Interface:Port",
    "version": 3,
    "permissions": [ "r", "x", "m" ],
    "info": {
      "direction": "input",
      "change-mask": [ "props", "params" ],
      "props": {
        "audio.channel": "FR",
        "format.dsp": "32 bit float mono audio",
        "node.id": 60,
        "object.id": 54,
        "object.path": "alsa:acp:Headphones:1:playback:playback_1",
        "object.serial": 24091,
        "port.alias": "bcm2835 Headphones:playback_FR",
        "port.direction": "in",
        "port.group": "playback",
        "port.id": 1,
        "port.name": "playback_FR",
        "port.physical": true,
        "port.terminal": true
      },
      "params": {
        "EnumFormat": [
          {
            "mediaType": "audio",
            "mediaSubtype": "dsp",
            "format": "F32P"
          }
        ],
        "Meta": [
          {
            "type": "Header",
            "size": 32
          }
        ],
        "IO": [
          {
            "id": "Buffers",
            "size": 8
          },
          {
            "id": "AsyncBuffers",
            "size": 16
          }
        ],
        "Format": [ ],
        "Buffers": [ ],
        "Latency": [
          {
            "direction": "Input",
            "minQuantum": 1.000000,
            "maxQuantum": 1.000000,
            "minRate": 512,
            "maxRate": 512,
            "minNs": 0,
            "maxNs": 0
          },
          {
            "direction": "Output",
            "minQuantum": 0.000000,
            "maxQuantum": 0.000000,
            "minRate": 0,
            "maxRate": 0,
            "minNs": 0,
            "maxNs": 0
          }
        ],
        "Tag": [
        ]
      }
    }
  },
  {
    "id": 59,
    "type": "PipeWire:Interface:Port",
    "version": 3,
    "permissions": [ "r", "x", "m" ],
    "info": {
      "direction": "output",
      "change-mask": [ "props", "params" ],
      "props": {
        "audio.channel": "FR",
        "format.dsp": "32 bit float mono audio",
        "node.id": 60,
        "object.id": 59,
        "object.path": "alsa:acp:Headphones:1:playback:monitor_1",
        "object.serial": 24092,
        "port.alias": "bcm2835 Headphones:monitor_FR",
        "port.direction": "out",
        "port.group": "playback",
        "port.id": 1,
        "port.monitor": true,
        "port.name": "monitor_FR"
      },
      "params": {
        "EnumFormat": [
          {
            "mediaType": "audio",
            "mediaSubtype": "dsp",
            "format": "F32P"
          }
        ],
        "Meta": [
          {
            "type": "Header",
            "size": 32
          }
        ],
        "IO": [
          {
            "id": "Buffers",
            "size": 8
          },
          {
            "id": "AsyncBuffers",
            "size": 8
          }
        ],
        "Format": [ ],
        "Buffers": [ ],
        "Latency": [
          {
            "direction": "Input",
            "minQuantum": 0.000000,
            "maxQuantum": 0.000000,
            "minRate": 0,
            "maxRate": 0,
            "minNs": 0,
            "maxNs": 0
          },
          {
            "direction": "Output",
            "minQuantum": 0.000000,
            "maxQuantum": 0.000000,
            "minRate": 0,
            "maxRate": 0,
            "minNs": 0,
            "maxNs": 0
          }
        ],
        "Tag": [
        ]
      }
    }
  },
  {
    "id": 63,
    "type": "PipeWire:Interface:Node",
    "version": 3,
    "permissions": [ "r", "w", "x", "m" ],
    "info": {
      "max-input-ports": 0,
      "max-output-ports": 1,
      "change-mask": [ "input-ports", "output-ports", "state", "props", "params" ],
      "n-input-ports": 0,
      "n-output-ports": 1,
      "state": "suspended",
      "error": null,
      "props": {
        "api.v4l2.cap.bus_info": "platform:bcm2835-isp",
        "api.v4l2.cap.capabilities": 84200001,
        "api.v4l2.cap.card": "bcm2835-isp",
        "api.v4l2.cap.device-caps": 4200001,
        "api.v4l2.cap.driver": "bcm2835-isp",
        "api.v4l2.cap.version": "6.18.34",
        "api.v4l2.path": "/dev/video14",
        "client.id": 49,
        "clock.quantum-limit": 8192,
        "device.api": "v4l2",
        "device.devids": "[ 20742 ]",
        "device.id": 38,
        "factory.id": 11,
        "factory.name": "api.v4l2.source",
        "media.class": "Video/Source",
        "media.role": "Camera",
        "node.description": "bcm2835-isp (V4L2)",
        "node.driver": true,
        "node.loop.name": "data-loop.0",
        "node.name": "v4l2_input.platform-3f00b840.mailbox",
        "node.nick": "bcm2835-isp",
        "node.pause-on-idle": false,
        "object.id": 63,
        "object.path": "v4l2:/dev/video14",
        "object.serial": 24093,
        "priority.session": 860
      },
      "params": {
        "PropInfo": [
          {
            "id": "device",
            "description": "The V4L2 device",
            "type": "/dev/video14"
          },
          {
            "id": "deviceName",
            "description": "The V4L2 device name",
            "type": ""
          },
          {
            "id": "deviceFd",
            "description": "The V4L2 fd",
            "type": 0
          }
        ],
        "Props": [
          {
            "device": "/dev/video14",
            "deviceName": "",
            "deviceFd": 0
          }
        ],
        "EnumFormat": [
          {
            "mediaType": "video",
            "mediaSubtype": "raw",
            "format": "YUY2",
            "size": { "default": { "width": 64, "height": 64 }, "min": { "width": 64, "height": 64 }, "max": { "width": 16384, "height": 16384 }, "step": { "width": 16384, "height": 16384 } },
            "framerate": { "default": { "num": 25, "denom": 1 }, "min": { "num": 1, "denom": 1 }, "max": { "num": 120, "denom": 1 } }
          },
          {
            "mediaType": "video",
            "mediaSubtype": "raw",
            "format": "YVYU",
            "size": { "default": { "width": 64, "height": 64 }, "min": { "width": 64, "height": 64 }, "max": { "width": 16384, "height": 16384 }, "step": { "width": 16384, "height": 16384 } },
            "framerate": { "default": { "num": 25, "denom": 1 }, "min": { "num": 1, "denom": 1 }, "max": { "num": 120, "denom": 1 } }
          },
          {
            "mediaType": "video",
            "mediaSubtype": "raw",
            "format": "UNKNOWN",
            "size": { "default": { "width": 64, "height": 64 }, "min": { "width": 64, "height": 64 }, "max": { "width": 16384, "height": 16384 }, "step": { "width": 16384, "height": 16384 } },
            "framerate": { "default": { "num": 25, "denom": 1 }, "min": { "num": 1, "denom": 1 }, "max": { "num": 120, "denom": 1 } }
          },
          {
            "mediaType": "video",
            "mediaSubtype": "raw",
            "format": "UYVY",
            "size": { "default": { "width": 64, "height": 64 }, "min": { "width": 64, "height": 64 }, "max": { "width": 16384, "height": 16384 }, "step": { "width": 16384, "height": 16384 } },
            "framerate": { "default": { "num": 25, "denom": 1 }, "min": { "num": 1, "denom": 1 }, "max": { "num": 120, "denom": 1 } }
          },
          {
            "mediaType": "video",
            "mediaSubtype": "raw",
            "format": "I420",
            "size": { "default": { "width": 64, "height": 64 }, "min": { "width": 64, "height": 64 }, "max": { "width": 16384, "height": 16384 }, "step": { "width": 16384, "height": 16384 } },
            "framerate": { "default": { "num": 25, "denom": 1 }, "min": { "num": 1, "denom": 1 }, "max": { "num": 120, "denom": 1 } }
          },
          {
            "mediaType": "video",
            "mediaSubtype": "raw",
            "format": "YV12",
            "size": { "default": { "width": 64, "height": 64 }, "min": { "width": 64, "height": 64 }, "max": { "width": 16384, "height": 16384 }, "step": { "width": 16384, "height": 16384 } },
            "framerate": { "default": { "num": 25, "denom": 1 }, "min": { "num": 1, "denom": 1 }, "max": { "num": 120, "denom": 1 } }
          },
          {
            "mediaType": "video",
            "mediaSubtype": "raw",
            "format": "RGB",
            "size": { "default": { "width": 64, "height": 64 }, "min": { "width": 64, "height": 64 }, "max": { "width": 16384, "height": 16384 }, "step": { "width": 16384, "height": 16384 } },
            "framerate": { "default": { "num": 25, "denom": 1 }, "min": { "num": 1, "denom": 1 }, "max": { "num": 120, "denom": 1 } }
          },
          {
            "mediaType": "video",
            "mediaSubtype": "raw",
            "format": "BGR",
            "size": { "default": { "width": 64, "height": 64 }, "min": { "width": 64, "height": 64 }, "max": { "width": 16384, "height": 16384 }, "step": { "width": 16384, "height": 16384 } },
            "framerate": { "default": { "num": 25, "denom": 1 }, "min": { "num": 1, "denom": 1 }, "max": { "num": 120, "denom": 1 } }
          },
          {
            "mediaType": "video",
            "mediaSubtype": "raw",
            "format": "BGRx",
            "size": { "default": { "width": 64, "height": 64 }, "min": { "width": 64, "height": 64 }, "max": { "width": 16384, "height": 16384 }, "step": { "width": 16384, "height": 16384 } },
            "framerate": { "default": { "num": 25, "denom": 1 }, "min": { "num": 1, "denom": 1 }, "max": { "num": 120, "denom": 1 } }
          },
          {
            "mediaType": "video",
            "mediaSubtype": "raw",
            "format": "RGB16",
            "size": { "default": { "width": 64, "height": 64 }, "min": { "width": 64, "height": 64 }, "max": { "width": 16384, "height": 16384 }, "step": { "width": 16384, "height": 16384 } },
            "framerate": { "default": { "num": 25, "denom": 1 }, "min": { "num": 1, "denom": 1 }, "max": { "num": 120, "denom": 1 } }
          },
          {
            "mediaType": "video",
            "mediaSubtype": "raw",
            "format": "NV12",
            "size": { "default": { "width": 64, "height": 64 }, "min": { "width": 64, "height": 64 }, "max": { "width": 16384, "height": 16384 }, "step": { "width": 16384, "height": 16384 } },
            "framerate": { "default": { "num": 25, "denom": 1 }, "min": { "num": 1, "denom": 1 }, "max": { "num": 120, "denom": 1 } }
          },
          {
            "mediaType": "video",
            "mediaSubtype": "raw",
            "format": "NV21",
            "size": { "default": { "width": 64, "height": 64 }, "min": { "width": 64, "height": 64 }, "max": { "width": 16384, "height": 16384 }, "step": { "width": 16384, "height": 16384 } },
            "framerate": { "default": { "num": 25, "denom": 1 }, "min": { "num": 1, "denom": 1 }, "max": { "num": 120, "denom": 1 } }
          }
        ],
        "Format": [ ]
      }
    }
  },
  {
    "id": 96,
    "type": "PipeWire:Interface:Port",
    "version": 3,
    "permissions": [ "r", "x", "m" ],
    "info": {
      "direction": "output",
      "change-mask": [ "props", "params" ],
      "props": {
        "node.id": 63,
        "object.id": 96,
        "object.path": "v4l2:/dev/video14:capture_0",
        "object.serial": 24094,
        "port.alias": "bcm2835-isp:capture_1",
        "port.direction": "out",
        "port.group": "stream.0",
        "port.id": 0,
        "port.name": "capture_1",
        "port.physical": true,
        "port.terminal": true
      },
      "params": {
        "PropInfo": [
        ],
        "EnumFormat": [
          {
            "mediaType": "video",
            "mediaSubtype": "raw",
            "format": "YUY2",
            "size": { "default": { "width": 64, "height": 64 }, "min": { "width": 64, "height": 64 }, "max": { "width": 16384, "height": 16384 }, "step": { "width": 16384, "height": 16384 } },
            "framerate": { "default": { "num": 25, "denom": 1 }, "min": { "num": 1, "denom": 1 }, "max": { "num": 120, "denom": 1 } }
          },
          {
            "mediaType": "video",
            "mediaSubtype": "raw",
            "format": "YVYU",
            "size": { "default": { "width": 64, "height": 64 }, "min": { "width": 64, "height": 64 }, "max": { "width": 16384, "height": 16384 }, "step": { "width": 16384, "height": 16384 } },
            "framerate": { "default": { "num": 25, "denom": 1 }, "min": { "num": 1, "denom": 1 }, "max": { "num": 120, "denom": 1 } }
          },
          {
            "mediaType": "video",
            "mediaSubtype": "raw",
            "format": "UNKNOWN",
            "size": { "default": { "width": 64, "height": 64 }, "min": { "width": 64, "height": 64 }, "max": { "width": 16384, "height": 16384 }, "step": { "width": 16384, "height": 16384 } },
            "framerate": { "default": { "num": 25, "denom": 1 }, "min": { "num": 1, "denom": 1 }, "max": { "num": 120, "denom": 1 } }
          },
          {
            "mediaType": "video",
            "mediaSubtype": "raw",
            "format": "UYVY",
            "size": { "default": { "width": 64, "height": 64 }, "min": { "width": 64, "height": 64 }, "max": { "width": 16384, "height": 16384 }, "step": { "width": 16384, "height": 16384 } },
            "framerate": { "default": { "num": 25, "denom": 1 }, "min": { "num": 1, "denom": 1 }, "max": { "num": 120, "denom": 1 } }
          },
          {
            "mediaType": "video",
            "mediaSubtype": "raw",
            "format": "I420",
            "size": { "default": { "width": 64, "height": 64 }, "min": { "width": 64, "height": 64 }, "max": { "width": 16384, "height": 16384 }, "step": { "width": 16384, "height": 16384 } },
            "framerate": { "default": { "num": 25, "denom": 1 }, "min": { "num": 1, "denom": 1 }, "max": { "num": 120, "denom": 1 } }
          },
          {
            "mediaType": "video",
            "mediaSubtype": "raw",
            "format": "YV12",
            "size": { "default": { "width": 64, "height": 64 }, "min": { "width": 64, "height": 64 }, "max": { "width": 16384, "height": 16384 }, "step": { "width": 16384, "height": 16384 } },
            "framerate": { "default": { "num": 25, "denom": 1 }, "min": { "num": 1, "denom": 1 }, "max": { "num": 120, "denom": 1 } }
          },
          {
            "mediaType": "video",
            "mediaSubtype": "raw",
            "format": "RGB",
            "size": { "default": { "width": 64, "height": 64 }, "min": { "width": 64, "height": 64 }, "max": { "width": 16384, "height": 16384 }, "step": { "width": 16384, "height": 16384 } },
            "framerate": { "default": { "num": 25, "denom": 1 }, "min": { "num": 1, "denom": 1 }, "max": { "num": 120, "denom": 1 } }
          },
          {
            "mediaType": "video",
            "mediaSubtype": "raw",
            "format": "BGR",
            "size": { "default": { "width": 64, "height": 64 }, "min": { "width": 64, "height": 64 }, "max": { "width": 16384, "height": 16384 }, "step": { "width": 16384, "height": 16384 } },
            "framerate": { "default": { "num": 25, "denom": 1 }, "min": { "num": 1, "denom": 1 }, "max": { "num": 120, "denom": 1 } }
          },
          {
            "mediaType": "video",
            "mediaSubtype": "raw",
            "format": "BGRx",
            "size": { "default": { "width": 64, "height": 64 }, "min": { "width": 64, "height": 64 }, "max": { "width": 16384, "height": 16384 }, "step": { "width": 16384, "height": 16384 } },
            "framerate": { "default": { "num": 25, "denom": 1 }, "min": { "num": 1, "denom": 1 }, "max": { "num": 120, "denom": 1 } }
          },
          {
            "mediaType": "video",
            "mediaSubtype": "raw",
            "format": "RGB16",
            "size": { "default": { "width": 64, "height": 64 }, "min": { "width": 64, "height": 64 }, "max": { "width": 16384, "height": 16384 }, "step": { "width": 16384, "height": 16384 } },
            "framerate": { "default": { "num": 25, "denom": 1 }, "min": { "num": 1, "denom": 1 }, "max": { "num": 120, "denom": 1 } }
          },
          {
            "mediaType": "video",
            "mediaSubtype": "raw",
            "format": "NV12",
            "size": { "default": { "width": 64, "height": 64 }, "min": { "width": 64, "height": 64 }, "max": { "width": 16384, "height": 16384 }, "step": { "width": 16384, "height": 16384 } },
            "framerate": { "default": { "num": 25, "denom": 1 }, "min": { "num": 1, "denom": 1 }, "max": { "num": 120, "denom": 1 } }
          },
          {
            "mediaType": "video",
            "mediaSubtype": "raw",
            "format": "NV21",
            "size": { "default": { "width": 64, "height": 64 }, "min": { "width": 64, "height": 64 }, "max": { "width": 16384, "height": 16384 }, "step": { "width": 16384, "height": 16384 } },
            "framerate": { "default": { "num": 25, "denom": 1 }, "min": { "num": 1, "denom": 1 }, "max": { "num": 120, "denom": 1 } }
          }
        ],
        "Meta": [
          {
            "type": "Header",
            "size": 32
          },
          {
            "type": "VideoTransform",
            "size": 4
          }
        ],
        "IO": [
          {
            "id": "Buffers",
            "size": 8
          },
          {
            "id": "AsyncBuffers",
            "size": 8
          }
        ],
        "Format": [ ],
        "Buffers": [ ],
        "Latency": [
          {
            "direction": "Input",
            "minQuantum": 0.000000,
            "maxQuantum": 0.000000,
            "minRate": 0,
            "maxRate": 0,
            "minNs": 0,
            "maxNs": 0
          },
          {
            "direction": "Output",
            "minQuantum": 0.000000,
            "maxQuantum": 0.000000,
            "minRate": 0,
            "maxRate": 0,
            "minNs": 0,
            "maxNs": 0
          }
        ]
      }
    }
  },
  {
    "id": 57,
    "type": "PipeWire:Interface:Node",
    "version": 3,
    "permissions": [ "r", "w", "x", "m" ],
    "info": {
      "max-input-ports": 0,
      "max-output-ports": 1,
      "change-mask": [ "input-ports", "output-ports", "state", "props", "params" ],
      "n-input-ports": 0,
      "n-output-ports": 1,
      "state": "suspended",
      "error": null,
      "props": {
        "api.v4l2.cap.bus_info": "platform:bcm2835-isp",
        "api.v4l2.cap.capabilities": 84200001,
        "api.v4l2.cap.card": "bcm2835-isp",
        "api.v4l2.cap.device-caps": 4200001,
        "api.v4l2.cap.driver": "bcm2835-isp",
        "api.v4l2.cap.version": "6.18.34",
        "api.v4l2.path": "/dev/video15",
        "client.id": 49,
        "clock.quantum-limit": 8192,
        "device.api": "v4l2",
        "device.devids": "[ 20743 ]",
        "device.id": 80,
        "factory.id": 11,
        "factory.name": "api.v4l2.source",
        "media.class": "Video/Source",
        "media.role": "Camera",
        "node.description": "bcm2835-isp (V4L2)",
        "node.driver": true,
        "node.loop.name": "data-loop.0",
        "node.name": "v4l2_input.platform-3f00b840.mailbox",
        "node.nick": "bcm2835-isp",
        "node.pause-on-idle": false,
        "object.id": 57,
        "object.path": "v4l2:/dev/video15",
        "object.serial": 24095,
        "priority.session": 850
      },
      "params": {
        "PropInfo": [
          {
            "id": "device",
            "description": "The V4L2 device",
            "type": "/dev/video15"
          },
          {
            "id": "deviceName",
            "description": "The V4L2 device name",
            "type": ""
          },
          {
            "id": "deviceFd",
            "description": "The V4L2 fd",
            "type": 0
          }
        ],
        "Props": [
          {
            "device": "/dev/video15",
            "deviceName": "",
            "deviceFd": 0
          }
        ],
        "EnumFormat": [
          {
            "mediaType": "video",
            "mediaSubtype": "raw",
            "format": "YUY2",
            "size": { "default": { "width": 64, "height": 64 }, "min": { "width": 64, "height": 64 }, "max": { "width": 16384, "height": 16384 }, "step": { "width": 16384, "height": 16384 } },
            "framerate": { "default": { "num": 25, "denom": 1 }, "min": { "num": 1, "denom": 1 }, "max": { "num": 120, "denom": 1 } }
          },
          {
            "mediaType": "video",
            "mediaSubtype": "raw",
            "format": "YVYU",
            "size": { "default": { "width": 64, "height": 64 }, "min": { "width": 64, "height": 64 }, "max": { "width": 16384, "height": 16384 }, "step": { "width": 16384, "height": 16384 } },
            "framerate": { "default": { "num": 25, "denom": 1 }, "min": { "num": 1, "denom": 1 }, "max": { "num": 120, "denom": 1 } }
          },
          {
            "mediaType": "video",
            "mediaSubtype": "raw",
            "format": "UNKNOWN",
            "size": { "default": { "width": 64, "height": 64 }, "min": { "width": 64, "height": 64 }, "max": { "width": 16384, "height": 16384 }, "step": { "width": 16384, "height": 16384 } },
            "framerate": { "default": { "num": 25, "denom": 1 }, "min": { "num": 1, "denom": 1 }, "max": { "num": 120, "denom": 1 } }
          },
          {
            "mediaType": "video",
            "mediaSubtype": "raw",
            "format": "UYVY",
            "size": { "default": { "width": 64, "height": 64 }, "min": { "width": 64, "height": 64 }, "max": { "width": 16384, "height": 16384 }, "step": { "width": 16384, "height": 16384 } },
            "framerate": { "default": { "num": 25, "denom": 1 }, "min": { "num": 1, "denom": 1 }, "max": { "num": 120, "denom": 1 } }
          },
          {
            "mediaType": "video",
            "mediaSubtype": "raw",
            "format": "I420",
            "size": { "default": { "width": 64, "height": 64 }, "min": { "width": 64, "height": 64 }, "max": { "width": 16384, "height": 16384 }, "step": { "width": 16384, "height": 16384 } },
            "framerate": { "default": { "num": 25, "denom": 1 }, "min": { "num": 1, "denom": 1 }, "max": { "num": 120, "denom": 1 } }
          },
          {
            "mediaType": "video",
            "mediaSubtype": "raw",
            "format": "YV12",
            "size": { "default": { "width": 64, "height": 64 }, "min": { "width": 64, "height": 64 }, "max": { "width": 16384, "height": 16384 }, "step": { "width": 16384, "height": 16384 } },
            "framerate": { "default": { "num": 25, "denom": 1 }, "min": { "num": 1, "denom": 1 }, "max": { "num": 120, "denom": 1 } }
          },
          {
            "mediaType": "video",
            "mediaSubtype": "raw",
            "format": "NV12",
            "size": { "default": { "width": 64, "height": 64 }, "min": { "width": 64, "height": 64 }, "max": { "width": 16384, "height": 16384 }, "step": { "width": 16384, "height": 16384 } },
            "framerate": { "default": { "num": 25, "denom": 1 }, "min": { "num": 1, "denom": 1 }, "max": { "num": 120, "denom": 1 } }
          },
          {
            "mediaType": "video",
            "mediaSubtype": "raw",
            "format": "NV21",
            "size": { "default": { "width": 64, "height": 64 }, "min": { "width": 64, "height": 64 }, "max": { "width": 16384, "height": 16384 }, "step": { "width": 16384, "height": 16384 } },
            "framerate": { "default": { "num": 25, "denom": 1 }, "min": { "num": 1, "denom": 1 }, "max": { "num": 120, "denom": 1 } }
          }
        ],
        "Format": [ ]
      }
    }
  },
  {
    "id": 70,
    "type": "PipeWire:Interface:Port",
    "version": 3,
    "permissions": [ "r", "x", "m" ],
    "info": {
      "direction": "output",
      "change-mask": [ "props", "params" ],
      "props": {
        "node.id": 57,
        "object.id": 70,
        "object.path": "v4l2:/dev/video15:capture_0",
        "object.serial": 24096,
        "port.alias": "bcm2835-isp:capture_1",
        "port.direction": "out",
        "port.group": "stream.0",
        "port.id": 0,
        "port.name": "capture_1",
        "port.physical": true,
        "port.terminal": true
      },
      "params": {
        "PropInfo": [
        ],
        "EnumFormat": [
          {
            "mediaType": "video",
            "mediaSubtype": "raw",
            "format": "YUY2",
            "size": { "default": { "width": 64, "height": 64 }, "min": { "width": 64, "height": 64 }, "max": { "width": 16384, "height": 16384 }, "step": { "width": 16384, "height": 16384 } },
            "framerate": { "default": { "num": 25, "denom": 1 }, "min": { "num": 1, "denom": 1 }, "max": { "num": 120, "denom": 1 } }
          },
          {
            "mediaType": "video",
            "mediaSubtype": "raw",
            "format": "YVYU",
            "size": { "default": { "width": 64, "height": 64 }, "min": { "width": 64, "height": 64 }, "max": { "width": 16384, "height": 16384 }, "step": { "width": 16384, "height": 16384 } },
            "framerate": { "default": { "num": 25, "denom": 1 }, "min": { "num": 1, "denom": 1 }, "max": { "num": 120, "denom": 1 } }
          },
          {
            "mediaType": "video",
            "mediaSubtype": "raw",
            "format": "UNKNOWN",
            "size": { "default": { "width": 64, "height": 64 }, "min": { "width": 64, "height": 64 }, "max": { "width": 16384, "height": 16384 }, "step": { "width": 16384, "height": 16384 } },
            "framerate": { "default": { "num": 25, "denom": 1 }, "min": { "num": 1, "denom": 1 }, "max": { "num": 120, "denom": 1 } }
          },
          {
            "mediaType": "video",
            "mediaSubtype": "raw",
            "format": "UYVY",
            "size": { "default": { "width": 64, "height": 64 }, "min": { "width": 64, "height": 64 }, "max": { "width": 16384, "height": 16384 }, "step": { "width": 16384, "height": 16384 } },
            "framerate": { "default": { "num": 25, "denom": 1 }, "min": { "num": 1, "denom": 1 }, "max": { "num": 120, "denom": 1 } }
          },
          {
            "mediaType": "video",
            "mediaSubtype": "raw",
            "format": "I420",
            "size": { "default": { "width": 64, "height": 64 }, "min": { "width": 64, "height": 64 }, "max": { "width": 16384, "height": 16384 }, "step": { "width": 16384, "height": 16384 } },
            "framerate": { "default": { "num": 25, "denom": 1 }, "min": { "num": 1, "denom": 1 }, "max": { "num": 120, "denom": 1 } }
          },
          {
            "mediaType": "video",
            "mediaSubtype": "raw",
            "format": "YV12",
            "size": { "default": { "width": 64, "height": 64 }, "min": { "width": 64, "height": 64 }, "max": { "width": 16384, "height": 16384 }, "step": { "width": 16384, "height": 16384 } },
            "framerate": { "default": { "num": 25, "denom": 1 }, "min": { "num": 1, "denom": 1 }, "max": { "num": 120, "denom": 1 } }
          },
          {
            "mediaType": "video",
            "mediaSubtype": "raw",
            "format": "NV12",
            "size": { "default": { "width": 64, "height": 64 }, "min": { "width": 64, "height": 64 }, "max": { "width": 16384, "height": 16384 }, "step": { "width": 16384, "height": 16384 } },
            "framerate": { "default": { "num": 25, "denom": 1 }, "min": { "num": 1, "denom": 1 }, "max": { "num": 120, "denom": 1 } }
          },
          {
            "mediaType": "video",
            "mediaSubtype": "raw",
            "format": "NV21",
            "size": { "default": { "width": 64, "height": 64 }, "min": { "width": 64, "height": 64 }, "max": { "width": 16384, "height": 16384 }, "step": { "width": 16384, "height": 16384 } },
            "framerate": { "default": { "num": 25, "denom": 1 }, "min": { "num": 1, "denom": 1 }, "max": { "num": 120, "denom": 1 } }
          }
        ],
        "Meta": [
          {
            "type": "Header",
            "size": 32
          },
          {
            "type": "VideoTransform",
            "size": 4
          }
        ],
        "IO": [
          {
            "id": "Buffers",
            "size": 8
          },
          {
            "id": "AsyncBuffers",
            "size": 8
          }
        ],
        "Format": [ ],
        "Buffers": [ ],
        "Latency": [
          {
            "direction": "Input",
            "minQuantum": 0.000000,
            "maxQuantum": 0.000000,
            "minRate": 0,
            "maxRate": 0,
            "minNs": 0,
            "maxNs": 0
          },
          {
            "direction": "Output",
            "minQuantum": 0.000000,
            "maxQuantum": 0.000000,
            "minRate": 0,
            "maxRate": 0,
            "minNs": 0,
            "maxNs": 0
          }
        ]
      }
    }
  },
  {
    "id": 155,
    "type": "PipeWire:Interface:Node",
    "version": 3,
    "permissions": [ "r", "w", "x", "m" ],
    "info": {
      "max-input-ports": 0,
      "max-output-ports": 1,
      "change-mask": [ "input-ports", "output-ports", "state", "props", "params" ],
      "n-input-ports": 0,
      "n-output-ports": 1,
      "state": "suspended",
      "error": null,
      "props": {
        "api.v4l2.cap.bus_info": "platform:bcm2835-isp",
        "api.v4l2.cap.capabilities": 84200001,
        "api.v4l2.cap.card": "bcm2835-isp",
        "api.v4l2.cap.device-caps": 4200001,
        "api.v4l2.cap.driver": "bcm2835-isp",
        "api.v4l2.cap.version": "6.18.34",
        "api.v4l2.path": "/dev/video21",
        "client.id": 49,
        "clock.quantum-limit": 8192,
        "device.api": "v4l2",
        "device.devids": "[ 20746 ]",
        "device.id": 58,
        "factory.id": 11,
        "factory.name": "api.v4l2.source",
        "media.class": "Video/Source",
        "media.role": "Camera",
        "node.description": "bcm2835-isp (V4L2)",
        "node.driver": true,
        "node.loop.name": "data-loop.0",
        "node.name": "v4l2_input.platform-3f00b840.mailbox",
        "node.nick": "bcm2835-isp",
        "node.pause-on-idle": false,
        "object.id": 155,
        "object.path": "v4l2:/dev/video21",
        "object.serial": 24097,
        "priority.session": 790
      },
      "params": {
        "PropInfo": [
          {
            "id": "device",
            "description": "The V4L2 device",
            "type": "/dev/video21"
          },
          {
            "id": "deviceName",
            "description": "The V4L2 device name",
            "type": ""
          },
          {
            "id": "deviceFd",
            "description": "The V4L2 fd",
            "type": 0
          }
        ],
        "Props": [
          {
            "device": "/dev/video21",
            "deviceName": "",
            "deviceFd": 0
          }
        ],
        "EnumFormat": [
          {
            "mediaType": "video",
            "mediaSubtype": "raw",
            "format": "YUY2",
            "size": { "default": { "width": 64, "height": 64 }, "min": { "width": 64, "height": 64 }, "max": { "width": 16384, "height": 16384 }, "step": { "width": 16384, "height": 16384 } },
            "framerate": { "default": { "num": 25, "denom": 1 }, "min": { "num": 1, "denom": 1 }, "max": { "num": 120, "denom": 1 } }
          },
          {
            "mediaType": "video",
            "mediaSubtype": "raw",
            "format": "YVYU",
            "size": { "default": { "width": 64, "height": 64 }, "min": { "width": 64, "height": 64 }, "max": { "width": 16384, "height": 16384 }, "step": { "width": 16384, "height": 16384 } },
            "framerate": { "default": { "num": 25, "denom": 1 }, "min": { "num": 1, "denom": 1 }, "max": { "num": 120, "denom": 1 } }
          },
          {
            "mediaType": "video",
            "mediaSubtype": "raw",
            "format": "UNKNOWN",
            "size": { "default": { "width": 64, "height": 64 }, "min": { "width": 64, "height": 64 }, "max": { "width": 16384, "height": 16384 }, "step": { "width": 16384, "height": 16384 } },
            "framerate": { "default": { "num": 25, "denom": 1 }, "min": { "num": 1, "denom": 1 }, "max": { "num": 120, "denom": 1 } }
          },
          {
            "mediaType": "video",
            "mediaSubtype": "raw",
            "format": "UYVY",
            "size": { "default": { "width": 64, "height": 64 }, "min": { "width": 64, "height": 64 }, "max": { "width": 16384, "height": 16384 }, "step": { "width": 16384, "height": 16384 } },
            "framerate": { "default": { "num": 25, "denom": 1 }, "min": { "num": 1, "denom": 1 }, "max": { "num": 120, "denom": 1 } }
          },
          {
            "mediaType": "video",
            "mediaSubtype": "raw",
            "format": "I420",
            "size": { "default": { "width": 64, "height": 64 }, "min": { "width": 64, "height": 64 }, "max": { "width": 16384, "height": 16384 }, "step": { "width": 16384, "height": 16384 } },
            "framerate": { "default": { "num": 25, "denom": 1 }, "min": { "num": 1, "denom": 1 }, "max": { "num": 120, "denom": 1 } }
          },
          {
            "mediaType": "video",
            "mediaSubtype": "raw",
            "format": "YV12",
            "size": { "default": { "width": 64, "height": 64 }, "min": { "width": 64, "height": 64 }, "max": { "width": 16384, "height": 16384 }, "step": { "width": 16384, "height": 16384 } },
            "framerate": { "default": { "num": 25, "denom": 1 }, "min": { "num": 1, "denom": 1 }, "max": { "num": 120, "denom": 1 } }
          },
          {
            "mediaType": "video",
            "mediaSubtype": "raw",
            "format": "RGB",
            "size": { "default": { "width": 64, "height": 64 }, "min": { "width": 64, "height": 64 }, "max": { "width": 16384, "height": 16384 }, "step": { "width": 16384, "height": 16384 } },
            "framerate": { "default": { "num": 25, "denom": 1 }, "min": { "num": 1, "denom": 1 }, "max": { "num": 120, "denom": 1 } }
          },
          {
            "mediaType": "video",
            "mediaSubtype": "raw",
            "format": "BGR",
            "size": { "default": { "width": 64, "height": 64 }, "min": { "width": 64, "height": 64 }, "max": { "width": 16384, "height": 16384 }, "step": { "width": 16384, "height": 16384 } },
            "framerate": { "default": { "num": 25, "denom": 1 }, "min": { "num": 1, "denom": 1 }, "max": { "num": 120, "denom": 1 } }
          },
          {
            "mediaType": "video",
            "mediaSubtype": "raw",
            "format": "BGRx",
            "size": { "default": { "width": 64, "height": 64 }, "min": { "width": 64, "height": 64 }, "max": { "width": 16384, "height": 16384 }, "step": { "width": 16384, "height": 16384 } },
            "framerate": { "default": { "num": 25, "denom": 1 }, "min": { "num": 1, "denom": 1 }, "max": { "num": 120, "denom": 1 } }
          },
          {
            "mediaType": "video",
            "mediaSubtype": "raw",
            "format": "RGB16",
            "size": { "default": { "width": 64, "height": 64 }, "min": { "width": 64, "height": 64 }, "max": { "width": 16384, "height": 16384 }, "step": { "width": 16384, "height": 16384 } },
            "framerate": { "default": { "num": 25, "denom": 1 }, "min": { "num": 1, "denom": 1 }, "max": { "num": 120, "denom": 1 } }
          },
          {
            "mediaType": "video",
            "mediaSubtype": "raw",
            "format": "NV12",
            "size": { "default": { "width": 64, "height": 64 }, "min": { "width": 64, "height": 64 }, "max": { "width": 16384, "height": 16384 }, "step": { "width": 16384, "height": 16384 } },
            "framerate": { "default": { "num": 25, "denom": 1 }, "min": { "num": 1, "denom": 1 }, "max": { "num": 120, "denom": 1 } }
          },
          {
            "mediaType": "video",
            "mediaSubtype": "raw",
            "format": "NV21",
            "size": { "default": { "width": 64, "height": 64 }, "min": { "width": 64, "height": 64 }, "max": { "width": 16384, "height": 16384 }, "step": { "width": 16384, "height": 16384 } },
            "framerate": { "default": { "num": 25, "denom": 1 }, "min": { "num": 1, "denom": 1 }, "max": { "num": 120, "denom": 1 } }
          }
        ],
        "Format": [ ]
      }
    }
  },
  {
    "id": 130,
    "type": "PipeWire:Interface:Port",
    "version": 3,
    "permissions": [ "r", "x", "m" ],
    "info": {
      "direction": "output",
      "change-mask": [ "props", "params" ],
      "props": {
        "node.id": 155,
        "object.id": 130,
        "object.path": "v4l2:/dev/video21:capture_0",
        "object.serial": 24098,
        "port.alias": "bcm2835-isp:capture_1",
        "port.direction": "out",
        "port.group": "stream.0",
        "port.id": 0,
        "port.name": "capture_1",
        "port.physical": true,
        "port.terminal": true
      },
      "params": {
        "PropInfo": [
        ],
        "EnumFormat": [
          {
            "mediaType": "video",
            "mediaSubtype": "raw",
            "format": "YUY2",
            "size": { "default": { "width": 64, "height": 64 }, "min": { "width": 64, "height": 64 }, "max": { "width": 16384, "height": 16384 }, "step": { "width": 16384, "height": 16384 } },
            "framerate": { "default": { "num": 25, "denom": 1 }, "min": { "num": 1, "denom": 1 }, "max": { "num": 120, "denom": 1 } }
          },
          {
            "mediaType": "video",
            "mediaSubtype": "raw",
            "format": "YVYU",
            "size": { "default": { "width": 64, "height": 64 }, "min": { "width": 64, "height": 64 }, "max": { "width": 16384, "height": 16384 }, "step": { "width": 16384, "height": 16384 } },
            "framerate": { "default": { "num": 25, "denom": 1 }, "min": { "num": 1, "denom": 1 }, "max": { "num": 120, "denom": 1 } }
          },
          {
            "mediaType": "video",
            "mediaSubtype": "raw",
            "format": "UNKNOWN",
            "size": { "default": { "width": 64, "height": 64 }, "min": { "width": 64, "height": 64 }, "max": { "width": 16384, "height": 16384 }, "step": { "width": 16384, "height": 16384 } },
            "framerate": { "default": { "num": 25, "denom": 1 }, "min": { "num": 1, "denom": 1 }, "max": { "num": 120, "denom": 1 } }
          },
          {
            "mediaType": "video",
            "mediaSubtype": "raw",
            "format": "UYVY",
            "size": { "default": { "width": 64, "height": 64 }, "min": { "width": 64, "height": 64 }, "max": { "width": 16384, "height": 16384 }, "step": { "width": 16384, "height": 16384 } },
            "framerate": { "default": { "num": 25, "denom": 1 }, "min": { "num": 1, "denom": 1 }, "max": { "num": 120, "denom": 1 } }
          },
          {
            "mediaType": "video",
            "mediaSubtype": "raw",
            "format": "I420",
            "size": { "default": { "width": 64, "height": 64 }, "min": { "width": 64, "height": 64 }, "max": { "width": 16384, "height": 16384 }, "step": { "width": 16384, "height": 16384 } },
            "framerate": { "default": { "num": 25, "denom": 1 }, "min": { "num": 1, "denom": 1 }, "max": { "num": 120, "denom": 1 } }
          },
          {
            "mediaType": "video",
            "mediaSubtype": "raw",
            "format": "YV12",
            "size": { "default": { "width": 64, "height": 64 }, "min": { "width": 64, "height": 64 }, "max": { "width": 16384, "height": 16384 }, "step": { "width": 16384, "height": 16384 } },
            "framerate": { "default": { "num": 25, "denom": 1 }, "min": { "num": 1, "denom": 1 }, "max": { "num": 120, "denom": 1 } }
          },
          {
            "mediaType": "video",
            "mediaSubtype": "raw",
            "format": "RGB",
            "size": { "default": { "width": 64, "height": 64 }, "min": { "width": 64, "height": 64 }, "max": { "width": 16384, "height": 16384 }, "step": { "width": 16384, "height": 16384 } },
            "framerate": { "default": { "num": 25, "denom": 1 }, "min": { "num": 1, "denom": 1 }, "max": { "num": 120, "denom": 1 } }
          },
          {
            "mediaType": "video",
            "mediaSubtype": "raw",
            "format": "BGR",
            "size": { "default": { "width": 64, "height": 64 }, "min": { "width": 64, "height": 64 }, "max": { "width": 16384, "height": 16384 }, "step": { "width": 16384, "height": 16384 } },
            "framerate": { "default": { "num": 25, "denom": 1 }, "min": { "num": 1, "denom": 1 }, "max": { "num": 120, "denom": 1 } }
          },
          {
            "mediaType": "video",
            "mediaSubtype": "raw",
            "format": "BGRx",
            "size": { "default": { "width": 64, "height": 64 }, "min": { "width": 64, "height": 64 }, "max": { "width": 16384, "height": 16384 }, "step": { "width": 16384, "height": 16384 } },
            "framerate": { "default": { "num": 25, "denom": 1 }, "min": { "num": 1, "denom": 1 }, "max": { "num": 120, "denom": 1 } }
          },
          {
            "mediaType": "video",
            "mediaSubtype": "raw",
            "format": "RGB16",
            "size": { "default": { "width": 64, "height": 64 }, "min": { "width": 64, "height": 64 }, "max": { "width": 16384, "height": 16384 }, "step": { "width": 16384, "height": 16384 } },
            "framerate": { "default": { "num": 25, "denom": 1 }, "min": { "num": 1, "denom": 1 }, "max": { "num": 120, "denom": 1 } }
          },
          {
            "mediaType": "video",
            "mediaSubtype": "raw",
            "format": "NV12",
            "size": { "default": { "width": 64, "height": 64 }, "min": { "width": 64, "height": 64 }, "max": { "width": 16384, "height": 16384 }, "step": { "width": 16384, "height": 16384 } },
            "framerate": { "default": { "num": 25, "denom": 1 }, "min": { "num": 1, "denom": 1 }, "max": { "num": 120, "denom": 1 } }
          },
          {
            "mediaType": "video",
            "mediaSubtype": "raw",
            "format": "NV21",
            "size": { "default": { "width": 64, "height": 64 }, "min": { "width": 64, "height": 64 }, "max": { "width": 16384, "height": 16384 }, "step": { "width": 16384, "height": 16384 } },
            "framerate": { "default": { "num": 25, "denom": 1 }, "min": { "num": 1, "denom": 1 }, "max": { "num": 120, "denom": 1 } }
          }
        ],
        "Meta": [
          {
            "type": "Header",
            "size": 32
          },
          {
            "type": "VideoTransform",
            "size": 4
          }
        ],
        "IO": [
          {
            "id": "Buffers",
            "size": 8
          },
          {
            "id": "AsyncBuffers",
            "size": 8
          }
        ],
        "Format": [ ],
        "Buffers": [ ],
        "Latency": [
          {
            "direction": "Input",
            "minQuantum": 0.000000,
            "maxQuantum": 0.000000,
            "minRate": 0,
            "maxRate": 0,
            "minNs": 0,
            "maxNs": 0
          },
          {
            "direction": "Output",
            "minQuantum": 0.000000,
            "maxQuantum": 0.000000,
            "minRate": 0,
            "maxRate": 0,
            "minNs": 0,
            "maxNs": 0
          }
        ]
      }
    }
  },
  {
    "id": 105,
    "type": "PipeWire:Interface:Node",
    "version": 3,
    "permissions": [ "r", "w", "x", "m" ],
    "info": {
      "max-input-ports": 0,
      "max-output-ports": 1,
      "change-mask": [ "input-ports", "output-ports", "state", "props", "params" ],
      "n-input-ports": 0,
      "n-output-ports": 1,
      "state": "suspended",
      "error": null,
      "props": {
        "api.v4l2.cap.bus_info": "platform:bcm2835-isp",
        "api.v4l2.cap.capabilities": 84200001,
        "api.v4l2.cap.card": "bcm2835-isp",
        "api.v4l2.cap.device-caps": 4200001,
        "api.v4l2.cap.driver": "bcm2835-isp",
        "api.v4l2.cap.version": "6.18.34",
        "api.v4l2.path": "/dev/video22",
        "client.id": 49,
        "clock.quantum-limit": 8192,
        "device.api": "v4l2",
        "device.devids": "[ 20747 ]",
        "device.id": 69,
        "factory.id": 11,
        "factory.name": "api.v4l2.source",
        "media.class": "Video/Source",
        "media.role": "Camera",
        "node.description": "bcm2835-isp (V4L2)",
        "node.driver": true,
        "node.loop.name": "data-loop.0",
        "node.name": "v4l2_input.platform-3f00b840.mailbox",
        "node.nick": "bcm2835-isp",
        "node.pause-on-idle": false,
        "object.id": 105,
        "object.path": "v4l2:/dev/video22",
        "object.serial": 24099,
        "priority.session": 780
      },
      "params": {
        "PropInfo": [
          {
            "id": "device",
            "description": "The V4L2 device",
            "type": "/dev/video22"
          },
          {
            "id": "deviceName",
            "description": "The V4L2 device name",
            "type": ""
          },
          {
            "id": "deviceFd",
            "description": "The V4L2 fd",
            "type": 0
          }
        ],
        "Props": [
          {
            "device": "/dev/video22",
            "deviceName": "",
            "deviceFd": 0
          }
        ],
        "EnumFormat": [
          {
            "mediaType": "video",
            "mediaSubtype": "raw",
            "format": "YUY2",
            "size": { "default": { "width": 64, "height": 64 }, "min": { "width": 64, "height": 64 }, "max": { "width": 16384, "height": 16384 }, "step": { "width": 16384, "height": 16384 } },
            "framerate": { "default": { "num": 25, "denom": 1 }, "min": { "num": 1, "denom": 1 }, "max": { "num": 120, "denom": 1 } }
          },
          {
            "mediaType": "video",
            "mediaSubtype": "raw",
            "format": "YVYU",
            "size": { "default": { "width": 64, "height": 64 }, "min": { "width": 64, "height": 64 }, "max": { "width": 16384, "height": 16384 }, "step": { "width": 16384, "height": 16384 } },
            "framerate": { "default": { "num": 25, "denom": 1 }, "min": { "num": 1, "denom": 1 }, "max": { "num": 120, "denom": 1 } }
          },
          {
            "mediaType": "video",
            "mediaSubtype": "raw",
            "format": "UNKNOWN",
            "size": { "default": { "width": 64, "height": 64 }, "min": { "width": 64, "height": 64 }, "max": { "width": 16384, "height": 16384 }, "step": { "width": 16384, "height": 16384 } },
            "framerate": { "default": { "num": 25, "denom": 1 }, "min": { "num": 1, "denom": 1 }, "max": { "num": 120, "denom": 1 } }
          },
          {
            "mediaType": "video",
            "mediaSubtype": "raw",
            "format": "UYVY",
            "size": { "default": { "width": 64, "height": 64 }, "min": { "width": 64, "height": 64 }, "max": { "width": 16384, "height": 16384 }, "step": { "width": 16384, "height": 16384 } },
            "framerate": { "default": { "num": 25, "denom": 1 }, "min": { "num": 1, "denom": 1 }, "max": { "num": 120, "denom": 1 } }
          },
          {
            "mediaType": "video",
            "mediaSubtype": "raw",
            "format": "I420",
            "size": { "default": { "width": 64, "height": 64 }, "min": { "width": 64, "height": 64 }, "max": { "width": 16384, "height": 16384 }, "step": { "width": 16384, "height": 16384 } },
            "framerate": { "default": { "num": 25, "denom": 1 }, "min": { "num": 1, "denom": 1 }, "max": { "num": 120, "denom": 1 } }
          },
          {
            "mediaType": "video",
            "mediaSubtype": "raw",
            "format": "YV12",
            "size": { "default": { "width": 64, "height": 64 }, "min": { "width": 64, "height": 64 }, "max": { "width": 16384, "height": 16384 }, "step": { "width": 16384, "height": 16384 } },
            "framerate": { "default": { "num": 25, "denom": 1 }, "min": { "num": 1, "denom": 1 }, "max": { "num": 120, "denom": 1 } }
          },
          {
            "mediaType": "video",
            "mediaSubtype": "raw",
            "format": "NV12",
            "size": { "default": { "width": 64, "height": 64 }, "min": { "width": 64, "height": 64 }, "max": { "width": 16384, "height": 16384 }, "step": { "width": 16384, "height": 16384 } },
            "framerate": { "default": { "num": 25, "denom": 1 }, "min": { "num": 1, "denom": 1 }, "max": { "num": 120, "denom": 1 } }
          },
          {
            "mediaType": "video",
            "mediaSubtype": "raw",
            "format": "NV21",
            "size": { "default": { "width": 64, "height": 64 }, "min": { "width": 64, "height": 64 }, "max": { "width": 16384, "height": 16384 }, "step": { "width": 16384, "height": 16384 } },
            "framerate": { "default": { "num": 25, "denom": 1 }, "min": { "num": 1, "denom": 1 }, "max": { "num": 120, "denom": 1 } }
          }
        ],
        "Format": [ ]
      }
    }
  },
  {
    "id": 151,
    "type": "PipeWire:Interface:Port",
    "version": 3,
    "permissions": [ "r", "x", "m" ],
    "info": {
      "direction": "output",
      "change-mask": [ "props", "params" ],
      "props": {
        "node.id": 105,
        "object.id": 151,
        "object.path": "v4l2:/dev/video22:capture_0",
        "object.serial": 24100,
        "port.alias": "bcm2835-isp:capture_1",
        "port.direction": "out",
        "port.group": "stream.0",
        "port.id": 0,
        "port.name": "capture_1",
        "port.physical": true,
        "port.terminal": true
      },
      "params": {
        "PropInfo": [
        ],
        "EnumFormat": [
          {
            "mediaType": "video",
            "mediaSubtype": "raw",
            "format": "YUY2",
            "size": { "default": { "width": 64, "height": 64 }, "min": { "width": 64, "height": 64 }, "max": { "width": 16384, "height": 16384 }, "step": { "width": 16384, "height": 16384 } },
            "framerate": { "default": { "num": 25, "denom": 1 }, "min": { "num": 1, "denom": 1 }, "max": { "num": 120, "denom": 1 } }
          },
          {
            "mediaType": "video",
            "mediaSubtype": "raw",
            "format": "YVYU",
            "size": { "default": { "width": 64, "height": 64 }, "min": { "width": 64, "height": 64 }, "max": { "width": 16384, "height": 16384 }, "step": { "width": 16384, "height": 16384 } },
            "framerate": { "default": { "num": 25, "denom": 1 }, "min": { "num": 1, "denom": 1 }, "max": { "num": 120, "denom": 1 } }
          },
          {
            "mediaType": "video",
            "mediaSubtype": "raw",
            "format": "UNKNOWN",
            "size": { "default": { "width": 64, "height": 64 }, "min": { "width": 64, "height": 64 }, "max": { "width": 16384, "height": 16384 }, "step": { "width": 16384, "height": 16384 } },
            "framerate": { "default": { "num": 25, "denom": 1 }, "min": { "num": 1, "denom": 1 }, "max": { "num": 120, "denom": 1 } }
          },
          {
            "mediaType": "video",
            "mediaSubtype": "raw",
            "format": "UYVY",
            "size": { "default": { "width": 64, "height": 64 }, "min": { "width": 64, "height": 64 }, "max": { "width": 16384, "height": 16384 }, "step": { "width": 16384, "height": 16384 } },
            "framerate": { "default": { "num": 25, "denom": 1 }, "min": { "num": 1, "denom": 1 }, "max": { "num": 120, "denom": 1 } }
          },
          {
            "mediaType": "video",
            "mediaSubtype": "raw",
            "format": "I420",
            "size": { "default": { "width": 64, "height": 64 }, "min": { "width": 64, "height": 64 }, "max": { "width": 16384, "height": 16384 }, "step": { "width": 16384, "height": 16384 } },
            "framerate": { "default": { "num": 25, "denom": 1 }, "min": { "num": 1, "denom": 1 }, "max": { "num": 120, "denom": 1 } }
          },
          {
            "mediaType": "video",
            "mediaSubtype": "raw",
            "format": "YV12",
            "size": { "default": { "width": 64, "height": 64 }, "min": { "width": 64, "height": 64 }, "max": { "width": 16384, "height": 16384 }, "step": { "width": 16384, "height": 16384 } },
            "framerate": { "default": { "num": 25, "denom": 1 }, "min": { "num": 1, "denom": 1 }, "max": { "num": 120, "denom": 1 } }
          },
          {
            "mediaType": "video",
            "mediaSubtype": "raw",
            "format": "NV12",
            "size": { "default": { "width": 64, "height": 64 }, "min": { "width": 64, "height": 64 }, "max": { "width": 16384, "height": 16384 }, "step": { "width": 16384, "height": 16384 } },
            "framerate": { "default": { "num": 25, "denom": 1 }, "min": { "num": 1, "denom": 1 }, "max": { "num": 120, "denom": 1 } }
          },
          {
            "mediaType": "video",
            "mediaSubtype": "raw",
            "format": "NV21",
            "size": { "default": { "width": 64, "height": 64 }, "min": { "width": 64, "height": 64 }, "max": { "width": 16384, "height": 16384 }, "step": { "width": 16384, "height": 16384 } },
            "framerate": { "default": { "num": 25, "denom": 1 }, "min": { "num": 1, "denom": 1 }, "max": { "num": 120, "denom": 1 } }
          }
        ],
        "Meta": [
          {
            "type": "Header",
            "size": 32
          },
          {
            "type": "VideoTransform",
            "size": 4
          }
        ],
        "IO": [
          {
            "id": "Buffers",
            "size": 8
          },
          {
            "id": "AsyncBuffers",
            "size": 8
          }
        ],
        "Format": [ ],
        "Buffers": [ ],
        "Latency": [
          {
            "direction": "Input",
            "minQuantum": 0.000000,
            "maxQuantum": 0.000000,
            "minRate": 0,
            "maxRate": 0,
            "minNs": 0,
            "maxNs": 0
          },
          {
            "direction": "Output",
            "minQuantum": 0.000000,
            "maxQuantum": 0.000000,
            "minRate": 0,
            "maxRate": 0,
            "minNs": 0,
            "maxNs": 0
          }
        ]
      }
    }
  },
  {
    "id": 87,
    "type": "PipeWire:Interface:Device",
    "version": 3,
    "permissions": [ "r", "w", "x", "m" ],
    "info": {
      "change-mask": [ "props", "params" ],
      "props": {
        "api.bluez5.address": "5C:33:7B:CB:BF:C5",
        "api.bluez5.class": "0x5a420c",
        "api.bluez5.connection": "connected",
        "api.bluez5.device": "",
        "api.bluez5.icon": "phone",
        "api.bluez5.path": "/org/bluez/hci0/dev_5C_33_7B_CB_BF_C5",
        "bluez5.profile": "off",
        "client.id": 49,
        "device.alias": "Pixel 7a",
        "device.api": "bluez5",
        "device.bus": "bluetooth",
        "device.description": "Pixel 7a",
        "device.form-factor": "phone",
        "device.icon-name": "audio-card-bluetooth",
        "device.name": "bluez_card.5C_33_7B_CB_BF_C5",
        "device.product.id": "0x1200",
        "device.string": "5C:33:7B:CB:BF:C5",
        "device.vendor.id": "bluetooth:00e0",
        "factory.id": 15,
        "media.class": "Audio/Device",
        "node.pause-on-idle": false,
        "object.id": 87,
        "object.serial": 28986,
        "session.suspend-timeout-seconds": 0,
        "spa.object.id": 4
      },
      "params": {
        "EnumProfile": [
          {
            "index": 0,
            "name": "off",
            "description": "Off",
            "available": "yes",
            "priority": 0
          },
          {
            "index": 65536,
            "name": "audio-gateway",
            "description": "Audio Gateway (A2DP Source & HSP/HFP AG)",
            "available": "yes",
            "priority": 256
          }
        ],
        "Profile": [
          {
            "index": 65536,
            "name": "audio-gateway",
            "description": "Audio Gateway (A2DP Source & HSP/HFP AG)",
            "available": "yes",
            "priority": 256,
            "save": false
          }
        ],
        "EnumRoute": [
        ],
        "Route": [
        ],
        "PropInfo": [
          {
            "id": "bluetoothAudioCodec",
            "description": "Air codec",
            "type": null,
            "labels": [
            ]
          },
          {
            "id": "bluetoothOffloadActive",
            "description": "Bluetooth audio offload active",
            "type": {
              "default": false,
              "alt1": false,
              "alt2": true
            }
          }
        ],
        "Props": [
          {
            "bluetoothAudioCodec": "msbc",
            "bluetoothOffloadActive": false
          }
        ]
      }
    }
  },
  {
    "id": 89,
    "type": "PipeWire:Interface:Node",
    "version": 3,
    "permissions": [ "r", "w", "x", "m" ],
    "info": {
      "max-input-ports": 0,
      "max-output-ports": 65,
      "change-mask": [ "input-ports", "output-ports", "state", "props", "params" ],
      "n-input-ports": 0,
      "n-output-ports": 2,
      "state": "running",
      "error": null,
      "props": {
        "api.bluez5.address": "5C:33:7B:CB:BF:C5",
        "api.bluez5.codec": "msbc",
        "api.bluez5.profile": "headset-audio-gateway",
        "api.bluez5.transport": "",
        "bluez5.loopback": false,
        "client.id": 49,
        "clock.quantum-limit": 8192,
        "device.api": "bluez5",
        "device.id": 87,
        "device.routes": 1,
        "factory.id": 12,
        "factory.name": "api.bluez5.sco.source",
        "library.name": "audioconvert/libspa-audioconvert",
        "media.class": "Stream/Output/Audio",
        "media.name": "Pixel 7a",
        "media.role": "Communication",
        "node.autoconnect": true,
        "node.description": "Pixel 7a",
        "node.driver-id": 53,
        "node.loop.name": "data-loop.0",
        "node.name": "bluez_input.5C_33_7B_CB_BF_C5.0",
        "node.pause-on-idle": false,
        "object.id": 89,
        "object.serial": 28987,
        "port.group": "stream.0",
        "priority.driver": 2010,
        "priority.session": 2010,
        "spa.object.id": 0
      },
      "params": {
        "EnumFormat": [
          {
            "mediaType": "audio",
            "mediaSubtype": "raw",
            "format": "S16LE",
            "rate": 16000,
            "channels": 1,
            "position": [ "MONO" ]
          }
        ],
        "PropInfo": [
          {
            "id": "volume",
            "description": "Volume",
            "type": { "default": 1.000000, "min": 0.000000, "max": 10.000000 }
          },
          {
            "id": "mute",
            "description": "Mute",
            "type": {
              "default": false,
              "alt1": false,
              "alt2": true
            }
          },
          {
            "id": "channelVolumes",
            "description": "Channel Volumes",
            "type": { "default": 1.000000, "min": 0.000000, "max": 10.000000 },
            "container": "Array"
          },
          {
            "id": "channelMap",
            "description": "Channel Map",
            "type": "",
            "container": "Array"
          },
          {
            "id": "monitorMute",
            "description": "Monitor Mute",
            "type": {
              "default": false,
              "alt1": false,
              "alt2": true
            }
          },
          {
            "id": "monitorVolumes",
            "description": "Monitor Volumes",
            "type": { "default": 1.000000, "min": 0.000000, "max": 10.000000 },
            "container": "Array"
          },
          {
            "id": "softMute",
            "description": "Soft Mute",
            "type": {
              "default": false,
              "alt1": false,
              "alt2": true
            }
          },
          {
            "id": "softVolumes",
            "description": "Soft Volumes",
            "type": { "default": 1.000000, "min": 0.000000, "max": 10.000000 },
            "container": "Array"
          },
          {
            "name": "monitor.channel-volumes",
            "description": "Monitor channel volume",
            "type": {
              "default": false,
              "alt1": false,
              "alt2": true
            },
            "params": true
          },
          {
            "name": "channelmix.disable",
            "description": "Disable Channel mixing",
            "type": {
              "default": false,
              "alt1": false,
              "alt2": true
            },
            "params": true
          },
          {
            "name": "channelmix.min-volume",
            "description": "Minimum volume level",
            "type": { "default": 0.000000, "min": 0.000000, "max": 10.000000 },
            "params": true
          },
          {
            "name": "channelmix.max-volume",
            "description": "Maximum volume level",
            "type": { "default": 10.000000, "min": 0.000000, "max": 10.000000 },
            "params": true
          },
          {
            "name": "channelmix.normalize",
            "description": "Normalize Volumes",
            "type": {
              "default": false,
              "alt1": false,
              "alt2": true
            },
            "params": true
          },
          {
            "name": "channelmix.mix-lfe",
            "description": "Mix LFE into channels",
            "type": {
              "default": true,
              "alt1": true,
              "alt2": false
            },
            "params": true
          },
          {
            "name": "channelmix.upmix",
            "description": "Enable upmixing",
            "type": {
              "default": true,
              "alt1": true,
              "alt2": false
            },
            "params": true
          },
          {
            "name": "channelmix.lfe-cutoff",
            "description": "LFE cutoff frequency",
            "type": { "default": 0.000000, "min": 0.000000, "max": 1000.000000 },
            "params": true
          },
          {
            "name": "channelmix.fc-cutoff",
            "description": "FC cutoff frequency (Hz)",
            "type": { "default": 0.000000, "min": 0.000000, "max": 48000.000000 },
            "params": true
          },
          {
            "name": "channelmix.rear-delay",
            "description": "Rear channels delay (ms)",
            "type": { "default": 0.000000, "min": 0.000000, "max": 1000.000000 },
            "params": true
          },
          {
            "name": "channelmix.stereo-widen",
            "description": "Stereo widen",
            "type": { "default": 0.000000, "min": 0.000000, "max": 1.000000 },
            "params": true
          },
          {
            "name": "channelmix.hilbert-taps",
            "description": "Taps for phase shift of rear",
            "type": { "default": 0, "min": 0, "max": 255 },
            "params": true
          },
          {
            "name": "channelmix.upmix-method",
            "description": "Upmix method to use",
            "type": "none",
            "params": true,
            "labels": [
              "none",
              "Disabled",
              "simple",
              "Simple upmixing",
              "psd",
              "Passive Surround Decoding"
            ]
          },
          {
            "id": "rate",
            "description": "Rate scaler",
            "type": { "default": 1.000000, "min": 0.000000, "max": 10.000000 }
          },
          {
            "id": "quality",
            "name": "resample.quality",
            "description": "Resample Quality",
            "type": { "default": 4, "min": 0, "max": 14 },
            "params": true
          },
          {
            "name": "resample.disable",
            "description": "Disable Resampling",
            "type": {
              "default": false,
              "alt1": false,
              "alt2": true
            },
            "params": true
          },
          {
            "name": "dither.noise",
            "description": "Add noise bits",
            "type": { "default": 0, "min": 0, "max": 16 },
            "params": true
          },
          {
            "name": "dither.method",
            "description": "The dithering method",
            "type": "none",
            "params": true,
            "labels": [
              "none",
              "Disabled",
              "rectangular",
              "Rectangular dithering",
              "triangular",
              "Triangular dithering",
              "triangular-hf",
              "Sloped Triangular dithering",
              "wannamaker3",
              "Wannamaker 3 dithering",
              "shaped5",
              "Lipshitz 5 dithering"
            ]
          },
          {
            "name": "debug.wav-path",
            "description": "Path to WAV file",
            "type": "",
            "params": true
          },
          {
            "name": "channelmix.lock-volumes",
            "description": "Disable volume updates",
            "type": {
              "default": false,
              "alt1": false,
              "alt2": true
            },
            "params": true
          },
          {
            "name": "audioconvert.filter-graph.disable",
            "description": "Disable Filter graph updates",
            "type": {
              "default": false,
              "alt1": false,
              "alt2": true
            },
            "params": true
          },
          {
            "name": "audioconvert.filter-graph",
            "description": "A filter graph to load",
            "type": "",
            "params": true
          }
        ],
        "Props": [
          {
            "volume": 0.394370,
            "mute": false,
            "channelVolumes": [ 1.000000 ],
            "channelMap": [ "MONO" ],
            "softMute": false,
            "softVolumes": [ 1.000000 ],
            "monitorMute": false,
            "monitorVolumes": [ 1.000000 ],
            "params": [
              "monitor.channel-volumes",
              false,
              "channelmix.disable",
              false,
              "channelmix.min-volume",
              0.000000,
              "channelmix.max-volume",
              10.000000,
              "channelmix.normalize",
              false,
              "channelmix.mix-lfe",
              true,
              "channelmix.upmix",
              true,
              "channelmix.lfe-cutoff",
              0.000000,
              "channelmix.fc-cutoff",
              0.000000,
              "channelmix.rear-delay",
              0.000000,
              "channelmix.stereo-widen",
              0.000000,
              "channelmix.hilbert-taps",
              0,
              "channelmix.upmix-method",
              "none",
              "resample.quality",
              4,
              "resample.disable",
              false,
              "dither.noise",
              0,
              "dither.method",
              "none",
              "debug.wav-path",
              "",
              "channelmix.lock-volumes",
              false,
              "audioconvert.filter-graph.disable",
              false,
              "audioconvert.filter-graph",
              ""
            ]
          }
        ],
        "Format": [
          {
            "mediaType": "audio",
            "mediaSubtype": "raw",
            "format": "S16LE",
            "rate": 16000,
            "channels": 1,
            "position": [ "MONO" ]
          }
        ],
        "EnumPortConfig": [
          {
            "direction": "Output",
            "mode": {
              "default": "none",
              "alt1": "none",
              "alt2": "dsp",
              "alt3": "convert"
            },
            "monitor": {
              "default": false,
              "alt1": false,
              "alt2": true
            },
            "control": {
              "default": false,
              "alt1": false,
              "alt2": true
            }
          }
        ],
        "PortConfig": [
          {
            "direction": "Output",
            "mode": "dsp",
            "monitor": true,
            "control": false,
            "format": {
              "mediaType": "audio",
              "mediaSubtype": "raw",
              "format": "F32P",
              "channels": 2,
              "position": [ "FL", "FR" ]
            }
          }
        ],
        "Latency": [
          {
            "direction": "Output",
            "minQuantum": 1.000000,
            "maxQuantum": 1.000000,
            "minRate": 0,
            "maxRate": 0,
            "minNs": 0,
            "maxNs": 0
          }
        ],
        "ProcessLatency": [
        ],
        "Tag": [
        ]
      }
    }
  },
  {
    "id": 148,
    "type": "PipeWire:Interface:Node",
    "version": 3,
    "permissions": [ "r", "w", "x", "m" ],
    "info": {
      "max-input-ports": 65,
      "max-output-ports": 0,
      "change-mask": [ "input-ports", "output-ports", "state", "props", "params" ],
      "n-input-ports": 2,
      "n-output-ports": 2,
      "state": "running",
      "error": null,
      "props": {
        "api.bluez5.address": "5C:33:7B:CB:BF:C5",
        "api.bluez5.codec": "msbc",
        "api.bluez5.profile": "headset-audio-gateway",
        "api.bluez5.transport": "",
        "bluez5.loopback": false,
        "client.id": 49,
        "clock.quantum-limit": 8192,
        "device.api": "bluez5",
        "device.id": 87,
        "device.routes": 1,
        "factory.id": 12,
        "factory.name": "api.bluez5.sco.sink",
        "library.name": "audioconvert/libspa-audioconvert",
        "media.class": "Stream/Input/Audio",
        "media.name": "Pixel 7a",
        "media.role": "Communication",
        "node.autoconnect": true,
        "node.description": "Pixel 7a",
        "node.driver-id": 53,
        "node.loop.name": "data-loop.0",
        "node.name": "bluez_output.5C_33_7B_CB_BF_C5.1",
        "node.pause-on-idle": false,
        "object.id": 148,
        "object.serial": 28988,
        "port.group": "stream.0",
        "priority.driver": 1010,
        "priority.session": 1010,
        "spa.object.id": 1
      },
      "params": {
        "EnumFormat": [
          {
            "mediaType": "audio",
            "mediaSubtype": "raw",
            "format": "S16LE",
            "rate": 16000,
            "channels": 1,
            "position": [ "MONO" ]
          }
        ],
        "PropInfo": [
          {
            "id": "volume",
            "description": "Volume",
            "type": { "default": 1.000000, "min": 0.000000, "max": 10.000000 }
          },
          {
            "id": "mute",
            "description": "Mute",
            "type": {
              "default": false,
              "alt1": false,
              "alt2": true
            }
          },
          {
            "id": "channelVolumes",
            "description": "Channel Volumes",
            "type": { "default": 1.000000, "min": 0.000000, "max": 10.000000 },
            "container": "Array"
          },
          {
            "id": "channelMap",
            "description": "Channel Map",
            "type": "",
            "container": "Array"
          },
          {
            "id": "monitorMute",
            "description": "Monitor Mute",
            "type": {
              "default": false,
              "alt1": false,
              "alt2": true
            }
          },
          {
            "id": "monitorVolumes",
            "description": "Monitor Volumes",
            "type": { "default": 1.000000, "min": 0.000000, "max": 10.000000 },
            "container": "Array"
          },
          {
            "id": "softMute",
            "description": "Soft Mute",
            "type": {
              "default": false,
              "alt1": false,
              "alt2": true
            }
          },
          {
            "id": "softVolumes",
            "description": "Soft Volumes",
            "type": { "default": 1.000000, "min": 0.000000, "max": 10.000000 },
            "container": "Array"
          },
          {
            "name": "monitor.channel-volumes",
            "description": "Monitor channel volume",
            "type": {
              "default": false,
              "alt1": false,
              "alt2": true
            },
            "params": true
          },
          {
            "name": "channelmix.disable",
            "description": "Disable Channel mixing",
            "type": {
              "default": false,
              "alt1": false,
              "alt2": true
            },
            "params": true
          },
          {
            "name": "channelmix.min-volume",
            "description": "Minimum volume level",
            "type": { "default": 0.000000, "min": 0.000000, "max": 10.000000 },
            "params": true
          },
          {
            "name": "channelmix.max-volume",
            "description": "Maximum volume level",
            "type": { "default": 10.000000, "min": 0.000000, "max": 10.000000 },
            "params": true
          },
          {
            "name": "channelmix.normalize",
            "description": "Normalize Volumes",
            "type": {
              "default": false,
              "alt1": false,
              "alt2": true
            },
            "params": true
          },
          {
            "name": "channelmix.mix-lfe",
            "description": "Mix LFE into channels",
            "type": {
              "default": true,
              "alt1": true,
              "alt2": false
            },
            "params": true
          },
          {
            "name": "channelmix.upmix",
            "description": "Enable upmixing",
            "type": {
              "default": true,
              "alt1": true,
              "alt2": false
            },
            "params": true
          },
          {
            "name": "channelmix.lfe-cutoff",
            "description": "LFE cutoff frequency",
            "type": { "default": 0.000000, "min": 0.000000, "max": 1000.000000 },
            "params": true
          },
          {
            "name": "channelmix.fc-cutoff",
            "description": "FC cutoff frequency (Hz)",
            "type": { "default": 0.000000, "min": 0.000000, "max": 48000.000000 },
            "params": true
          },
          {
            "name": "channelmix.rear-delay",
            "description": "Rear channels delay (ms)",
            "type": { "default": 0.000000, "min": 0.000000, "max": 1000.000000 },
            "params": true
          },
          {
            "name": "channelmix.stereo-widen",
            "description": "Stereo widen",
            "type": { "default": 0.000000, "min": 0.000000, "max": 1.000000 },
            "params": true
          },
          {
            "name": "channelmix.hilbert-taps",
            "description": "Taps for phase shift of rear",
            "type": { "default": 0, "min": 0, "max": 255 },
            "params": true
          },
          {
            "name": "channelmix.upmix-method",
            "description": "Upmix method to use",
            "type": "none",
            "params": true,
            "labels": [
              "none",
              "Disabled",
              "simple",
              "Simple upmixing",
              "psd",
              "Passive Surround Decoding"
            ]
          },
          {
            "id": "rate",
            "description": "Rate scaler",
            "type": { "default": 1.000000, "min": 0.000000, "max": 10.000000 }
          },
          {
            "id": "quality",
            "name": "resample.quality",
            "description": "Resample Quality",
            "type": { "default": 4, "min": 0, "max": 14 },
            "params": true
          },
          {
            "name": "resample.disable",
            "description": "Disable Resampling",
            "type": {
              "default": false,
              "alt1": false,
              "alt2": true
            },
            "params": true
          },
          {
            "name": "dither.noise",
            "description": "Add noise bits",
            "type": { "default": 0, "min": 0, "max": 16 },
            "params": true
          },
          {
            "name": "dither.method",
            "description": "The dithering method",
            "type": "none",
            "params": true,
            "labels": [
              "none",
              "Disabled",
              "rectangular",
              "Rectangular dithering",
              "triangular",
              "Triangular dithering",
              "triangular-hf",
              "Sloped Triangular dithering",
              "wannamaker3",
              "Wannamaker 3 dithering",
              "shaped5",
              "Lipshitz 5 dithering"
            ]
          },
          {
            "name": "debug.wav-path",
            "description": "Path to WAV file",
            "type": "",
            "params": true
          },
          {
            "name": "channelmix.lock-volumes",
            "description": "Disable volume updates",
            "type": {
              "default": false,
              "alt1": false,
              "alt2": true
            },
            "params": true
          },
          {
            "name": "audioconvert.filter-graph.disable",
            "description": "Disable Filter graph updates",
            "type": {
              "default": false,
              "alt1": false,
              "alt2": true
            },
            "params": true
          },
          {
            "name": "audioconvert.filter-graph",
            "description": "A filter graph to load",
            "type": "",
            "params": true
          },
          {
            "id": "latencyOffsetNsec",
            "description": "Latency offset (ns)",
            "type": { "default": 0, "min": -9223372036854775808, "max": 9223372036854775807 }
          }
        ],
        "Props": [
          {
            "volume": 1.000000,
            "mute": false,
            "channelVolumes": [ 1.000000 ],
            "channelMap": [ "MONO" ],
            "softMute": false,
            "softVolumes": [ 1.000000 ],
            "monitorMute": false,
            "monitorVolumes": [ 1.000000 ],
            "params": [
              "monitor.channel-volumes",
              false,
              "channelmix.disable",
              false,
              "channelmix.min-volume",
              0.000000,
              "channelmix.max-volume",
              10.000000,
              "channelmix.normalize",
              false,
              "channelmix.mix-lfe",
              true,
              "channelmix.upmix",
              true,
              "channelmix.lfe-cutoff",
              0.000000,
              "channelmix.fc-cutoff",
              0.000000,
              "channelmix.rear-delay",
              0.000000,
              "channelmix.stereo-widen",
              0.000000,
              "channelmix.hilbert-taps",
              0,
              "channelmix.upmix-method",
              "none",
              "resample.quality",
              4,
              "resample.disable",
              false,
              "dither.noise",
              0,
              "dither.method",
              "none",
              "debug.wav-path",
              "",
              "channelmix.lock-volumes",
              false,
              "audioconvert.filter-graph.disable",
              false,
              "audioconvert.filter-graph",
              ""
            ]
          },
          {
            "latencyOffsetNsec": 0
          }
        ],
        "Format": [
          {
            "mediaType": "audio",
            "mediaSubtype": "raw",
            "format": "S16LE",
            "rate": 16000,
            "channels": 1,
            "position": [ "MONO" ]
          }
        ],
        "EnumPortConfig": [
          {
            "direction": "Input",
            "mode": {
              "default": "none",
              "alt1": "none",
              "alt2": "dsp",
              "alt3": "convert"
            },
            "monitor": {
              "default": false,
              "alt1": false,
              "alt2": true
            },
            "control": {
              "default": false,
              "alt1": false,
              "alt2": true
            }
          }
        ],
        "PortConfig": [
          {
            "direction": "Input",
            "mode": "dsp",
            "monitor": true,
            "control": false,
            "format": {
              "mediaType": "audio",
              "mediaSubtype": "raw",
              "format": "F32P",
              "channels": 2,
              "position": [ "FL", "FR" ]
            }
          }
        ],
        "Latency": [
          {
            "direction": "Input",
            "minQuantum": 0.000000,
            "maxQuantum": 0.000000,
            "minRate": 0,
            "maxRate": 0,
            "minNs": 27500000,
            "maxNs": 27500000
          }
        ],
        "ProcessLatency": [
        ],
        "Tag": [
        ]
      }
    }
  },
  {
    "id": 98,
    "type": "PipeWire:Interface:Port",
    "version": 3,
    "permissions": [ "r", "x", "m" ],
    "info": {
      "direction": "output",
      "change-mask": [ "props", "params" ],
      "props": {
        "audio.channel": "FL",
        "format.dsp": "32 bit float mono audio",
        "node.id": 89,
        "object.id": 98,
        "object.path": "bluez_input.5C_33_7B_CB_BF_C5.0:output_0",
        "object.serial": 60,
        "port.alias": "Pixel 7a:output_FL",
        "port.direction": "out",
        "port.group": "stream.0",
        "port.id": 0,
        "port.name": "output_FL",
        "port.physical": true,
        "port.terminal": true
      },
      "params": {
        "EnumFormat": [
          {
            "mediaType": "audio",
            "mediaSubtype": "dsp",
            "format": "F32P"
          }
        ],
        "Meta": [
          {
            "type": "Header",
            "size": 32
          }
        ],
        "IO": [
          {
            "id": "Buffers",
            "size": 8
          },
          {
            "id": "AsyncBuffers",
            "size": 8
          }
        ],
        "Format": [
          {
            "mediaType": "audio",
            "mediaSubtype": "dsp",
            "format": "F32P"
          }
        ],
        "Buffers": [
          {
            "buffers": { "default": 1, "min": 1, "max": 32 },
            "blocks": 1,
            "size": { "default": 32768, "min": 64, "max": 2147483647 },
            "stride": 4
          }
        ],
        "Latency": [
          {
            "direction": "Input",
            "minQuantum": 0.000000,
            "maxQuantum": 0.000000,
            "minRate": 0,
            "maxRate": 0,
            "minNs": 141167799,
            "maxNs": 141167799
          },
          {
            "direction": "Output",
            "minQuantum": 1.000000,
            "maxQuantum": 1.000000,
            "minRate": 0,
            "maxRate": 0,
            "minNs": 0,
            "maxNs": 0
          }
        ],
        "Tag": [
        ]
      }
    }
  },
  {
    "id": 117,
    "type": "PipeWire:Interface:Port",
    "version": 3,
    "permissions": [ "r", "x", "m" ],
    "info": {
      "direction": "output",
      "change-mask": [ "props", "params" ],
      "props": {
        "audio.channel": "FR",
        "format.dsp": "32 bit float mono audio",
        "node.id": 89,
        "object.id": 117,
        "object.path": "bluez_input.5C_33_7B_CB_BF_C5.0:output_1",
        "object.serial": 61,
        "port.alias": "Pixel 7a:output_FR",
        "port.direction": "out",
        "port.group": "stream.0",
        "port.id": 1,
        "port.name": "output_FR",
        "port.physical": true,
        "port.terminal": true
      },
      "params": {
        "EnumFormat": [
          {
            "mediaType": "audio",
            "mediaSubtype": "dsp",
            "format": "F32P"
          }
        ],
        "Meta": [
          {
            "type": "Header",
            "size": 32
          }
        ],
        "IO": [
          {
            "id": "Buffers",
            "size": 8
          },
          {
            "id": "AsyncBuffers",
            "size": 8
          }
        ],
        "Format": [
          {
            "mediaType": "audio",
            "mediaSubtype": "dsp",
            "format": "F32P"
          }
        ],
        "Buffers": [
          {
            "buffers": { "default": 1, "min": 1, "max": 32 },
            "blocks": 1,
            "size": { "default": 32768, "min": 64, "max": 2147483647 },
            "stride": 4
          }
        ],
        "Latency": [
          {
            "direction": "Input",
            "minQuantum": 0.000000,
            "maxQuantum": 0.000000,
            "minRate": 0,
            "maxRate": 0,
            "minNs": 141167799,
            "maxNs": 141167799
          },
          {
            "direction": "Output",
            "minQuantum": 1.000000,
            "maxQuantum": 1.000000,
            "minRate": 0,
            "maxRate": 0,
            "minNs": 0,
            "maxNs": 0
          }
        ],
        "Tag": [
        ]
      }
    }
  },
  {
    "id": 158,
    "type": "PipeWire:Interface:Port",
    "version": 3,
    "permissions": [ "r", "x", "m" ],
    "info": {
      "direction": "input",
      "change-mask": [ "props", "params" ],
      "props": {
        "audio.channel": "FL",
        "format.dsp": "32 bit float mono audio",
        "node.id": 148,
        "object.id": 158,
        "object.path": "bluez_output.5C_33_7B_CB_BF_C5.1:input_0",
        "object.serial": 62,
        "port.alias": "Pixel 7a:input_FL",
        "port.direction": "in",
        "port.group": "stream.0",
        "port.id": 0,
        "port.name": "input_FL",
        "port.physical": true,
        "port.terminal": true
      },
      "params": {
        "EnumFormat": [
          {
            "mediaType": "audio",
            "mediaSubtype": "dsp",
            "format": "F32P"
          }
        ],
        "Meta": [
          {
            "type": "Header",
            "size": 32
          }
        ],
        "IO": [
          {
            "id": "Buffers",
            "size": 8
          },
          {
            "id": "AsyncBuffers",
            "size": 8
          }
        ],
        "Format": [
          {
            "mediaType": "audio",
            "mediaSubtype": "dsp",
            "format": "F32P"
          }
        ],
        "Buffers": [
          {
            "buffers": { "default": 1, "min": 1, "max": 32 },
            "blocks": 1,
            "size": { "default": 32768, "min": 64, "max": 2147483647 },
            "stride": 4
          }
        ],
        "Latency": [
          {
            "direction": "Input",
            "minQuantum": 0.000000,
            "maxQuantum": 0.000000,
            "minRate": 0,
            "maxRate": 0,
            "minNs": 27500000,
            "maxNs": 27500000
          },
          {
            "direction": "Output",
            "minQuantum": 0.000000,
            "maxQuantum": 0.000000,
            "minRate": 0,
            "maxRate": 0,
            "minNs": 0,
            "maxNs": 0
          }
        ],
        "Tag": [
        ]
      }
    }
  },
  {
    "id": 121,
    "type": "PipeWire:Interface:Port",
    "version": 3,
    "permissions": [ "r", "x", "m" ],
    "info": {
      "direction": "output",
      "change-mask": [ "props", "params" ],
      "props": {
        "audio.channel": "FL",
        "format.dsp": "32 bit float mono audio",
        "node.id": 148,
        "object.id": 121,
        "object.path": "bluez_output.5C_33_7B_CB_BF_C5.1:monitor_0",
        "object.serial": 28994,
        "port.alias": "Pixel 7a:monitor_FL",
        "port.direction": "out",
        "port.group": "stream.0",
        "port.id": 0,
        "port.monitor": true,
        "port.name": "monitor_FL"
      },
      "params": {
        "EnumFormat": [
          {
            "mediaType": "audio",
            "mediaSubtype": "dsp",
            "format": "F32P"
          }
        ],
        "Meta": [
          {
            "type": "Header",
            "size": 32
          }
        ],
        "IO": [
          {
            "id": "Buffers",
            "size": 8
          },
          {
            "id": "AsyncBuffers",
            "size": 8
          }
        ],
        "Format": [ ],
        "Buffers": [ ],
        "Latency": [
          {
            "direction": "Input",
            "minQuantum": 0.000000,
            "maxQuantum": 0.000000,
            "minRate": 0,
            "maxRate": 0,
            "minNs": 0,
            "maxNs": 0
          },
          {
            "direction": "Output",
            "minQuantum": 0.000000,
            "maxQuantum": 0.000000,
            "minRate": 0,
            "maxRate": 0,
            "minNs": 0,
            "maxNs": 0
          }
        ],
        "Tag": [
        ]
      }
    }
  },
  {
    "id": 108,
    "type": "PipeWire:Interface:Port",
    "version": 3,
    "permissions": [ "r", "x", "m" ],
    "info": {
      "direction": "input",
      "change-mask": [ "props", "params" ],
      "props": {
        "audio.channel": "FR",
        "format.dsp": "32 bit float mono audio",
        "node.id": 148,
        "object.id": 108,
        "object.path": "bluez_output.5C_33_7B_CB_BF_C5.1:input_1",
        "object.serial": 64,
        "port.alias": "Pixel 7a:input_FR",
        "port.direction": "in",
        "port.group": "stream.0",
        "port.id": 1,
        "port.name": "input_FR",
        "port.physical": true,
        "port.terminal": true
      },
      "params": {
        "EnumFormat": [
          {
            "mediaType": "audio",
            "mediaSubtype": "dsp",
            "format": "F32P"
          }
        ],
        "Meta": [
          {
            "type": "Header",
            "size": 32
          }
        ],
        "IO": [
          {
            "id": "Buffers",
            "size": 8
          },
          {
            "id": "AsyncBuffers",
            "size": 8
          }
        ],
        "Format": [
          {
            "mediaType": "audio",
            "mediaSubtype": "dsp",
            "format": "F32P"
          }
        ],
        "Buffers": [
          {
            "buffers": { "default": 1, "min": 1, "max": 32 },
            "blocks": 1,
            "size": { "default": 32768, "min": 64, "max": 2147483647 },
            "stride": 4
          }
        ],
        "Latency": [
          {
            "direction": "Input",
            "minQuantum": 0.000000,
            "maxQuantum": 0.000000,
            "minRate": 0,
            "maxRate": 0,
            "minNs": 27500000,
            "maxNs": 27500000
          },
          {
            "direction": "Output",
            "minQuantum": 0.000000,
            "maxQuantum": 0.000000,
            "minRate": 0,
            "maxRate": 0,
            "minNs": 0,
            "maxNs": 0
          }
        ],
        "Tag": [
        ]
      }
    }
  },
  {
    "id": 133,
    "type": "PipeWire:Interface:Port",
    "version": 3,
    "permissions": [ "r", "x", "m" ],
    "info": {
      "direction": "output",
      "change-mask": [ "props", "params" ],
      "props": {
        "audio.channel": "FR",
        "format.dsp": "32 bit float mono audio",
        "node.id": 148,
        "object.id": 133,
        "object.path": "bluez_output.5C_33_7B_CB_BF_C5.1:monitor_1",
        "object.serial": 28996,
        "port.alias": "Pixel 7a:monitor_FR",
        "port.direction": "out",
        "port.group": "stream.0",
        "port.id": 1,
        "port.monitor": true,
        "port.name": "monitor_FR"
      },
      "params": {
        "EnumFormat": [
          {
            "mediaType": "audio",
            "mediaSubtype": "dsp",
            "format": "F32P"
          }
        ],
        "Meta": [
          {
            "type": "Header",
            "size": 32
          }
        ],
        "IO": [
          {
            "id": "Buffers",
            "size": 8
          },
          {
            "id": "AsyncBuffers",
            "size": 8
          }
        ],
        "Format": [ ],
        "Buffers": [ ],
        "Latency": [
          {
            "direction": "Input",
            "minQuantum": 0.000000,
            "maxQuantum": 0.000000,
            "minRate": 0,
            "maxRate": 0,
            "minNs": 0,
            "maxNs": 0
          },
          {
            "direction": "Output",
            "minQuantum": 0.000000,
            "maxQuantum": 0.000000,
            "minRate": 0,
            "maxRate": 0,
            "minNs": 0,
            "maxNs": 0
          }
        ],
        "Tag": [
        ]
      }
    }
  },
  {
    "id": 129,
    "type": "PipeWire:Interface:Client",
    "version": 3,
    "permissions": [ "r", "w", "x", "m" ],
    "info": {
      "change-mask": [ "props" ],
      "props": {
        "application.language": "en_GB.UTF-8",
        "application.name": "pw-cli",
        "application.process.binary": "pw-cli",
        "application.process.host": "larkbridge",
        "application.process.id": 102224,
        "application.process.user": "admin",
        "clock.power-of-two-quantum": true,
        "core.name": "pipewire-admin-102224",
        "core.version": "1.4.2",
        "cpu.max-align": 16,
        "default.clock.max-quantum": 2048,
        "default.clock.min-quantum": 32,
        "default.clock.quantum": 1024,
        "default.clock.quantum-floor": 4,
        "default.clock.quantum-limit": 8192,
        "default.clock.rate": 48000,
        "default.video.height": 480,
        "default.video.rate.denom": 1,
        "default.video.rate.num": 25,
        "default.video.width": 640,
        "link.max-buffers": 64,
        "log.level": 0,
        "mem.allow-mlock": true,
        "mem.warn-mlock": false,
        "module.id": 2,
        "object.id": 129,
        "object.serial": 31507,
        "pipewire.access": "unrestricted",
        "pipewire.protocol": "protocol-native",
        "pipewire.sec.gid": 1000,
        "pipewire.sec.pid": 102224,
        "pipewire.sec.socket": "pipewire-0",
        "pipewire.sec.uid": 1000,
        "settings.check-quantum": false,
        "settings.check-rate": false
      }
    }
  },
  {
    "id": 136,
    "type": "PipeWire:Interface:Client",
    "version": 3,
    "permissions": [ "r", "w", "x", "m" ],
    "info": {
      "change-mask": [ "props" ],
      "props": {
        "application.language": "en_GB.UTF-8",
        "application.name": "pw-cli",
        "application.process.binary": "pw-cli",
        "application.process.host": "larkbridge",
        "application.process.id": 102224,
        "application.process.user": "admin",
        "clock.power-of-two-quantum": true,
        "core.name": "pipewire-admin-102224",
        "core.version": "1.4.2",
        "cpu.max-align": 16,
        "default.clock.max-quantum": 2048,
        "default.clock.min-quantum": 32,
        "default.clock.quantum": 1024,
        "default.clock.quantum-floor": 4,
        "default.clock.quantum-limit": 8192,
        "default.clock.rate": 48000,
        "default.video.height": 480,
        "default.video.rate.denom": 1,
        "default.video.rate.num": 25,
        "default.video.width": 640,
        "link.max-buffers": 64,
        "log.level": 0,
        "mem.allow-mlock": true,
        "mem.warn-mlock": false,
        "module.id": 2,
        "object.id": 136,
        "object.serial": 31508,
        "pipewire.access": "unrestricted",
        "pipewire.protocol": "protocol-native",
        "pipewire.sec.gid": 1000,
        "pipewire.sec.pid": 102224,
        "pipewire.sec.socket": "pipewire-0",
        "pipewire.sec.uid": 1000,
        "settings.check-quantum": false,
        "settings.check-rate": false
      }
    }
  },
  {
    "id": 66,
    "type": "PipeWire:Interface:Node",
    "version": 3,
    "permissions": [ "r", "w", "x", "m" ],
    "info": {
      "max-input-ports": 65,
      "max-output-ports": 0,
      "change-mask": [ "input-ports", "output-ports", "state", "props", "params" ],
      "n-input-ports": 2,
      "n-output-ports": 2,
      "state": "running",
      "error": null,
      "props": {
        "adapt.follower.spa-node": "",
        "audio.channels": 1,
        "audio.position": "[ MONO ]",
        "client.id": 136,
        "clock.quantum-limit": 8192,
        "factory.id": 9,
        "library.name": "audioconvert/libspa-audioconvert",
        "media.class": "Stream/Input/Audio",
        "media.name": "Echo-Cancel Capture",
        "node.autoconnect": true,
        "node.description": "Echo-Cancel Capture",
        "node.dont-reconnect": true,
        "node.driver-id": 53,
        "node.group": "echo-cancel-102224-22",
        "node.latency": "1920/48000",
        "node.link-group": "echo-cancel-102224-22",
        "node.loop.name": "data-loop.0",
        "node.name": "echo-cancel-capture",
        "node.passive": true,
        "node.virtual": true,
        "node.want-driver": true,
        "object.id": 66,
        "object.register": false,
        "object.serial": 31509,
        "port.group": "stream.0",
        "resample.prefill": true,
        "stream.is-live": true,
        "target.object": "alsa_input.usb-Shenzhen_Hollyland_Technology_Co._Ltd_Wireless_Microphone_Wireless_Microphone-01.analog-stereo"
      },
      "params": {
        "EnumFormat": [
          {
            "mediaType": "audio",
            "mediaSubtype": "raw",
            "format": "F32P",
            "rate": 48000,
            "channels": 1,
            "position": [ "MONO" ]
          }
        ],
        "PropInfo": [
          {
            "id": "volume",
            "description": "Volume",
            "type": { "default": 1.000000, "min": 0.000000, "max": 10.000000 }
          },
          {
            "id": "mute",
            "description": "Mute",
            "type": {
              "default": false,
              "alt1": false,
              "alt2": true
            }
          },
          {
            "id": "channelVolumes",
            "description": "Channel Volumes",
            "type": { "default": 1.000000, "min": 0.000000, "max": 10.000000 },
            "container": "Array"
          },
          {
            "id": "channelMap",
            "description": "Channel Map",
            "type": "",
            "container": "Array"
          },
          {
            "id": "monitorMute",
            "description": "Monitor Mute",
            "type": {
              "default": false,
              "alt1": false,
              "alt2": true
            }
          },
          {
            "id": "monitorVolumes",
            "description": "Monitor Volumes",
            "type": { "default": 1.000000, "min": 0.000000, "max": 10.000000 },
            "container": "Array"
          },
          {
            "id": "softMute",
            "description": "Soft Mute",
            "type": {
              "default": false,
              "alt1": false,
              "alt2": true
            }
          },
          {
            "id": "softVolumes",
            "description": "Soft Volumes",
            "type": { "default": 1.000000, "min": 0.000000, "max": 10.000000 },
            "container": "Array"
          },
          {
            "name": "monitor.channel-volumes",
            "description": "Monitor channel volume",
            "type": {
              "default": false,
              "alt1": false,
              "alt2": true
            },
            "params": true
          },
          {
            "name": "channelmix.disable",
            "description": "Disable Channel mixing",
            "type": {
              "default": false,
              "alt1": false,
              "alt2": true
            },
            "params": true
          },
          {
            "name": "channelmix.min-volume",
            "description": "Minimum volume level",
            "type": { "default": 0.000000, "min": 0.000000, "max": 10.000000 },
            "params": true
          },
          {
            "name": "channelmix.max-volume",
            "description": "Maximum volume level",
            "type": { "default": 10.000000, "min": 0.000000, "max": 10.000000 },
            "params": true
          },
          {
            "name": "channelmix.normalize",
            "description": "Normalize Volumes",
            "type": {
              "default": false,
              "alt1": false,
              "alt2": true
            },
            "params": true
          },
          {
            "name": "channelmix.mix-lfe",
            "description": "Mix LFE into channels",
            "type": {
              "default": true,
              "alt1": true,
              "alt2": false
            },
            "params": true
          },
          {
            "name": "channelmix.upmix",
            "description": "Enable upmixing",
            "type": {
              "default": true,
              "alt1": true,
              "alt2": false
            },
            "params": true
          },
          {
            "name": "channelmix.lfe-cutoff",
            "description": "LFE cutoff frequency",
            "type": { "default": 0.000000, "min": 0.000000, "max": 1000.000000 },
            "params": true
          },
          {
            "name": "channelmix.fc-cutoff",
            "description": "FC cutoff frequency (Hz)",
            "type": { "default": 0.000000, "min": 0.000000, "max": 48000.000000 },
            "params": true
          },
          {
            "name": "channelmix.rear-delay",
            "description": "Rear channels delay (ms)",
            "type": { "default": 0.000000, "min": 0.000000, "max": 1000.000000 },
            "params": true
          },
          {
            "name": "channelmix.stereo-widen",
            "description": "Stereo widen",
            "type": { "default": 0.000000, "min": 0.000000, "max": 1.000000 },
            "params": true
          },
          {
            "name": "channelmix.hilbert-taps",
            "description": "Taps for phase shift of rear",
            "type": { "default": 0, "min": 0, "max": 255 },
            "params": true
          },
          {
            "name": "channelmix.upmix-method",
            "description": "Upmix method to use",
            "type": "none",
            "params": true,
            "labels": [
              "none",
              "Disabled",
              "simple",
              "Simple upmixing",
              "psd",
              "Passive Surround Decoding"
            ]
          },
          {
            "id": "rate",
            "description": "Rate scaler",
            "type": { "default": 1.000000, "min": 0.000000, "max": 10.000000 }
          },
          {
            "id": "quality",
            "name": "resample.quality",
            "description": "Resample Quality",
            "type": { "default": 4, "min": 0, "max": 14 },
            "params": true
          },
          {
            "name": "resample.disable",
            "description": "Disable Resampling",
            "type": {
              "default": false,
              "alt1": false,
              "alt2": true
            },
            "params": true
          },
          {
            "name": "dither.noise",
            "description": "Add noise bits",
            "type": { "default": 0, "min": 0, "max": 16 },
            "params": true
          },
          {
            "name": "dither.method",
            "description": "The dithering method",
            "type": "none",
            "params": true,
            "labels": [
              "none",
              "Disabled",
              "rectangular",
              "Rectangular dithering",
              "triangular",
              "Triangular dithering",
              "triangular-hf",
              "Sloped Triangular dithering",
              "wannamaker3",
              "Wannamaker 3 dithering",
              "shaped5",
              "Lipshitz 5 dithering"
            ]
          },
          {
            "name": "debug.wav-path",
            "description": "Path to WAV file",
            "type": "",
            "params": true
          },
          {
            "name": "channelmix.lock-volumes",
            "description": "Disable volume updates",
            "type": {
              "default": false,
              "alt1": false,
              "alt2": true
            },
            "params": true
          },
          {
            "name": "audioconvert.filter-graph.disable",
            "description": "Disable Filter graph updates",
            "type": {
              "default": false,
              "alt1": false,
              "alt2": true
            },
            "params": true
          },
          {
            "name": "audioconvert.filter-graph",
            "description": "A filter graph to load",
            "type": "",
            "params": true
          },
          {
            "name": "debug.aec.wav-path",
            "description": "Path to WAV file",
            "type": "",
            "params": true
          }
        ],
        "Props": [
          {
            "volume": 1.000000,
            "mute": false,
            "channelVolumes": [ 1.000000 ],
            "channelMap": [ "MONO" ],
            "softMute": false,
            "softVolumes": [ 1.000000 ],
            "monitorMute": false,
            "monitorVolumes": [ 1.000000 ],
            "params": [
              "monitor.channel-volumes",
              false,
              "channelmix.disable",
              false,
              "channelmix.min-volume",
              0.000000,
              "channelmix.max-volume",
              10.000000,
              "channelmix.normalize",
              false,
              "channelmix.mix-lfe",
              true,
              "channelmix.upmix",
              true,
              "channelmix.lfe-cutoff",
              0.000000,
              "channelmix.fc-cutoff",
              0.000000,
              "channelmix.rear-delay",
              0.000000,
              "channelmix.stereo-widen",
              0.000000,
              "channelmix.hilbert-taps",
              0,
              "channelmix.upmix-method",
              "none",
              "resample.quality",
              4,
              "resample.disable",
              false,
              "dither.noise",
              0,
              "dither.method",
              "none",
              "debug.wav-path",
              "",
              "channelmix.lock-volumes",
              false,
              "audioconvert.filter-graph.disable",
              false,
              "audioconvert.filter-graph",
              ""
            ]
          },
          {
            "params": [
              "debug.aec.wav-path",
              ""
            ]
          }
        ],
        "Format": [
          {
            "mediaType": "audio",
            "mediaSubtype": "raw",
            "format": "F32P",
            "rate": 48000,
            "channels": 1,
            "position": [ "MONO" ]
          }
        ],
        "EnumPortConfig": [
          {
            "direction": "Input",
            "mode": {
              "default": "none",
              "alt1": "none",
              "alt2": "dsp",
              "alt3": "convert"
            },
            "monitor": {
              "default": false,
              "alt1": false,
              "alt2": true
            },
            "control": {
              "default": false,
              "alt1": false,
              "alt2": true
            }
          }
        ],
        "PortConfig": [
          {
            "direction": "Input",
            "mode": "dsp",
            "monitor": true,
            "control": false,
            "format": {
              "mediaType": "audio",
              "mediaSubtype": "raw",
              "format": "F32P",
              "channels": 2,
              "position": [ "FL", "FR" ]
            }
          }
        ],
        "Latency": [
          {
            "direction": "Output",
            "minQuantum": 1.000000,
            "maxQuantum": 1.000000,
            "minRate": 512,
            "maxRate": 512,
            "minNs": 0,
            "maxNs": 0
          }
        ],
        "ProcessLatency": [
        ],
        "Tag": [ ]
      }
    }
  },
  {
    "id": 106,
    "type": "PipeWire:Interface:Node",
    "version": 3,
    "permissions": [ "r", "w", "x", "m" ],
    "info": {
      "max-input-ports": 0,
      "max-output-ports": 65,
      "change-mask": [ "input-ports", "output-ports", "state", "props", "params" ],
      "n-input-ports": 0,
      "n-output-ports": 1,
      "state": "running",
      "error": null,
      "props": {
        "adapt.follower.spa-node": "",
        "audio.channels": 1,
        "audio.position": "[ MONO ]",
        "client.id": 136,
        "clock.quantum-limit": 8192,
        "factory.id": 9,
        "library.name": "audioconvert/libspa-audioconvert",
        "media.class": "Audio/Source",
        "media.name": "Echo-Cancel Source",
        "node.description": "Echo-Cancel Source",
        "node.driver-id": 53,
        "node.group": "echo-cancel-102224-22",
        "node.latency": "1920/48000",
        "node.link-group": "echo-cancel-102224-22",
        "node.loop.name": "data-loop.0",
        "node.name": "bridge.aec.source",
        "node.virtual": true,
        "node.want-driver": true,
        "object.id": 106,
        "object.register": false,
        "object.serial": 31510,
        "port.group": "stream.0",
        "resample.prefill": true,
        "stream.is-live": true
      },
      "params": {
        "EnumFormat": [
          {
            "mediaType": "audio",
            "mediaSubtype": "raw",
            "format": "F32P",
            "rate": 48000,
            "channels": 1,
            "position": [ "MONO" ]
          }
        ],
        "PropInfo": [
          {
            "id": "volume",
            "description": "Volume",
            "type": { "default": 1.000000, "min": 0.000000, "max": 10.000000 }
          },
          {
            "id": "mute",
            "description": "Mute",
            "type": {
              "default": false,
              "alt1": false,
              "alt2": true
            }
          },
          {
            "id": "channelVolumes",
            "description": "Channel Volumes",
            "type": { "default": 1.000000, "min": 0.000000, "max": 10.000000 },
            "container": "Array"
          },
          {
            "id": "channelMap",
            "description": "Channel Map",
            "type": "",
            "container": "Array"
          },
          {
            "id": "monitorMute",
            "description": "Monitor Mute",
            "type": {
              "default": false,
              "alt1": false,
              "alt2": true
            }
          },
          {
            "id": "monitorVolumes",
            "description": "Monitor Volumes",
            "type": { "default": 1.000000, "min": 0.000000, "max": 10.000000 },
            "container": "Array"
          },
          {
            "id": "softMute",
            "description": "Soft Mute",
            "type": {
              "default": false,
              "alt1": false,
              "alt2": true
            }
          },
          {
            "id": "softVolumes",
            "description": "Soft Volumes",
            "type": { "default": 1.000000, "min": 0.000000, "max": 10.000000 },
            "container": "Array"
          },
          {
            "name": "monitor.channel-volumes",
            "description": "Monitor channel volume",
            "type": {
              "default": false,
              "alt1": false,
              "alt2": true
            },
            "params": true
          },
          {
            "name": "channelmix.disable",
            "description": "Disable Channel mixing",
            "type": {
              "default": false,
              "alt1": false,
              "alt2": true
            },
            "params": true
          },
          {
            "name": "channelmix.min-volume",
            "description": "Minimum volume level",
            "type": { "default": 0.000000, "min": 0.000000, "max": 10.000000 },
            "params": true
          },
          {
            "name": "channelmix.max-volume",
            "description": "Maximum volume level",
            "type": { "default": 10.000000, "min": 0.000000, "max": 10.000000 },
            "params": true
          },
          {
            "name": "channelmix.normalize",
            "description": "Normalize Volumes",
            "type": {
              "default": false,
              "alt1": false,
              "alt2": true
            },
            "params": true
          },
          {
            "name": "channelmix.mix-lfe",
            "description": "Mix LFE into channels",
            "type": {
              "default": true,
              "alt1": true,
              "alt2": false
            },
            "params": true
          },
          {
            "name": "channelmix.upmix",
            "description": "Enable upmixing",
            "type": {
              "default": true,
              "alt1": true,
              "alt2": false
            },
            "params": true
          },
          {
            "name": "channelmix.lfe-cutoff",
            "description": "LFE cutoff frequency",
            "type": { "default": 0.000000, "min": 0.000000, "max": 1000.000000 },
            "params": true
          },
          {
            "name": "channelmix.fc-cutoff",
            "description": "FC cutoff frequency (Hz)",
            "type": { "default": 0.000000, "min": 0.000000, "max": 48000.000000 },
            "params": true
          },
          {
            "name": "channelmix.rear-delay",
            "description": "Rear channels delay (ms)",
            "type": { "default": 0.000000, "min": 0.000000, "max": 1000.000000 },
            "params": true
          },
          {
            "name": "channelmix.stereo-widen",
            "description": "Stereo widen",
            "type": { "default": 0.000000, "min": 0.000000, "max": 1.000000 },
            "params": true
          },
          {
            "name": "channelmix.hilbert-taps",
            "description": "Taps for phase shift of rear",
            "type": { "default": 0, "min": 0, "max": 255 },
            "params": true
          },
          {
            "name": "channelmix.upmix-method",
            "description": "Upmix method to use",
            "type": "none",
            "params": true,
            "labels": [
              "none",
              "Disabled",
              "simple",
              "Simple upmixing",
              "psd",
              "Passive Surround Decoding"
            ]
          },
          {
            "id": "rate",
            "description": "Rate scaler",
            "type": { "default": 1.000000, "min": 0.000000, "max": 10.000000 }
          },
          {
            "id": "quality",
            "name": "resample.quality",
            "description": "Resample Quality",
            "type": { "default": 4, "min": 0, "max": 14 },
            "params": true
          },
          {
            "name": "resample.disable",
            "description": "Disable Resampling",
            "type": {
              "default": false,
              "alt1": false,
              "alt2": true
            },
            "params": true
          },
          {
            "name": "dither.noise",
            "description": "Add noise bits",
            "type": { "default": 0, "min": 0, "max": 16 },
            "params": true
          },
          {
            "name": "dither.method",
            "description": "The dithering method",
            "type": "none",
            "params": true,
            "labels": [
              "none",
              "Disabled",
              "rectangular",
              "Rectangular dithering",
              "triangular",
              "Triangular dithering",
              "triangular-hf",
              "Sloped Triangular dithering",
              "wannamaker3",
              "Wannamaker 3 dithering",
              "shaped5",
              "Lipshitz 5 dithering"
            ]
          },
          {
            "name": "debug.wav-path",
            "description": "Path to WAV file",
            "type": "",
            "params": true
          },
          {
            "name": "channelmix.lock-volumes",
            "description": "Disable volume updates",
            "type": {
              "default": false,
              "alt1": false,
              "alt2": true
            },
            "params": true
          },
          {
            "name": "audioconvert.filter-graph.disable",
            "description": "Disable Filter graph updates",
            "type": {
              "default": false,
              "alt1": false,
              "alt2": true
            },
            "params": true
          },
          {
            "name": "audioconvert.filter-graph",
            "description": "A filter graph to load",
            "type": "",
            "params": true
          },
          {
            "name": "debug.aec.wav-path",
            "description": "Path to WAV file",
            "type": "",
            "params": true
          }
        ],
        "Props": [
          {
            "volume": 1.000000,
            "mute": false,
            "channelVolumes": [ 1.000000 ],
            "channelMap": [ "MONO" ],
            "softMute": false,
            "softVolumes": [ 1.000000 ],
            "monitorMute": false,
            "monitorVolumes": [ 1.000000 ],
            "params": [
              "monitor.channel-volumes",
              false,
              "channelmix.disable",
              false,
              "channelmix.min-volume",
              0.000000,
              "channelmix.max-volume",
              10.000000,
              "channelmix.normalize",
              false,
              "channelmix.mix-lfe",
              true,
              "channelmix.upmix",
              true,
              "channelmix.lfe-cutoff",
              0.000000,
              "channelmix.fc-cutoff",
              0.000000,
              "channelmix.rear-delay",
              0.000000,
              "channelmix.stereo-widen",
              0.000000,
              "channelmix.hilbert-taps",
              0,
              "channelmix.upmix-method",
              "none",
              "resample.quality",
              4,
              "resample.disable",
              false,
              "dither.noise",
              0,
              "dither.method",
              "none",
              "debug.wav-path",
              "",
              "channelmix.lock-volumes",
              false,
              "audioconvert.filter-graph.disable",
              false,
              "audioconvert.filter-graph",
              ""
            ]
          },
          {
            "params": [
              "debug.aec.wav-path",
              ""
            ]
          }
        ],
        "Format": [
          {
            "mediaType": "audio",
            "mediaSubtype": "raw",
            "format": "F32P",
            "rate": 48000,
            "channels": 1,
            "position": [ "MONO" ]
          }
        ],
        "EnumPortConfig": [
          {
            "direction": "Output",
            "mode": {
              "default": "none",
              "alt1": "none",
              "alt2": "dsp",
              "alt3": "convert"
            },
            "monitor": {
              "default": false,
              "alt1": false,
              "alt2": true
            },
            "control": {
              "default": false,
              "alt1": false,
              "alt2": true
            }
          }
        ],
        "PortConfig": [
          {
            "direction": "Output",
            "mode": "dsp",
            "monitor": true,
            "control": false,
            "format": {
              "mediaType": "audio",
              "mediaSubtype": "raw",
              "format": "F32P",
              "channels": 1,
              "position": [ "MONO" ]
            }
          }
        ],
        "Latency": [
          {
            "direction": "Input",
            "minQuantum": 0.000000,
            "maxQuantum": 0.000000,
            "minRate": 0,
            "maxRate": 0,
            "minNs": 27500000,
            "maxNs": 27500000
          }
        ],
        "ProcessLatency": [
        ],
        "Tag": [ ]
      }
    }
  },
  {
    "id": 97,
    "type": "PipeWire:Interface:Node",
    "version": 3,
    "permissions": [ "r", "w", "x", "m" ],
    "info": {
      "max-input-ports": 65,
      "max-output-ports": 0,
      "change-mask": [ "input-ports", "output-ports", "state", "props", "params" ],
      "n-input-ports": 1,
      "n-output-ports": 1,
      "state": "running",
      "error": null,
      "props": {
        "adapt.follower.spa-node": "",
        "audio.channels": 1,
        "audio.position": "[ MONO ]",
        "client.id": 136,
        "clock.quantum-limit": 8192,
        "factory.id": 9,
        "library.name": "audioconvert/libspa-audioconvert",
        "media.class": "Audio/Sink",
        "media.name": "Echo-Cancel Sink",
        "node.description": "Echo-Cancel Sink",
        "node.driver-id": 53,
        "node.group": "echo-cancel-102224-22",
        "node.latency": "1920/48000",
        "node.link-group": "echo-cancel-102224-22",
        "node.loop.name": "data-loop.0",
        "node.name": "bridge.aec.sink",
        "node.virtual": true,
        "node.want-driver": true,
        "object.id": 97,
        "object.register": false,
        "object.serial": 31511,
        "port.group": "stream.0",
        "resample.prefill": true,
        "stream.is-live": true
      },
      "params": {
        "EnumFormat": [
          {
            "mediaType": "audio",
            "mediaSubtype": "raw",
            "format": "F32P",
            "rate": 48000,
            "channels": 1,
            "position": [ "MONO" ]
          }
        ],
        "PropInfo": [
          {
            "id": "volume",
            "description": "Volume",
            "type": { "default": 1.000000, "min": 0.000000, "max": 10.000000 }
          },
          {
            "id": "mute",
            "description": "Mute",
            "type": {
              "default": false,
              "alt1": false,
              "alt2": true
            }
          },
          {
            "id": "channelVolumes",
            "description": "Channel Volumes",
            "type": { "default": 1.000000, "min": 0.000000, "max": 10.000000 },
            "container": "Array"
          },
          {
            "id": "channelMap",
            "description": "Channel Map",
            "type": "",
            "container": "Array"
          },
          {
            "id": "monitorMute",
            "description": "Monitor Mute",
            "type": {
              "default": false,
              "alt1": false,
              "alt2": true
            }
          },
          {
            "id": "monitorVolumes",
            "description": "Monitor Volumes",
            "type": { "default": 1.000000, "min": 0.000000, "max": 10.000000 },
            "container": "Array"
          },
          {
            "id": "softMute",
            "description": "Soft Mute",
            "type": {
              "default": false,
              "alt1": false,
              "alt2": true
            }
          },
          {
            "id": "softVolumes",
            "description": "Soft Volumes",
            "type": { "default": 1.000000, "min": 0.000000, "max": 10.000000 },
            "container": "Array"
          },
          {
            "name": "monitor.channel-volumes",
            "description": "Monitor channel volume",
            "type": {
              "default": false,
              "alt1": false,
              "alt2": true
            },
            "params": true
          },
          {
            "name": "channelmix.disable",
            "description": "Disable Channel mixing",
            "type": {
              "default": false,
              "alt1": false,
              "alt2": true
            },
            "params": true
          },
          {
            "name": "channelmix.min-volume",
            "description": "Minimum volume level",
            "type": { "default": 0.000000, "min": 0.000000, "max": 10.000000 },
            "params": true
          },
          {
            "name": "channelmix.max-volume",
            "description": "Maximum volume level",
            "type": { "default": 10.000000, "min": 0.000000, "max": 10.000000 },
            "params": true
          },
          {
            "name": "channelmix.normalize",
            "description": "Normalize Volumes",
            "type": {
              "default": false,
              "alt1": false,
              "alt2": true
            },
            "params": true
          },
          {
            "name": "channelmix.mix-lfe",
            "description": "Mix LFE into channels",
            "type": {
              "default": true,
              "alt1": true,
              "alt2": false
            },
            "params": true
          },
          {
            "name": "channelmix.upmix",
            "description": "Enable upmixing",
            "type": {
              "default": true,
              "alt1": true,
              "alt2": false
            },
            "params": true
          },
          {
            "name": "channelmix.lfe-cutoff",
            "description": "LFE cutoff frequency",
            "type": { "default": 0.000000, "min": 0.000000, "max": 1000.000000 },
            "params": true
          },
          {
            "name": "channelmix.fc-cutoff",
            "description": "FC cutoff frequency (Hz)",
            "type": { "default": 0.000000, "min": 0.000000, "max": 48000.000000 },
            "params": true
          },
          {
            "name": "channelmix.rear-delay",
            "description": "Rear channels delay (ms)",
            "type": { "default": 0.000000, "min": 0.000000, "max": 1000.000000 },
            "params": true
          },
          {
            "name": "channelmix.stereo-widen",
            "description": "Stereo widen",
            "type": { "default": 0.000000, "min": 0.000000, "max": 1.000000 },
            "params": true
          },
          {
            "name": "channelmix.hilbert-taps",
            "description": "Taps for phase shift of rear",
            "type": { "default": 0, "min": 0, "max": 255 },
            "params": true
          },
          {
            "name": "channelmix.upmix-method",
            "description": "Upmix method to use",
            "type": "none",
            "params": true,
            "labels": [
              "none",
              "Disabled",
              "simple",
              "Simple upmixing",
              "psd",
              "Passive Surround Decoding"
            ]
          },
          {
            "id": "rate",
            "description": "Rate scaler",
            "type": { "default": 1.000000, "min": 0.000000, "max": 10.000000 }
          },
          {
            "id": "quality",
            "name": "resample.quality",
            "description": "Resample Quality",
            "type": { "default": 4, "min": 0, "max": 14 },
            "params": true
          },
          {
            "name": "resample.disable",
            "description": "Disable Resampling",
            "type": {
              "default": false,
              "alt1": false,
              "alt2": true
            },
            "params": true
          },
          {
            "name": "dither.noise",
            "description": "Add noise bits",
            "type": { "default": 0, "min": 0, "max": 16 },
            "params": true
          },
          {
            "name": "dither.method",
            "description": "The dithering method",
            "type": "none",
            "params": true,
            "labels": [
              "none",
              "Disabled",
              "rectangular",
              "Rectangular dithering",
              "triangular",
              "Triangular dithering",
              "triangular-hf",
              "Sloped Triangular dithering",
              "wannamaker3",
              "Wannamaker 3 dithering",
              "shaped5",
              "Lipshitz 5 dithering"
            ]
          },
          {
            "name": "debug.wav-path",
            "description": "Path to WAV file",
            "type": "",
            "params": true
          },
          {
            "name": "channelmix.lock-volumes",
            "description": "Disable volume updates",
            "type": {
              "default": false,
              "alt1": false,
              "alt2": true
            },
            "params": true
          },
          {
            "name": "audioconvert.filter-graph.disable",
            "description": "Disable Filter graph updates",
            "type": {
              "default": false,
              "alt1": false,
              "alt2": true
            },
            "params": true
          },
          {
            "name": "audioconvert.filter-graph",
            "description": "A filter graph to load",
            "type": "",
            "params": true
          },
          {
            "name": "debug.aec.wav-path",
            "description": "Path to WAV file",
            "type": "",
            "params": true
          }
        ],
        "Props": [
          {
            "volume": 1.000000,
            "mute": false,
            "channelVolumes": [ 1.000000 ],
            "channelMap": [ "MONO" ],
            "softMute": false,
            "softVolumes": [ 1.000000 ],
            "monitorMute": false,
            "monitorVolumes": [ 1.000000 ],
            "params": [
              "monitor.channel-volumes",
              false,
              "channelmix.disable",
              false,
              "channelmix.min-volume",
              0.000000,
              "channelmix.max-volume",
              10.000000,
              "channelmix.normalize",
              false,
              "channelmix.mix-lfe",
              true,
              "channelmix.upmix",
              true,
              "channelmix.lfe-cutoff",
              0.000000,
              "channelmix.fc-cutoff",
              0.000000,
              "channelmix.rear-delay",
              0.000000,
              "channelmix.stereo-widen",
              0.000000,
              "channelmix.hilbert-taps",
              0,
              "channelmix.upmix-method",
              "none",
              "resample.quality",
              4,
              "resample.disable",
              false,
              "dither.noise",
              0,
              "dither.method",
              "none",
              "debug.wav-path",
              "",
              "channelmix.lock-volumes",
              false,
              "audioconvert.filter-graph.disable",
              false,
              "audioconvert.filter-graph",
              ""
            ]
          },
          {
            "params": [
              "debug.aec.wav-path",
              ""
            ]
          }
        ],
        "Format": [
          {
            "mediaType": "audio",
            "mediaSubtype": "raw",
            "format": "F32P",
            "rate": 48000,
            "channels": 1,
            "position": [ "MONO" ]
          }
        ],
        "EnumPortConfig": [
          {
            "direction": "Input",
            "mode": {
              "default": "none",
              "alt1": "none",
              "alt2": "dsp",
              "alt3": "convert"
            },
            "monitor": {
              "default": false,
              "alt1": false,
              "alt2": true
            },
            "control": {
              "default": false,
              "alt1": false,
              "alt2": true
            }
          }
        ],
        "PortConfig": [
          {
            "direction": "Input",
            "mode": "dsp",
            "monitor": true,
            "control": false,
            "format": {
              "mediaType": "audio",
              "mediaSubtype": "raw",
              "format": "F32P",
              "channels": 1,
              "position": [ "MONO" ]
            }
          }
        ],
        "Latency": [
          {
            "direction": "Output",
            "minQuantum": 1.000000,
            "maxQuantum": 1.000000,
            "minRate": 0,
            "maxRate": 0,
            "minNs": 0,
            "maxNs": 0
          }
        ],
        "ProcessLatency": [
        ],
        "Tag": [ ]
      }
    }
  },
  {
    "id": 112,
    "type": "PipeWire:Interface:Node",
    "version": 3,
    "permissions": [ "r", "w", "x", "m" ],
    "info": {
      "max-input-ports": 0,
      "max-output-ports": 65,
      "change-mask": [ "input-ports", "output-ports", "state", "props", "params" ],
      "n-input-ports": 0,
      "n-output-ports": 2,
      "state": "running",
      "error": null,
      "props": {
        "adapt.follower.spa-node": "",
        "audio.channels": 1,
        "audio.position": "[ MONO ]",
        "client.id": 136,
        "clock.quantum-limit": 8192,
        "factory.id": 9,
        "library.name": "audioconvert/libspa-audioconvert",
        "media.class": "Stream/Output/Audio",
        "media.name": "Echo-Cancel Playback",
        "node.autoconnect": true,
        "node.description": "Echo-Cancel Playback",
        "node.dont-reconnect": true,
        "node.driver-id": 53,
        "node.group": "echo-cancel-102224-22",
        "node.latency": "1920/48000",
        "node.link-group": "echo-cancel-102224-22",
        "node.loop.name": "data-loop.0",
        "node.name": "echo-cancel-playback",
        "node.passive": true,
        "node.virtual": true,
        "node.want-driver": true,
        "object.id": 112,
        "object.register": false,
        "object.serial": 31512,
        "port.group": "stream.0",
        "resample.prefill": true,
        "stream.is-live": true,
        "target.object": "alsa_output.platform-3f00b840.mailbox.stereo-fallback"
      },
      "params": {
        "EnumFormat": [
          {
            "mediaType": "audio",
            "mediaSubtype": "raw",
            "format": "F32P",
            "rate": 48000,
            "channels": 1,
            "position": [ "MONO" ]
          }
        ],
        "PropInfo": [
          {
            "id": "volume",
            "description": "Volume",
            "type": { "default": 1.000000, "min": 0.000000, "max": 10.000000 }
          },
          {
            "id": "mute",
            "description": "Mute",
            "type": {
              "default": false,
              "alt1": false,
              "alt2": true
            }
          },
          {
            "id": "channelVolumes",
            "description": "Channel Volumes",
            "type": { "default": 1.000000, "min": 0.000000, "max": 10.000000 },
            "container": "Array"
          },
          {
            "id": "channelMap",
            "description": "Channel Map",
            "type": "",
            "container": "Array"
          },
          {
            "id": "monitorMute",
            "description": "Monitor Mute",
            "type": {
              "default": false,
              "alt1": false,
              "alt2": true
            }
          },
          {
            "id": "monitorVolumes",
            "description": "Monitor Volumes",
            "type": { "default": 1.000000, "min": 0.000000, "max": 10.000000 },
            "container": "Array"
          },
          {
            "id": "softMute",
            "description": "Soft Mute",
            "type": {
              "default": false,
              "alt1": false,
              "alt2": true
            }
          },
          {
            "id": "softVolumes",
            "description": "Soft Volumes",
            "type": { "default": 1.000000, "min": 0.000000, "max": 10.000000 },
            "container": "Array"
          },
          {
            "name": "monitor.channel-volumes",
            "description": "Monitor channel volume",
            "type": {
              "default": false,
              "alt1": false,
              "alt2": true
            },
            "params": true
          },
          {
            "name": "channelmix.disable",
            "description": "Disable Channel mixing",
            "type": {
              "default": false,
              "alt1": false,
              "alt2": true
            },
            "params": true
          },
          {
            "name": "channelmix.min-volume",
            "description": "Minimum volume level",
            "type": { "default": 0.000000, "min": 0.000000, "max": 10.000000 },
            "params": true
          },
          {
            "name": "channelmix.max-volume",
            "description": "Maximum volume level",
            "type": { "default": 10.000000, "min": 0.000000, "max": 10.000000 },
            "params": true
          },
          {
            "name": "channelmix.normalize",
            "description": "Normalize Volumes",
            "type": {
              "default": false,
              "alt1": false,
              "alt2": true
            },
            "params": true
          },
          {
            "name": "channelmix.mix-lfe",
            "description": "Mix LFE into channels",
            "type": {
              "default": true,
              "alt1": true,
              "alt2": false
            },
            "params": true
          },
          {
            "name": "channelmix.upmix",
            "description": "Enable upmixing",
            "type": {
              "default": true,
              "alt1": true,
              "alt2": false
            },
            "params": true
          },
          {
            "name": "channelmix.lfe-cutoff",
            "description": "LFE cutoff frequency",
            "type": { "default": 0.000000, "min": 0.000000, "max": 1000.000000 },
            "params": true
          },
          {
            "name": "channelmix.fc-cutoff",
            "description": "FC cutoff frequency (Hz)",
            "type": { "default": 0.000000, "min": 0.000000, "max": 48000.000000 },
            "params": true
          },
          {
            "name": "channelmix.rear-delay",
            "description": "Rear channels delay (ms)",
            "type": { "default": 0.000000, "min": 0.000000, "max": 1000.000000 },
            "params": true
          },
          {
            "name": "channelmix.stereo-widen",
            "description": "Stereo widen",
            "type": { "default": 0.000000, "min": 0.000000, "max": 1.000000 },
            "params": true
          },
          {
            "name": "channelmix.hilbert-taps",
            "description": "Taps for phase shift of rear",
            "type": { "default": 0, "min": 0, "max": 255 },
            "params": true
          },
          {
            "name": "channelmix.upmix-method",
            "description": "Upmix method to use",
            "type": "none",
            "params": true,
            "labels": [
              "none",
              "Disabled",
              "simple",
              "Simple upmixing",
              "psd",
              "Passive Surround Decoding"
            ]
          },
          {
            "id": "rate",
            "description": "Rate scaler",
            "type": { "default": 1.000000, "min": 0.000000, "max": 10.000000 }
          },
          {
            "id": "quality",
            "name": "resample.quality",
            "description": "Resample Quality",
            "type": { "default": 4, "min": 0, "max": 14 },
            "params": true
          },
          {
            "name": "resample.disable",
            "description": "Disable Resampling",
            "type": {
              "default": false,
              "alt1": false,
              "alt2": true
            },
            "params": true
          },
          {
            "name": "dither.noise",
            "description": "Add noise bits",
            "type": { "default": 0, "min": 0, "max": 16 },
            "params": true
          },
          {
            "name": "dither.method",
            "description": "The dithering method",
            "type": "none",
            "params": true,
            "labels": [
              "none",
              "Disabled",
              "rectangular",
              "Rectangular dithering",
              "triangular",
              "Triangular dithering",
              "triangular-hf",
              "Sloped Triangular dithering",
              "wannamaker3",
              "Wannamaker 3 dithering",
              "shaped5",
              "Lipshitz 5 dithering"
            ]
          },
          {
            "name": "debug.wav-path",
            "description": "Path to WAV file",
            "type": "",
            "params": true
          },
          {
            "name": "channelmix.lock-volumes",
            "description": "Disable volume updates",
            "type": {
              "default": false,
              "alt1": false,
              "alt2": true
            },
            "params": true
          },
          {
            "name": "audioconvert.filter-graph.disable",
            "description": "Disable Filter graph updates",
            "type": {
              "default": false,
              "alt1": false,
              "alt2": true
            },
            "params": true
          },
          {
            "name": "audioconvert.filter-graph",
            "description": "A filter graph to load",
            "type": "",
            "params": true
          },
          {
            "name": "debug.aec.wav-path",
            "description": "Path to WAV file",
            "type": "",
            "params": true
          }
        ],
        "Props": [
          {
            "volume": 1.000000,
            "mute": false,
            "channelVolumes": [ 1.000000 ],
            "channelMap": [ "MONO" ],
            "softMute": false,
            "softVolumes": [ 1.000000 ],
            "monitorMute": false,
            "monitorVolumes": [ 1.000000 ],
            "params": [
              "monitor.channel-volumes",
              false,
              "channelmix.disable",
              false,
              "channelmix.min-volume",
              0.000000,
              "channelmix.max-volume",
              10.000000,
              "channelmix.normalize",
              false,
              "channelmix.mix-lfe",
              true,
              "channelmix.upmix",
              true,
              "channelmix.lfe-cutoff",
              0.000000,
              "channelmix.fc-cutoff",
              0.000000,
              "channelmix.rear-delay",
              0.000000,
              "channelmix.stereo-widen",
              0.000000,
              "channelmix.hilbert-taps",
              0,
              "channelmix.upmix-method",
              "none",
              "resample.quality",
              4,
              "resample.disable",
              false,
              "dither.noise",
              0,
              "dither.method",
              "none",
              "debug.wav-path",
              "",
              "channelmix.lock-volumes",
              false,
              "audioconvert.filter-graph.disable",
              false,
              "audioconvert.filter-graph",
              ""
            ]
          },
          {
            "params": [
              "debug.aec.wav-path",
              ""
            ]
          }
        ],
        "Format": [
          {
            "mediaType": "audio",
            "mediaSubtype": "raw",
            "format": "F32P",
            "rate": 48000,
            "channels": 1,
            "position": [ "MONO" ]
          }
        ],
        "EnumPortConfig": [
          {
            "direction": "Output",
            "mode": {
              "default": "none",
              "alt1": "none",
              "alt2": "dsp",
              "alt3": "convert"
            },
            "monitor": {
              "default": false,
              "alt1": false,
              "alt2": true
            },
            "control": {
              "default": false,
              "alt1": false,
              "alt2": true
            }
          }
        ],
        "PortConfig": [
          {
            "direction": "Output",
            "mode": "dsp",
            "monitor": true,
            "control": false,
            "format": {
              "mediaType": "audio",
              "mediaSubtype": "raw",
              "format": "F32P",
              "channels": 2,
              "position": [ "FL", "FR" ]
            }
          }
        ],
        "Latency": [
          {
            "direction": "Output",
            "minQuantum": 1.000000,
            "maxQuantum": 1.000000,
            "minRate": 0,
            "maxRate": 0,
            "minNs": 0,
            "maxNs": 0
          }
        ],
        "ProcessLatency": [ ],
        "Tag": [ ]
      }
    }
  },
  {
    "id": 124,
    "type": "PipeWire:Interface:Port",
    "version": 3,
    "permissions": [ "r", "x", "m" ],
    "info": {
      "direction": "output",
      "change-mask": [ "props", "params" ],
      "props": {
        "audio.channel": "MONO",
        "format.dsp": "32 bit float mono audio",
        "node.id": 106,
        "object.id": 124,
        "object.path": "bridge.aec.source:capture_0",
        "object.serial": 31514,
        "port.alias": "Echo-Cancel Source:capture_MONO",
        "port.direction": "out",
        "port.group": "stream.0",
        "port.id": 0,
        "port.name": "capture_MONO"
      },
      "params": {
        "EnumFormat": [
          {
            "mediaType": "audio",
            "mediaSubtype": "dsp",
            "format": "F32P"
          }
        ],
        "Meta": [
          {
            "type": "Header",
            "size": 32
          }
        ],
        "IO": [
          {
            "id": "Buffers",
            "size": 8
          },
          {
            "id": "AsyncBuffers",
            "size": 8
          }
        ],
        "Format": [
          {
            "mediaType": "audio",
            "mediaSubtype": "dsp",
            "format": "F32P"
          }
        ],
        "Buffers": [
          {
            "buffers": { "default": 1, "min": 1, "max": 32 },
            "blocks": 1,
            "size": { "default": 32768, "min": 64, "max": 2147483647 },
            "stride": 4
          }
        ],
        "Latency": [
          {
            "direction": "Input",
            "minQuantum": 0.000000,
            "maxQuantum": 0.000000,
            "minRate": 0,
            "maxRate": 0,
            "minNs": 27500000,
            "maxNs": 27500000
          },
          {
            "direction": "Output",
            "minQuantum": 0.000000,
            "maxQuantum": 0.000000,
            "minRate": 0,
            "maxRate": 0,
            "minNs": 0,
            "maxNs": 0
          }
        ],
        "Tag": [
        ]
      }
    }
  },
  {
    "id": 73,
    "type": "PipeWire:Interface:Port",
    "version": 3,
    "permissions": [ "r", "x", "m" ],
    "info": {
      "direction": "input",
      "change-mask": [ "props", "params" ],
      "props": {
        "audio.channel": "MONO",
        "format.dsp": "32 bit float mono audio",
        "node.id": 97,
        "object.id": 73,
        "object.path": "bridge.aec.sink:playback_0",
        "object.serial": 31516,
        "port.alias": "Echo-Cancel Sink:playback_MONO",
        "port.direction": "in",
        "port.group": "stream.0",
        "port.id": 0,
        "port.name": "playback_MONO"
      },
      "params": {
        "EnumFormat": [
          {
            "mediaType": "audio",
            "mediaSubtype": "dsp",
            "format": "F32P"
          }
        ],
        "Meta": [
          {
            "type": "Header",
            "size": 32
          }
        ],
        "IO": [
          {
            "id": "Buffers",
            "size": 8
          },
          {
            "id": "AsyncBuffers",
            "size": 8
          }
        ],
        "Format": [
          {
            "mediaType": "audio",
            "mediaSubtype": "dsp",
            "format": "F32P"
          }
        ],
        "Buffers": [
          {
            "buffers": { "default": 1, "min": 1, "max": 32 },
            "blocks": 1,
            "size": { "default": 32768, "min": 64, "max": 2147483647 },
            "stride": 4
          }
        ],
        "Latency": [
          {
            "direction": "Input",
            "minQuantum": 0.000000,
            "maxQuantum": 0.000000,
            "minRate": 0,
            "maxRate": 0,
            "minNs": 141167799,
            "maxNs": 141167799
          },
          {
            "direction": "Output",
            "minQuantum": 1.000000,
            "maxQuantum": 1.000000,
            "minRate": 0,
            "maxRate": 0,
            "minNs": 0,
            "maxNs": 0
          }
        ],
        "Tag": [
        ]
      }
    }
  },
  {
    "id": 71,
    "type": "PipeWire:Interface:Port",
    "version": 3,
    "permissions": [ "r", "x", "m" ],
    "info": {
      "direction": "output",
      "change-mask": [ "props", "params" ],
      "props": {
        "audio.channel": "MONO",
        "format.dsp": "32 bit float mono audio",
        "node.id": 97,
        "object.id": 71,
        "object.path": "bridge.aec.sink:monitor_0",
        "object.serial": 31517,
        "port.alias": "Echo-Cancel Sink:monitor_MONO",
        "port.direction": "out",
        "port.group": "stream.0",
        "port.id": 0,
        "port.monitor": true,
        "port.name": "monitor_MONO"
      },
      "params": {
        "EnumFormat": [
          {
            "mediaType": "audio",
            "mediaSubtype": "dsp",
            "format": "F32P"
          }
        ],
        "Meta": [
          {
            "type": "Header",
            "size": 32
          }
        ],
        "IO": [
          {
            "id": "Buffers",
            "size": 8
          },
          {
            "id": "AsyncBuffers",
            "size": 8
          }
        ],
        "Format": [ ],
        "Buffers": [ ],
        "Latency": [
          {
            "direction": "Input",
            "minQuantum": 0.000000,
            "maxQuantum": 0.000000,
            "minRate": 0,
            "maxRate": 0,
            "minNs": 0,
            "maxNs": 0
          },
          {
            "direction": "Output",
            "minQuantum": 0.000000,
            "maxQuantum": 0.000000,
            "minRate": 0,
            "maxRate": 0,
            "minNs": 0,
            "maxNs": 0
          }
        ],
        "Tag": [
        ]
      }
    }
  },
  {
    "id": 143,
    "type": "PipeWire:Interface:Port",
    "version": 3,
    "permissions": [ "r", "x", "m" ],
    "info": {
      "direction": "input",
      "change-mask": [ "props", "params" ],
      "props": {
        "audio.channel": "FL",
        "format.dsp": "32 bit float mono audio",
        "node.id": 66,
        "object.id": 143,
        "object.path": "echo-cancel-capture:input_0",
        "object.serial": 31520,
        "port.alias": "Echo-Cancel Capture:input_FL",
        "port.direction": "in",
        "port.group": "stream.0",
        "port.id": 0,
        "port.name": "input_FL"
      },
      "params": {
        "EnumFormat": [
          {
            "mediaType": "audio",
            "mediaSubtype": "dsp",
            "format": "F32P"
          }
        ],
        "Meta": [
          {
            "type": "Header",
            "size": 32
          }
        ],
        "IO": [
          {
            "id": "Buffers",
            "size": 8
          },
          {
            "id": "AsyncBuffers",
            "size": 8
          }
        ],
        "Format": [
          {
            "mediaType": "audio",
            "mediaSubtype": "dsp",
            "format": "F32P"
          }
        ],
        "Buffers": [
          {
            "buffers": { "default": 1, "min": 1, "max": 32 },
            "blocks": 1,
            "size": { "default": 32768, "min": 64, "max": 2147483647 },
            "stride": 4
          }
        ],
        "Latency": [
          {
            "direction": "Input",
            "minQuantum": 0.000000,
            "maxQuantum": 0.000000,
            "minRate": 0,
            "maxRate": 0,
            "minNs": 0,
            "maxNs": 0
          },
          {
            "direction": "Output",
            "minQuantum": 1.000000,
            "maxQuantum": 1.000000,
            "minRate": 512,
            "maxRate": 512,
            "minNs": 0,
            "maxNs": 0
          }
        ],
        "Tag": [
        ]
      }
    }
  },
  {
    "id": 92,
    "type": "PipeWire:Interface:Port",
    "version": 3,
    "permissions": [ "r", "x", "m" ],
    "info": {
      "direction": "output",
      "change-mask": [ "props", "params" ],
      "props": {
        "audio.channel": "FL",
        "format.dsp": "32 bit float mono audio",
        "node.id": 66,
        "object.id": 92,
        "object.path": "echo-cancel-capture:monitor_0",
        "object.serial": 31521,
        "port.alias": "Echo-Cancel Capture:monitor_FL",
        "port.direction": "out",
        "port.group": "stream.0",
        "port.id": 0,
        "port.monitor": true,
        "port.name": "monitor_FL"
      },
      "params": {
        "EnumFormat": [
          {
            "mediaType": "audio",
            "mediaSubtype": "dsp",
            "format": "F32P"
          }
        ],
        "Meta": [
          {
            "type": "Header",
            "size": 32
          }
        ],
        "IO": [
          {
            "id": "Buffers",
            "size": 8
          },
          {
            "id": "AsyncBuffers",
            "size": 8
          }
        ],
        "Format": [ ],
        "Buffers": [ ],
        "Latency": [
          {
            "direction": "Input",
            "minQuantum": 0.000000,
            "maxQuantum": 0.000000,
            "minRate": 0,
            "maxRate": 0,
            "minNs": 0,
            "maxNs": 0
          },
          {
            "direction": "Output",
            "minQuantum": 0.000000,
            "maxQuantum": 0.000000,
            "minRate": 0,
            "maxRate": 0,
            "minNs": 0,
            "maxNs": 0
          }
        ],
        "Tag": [
        ]
      }
    }
  },
  {
    "id": 104,
    "type": "PipeWire:Interface:Port",
    "version": 3,
    "permissions": [ "r", "x", "m" ],
    "info": {
      "direction": "input",
      "change-mask": [ "props", "params" ],
      "props": {
        "audio.channel": "FR",
        "format.dsp": "32 bit float mono audio",
        "node.id": 66,
        "object.id": 104,
        "object.path": "echo-cancel-capture:input_1",
        "object.serial": 31522,
        "port.alias": "Echo-Cancel Capture:input_FR",
        "port.direction": "in",
        "port.group": "stream.0",
        "port.id": 1,
        "port.name": "input_FR"
      },
      "params": {
        "EnumFormat": [
          {
            "mediaType": "audio",
            "mediaSubtype": "dsp",
            "format": "F32P"
          }
        ],
        "Meta": [
          {
            "type": "Header",
            "size": 32
          }
        ],
        "IO": [
          {
            "id": "Buffers",
            "size": 8
          },
          {
            "id": "AsyncBuffers",
            "size": 8
          }
        ],
        "Format": [
          {
            "mediaType": "audio",
            "mediaSubtype": "dsp",
            "format": "F32P"
          }
        ],
        "Buffers": [
          {
            "buffers": { "default": 1, "min": 1, "max": 32 },
            "blocks": 1,
            "size": { "default": 32768, "min": 64, "max": 2147483647 },
            "stride": 4
          }
        ],
        "Latency": [
          {
            "direction": "Input",
            "minQuantum": 0.000000,
            "maxQuantum": 0.000000,
            "minRate": 0,
            "maxRate": 0,
            "minNs": 0,
            "maxNs": 0
          },
          {
            "direction": "Output",
            "minQuantum": 1.000000,
            "maxQuantum": 1.000000,
            "minRate": 512,
            "maxRate": 512,
            "minNs": 0,
            "maxNs": 0
          }
        ],
        "Tag": [
        ]
      }
    }
  },
  {
    "id": 128,
    "type": "PipeWire:Interface:Port",
    "version": 3,
    "permissions": [ "r", "x", "m" ],
    "info": {
      "direction": "output",
      "change-mask": [ "props", "params" ],
      "props": {
        "audio.channel": "FR",
        "format.dsp": "32 bit float mono audio",
        "node.id": 66,
        "object.id": 128,
        "object.path": "echo-cancel-capture:monitor_1",
        "object.serial": 31523,
        "port.alias": "Echo-Cancel Capture:monitor_FR",
        "port.direction": "out",
        "port.group": "stream.0",
        "port.id": 1,
        "port.monitor": true,
        "port.name": "monitor_FR"
      },
      "params": {
        "EnumFormat": [
          {
            "mediaType": "audio",
            "mediaSubtype": "dsp",
            "format": "F32P"
          }
        ],
        "Meta": [
          {
            "type": "Header",
            "size": 32
          }
        ],
        "IO": [
          {
            "id": "Buffers",
            "size": 8
          },
          {
            "id": "AsyncBuffers",
            "size": 8
          }
        ],
        "Format": [ ],
        "Buffers": [ ],
        "Latency": [
          {
            "direction": "Input",
            "minQuantum": 0.000000,
            "maxQuantum": 0.000000,
            "minRate": 0,
            "maxRate": 0,
            "minNs": 0,
            "maxNs": 0
          },
          {
            "direction": "Output",
            "minQuantum": 0.000000,
            "maxQuantum": 0.000000,
            "minRate": 0,
            "maxRate": 0,
            "minNs": 0,
            "maxNs": 0
          }
        ],
        "Tag": [
        ]
      }
    }
  },
  {
    "id": 76,
    "type": "PipeWire:Interface:Link",
    "version": 3,
    "permissions": [ "r", "x" ],
    "info": {
      "output-node-id": 53,
      "output-port-id": 51,
      "input-node-id": 66,
      "input-port-id": 143,
      "change-mask": [ "state", "format", "props" ],
      "state": "active",
      "error": null,
      "format": {
        "mediaType": "audio",
        "mediaSubtype": "dsp",
        "format": "F32P"
      },
      "props": {
        "client.id": 120,
        "factory.id": 21,
        "link.input.node": 66,
        "link.input.port": 143,
        "link.output.node": 53,
        "link.output.port": 51,
        "link.passive": true,
        "object.id": 76,
        "object.serial": 31524
      }
    }
  },
  {
    "id": 115,
    "type": "PipeWire:Interface:Link",
    "version": 3,
    "permissions": [ "r", "x" ],
    "info": {
      "output-node-id": 53,
      "output-port-id": 42,
      "input-node-id": 66,
      "input-port-id": 104,
      "change-mask": [ "state", "format", "props" ],
      "state": "active",
      "error": null,
      "format": {
        "mediaType": "audio",
        "mediaSubtype": "dsp",
        "format": "F32P"
      },
      "props": {
        "client.id": 120,
        "factory.id": 21,
        "link.input.node": 66,
        "link.input.port": 104,
        "link.output.node": 53,
        "link.output.port": 42,
        "link.passive": true,
        "object.id": 115,
        "object.serial": 31525
      }
    }
  },
  {
    "id": 83,
    "type": "PipeWire:Interface:Port",
    "version": 3,
    "permissions": [ "r", "x", "m" ],
    "info": {
      "direction": "output",
      "change-mask": [ "props", "params" ],
      "props": {
        "audio.channel": "FL",
        "format.dsp": "32 bit float mono audio",
        "node.id": 112,
        "object.id": 83,
        "object.path": "echo-cancel-playback:output_0",
        "object.serial": 31527,
        "port.alias": "Echo-Cancel Playback:output_FL",
        "port.direction": "out",
        "port.group": "stream.0",
        "port.id": 0,
        "port.name": "output_FL"
      },
      "params": {
        "EnumFormat": [
          {
            "mediaType": "audio",
            "mediaSubtype": "dsp",
            "format": "F32P"
          }
        ],
        "Meta": [
          {
            "type": "Header",
            "size": 32
          }
        ],
        "IO": [
          {
            "id": "Buffers",
            "size": 8
          },
          {
            "id": "AsyncBuffers",
            "size": 8
          }
        ],
        "Format": [
          {
            "mediaType": "audio",
            "mediaSubtype": "dsp",
            "format": "F32P"
          }
        ],
        "Buffers": [
          {
            "buffers": { "default": 1, "min": 1, "max": 32 },
            "blocks": 1,
            "size": { "default": 32768, "min": 64, "max": 2147483647 },
            "stride": 4
          }
        ],
        "Latency": [
          {
            "direction": "Input",
            "minQuantum": 0.000000,
            "maxQuantum": 0.000000,
            "minRate": 0,
            "maxRate": 0,
            "minNs": 141167799,
            "maxNs": 141167799
          },
          {
            "direction": "Output",
            "minQuantum": 1.000000,
            "maxQuantum": 1.000000,
            "minRate": 0,
            "maxRate": 0,
            "minNs": 0,
            "maxNs": 0
          }
        ],
        "Tag": [
        ]
      }
    }
  },
  {
    "id": 110,
    "type": "PipeWire:Interface:Port",
    "version": 3,
    "permissions": [ "r", "x", "m" ],
    "info": {
      "direction": "output",
      "change-mask": [ "props", "params" ],
      "props": {
        "audio.channel": "FR",
        "format.dsp": "32 bit float mono audio",
        "node.id": 112,
        "object.id": 110,
        "object.path": "echo-cancel-playback:output_1",
        "object.serial": 31528,
        "port.alias": "Echo-Cancel Playback:output_FR",
        "port.direction": "out",
        "port.group": "stream.0",
        "port.id": 1,
        "port.name": "output_FR"
      },
      "params": {
        "EnumFormat": [
          {
            "mediaType": "audio",
            "mediaSubtype": "dsp",
            "format": "F32P"
          }
        ],
        "Meta": [
          {
            "type": "Header",
            "size": 32
          }
        ],
        "IO": [
          {
            "id": "Buffers",
            "size": 8
          },
          {
            "id": "AsyncBuffers",
            "size": 8
          }
        ],
        "Format": [
          {
            "mediaType": "audio",
            "mediaSubtype": "dsp",
            "format": "F32P"
          }
        ],
        "Buffers": [
          {
            "buffers": { "default": 1, "min": 1, "max": 32 },
            "blocks": 1,
            "size": { "default": 32768, "min": 64, "max": 2147483647 },
            "stride": 4
          }
        ],
        "Latency": [
          {
            "direction": "Input",
            "minQuantum": 0.000000,
            "maxQuantum": 0.000000,
            "minRate": 0,
            "maxRate": 0,
            "minNs": 141167799,
            "maxNs": 141167799
          },
          {
            "direction": "Output",
            "minQuantum": 1.000000,
            "maxQuantum": 1.000000,
            "minRate": 0,
            "maxRate": 0,
            "minNs": 0,
            "maxNs": 0
          }
        ],
        "Tag": [
        ]
      }
    }
  },
  {
    "id": 116,
    "type": "PipeWire:Interface:Client",
    "version": 3,
    "permissions": [ "r", "w", "x", "m" ],
    "info": {
      "change-mask": [ "props" ],
      "props": {
        "application.language": "en_GB.UTF-8",
        "application.name": "pw-loopback",
        "application.process.binary": "pw-loopback",
        "application.process.host": "larkbridge",
        "application.process.id": 102302,
        "application.process.user": "admin",
        "clock.power-of-two-quantum": true,
        "core.name": "pipewire-admin-102302",
        "core.version": "1.4.2",
        "cpu.max-align": 16,
        "default.clock.max-quantum": 2048,
        "default.clock.min-quantum": 32,
        "default.clock.quantum": 1024,
        "default.clock.quantum-floor": 4,
        "default.clock.quantum-limit": 8192,
        "default.clock.rate": 48000,
        "default.video.height": 480,
        "default.video.rate.denom": 1,
        "default.video.rate.num": 25,
        "default.video.width": 640,
        "link.max-buffers": 64,
        "log.level": 0,
        "mem.allow-mlock": true,
        "mem.warn-mlock": false,
        "module.id": 2,
        "object.id": 116,
        "object.serial": 31555,
        "pipewire.access": "unrestricted",
        "pipewire.protocol": "protocol-native",
        "pipewire.sec.gid": 1000,
        "pipewire.sec.pid": 102302,
        "pipewire.sec.socket": "pipewire-0",
        "pipewire.sec.uid": 1000,
        "settings.check-quantum": false,
        "settings.check-rate": false
      }
    }
  },
  {
    "id": 109,
    "type": "PipeWire:Interface:Node",
    "version": 3,
    "permissions": [ "r", "w", "x", "m" ],
    "info": {
      "max-input-ports": 0,
      "max-output-ports": 65,
      "change-mask": [ "input-ports", "output-ports", "state", "props", "params" ],
      "n-input-ports": 0,
      "n-output-ports": 2,
      "state": "running",
      "error": null,
      "props": {
        "adapt.follower.spa-node": "",
        "audio.channels": 1,
        "audio.position": "[ FL, FR ]",
        "client.id": 116,
        "clock.quantum-limit": 8192,
        "factory.id": 9,
        "library.name": "audioconvert/libspa-audioconvert",
        "media.class": "Stream/Output/Audio",
        "media.name": "bridge.mic output",
        "node.autoconnect": true,
        "node.description": "bridge.mic",
        "node.driver-id": 53,
        "node.group": "pw-loopback-102302",
        "node.link-group": "loopback-102302-20",
        "node.loop.name": "data-loop.0",
        "node.name": "output.bridge.mic",
        "node.trigger": true,
        "node.virtual": true,
        "node.want-driver": true,
        "object.id": 109,
        "object.register": false,
        "object.serial": 31557,
        "port.group": "stream.0",
        "resample.disable": true,
        "resample.prefill": true,
        "stream.is-live": true,
        "target.object": "bluez_output.5C_33_7B_CB_BF_C5.1"
      },
      "params": {
        "EnumFormat": [
          {
            "mediaType": "audio",
            "mediaSubtype": "raw",
            "format": "F32P",
            "channels": 2,
            "position": [ "FL", "FR" ]
          }
        ],
        "PropInfo": [
          {
            "id": "volume",
            "description": "Volume",
            "type": { "default": 1.000000, "min": 0.000000, "max": 10.000000 }
          },
          {
            "id": "mute",
            "description": "Mute",
            "type": {
              "default": false,
              "alt1": false,
              "alt2": true
            }
          },
          {
            "id": "channelVolumes",
            "description": "Channel Volumes",
            "type": { "default": 1.000000, "min": 0.000000, "max": 10.000000 },
            "container": "Array"
          },
          {
            "id": "channelMap",
            "description": "Channel Map",
            "type": "",
            "container": "Array"
          },
          {
            "id": "monitorMute",
            "description": "Monitor Mute",
            "type": {
              "default": false,
              "alt1": false,
              "alt2": true
            }
          },
          {
            "id": "monitorVolumes",
            "description": "Monitor Volumes",
            "type": { "default": 1.000000, "min": 0.000000, "max": 10.000000 },
            "container": "Array"
          },
          {
            "id": "softMute",
            "description": "Soft Mute",
            "type": {
              "default": false,
              "alt1": false,
              "alt2": true
            }
          },
          {
            "id": "softVolumes",
            "description": "Soft Volumes",
            "type": { "default": 1.000000, "min": 0.000000, "max": 10.000000 },
            "container": "Array"
          },
          {
            "name": "monitor.channel-volumes",
            "description": "Monitor channel volume",
            "type": {
              "default": false,
              "alt1": false,
              "alt2": true
            },
            "params": true
          },
          {
            "name": "channelmix.disable",
            "description": "Disable Channel mixing",
            "type": {
              "default": false,
              "alt1": false,
              "alt2": true
            },
            "params": true
          },
          {
            "name": "channelmix.min-volume",
            "description": "Minimum volume level",
            "type": { "default": 0.000000, "min": 0.000000, "max": 10.000000 },
            "params": true
          },
          {
            "name": "channelmix.max-volume",
            "description": "Maximum volume level",
            "type": { "default": 10.000000, "min": 0.000000, "max": 10.000000 },
            "params": true
          },
          {
            "name": "channelmix.normalize",
            "description": "Normalize Volumes",
            "type": {
              "default": false,
              "alt1": false,
              "alt2": true
            },
            "params": true
          },
          {
            "name": "channelmix.mix-lfe",
            "description": "Mix LFE into channels",
            "type": {
              "default": true,
              "alt1": true,
              "alt2": false
            },
            "params": true
          },
          {
            "name": "channelmix.upmix",
            "description": "Enable upmixing",
            "type": {
              "default": true,
              "alt1": true,
              "alt2": false
            },
            "params": true
          },
          {
            "name": "channelmix.lfe-cutoff",
            "description": "LFE cutoff frequency",
            "type": { "default": 0.000000, "min": 0.000000, "max": 1000.000000 },
            "params": true
          },
          {
            "name": "channelmix.fc-cutoff",
            "description": "FC cutoff frequency (Hz)",
            "type": { "default": 0.000000, "min": 0.000000, "max": 48000.000000 },
            "params": true
          },
          {
            "name": "channelmix.rear-delay",
            "description": "Rear channels delay (ms)",
            "type": { "default": 0.000000, "min": 0.000000, "max": 1000.000000 },
            "params": true
          },
          {
            "name": "channelmix.stereo-widen",
            "description": "Stereo widen",
            "type": { "default": 0.000000, "min": 0.000000, "max": 1.000000 },
            "params": true
          },
          {
            "name": "channelmix.hilbert-taps",
            "description": "Taps for phase shift of rear",
            "type": { "default": 0, "min": 0, "max": 255 },
            "params": true
          },
          {
            "name": "channelmix.upmix-method",
            "description": "Upmix method to use",
            "type": "none",
            "params": true,
            "labels": [
              "none",
              "Disabled",
              "simple",
              "Simple upmixing",
              "psd",
              "Passive Surround Decoding"
            ]
          },
          {
            "id": "rate",
            "description": "Rate scaler",
            "type": { "default": 1.000000, "min": 0.000000, "max": 10.000000 }
          },
          {
            "id": "quality",
            "name": "resample.quality",
            "description": "Resample Quality",
            "type": { "default": 4, "min": 0, "max": 14 },
            "params": true
          },
          {
            "name": "resample.disable",
            "description": "Disable Resampling",
            "type": {
              "default": true,
              "alt1": true,
              "alt2": false
            },
            "params": true
          },
          {
            "name": "dither.noise",
            "description": "Add noise bits",
            "type": { "default": 0, "min": 0, "max": 16 },
            "params": true
          },
          {
            "name": "dither.method",
            "description": "The dithering method",
            "type": "none",
            "params": true,
            "labels": [
              "none",
              "Disabled",
              "rectangular",
              "Rectangular dithering",
              "triangular",
              "Triangular dithering",
              "triangular-hf",
              "Sloped Triangular dithering",
              "wannamaker3",
              "Wannamaker 3 dithering",
              "shaped5",
              "Lipshitz 5 dithering"
            ]
          },
          {
            "name": "debug.wav-path",
            "description": "Path to WAV file",
            "type": "",
            "params": true
          },
          {
            "name": "channelmix.lock-volumes",
            "description": "Disable volume updates",
            "type": {
              "default": false,
              "alt1": false,
              "alt2": true
            },
            "params": true
          },
          {
            "name": "audioconvert.filter-graph.disable",
            "description": "Disable Filter graph updates",
            "type": {
              "default": false,
              "alt1": false,
              "alt2": true
            },
            "params": true
          },
          {
            "name": "audioconvert.filter-graph",
            "description": "A filter graph to load",
            "type": "",
            "params": true
          }
        ],
        "Props": [
          {
            "volume": 1.000000,
            "mute": false,
            "channelVolumes": [ 1.000000, 1.000000 ],
            "channelMap": [ "FL", "FR" ],
            "softMute": false,
            "softVolumes": [ 1.000000, 1.000000 ],
            "monitorMute": false,
            "monitorVolumes": [ 1.000000, 1.000000 ],
            "params": [
              "monitor.channel-volumes",
              false,
              "channelmix.disable",
              false,
              "channelmix.min-volume",
              0.000000,
              "channelmix.max-volume",
              10.000000,
              "channelmix.normalize",
              false,
              "channelmix.mix-lfe",
              true,
              "channelmix.upmix",
              true,
              "channelmix.lfe-cutoff",
              0.000000,
              "channelmix.fc-cutoff",
              0.000000,
              "channelmix.rear-delay",
              0.000000,
              "channelmix.stereo-widen",
              0.000000,
              "channelmix.hilbert-taps",
              0,
              "channelmix.upmix-method",
              "none",
              "resample.quality",
              4,
              "resample.disable",
              true,
              "dither.noise",
              0,
              "dither.method",
              "none",
              "debug.wav-path",
              "",
              "channelmix.lock-volumes",
              false,
              "audioconvert.filter-graph.disable",
              false,
              "audioconvert.filter-graph",
              ""
            ]
          }
        ],
        "Format": [
          {
            "mediaType": "audio",
            "mediaSubtype": "raw",
            "format": "F32P",
            "channels": 2,
            "position": [ "FL", "FR" ]
          }
        ],
        "EnumPortConfig": [
          {
            "direction": "Output",
            "mode": {
              "default": "none",
              "alt1": "none",
              "alt2": "dsp",
              "alt3": "convert"
            },
            "monitor": {
              "default": false,
              "alt1": false,
              "alt2": true
            },
            "control": {
              "default": false,
              "alt1": false,
              "alt2": true
            }
          }
        ],
        "PortConfig": [
          {
            "direction": "Output",
            "mode": "dsp",
            "monitor": true,
            "control": false,
            "format": {
              "mediaType": "audio",
              "mediaSubtype": "raw",
              "format": "F32P",
              "channels": 2,
              "position": [ "FL", "FR" ]
            }
          }
        ],
        "Latency": [
          {
            "direction": "Input",
            "minQuantum": 0.000000,
            "maxQuantum": 0.000000,
            "minRate": 0,
            "maxRate": 0,
            "minNs": 27500000,
            "maxNs": 27500000
          },
          {
            "direction": "Output",
            "minQuantum": 0.000000,
            "maxQuantum": 0.000000,
            "minRate": 0,
            "maxRate": 0,
            "minNs": 0,
            "maxNs": 0
          }
        ],
        "ProcessLatency": [
        ],
        "Tag": [ ]
      }
    }
  },
  {
    "id": 100,
    "type": "PipeWire:Interface:Node",
    "version": 3,
    "permissions": [ "r", "w", "x", "m" ],
    "info": {
      "max-input-ports": 65,
      "max-output-ports": 0,
      "change-mask": [ "input-ports", "output-ports", "state", "props", "params" ],
      "n-input-ports": 1,
      "n-output-ports": 1,
      "state": "running",
      "error": null,
      "props": {
        "adapt.follower.spa-node": "",
        "audio.channels": 1,
        "audio.position": "[ FL, FR ]",
        "client.id": 116,
        "clock.quantum-limit": 8192,
        "factory.id": 9,
        "library.name": "audioconvert/libspa-audioconvert",
        "media.class": "Stream/Input/Audio",
        "media.name": "bridge.mic input",
        "node.autoconnect": true,
        "node.description": "bridge.mic",
        "node.driver-id": 53,
        "node.group": "pw-loopback-102302",
        "node.link-group": "loopback-102302-20",
        "node.loop.name": "data-loop.0",
        "node.name": "input.bridge.mic",
        "node.virtual": true,
        "node.want-driver": true,
        "object.id": 100,
        "object.register": false,
        "object.serial": 31558,
        "port.group": "stream.0",
        "resample.disable": true,
        "resample.prefill": true,
        "stream.is-live": true,
        "target.object": "bridge.aec.source"
      },
      "params": {
        "EnumFormat": [
          {
            "mediaType": "audio",
            "mediaSubtype": "raw",
            "format": "F32P",
            "channels": 2,
            "position": [ "FL", "FR" ]
          }
        ],
        "PropInfo": [
          {
            "id": "volume",
            "description": "Volume",
            "type": { "default": 1.000000, "min": 0.000000, "max": 10.000000 }
          },
          {
            "id": "mute",
            "description": "Mute",
            "type": {
              "default": false,
              "alt1": false,
              "alt2": true
            }
          },
          {
            "id": "channelVolumes",
            "description": "Channel Volumes",
            "type": { "default": 1.000000, "min": 0.000000, "max": 10.000000 },
            "container": "Array"
          },
          {
            "id": "channelMap",
            "description": "Channel Map",
            "type": "",
            "container": "Array"
          },
          {
            "id": "monitorMute",
            "description": "Monitor Mute",
            "type": {
              "default": false,
              "alt1": false,
              "alt2": true
            }
          },
          {
            "id": "monitorVolumes",
            "description": "Monitor Volumes",
            "type": { "default": 1.000000, "min": 0.000000, "max": 10.000000 },
            "container": "Array"
          },
          {
            "id": "softMute",
            "description": "Soft Mute",
            "type": {
              "default": false,
              "alt1": false,
              "alt2": true
            }
          },
          {
            "id": "softVolumes",
            "description": "Soft Volumes",
            "type": { "default": 1.000000, "min": 0.000000, "max": 10.000000 },
            "container": "Array"
          },
          {
            "name": "monitor.channel-volumes",
            "description": "Monitor channel volume",
            "type": {
              "default": false,
              "alt1": false,
              "alt2": true
            },
            "params": true
          },
          {
            "name": "channelmix.disable",
            "description": "Disable Channel mixing",
            "type": {
              "default": false,
              "alt1": false,
              "alt2": true
            },
            "params": true
          },
          {
            "name": "channelmix.min-volume",
            "description": "Minimum volume level",
            "type": { "default": 0.000000, "min": 0.000000, "max": 10.000000 },
            "params": true
          },
          {
            "name": "channelmix.max-volume",
            "description": "Maximum volume level",
            "type": { "default": 10.000000, "min": 0.000000, "max": 10.000000 },
            "params": true
          },
          {
            "name": "channelmix.normalize",
            "description": "Normalize Volumes",
            "type": {
              "default": false,
              "alt1": false,
              "alt2": true
            },
            "params": true
          },
          {
            "name": "channelmix.mix-lfe",
            "description": "Mix LFE into channels",
            "type": {
              "default": true,
              "alt1": true,
              "alt2": false
            },
            "params": true
          },
          {
            "name": "channelmix.upmix",
            "description": "Enable upmixing",
            "type": {
              "default": true,
              "alt1": true,
              "alt2": false
            },
            "params": true
          },
          {
            "name": "channelmix.lfe-cutoff",
            "description": "LFE cutoff frequency",
            "type": { "default": 0.000000, "min": 0.000000, "max": 1000.000000 },
            "params": true
          },
          {
            "name": "channelmix.fc-cutoff",
            "description": "FC cutoff frequency (Hz)",
            "type": { "default": 0.000000, "min": 0.000000, "max": 48000.000000 },
            "params": true
          },
          {
            "name": "channelmix.rear-delay",
            "description": "Rear channels delay (ms)",
            "type": { "default": 0.000000, "min": 0.000000, "max": 1000.000000 },
            "params": true
          },
          {
            "name": "channelmix.stereo-widen",
            "description": "Stereo widen",
            "type": { "default": 0.000000, "min": 0.000000, "max": 1.000000 },
            "params": true
          },
          {
            "name": "channelmix.hilbert-taps",
            "description": "Taps for phase shift of rear",
            "type": { "default": 0, "min": 0, "max": 255 },
            "params": true
          },
          {
            "name": "channelmix.upmix-method",
            "description": "Upmix method to use",
            "type": "none",
            "params": true,
            "labels": [
              "none",
              "Disabled",
              "simple",
              "Simple upmixing",
              "psd",
              "Passive Surround Decoding"
            ]
          },
          {
            "id": "rate",
            "description": "Rate scaler",
            "type": { "default": 1.000000, "min": 0.000000, "max": 10.000000 }
          },
          {
            "id": "quality",
            "name": "resample.quality",
            "description": "Resample Quality",
            "type": { "default": 4, "min": 0, "max": 14 },
            "params": true
          },
          {
            "name": "resample.disable",
            "description": "Disable Resampling",
            "type": {
              "default": true,
              "alt1": true,
              "alt2": false
            },
            "params": true
          },
          {
            "name": "dither.noise",
            "description": "Add noise bits",
            "type": { "default": 0, "min": 0, "max": 16 },
            "params": true
          },
          {
            "name": "dither.method",
            "description": "The dithering method",
            "type": "none",
            "params": true,
            "labels": [
              "none",
              "Disabled",
              "rectangular",
              "Rectangular dithering",
              "triangular",
              "Triangular dithering",
              "triangular-hf",
              "Sloped Triangular dithering",
              "wannamaker3",
              "Wannamaker 3 dithering",
              "shaped5",
              "Lipshitz 5 dithering"
            ]
          },
          {
            "name": "debug.wav-path",
            "description": "Path to WAV file",
            "type": "",
            "params": true
          },
          {
            "name": "channelmix.lock-volumes",
            "description": "Disable volume updates",
            "type": {
              "default": false,
              "alt1": false,
              "alt2": true
            },
            "params": true
          },
          {
            "name": "audioconvert.filter-graph.disable",
            "description": "Disable Filter graph updates",
            "type": {
              "default": false,
              "alt1": false,
              "alt2": true
            },
            "params": true
          },
          {
            "name": "audioconvert.filter-graph",
            "description": "A filter graph to load",
            "type": "",
            "params": true
          }
        ],
        "Props": [
          {
            "volume": 1.000000,
            "mute": false,
            "channelVolumes": [ 1.000000, 1.000000 ],
            "channelMap": [ "FL", "FR" ],
            "softMute": false,
            "softVolumes": [ 1.000000, 1.000000 ],
            "monitorMute": false,
            "monitorVolumes": [ 1.000000, 1.000000 ],
            "params": [
              "monitor.channel-volumes",
              false,
              "channelmix.disable",
              false,
              "channelmix.min-volume",
              0.000000,
              "channelmix.max-volume",
              10.000000,
              "channelmix.normalize",
              false,
              "channelmix.mix-lfe",
              true,
              "channelmix.upmix",
              true,
              "channelmix.lfe-cutoff",
              0.000000,
              "channelmix.fc-cutoff",
              0.000000,
              "channelmix.rear-delay",
              0.000000,
              "channelmix.stereo-widen",
              0.000000,
              "channelmix.hilbert-taps",
              0,
              "channelmix.upmix-method",
              "none",
              "resample.quality",
              4,
              "resample.disable",
              true,
              "dither.noise",
              0,
              "dither.method",
              "none",
              "debug.wav-path",
              "",
              "channelmix.lock-volumes",
              false,
              "audioconvert.filter-graph.disable",
              false,
              "audioconvert.filter-graph",
              ""
            ]
          }
        ],
        "Format": [
          {
            "mediaType": "audio",
            "mediaSubtype": "raw",
            "format": "F32P",
            "channels": 2,
            "position": [ "FL", "FR" ]
          }
        ],
        "EnumPortConfig": [
          {
            "direction": "Input",
            "mode": {
              "default": "none",
              "alt1": "none",
              "alt2": "dsp",
              "alt3": "convert"
            },
            "monitor": {
              "default": false,
              "alt1": false,
              "alt2": true
            },
            "control": {
              "default": false,
              "alt1": false,
              "alt2": true
            }
          }
        ],
        "PortConfig": [
          {
            "direction": "Input",
            "mode": "dsp",
            "monitor": true,
            "control": false,
            "format": {
              "mediaType": "audio",
              "mediaSubtype": "raw",
              "format": "F32P",
              "channels": 1,
              "position": [ "MONO" ]
            }
          }
        ],
        "Latency": [
          {
            "direction": "Input",
            "minQuantum": 0.000000,
            "maxQuantum": 0.000000,
            "minRate": 0,
            "maxRate": 0,
            "minNs": 27500000,
            "maxNs": 27500000
          },
          {
            "direction": "Output",
            "minQuantum": 0.000000,
            "maxQuantum": 0.000000,
            "minRate": 0,
            "maxRate": 0,
            "minNs": 0,
            "maxNs": 0
          }
        ],
        "ProcessLatency": [ ],
        "Tag": [ ]
      }
    }
  },
  {
    "id": 144,
    "type": "PipeWire:Interface:Client",
    "version": 3,
    "permissions": [ "r", "w", "x", "m" ],
    "info": {
      "change-mask": [ "props" ],
      "props": {
        "application.language": "en_GB.UTF-8",
        "application.name": "pw-loopback",
        "application.process.binary": "pw-loopback",
        "application.process.host": "larkbridge",
        "application.process.id": 102301,
        "application.process.user": "admin",
        "clock.power-of-two-quantum": true,
        "core.name": "pipewire-admin-102301",
        "core.version": "1.4.2",
        "cpu.max-align": 16,
        "default.clock.max-quantum": 2048,
        "default.clock.min-quantum": 32,
        "default.clock.quantum": 1024,
        "default.clock.quantum-floor": 4,
        "default.clock.quantum-limit": 8192,
        "default.clock.rate": 48000,
        "default.video.height": 480,
        "default.video.rate.denom": 1,
        "default.video.rate.num": 25,
        "default.video.width": 640,
        "link.max-buffers": 64,
        "log.level": 0,
        "mem.allow-mlock": true,
        "mem.warn-mlock": false,
        "module.id": 2,
        "object.id": 144,
        "object.serial": 31556,
        "pipewire.access": "unrestricted",
        "pipewire.protocol": "protocol-native",
        "pipewire.sec.gid": 1000,
        "pipewire.sec.pid": 102301,
        "pipewire.sec.socket": "pipewire-0",
        "pipewire.sec.uid": 1000,
        "settings.check-quantum": false,
        "settings.check-rate": false
      }
    }
  },
  {
    "id": 86,
    "type": "PipeWire:Interface:Node",
    "version": 3,
    "permissions": [ "r", "w", "x", "m" ],
    "info": {
      "max-input-ports": 0,
      "max-output-ports": 65,
      "change-mask": [ "input-ports", "output-ports", "state", "props", "params" ],
      "n-input-ports": 0,
      "n-output-ports": 1,
      "state": "running",
      "error": null,
      "props": {
        "adapt.follower.spa-node": "",
        "audio.channels": 1,
        "audio.position": "[ FL, FR ]",
        "client.id": 144,
        "clock.quantum-limit": 8192,
        "factory.id": 9,
        "library.name": "audioconvert/libspa-audioconvert",
        "media.class": "Stream/Output/Audio",
        "media.name": "bridge.callout output",
        "node.autoconnect": true,
        "node.description": "bridge.callout",
        "node.driver-id": 53,
        "node.group": "pw-loopback-102301",
        "node.link-group": "loopback-102301-20",
        "node.loop.name": "data-loop.0",
        "node.name": "output.bridge.callout",
        "node.trigger": true,
        "node.virtual": true,
        "node.want-driver": true,
        "object.id": 86,
        "object.register": false,
        "object.serial": 31560,
        "port.group": "stream.0",
        "resample.disable": true,
        "resample.prefill": true,
        "stream.is-live": true,
        "target.object": "bridge.aec.sink"
      },
      "params": {
        "EnumFormat": [
          {
            "mediaType": "audio",
            "mediaSubtype": "raw",
            "format": "F32P",
            "channels": 2,
            "position": [ "FL", "FR" ]
          }
        ],
        "PropInfo": [
          {
            "id": "volume",
            "description": "Volume",
            "type": { "default": 1.000000, "min": 0.000000, "max": 10.000000 }
          },
          {
            "id": "mute",
            "description": "Mute",
            "type": {
              "default": false,
              "alt1": false,
              "alt2": true
            }
          },
          {
            "id": "channelVolumes",
            "description": "Channel Volumes",
            "type": { "default": 1.000000, "min": 0.000000, "max": 10.000000 },
            "container": "Array"
          },
          {
            "id": "channelMap",
            "description": "Channel Map",
            "type": "",
            "container": "Array"
          },
          {
            "id": "monitorMute",
            "description": "Monitor Mute",
            "type": {
              "default": false,
              "alt1": false,
              "alt2": true
            }
          },
          {
            "id": "monitorVolumes",
            "description": "Monitor Volumes",
            "type": { "default": 1.000000, "min": 0.000000, "max": 10.000000 },
            "container": "Array"
          },
          {
            "id": "softMute",
            "description": "Soft Mute",
            "type": {
              "default": false,
              "alt1": false,
              "alt2": true
            }
          },
          {
            "id": "softVolumes",
            "description": "Soft Volumes",
            "type": { "default": 1.000000, "min": 0.000000, "max": 10.000000 },
            "container": "Array"
          },
          {
            "name": "monitor.channel-volumes",
            "description": "Monitor channel volume",
            "type": {
              "default": false,
              "alt1": false,
              "alt2": true
            },
            "params": true
          },
          {
            "name": "channelmix.disable",
            "description": "Disable Channel mixing",
            "type": {
              "default": false,
              "alt1": false,
              "alt2": true
            },
            "params": true
          },
          {
            "name": "channelmix.min-volume",
            "description": "Minimum volume level",
            "type": { "default": 0.000000, "min": 0.000000, "max": 10.000000 },
            "params": true
          },
          {
            "name": "channelmix.max-volume",
            "description": "Maximum volume level",
            "type": { "default": 10.000000, "min": 0.000000, "max": 10.000000 },
            "params": true
          },
          {
            "name": "channelmix.normalize",
            "description": "Normalize Volumes",
            "type": {
              "default": false,
              "alt1": false,
              "alt2": true
            },
            "params": true
          },
          {
            "name": "channelmix.mix-lfe",
            "description": "Mix LFE into channels",
            "type": {
              "default": true,
              "alt1": true,
              "alt2": false
            },
            "params": true
          },
          {
            "name": "channelmix.upmix",
            "description": "Enable upmixing",
            "type": {
              "default": true,
              "alt1": true,
              "alt2": false
            },
            "params": true
          },
          {
            "name": "channelmix.lfe-cutoff",
            "description": "LFE cutoff frequency",
            "type": { "default": 0.000000, "min": 0.000000, "max": 1000.000000 },
            "params": true
          },
          {
            "name": "channelmix.fc-cutoff",
            "description": "FC cutoff frequency (Hz)",
            "type": { "default": 0.000000, "min": 0.000000, "max": 48000.000000 },
            "params": true
          },
          {
            "name": "channelmix.rear-delay",
            "description": "Rear channels delay (ms)",
            "type": { "default": 0.000000, "min": 0.000000, "max": 1000.000000 },
            "params": true
          },
          {
            "name": "channelmix.stereo-widen",
            "description": "Stereo widen",
            "type": { "default": 0.000000, "min": 0.000000, "max": 1.000000 },
            "params": true
          },
          {
            "name": "channelmix.hilbert-taps",
            "description": "Taps for phase shift of rear",
            "type": { "default": 0, "min": 0, "max": 255 },
            "params": true
          },
          {
            "name": "channelmix.upmix-method",
            "description": "Upmix method to use",
            "type": "none",
            "params": true,
            "labels": [
              "none",
              "Disabled",
              "simple",
              "Simple upmixing",
              "psd",
              "Passive Surround Decoding"
            ]
          },
          {
            "id": "rate",
            "description": "Rate scaler",
            "type": { "default": 1.000000, "min": 0.000000, "max": 10.000000 }
          },
          {
            "id": "quality",
            "name": "resample.quality",
            "description": "Resample Quality",
            "type": { "default": 4, "min": 0, "max": 14 },
            "params": true
          },
          {
            "name": "resample.disable",
            "description": "Disable Resampling",
            "type": {
              "default": true,
              "alt1": true,
              "alt2": false
            },
            "params": true
          },
          {
            "name": "dither.noise",
            "description": "Add noise bits",
            "type": { "default": 0, "min": 0, "max": 16 },
            "params": true
          },
          {
            "name": "dither.method",
            "description": "The dithering method",
            "type": "none",
            "params": true,
            "labels": [
              "none",
              "Disabled",
              "rectangular",
              "Rectangular dithering",
              "triangular",
              "Triangular dithering",
              "triangular-hf",
              "Sloped Triangular dithering",
              "wannamaker3",
              "Wannamaker 3 dithering",
              "shaped5",
              "Lipshitz 5 dithering"
            ]
          },
          {
            "name": "debug.wav-path",
            "description": "Path to WAV file",
            "type": "",
            "params": true
          },
          {
            "name": "channelmix.lock-volumes",
            "description": "Disable volume updates",
            "type": {
              "default": false,
              "alt1": false,
              "alt2": true
            },
            "params": true
          },
          {
            "name": "audioconvert.filter-graph.disable",
            "description": "Disable Filter graph updates",
            "type": {
              "default": false,
              "alt1": false,
              "alt2": true
            },
            "params": true
          },
          {
            "name": "audioconvert.filter-graph",
            "description": "A filter graph to load",
            "type": "",
            "params": true
          }
        ],
        "Props": [
          {
            "volume": 1.000000,
            "mute": false,
            "channelVolumes": [ 1.000000, 1.000000 ],
            "channelMap": [ "FL", "FR" ],
            "softMute": false,
            "softVolumes": [ 1.000000, 1.000000 ],
            "monitorMute": false,
            "monitorVolumes": [ 1.000000, 1.000000 ],
            "params": [
              "monitor.channel-volumes",
              false,
              "channelmix.disable",
              false,
              "channelmix.min-volume",
              0.000000,
              "channelmix.max-volume",
              10.000000,
              "channelmix.normalize",
              false,
              "channelmix.mix-lfe",
              true,
              "channelmix.upmix",
              true,
              "channelmix.lfe-cutoff",
              0.000000,
              "channelmix.fc-cutoff",
              0.000000,
              "channelmix.rear-delay",
              0.000000,
              "channelmix.stereo-widen",
              0.000000,
              "channelmix.hilbert-taps",
              0,
              "channelmix.upmix-method",
              "none",
              "resample.quality",
              4,
              "resample.disable",
              true,
              "dither.noise",
              0,
              "dither.method",
              "none",
              "debug.wav-path",
              "",
              "channelmix.lock-volumes",
              false,
              "audioconvert.filter-graph.disable",
              false,
              "audioconvert.filter-graph",
              ""
            ]
          }
        ],
        "Format": [
          {
            "mediaType": "audio",
            "mediaSubtype": "raw",
            "format": "F32P",
            "channels": 2,
            "position": [ "FL", "FR" ]
          }
        ],
        "EnumPortConfig": [
          {
            "direction": "Output",
            "mode": {
              "default": "none",
              "alt1": "none",
              "alt2": "dsp",
              "alt3": "convert"
            },
            "monitor": {
              "default": false,
              "alt1": false,
              "alt2": true
            },
            "control": {
              "default": false,
              "alt1": false,
              "alt2": true
            }
          }
        ],
        "PortConfig": [
          {
            "direction": "Output",
            "mode": "dsp",
            "monitor": true,
            "control": false,
            "format": {
              "mediaType": "audio",
              "mediaSubtype": "raw",
              "format": "F32P",
              "channels": 1,
              "position": [ "MONO" ]
            }
          }
        ],
        "Latency": [
          {
            "direction": "Input",
            "minQuantum": 0.000000,
            "maxQuantum": 0.000000,
            "minRate": 0,
            "maxRate": 0,
            "minNs": 141167799,
            "maxNs": 141167799
          },
          {
            "direction": "Output",
            "minQuantum": 1.000000,
            "maxQuantum": 1.000000,
            "minRate": 0,
            "maxRate": 0,
            "minNs": 0,
            "maxNs": 0
          }
        ],
        "ProcessLatency": [
        ],
        "Tag": [ ]
      }
    }
  },
  {
    "id": 119,
    "type": "PipeWire:Interface:Node",
    "version": 3,
    "permissions": [ "r", "w", "x", "m" ],
    "info": {
      "max-input-ports": 65,
      "max-output-ports": 0,
      "change-mask": [ "input-ports", "output-ports", "state", "props", "params" ],
      "n-input-ports": 2,
      "n-output-ports": 2,
      "state": "running",
      "error": null,
      "props": {
        "adapt.follower.spa-node": "",
        "audio.channels": 1,
        "audio.position": "[ FL, FR ]",
        "client.id": 144,
        "clock.quantum-limit": 8192,
        "factory.id": 9,
        "library.name": "audioconvert/libspa-audioconvert",
        "media.class": "Stream/Input/Audio",
        "media.name": "bridge.callout input",
        "node.autoconnect": true,
        "node.description": "bridge.callout",
        "node.driver-id": 53,
        "node.group": "pw-loopback-102301",
        "node.link-group": "loopback-102301-20",
        "node.loop.name": "data-loop.0",
        "node.name": "input.bridge.callout",
        "node.virtual": true,
        "node.want-driver": true,
        "object.id": 119,
        "object.register": false,
        "object.serial": 31561,
        "port.group": "stream.0",
        "resample.disable": true,
        "resample.prefill": true,
        "stream.is-live": true,
        "target.object": "bluez_input.5C_33_7B_CB_BF_C5.0"
      },
      "params": {
        "EnumFormat": [
          {
            "mediaType": "audio",
            "mediaSubtype": "raw",
            "format": "F32P",
            "channels": 2,
            "position": [ "FL", "FR" ]
          }
        ],
        "PropInfo": [
          {
            "id": "volume",
            "description": "Volume",
            "type": { "default": 1.000000, "min": 0.000000, "max": 10.000000 }
          },
          {
            "id": "mute",
            "description": "Mute",
            "type": {
              "default": false,
              "alt1": false,
              "alt2": true
            }
          },
          {
            "id": "channelVolumes",
            "description": "Channel Volumes",
            "type": { "default": 1.000000, "min": 0.000000, "max": 10.000000 },
            "container": "Array"
          },
          {
            "id": "channelMap",
            "description": "Channel Map",
            "type": "",
            "container": "Array"
          },
          {
            "id": "monitorMute",
            "description": "Monitor Mute",
            "type": {
              "default": false,
              "alt1": false,
              "alt2": true
            }
          },
          {
            "id": "monitorVolumes",
            "description": "Monitor Volumes",
            "type": { "default": 1.000000, "min": 0.000000, "max": 10.000000 },
            "container": "Array"
          },
          {
            "id": "softMute",
            "description": "Soft Mute",
            "type": {
              "default": false,
              "alt1": false,
              "alt2": true
            }
          },
          {
            "id": "softVolumes",
            "description": "Soft Volumes",
            "type": { "default": 1.000000, "min": 0.000000, "max": 10.000000 },
            "container": "Array"
          },
          {
            "name": "monitor.channel-volumes",
            "description": "Monitor channel volume",
            "type": {
              "default": false,
              "alt1": false,
              "alt2": true
            },
            "params": true
          },
          {
            "name": "channelmix.disable",
            "description": "Disable Channel mixing",
            "type": {
              "default": false,
              "alt1": false,
              "alt2": true
            },
            "params": true
          },
          {
            "name": "channelmix.min-volume",
            "description": "Minimum volume level",
            "type": { "default": 0.000000, "min": 0.000000, "max": 10.000000 },
            "params": true
          },
          {
            "name": "channelmix.max-volume",
            "description": "Maximum volume level",
            "type": { "default": 10.000000, "min": 0.000000, "max": 10.000000 },
            "params": true
          },
          {
            "name": "channelmix.normalize",
            "description": "Normalize Volumes",
            "type": {
              "default": false,
              "alt1": false,
              "alt2": true
            },
            "params": true
          },
          {
            "name": "channelmix.mix-lfe",
            "description": "Mix LFE into channels",
            "type": {
              "default": true,
              "alt1": true,
              "alt2": false
            },
            "params": true
          },
          {
            "name": "channelmix.upmix",
            "description": "Enable upmixing",
            "type": {
              "default": true,
              "alt1": true,
              "alt2": false
            },
            "params": true
          },
          {
            "name": "channelmix.lfe-cutoff",
            "description": "LFE cutoff frequency",
            "type": { "default": 0.000000, "min": 0.000000, "max": 1000.000000 },
            "params": true
          },
          {
            "name": "channelmix.fc-cutoff",
            "description": "FC cutoff frequency (Hz)",
            "type": { "default": 0.000000, "min": 0.000000, "max": 48000.000000 },
            "params": true
          },
          {
            "name": "channelmix.rear-delay",
            "description": "Rear channels delay (ms)",
            "type": { "default": 0.000000, "min": 0.000000, "max": 1000.000000 },
            "params": true
          },
          {
            "name": "channelmix.stereo-widen",
            "description": "Stereo widen",
            "type": { "default": 0.000000, "min": 0.000000, "max": 1.000000 },
            "params": true
          },
          {
            "name": "channelmix.hilbert-taps",
            "description": "Taps for phase shift of rear",
            "type": { "default": 0, "min": 0, "max": 255 },
            "params": true
          },
          {
            "name": "channelmix.upmix-method",
            "description": "Upmix method to use",
            "type": "none",
            "params": true,
            "labels": [
              "none",
              "Disabled",
              "simple",
              "Simple upmixing",
              "psd",
              "Passive Surround Decoding"
            ]
          },
          {
            "id": "rate",
            "description": "Rate scaler",
            "type": { "default": 1.000000, "min": 0.000000, "max": 10.000000 }
          },
          {
            "id": "quality",
            "name": "resample.quality",
            "description": "Resample Quality",
            "type": { "default": 4, "min": 0, "max": 14 },
            "params": true
          },
          {
            "name": "resample.disable",
            "description": "Disable Resampling",
            "type": {
              "default": true,
              "alt1": true,
              "alt2": false
            },
            "params": true
          },
          {
            "name": "dither.noise",
            "description": "Add noise bits",
            "type": { "default": 0, "min": 0, "max": 16 },
            "params": true
          },
          {
            "name": "dither.method",
            "description": "The dithering method",
            "type": "none",
            "params": true,
            "labels": [
              "none",
              "Disabled",
              "rectangular",
              "Rectangular dithering",
              "triangular",
              "Triangular dithering",
              "triangular-hf",
              "Sloped Triangular dithering",
              "wannamaker3",
              "Wannamaker 3 dithering",
              "shaped5",
              "Lipshitz 5 dithering"
            ]
          },
          {
            "name": "debug.wav-path",
            "description": "Path to WAV file",
            "type": "",
            "params": true
          },
          {
            "name": "channelmix.lock-volumes",
            "description": "Disable volume updates",
            "type": {
              "default": false,
              "alt1": false,
              "alt2": true
            },
            "params": true
          },
          {
            "name": "audioconvert.filter-graph.disable",
            "description": "Disable Filter graph updates",
            "type": {
              "default": false,
              "alt1": false,
              "alt2": true
            },
            "params": true
          },
          {
            "name": "audioconvert.filter-graph",
            "description": "A filter graph to load",
            "type": "",
            "params": true
          }
        ],
        "Props": [
          {
            "volume": 1.000000,
            "mute": false,
            "channelVolumes": [ 1.000000, 1.000000 ],
            "channelMap": [ "FL", "FR" ],
            "softMute": false,
            "softVolumes": [ 1.000000, 1.000000 ],
            "monitorMute": false,
            "monitorVolumes": [ 1.000000, 1.000000 ],
            "params": [
              "monitor.channel-volumes",
              false,
              "channelmix.disable",
              false,
              "channelmix.min-volume",
              0.000000,
              "channelmix.max-volume",
              10.000000,
              "channelmix.normalize",
              false,
              "channelmix.mix-lfe",
              true,
              "channelmix.upmix",
              true,
              "channelmix.lfe-cutoff",
              0.000000,
              "channelmix.fc-cutoff",
              0.000000,
              "channelmix.rear-delay",
              0.000000,
              "channelmix.stereo-widen",
              0.000000,
              "channelmix.hilbert-taps",
              0,
              "channelmix.upmix-method",
              "none",
              "resample.quality",
              4,
              "resample.disable",
              true,
              "dither.noise",
              0,
              "dither.method",
              "none",
              "debug.wav-path",
              "",
              "channelmix.lock-volumes",
              false,
              "audioconvert.filter-graph.disable",
              false,
              "audioconvert.filter-graph",
              ""
            ]
          }
        ],
        "Format": [
          {
            "mediaType": "audio",
            "mediaSubtype": "raw",
            "format": "F32P",
            "channels": 2,
            "position": [ "FL", "FR" ]
          }
        ],
        "EnumPortConfig": [
          {
            "direction": "Input",
            "mode": {
              "default": "none",
              "alt1": "none",
              "alt2": "dsp",
              "alt3": "convert"
            },
            "monitor": {
              "default": false,
              "alt1": false,
              "alt2": true
            },
            "control": {
              "default": false,
              "alt1": false,
              "alt2": true
            }
          }
        ],
        "PortConfig": [
          {
            "direction": "Input",
            "mode": "dsp",
            "monitor": true,
            "control": false,
            "format": {
              "mediaType": "audio",
              "mediaSubtype": "raw",
              "format": "F32P",
              "channels": 2,
              "position": [ "FL", "FR" ]
            }
          }
        ],
        "Latency": [
          {
            "direction": "Input",
            "minQuantum": 0.000000,
            "maxQuantum": 0.000000,
            "minRate": 0,
            "maxRate": 0,
            "minNs": 141167799,
            "maxNs": 141167799
          },
          {
            "direction": "Output",
            "minQuantum": 1.000000,
            "maxQuantum": 1.000000,
            "minRate": 0,
            "maxRate": 0,
            "minNs": 0,
            "maxNs": 0
          }
        ],
        "ProcessLatency": [ ],
        "Tag": [ ]
      }
    }
  },
  {
    "id": 64,
    "type": "PipeWire:Interface:Port",
    "version": 3,
    "permissions": [ "r", "x", "m" ],
    "info": {
      "direction": "output",
      "change-mask": [ "props", "params" ],
      "props": {
        "audio.channel": "FL",
        "format.dsp": "32 bit float mono audio",
        "node.id": 109,
        "object.id": 64,
        "object.path": "output.bridge.mic:output_0",
        "object.serial": 31564,
        "port.alias": "bridge.mic:output_FL",
        "port.direction": "out",
        "port.group": "stream.0",
        "port.id": 0,
        "port.name": "output_FL"
      },
      "params": {
        "EnumFormat": [
          {
            "mediaType": "audio",
            "mediaSubtype": "dsp",
            "format": "F32P"
          }
        ],
        "Meta": [
          {
            "type": "Header",
            "size": 32
          }
        ],
        "IO": [
          {
            "id": "Buffers",
            "size": 8
          },
          {
            "id": "AsyncBuffers",
            "size": 8
          }
        ],
        "Format": [
          {
            "mediaType": "audio",
            "mediaSubtype": "dsp",
            "format": "F32P"
          }
        ],
        "Buffers": [
          {
            "buffers": { "default": 1, "min": 1, "max": 32 },
            "blocks": 1,
            "size": { "default": 32768, "min": 64, "max": 2147483647 },
            "stride": 4
          }
        ],
        "Latency": [
          {
            "direction": "Input",
            "minQuantum": 0.000000,
            "maxQuantum": 0.000000,
            "minRate": 0,
            "maxRate": 0,
            "minNs": 27500000,
            "maxNs": 27500000
          },
          {
            "direction": "Output",
            "minQuantum": 0.000000,
            "maxQuantum": 0.000000,
            "minRate": 0,
            "maxRate": 0,
            "minNs": 0,
            "maxNs": 0
          }
        ],
        "Tag": [
        ]
      }
    }
  },
  {
    "id": 102,
    "type": "PipeWire:Interface:Port",
    "version": 3,
    "permissions": [ "r", "x", "m" ],
    "info": {
      "direction": "output",
      "change-mask": [ "props", "params" ],
      "props": {
        "audio.channel": "FR",
        "format.dsp": "32 bit float mono audio",
        "node.id": 109,
        "object.id": 102,
        "object.path": "output.bridge.mic:output_1",
        "object.serial": 31565,
        "port.alias": "bridge.mic:output_FR",
        "port.direction": "out",
        "port.group": "stream.0",
        "port.id": 1,
        "port.name": "output_FR"
      },
      "params": {
        "EnumFormat": [
          {
            "mediaType": "audio",
            "mediaSubtype": "dsp",
            "format": "F32P"
          }
        ],
        "Meta": [
          {
            "type": "Header",
            "size": 32
          }
        ],
        "IO": [
          {
            "id": "Buffers",
            "size": 8
          },
          {
            "id": "AsyncBuffers",
            "size": 8
          }
        ],
        "Format": [
          {
            "mediaType": "audio",
            "mediaSubtype": "dsp",
            "format": "F32P"
          }
        ],
        "Buffers": [
          {
            "buffers": { "default": 1, "min": 1, "max": 32 },
            "blocks": 1,
            "size": { "default": 32768, "min": 64, "max": 2147483647 },
            "stride": 4
          }
        ],
        "Latency": [
          {
            "direction": "Input",
            "minQuantum": 0.000000,
            "maxQuantum": 0.000000,
            "minRate": 0,
            "maxRate": 0,
            "minNs": 27500000,
            "maxNs": 27500000
          },
          {
            "direction": "Output",
            "minQuantum": 0.000000,
            "maxQuantum": 0.000000,
            "minRate": 0,
            "maxRate": 0,
            "minNs": 0,
            "maxNs": 0
          }
        ],
        "Tag": [
        ]
      }
    }
  },
  {
    "id": 160,
    "type": "PipeWire:Interface:Link",
    "version": 3,
    "permissions": [ "r", "x" ],
    "info": {
      "output-node-id": 109,
      "output-port-id": 64,
      "input-node-id": 148,
      "input-port-id": 158,
      "change-mask": [ "state", "format", "props" ],
      "state": "active",
      "error": null,
      "format": {
        "mediaType": "audio",
        "mediaSubtype": "dsp",
        "format": "F32P"
      },
      "props": {
        "client.id": 120,
        "factory.id": 21,
        "link.input.node": 148,
        "link.input.port": 158,
        "link.output.node": 109,
        "link.output.port": 64,
        "object.id": 160,
        "object.serial": 31566
      }
    }
  },
  {
    "id": 132,
    "type": "PipeWire:Interface:Link",
    "version": 3,
    "permissions": [ "r", "x" ],
    "info": {
      "output-node-id": 109,
      "output-port-id": 102,
      "input-node-id": 148,
      "input-port-id": 108,
      "change-mask": [ "state", "format", "props" ],
      "state": "active",
      "error": null,
      "format": {
        "mediaType": "audio",
        "mediaSubtype": "dsp",
        "format": "F32P"
      },
      "props": {
        "client.id": 120,
        "factory.id": 21,
        "link.input.node": 148,
        "link.input.port": 108,
        "link.output.node": 109,
        "link.output.port": 102,
        "object.id": 132,
        "object.serial": 31567
      }
    }
  },
  {
    "id": 74,
    "type": "PipeWire:Interface:Port",
    "version": 3,
    "permissions": [ "r", "x", "m" ],
    "info": {
      "direction": "input",
      "change-mask": [ "props", "params" ],
      "props": {
        "audio.channel": "MONO",
        "format.dsp": "32 bit float mono audio",
        "node.id": 100,
        "object.id": 74,
        "object.path": "input.bridge.mic:input_0",
        "object.serial": 31569,
        "port.alias": "bridge.mic:input_MONO",
        "port.direction": "in",
        "port.group": "stream.0",
        "port.id": 0,
        "port.name": "input_MONO"
      },
      "params": {
        "EnumFormat": [
          {
            "mediaType": "audio",
            "mediaSubtype": "dsp",
            "format": "F32P"
          }
        ],
        "Meta": [
          {
            "type": "Header",
            "size": 32
          }
        ],
        "IO": [
          {
            "id": "Buffers",
            "size": 8
          },
          {
            "id": "AsyncBuffers",
            "size": 8
          }
        ],
        "Format": [
          {
            "mediaType": "audio",
            "mediaSubtype": "dsp",
            "format": "F32P"
          }
        ],
        "Buffers": [
          {
            "buffers": { "default": 1, "min": 1, "max": 32 },
            "blocks": 1,
            "size": { "default": 32768, "min": 64, "max": 2147483647 },
            "stride": 4
          }
        ],
        "Latency": [
          {
            "direction": "Input",
            "minQuantum": 0.000000,
            "maxQuantum": 0.000000,
            "minRate": 0,
            "maxRate": 0,
            "minNs": 27500000,
            "maxNs": 27500000
          },
          {
            "direction": "Output",
            "minQuantum": 0.000000,
            "maxQuantum": 0.000000,
            "minRate": 0,
            "maxRate": 0,
            "minNs": 0,
            "maxNs": 0
          }
        ],
        "Tag": [
        ]
      }
    }
  },
  {
    "id": 141,
    "type": "PipeWire:Interface:Port",
    "version": 3,
    "permissions": [ "r", "x", "m" ],
    "info": {
      "direction": "output",
      "change-mask": [ "props", "params" ],
      "props": {
        "audio.channel": "MONO",
        "format.dsp": "32 bit float mono audio",
        "node.id": 100,
        "object.id": 141,
        "object.path": "input.bridge.mic:monitor_0",
        "object.serial": 31570,
        "port.alias": "bridge.mic:monitor_MONO",
        "port.direction": "out",
        "port.group": "stream.0",
        "port.id": 0,
        "port.monitor": true,
        "port.name": "monitor_MONO"
      },
      "params": {
        "EnumFormat": [
          {
            "mediaType": "audio",
            "mediaSubtype": "dsp",
            "format": "F32P"
          }
        ],
        "Meta": [
          {
            "type": "Header",
            "size": 32
          }
        ],
        "IO": [
          {
            "id": "Buffers",
            "size": 8
          },
          {
            "id": "AsyncBuffers",
            "size": 8
          }
        ],
        "Format": [ ],
        "Buffers": [ ],
        "Latency": [
          {
            "direction": "Input",
            "minQuantum": 0.000000,
            "maxQuantum": 0.000000,
            "minRate": 0,
            "maxRate": 0,
            "minNs": 0,
            "maxNs": 0
          },
          {
            "direction": "Output",
            "minQuantum": 0.000000,
            "maxQuantum": 0.000000,
            "minRate": 0,
            "maxRate": 0,
            "minNs": 0,
            "maxNs": 0
          }
        ],
        "Tag": [
        ]
      }
    }
  },
  {
    "id": 107,
    "type": "PipeWire:Interface:Link",
    "version": 3,
    "permissions": [ "r", "x" ],
    "info": {
      "output-node-id": 106,
      "output-port-id": 124,
      "input-node-id": 100,
      "input-port-id": 74,
      "change-mask": [ "state", "format", "props" ],
      "state": "active",
      "error": null,
      "format": {
        "mediaType": "audio",
        "mediaSubtype": "dsp",
        "format": "F32P"
      },
      "props": {
        "client.id": 120,
        "factory.id": 21,
        "link.input.node": 100,
        "link.input.port": 74,
        "link.output.node": 106,
        "link.output.port": 124,
        "object.id": 107,
        "object.serial": 31571
      }
    }
  },
  {
    "id": 142,
    "type": "PipeWire:Interface:Port",
    "version": 3,
    "permissions": [ "r", "x", "m" ],
    "info": {
      "direction": "output",
      "change-mask": [ "props", "params" ],
      "props": {
        "audio.channel": "MONO",
        "format.dsp": "32 bit float mono audio",
        "node.id": 86,
        "object.id": 142,
        "object.path": "output.bridge.callout:output_0",
        "object.serial": 31573,
        "port.alias": "bridge.callout:output_MONO",
        "port.direction": "out",
        "port.group": "stream.0",
        "port.id": 0,
        "port.name": "output_MONO"
      },
      "params": {
        "EnumFormat": [
          {
            "mediaType": "audio",
            "mediaSubtype": "dsp",
            "format": "F32P"
          }
        ],
        "Meta": [
          {
            "type": "Header",
            "size": 32
          }
        ],
        "IO": [
          {
            "id": "Buffers",
            "size": 8
          },
          {
            "id": "AsyncBuffers",
            "size": 8
          }
        ],
        "Format": [
          {
            "mediaType": "audio",
            "mediaSubtype": "dsp",
            "format": "F32P"
          }
        ],
        "Buffers": [
          {
            "buffers": { "default": 1, "min": 1, "max": 32 },
            "blocks": 1,
            "size": { "default": 32768, "min": 64, "max": 2147483647 },
            "stride": 4
          }
        ],
        "Latency": [
          {
            "direction": "Input",
            "minQuantum": 0.000000,
            "maxQuantum": 0.000000,
            "minRate": 0,
            "maxRate": 0,
            "minNs": 141167799,
            "maxNs": 141167799
          },
          {
            "direction": "Output",
            "minQuantum": 1.000000,
            "maxQuantum": 1.000000,
            "minRate": 0,
            "maxRate": 0,
            "minNs": 0,
            "maxNs": 0
          }
        ],
        "Tag": [
        ]
      }
    }
  },
  {
    "id": 137,
    "type": "PipeWire:Interface:Link",
    "version": 3,
    "permissions": [ "r", "x" ],
    "info": {
      "output-node-id": 86,
      "output-port-id": 142,
      "input-node-id": 97,
      "input-port-id": 73,
      "change-mask": [ "state", "format", "props" ],
      "state": "active",
      "error": null,
      "format": {
        "mediaType": "audio",
        "mediaSubtype": "dsp",
        "format": "F32P"
      },
      "props": {
        "client.id": 120,
        "factory.id": 21,
        "link.input.node": 97,
        "link.input.port": 73,
        "link.output.node": 86,
        "link.output.port": 142,
        "object.id": 137,
        "object.serial": 31574
      }
    }
  },
  {
    "id": 62,
    "type": "PipeWire:Interface:Port",
    "version": 3,
    "permissions": [ "r", "x", "m" ],
    "info": {
      "direction": "input",
      "change-mask": [ "props", "params" ],
      "props": {
        "audio.channel": "FL",
        "format.dsp": "32 bit float mono audio",
        "node.id": 119,
        "object.id": 62,
        "object.path": "input.bridge.callout:input_0",
        "object.serial": 31575,
        "port.alias": "bridge.callout:input_FL",
        "port.direction": "in",
        "port.group": "stream.0",
        "port.id": 0,
        "port.name": "input_FL"
      },
      "params": {
        "EnumFormat": [
          {
            "mediaType": "audio",
            "mediaSubtype": "dsp",
            "format": "F32P"
          }
        ],
        "Meta": [
          {
            "type": "Header",
            "size": 32
          }
        ],
        "IO": [
          {
            "id": "Buffers",
            "size": 8
          },
          {
            "id": "AsyncBuffers",
            "size": 8
          }
        ],
        "Format": [
          {
            "mediaType": "audio",
            "mediaSubtype": "dsp",
            "format": "F32P"
          }
        ],
        "Buffers": [
          {
            "buffers": { "default": 1, "min": 1, "max": 32 },
            "blocks": 1,
            "size": { "default": 32768, "min": 64, "max": 2147483647 },
            "stride": 4
          }
        ],
        "Latency": [
          {
            "direction": "Input",
            "minQuantum": 0.000000,
            "maxQuantum": 0.000000,
            "minRate": 0,
            "maxRate": 0,
            "minNs": 141167799,
            "maxNs": 141167799
          },
          {
            "direction": "Output",
            "minQuantum": 1.000000,
            "maxQuantum": 1.000000,
            "minRate": 0,
            "maxRate": 0,
            "minNs": 0,
            "maxNs": 0
          }
        ],
        "Tag": [
        ]
      }
    }
  },
  {
    "id": 85,
    "type": "PipeWire:Interface:Port",
    "version": 3,
    "permissions": [ "r", "x", "m" ],
    "info": {
      "direction": "output",
      "change-mask": [ "props", "params" ],
      "props": {
        "audio.channel": "FL",
        "format.dsp": "32 bit float mono audio",
        "node.id": 119,
        "object.id": 85,
        "object.path": "input.bridge.callout:monitor_0",
        "object.serial": 31576,
        "port.alias": "bridge.callout:monitor_FL",
        "port.direction": "out",
        "port.group": "stream.0",
        "port.id": 0,
        "port.monitor": true,
        "port.name": "monitor_FL"
      },
      "params": {
        "EnumFormat": [
          {
            "mediaType": "audio",
            "mediaSubtype": "dsp",
            "format": "F32P"
          }
        ],
        "Meta": [
          {
            "type": "Header",
            "size": 32
          }
        ],
        "IO": [
          {
            "id": "Buffers",
            "size": 8
          },
          {
            "id": "AsyncBuffers",
            "size": 8
          }
        ],
        "Format": [ ],
        "Buffers": [ ],
        "Latency": [
          {
            "direction": "Input",
            "minQuantum": 0.000000,
            "maxQuantum": 0.000000,
            "minRate": 0,
            "maxRate": 0,
            "minNs": 0,
            "maxNs": 0
          },
          {
            "direction": "Output",
            "minQuantum": 0.000000,
            "maxQuantum": 0.000000,
            "minRate": 0,
            "maxRate": 0,
            "minNs": 0,
            "maxNs": 0
          }
        ],
        "Tag": [
        ]
      }
    }
  },
  {
    "id": 81,
    "type": "PipeWire:Interface:Port",
    "version": 3,
    "permissions": [ "r", "x", "m" ],
    "info": {
      "direction": "input",
      "change-mask": [ "props", "params" ],
      "props": {
        "audio.channel": "FR",
        "format.dsp": "32 bit float mono audio",
        "node.id": 119,
        "object.id": 81,
        "object.path": "input.bridge.callout:input_1",
        "object.serial": 31577,
        "port.alias": "bridge.callout:input_FR",
        "port.direction": "in",
        "port.group": "stream.0",
        "port.id": 1,
        "port.name": "input_FR"
      },
      "params": {
        "EnumFormat": [
          {
            "mediaType": "audio",
            "mediaSubtype": "dsp",
            "format": "F32P"
          }
        ],
        "Meta": [
          {
            "type": "Header",
            "size": 32
          }
        ],
        "IO": [
          {
            "id": "Buffers",
            "size": 8
          },
          {
            "id": "AsyncBuffers",
            "size": 8
          }
        ],
        "Format": [
          {
            "mediaType": "audio",
            "mediaSubtype": "dsp",
            "format": "F32P"
          }
        ],
        "Buffers": [
          {
            "buffers": { "default": 1, "min": 1, "max": 32 },
            "blocks": 1,
            "size": { "default": 32768, "min": 64, "max": 2147483647 },
            "stride": 4
          }
        ],
        "Latency": [
          {
            "direction": "Input",
            "minQuantum": 0.000000,
            "maxQuantum": 0.000000,
            "minRate": 0,
            "maxRate": 0,
            "minNs": 141167799,
            "maxNs": 141167799
          },
          {
            "direction": "Output",
            "minQuantum": 1.000000,
            "maxQuantum": 1.000000,
            "minRate": 0,
            "maxRate": 0,
            "minNs": 0,
            "maxNs": 0
          }
        ],
        "Tag": [
        ]
      }
    }
  },
  {
    "id": 93,
    "type": "PipeWire:Interface:Port",
    "version": 3,
    "permissions": [ "r", "x", "m" ],
    "info": {
      "direction": "output",
      "change-mask": [ "props", "params" ],
      "props": {
        "audio.channel": "FR",
        "format.dsp": "32 bit float mono audio",
        "node.id": 119,
        "object.id": 93,
        "object.path": "input.bridge.callout:monitor_1",
        "object.serial": 31578,
        "port.alias": "bridge.callout:monitor_FR",
        "port.direction": "out",
        "port.group": "stream.0",
        "port.id": 1,
        "port.monitor": true,
        "port.name": "monitor_FR"
      },
      "params": {
        "EnumFormat": [
          {
            "mediaType": "audio",
            "mediaSubtype": "dsp",
            "format": "F32P"
          }
        ],
        "Meta": [
          {
            "type": "Header",
            "size": 32
          }
        ],
        "IO": [
          {
            "id": "Buffers",
            "size": 8
          },
          {
            "id": "AsyncBuffers",
            "size": 8
          }
        ],
        "Format": [ ],
        "Buffers": [ ],
        "Latency": [
          {
            "direction": "Input",
            "minQuantum": 0.000000,
            "maxQuantum": 0.000000,
            "minRate": 0,
            "maxRate": 0,
            "minNs": 0,
            "maxNs": 0
          },
          {
            "direction": "Output",
            "minQuantum": 0.000000,
            "maxQuantum": 0.000000,
            "minRate": 0,
            "maxRate": 0,
            "minNs": 0,
            "maxNs": 0
          }
        ],
        "Tag": [
        ]
      }
    }
  },
  {
    "id": 90,
    "type": "PipeWire:Interface:Link",
    "version": 3,
    "permissions": [ "r", "x" ],
    "info": {
      "output-node-id": 89,
      "output-port-id": 98,
      "input-node-id": 119,
      "input-port-id": 62,
      "change-mask": [ "state", "format", "props" ],
      "state": "active",
      "error": null,
      "format": {
        "mediaType": "audio",
        "mediaSubtype": "dsp",
        "format": "F32P"
      },
      "props": {
        "client.id": 120,
        "factory.id": 21,
        "link.input.node": 119,
        "link.input.port": 62,
        "link.output.node": 89,
        "link.output.port": 98,
        "object.id": 90,
        "object.serial": 31580
      }
    }
  },
  {
    "id": 82,
    "type": "PipeWire:Interface:Link",
    "version": 3,
    "permissions": [ "r", "x" ],
    "info": {
      "output-node-id": 89,
      "output-port-id": 117,
      "input-node-id": 119,
      "input-port-id": 81,
      "change-mask": [ "state", "format", "props" ],
      "state": "active",
      "error": null,
      "format": {
        "mediaType": "audio",
        "mediaSubtype": "dsp",
        "format": "F32P"
      },
      "props": {
        "client.id": 120,
        "factory.id": 21,
        "link.input.node": 119,
        "link.input.port": 81,
        "link.output.node": 89,
        "link.output.port": 117,
        "object.id": 82,
        "object.serial": 31581
      }
    }
  },
  {
    "id": 118,
    "type": "PipeWire:Interface:Device",
    "version": 3,
    "permissions": [ "r", "w", "x", "m" ],
    "info": {
      "change-mask": [ "props", "params" ],
      "props": {
        "api.bluez5.address": "C9:5C:FD:6E:28:46",
        "api.bluez5.class": "0x240404",
        "api.bluez5.connection": "connected",
        "api.bluez5.device": "",
        "api.bluez5.icon": "audio-headset",
        "api.bluez5.path": "/org/bluez/hci1/dev_C9_5C_FD_6E_28_46",
        "bluez5.profile": "off",
        "client.id": 49,
        "device.alias": "MP43247",
        "device.api": "bluez5",
        "device.bus": "bluetooth",
        "device.description": "Boombox",
        "device.form-factor": "headset",
        "device.icon-name": "audio-headset-bluetooth",
        "device.name": "bluez_card.C9_5C_FD_6E_28_46",
        "device.product.id": "0x0500",
        "device.string": "C9:5C:FD:6E:28:46",
        "device.vendor.id": "usb:099a",
        "factory.id": 15,
        "media.class": "Audio/Device",
        "node.pause-on-idle": false,
        "object.id": 118,
        "object.serial": 31737,
        "session.suspend-timeout-seconds": 0,
        "spa.object.id": 38
      },
      "params": {
        "EnumProfile": [
          {
            "index": 0,
            "name": "off",
            "description": "Off",
            "available": "yes",
            "priority": 0
          },
          {
            "index": 131073,
            "name": "a2dp-sink",
            "description": "High Fidelity Playback (A2DP Sink, codec SBC)",
            "available": "yes",
            "priority": 17,
            "classes": [
              [
                "Audio/Sink",
                1,
                "card.profile.devices",
                [ 1 ]
              ]
            ]
          }
        ],
        "Profile": [
          {
            "index": 131073,
            "name": "a2dp-sink",
            "description": "High Fidelity Playback (A2DP Sink, codec SBC)",
            "available": "yes",
            "priority": 17,
            "classes": [
              [
                "Audio/Sink",
                1,
                "card.profile.devices",
                [ 1 ]
              ]
            ],
            "save": false
          }
        ],
        "EnumRoute": [
          {
            "index": 1,
            "direction": "Output",
            "name": "headset-output",
            "description": "Headset",
            "priority": 0,
            "available": "yes",
            "info": [
              1,
              "port.type",
              "headset"
            ],
            "profiles": [ 131073 ],
            "devices": [ 1 ]
          }
        ],
        "Route": [
          {
            "index": 1,
            "direction": "Output",
            "name": "headset-output",
            "description": "Headset",
            "priority": 0,
            "available": "yes",
            "info": [
              1,
              "port.type",
              "headset"
            ],
            "profiles": [ 131073 ],
            "device": 1,
            "props": {
              "mute": false,
              "channelVolumes": [ 0.064000, 0.064000 ],
              "volumeStep": 0.007812,
              "channelMap": [ "FL", "FR" ],
              "latencyOffsetNsec": 0
            },
            "save": true,
            "profile": 2,
            "devices": [ 1 ]
          }
        ],
        "PropInfo": [
          {
            "id": "bluetoothAudioCodec",
            "description": "Air codec",
            "type": {
              "default": 1,
              "alt1": 1
            },
            "labels": [
              1,
              "SBC"
            ]
          },
          {
            "id": "bluetoothOffloadActive",
            "description": "Bluetooth audio offload active",
            "type": {
              "default": false,
              "alt1": false,
              "alt2": true
            }
          }
        ],
        "Props": [
          {
            "bluetoothAudioCodec": "sbc",
            "bluetoothOffloadActive": false
          }
        ]
      }
    }
  },
  {
    "id": 61,
    "type": "PipeWire:Interface:Node",
    "version": 3,
    "permissions": [ "r", "w", "x", "m" ],
    "info": {
      "max-input-ports": 65,
      "max-output-ports": 0,
      "change-mask": [ "input-ports", "output-ports", "state", "props", "params" ],
      "n-input-ports": 2,
      "n-output-ports": 2,
      "state": "running",
      "error": null,
      "props": {
        "api.bluez5.address": "C9:5C:FD:6E:28:46",
        "api.bluez5.codec": "sbc",
        "api.bluez5.profile": "a2dp-sink",
        "api.bluez5.transport": "",
        "bluez5.loopback": false,
        "card.profile.device": 1,
        "client.id": 49,
        "clock.quantum-limit": 8192,
        "device.api": "bluez5",
        "device.id": 118,
        "device.routes": 1,
        "factory.id": 12,
        "factory.name": "api.bluez5.a2dp.sink",
        "library.name": "audioconvert/libspa-audioconvert",
        "media.class": "Audio/Sink",
        "media.name": "MP43247",
        "node.description": "Boombox",
        "node.driver": true,
        "node.driver-id": 53,
        "node.loop.name": "data-loop.0",
        "node.name": "bluez_output.C9_5C_FD_6E_28_46.1",
        "node.pause-on-idle": false,
        "object.id": 61,
        "object.serial": 31738,
        "port.group": "stream.0",
        "priority.driver": 1010,
        "priority.session": 1010,
        "spa.object.id": 1
      },
      "params": {
        "EnumFormat": [
          {
            "mediaType": "audio",
            "mediaSubtype": "raw",
            "format": "S16LE",
            "rate": 44100,
            "channels": 2,
            "position": [ "FL", "FR" ]
          }
        ],
        "PropInfo": [
          {
            "id": "volume",
            "description": "Volume",
            "type": { "default": 1.000000, "min": 0.000000, "max": 10.000000 }
          },
          {
            "id": "mute",
            "description": "Mute",
            "type": {
              "default": false,
              "alt1": false,
              "alt2": true
            }
          },
          {
            "id": "channelVolumes",
            "description": "Channel Volumes",
            "type": { "default": 1.000000, "min": 0.000000, "max": 10.000000 },
            "container": "Array"
          },
          {
            "id": "channelMap",
            "description": "Channel Map",
            "type": "",
            "container": "Array"
          },
          {
            "id": "monitorMute",
            "description": "Monitor Mute",
            "type": {
              "default": false,
              "alt1": false,
              "alt2": true
            }
          },
          {
            "id": "monitorVolumes",
            "description": "Monitor Volumes",
            "type": { "default": 1.000000, "min": 0.000000, "max": 10.000000 },
            "container": "Array"
          },
          {
            "id": "softMute",
            "description": "Soft Mute",
            "type": {
              "default": false,
              "alt1": false,
              "alt2": true
            }
          },
          {
            "id": "softVolumes",
            "description": "Soft Volumes",
            "type": { "default": 1.000000, "min": 0.000000, "max": 10.000000 },
            "container": "Array"
          },
          {
            "name": "monitor.channel-volumes",
            "description": "Monitor channel volume",
            "type": {
              "default": false,
              "alt1": false,
              "alt2": true
            },
            "params": true
          },
          {
            "name": "channelmix.disable",
            "description": "Disable Channel mixing",
            "type": {
              "default": false,
              "alt1": false,
              "alt2": true
            },
            "params": true
          },
          {
            "name": "channelmix.min-volume",
            "description": "Minimum volume level",
            "type": { "default": 0.000000, "min": 0.000000, "max": 10.000000 },
            "params": true
          },
          {
            "name": "channelmix.max-volume",
            "description": "Maximum volume level",
            "type": { "default": 10.000000, "min": 0.000000, "max": 10.000000 },
            "params": true
          },
          {
            "name": "channelmix.normalize",
            "description": "Normalize Volumes",
            "type": {
              "default": false,
              "alt1": false,
              "alt2": true
            },
            "params": true
          },
          {
            "name": "channelmix.mix-lfe",
            "description": "Mix LFE into channels",
            "type": {
              "default": true,
              "alt1": true,
              "alt2": false
            },
            "params": true
          },
          {
            "name": "channelmix.upmix",
            "description": "Enable upmixing",
            "type": {
              "default": true,
              "alt1": true,
              "alt2": false
            },
            "params": true
          },
          {
            "name": "channelmix.lfe-cutoff",
            "description": "LFE cutoff frequency",
            "type": { "default": 0.000000, "min": 0.000000, "max": 1000.000000 },
            "params": true
          },
          {
            "name": "channelmix.fc-cutoff",
            "description": "FC cutoff frequency (Hz)",
            "type": { "default": 0.000000, "min": 0.000000, "max": 48000.000000 },
            "params": true
          },
          {
            "name": "channelmix.rear-delay",
            "description": "Rear channels delay (ms)",
            "type": { "default": 0.000000, "min": 0.000000, "max": 1000.000000 },
            "params": true
          },
          {
            "name": "channelmix.stereo-widen",
            "description": "Stereo widen",
            "type": { "default": 0.000000, "min": 0.000000, "max": 1.000000 },
            "params": true
          },
          {
            "name": "channelmix.hilbert-taps",
            "description": "Taps for phase shift of rear",
            "type": { "default": 0, "min": 0, "max": 255 },
            "params": true
          },
          {
            "name": "channelmix.upmix-method",
            "description": "Upmix method to use",
            "type": "none",
            "params": true,
            "labels": [
              "none",
              "Disabled",
              "simple",
              "Simple upmixing",
              "psd",
              "Passive Surround Decoding"
            ]
          },
          {
            "id": "rate",
            "description": "Rate scaler",
            "type": { "default": 1.000000, "min": 0.000000, "max": 10.000000 }
          },
          {
            "id": "quality",
            "name": "resample.quality",
            "description": "Resample Quality",
            "type": { "default": 4, "min": 0, "max": 14 },
            "params": true
          },
          {
            "name": "resample.disable",
            "description": "Disable Resampling",
            "type": {
              "default": false,
              "alt1": false,
              "alt2": true
            },
            "params": true
          },
          {
            "name": "dither.noise",
            "description": "Add noise bits",
            "type": { "default": 0, "min": 0, "max": 16 },
            "params": true
          },
          {
            "name": "dither.method",
            "description": "The dithering method",
            "type": "none",
            "params": true,
            "labels": [
              "none",
              "Disabled",
              "rectangular",
              "Rectangular dithering",
              "triangular",
              "Triangular dithering",
              "triangular-hf",
              "Sloped Triangular dithering",
              "wannamaker3",
              "Wannamaker 3 dithering",
              "shaped5",
              "Lipshitz 5 dithering"
            ]
          },
          {
            "name": "debug.wav-path",
            "description": "Path to WAV file",
            "type": "",
            "params": true
          },
          {
            "name": "channelmix.lock-volumes",
            "description": "Disable volume updates",
            "type": {
              "default": false,
              "alt1": false,
              "alt2": true
            },
            "params": true
          },
          {
            "name": "audioconvert.filter-graph.disable",
            "description": "Disable Filter graph updates",
            "type": {
              "default": false,
              "alt1": false,
              "alt2": true
            },
            "params": true
          },
          {
            "name": "audioconvert.filter-graph",
            "description": "A filter graph to load",
            "type": "",
            "params": true
          },
          {
            "id": "latencyOffsetNsec",
            "description": "Latency offset (ns)",
            "type": { "default": 0, "min": -9223372036854775808, "max": 9223372036854775807 }
          }
        ],
        "Props": [
          {
            "volume": 1.000000,
            "mute": false,
            "channelVolumes": [ 0.064000, 0.064000 ],
            "channelMap": [ "FL", "FR" ],
            "softMute": false,
            "softVolumes": [ 1.000000, 1.000000 ],
            "monitorMute": false,
            "monitorVolumes": [ 1.000000, 1.000000 ],
            "params": [
              "monitor.channel-volumes",
              false,
              "channelmix.disable",
              false,
              "channelmix.min-volume",
              0.000000,
              "channelmix.max-volume",
              10.000000,
              "channelmix.normalize",
              false,
              "channelmix.mix-lfe",
              true,
              "channelmix.upmix",
              true,
              "channelmix.lfe-cutoff",
              0.000000,
              "channelmix.fc-cutoff",
              0.000000,
              "channelmix.rear-delay",
              0.000000,
              "channelmix.stereo-widen",
              0.000000,
              "channelmix.hilbert-taps",
              0,
              "channelmix.upmix-method",
              "none",
              "resample.quality",
              4,
              "resample.disable",
              false,
              "dither.noise",
              0,
              "dither.method",
              "none",
              "debug.wav-path",
              "",
              "channelmix.lock-volumes",
              false,
              "audioconvert.filter-graph.disable",
              false,
              "audioconvert.filter-graph",
              ""
            ]
          },
          {
            "latencyOffsetNsec": 0
          }
        ],
        "Format": [
          {
            "mediaType": "audio",
            "mediaSubtype": "raw",
            "format": "S16LE",
            "rate": 44100,
            "channels": 2,
            "position": [ "FL", "FR" ]
          }
        ],
        "EnumPortConfig": [
          {
            "direction": "Input",
            "mode": {
              "default": "none",
              "alt1": "none",
              "alt2": "dsp",
              "alt3": "convert"
            },
            "monitor": {
              "default": false,
              "alt1": false,
              "alt2": true
            },
            "control": {
              "default": false,
              "alt1": false,
              "alt2": true
            }
          }
        ],
        "PortConfig": [
          {
            "direction": "Input",
            "mode": "dsp",
            "monitor": true,
            "control": false,
            "format": {
              "mediaType": "audio",
              "mediaSubtype": "raw",
              "format": "F32P",
              "channels": 2,
              "position": [ "FL", "FR" ]
            }
          }
        ],
        "Latency": [
          {
            "direction": "Input",
            "minQuantum": 0.000000,
            "maxQuantum": 0.000000,
            "minRate": 0,
            "maxRate": 0,
            "minNs": 141167799,
            "maxNs": 141167799
          }
        ],
        "ProcessLatency": [
        ],
        "Tag": [
        ]
      }
    }
  },
  {
    "id": 99,
    "type": "PipeWire:Interface:Port",
    "version": 3,
    "permissions": [ "r", "x", "m" ],
    "info": {
      "direction": "input",
      "change-mask": [ "props", "params" ],
      "props": {
        "audio.channel": "FL",
        "format.dsp": "32 bit float mono audio",
        "node.id": 61,
        "object.id": 99,
        "object.path": "bluez_output.C9_5C_FD_6E_28_46.1:playback_0",
        "object.serial": 87,
        "port.alias": "Boombox:playback_FL",
        "port.direction": "in",
        "port.group": "stream.0",
        "port.id": 0,
        "port.name": "playback_FL",
        "port.physical": true,
        "port.terminal": true
      },
      "params": {
        "EnumFormat": [
          {
            "mediaType": "audio",
            "mediaSubtype": "dsp",
            "format": "F32P"
          }
        ],
        "Meta": [
          {
            "type": "Header",
            "size": 32
          }
        ],
        "IO": [
          {
            "id": "Buffers",
            "size": 8
          },
          {
            "id": "AsyncBuffers",
            "size": 8
          }
        ],
        "Format": [
          {
            "mediaType": "audio",
            "mediaSubtype": "dsp",
            "format": "F32P"
          }
        ],
        "Buffers": [
          {
            "buffers": { "default": 1, "min": 1, "max": 32 },
            "blocks": 1,
            "size": { "default": 32768, "min": 64, "max": 2147483647 },
            "stride": 4
          }
        ],
        "Latency": [
          {
            "direction": "Input",
            "minQuantum": 0.000000,
            "maxQuantum": 0.000000,
            "minRate": 0,
            "maxRate": 0,
            "minNs": 141167799,
            "maxNs": 141167799
          },
          {
            "direction": "Output",
            "minQuantum": 1.000000,
            "maxQuantum": 1.000000,
            "minRate": 0,
            "maxRate": 0,
            "minNs": 0,
            "maxNs": 0
          }
        ],
        "Tag": [
        ]
      }
    }
  },
  {
    "id": 65,
    "type": "PipeWire:Interface:Port",
    "version": 3,
    "permissions": [ "r", "x", "m" ],
    "info": {
      "direction": "output",
      "change-mask": [ "props", "params" ],
      "props": {
        "audio.channel": "FL",
        "format.dsp": "32 bit float mono audio",
        "node.id": 61,
        "object.id": 65,
        "object.path": "bluez_output.C9_5C_FD_6E_28_46.1:monitor_0",
        "object.serial": 31744,
        "port.alias": "Boombox:monitor_FL",
        "port.direction": "out",
        "port.group": "stream.0",
        "port.id": 0,
        "port.monitor": true,
        "port.name": "monitor_FL"
      },
      "params": {
        "EnumFormat": [
          {
            "mediaType": "audio",
            "mediaSubtype": "dsp",
            "format": "F32P"
          }
        ],
        "Meta": [
          {
            "type": "Header",
            "size": 32
          }
        ],
        "IO": [
          {
            "id": "Buffers",
            "size": 8
          },
          {
            "id": "AsyncBuffers",
            "size": 8
          }
        ],
        "Format": [ ],
        "Buffers": [ ],
        "Latency": [
          {
            "direction": "Input",
            "minQuantum": 0.000000,
            "maxQuantum": 0.000000,
            "minRate": 0,
            "maxRate": 0,
            "minNs": 0,
            "maxNs": 0
          },
          {
            "direction": "Output",
            "minQuantum": 0.000000,
            "maxQuantum": 0.000000,
            "minRate": 0,
            "maxRate": 0,
            "minNs": 0,
            "maxNs": 0
          }
        ],
        "Tag": [
        ]
      }
    }
  },
  {
    "id": 126,
    "type": "PipeWire:Interface:Port",
    "version": 3,
    "permissions": [ "r", "x", "m" ],
    "info": {
      "direction": "input",
      "change-mask": [ "props", "params" ],
      "props": {
        "audio.channel": "FR",
        "format.dsp": "32 bit float mono audio",
        "node.id": 61,
        "object.id": 126,
        "object.path": "bluez_output.C9_5C_FD_6E_28_46.1:playback_1",
        "object.serial": 89,
        "port.alias": "Boombox:playback_FR",
        "port.direction": "in",
        "port.group": "stream.0",
        "port.id": 1,
        "port.name": "playback_FR",
        "port.physical": true,
        "port.terminal": true
      },
      "params": {
        "EnumFormat": [
          {
            "mediaType": "audio",
            "mediaSubtype": "dsp",
            "format": "F32P"
          }
        ],
        "Meta": [
          {
            "type": "Header",
            "size": 32
          }
        ],
        "IO": [
          {
            "id": "Buffers",
            "size": 8
          },
          {
            "id": "AsyncBuffers",
            "size": 8
          }
        ],
        "Format": [
          {
            "mediaType": "audio",
            "mediaSubtype": "dsp",
            "format": "F32P"
          }
        ],
        "Buffers": [
          {
            "buffers": { "default": 1, "min": 1, "max": 32 },
            "blocks": 1,
            "size": { "default": 32768, "min": 64, "max": 2147483647 },
            "stride": 4
          }
        ],
        "Latency": [
          {
            "direction": "Input",
            "minQuantum": 0.000000,
            "maxQuantum": 0.000000,
            "minRate": 0,
            "maxRate": 0,
            "minNs": 141167799,
            "maxNs": 141167799
          },
          {
            "direction": "Output",
            "minQuantum": 1.000000,
            "maxQuantum": 1.000000,
            "minRate": 0,
            "maxRate": 0,
            "minNs": 0,
            "maxNs": 0
          }
        ],
        "Tag": [
        ]
      }
    }
  },
  {
    "id": 153,
    "type": "PipeWire:Interface:Port",
    "version": 3,
    "permissions": [ "r", "x", "m" ],
    "info": {
      "direction": "output",
      "change-mask": [ "props", "params" ],
      "props": {
        "audio.channel": "FR",
        "format.dsp": "32 bit float mono audio",
        "node.id": 61,
        "object.id": 153,
        "object.path": "bluez_output.C9_5C_FD_6E_28_46.1:monitor_1",
        "object.serial": 31746,
        "port.alias": "Boombox:monitor_FR",
        "port.direction": "out",
        "port.group": "stream.0",
        "port.id": 1,
        "port.monitor": true,
        "port.name": "monitor_FR"
      },
      "params": {
        "EnumFormat": [
          {
            "mediaType": "audio",
            "mediaSubtype": "dsp",
            "format": "F32P"
          }
        ],
        "Meta": [
          {
            "type": "Header",
            "size": 32
          }
        ],
        "IO": [
          {
            "id": "Buffers",
            "size": 8
          },
          {
            "id": "AsyncBuffers",
            "size": 8
          }
        ],
        "Format": [ ],
        "Buffers": [ ],
        "Latency": [
          {
            "direction": "Input",
            "minQuantum": 0.000000,
            "maxQuantum": 0.000000,
            "minRate": 0,
            "maxRate": 0,
            "minNs": 0,
            "maxNs": 0
          },
          {
            "direction": "Output",
            "minQuantum": 0.000000,
            "maxQuantum": 0.000000,
            "minRate": 0,
            "maxRate": 0,
            "minNs": 0,
            "maxNs": 0
          }
        ],
        "Tag": [
        ]
      }
    }
  },
  {
    "id": 84,
    "type": "PipeWire:Interface:Link",
    "version": 3,
    "permissions": [ "r", "x" ],
    "info": {
      "output-node-id": 89,
      "output-port-id": 98,
      "input-node-id": 61,
      "input-port-id": 99,
      "change-mask": [ "state", "format", "props" ],
      "state": "active",
      "error": null,
      "format": {
        "mediaType": "audio",
        "mediaSubtype": "dsp",
        "format": "F32P"
      },
      "props": {
        "client.id": 120,
        "factory.id": 21,
        "link.input.node": 61,
        "link.input.port": 99,
        "link.output.node": 89,
        "link.output.port": 98,
        "object.id": 84,
        "object.serial": 31749
      }
    }
  },
  {
    "id": 123,
    "type": "PipeWire:Interface:Link",
    "version": 3,
    "permissions": [ "r", "x" ],
    "info": {
      "output-node-id": 89,
      "output-port-id": 117,
      "input-node-id": 61,
      "input-port-id": 126,
      "change-mask": [ "state", "format", "props" ],
      "state": "active",
      "error": null,
      "format": {
        "mediaType": "audio",
        "mediaSubtype": "dsp",
        "format": "F32P"
      },
      "props": {
        "client.id": 120,
        "factory.id": 21,
        "link.input.node": 61,
        "link.input.port": 126,
        "link.output.node": 89,
        "link.output.port": 117,
        "object.id": 123,
        "object.serial": 31750
      }
    }
  },
  {
    "id": 113,
    "type": "PipeWire:Interface:Link",
    "version": 3,
    "permissions": [ "r", "x" ],
    "info": {
      "output-node-id": 112,
      "output-port-id": 83,
      "input-node-id": 61,
      "input-port-id": 99,
      "change-mask": [ "state", "format", "props" ],
      "state": "active",
      "error": null,
      "format": null,
      "props": {
        "factory.id": 21,
        "link.input.node": 61,
        "link.input.port": 99,
        "link.output.node": 112,
        "link.output.port": 83,
        "link.passive": true,
        "object.id": 113,
        "object.linger": true,
        "object.serial": 31763
      }
    }
  },
  {
    "id": 135,
    "type": "PipeWire:Interface:Link",
    "version": 3,
    "permissions": [ "r", "x" ],
    "info": {
      "output-node-id": 112,
      "output-port-id": 110,
      "input-node-id": 61,
      "input-port-id": 126,
      "change-mask": [ "state", "format", "props" ],
      "state": "active",
      "error": null,
      "format": null,
      "props": {
        "factory.id": 21,
        "link.input.node": 61,
        "link.input.port": 126,
        "link.output.node": 112,
        "link.output.port": 110,
        "link.passive": true,
        "object.id": 135,
        "object.linger": true,
        "object.serial": 31764
      }
    }
  },
  {
    "id": 91,
    "type": "PipeWire:Interface:Client",
    "version": 3,
    "permissions": [ "r", "w", "x", "m" ],
    "info": {
      "change-mask": [ "props" ],
      "props": {
        "application.language": "en_GB.UTF-8",
        "application.name": "pw-dump",
        "application.process.binary": "pw-dump",
        "application.process.host": "larkbridge",
        "application.process.id": 102824,
        "application.process.session-id": 845,
        "application.process.user": "admin",
        "clock.power-of-two-quantum": true,
        "core.name": "pipewire-admin-102824",
        "core.version": "1.4.2",
        "cpu.max-align": 16,
        "default.clock.max-quantum": 2048,
        "default.clock.min-quantum": 32,
        "default.clock.quantum": 1024,
        "default.clock.quantum-floor": 4,
        "default.clock.quantum-limit": 8192,
        "default.clock.rate": 48000,
        "default.video.height": 480,
        "default.video.rate.denom": 1,
        "default.video.rate.num": 25,
        "default.video.width": 640,
        "link.max-buffers": 64,
        "log.level": 0,
        "mem.allow-mlock": true,
        "mem.warn-mlock": false,
        "module.id": 2,
        "object.id": 91,
        "object.serial": 31778,
        "pipewire.access": "unrestricted",
        "pipewire.protocol": "protocol-native",
        "pipewire.sec.gid": 1000,
        "pipewire.sec.pid": 102824,
        "pipewire.sec.socket": "pipewire-0-manager",
        "pipewire.sec.uid": 1000,
        "remote.intention": "manager",
        "settings.check-quantum": false,
        "settings.check-rate": false
      }
    }
  }
]
