Mon Aug 24 18:56:14 EDT 2026
Events log: audio services lifecycle
08-19 19:50:05:527 AudioService()

Message handler (watch for unhandled messages):
  Handler (com.android.server.audio.AudioService$AudioHandler) {f6c12fc} @ 363169779
    Looper (AudioService, tid 128) {eff8c06}
      (Total messages: 0, polling=true, quitting=false)

MediaFocusControl dump time: 6:56:14 PM

Audio Focus stack entries (last is top of stack):


No external focus policy



 Notify on duck:  true

 In ring or call: false



Events log: focus commands as seen by MediaFocusControl
08-24 17:14:56:369 abandonAudioFocus() from uid/pid 10184/3757 clientId=android.media.AudioManager@f8f74e5ruw@b135efa
08-24 17:14:56:566 requestAudioFocus() from uid/pid 10184/3757 AA=USAGE_ASSISTANCE_SONIFICATION/CONTENT_TYPE_SONIFICATION clientId=android.media.AudioManager@f8f74e5ruw@80eca41 callingPack=com.google.android.inputmethod.latin req=4 flags=0x0 sdk=37
08-24 17:15:15:586 abandonAudioFocus() from uid/pid 10184/3757 clientId=android.media.AudioManager@f8f74e5ruw@80eca41
08-24 17:18:31:746 requestAudioFocus() from uid/pid 10184/3757 AA=USAGE_ASSISTANCE_SONIFICATION/CONTENT_TYPE_SONIFICATION clientId=android.media.AudioManager@f8f74e5ruw@5346eaa callingPack=com.google.android.inputmethod.latin req=4 flags=0x0 sdk=37
08-24 17:18:52:345 abandonAudioFocus() from uid/pid 10184/3757 clientId=android.media.AudioManager@f8f74e5ruw@5346eaa
08-24 17:19:49:669 requestAudioFocus() from uid/pid 10175/20013 AA=USAGE_MEDIA/CONTENT_TYPE_UNKNOWN clientId=android.media.AudioManager@9ce06dorg.chromium.content.browser.AudioFocusDelegate@7af4a2 callingPack=com.android.chrome req=1 flags=0x0 sdk=36
08-24 17:20:00:765 requestAudioFocus() from uid/pid 10175/20013 AA=USAGE_MEDIA/CONTENT_TYPE_UNKNOWN clientId=android.media.AudioManager@9ce06dorg.chromium.content.browser.AudioFocusDelegate@7af4a2 callingPack=com.android.chrome req=1 flags=0x0 sdk=36
08-24 17:20:10:956 requestAudioFocus() from uid/pid 10438/24317 AA=USAGE_MEDIA/CONTENT_TYPE_UNKNOWN clientId=android.media.AudioManager@4598f7c callingPack=com.maxmpz.equalizer req=3 flags=0x0 sdk=36
08-24 17:20:12:218 abandonAudioFocus() from uid/pid 10438/24317 clientId=android.media.AudioManager@4598f7c
08-24 17:20:26:303 requestAudioFocus() from uid/pid 10184/3757 AA=USAGE_ASSISTANCE_SONIFICATION/CONTENT_TYPE_SONIFICATION clientId=android.media.AudioManager@f8f74e5ruw@5a1eade callingPack=com.google.android.inputmethod.latin req=4 flags=0x0 sdk=37
08-24 17:20:44:867 abandonAudioFocus() from uid/pid 10184/3757 clientId=android.media.AudioManager@f8f74e5ruw@5a1eade
08-24 17:20:56:504 requestAudioFocus() from uid/pid 10184/3757 AA=USAGE_ASSISTANCE_SONIFICATION/CONTENT_TYPE_SONIFICATION clientId=android.media.AudioManager@f8f74e5ruw@f28a5e8 callingPack=com.google.android.inputmethod.latin req=4 flags=0x0 sdk=37
08-24 17:21:22:828 abandonAudioFocus() from uid/pid 10184/3757 clientId=android.media.AudioManager@f8f74e5ruw@f28a5e8
08-24 17:21:57:764 requestAudioFocus() from uid/pid 10184/3757 AA=USAGE_ASSISTANCE_SONIFICATION/CONTENT_TYPE_SONIFICATION clientId=android.media.AudioManager@f8f74e5ruw@7c8a528 callingPack=com.google.android.inputmethod.latin req=4 flags=0x0 sdk=37
08-24 17:21:58:664 abandonAudioFocus() from uid/pid 10184/3757 clientId=android.media.AudioManager@f8f74e5ruw@7c8a528
08-24 17:21:59:230 requestAudioFocus() from uid/pid 10184/3757 AA=USAGE_ASSISTANCE_SONIFICATION/CONTENT_TYPE_SONIFICATION clientId=android.media.AudioManager@f8f74e5ruw@36a1d70 callingPack=com.google.android.inputmethod.latin req=4 flags=0x0 sdk=37
08-24 17:22:24:867 abandonAudioFocus() from uid/pid 10184/3757 clientId=android.media.AudioManager@f8f74e5ruw@36a1d70
08-24 17:23:40:530 abandonAudioFocus() from uid/pid 10175/20013 clientId=android.media.AudioManager@9ce06dorg.chromium.content.browser.AudioFocusDelegate@7af4a2
08-24 17:23:46:005 requestAudioFocus() from uid/pid 10175/20013 AA=USAGE_MEDIA/CONTENT_TYPE_UNKNOWN clientId=android.media.AudioManager@9ce06dorg.chromium.content.browser.AudioFocusDelegate@a46c372 callingPack=com.android.chrome req=1 flags=0x0 sdk=36
08-24 17:24:04:270 requestAudioFocus() from uid/pid 10438/24317 AA=USAGE_MEDIA/CONTENT_TYPE_UNKNOWN clientId=android.media.AudioManager@4598f7c callingPack=com.maxmpz.equalizer req=3 flags=0x0 sdk=36
08-24 17:24:05:523 abandonAudioFocus() from uid/pid 10438/24317 clientId=android.media.AudioManager@4598f7c
08-24 17:24:05:612 requestAudioFocus() from uid/pid 10184/3757 AA=USAGE_ASSISTANCE_SONIFICATION/CONTENT_TYPE_SONIFICATION clientId=android.media.AudioManager@f8f74e5ruw@9d3c724 callingPack=com.google.android.inputmethod.latin req=4 flags=0x0 sdk=37
08-24 17:24:16:892 abandonAudioFocus() from uid/pid 10184/3757 clientId=android.media.AudioManager@f8f74e5ruw@9d3c724
08-24 17:24:17:695 requestAudioFocus() from uid/pid 10184/3757 AA=USAGE_ASSISTANCE_SONIFICATION/CONTENT_TYPE_SONIFICATION clientId=android.media.AudioManager@f8f74e5ruw@973dbe1 callingPack=com.google.android.inputmethod.latin req=4 flags=0x0 sdk=37
08-24 17:24:34:165 abandonAudioFocus() from uid/pid 10184/3757 clientId=android.media.AudioManager@f8f74e5ruw@973dbe1
08-24 17:27:32:066 requestAudioFocus() from uid/pid 10184/3757 AA=USAGE_ASSISTANCE_SONIFICATION/CONTENT_TYPE_SONIFICATION clientId=android.media.AudioManager@f8f74e5ruw@b32764 callingPack=com.google.android.inputmethod.latin req=4 flags=0x0 sdk=37
08-24 17:27:56:335 abandonAudioFocus() from uid/pid 10184/3757 clientId=android.media.AudioManager@f8f74e5ruw@b32764
08-24 17:28:48:918 requestAudioFocus() from uid/pid 10184/3757 AA=USAGE_ASSISTANCE_SONIFICATION/CONTENT_TYPE_SONIFICATION clientId=android.media.AudioManager@f8f74e5ruw@baba2b3 callingPack=com.google.android.inputmethod.latin req=4 flags=0x0 sdk=37
08-24 17:29:04:294 abandonAudioFocus() from uid/pid 10184/3757 clientId=android.media.AudioManager@f8f74e5ruw@baba2b3
08-24 17:29:12:337 requestAudioFocus() from uid/pid 10184/3757 AA=USAGE_ASSISTANCE_SONIFICATION/CONTENT_TYPE_SONIFICATION clientId=android.media.AudioManager@f8f74e5ruw@c21b810 callingPack=com.google.android.inputmethod.latin req=4 flags=0x0 sdk=37
08-24 17:29:15:811 abandonAudioFocus() from uid/pid 10184/3757 clientId=android.media.AudioManager@f8f74e5ruw@c21b810
08-24 17:29:19:258 requestAudioFocus() from uid/pid 10184/3757 AA=USAGE_ASSISTANCE_SONIFICATION/CONTENT_TYPE_SONIFICATION clientId=android.media.AudioManager@f8f74e5ruw@6b2091e callingPack=com.google.android.inputmethod.latin req=4 flags=0x0 sdk=37
08-24 17:29:23:803 abandonAudioFocus() from uid/pid 10184/3757 clientId=android.media.AudioManager@f8f74e5ruw@6b2091e
08-24 17:30:28:612 requestAudioFocus() from uid/pid 10175/20013 AA=USAGE_MEDIA/CONTENT_TYPE_UNKNOWN clientId=android.media.AudioManager@9ce06dorg.chromium.content.browser.AudioFocusDelegate@fa392fc callingPack=com.android.chrome req=1 flags=0x0 sdk=36
08-24 17:30:28:613 abandonAudioFocus() from uid/pid 10175/20013 clientId=android.media.AudioManager@9ce06dorg.chromium.content.browser.AudioFocusDelegate@a46c372
08-24 17:33:07:220 requestAudioFocus() from uid/pid 10438/24317 AA=USAGE_MEDIA/CONTENT_TYPE_UNKNOWN clientId=android.media.AudioManager@4598f7c callingPack=com.maxmpz.equalizer req=3 flags=0x0 sdk=36
08-24 17:33:08:474 abandonAudioFocus() from uid/pid 10438/24317 clientId=android.media.AudioManager@4598f7c
08-24 17:33:13:730 requestAudioFocus() from uid/pid 10175/20013 AA=USAGE_MEDIA/CONTENT_TYPE_UNKNOWN clientId=android.media.AudioManager@9ce06dorg.chromium.content.browser.AudioFocusDelegate@fa392fc callingPack=com.android.chrome req=1 flags=0x0 sdk=36
08-24 17:35:04:935 requestAudioFocus() from uid/pid 10175/20013 AA=USAGE_MEDIA/CONTENT_TYPE_UNKNOWN clientId=android.media.AudioManager@9ce06dorg.chromium.content.browser.AudioFocusDelegate@fa392fc callingPack=com.android.chrome req=1 flags=0x0 sdk=36
08-24 17:36:08:793 abandonAudioFocus() from uid/pid 10175/20013 clientId=android.media.AudioManager@9ce06dorg.chromium.content.browser.AudioFocusDelegate@fa392fc
08-24 17:36:13:202 requestAudioFocus() from uid/pid 10175/20013 AA=USAGE_MEDIA/CONTENT_TYPE_UNKNOWN clientId=android.media.AudioManager@9ce06dorg.chromium.content.browser.AudioFocusDelegate@a46c372 callingPack=com.android.chrome req=1 flags=0x0 sdk=36
08-24 17:36:31:401 requestAudioFocus() from uid/pid 10175/20013 AA=USAGE_MEDIA/CONTENT_TYPE_UNKNOWN clientId=android.media.AudioManager@9ce06dorg.chromium.content.browser.AudioFocusDelegate@a46c372 callingPack=com.android.chrome req=1 flags=0x0 sdk=36
08-24 17:36:34:611 requestAudioFocus() from uid/pid 10175/20013 AA=USAGE_MEDIA/CONTENT_TYPE_UNKNOWN clientId=android.media.AudioManager@9ce06dorg.chromium.content.browser.AudioFocusDelegate@a46c372 callingPack=com.android.chrome req=1 flags=0x0 sdk=36
08-24 17:37:24:311 requestAudioFocus() from uid/pid 10175/20013 AA=USAGE_MEDIA/CONTENT_TYPE_UNKNOWN clientId=android.media.AudioManager@9ce06dorg.chromium.content.browser.AudioFocusDelegate@a46c372 callingPack=com.android.chrome req=1 flags=0x0 sdk=36
08-24 17:37:56:356 requestAudioFocus() from uid/pid 10175/20013 AA=USAGE_MEDIA/CONTENT_TYPE_UNKNOWN clientId=android.media.AudioManager@9ce06dorg.chromium.content.browser.AudioFocusDelegate@a46c372 callingPack=com.android.chrome req=1 flags=0x0 sdk=36
08-24 17:38:01:241 requestAudioFocus() from uid/pid 10175/20013 AA=USAGE_MEDIA/CONTENT_TYPE_UNKNOWN clientId=android.media.AudioManager@9ce06dorg.chromium.content.browser.AudioFocusDelegate@a46c372 callingPack=com.android.chrome req=1 flags=0x0 sdk=36
08-24 17:38:05:852 requestAudioFocus() from uid/pid 10175/20013 AA=USAGE_MEDIA/CONTENT_TYPE_UNKNOWN clientId=android.media.AudioManager@9ce06dorg.chromium.content.browser.AudioFocusDelegate@a46c372 callingPack=com.android.chrome req=1 flags=0x0 sdk=36
08-24 17:38:32:523 abandonAudioFocus() from uid/pid 10175/20013 clientId=android.media.AudioManager@9ce06dorg.chromium.content.browser.AudioFocusDelegate@a46c372
08-24 17:38:38:090 requestAudioFocus() from uid/pid 10438/24317 AA=USAGE_MEDIA/CONTENT_TYPE_UNKNOWN clientId=android.media.AudioManager@4598f7c callingPack=com.maxmpz.equalizer req=3 flags=0x0 sdk=36
08-24 17:38:39:346 abandonAudioFocus() from uid/pid 10438/24317 clientId=android.media.AudioManager@4598f7c
Multi Audio Focus enabled :false

Stream volumes (device: index)
- STREAM_VOICE_CALL:
   Muted: false
   Muted Internally: false
   Min: 1
   Max: 7
   streamVolume:7
   Current: 1 (earpiece): 7, 2 (speaker): 7, 10 (bt_sco): 7, 20 (bt_sco_hs): 5, 80 (bt_a2dp): 7, 4000 (usb_device): 5, 4000000 (usb_headset): 5, 40000000 (default): 5
   Devices: earpiece(1)
   Volume Group: AUDIO_STREAM_VOICE_CALL

- STREAM_SYSTEM (aliased to: STREAM_RING):
   Muted: true
   Muted Internally: false
   Min: 0
   Max: 7
   streamVolume:0
   Current: 1 (earpiece): 5, 2 (speaker): 4, 10 (bt_sco): 4, 20 (bt_sco_hs): 4, 80 (bt_a2dp): 3, 4000 (usb_device): 5, 4000000 (usb_headset): 5, 40000000 (default): 5
   Devices: speaker(2)
   Volume Group: AUDIO_STREAM_SYSTEM

- STREAM_RING:
   Muted: true
   Muted Internally: false
   Min: 0
   Max: 7
   streamVolume:0
   Current: 1 (earpiece): 5, 2 (speaker): 4, 10 (bt_sco): 4, 20 (bt_sco_hs): 4, 80 (bt_a2dp): 3, 4000 (usb_device): 5, 4000000 (usb_headset): 5, 40000000 (default): 5
   Devices: speaker(2)
   Volume Group: AUDIO_STREAM_RING

- STREAM_MUSIC:
   Muted: false
   Muted Internally: false
   Min: 0
   Max: 25
   streamVolume:17
   Current: 1 (earpiece): 25, 2 (speaker): 17, 10 (bt_sco): 0, 20 (bt_sco_hs): 25, 80 (bt_a2dp): 20, 100 (bt_a2dp_hp): 3, 4000 (usb_device): 8, 8000 (remote_submix): 25, 4000000 (usb_headset): 25, 20000000 (ble_headset): 3, 20000002 (ble_broadcast): 3, 40000000 (default): 8
   Devices: speaker(2)
   Volume Group: AUDIO_STREAM_MUSIC

- STREAM_ALARM:
   Muted: false
   Muted Internally: false
   Min: 1
   Max: 7
   streamVolume:7
   Current: 1 (earpiece): 6, 2 (speaker): 7, 10 (bt_sco): 6, 20 (bt_sco_hs): 6, 80 (bt_a2dp): 6, 4000 (usb_device): 6, 4000000 (usb_headset): 6, 40000000 (default): 6
   Devices: speaker(2)
   Volume Group: AUDIO_STREAM_ALARM

- STREAM_NOTIFICATION:
   Muted: true
   Muted Internally: false
   Min: 0
   Max: 7
   streamVolume:0
   Current: 1 (earpiece): 5, 2 (speaker): 5, 10 (bt_sco): 5, 20 (bt_sco_hs): 5, 80 (bt_a2dp): 5, 4000 (usb_device): 5, 4000000 (usb_headset): 5, 40000000 (default): 5
   Devices: speaker(2)
   Volume Group: AUDIO_STREAM_NOTIFICATION

- STREAM_BLUETOOTH_SCO:
   Muted: false
   Muted Internally: false
   Min: 0
   Max: 15
   streamVolume:15
   Current: 1 (earpiece): 15, 2 (speaker): 12, 10 (bt_sco): 13, 20 (bt_sco_hs): 15, 80 (bt_a2dp): 15, 4000 (usb_device): 7, 4000000 (usb_headset): 7, 40000000 (default): 7
   Devices: earpiece(1)
   Volume Group: AUDIO_STREAM_BLUETOOTH_SCO

- STREAM_SYSTEM_ENFORCED (aliased to: STREAM_RING):
   Muted: true
   Muted Internally: false
   Min: 0
   Max: 7
   streamVolume:0
   Current: 1 (earpiece): 5, 2 (speaker): 4, 10 (bt_sco): 4, 20 (bt_sco_hs): 4, 80 (bt_a2dp): 3, 4000 (usb_device): 5, 4000000 (usb_headset): 5, 40000000 (default): 5
   Devices: speaker(2)
   Volume Group: AUDIO_STREAM_ENFORCED_AUDIBLE

- STREAM_DTMF (aliased to: STREAM_RING):
   Muted: true
   Muted Internally: false
   Min: 0
   Max: 15
   streamVolume:0
   Current: 1 (earpiece): 11, 2 (speaker): 9, 10 (bt_sco): 9, 20 (bt_sco_hs): 9, 80 (bt_a2dp): 6, 4000 (usb_device): 11, 4000000 (usb_headset): 11, 40000000 (default): 11
   Devices: speaker(2)
   Volume Group: AUDIO_STREAM_DTMF

- STREAM_TTS (aliased to: STREAM_MUSIC):
   Muted: false
   Muted Internally: false
   Min: 0
   Max: 15
   streamVolume:10
   Current: 1 (earpiece): 15, 2 (speaker): 10, 10 (bt_sco): 0, 20 (bt_sco_hs): 15, 80 (bt_a2dp): 12, 100 (bt_a2dp_hp): 2, 4000 (usb_device): 5, 8000 (remote_submix): 13, 4000000 (usb_headset): 15, 20000000 (ble_headset): 2, 20000002 (ble_broadcast): 2, 40000000 (default): 5
   Devices: speaker(2)
   Volume Group: AUDIO_STREAM_TTS

- STREAM_ACCESSIBILITY (aliased to: STREAM_MUSIC):
   Muted: false
   Muted Internally: false
   Min: 1
   Max: 15
   streamVolume:11
   Current: 1 (earpiece): 15, 2 (speaker): 11, 10 (bt_sco): 1, 20 (bt_sco_hs): 15, 80 (bt_a2dp): 12, 100 (bt_a2dp_hp): 3, 4000 (usb_device): 6, 8000 (remote_submix): 15, 4000000 (usb_headset): 15, 20000000 (ble_headset): 3, 20000002 (ble_broadcast): 3, 40000000 (default): 6
   Devices: speaker(2)
   Volume Group: AUDIO_STREAM_ACCESSIBILITY

- STREAM_ASSISTANT (aliased to: STREAM_MUSIC):
   Muted: false
   Muted Internally: false
   Min: 0
   Max: 15
   streamVolume:10
   Current: 1 (earpiece): 15, 2 (speaker): 10, 10 (bt_sco): 0, 20 (bt_sco_hs): 15, 80 (bt_a2dp): 12, 100 (bt_a2dp_hp): 2, 4000 (usb_device): 5, 8000 (remote_submix): 13, 4000000 (usb_headset): 15, 20000000 (ble_headset): 2, 20000002 (ble_broadcast): 2, 40000000 (default): 5
   Devices: speaker(2)
   Volume Group: AUDIO_STREAM_ASSISTANT


- mute affected streams = 0x6f

Volume Groups (device: index)
- VOLUME GROUP AUDIO_STREAM_ACCESSIBILITY:
   Muted: false
   Min: 1
   Max: 15
   Current: 1 (earpiece): 15, 2 (speaker): 11, 10 (bt_sco): 1, 20 (bt_sco_hs): 15, 80 (bt_a2dp): 12, 100 (bt_a2dp_hp): 3, 4000 (usb_device): 6, 8000 (remote_submix): 15, 4000000 (usb_headset): 15, 20000000 (ble_headset): 3, 20000002 (ble_broadcast): 3, 40000000 (default): 6
   Devices: speaker
   Streams: STREAM_ACCESSIBILITY 
- VOLUME GROUP AUDIO_STREAM_ALARM:
   Muted: false
   Min: 1
   Max: 7
   Current: 2 (speaker): 7, 40000000 (default): 6
   Devices: speaker
   Streams: STREAM_ALARM 
- VOLUME GROUP AUDIO_STREAM_ASSISTANT:
   Muted: false
   Min: 0
   Max: 15
   Current: 1 (earpiece): 15, 2 (speaker): 10, 10 (bt_sco): 0, 20 (bt_sco_hs): 15, 80 (bt_a2dp): 12, 100 (bt_a2dp_hp): 2, 4000 (usb_device): 5, 8000 (remote_submix): 13, 4000000 (usb_headset): 15, 20000000 (ble_headset): 2, 20000002 (ble_broadcast): 2, 40000000 (default): 5
   Devices: speaker
   Streams: STREAM_ASSISTANT 
- VOLUME GROUP AUDIO_STREAM_BLUETOOTH_SCO:
   Muted: false
   Min: 0
   Max: 15
   Current: 1 (earpiece): 15, 2 (speaker): 12, 10 (bt_sco): 13, 20 (bt_sco_hs): 15, 80 (bt_a2dp): 15, 40000000 (default): 7
   Devices: earpiece
   Streams: STREAM_BLUETOOTH_SCO 
- VOLUME GROUP AUDIO_STREAM_DTMF:
   Muted: false
   Min: 0
   Max: 15
   Current: 1 (earpiece): 15, 2 (speaker): 9, 10 (bt_sco): 9, 20 (bt_sco_hs): 9, 80 (bt_a2dp): 6, 4000000 (usb_headset): 5, 40000000 (default): 11
   Devices: speaker
   Streams: STREAM_DTMF 
- VOLUME GROUP AUDIO_STREAM_ENFORCED_AUDIBLE:
   Muted: false
   Min: 0
   Max: 7
   Current: 1 (earpiece): 5, 2 (speaker): 4, 10 (bt_sco): 4, 20 (bt_sco_hs): 4, 80 (bt_a2dp): 3, 4000000 (usb_headset): 5, 40000000 (default): 5
   Devices: speaker
   Streams: STREAM_SYSTEM_ENFORCED 
- VOLUME GROUP AUDIO_STREAM_MUSIC:
   Muted: false
   Min: 0
   Max: 25
   Current: 1 (earpiece): 25, 2 (speaker): 17, 10 (bt_sco): 0, 20 (bt_sco_hs): 25, 80 (bt_a2dp): 20, 100 (bt_a2dp_hp): 3, 4000 (usb_device): 8, 8000 (remote_submix): 22, 4000000 (usb_headset): 25, 20000000 (ble_headset): 3, 20000002 (ble_broadcast): 3, 40000000 (default): 8
   Devices: speaker
   Streams: STREAM_MUSIC 
- VOLUME GROUP AUDIO_STREAM_NOTIFICATION:
   Muted: true
   Min: 0
   Max: 7
   Current: 1 (earpiece): 5, 2 (speaker): 5, 10 (bt_sco): 5, 20 (bt_sco_hs): 5, 80 (bt_a2dp): 5, 4000000 (usb_headset): 5, 40000000 (default): 5
   Devices: speaker
   Streams: STREAM_NOTIFICATION 
- VOLUME GROUP AUDIO_STREAM_PATCH:
   Muted: false
   Min: 0
   Max: 25
   Current: 40000000 (default): 8
   Devices: speaker
   Streams: UNKNOWN_STREAM_13 
- VOLUME GROUP AUDIO_STREAM_REROUTING:
   Muted: false
   Min: 0
   Max: 25
   Current: 40000000 (default): 8
   Devices: speaker
   Streams: UNKNOWN_STREAM_12 
- VOLUME GROUP AUDIO_STREAM_RING:
   Muted: true
   Min: 0
   Max: 7
   Current: 1 (earpiece): 5, 2 (speaker): 4, 10 (bt_sco): 4, 20 (bt_sco_hs): 4, 80 (bt_a2dp): 3, 4000000 (usb_headset): 5, 40000000 (default): 5
   Devices: speaker
   Streams: STREAM_RING 
- VOLUME GROUP AUDIO_STREAM_SYSTEM:
   Muted: true
   Min: 0
   Max: 7
   Current: 1 (earpiece): 5, 2 (speaker): 4, 10 (bt_sco): 4, 20 (bt_sco_hs): 4, 80 (bt_a2dp): 3, 4000000 (usb_headset): 5, 40000000 (default): 5
   Devices: speaker
   Streams: STREAM_SYSTEM 
- VOLUME GROUP AUDIO_STREAM_TTS:
   Muted: false
   Min: 0
   Max: 15
   Current: 1 (earpiece): 15, 2 (speaker): 10, 10 (bt_sco): 0, 20 (bt_sco_hs): 15, 80 (bt_a2dp): 12, 100 (bt_a2dp_hp): 2, 4000 (usb_device): 5, 8000 (remote_submix): 13, 4000000 (usb_headset): 15, 20000000 (ble_headset): 2, 20000002 (ble_broadcast): 2, 40000000 (default): 5
   Devices: speaker
   Streams: STREAM_TTS 
- VOLUME GROUP AUDIO_STREAM_VOICE_CALL:
   Muted: false
   Min: 1
   Max: 7
   Current: 1 (earpiece): 7, 2 (speaker): 7, 10 (bt_sco): 7, 80 (bt_a2dp): 7, 4000000 (usb_headset): 5, 40000000 (default): 5
   Devices: earpiece
   Streams: STREAM_VOICE_CALL 
- VOLUME GROUP AUDIO_STREAM_CALL_ASSISTANT:
   Muted: false
   Min: 0
   Max: 25
   Current: 40000000 (default): 8
   Devices: speaker
   Streams: UNKNOWN_STREAM_14 

Ringer mode: 
- mode (internal) = VIBRATE
- mode (external) = VIBRATE
- zen mode:ZEN_MODE_OFF
- ringer mode affected streams = 0x1a6 (STREAM_SYSTEM,STREAM_RING,STREAM_NOTIFICATION,STREAM_SYSTEM_ENFORCED,STREAM_DTMF)
- ringer mode muted streams = 0x1a6 (STREAM_SYSTEM,STREAM_RING,STREAM_NOTIFICATION,STREAM_SYSTEM_ENFORCED,STREAM_DTMF)
- delegate = ZenModeHelper

Audio mode: 
- Requested mode = MODE_NORMAL
- Actual mode = MODE_NORMAL
- Mode owner: 
   None
- Mode owner stack: 
   Empty

Audio routes:
  mMainType=0x0
  mBluetoothName=null

Other state:
  mUseVolumeGroupAliases=false
  mVolumeController=VolumeController(android.os.BinderProxy@9b50d85,mVisible=false)
  mEnableCsd=false
  mSafeMediaVolumeState=SAFE_MEDIA_VOLUME_DISABLED
  mSafeMediaVolumeIndex=100
  mSafeMediaVolumeIndex[4]=100
  mSafeMediaVolumeIndex[8]=100
  mSafeMediaVolumeIndex[128]=-1
  mSafeMediaVolumeIndex[256]=-1
  mSafeMediaVolumeIndex[67108864]=60
  mSafeMediaVolumeIndex[536870912]=-1
  mSafeMediaVolumeIndex[536870914]=-1
  mSafeMediaVolumeDbfs=-37.0
  mMusicActiveMs=0
  mMcc=311
  mPendingVolumeCommand=null

Events log: CSD updates

  sIndependentA11yVolume=false
  mCameraSoundForced=false
  mHasVibrator=true
  mVolumePolicy=VolumePolicy[volumeDownToEnterSilent=false,volumeUpToExitSilent=false,doNotDisturbWhenSilent=false,vibrateToSilentDebounce=400]
  mAvrcpAbsVolSupported=false
  mBtScoOnByApp=false
  mIsSingleVolume=false
  mUseFixedVolume=false
  mNotifAliasRing=false
  mFixedVolumeDevices=0x800,0x200000
  mFullVolumeDevices=0x40000,0x40001
  absolute volume devices=
  adjust-only absolute volume devices=
  mExtVolumeController=null
  mHdmiAudioSystemClient=null
  mHdmiPlaybackClient=null
  mHdmiTvClient=null
  mHdmiSystemAudioSupported=false
  mHdmiCecVolumeControlEnabled=false
  mIsCallScreeningModeSupported=true
  mic mute FromSwitch=false FromRestrictions=false FromApi=false from system=false  Accessibility service Uids:
  - 10267
  - 10263
  Assistant service UIDs:
  - 10167
  - 99000
  supportsBluetoothVariableLatency=true
  isBluetoothVariableLatencyEnabled=true

Audio policies:
android.media.audiopolicy.AudioPolicyConfig:
0 AudioMix, reg:32:ap:11
 Uid Device Affinities:
 UserId Device Affinities:
 Proxy:
   is focus policy= false
   media projection= null

Events log: dynamic policy events (logged when command received by AudioService)
08-22 21:15:03:174 unregisterAudioPolicy for android.os.BinderProxy@1b070b4
08-22 21:15:09:160 registerAudioPolicy for android.os.BinderProxy@eaf960d u/pid:10166/3464 with config:reg:32:ap:7
08-22 22:35:47:367 unregisterAudioPolicy for android.os.BinderProxy@eaf960d
08-22 22:35:49:564 registerAudioPolicy for android.os.BinderProxy@da1a589 u/pid:10166/3464 with config:reg:32:ap:8
08-23 03:37:44:150 AudioPolicy android.os.BinderProxy@da1a589 died
08-23 03:37:48:847 registerAudioPolicy for android.os.BinderProxy@45625a7 u/pid:10166/5009 with config:reg:32:ap:9
08-23 23:38:46:765 AudioPolicy android.os.BinderProxy@45625a7 died
08-23 23:38:51:018 registerAudioPolicy for android.os.BinderProxy@a38dc30 u/pid:10166/29434 with config:reg:32:ap:10
08-24 14:41:29:691 unregisterAudioPolicy for android.os.BinderProxy@a38dc30
08-24 14:41:37:034 registerAudioPolicy for android.os.BinderProxy@daf39bc u/pid:10166/29434 with config:reg:32:ap:11

PlaybackActivityMonitor dump time: 6:56:14 PM

  playback listeners:
 (S)com.android.server.audio.PlaybackActivityMonitor$PlayMonitorClient@61377da (S)com.android.server.audio.PlaybackActivityMonitor$PlayMonitorClient@16aa40b (S)com.android.server.audio.PlaybackActivityMonitor$PlayMonitorClient@81d75e7 (S)com.android.server.audio.PlaybackActivityMonitor$PlayMonitorClient@621c594 (P)com.android.server.audio.PlaybackActivityMonitor$PlayMonitorClient@2954cc7 (S)com.android.server.audio.PlaybackActivityMonitor$PlayMonitorClient@b86166e (S)com.android.server.audio.PlaybackActivityMonitor$PlayMonitorClient@3d7298 (S)com.android.server.audio.PlaybackActivityMonitor$PlayMonitorClient@ca44af1 (S)com.android.server.audio.PlaybackActivityMonitor$PlayMonitorClient@f06c648 (S)com.android.server.audio.PlaybackActivityMonitor$PlayMonitorClient@586bceb


  players:
(not logged)  AudioPlaybackConfiguration piid:31 deviceId:0 type:android.media.SoundPool u/pid:1000/1415 state:idle attr:AudioAttributes: usage=USAGE_ASSISTANCE_SONIFICATION content=CONTENT_TYPE_SONIFICATION flags=0x800 tags= bundle=null sessionId:0 mutedState:none  FormatInfo{isSpatialized=false, channelMask=0x0, sampleRate=0}
  AudioPlaybackConfiguration piid:39 deviceId:0 type:android.media.SoundPool u/pid:10233/2105 state:idle attr:AudioAttributes: usage=USAGE_ASSISTANCE_SONIFICATION content=CONTENT_TYPE_SONIFICATION flags=0x800 tags= bundle=null sessionId:0 mutedState:none  FormatInfo{isSpatialized=false, channelMask=0x0, sampleRate=0}
  AudioPlaybackConfiguration piid:47 deviceId:0 type:android.media.SoundPool u/pid:1027/3847 state:idle attr:AudioAttributes: usage=USAGE_ASSISTANCE_SONIFICATION content=CONTENT_TYPE_SONIFICATION flags=0x800 tags= bundle=null sessionId:0 mutedState:none  FormatInfo{isSpatialized=false, channelMask=0x0, sampleRate=0}
  AudioPlaybackConfiguration piid:20711 deviceId:2 type:android.media.MediaPlayer u/pid:10233/2105 state:stopped attr:AudioAttributes: usage=USAGE_VOICE_COMMUNICATION content=CONTENT_TYPE_SONIFICATION flags=0x800 tags= bundle=null sessionId:18113 mutedState:none  FormatInfo{isSpatialized=false, channelMask=0x1, sampleRate=48000}
  AudioPlaybackConfiguration piid:21279 deviceId:0 type:android.media.SoundPool u/pid:10117/22356 state:idle attr:AudioAttributes: usage=USAGE_ASSISTANCE_SONIFICATION content=CONTENT_TYPE_SONIFICATION flags=0x801 tags= bundle=null sessionId:0 mutedState:none  FormatInfo{isSpatialized=false, channelMask=0x0, sampleRate=0}
  AudioPlaybackConfiguration piid:21287 deviceId:0 type:android.media.SoundPool u/pid:10117/22356 state:idle attr:AudioAttributes: usage=USAGE_ASSISTANCE_ACCESSIBILITY content=CONTENT_TYPE_SONIFICATION flags=0x0 tags= bundle=null sessionId:0 mutedState:none  FormatInfo{isSpatialized=false, channelMask=0x0, sampleRate=0}
  AudioPlaybackConfiguration piid:23199 deviceId:0 type:android.media.SoundPool u/pid:10166/26219 state:idle attr:AudioAttributes: usage=USAGE_NOTIFICATION_EVENT content=CONTENT_TYPE_SONIFICATION flags=0x800 tags= bundle=null sessionId:0 mutedState:none  FormatInfo{isSpatialized=false, channelMask=0x0, sampleRate=0}
  AudioPlaybackConfiguration piid:25063 deviceId:0 type:android.media.AudioTrack u/pid:10349/14856 state:paused attr:AudioAttributes: usage=USAGE_MEDIA content=CONTENT_TYPE_UNKNOWN flags=0xA00 tags= bundle=null sessionId:20729 mutedState:none  FormatInfo{isSpatialized=false, channelMask=0x3, sampleRate=44100}
  AudioPlaybackConfiguration piid:26927 deviceId:0 type:android.media.SoundPool u/pid:10449/13118 state:idle attr:AudioAttributes: usage=USAGE_NOTIFICATION content=CONTENT_TYPE_MUSIC flags=0x800 tags= bundle=null sessionId:0 mutedState:none  FormatInfo{isSpatialized=false, channelMask=0x0, sampleRate=0}

  ducked players piids:

  faded out players piids:

  muted player piids due to call/ring:

  banned uids:


  muted players (piids) awaiting device connection:


  current portId to piid map:
  portId: 4632 piid: 20711
  portId: 4750 piid: 21279
  portId: 5626 piid: 25063


Events log: playback activity as reported through PlayerBase
08-24 17:24:05:631 port updated portId:6284 mapped to player piid:26775
08-24 17:24:05:635 player piid:26775 event:started
08-24 17:24:05:679 player piid:26775 format update:FormatInfo{isSpatialized=false, channelMask=0x1, sampleRate=16000}
08-24 17:24:05:681 player piid:26775 event:muted updated source:streamVolume 
08-24 17:24:05:698 player piid:26775 event:device updated deviceId:3
08-24 17:24:05:995 player piid:26775 event:stopped
08-24 17:24:05:998 player piid:26775 event:stopped
08-24 17:24:05:998 releasing player piid:26775
08-24 17:24:17:715 new player piid:26791 uid/pid:10184/3757 type:android.media.AudioTrack attr:AudioAttributes: usage=USAGE_ASSISTANCE_SONIFICATION content=CONTENT_TYPE_SONIFICATION flags=0x800 tags= bundle=null session:23609
08-24 17:24:17:715 port updated portId:6288 mapped to player piid:26791
08-24 17:24:17:720 player piid:26791 event:started
08-24 17:24:17:766 player piid:26791 format update:FormatInfo{isSpatialized=false, channelMask=0x1, sampleRate=16000}
08-24 17:24:17:771 player piid:26791 event:muted updated source:streamVolume 
08-24 17:24:17:777 player piid:26791 event:device updated deviceId:3
08-24 17:24:18:054 player piid:26791 event:stopped
08-24 17:24:18:055 player piid:26791 event:stopped
08-24 17:24:18:055 releasing player piid:26791
08-24 17:24:48:595 releasing player piid:26743
08-24 17:25:21:867 new player piid:26799 uid/pid:10449/20864 type:android.media.SoundPool attr:AudioAttributes: usage=USAGE_NOTIFICATION content=CONTENT_TYPE_MUSIC flags=0x800 tags= bundle=null session:0
08-24 17:27:32:090 new player piid:26815 uid/pid:10184/3757 type:android.media.AudioTrack attr:AudioAttributes: usage=USAGE_ASSISTANCE_SONIFICATION content=CONTENT_TYPE_SONIFICATION flags=0x800 tags= bundle=null session:23625
08-24 17:27:32:097 port updated portId:6292 mapped to player piid:26815
08-24 17:27:32:103 player piid:26815 event:started
08-24 17:27:32:145 player piid:26815 format update:FormatInfo{isSpatialized=false, channelMask=0x1, sampleRate=16000}
08-24 17:27:32:147 player piid:26815 event:muted updated source:streamVolume 
08-24 17:27:32:159 player piid:26815 event:device updated deviceId:3
08-24 17:27:32:460 player piid:26815 event:stopped
08-24 17:27:32:461 player piid:26815 event:stopped
08-24 17:27:32:461 releasing player piid:26815
08-24 17:28:48:936 new player piid:26831 uid/pid:10184/3757 type:android.media.AudioTrack attr:AudioAttributes: usage=USAGE_ASSISTANCE_SONIFICATION content=CONTENT_TYPE_SONIFICATION flags=0x800 tags= bundle=null session:23641
08-24 17:28:48:937 port updated portId:6296 mapped to player piid:26831
08-24 17:28:48:942 player piid:26831 event:started
08-24 17:28:48:987 player piid:26831 format update:FormatInfo{isSpatialized=false, channelMask=0x1, sampleRate=16000}
08-24 17:28:48:992 player piid:26831 event:muted updated source:streamVolume 
08-24 17:28:48:996 player piid:26831 event:device updated deviceId:3
08-24 17:28:49:287 player piid:26831 event:stopped
08-24 17:28:49:288 player piid:26831 event:stopped
08-24 17:28:49:288 releasing player piid:26831
08-24 17:29:12:376 new player piid:26847 uid/pid:10184/3757 type:android.media.AudioTrack attr:AudioAttributes: usage=USAGE_ASSISTANCE_SONIFICATION content=CONTENT_TYPE_SONIFICATION flags=0x800 tags= bundle=null session:23657
08-24 17:29:12:376 port updated portId:6300 mapped to player piid:26847
08-24 17:29:12:380 player piid:26847 event:started
08-24 17:29:12:423 player piid:26847 format update:FormatInfo{isSpatialized=false, channelMask=0x1, sampleRate=16000}
08-24 17:29:12:424 player piid:26847 event:muted updated source:streamVolume 
08-24 17:29:12:435 player piid:26847 event:device updated deviceId:3
08-24 17:29:12:713 player piid:26847 event:stopped
08-24 17:29:12:715 player piid:26847 event:stopped
08-24 17:29:12:715 releasing player piid:26847
08-24 17:29:19:280 new player piid:26863 uid/pid:10184/3757 type:android.media.AudioTrack attr:AudioAttributes: usage=USAGE_ASSISTANCE_SONIFICATION content=CONTENT_TYPE_SONIFICATION flags=0x800 tags= bundle=null session:23673
08-24 17:29:19:280 port updated portId:6304 mapped to player piid:26863
08-24 17:29:19:281 player piid:26863 event:started
08-24 17:29:19:328 player piid:26863 format update:FormatInfo{isSpatialized=false, channelMask=0x1, sampleRate=16000}
08-24 17:29:19:329 player piid:26863 event:muted updated source:streamVolume 
08-24 17:29:19:337 player piid:26863 event:device updated deviceId:3
08-24 17:29:19:630 player piid:26863 event:stopped
08-24 17:29:19:632 player piid:26863 event:stopped
08-24 17:29:19:632 releasing player piid:26863
08-24 17:29:43:256 new player piid:26871 uid/pid:10123/14381 type:android.media.MediaPlayer attr:AudioAttributes: usage=USAGE_UNKNOWN content=CONTENT_TYPE_UNKNOWN flags=0x800 tags= bundle=null session:23681
08-24 17:29:43:261 player piid:26871 new AudioAttributes:AudioAttributes: usage=USAGE_ASSISTANCE_SONIFICATION content=CONTENT_TYPE_SONIFICATION flags=0x800 tags= bundle=null
08-24 17:29:43:414 player piid:26871 event:started
08-24 17:29:43:513 port updated portId:6305 mapped to player piid:26871
08-24 17:29:43:562 player piid:26871 format update:FormatInfo{isSpatialized=false, channelMask=0x1, sampleRate=48000}
08-24 17:29:43:576 player piid:26871 event:device updated deviceId:3
08-24 17:29:43:598 player piid:26871 event:muted updated source:streamVolume 
08-24 17:29:43:800 player piid:26871 event:stopped
08-24 17:29:43:804 releasing player piid:26871
08-24 17:30:19:153 releasing player piid:26799
08-24 17:30:28:472 new player piid:26879 uid/pid:10175/20013 type:AAudio attr:AudioAttributes: usage=USAGE_MEDIA content=CONTENT_TYPE_UNKNOWN source=DEFAULT flags=0x0 tags= bundle=null session:-1
08-24 17:30:28:474 port updated portId:6306 mapped to player piid:26879
08-24 17:30:28:542 player piid:26879 format update:FormatInfo{isSpatialized=false, channelMask=0x3, sampleRate=48000}
08-24 17:30:28:556 player piid:26879 event:started
08-24 17:31:10:260 new player piid:26887 uid/pid:10449/24764 type:android.media.SoundPool attr:AudioAttributes: usage=USAGE_NOTIFICATION content=CONTENT_TYPE_MUSIC flags=0x800 tags= bundle=null session:0
08-24 17:33:07:096 releasing player piid:26567
08-24 17:36:08:789 player piid:26879 event:stopped
08-24 17:36:13:000 player piid:26879 event:started
08-24 17:36:13:000 player piid:26879 format update:FormatInfo{isSpatialized=false, channelMask=0x3, sampleRate=48000}
08-24 17:38:32:005 player piid:26879 event:stopped
08-24 17:38:37:009 releasing player piid:26879
08-24 18:08:22:979 new player piid:26895 uid/pid:10438/24317 type:android.media.AudioTrack attr:AudioAttributes: usage=USAGE_MEDIA content=CONTENT_TYPE_MUSIC flags=0xA00 tags= bundle=null session:23697
08-24 18:08:22:980 port updated portId:6329 mapped to player piid:26895
08-24 18:08:22:985 player piid:26895 event:started
08-24 18:08:23:045 player piid:26895 format update:FormatInfo{isSpatialized=false, channelMask=0x3, sampleRate=48000}
08-24 18:08:23:051 player piid:26895 event:device updated deviceId:6325
08-24 18:08:23:073 player piid:26895 event:device updated deviceId:6325
08-24 18:08:23:073 player piid:25063 event:device updated
08-24 18:08:23:668 player piid:26895 event:stopped
08-24 18:08:23:669 releasing player piid:26895
08-24 18:09:27:641 releasing player piid:26887
08-24 18:09:35:179 new player piid:26903 uid/pid:10449/5890 type:android.media.SoundPool attr:AudioAttributes: usage=USAGE_NOTIFICATION content=CONTENT_TYPE_MUSIC flags=0x800 tags= bundle=null session:0
08-24 18:26:19:170 releasing player piid:26903
08-24 18:26:44:870 new player piid:26911 uid/pid:10449/10511 type:android.media.SoundPool attr:AudioAttributes: usage=USAGE_NOTIFICATION content=CONTENT_TYPE_MUSIC flags=0x800 tags= bundle=null session:0
08-24 18:29:16:497 new player piid:26919 uid/pid:10233/10881 type:android.media.MediaPlayer attr:AudioAttributes: usage=USAGE_UNKNOWN content=CONTENT_TYPE_UNKNOWN flags=0x800 tags= bundle=null session:23737
08-24 18:29:16:497 player piid:26919 new AudioAttributes:AudioAttributes: usage=USAGE_ASSISTANCE_SONIFICATION content=CONTENT_TYPE_SONIFICATION flags=0x800 tags= bundle=null
08-24 18:29:16:686 player piid:26919 event:started
08-24 18:29:16:778 port updated portId:6339 mapped to player piid:26919
08-24 18:29:16:840 player piid:26919 format update:FormatInfo{isSpatialized=false, channelMask=0x3, sampleRate=48000}
08-24 18:29:16:852 player piid:26919 event:device updated deviceId:3
08-24 18:29:16:901 player piid:26919 event:muted updated source:streamVolume 
08-24 18:29:17:294 player piid:26919 event:stopped
08-24 18:29:18:959 releasing player piid:26919
08-24 18:37:00:889 releasing player piid:26911
08-24 18:37:46:328 new player piid:26927 uid/pid:10449/13118 type:android.media.SoundPool attr:AudioAttributes: usage=USAGE_NOTIFICATION content=CONTENT_TYPE_MUSIC flags=0x800 tags= bundle=null session:0

  allowed capture policies:
  uid: 10119 policy: 3

RecordActivityMonitor dump time: 6:56:14 PM


Events log: recording activity received by AudioService
08-24 16:42:52:838 rec start riid:-1 uid:99000 session:121 src:HOTWORD not silenced pack:
08-24 16:42:54:157 rec stop riid:-1 uid:99000 session:121 src:HOTWORD not silenced pack:
08-24 16:48:49:324 rec start riid:-1 uid:99000 session:121 src:HOTWORD not silenced pack:
08-24 16:48:50:551 rec stop riid:-1 uid:99000 session:121 src:HOTWORD not silenced pack:
08-24 16:59:14:881 rec update riid:26455 uid:10184 session:23297 src:VOICE_RECOGNITION not silenced pack:com.google.android.inputmethod.latin
08-24 16:59:20:470 rec stop riid:26455 uid:10184 session:23297 src:VOICE_RECOGNITION not silenced pack:com.google.android.inputmethod.latin
08-24 16:59:21:259 rec update riid:26471 uid:10184 session:23313 src:VOICE_RECOGNITION not silenced pack:com.google.android.inputmethod.latin
08-24 16:59:29:975 rec stop riid:26471 uid:10184 session:23313 src:VOICE_RECOGNITION not silenced pack:com.google.android.inputmethod.latin
08-24 16:59:41:844 rec start riid:26495 uid:10184 session:23337 src:VOICE_RECOGNITION not silenced pack:com.google.android.inputmethod.latin
08-24 16:59:55:235 rec stop riid:26495 uid:10184 session:23337 src:VOICE_RECOGNITION not silenced pack:com.google.android.inputmethod.latin
08-24 17:00:18:595 rec update riid:26511 uid:10184 session:23353 src:VOICE_RECOGNITION not silenced pack:com.google.android.inputmethod.latin
08-24 17:00:32:867 rec stop riid:26511 uid:10184 session:23353 src:VOICE_RECOGNITION not silenced pack:com.google.android.inputmethod.latin
08-24 17:02:39:677 rec update riid:26527 uid:10137 session:21881 src:HOTWORD not silenced pack:com.google.android.as
08-24 17:03:49:421 rec start riid:-1 uid:99000 session:121 src:HOTWORD not silenced pack:
08-24 17:03:50:647 rec stop riid:-1 uid:99000 session:121 src:HOTWORD not silenced pack:
08-24 17:09:30:439 rec update riid:26535 uid:10137 session:23369 src:HOTWORD not silenced pack:com.google.android.as
08-24 17:09:42:269 rec update riid:26543 uid:10184 session:23385 src:VOICE_RECOGNITION not silenced pack:com.google.android.inputmethod.latin
08-24 17:10:12:423 rec stop riid:26543 uid:10184 session:23385 src:VOICE_RECOGNITION not silenced pack:com.google.android.inputmethod.latin
08-24 17:12:01:414 rec update riid:26575 uid:10137 session:23377 src:HOTWORD not silenced pack:com.google.android.as
08-24 17:13:26:975 rec start riid:-1 uid:99000 session:121 src:HOTWORD not silenced pack:
08-24 17:13:28:277 rec stop riid:-1 uid:99000 session:121 src:HOTWORD not silenced pack:
08-24 17:14:04:457 rec start riid:26583 uid:10184 session:23417 src:VOICE_RECOGNITION not silenced pack:com.google.android.inputmethod.latin
08-24 17:14:18:836 rec stop riid:26583 uid:10184 session:23417 src:VOICE_RECOGNITION not silenced pack:com.google.android.inputmethod.latin
08-24 17:14:36:306 rec start riid:26599 uid:10184 session:23433 src:VOICE_RECOGNITION not silenced pack:com.google.android.inputmethod.latin
08-24 17:14:56:368 rec stop riid:26599 uid:10184 session:23433 src:VOICE_RECOGNITION not silenced pack:com.google.android.inputmethod.latin
08-24 17:14:56:564 rec update riid:26615 uid:10184 session:23449 src:VOICE_RECOGNITION not silenced pack:com.google.android.inputmethod.latin
08-24 17:15:15:583 rec stop riid:26615 uid:10184 session:23449 src:VOICE_RECOGNITION not silenced pack:com.google.android.inputmethod.latin
08-24 17:17:12:380 rec update riid:26639 uid:10137 session:23409 src:HOTWORD not silenced pack:com.google.android.as
08-24 17:18:31:740 rec update riid:26647 uid:10184 session:23473 src:VOICE_RECOGNITION not silenced pack:com.google.android.inputmethod.latin
08-24 17:18:52:336 rec stop riid:26647 uid:10184 session:23473 src:VOICE_RECOGNITION not silenced pack:com.google.android.inputmethod.latin
08-24 17:20:26:303 rec update riid:26671 uid:10184 session:23497 src:VOICE_RECOGNITION not silenced pack:com.google.android.inputmethod.latin
08-24 17:20:44:864 rec stop riid:26671 uid:10184 session:23497 src:VOICE_RECOGNITION not silenced pack:com.google.android.inputmethod.latin
08-24 17:20:56:498 rec start riid:26687 uid:10184 session:23513 src:VOICE_RECOGNITION not silenced pack:com.google.android.inputmethod.latin
08-24 17:21:22:810 rec stop riid:26687 uid:10184 session:23513 src:VOICE_RECOGNITION not silenced pack:com.google.android.inputmethod.latin
08-24 17:21:57:768 rec update riid:26711 uid:10184 session:23537 src:VOICE_RECOGNITION not silenced pack:com.google.android.inputmethod.latin
08-24 17:21:58:651 rec stop riid:26711 uid:10184 session:23537 src:VOICE_RECOGNITION not silenced pack:com.google.android.inputmethod.latin
08-24 17:21:59:233 rec update riid:26727 uid:10184 session:23553 src:VOICE_RECOGNITION not silenced pack:com.google.android.inputmethod.latin
08-24 17:22:24:865 rec stop riid:26727 uid:10184 session:23553 src:VOICE_RECOGNITION not silenced pack:com.google.android.inputmethod.latin
08-24 17:24:05:619 rec update riid:26767 uid:10184 session:23585 src:VOICE_RECOGNITION not silenced pack:com.google.android.inputmethod.latin
08-24 17:24:16:887 rec stop riid:26767 uid:10184 session:23585 src:VOICE_RECOGNITION not silenced pack:com.google.android.inputmethod.latin
08-24 17:24:17:706 rec update riid:26783 uid:10184 session:23601 src:VOICE_RECOGNITION not silenced pack:com.google.android.inputmethod.latin
08-24 17:24:34:164 rec stop riid:26783 uid:10184 session:23601 src:VOICE_RECOGNITION not silenced pack:com.google.android.inputmethod.latin
08-24 17:27:32:068 rec update riid:26807 uid:10184 session:23617 src:VOICE_RECOGNITION not silenced pack:com.google.android.inputmethod.latin
08-24 17:27:56:336 rec stop riid:26807 uid:10184 session:23617 src:VOICE_RECOGNITION not silenced pack:com.google.android.inputmethod.latin
08-24 17:28:48:924 rec update riid:26823 uid:10184 session:23633 src:VOICE_RECOGNITION not silenced pack:com.google.android.inputmethod.latin
08-24 17:29:04:291 rec stop riid:26823 uid:10184 session:23633 src:VOICE_RECOGNITION not silenced pack:com.google.android.inputmethod.latin
08-24 17:29:12:358 rec update riid:26839 uid:10184 session:23649 src:VOICE_RECOGNITION not silenced pack:com.google.android.inputmethod.latin
08-24 17:29:15:808 rec stop riid:26839 uid:10184 session:23649 src:VOICE_RECOGNITION not silenced pack:com.google.android.inputmethod.latin
08-24 17:29:19:256 rec start riid:26855 uid:10184 session:23665 src:VOICE_RECOGNITION not silenced pack:com.google.android.inputmethod.latin
08-24 17:29:23:799 rec stop riid:26855 uid:10184 session:23665 src:VOICE_RECOGNITION not silenced pack:com.google.android.inputmethod.latin

AudioDeviceBroker:
  Message handler (watch for unhandled messages):
    Handler (com.android.server.audio.AudioDeviceBroker$BrokerHandler) {3418983} @ 363169784
      Looper (AudioDeviceBroker, tid 125) {b4011cf}
        (Total messages: 0, polling=true, quitting=false)

  BECOMING_NOISY_INTENT_DEVICES_SET=
 0x400 0x800 0x8000000 0x20000000 0x80 0x100 0x200 0x2000 0x4000 0x4000000 0x20000001 0x20000 0x20000002 0x4 0x8
  Preferred devices for strategy:

  Non-default devices for strategy:

  Connected devices:
    [DeviceInfo: type:0x20 (bt_sco_hs) name:larkbridge-v2 addr:B8:27:EB:43:8D:51 codec: 0 sensorUuid: null disabled modes: {}]
    [DeviceInfo: type:0x80000008 (bt_sco_hs) name:larkbridge-v2 addr:B8:27:EB:43:8D:51 codec: 0 sensorUuid: null disabled modes: {}]

  APM Connected device (A2DP sink only):

  Preferred devices for capture preset:

  Applied devices roles for strategies (from API):

  Applied devices roles for strategies (internal):

  Applied devices roles for presets (from API):

  Applied devices roles for presets (internal:

devices:

	type: 8internal type: 128 addr: E4:58:BC:42:C8:A6 bt audio type: AUDIO_DEVICE_CATEGORY_HEADPHONES enabled: false HT: false HTenabled: false

	type: 8internal type: 128 addr: C9:5C:FD:6E:28:46 bt audio type: AUDIO_DEVICE_CATEGORY_SPEAKER enabled: false HT: false HTenabled: false

	type: 8internal type: 128 addr: A0:56:B2:F4:6F:2D bt audio type: AUDIO_DEVICE_CATEGORY_CARKIT enabled: false HT: false HTenabled: false

	type: 8internal type: 128 addr: A4:77:58:4F:D1:EA bt audio type: AUDIO_DEVICE_CATEGORY_HEADPHONES enabled: false HT: false HTenabled: false


  Communication route clients:

  Computed Preferred communication device: null

  Applied Preferred communication device: null
  Active communication device: AudioDeviceAttributes: role:output type:earpiece addr: name:Pixel 7a profiles:[] descriptors:[]
  mCommunicationStrategyId: 15
  mAccessibilityStrategyId: 18

  mAudioModeOwner: AudioModeInfo: mMode=MODE_NORMAL, mPid=0, mUid=0

  mBluetoothHeadset: android.bluetooth.BluetoothHeadset@ebaa8a5
  mBluetoothHeadsetDevice: XX:XX:XX:XX:8D:51
  mBluetoothHeadsetDevice.DeviceClass: AUDIO_VIDEO_HANDSFREE
  mScoAudioState: SCO_STATE_INACTIVE
  mScoAudioMode: SCO_MODE_VIRTUAL_CALL

  mHearingAid: android.bluetooth.BluetoothHearingAid@d86475d

  mLeAudio: android.bluetooth.BluetoothLeAudio@d8cc1cd
  mA2dp: android.bluetooth.BluetoothA2dp@aaeb4f6
  mAvrcpAbsVolSupported: false

SoundEffects:
  Message handler (watch for unhandled messages):
  Handler (com.android.server.audio.SoundEffectsHelper$SfxHandler) {91fa700} @ 363169786
    Looper (AS.SfxWorker, tid 127) {15c4b39}
      (Total messages: 0, polling=true, quitting=false)
  Default attenuation (dB): -6
Events log: Sound Effects Loading
08-19 19:50:06:866 effects loading started
08-19 19:50:07:272 effect Effect_Tick.ogg loaded
08-19 19:50:07:276 effect KeypressStandard.ogg loaded
08-19 19:50:07:302 effect KeypressSpacebar.ogg loaded
08-19 19:50:07:305 effect KeypressDelete.ogg loaded
08-19 19:50:07:364 effect KeypressInvalid.ogg loaded
08-19 19:50:07:370 effect KeypressReturn.ogg loaded
08-19 19:50:07:370 effects loading completed



Event logs:
Events log: phone state (logged after successful call to AudioSystem.setPhoneState(int, int))
08-23 12:56:47:877 setMode(MODE_NORMAL) from package=com.discord pid=26317 selected mode=MODE_NORMAL by pid=0
08-23 12:57:06:556 setMode(MODE_IN_COMMUNICATION) from package=com.discord pid=26317 selected mode=MODE_IN_COMMUNICATION by pid=26317
08-23 13:09:17:027 setMode(MODE_NORMAL) from package=com.discord pid=26317 selected mode=MODE_NORMAL by pid=0
08-23 14:29:10:542 setMode(MODE_IN_COMMUNICATION) from package=com.discord pid=15690 selected mode=MODE_IN_COMMUNICATION by pid=15690
08-23 14:44:19:425 setMode(MODE_RINGTONE) from package=com.android.server.telecom pid=1415 selected mode=MODE_RINGTONE by pid=1415
08-23 14:44:38:552 setMode(MODE_NORMAL) from package=com.android.server.telecom pid=1415 selected mode=MODE_IN_COMMUNICATION by pid=15690
08-23 15:13:07:979 setMode(MODE_NORMAL) from package=com.discord pid=15690 selected mode=MODE_NORMAL by pid=0
08-23 17:35:43:724 setMode(MODE_IN_CALL) from package=com.android.server.telecom pid=1415 selected mode=MODE_IN_CALL by pid=1415
08-23 17:57:15:860 setMode(MODE_NORMAL) from package=com.android.server.telecom pid=1415 selected mode=MODE_NORMAL by pid=0
08-23 21:55:07:673 setMode(MODE_RINGTONE) from package=com.android.server.telecom pid=1415 selected mode=MODE_RINGTONE by pid=1415
08-23 21:55:10:948 setMode(MODE_IN_CALL) from package=com.android.server.telecom pid=1415 selected mode=MODE_IN_CALL by pid=1415
08-23 23:14:51:156 setMode(MODE_NORMAL) from package=com.android.server.telecom pid=1415 selected mode=MODE_NORMAL by pid=0
08-24 01:20:34:796 setMode(MODE_IN_COMMUNICATION) from package=com.discord pid=21197 selected mode=MODE_IN_COMMUNICATION by pid=21197
08-24 01:24:41:134 setMode(MODE_NORMAL) from package=com.discord pid=21197 selected mode=MODE_NORMAL by pid=0
08-24 01:24:42:853 setMode(MODE_IN_COMMUNICATION) from package=com.discord pid=21197 selected mode=MODE_IN_COMMUNICATION by pid=21197
08-24 03:02:27:409 setMode(MODE_NORMAL) from package=com.discord pid=21197 selected mode=MODE_NORMAL by pid=0
08-24 13:13:45:164 setMode(MODE_IN_COMMUNICATION) from package=com.discord pid=7236 selected mode=MODE_IN_COMMUNICATION by pid=7236
08-24 13:30:22:940 setMode(MODE_NORMAL) from package=com.discord pid=7236 selected mode=MODE_NORMAL by pid=0
08-24 14:35:19:877 setMode(MODE_IN_COMMUNICATION) from package=com.discord pid=7236 selected mode=MODE_IN_COMMUNICATION by pid=7236
08-24 16:07:37:460 setMode(MODE_NORMAL) from package=com.discord pid=7236 selected mode=MODE_NORMAL by pid=0


Events log: wired/A2DP/hearing aid device connection
08-24 15:22:09:672 setCommunicationRouteForClient for uid: 10483 device: AudioDeviceAttributes: role:output type:bt_sco_hs addr:B8:27:EB:43:8D:51 name:larkbridge-v2 profiles:[] descriptors:[] isPrivileged: false from API: setCommunicationDevice() from u/pid:10483/7236
08-24 15:22:09:672 setCommunicationDevice() from u/pid:10483/7236
08-24 15:22:09:678 updateCommunicationRoute, preferredCommunicationDevice: null eventSource: setCommunicationDevice() from u/pid:10483/7236
08-24 15:22:10:432 setCommunicationRouteForClient for uid: 10483 device: AudioDeviceAttributes: role:output type:bt_sco_hs addr:B8:27:EB:43:8D:51 name:larkbridge-v2 profiles:[] descriptors:[] isPrivileged: false from API: BtHelper.onScoAudioStateChanged
08-24 15:22:10:433 BtHelper.onScoAudioStateChanged
08-24 15:22:10:441 updateCommunicationRoute, preferredCommunicationDevice: AudioDeviceAttributes: role:output type:bt_sco_hs addr:B8:27:EB:43:8D:51 name:larkbridge-v2 profiles:[] descriptors:[] eventSource: BtHelper.onScoAudioStateChanged
08-24 15:27:24:191 setCommunicationRouteForClient for uid: 10483 device: AudioDeviceAttributes: role:output type:bt_sco_hs addr:B8:27:EB:43:8D:51 name:larkbridge-v2 profiles:[] descriptors:[] isPrivileged: false from API: BtHelper.onScoAudioStateChanged
08-24 15:27:24:198 updateCommunicationRoute, preferredCommunicationDevice: null eventSource: BtHelper.onScoAudioStateChanged
08-24 15:27:24:985 setCommunicationRouteForClient for uid: 10483 device: AudioDeviceAttributes: role:output type:bt_sco_hs addr:B8:27:EB:43:8D:51 name:larkbridge-v2 profiles:[] descriptors:[] isPrivileged: false from API: resetBluetoothSco
08-24 15:27:24:985 resetBluetoothSco
08-24 15:27:24:985 updateCommunicationRoute, preferredCommunicationDevice: null eventSource: resetBluetoothSco
08-24 15:27:24:986 setCommunicationRouteForClient for uid: 10483 device: null isPrivileged: false from API: onCheckCommunicationDeviceRemoval
08-24 15:27:24:986 onCheckCommunicationDeviceRemoval
08-24 15:27:24:986 updateCommunicationRoute, preferredCommunicationDevice: null eventSource: onCheckCommunicationDeviceRemoval
08-24 15:36:24:061 setCommunicationRouteForClient for uid: 10483 device: AudioDeviceAttributes: role:output type:bt_sco_hs addr:B8:27:EB:43:8D:51 name:larkbridge-v2 profiles:[] descriptors:[] isPrivileged: false from API: setCommunicationDevice() from u/pid:10483/7236
08-24 15:36:24:061 setCommunicationDevice() from u/pid:10483/7236
08-24 15:36:24:077 updateCommunicationRoute, preferredCommunicationDevice: null eventSource: setCommunicationDevice() from u/pid:10483/7236
08-24 15:36:24:854 setCommunicationRouteForClient for uid: 10483 device: AudioDeviceAttributes: role:output type:bt_sco_hs addr:B8:27:EB:43:8D:51 name:larkbridge-v2 profiles:[] descriptors:[] isPrivileged: false from API: BtHelper.onScoAudioStateChanged
08-24 15:36:24:854 BtHelper.onScoAudioStateChanged
08-24 15:36:24:861 updateCommunicationRoute, preferredCommunicationDevice: AudioDeviceAttributes: role:output type:bt_sco_hs addr:B8:27:EB:43:8D:51 name:larkbridge-v2 profiles:[] descriptors:[] eventSource: BtHelper.onScoAudioStateChanged
08-24 15:42:56:981 setCommunicationRouteForClient for uid: 10483 device: AudioDeviceAttributes: role:output type:bt_sco_hs addr:B8:27:EB:43:8D:51 name:larkbridge-v2 profiles:[] descriptors:[] isPrivileged: false from API: BtHelper.onScoAudioStateChanged
08-24 15:42:56:982 updateCommunicationRoute, preferredCommunicationDevice: null eventSource: BtHelper.onScoAudioStateChanged
08-24 15:42:57:048 setCommunicationRouteForClient for uid: 10483 device: AudioDeviceAttributes: role:output type:bt_sco_hs addr:B8:27:EB:43:8D:51 name:larkbridge-v2 profiles:[] descriptors:[] isPrivileged: false from API: resetBluetoothSco
08-24 15:42:57:048 resetBluetoothSco
08-24 15:42:57:049 updateCommunicationRoute, preferredCommunicationDevice: null eventSource: resetBluetoothSco
08-24 15:42:57:053 setCommunicationRouteForClient for uid: 10483 device: null isPrivileged: false from API: onCheckCommunicationDeviceRemoval
08-24 15:42:57:053 onCheckCommunicationDeviceRemoval
08-24 15:42:57:053 updateCommunicationRoute, preferredCommunicationDevice: null eventSource: onCheckCommunicationDeviceRemoval
08-24 15:52:23:648 setCommunicationRouteForClient for uid: 10483 device: AudioDeviceAttributes: role:output type:bt_sco_hs addr:B8:27:EB:43:8D:51 name:larkbridge-v2 profiles:[] descriptors:[] isPrivileged: false from API: setCommunicationDevice() from u/pid:10483/7236
08-24 15:52:23:649 setCommunicationDevice() from u/pid:10483/7236
08-24 15:52:23:657 updateCommunicationRoute, preferredCommunicationDevice: null eventSource: setCommunicationDevice() from u/pid:10483/7236
08-24 15:52:23:999 setCommunicationRouteForClient for uid: 10483 device: AudioDeviceAttributes: role:output type:bt_sco_hs addr:B8:27:EB:43:8D:51 name:larkbridge-v2 profiles:[] descriptors:[] isPrivileged: false from API: BtHelper.onScoAudioStateChanged
08-24 15:52:23:999 BtHelper.onScoAudioStateChanged
08-24 15:52:24:008 updateCommunicationRoute, preferredCommunicationDevice: AudioDeviceAttributes: role:output type:bt_sco_hs addr:B8:27:EB:43:8D:51 name:larkbridge-v2 profiles:[] descriptors:[] eventSource: BtHelper.onScoAudioStateChanged
08-24 16:07:37:196 setCommunicationRouteForClient for uid: 10483 device: null isPrivileged: false from API: clearCommunicationDevice() from u/pid:10483/7236
08-24 16:07:37:196 clearCommunicationDevice() from u/pid:10483/7236
08-24 16:07:37:202 updateCommunicationRoute, preferredCommunicationDevice: AudioDeviceAttributes: role:output type:bt_sco_hs addr:B8:27:EB:43:8D:51 name:larkbridge-v2 profiles:[] descriptors:[] eventSource: clearCommunicationDevice() from u/pid:10483/7236
08-24 16:07:37:526 updateCommunicationRoute, preferredCommunicationDevice: null eventSource: setNewModeOwner
08-24 16:07:37:940 updateCommunicationRoute, preferredCommunicationDevice: null eventSource: BtHelper.onScoAudioStateChanged
08-24 17:49:05:541 updateCommunicationRoute, preferredCommunicationDevice: null eventSource: resetBluetoothSco
08-24 18:08:21:450 BlutoothActiveDeviceChanged for A2DP, device update null -> XX:XX:XX:XX:73:DE
08-24 18:08:21:457 msg: onBluetoothActiveDeviceChange BtDeviceInfo: device=XX:XX:XX:XX:73:DE state=2 prof=2 supprNoisy=true volume=20 isLeOutput=false eventSource=AudioService audioSystemDevice=128 musicDevice=0
08-24 18:08:21:754 BT connected:BtDeviceInfo: device=XX:XX:XX:XX:73:DE state=2 prof=2 supprNoisy=true volume=20 isLeOutput=false eventSource=AudioService audioSystemDevice=128 musicDevice=0 codec=AUDIO_FORMAT_AAC
08-24 18:08:21:848 A2DP device addr=98:47:44:CD:73:DE now available
08-24 18:08:33:446 BlutoothActiveDeviceChanged for A2DP, device update XX:XX:XX:XX:73:DE -> null
08-24 18:08:33:454 msg: onBluetoothActiveDeviceChange BtDeviceInfo: device=XX:XX:XX:XX:73:DE state=0 prof=2 supprNoisy=false volume=-1 isLeOutput=false eventSource=AudioService audioSystemDevice=128 musicDevice=0
08-24 18:08:33:456 dropping ACTION_AUDIO_BECOMING_NOISY
08-24 18:08:33:474 getA2dpCodec DEFAULT from MSG_L_SET_BT_ACTIVE_DEVICE fallback to SBC
08-24 18:08:33:474 BT connected:BtDeviceInfo: device=XX:XX:XX:XX:73:DE state=0 prof=2 supprNoisy=false volume=-1 isLeOutput=false eventSource=AudioService audioSystemDevice=128 musicDevice=0 codec=AUDIO_FORMAT_SBC
08-24 18:08:33:488 A2DP device addr=98:47:44:CD:73:DE made unavailable


Events log: force use (logged before setForceUse() is executed)
08-24 15:42:57:194 setForceUse(FOR_VIBRATE_RINGING, FORCE_NONE) due to muteRingerModeStreams() from u/pid:1000/1415
08-24 15:42:57:387 setForceUse(FOR_VIBRATE_RINGING, FORCE_NONE) due to muteRingerModeStreams() from u/pid:1000/1415
08-24 15:42:57:388 setForceUse(FOR_VIBRATE_RINGING, FORCE_NONE) due to muteRingerModeStreams() from u/pid:1000/1415
08-24 15:52:23:660 setForceUse(FOR_VIBRATE_RINGING, FORCE_NONE) due to muteRingerModeStreams() from u/pid:1000/1415
08-24 15:52:24:879 setForceUse(FOR_VIBRATE_RINGING, FORCE_BT_SCO) due to muteRingerModeStreams() from u/pid:1000/1415
08-24 16:07:37:208 setForceUse(FOR_VIBRATE_RINGING, FORCE_BT_SCO) due to muteRingerModeStreams() from u/pid:1000/1415
08-24 16:07:38:153 setForceUse(FOR_VIBRATE_RINGING, FORCE_BT_SCO) due to muteRingerModeStreams() from u/pid:1000/1415
08-24 16:07:38:238 setForceUse(FOR_VIBRATE_RINGING, FORCE_NONE) due to muteRingerModeStreams() from u/pid:1000/1415
08-24 16:07:38:406 setForceUse(FOR_VIBRATE_RINGING, FORCE_NONE) due to muteRingerModeStreams() from u/pid:1000/1415
08-24 17:45:00:168 setForceUse(FOR_DOCK, FORCE_DIGITAL_DOCK) due to readDockAudioSettings
08-24 17:48:33:490 setForceUse(FOR_VIBRATE_RINGING, FORCE_NONE) due to muteRingerModeStreams() from u/pid:1000/1415
08-24 17:48:33:516 setForceUse(FOR_VIBRATE_RINGING, FORCE_NONE) due to muteRingerModeStreams() from u/pid:1000/1415
08-24 17:49:05:542 setForceUse(FOR_VIBRATE_RINGING, FORCE_NONE) due to muteRingerModeStreams() from u/pid:1000/1415
08-24 17:54:04:726 setForceUse(FOR_VIBRATE_RINGING, FORCE_NONE) due to muteRingerModeStreams() from u/pid:1000/1415
08-24 17:54:04:747 setForceUse(FOR_VIBRATE_RINGING, FORCE_NONE) due to muteRingerModeStreams() from u/pid:1000/1415
08-24 17:59:01:880 setForceUse(FOR_VIBRATE_RINGING, FORCE_NONE) due to muteRingerModeStreams() from u/pid:1000/1415
08-24 17:59:01:899 setForceUse(FOR_VIBRATE_RINGING, FORCE_NONE) due to muteRingerModeStreams() from u/pid:1000/1415
08-24 18:08:21:756 setForceUse(FOR_MEDIA, FORCE_NONE) due to setBluetoothA2dpOn(true) from u/pid:1000/1415 src:onSetBtActiveDevice
08-24 18:37:31:503 setForceUse(FOR_VIBRATE_RINGING, FORCE_NONE) due to muteRingerModeStreams() from u/pid:1000/1415
08-24 18:37:31:530 setForceUse(FOR_VIBRATE_RINGING, FORCE_NONE) due to muteRingerModeStreams() from u/pid:1000/1415


Events log: volume changes (logged when command received by AudioService)
08-24 13:55:35:604 setStreamVolume(stream:STREAM_BLUETOOTH_SCO index:15 flags:0x1) from com.google.android.bluetooth
08-24 13:55:35:605 sending VOLUME_CHANGED stream:STREAM_BLUETOOTH_SCO index:15 alias:STREAM_BLUETOOTH_SCO
08-24 14:04:46:705 sending VOLUME_CHANGED stream:STREAM_DTMF index:9 alias:STREAM_RING
08-24 14:04:46:733 sending VOLUME_CHANGED stream:STREAM_DTMF index:9 alias:STREAM_RING
08-24 14:04:46:736 sending VOLUME_CHANGED stream:STREAM_ACCESSIBILITY index:7 alias:STREAM_MUSIC
08-24 14:12:50:249 sending VOLUME_CHANGED stream:STREAM_DTMF index:9 alias:STREAM_RING
08-24 14:12:50:286 sending VOLUME_CHANGED stream:STREAM_DTMF index:9 alias:STREAM_RING
08-24 14:12:50:287 sending VOLUME_CHANGED stream:STREAM_ACCESSIBILITY index:7 alias:STREAM_MUSIC
08-24 14:18:55:526 sending VOLUME_CHANGED stream:STREAM_DTMF index:9 alias:STREAM_RING
08-24 14:18:55:555 sending VOLUME_CHANGED stream:STREAM_DTMF index:9 alias:STREAM_RING
08-24 14:18:55:556 sending VOLUME_CHANGED stream:STREAM_ACCESSIBILITY index:7 alias:STREAM_MUSIC
08-24 14:23:03:809 sending VOLUME_CHANGED stream:STREAM_DTMF index:9 alias:STREAM_RING
08-24 14:23:03:828 sending VOLUME_CHANGED stream:STREAM_DTMF index:9 alias:STREAM_RING
08-24 14:23:03:830 sending VOLUME_CHANGED stream:STREAM_ACCESSIBILITY index:7 alias:STREAM_MUSIC
08-24 14:35:19:894 sending VOLUME_CHANGED stream:STREAM_DTMF index:15 alias:STREAM_VOICE_CALL
08-24 14:35:19:909 sending VOLUME_CHANGED stream:STREAM_ACCESSIBILITY index:15 alias:STREAM_MUSIC
08-24 14:35:20:432 Voice activity change (active) causes setting HEARING_AID volume to idx:7 stream:STREAM_VOICE_CALL
08-24 14:38:49:436 sending VOLUME_CHANGED stream:STREAM_DTMF index:15 alias:STREAM_VOICE_CALL
08-24 14:38:49:467 sending VOLUME_CHANGED stream:STREAM_DTMF index:15 alias:STREAM_VOICE_CALL
08-24 14:38:49:472 sending VOLUME_CHANGED stream:STREAM_ACCESSIBILITY index:15 alias:STREAM_MUSIC
08-24 15:02:08:580 adjustSuggestedStreamVolume(sugg:STREAM_MUSIC dir:ADJUST_RAISE flags:0x1011) from android/android uid:1000
08-24 15:02:08:802 adjustSuggestedStreamVolume(sugg:STREAM_MUSIC dir:ADJUST_RAISE flags:0x1011) from android/android uid:1000
08-24 15:02:08:852 adjustSuggestedStreamVolume(sugg:STREAM_MUSIC dir:ADJUST_RAISE flags:0x1011) from android/android uid:1000
08-24 15:02:08:903 adjustSuggestedStreamVolume(sugg:STREAM_MUSIC dir:ADJUST_RAISE flags:0x1011) from android/android uid:1000
08-24 15:02:08:955 adjustSuggestedStreamVolume(sugg:STREAM_MUSIC dir:ADJUST_RAISE flags:0x1011) from android/android uid:1000
08-24 15:02:09:004 adjustSuggestedStreamVolume(sugg:STREAM_MUSIC dir:ADJUST_RAISE flags:0x1011) from android/android uid:1000
08-24 15:09:22:572 sending VOLUME_CHANGED stream:STREAM_DTMF index:15 alias:STREAM_VOICE_CALL
08-24 15:09:22:598 sending VOLUME_CHANGED stream:STREAM_DTMF index:15 alias:STREAM_VOICE_CALL
08-24 15:09:22:600 sending VOLUME_CHANGED stream:STREAM_ACCESSIBILITY index:15 alias:STREAM_MUSIC
08-24 15:12:18:988 sending VOLUME_CHANGED stream:STREAM_DTMF index:15 alias:STREAM_VOICE_CALL
08-24 15:12:19:002 sending VOLUME_CHANGED stream:STREAM_DTMF index:15 alias:STREAM_VOICE_CALL
08-24 15:12:19:004 sending VOLUME_CHANGED stream:STREAM_ACCESSIBILITY index:15 alias:STREAM_MUSIC
08-24 15:15:29:087 adjustSuggestedStreamVolume(sugg:USE_DEFAULT_STREAM_TYPE dir:ADJUST_RAISE flags:0x1011) from android/android uid:1000
08-24 15:15:41:404 adjustSuggestedStreamVolume(sugg:USE_DEFAULT_STREAM_TYPE dir:ADJUST_LOWER flags:0x1011) from android/android uid:1000
08-24 15:15:41:411 sending VOLUME_CHANGED stream:STREAM_DTMF index:13 alias:STREAM_VOICE_CALL
08-24 15:15:41:413 sending VOLUME_CHANGED stream:STREAM_VOICE_CALL index:6 alias:STREAM_VOICE_CALL
08-24 15:17:28:149 sending VOLUME_CHANGED stream:STREAM_DTMF index:13 alias:STREAM_VOICE_CALL
08-24 15:17:28:172 sending VOLUME_CHANGED stream:STREAM_DTMF index:13 alias:STREAM_VOICE_CALL
08-24 15:17:28:174 sending VOLUME_CHANGED stream:STREAM_ACCESSIBILITY index:15 alias:STREAM_MUSIC
08-24 15:27:36:225 adjustSuggestedStreamVolume(sugg:USE_DEFAULT_STREAM_TYPE dir:ADJUST_RAISE flags:0x1011) from android/android uid:1000
08-24 15:27:36:233 sending VOLUME_CHANGED stream:STREAM_DTMF index:15 alias:STREAM_VOICE_CALL
08-24 15:27:36:237 sending VOLUME_CHANGED stream:STREAM_VOICE_CALL index:7 alias:STREAM_VOICE_CALL
08-24 15:27:36:453 adjustSuggestedStreamVolume(sugg:USE_DEFAULT_STREAM_TYPE dir:ADJUST_RAISE flags:0x1011) from android/android uid:1000
08-24 15:27:36:503 adjustSuggestedStreamVolume(sugg:USE_DEFAULT_STREAM_TYPE dir:ADJUST_RAISE flags:0x1011) from android/android uid:1000
08-24 15:27:36:554 adjustSuggestedStreamVolume(sugg:USE_DEFAULT_STREAM_TYPE dir:ADJUST_RAISE flags:0x1011) from android/android uid:1000
08-24 15:27:36:605 adjustSuggestedStreamVolume(sugg:USE_DEFAULT_STREAM_TYPE dir:ADJUST_RAISE flags:0x1011) from android/android uid:1000
08-24 15:27:36:657 adjustSuggestedStreamVolume(sugg:USE_DEFAULT_STREAM_TYPE dir:ADJUST_RAISE flags:0x1011) from android/android uid:1000
08-24 15:27:36:708 adjustSuggestedStreamVolume(sugg:USE_DEFAULT_STREAM_TYPE dir:ADJUST_RAISE flags:0x1011) from android/android uid:1000
08-24 16:07:37:486 sending VOLUME_CHANGED stream:STREAM_DTMF index:9 alias:STREAM_RING
08-24 16:07:37:489 sending VOLUME_CHANGED stream:STREAM_ACCESSIBILITY index:15 alias:STREAM_MUSIC
08-24 16:07:39:431 Voice activity change (inactive) causes setting HEARING_AID volume to idx:10 stream:STREAM_MUSIC
08-24 17:11:47:785 adjustSuggestedStreamVolume(sugg:STREAM_MUSIC dir:ADJUST_RAISE flags:0x1011) from android/android uid:1000
08-24 17:11:47:791 sending VOLUME_CHANGED stream:STREAM_ASSISTANT index:7 alias:STREAM_MUSIC
08-24 17:11:47:796 sending VOLUME_CHANGED stream:STREAM_TTS index:7 alias:STREAM_MUSIC
08-24 17:11:47:799 sending VOLUME_CHANGED stream:STREAM_MUSIC index:11 alias:STREAM_MUSIC
08-24 17:11:58:799 adjustSuggestedStreamVolume(sugg:STREAM_MUSIC dir:ADJUST_RAISE flags:0x1011) from android/android uid:1000
08-24 17:11:58:802 sending VOLUME_CHANGED stream:STREAM_ACCESSIBILITY index:8 alias:STREAM_MUSIC
08-24 17:11:58:803 sending VOLUME_CHANGED stream:STREAM_MUSIC index:12 alias:STREAM_MUSIC
08-24 17:11:59:384 adjustSuggestedStreamVolume(sugg:STREAM_MUSIC dir:ADJUST_RAISE flags:0x1011) from android/android uid:1000
08-24 17:11:59:390 sending VOLUME_CHANGED stream:STREAM_ASSISTANT index:8 alias:STREAM_MUSIC
08-24 17:11:59:391 sending VOLUME_CHANGED stream:STREAM_TTS index:8 alias:STREAM_MUSIC
08-24 17:11:59:394 sending VOLUME_CHANGED stream:STREAM_MUSIC index:13 alias:STREAM_MUSIC
08-24 17:19:48:817 adjustSuggestedStreamVolume(sugg:STREAM_MUSIC dir:ADJUST_RAISE flags:0x1011) from android/android uid:1000
08-24 17:19:48:820 sending VOLUME_CHANGED stream:STREAM_ACCESSIBILITY index:9 alias:STREAM_MUSIC
08-24 17:19:48:821 sending VOLUME_CHANGED stream:STREAM_MUSIC index:14 alias:STREAM_MUSIC
08-24 17:19:49:253 adjustSuggestedStreamVolume(sugg:STREAM_MUSIC dir:ADJUST_RAISE flags:0x1011) from android/android uid:1000
08-24 17:19:49:255 sending VOLUME_CHANGED stream:STREAM_ASSISTANT index:9 alias:STREAM_MUSIC
08-24 17:19:49:256 sending VOLUME_CHANGED stream:STREAM_TTS index:9 alias:STREAM_MUSIC
08-24 17:19:49:258 sending VOLUME_CHANGED stream:STREAM_MUSIC index:15 alias:STREAM_MUSIC
08-24 17:19:49:759 adjustSuggestedStreamVolume(sugg:STREAM_MUSIC dir:ADJUST_RAISE flags:0x1011) from android/android uid:1000
08-24 17:19:49:761 sending VOLUME_CHANGED stream:STREAM_ASSISTANT index:10 alias:STREAM_MUSIC
08-24 17:19:49:762 sending VOLUME_CHANGED stream:STREAM_ACCESSIBILITY index:10 alias:STREAM_MUSIC
08-24 17:19:49:764 sending VOLUME_CHANGED stream:STREAM_TTS index:10 alias:STREAM_MUSIC
08-24 17:19:49:765 sending VOLUME_CHANGED stream:STREAM_MUSIC index:16 alias:STREAM_MUSIC
08-24 17:19:50:059 adjustSuggestedStreamVolume(sugg:STREAM_MUSIC dir:ADJUST_RAISE flags:0x1011) from android/android uid:1000
08-24 17:19:50:062 sending VOLUME_CHANGED stream:STREAM_ACCESSIBILITY index:11 alias:STREAM_MUSIC
08-24 17:19:50:064 sending VOLUME_CHANGED stream:STREAM_MUSIC index:17 alias:STREAM_MUSIC
08-24 17:48:33:488 sending VOLUME_CHANGED stream:STREAM_DTMF index:9 alias:STREAM_RING
08-24 17:48:33:494 sending VOLUME_CHANGED stream:STREAM_DTMF index:9 alias:STREAM_RING
08-24 17:48:33:496 sending VOLUME_CHANGED stream:STREAM_ACCESSIBILITY index:11 alias:STREAM_MUSIC
08-24 17:54:04:723 sending VOLUME_CHANGED stream:STREAM_DTMF index:9 alias:STREAM_RING
08-24 17:54:04:729 sending VOLUME_CHANGED stream:STREAM_DTMF index:9 alias:STREAM_RING
08-24 17:54:04:732 sending VOLUME_CHANGED stream:STREAM_ACCESSIBILITY index:11 alias:STREAM_MUSIC
08-24 17:59:01:878 sending VOLUME_CHANGED stream:STREAM_DTMF index:9 alias:STREAM_RING
08-24 17:59:01:887 sending VOLUME_CHANGED stream:STREAM_DTMF index:9 alias:STREAM_RING
08-24 17:59:01:889 sending VOLUME_CHANGED stream:STREAM_ACCESSIBILITY index:11 alias:STREAM_MUSIC
08-24 18:08:21:476 VolumeStreamState.muteInternally(stream:STREAM_MUSIC, muted)
08-24 18:08:21:759 onSetBtActiveDevice dev:0x80 volIdx:200
08-24 18:08:21:865 setDeviceVolumeBehavior: dev:bt_a2dp addr:98:47:44:CD:73:DE behavior:DEVICE_VOLUME_BEHAVIOR_VARIABLE pack:com.google.android.bluetooth
08-24 18:08:21:865 avrcpSupportsAbsoluteVolume addr=98:47:44:CD:73:DE support=false
08-24 18:08:21:877 setDeviceVolumeBehavior: dev:bt_a2dp addr:98:47:44:CD:73:DE behavior:DEVICE_VOLUME_BEHAVIOR_VARIABLE pack:com.google.android.bluetooth
08-24 18:08:21:877 avrcpSupportsAbsoluteVolume addr=98:47:44:CD:73:DE support=false
08-24 18:08:21:997 VolumeStreamState.muteInternally(stream:STREAM_MUSIC, unmuted)
08-24 18:08:23:614 setStreamVolume(stream:STREAM_MUSIC index:20 flags:0x0) from com.maxmpz.equalizer
08-24 18:08:23:615 setAvrcpAbsoluteVolumeIndex: abs vol not supported 
08-24 18:08:33:473 VolumeStreamState.muteInternally(stream:STREAM_MUSIC, muted)
08-24 18:08:33:609 VolumeStreamState.muteInternally(stream:STREAM_MUSIC, unmuted)
08-24 18:37:31:500 sending VOLUME_CHANGED stream:STREAM_DTMF index:9 alias:STREAM_RING
08-24 18:37:31:510 sending VOLUME_CHANGED stream:STREAM_DTMF index:9 alias:STREAM_RING
08-24 18:37:31:513 sending VOLUME_CHANGED stream:STREAM_ACCESSIBILITY index:11 alias:STREAM_MUSIC


Events log: mute commands
08-24 14:01:19:813 RingerZenMutedStreams 0x1a6 from muteRingerModeStreams
08-24 14:01:19:813 STREAM_RING muting by muteRingerModeStreams
08-24 14:01:20:577 RingerZenMutedStreams 0x1a2 from muteRingerModeStreams
08-24 14:01:20:577 STREAM_RING unmuting by muteRingerModeStreams
08-24 14:01:28:177 RingerZenMutedStreams 0x1a6 from muteRingerModeStreams
08-24 14:01:28:177 STREAM_RING muting by muteRingerModeStreams
08-24 14:01:28:946 RingerZenMutedStreams 0x1a2 from muteRingerModeStreams
08-24 14:01:28:946 STREAM_RING unmuting by muteRingerModeStreams
08-24 14:01:36:380 RingerZenMutedStreams 0x1a6 from muteRingerModeStreams
08-24 14:01:36:381 STREAM_RING muting by muteRingerModeStreams
08-24 14:01:37:163 RingerZenMutedStreams 0x1a2 from muteRingerModeStreams
08-24 14:01:37:163 STREAM_RING unmuting by muteRingerModeStreams
08-24 14:01:44:516 RingerZenMutedStreams 0x1a6 from muteRingerModeStreams
08-24 14:01:44:516 STREAM_RING muting by muteRingerModeStreams
08-24 14:35:19:915 RingerZenMutedStreams 0xa6 from muteRingerModeStreams
08-24 14:35:19:915 STREAM_DTMF unmuting by muteRingerModeStreams
08-24 15:22:11:228 RingerZenMutedStreams 0xa2 from muteRingerModeStreams
08-24 15:22:11:228 STREAM_RING unmuting by muteRingerModeStreams
08-24 15:27:25:103 RingerZenMutedStreams 0xa6 from muteRingerModeStreams
08-24 15:27:25:103 STREAM_RING muting by muteRingerModeStreams
08-24 15:36:25:709 RingerZenMutedStreams 0xa2 from muteRingerModeStreams
08-24 15:36:25:709 STREAM_RING unmuting by muteRingerModeStreams
08-24 15:42:57:177 RingerZenMutedStreams 0xa6 from muteRingerModeStreams
08-24 15:42:57:177 STREAM_RING muting by muteRingerModeStreams
08-24 15:52:24:859 RingerZenMutedStreams 0xa2 from muteRingerModeStreams
08-24 15:52:24:859 STREAM_RING unmuting by muteRingerModeStreams
08-24 16:07:37:490 RingerZenMutedStreams 0x1a2 from muteRingerModeStreams
08-24 16:07:37:490 STREAM_DTMF muting by muteRingerModeStreams
08-24 16:07:38:227 RingerZenMutedStreams 0x1a6 from muteRingerModeStreams
08-24 16:07:38:227 STREAM_RING muting by muteRingerModeStreams


Supported System Usages:
	USAGE_CALL_ASSISTANT



Spatial audio:
mHasSpatializerEffect:false (effect present)
isSpatializerEnabled:false (routing dependent)
SpatializerHelper:
	mState:1
	mSpatLevel:0
	mCapableSpatLevel:0
	mIsHeadTrackingSupported:false
	supported head tracking modes:
	mDesiredHeadTrackingMode:HEAD_TRACKING_MODE_RELATIVE_WORLD
	mActualHeadTrackingMode:HEAD_TRACKING_MODE_UNSUPPORTED
	headtracker available:false
	supports binaural:false / transaural:false
	mSpatOutput:0
Events log: spatial audio
08-19 19:50:05:935 init effectExpected=false
08-19 19:50:05:935 init(): setting state to STATE_NOT_SUPPORTED due to effect not expected
08-19 19:50:05:935 setFeatureEnabled(false) was featureEnabled:false

AudioSystemAdapter:
 last cache clear time: 08-24 18:37:31:530
 mDevicesForAttrCache:
	AudioAttributes: usage=USAGE_ASSISTANCE_SONIFICATION content=CONTENT_TYPE_UNKNOWN flags=0x800 tags= bundle=null forVolume: true stream: STREAM_SYSTEM(1)
		AudioDeviceAttributes: role:output type:speaker addr: name: profiles:[] descriptors:[]
	AudioAttributes: usage=USAGE_UNKNOWN content=CONTENT_TYPE_UNKNOWN flags=0x801 tags= bundle=null forVolume: true stream: STREAM_SYSTEM(1)
		AudioDeviceAttributes: role:output type:speaker addr: name: profiles:[] descriptors:[]
	AudioAttributes: usage=USAGE_ASSISTANCE_ACCESSIBILITY content=CONTENT_TYPE_UNKNOWN flags=0x800 tags= bundle=null forVolume: true stream: STREAM_ACCESSIBILITY(10)
		AudioDeviceAttributes: role:output type:speaker addr: name: profiles:[] descriptors:[]
	AudioAttributes: usage=USAGE_NOTIFICATION_RINGTONE content=CONTENT_TYPE_UNKNOWN flags=0x800 tags= bundle=null forVolume: true stream: STREAM_RING(2)
		AudioDeviceAttributes: role:output type:speaker addr: name: profiles:[] descriptors:[]
	AudioAttributes: usage=USAGE_ALARM content=CONTENT_TYPE_UNKNOWN flags=0x800 tags= bundle=null forVolume: true stream: STREAM_ALARM(4)
		AudioDeviceAttributes: role:output type:speaker addr: name: profiles:[] descriptors:[]
	AudioAttributes: usage=USAGE_ASSISTANT content=CONTENT_TYPE_SPEECH flags=0x800 tags= bundle=null forVolume: true stream: STREAM_ASSISTANT(11)
		AudioDeviceAttributes: role:output type:speaker addr: name: profiles:[] descriptors:[]
	AudioAttributes: usage=USAGE_NOTIFICATION content=CONTENT_TYPE_UNKNOWN flags=0x800 tags= bundle=null forVolume: true stream: STREAM_NOTIFICATION(5)
		AudioDeviceAttributes: role:output type:speaker addr: name: profiles:[] descriptors:[]
	AudioAttributes: usage=USAGE_VOICE_COMMUNICATION content=CONTENT_TYPE_UNKNOWN flags=0x800 tags= bundle=null forVolume: true stream: STREAM_VOICE_CALL(0)
		AudioDeviceAttributes: role:output type:earpiece addr: name: profiles:[] descriptors:[]
	AudioAttributes: usage=USAGE_VOICE_COMMUNICATION_SIGNALLING content=CONTENT_TYPE_UNKNOWN flags=0x800 tags= bundle=null forVolume: true stream: STREAM_DTMF(8)
		AudioDeviceAttributes: role:output type:speaker addr: name: profiles:[] descriptors:[]
	AudioAttributes: usage=USAGE_MEDIA content=CONTENT_TYPE_UNKNOWN flags=0x800 tags= bundle=null forVolume: true stream: STREAM_MUSIC(3)
		AudioDeviceAttributes: role:output type:speaker addr: name: profiles:[] descriptors:[]
	AudioAttributes: usage=USAGE_MEDIA content=CONTENT_TYPE_UNKNOWN flags=0x800 tags= bundle=null forVolume: false stream: STREAM_MUSIC(3)
		AudioDeviceAttributes: role:output type:speaker addr: name: profiles:[] descriptors:[]
	AudioAttributes: usage=USAGE_UNKNOWN content=CONTENT_TYPE_UNKNOWN flags=0x804 tags= bundle=null forVolume: true stream: STREAM_VOICE_CALL(0)
		AudioDeviceAttributes: role:output type:earpiece addr: name: profiles:[] descriptors:[]
	AudioAttributes: usage=USAGE_UNKNOWN content=CONTENT_TYPE_UNKNOWN flags=0x808 tags= bundle=null forVolume: true stream: STREAM_MUSIC(3)
		AudioDeviceAttributes: role:output type:speaker addr: name: profiles:[] descriptors:[]
Bluetooth Status
  enabled: true
  state: ON
  address: 5C:33:7B:CB:BF:C5
  name: Pixel 7a
  time since enabled: 04:14:42.503

Enable log:
  08-19 19:50:07.701  Enabled  due to SYSTEM_BOOT by android
  08-22 21:15:02.167 Disabled  due to APPLICATION_REQUEST by android
  08-22 21:15:04.300  Enabled  due to APPLICATION_REQUEST by com.google.android.gms
  08-22 21:15:05.036  Enabled  due to RESTARTED by android
  08-22 21:15:05.303  Enabled  due to RESTARTED by android
  08-22 21:15:08.349  Enabled  due to APPLICATION_REQUEST by android
  08-22 22:35:46.379 Disabled  due to APPLICATION_REQUEST by com.android.systemui
  08-22 22:35:48.171  Enabled  due to APPLICATION_REQUEST by com.android.systemui
  08-24 14:41:28.499 Disabled  due to APPLICATION_REQUEST by android
  08-24 14:41:31.439  Enabled  due to APPLICATION_REQUEST by com.google.android.gms
  08-24 14:41:31.653  Enabled  due to APPLICATION_REQUEST by android

Bluetooth crashed 0 times

1 BLE app registered
  com.google.android.gms

BluetoothManagerService:
  mEnable:true
  mQuietEnable:false
  mEnableExternal:true
  mQuietEnableExternal:false


AdapterProperties
  Name: Pixel 7a
  Address: 5C:33:7B:CB:BF:C5
  ScanMode: SCAN_MODE_CONNECTABLE
  ConnectionState: STATE_CONNECTED
  State: ON
  MaxConnectedAudioDevices: 5
  A2dpOffloadEnabled: true
  Discovering: false
  DiscoveryEndMs: 0
  Bonded devices:
    14:22:3B:D9:CC:19 [BR/EDR] Pixel Buds A-Series
    00:1D:A5:1D:04:5C [BR/EDR] OBDII
    A4:77:58:4F:D1:EA [BR/EDR] Soundcore Space A40
    E2:90:F0:DA:33:F9 [  LE  ] BT4.0+2.4G KB
    E2:90:F0:DA:33:FA [  LE  ] BT4.0+2.4G KB
    11:22:33:44:5A:35 [BR/EDR] UBeesize
    54:B7:E5:73:D7:F4 [ DUAL ] TAOTRONICS SoundLiberty 94
    C5:83:DB:43:6D:44 [  LE  ] BLESmart_000000D8C583DB436D44
    8C:57:9B:5F:E3:08 [BR/EDR] Audi MMI 4209
    E4:58:BC:42:C8:A6 [ DUAL ] Bose QC Headphones
    6C:1D:EB:D7:BE:04 [ DUAL ] Audi_MMI_8481
    74:D7:CA:92:AF:12 [BR/EDR] TOYOTA 4Runner
    41:42:FF:22:FB:77 [BR/EDR] S8
    B8:27:EB:43:8D:51 [ DUAL ] larkbridge-v2
    74:0A:42:11:30:27 => C9:0F:4D:56:58:7D [  LE  ] Charge 6

  Scan Mode Changes:
    08-24 14:41:33.131 (uid/pid=1002/26503) SCAN_MODE_CONNECTABLE
    08-24 14:44:30.481 (uid/pid=1000/0) SCAN_MODE_CONNECTABLE_DISCOVERABLE
    08-24 14:44:58.667 (uid/pid=1000/0) SCAN_MODE_CONNECTABLE
    08-24 15:03:18.428 (uid/pid=1000/0) SCAN_MODE_CONNECTABLE_DISCOVERABLE
    08-24 15:03:20.385 (uid/pid=1000/0) SCAN_MODE_CONNECTABLE
    08-24 18:08:28.600 (uid/pid=1000/0) SCAN_MODE_CONNECTABLE_DISCOVERABLE
    08-24 18:08:31.571 (uid/pid=1000/0) SCAN_MODE_CONNECTABLE
    08-24 18:08:33.337 (uid/pid=1000/0) SCAN_MODE_CONNECTABLE_DISCOVERABLE
    08-24 18:08:35.978 (uid/pid=1000/0) SCAN_MODE_CONNECTABLE
sSnoopLogSettingAtEnable = EMPTY
sDefaultSnoopLogSettingAtEnable = null

Enabled Profile Services:
  A2dpService
  AvrcpTargetService
  BatteryService
  CsipSetCoordinatorService
  HapClientService
  HeadsetService
  HearingAidService
  HidDeviceService
  HidHostService
  GattService
  LeAudioService
  TbsService
  BluetoothMapService
  McpService
  BluetoothOppService
  PanService
  BluetoothPbapService
  SapService
  VolumeControlService

AdapterState:
 total records=4
 rec[0]: time=08-24 14:41:32.684 processed=OffState org=OffState dest=TurningBleOnState what=3(0x3) BLE_TURN_ON
 rec[1]: time=08-24 14:41:32.833 processed=TurningBleOnState org=TurningBleOnState dest=BleOnState what=7(0x7) BLE_STARTED
 rec[2]: time=08-24 14:41:32.837 processed=BleOnState org=BleOnState dest=TurningOnState what=1(0x1) USER_TURN_ON
 rec[3]: time=08-24 14:41:33.891 processed=TurningOnState org=TurningOnState dest=OnState what=5(0x5) BREDR_STARTED
curState=OnState

SilenceDeviceManager:
  Address            | Is silenced?
  XX:XX:XX:XX:8D:51  | false

BluetoothDatabase:
  Metadata Changes:
    08-24 15:47:51.704 (uid/pid=1002/26503) XX:XX:XX:XX:6C:24 Metadata created
    08-24 15:47:58.833 (uid/pid=1002/26503) XX:XX:XX:XX:6C:24 Metadata deleted
    08-24 15:56:55.170 (uid/pid=1002/26503) XX:XX:XX:XX:6C:24 Metadata created
    08-24 15:56:56.311 (uid/pid=1002/26503) XX:XX:XX:XX:6C:24 HEADSET connection policy changed: -1 -> 100
    08-24 18:08:22.417 (uid/pid=10166/0) XX:XX:XX:XX:73:DE setCustomMeta key=10
    08-24 18:08:22.419 (uid/pid=10166/0) XX:XX:XX:XX:73:DE setCustomMeta key=13
    08-24 18:08:22.420 (uid/pid=10166/0) XX:XX:XX:XX:73:DE setCustomMeta key=11
    08-24 18:08:22.422 (uid/pid=10166/0) XX:XX:XX:XX:73:DE setCustomMeta key=14
    08-24 18:08:22.424 (uid/pid=10166/0) XX:XX:XX:XX:73:DE setCustomMeta key=12
    08-24 18:08:33.255 (uid/pid=1002/26503) XX:XX:XX:XX:73:DE A2DP connection policy changed: 100 -> -1
    08-24 18:08:33.259 (uid/pid=1002/26503) XX:XX:XX:XX:73:DE HEADSET connection policy changed: 100 -> -1
    08-24 18:08:33.272 (uid/pid=1002/26503) XX:XX:XX:XX:73:DE Metadata deleted
    08-24 18:08:43.322 (uid/pid=10166/0) XX:XX:XX:XX:73:DE Metadata created
    08-24 18:08:43.323 (uid/pid=10166/0) XX:XX:XX:XX:73:DE setCustomMeta key=25
    08-24 18:08:43.327 (uid/pid=10166/0) XX:XX:XX:XX:73:DE setCustomMeta key=10
    08-24 18:08:43.331 (uid/pid=10166/0) XX:XX:XX:XX:73:DE setCustomMeta key=13
    08-24 18:08:43.333 (uid/pid=10166/0) XX:XX:XX:XX:73:DE setCustomMeta key=11
    08-24 18:08:43.336 (uid/pid=10166/0) XX:XX:XX:XX:73:DE setCustomMeta key=14
    08-24 18:08:43.337 (uid/pid=10166/0) XX:XX:XX:XX:73:DE setCustomMeta key=12
    08-24 18:08:43.339 (uid/pid=10166/0) XX:XX:XX:XX:73:DE setCustomMeta key=15

Metadata:
    XX:XX:XX:XX:8D:51 last_active_time=241 {profile connection policy(A2DP=-1|A2DP_SINK=-1|CSIP_SET_COORDINATOR=-1|HEADSET=100|HEADSET_CLIENT=-1|HID_HOST=-1|PAN=-1|PBAP=-1|PBAP_CLIENT=-1|MAP=-1|MAP_CLIENT=-1|SAP=-1|HAP=-1|HEARING_AID=-1|LE_AUDIO=-1|VOLUME_CONTROL=-1|LE_CALL_CONTROL=-1|LE_BROADCAST_ASSISTANT=-1|BATTERY=-1), optional codec(support=-1|enabled=-1), custom metadata(manufacturer_name=null|model_name=null|software_version=null|hardware_version=null|companion_app=null|main_icon=null|is_untethered_headset=null|untethered_left_icon=null|untethered_right_icon=null|untethered_case_icon=null|untethered_left_battery=null|untethered_right_battery=null|untethered_case_battery=null|untethered_left_charging=null|untethered_right_charging=null|untethered_case_charging=null|enhanced_settings_ui_uri=null|device_type=null|main_battery=null|main_charging=null|main_low_battery_threshold=null|untethered_left_low_battery_threshold=null|untethered_right_low_battery_threshold=null|untethered_case_low_battery_threshold=null|spatial_audio=null|fastpair_customized=null|le_audio=null|gmcs_cccd=null|gtbs_cccd=null), hfp client audio policy(callEstablishAudioPolicy=0|connectingTimeAudioPolicy=0|inBandRingtoneAudioPolicy=0)}
    XX:XX:XX:XX:33:F9 last_active_time=0 {profile connection policy(A2DP=-1|A2DP_SINK=-1|CSIP_SET_COORDINATOR=-1|HEADSET=-1|HEADSET_CLIENT=-1|HID_HOST=100|PAN=-1|PBAP=-1|PBAP_CLIENT=-1|MAP=-1|MAP_CLIENT=-1|SAP=-1|HAP=-1|HEARING_AID=-1|LE_AUDIO=-1|VOLUME_CONTROL=-1|LE_CALL_CONTROL=-1|LE_BROADCAST_ASSISTANT=-1|BATTERY=100), optional codec(support=-1|enabled=-1), custom metadata(manufacturer_name=null|model_name=null|software_version=null|hardware_version=null|companion_app=null|main_icon=null|is_untethered_headset=null|untethered_left_icon=null|untethered_right_icon=null|untethered_case_icon=null|untethered_left_battery=null|untethered_right_battery=null|untethered_case_battery=null|untethered_left_charging=null|untethered_right_charging=null|untethered_case_charging=null|enhanced_settings_ui_uri=null|device_type=null|main_battery=null|main_charging=null|main_low_battery_threshold=null|untethered_left_low_battery_threshold=null|untethered_right_low_battery_threshold=null|untethered_case_low_battery_threshold=null|spatial_audio=null|fastpair_customized=null|le_audio=null|gmcs_cccd=null|gtbs_cccd=null), hfp client audio policy(callEstablishAudioPolicy=0|connectingTimeAudioPolicy=0|inBandRingtoneAudioPolicy=0)}
    XX:XX:XX:XX:AF:12 last_active_time=0 {profile connection policy(A2DP=100|A2DP_SINK=-1|CSIP_SET_COORDINATOR=-1|HEADSET=100|HEADSET_CLIENT=-1|HID_HOST=-1|PAN=-1|PBAP=100|PBAP_CLIENT=-1|MAP=0|MAP_CLIENT=-1|SAP=-1|HAP=-1|HEARING_AID=-1|LE_AUDIO=-1|VOLUME_CONTROL=-1|LE_CALL_CONTROL=-1|LE_BROADCAST_ASSISTANT=-1|BATTERY=-1), optional codec(support=1|enabled=1), custom metadata(manufacturer_name=null|model_name=null|software_version=null|hardware_version=null|companion_app=null|main_icon=null|is_untethered_headset=null|untethered_left_icon=null|untethered_right_icon=null|untethered_case_icon=null|untethered_left_battery=null|untethered_right_battery=null|untethered_case_battery=null|untethered_left_charging=null|untethered_right_charging=null|untethered_case_charging=null|enhanced_settings_ui_uri=null|device_type=null|main_battery=null|main_charging=null|main_low_battery_threshold=null|untethered_left_low_battery_threshold=null|untethered_right_low_battery_threshold=null|untethered_case_low_battery_threshold=null|spatial_audio=null|fastpair_customized=null|le_audio=null|gmcs_cccd=null|gtbs_cccd=null), hfp client audio policy(callEstablishAudioPolicy=0|connectingTimeAudioPolicy=0|inBandRingtoneAudioPolicy=0)}
    XX:XX:XX:XX:D7:F4 last_active_time=0 {profile connection policy(A2DP=100|A2DP_SINK=-1|CSIP_SET_COORDINATOR=-1|HEADSET=0|HEADSET_CLIENT=-1|HID_HOST=-1|PAN=-1|PBAP=-1|PBAP_CLIENT=-1|MAP=-1|MAP_CLIENT=-1|SAP=-1|HAP=-1|HEARING_AID=-1|LE_AUDIO=-1|VOLUME_CONTROL=-1|LE_CALL_CONTROL=-1|LE_BROADCAST_ASSISTANT=-1|BATTERY=-1), optional codec(support=1|enabled=1), custom metadata(manufacturer_name=null|model_name=null|software_version=null|hardware_version=null|companion_app=null|main_icon=null|is_untethered_headset=null|untethered_left_icon=null|untethered_right_icon=null|untethered_case_icon=null|untethered_left_battery=null|untethered_right_battery=null|untethered_case_battery=null|untethered_left_charging=null|untethered_right_charging=null|untethered_case_charging=null|enhanced_settings_ui_uri=null|device_type=null|main_battery=null|main_charging=null|main_low_battery_threshold=null|untethered_left_low_battery_threshold=null|untethered_right_low_battery_threshold=null|untethered_case_low_battery_threshold=null|spatial_audio=null|fastpair_customized=null|le_audio=null|gmcs_cccd=null|gtbs_cccd=null), hfp client audio policy(callEstablishAudioPolicy=0|connectingTimeAudioPolicy=0|inBandRingtoneAudioPolicy=0)}
    XX:XX:XX:XX:D1:EA last_active_time=0 {profile connection policy(A2DP=100|A2DP_SINK=-1|CSIP_SET_COORDINATOR=-1|HEADSET=0|HEADSET_CLIENT=-1|HID_HOST=-1|PAN=-1|PBAP=-1|PBAP_CLIENT=-1|MAP=-1|MAP_CLIENT=-1|SAP=-1|HAP=-1|HEARING_AID=-1|LE_AUDIO=-1|VOLUME_CONTROL=-1|LE_CALL_CONTROL=-1|LE_BROADCAST_ASSISTANT=-1|BATTERY=-1), optional codec(support=1|enabled=1), custom metadata(manufacturer_name=null|model_name=null|software_version=null|hardware_version=null|companion_app=null|main_icon=null|is_untethered_headset=null|untethered_left_icon=null|untethered_right_icon=null|untethered_case_icon=null|untethered_left_battery=null|untethered_right_battery=null|untethered_case_battery=null|untethered_left_charging=null|untethered_right_charging=null|untethered_case_charging=null|enhanced_settings_ui_uri=null|device_type=null|main_battery=null|main_charging=null|main_low_battery_threshold=null|untethered_left_low_battery_threshold=null|untethered_right_low_battery_threshold=null|untethered_case_low_battery_threshold=null|spatial_audio=null|fastpair_customized=null|le_audio=null|gmcs_cccd=null|gtbs_cccd=null), hfp client audio policy(callEstablishAudioPolicy=0|connectingTimeAudioPolicy=0|inBandRingtoneAudioPolicy=0)}
    XX:XX:XX:XX:6D:44 last_active_time=0 {profile connection policy(A2DP=-1|A2DP_SINK=-1|CSIP_SET_COORDINATOR=-1|HEADSET=-1|HEADSET_CLIENT=-1|HID_HOST=-1|PAN=-1|PBAP=-1|PBAP_CLIENT=-1|MAP=-1|MAP_CLIENT=-1|SAP=-1|HAP=-1|HEARING_AID=-1|LE_AUDIO=-1|VOLUME_CONTROL=-1|LE_CALL_CONTROL=-1|LE_BROADCAST_ASSISTANT=-1|BATTERY=-1), optional codec(support=-1|enabled=-1), custom metadata(manufacturer_name=null|model_name=null|software_version=null|hardware_version=null|companion_app=null|main_icon=null|is_untethered_headset=null|untethered_left_icon=null|untethered_right_icon=null|untethered_case_icon=null|untethered_left_battery=null|untethered_right_battery=null|untethered_case_battery=null|untethered_left_charging=null|untethered_right_charging=null|untethered_case_charging=null|enhanced_settings_ui_uri=null|device_type=null|main_battery=null|main_charging=null|main_low_battery_threshold=null|untethered_left_low_battery_threshold=null|untethered_right_low_battery_threshold=null|untethered_case_low_battery_threshold=null|spatial_audio=null|fastpair_customized=null|le_audio=null|gmcs_cccd=null|gtbs_cccd=null), hfp client audio policy(callEstablishAudioPolicy=0|connectingTimeAudioPolicy=0|inBandRingtoneAudioPolicy=0)}
    XX:XX:XX:XX:33:FA last_active_time=0 {profile connection policy(A2DP=-1|A2DP_SINK=-1|CSIP_SET_COORDINATOR=-1|HEADSET=-1|HEADSET_CLIENT=-1|HID_HOST=100|PAN=-1|PBAP=-1|PBAP_CLIENT=-1|MAP=-1|MAP_CLIENT=-1|SAP=-1|HAP=-1|HEARING_AID=-1|LE_AUDIO=-1|VOLUME_CONTROL=-1|LE_CALL_CONTROL=-1|LE_BROADCAST_ASSISTANT=-1|BATTERY=100), optional codec(support=-1|enabled=-1), custom metadata(manufacturer_name=null|model_name=null|software_version=null|hardware_version=null|companion_app=null|main_icon=null|is_untethered_headset=null|untethered_left_icon=null|untethered_right_icon=null|untethered_case_icon=null|untethered_left_battery=null|untethered_right_battery=null|untethered_case_battery=null|untethered_left_charging=null|untethered_right_charging=null|untethered_case_charging=null|enhanced_settings_ui_uri=null|device_type=null|main_battery=null|main_charging=null|main_low_battery_threshold=null|untethered_left_low_battery_threshold=null|untethered_right_low_battery_threshold=null|untethered_case_low_battery_threshold=null|spatial_audio=null|fastpair_customized=null|le_audio=null|gmcs_cccd=null|gtbs_cccd=null), hfp client audio policy(callEstablishAudioPolicy=0|connectingTimeAudioPolicy=0|inBandRingtoneAudioPolicy=0)}
    XX:XX:XX:XX:C8:A6 last_active_time=0 {profile connection policy(A2DP=100|A2DP_SINK=-1|CSIP_SET_COORDINATOR=-1|HEADSET=0|HEADSET_CLIENT=-1|HID_HOST=-1|PAN=-1|PBAP=-1|PBAP_CLIENT=-1|MAP=-1|MAP_CLIENT=-1|SAP=-1|HAP=-1|HEARING_AID=-1|LE_AUDIO=-1|VOLUME_CONTROL=-1|LE_CALL_CONTROL=-1|LE_BROADCAST_ASSISTANT=-1|BATTERY=-1), optional codec(support=1|enabled=1), custom metadata(manufacturer_name=null|model_name=null|software_version=null|hardware_version=null|companion_app=null|main_icon=null|is_untethered_headset=null|untethered_left_icon=null|untethered_right_icon=null|untethered_case_icon=null|untethered_left_battery=null|untethered_right_battery=null|untethered_case_battery=null|untethered_left_charging=null|untethered_right_charging=null|untethered_case_charging=null|enhanced_settings_ui_uri=null|device_type=null|main_battery=null|main_charging=null|main_low_battery_threshold=null|untethered_left_low_battery_threshold=null|untethered_right_low_battery_threshold=null|untethered_case_low_battery_threshold=null|spatial_audio=null|fastpair_customized=null|le_audio=null|gmcs_cccd=null|gtbs_cccd=null), hfp client audio policy(callEstablishAudioPolicy=0|connectingTimeAudioPolicy=0|inBandRingtoneAudioPolicy=0)}
    XX:XX:XX:XX:5A:35 last_active_time=0 {profile connection policy(A2DP=-1|A2DP_SINK=-1|CSIP_SET_COORDINATOR=-1|HEADSET=-1|HEADSET_CLIENT=-1|HID_HOST=100|PAN=-1|PBAP=-1|PBAP_CLIENT=-1|MAP=-1|MAP_CLIENT=-1|SAP=-1|HAP=-1|HEARING_AID=-1|LE_AUDIO=-1|VOLUME_CONTROL=-1|LE_CALL_CONTROL=-1|LE_BROADCAST_ASSISTANT=-1|BATTERY=-1), optional codec(support=-1|enabled=-1), custom metadata(manufacturer_name=null|model_name=null|software_version=null|hardware_version=null|companion_app=null|main_icon=null|is_untethered_headset=null|untethered_left_icon=null|untethered_right_icon=null|untethered_case_icon=null|untethered_left_battery=null|untethered_right_battery=null|untethered_case_battery=null|untethered_left_charging=null|untethered_right_charging=null|untethered_case_charging=null|enhanced_settings_ui_uri=null|device_type=null|main_battery=null|main_charging=null|main_low_battery_threshold=null|untethered_left_low_battery_threshold=null|untethered_right_low_battery_threshold=null|untethered_case_low_battery_threshold=null|spatial_audio=null|fastpair_customized=null|le_audio=null|gmcs_cccd=null|gtbs_cccd=null), hfp client audio policy(callEstablishAudioPolicy=0|connectingTimeAudioPolicy=0|inBandRingtoneAudioPolicy=0)}
    XX:XX:XX:XX:6C:24 last_active_time=237 {profile connection policy(A2DP=-1|A2DP_SINK=-1|CSIP_SET_COORDINATOR=-1|HEADSET=100|HEADSET_CLIENT=-1|HID_HOST=-1|PAN=-1|PBAP=-1|PBAP_CLIENT=-1|MAP=-1|MAP_CLIENT=-1|SAP=-1|HAP=-1|HEARING_AID=-1|LE_AUDIO=-1|VOLUME_CONTROL=-1|LE_CALL_CONTROL=-1|LE_BROADCAST_ASSISTANT=-1|BATTERY=-1), optional codec(support=-1|enabled=-1), custom metadata(manufacturer_name=null|model_name=null|software_version=null|hardware_version=null|companion_app=null|main_icon=null|is_untethered_headset=null|untethered_left_icon=null|untethered_right_icon=null|untethered_case_icon=null|untethered_left_battery=null|untethered_right_battery=null|untethered_case_battery=null|untethered_left_charging=null|untethered_right_charging=null|untethered_case_charging=null|enhanced_settings_ui_uri=null|device_type=null|main_battery=null|main_charging=null|main_low_battery_threshold=null|untethered_left_low_battery_threshold=null|untethered_right_low_battery_threshold=null|untethered_case_low_battery_threshold=null|spatial_audio=null|fastpair_customized=null|le_audio=null|gmcs_cccd=null|gtbs_cccd=null), hfp client audio policy(callEstablishAudioPolicy=0|connectingTimeAudioPolicy=0|inBandRingtoneAudioPolicy=0)}
    XX:XX:XX:XX:FB:77 last_active_time=0 {profile connection policy(A2DP=100|A2DP_SINK=-1|CSIP_SET_COORDINATOR=-1|HEADSET=0|HEADSET_CLIENT=-1|HID_HOST=0|PAN=-1|PBAP=-1|PBAP_CLIENT=-1|MAP=-1|MAP_CLIENT=-1|SAP=-1|HAP=-1|HEARING_AID=-1|LE_AUDIO=-1|VOLUME_CONTROL=-1|LE_CALL_CONTROL=-1|LE_BROADCAST_ASSISTANT=-1|BATTERY=-1), optional codec(support=1|enabled=1), custom metadata(manufacturer_name=null|model_name=null|software_version=null|hardware_version=null|companion_app=null|main_icon=null|is_untethered_headset=null|untethered_left_icon=null|untethered_right_icon=null|untethered_case_icon=null|untethered_left_battery=null|untethered_right_battery=null|untethered_case_battery=null|untethered_left_charging=null|untethered_right_charging=null|untethered_case_charging=null|enhanced_settings_ui_uri=null|device_type=null|main_battery=null|main_charging=null|main_low_battery_threshold=null|untethered_left_low_battery_threshold=null|untethered_right_low_battery_threshold=null|untethered_case_low_battery_threshold=null|spatial_audio=null|fastpair_customized=null|le_audio=null|gmcs_cccd=null|gtbs_cccd=null), hfp client audio policy(callEstablishAudioPolicy=0|connectingTimeAudioPolicy=0|inBandRingtoneAudioPolicy=0)}
    XX:XX:XX:XX:73:DE last_active_time=243 {profile connection policy(A2DP=-1|A2DP_SINK=-1|CSIP_SET_COORDINATOR=-1|HEADSET=-1|HEADSET_CLIENT=-1|HID_HOST=-1|PAN=-1|PBAP=-1|PBAP_CLIENT=-1|MAP=-1|MAP_CLIENT=-1|SAP=-1|HAP=-1|HEARING_AID=-1|LE_AUDIO=-1|VOLUME_CONTROL=-1|LE_CALL_CONTROL=-1|LE_BROADCAST_ASSISTANT=-1|BATTERY=-1), optional codec(support=-1|enabled=-1), custom metadata(manufacturer_name=null|model_name=null|software_version=null|hardware_version=null|companion_app=null|main_icon=null|is_untethered_headset=null|untethered_left_icon=null|untethered_right_icon=null|untethered_case_icon=null|untethered_left_battery=-1|untethered_right_battery=-1|untethered_case_battery=-1|untethered_left_charging=false|untethered_right_charging=false|untethered_case_charging=false|enhanced_settings_ui_uri=null|device_type=null|main_battery=null|main_charging=null|main_low_battery_threshold=null|untethered_left_low_battery_threshold=null|untethered_right_low_battery_threshold=null|untethered_case_low_battery_threshold=null|spatial_audio=null|fastpair_customized=<BATT>false</BATT>|le_audio=null|gmcs_cccd=null|gtbs_cccd=null), hfp client audio policy(callEstablishAudioPolicy=0|connectingTimeAudioPolicy=0|inBandRingtoneAudioPolicy=0)}
    XX:XX:XX:XX:BE:04 last_active_time=0 {profile connection policy(A2DP=100|A2DP_SINK=-1|CSIP_SET_COORDINATOR=-1|HEADSET=100|HEADSET_CLIENT=-1|HID_HOST=-1|PAN=-1|PBAP=100|PBAP_CLIENT=-1|MAP=0|MAP_CLIENT=-1|SAP=-1|HAP=-1|HEARING_AID=-1|LE_AUDIO=-1|VOLUME_CONTROL=-1|LE_CALL_CONTROL=-1|LE_BROADCAST_ASSISTANT=-1|BATTERY=-1), optional codec(support=1|enabled=1), custom metadata(manufacturer_name=null|model_name=null|software_version=null|hardware_version=null|companion_app=null|main_icon=null|is_untethered_headset=null|untethered_left_icon=null|untethered_right_icon=null|untethered_case_icon=null|untethered_left_battery=null|untethered_right_battery=null|untethered_case_battery=null|untethered_left_charging=null|untethered_right_charging=null|untethered_case_charging=null|enhanced_settings_ui_uri=null|device_type=Carkit|main_battery=null|main_charging=null|main_low_battery_threshold=null|untethered_left_low_battery_threshold=null|untethered_right_low_battery_threshold=null|untethered_case_low_battery_threshold=null|spatial_audio=null|fastpair_customized=null|le_audio=null|gmcs_cccd=null|gtbs_cccd=null), hfp client audio policy(callEstablishAudioPolicy=0|connectingTimeAudioPolicy=0|inBandRingtoneAudioPolicy=0)}
    XX:XX:XX:XX:CC:19 last_active_time=1 {profile connection policy(A2DP=100|A2DP_SINK=-1|CSIP_SET_COORDINATOR=-1|HEADSET=100|HEADSET_CLIENT=-1|HID_HOST=-1|PAN=-1|PBAP=-1|PBAP_CLIENT=-1|MAP=-1|MAP_CLIENT=-1|SAP=-1|HAP=-1|HEARING_AID=-1|LE_AUDIO=-1|VOLUME_CONTROL=-1|LE_CALL_CONTROL=-1|LE_BROADCAST_ASSISTANT=-1|BATTERY=-1), optional codec(support=1|enabled=1), custom metadata(manufacturer_name=Google|model_name=Pixel Buds A-Series|software_version=null|hardware_version=FAST_PAIR_8b66ab|companion_app=com.google.android.apps.wearables.maestro.companion|main_icon=content://com.google.android.gms.fileprovider/nearby_bluetooth_metadata/8b66abmain.png|is_untethered_headset=true|untethered_left_icon=content://com.google.android.gms.fileprovider/nearby_bluetooth_metadata/8b66ableft.png|untethered_right_icon=content://com.google.android.gms.fileprovider/nearby_bluetooth_metadata/8b66abright.png|untethered_case_icon=content://com.google.android.gms.fileprovider/nearby_bluetooth_metadata/8b66abcase.png|untethered_left_battery=-1|untethered_right_battery=-1|untethered_case_battery=-1|untethered_left_charging=false|untethered_right_charging=false|untethered_case_charging=false|enhanced_settings_ui_uri=content://com.google.android.gms.nearby.fastpair/links?address=14%3A22%3A3B%3AD9%3ACC%3A19|device_type=Untethered Headset|main_battery=null|main_charging=null|main_low_battery_threshold=null|untethered_left_low_battery_threshold=15|untethered_right_low_battery_threshold=15|untethered_case_low_battery_threshold=19|spatial_audio=null|fastpair_customized=<BATT>false</BATT>|le_audio=null|gmcs_cccd=null|gtbs_cccd=null), hfp client audio policy(callEstablishAudioPolicy=0|connectingTimeAudioPolicy=0|inBandRingtoneAudioPolicy=0)}
    XX:XX:XX:XX:E3:08 last_active_time=0 {profile connection policy(A2DP=-1|A2DP_SINK=-1|CSIP_SET_COORDINATOR=-1|HEADSET=100|HEADSET_CLIENT=-1|HID_HOST=-1|PAN=-1|PBAP=100|PBAP_CLIENT=-1|MAP=-1|MAP_CLIENT=-1|SAP=-1|HAP=-1|HEARING_AID=-1|LE_AUDIO=-1|VOLUME_CONTROL=-1|LE_CALL_CONTROL=-1|LE_BROADCAST_ASSISTANT=-1|BATTERY=-1), optional codec(support=-1|enabled=-1), custom metadata(manufacturer_name=null|model_name=null|software_version=null|hardware_version=null|companion_app=null|main_icon=null|is_untethered_headset=null|untethered_left_icon=null|untethered_right_icon=null|untethered_case_icon=null|untethered_left_battery=null|untethered_right_battery=null|untethered_case_battery=null|untethered_left_charging=null|untethered_right_charging=null|untethered_case_charging=null|enhanced_settings_ui_uri=null|device_type=Carkit|main_battery=null|main_charging=null|main_low_battery_threshold=null|untethered_left_low_battery_threshold=null|untethered_right_low_battery_threshold=null|untethered_case_low_battery_threshold=null|spatial_audio=null|fastpair_customized=null|le_audio=null|gmcs_cccd=null|gtbs_cccd=null), hfp client audio policy(callEstablishAudioPolicy=0|connectingTimeAudioPolicy=0|inBandRingtoneAudioPolicy=0)}
    XX:XX:XX:XX:30:27 last_active_time=149 {profile connection policy(A2DP=-1|A2DP_SINK=-1|CSIP_SET_COORDINATOR=-1|HEADSET=-1|HEADSET_CLIENT=-1|HID_HOST=-1|PAN=-1|PBAP=0|PBAP_CLIENT=-1|MAP=-1|MAP_CLIENT=-1|SAP=-1|HAP=-1|HEARING_AID=-1|LE_AUDIO=-1|VOLUME_CONTROL=-1|LE_CALL_CONTROL=-1|LE_BROADCAST_ASSISTANT=-1|BATTERY=-1), optional codec(support=-1|enabled=-1), custom metadata(manufacturer_name=null|model_name=null|software_version=null|hardware_version=null|companion_app=null|main_icon=null|is_untethered_headset=null|untethered_left_icon=null|untethered_right_icon=null|untethered_case_icon=null|untethered_left_battery=null|untethered_right_battery=null|untethered_case_battery=null|untethered_left_charging=null|untethered_right_charging=null|untethered_case_charging=null|enhanced_settings_ui_uri=null|device_type=null|main_battery=null|main_charging=null|main_low_battery_threshold=null|untethered_left_low_battery_threshold=null|untethered_right_low_battery_threshold=null|untethered_case_low_battery_threshold=null|spatial_audio=null|fastpair_customized=null|le_audio=null|gmcs_cccd=null|gtbs_cccd=null), hfp client audio policy(callEstablishAudioPolicy=0|connectingTimeAudioPolicy=0|inBandRingtoneAudioPolicy=0)}
    XX:XX:XX:XX:04:5C last_active_time=0 {profile connection policy(A2DP=-1|A2DP_SINK=-1|CSIP_SET_COORDINATOR=-1|HEADSET=-1|HEADSET_CLIENT=-1|HID_HOST=-1|PAN=-1|PBAP=-1|PBAP_CLIENT=-1|MAP=-1|MAP_CLIENT=-1|SAP=-1|HAP=-1|HEARING_AID=-1|LE_AUDIO=-1|VOLUME_CONTROL=-1|LE_CALL_CONTROL=-1|LE_BROADCAST_ASSISTANT=-1|BATTERY=-1), optional codec(support=-1|enabled=-1), custom metadata(manufacturer_name=null|model_name=null|software_version=null|hardware_version=null|companion_app=null|main_icon=null|is_untethered_headset=null|untethered_left_icon=null|untethered_right_icon=null|untethered_case_icon=null|untethered_left_battery=null|untethered_right_battery=null|untethered_case_battery=null|untethered_left_charging=null|untethered_right_charging=null|untethered_case_charging=null|enhanced_settings_ui_uri=null|device_type=null|main_battery=null|main_charging=null|main_low_battery_threshold=null|untethered_left_low_battery_threshold=null|untethered_right_low_battery_threshold=null|untethered_case_low_battery_threshold=null|spatial_audio=null|fastpair_customized=null|le_audio=null|gmcs_cccd=null|gtbs_cccd=null), hfp client audio policy(callEstablishAudioPolicy=0|connectingTimeAudioPolicy=0|inBandRingtoneAudioPolicy=0)}

Profile: GattService
  mAdvertisingServiceUuids:
  mMaxScanFilters: 0

Registered App
  Scanner:
      app_if: 2, appName: com.fitbit.FitbitMobile
      app_if: 1, appName: com.google.uid.shared:10166
      app_if: 4, appName: com.google.uid.shared:10166
      app_if: 3, appName: com.google.uid.shared:10166
  Client:
      app_if: 16, appName: net.dinglisch.android.taskerm
      app_if: 17, appName: net.dinglisch.android.taskerm
      app_if: 18, appName: net.dinglisch.android.taskerm
      app_if: 19, appName: net.dinglisch.android.taskerm
      app_if: 20, appName: net.dinglisch.android.taskerm
      app_if: 21, appName: net.dinglisch.android.taskerm
      app_if: 22, appName: net.dinglisch.android.taskerm
      app_if: 23, appName: net.dinglisch.android.taskerm
      app_if: 24, appName: net.dinglisch.android.taskerm
      app_if: 25, appName: net.dinglisch.android.taskerm
      app_if: 26, appName: net.dinglisch.android.taskerm
      app_if: 27, appName: net.dinglisch.android.taskerm
      app_if: 28, appName: net.dinglisch.android.taskerm
      app_if: 29, appName: net.dinglisch.android.taskerm
      app_if: 30, appName: net.dinglisch.android.taskerm
      app_if: 31, appName: net.dinglisch.android.taskerm
      app_if: 32, appName: net.dinglisch.android.taskerm
      app_if: 15, appName: net.dinglisch.android.taskerm
  Server:
      app_if: 8, appName: android.uid.bluetooth:1002
      app_if: 9, appName: android.uid.bluetooth:1002
      app_if: 12, appName: android.uid.bluetooth:1002
      app_if: 13, appName: com.fitbit.FitbitMobile
      app_if: 14, appName: com.google.uid.shared:10166


GATT Scanner Map
  Entries: 2

  com.fitbit.FitbitMobile (Registered)
  LE scans (started/stopped)                                  : 9 / 8
  Scan time in ms (active/suspend/total)                      : 7425825 / 0 / 7425825
  Scan time with mode in ms (Opp/LowPower/Balanced/LowLatency/AmbientDiscovery):0 / 7425825 / 0 / 0 / 0
  Scan mode counter (Opp/LowPower/Balanced/LowLatency/AmbientDiscovery):0 / 9 / 0 / 0 / 0
  Score                                                       : 742582
  Total number of results                                     : 595
  Last 5 scans                                                :
    08-24 15:16:31 - 9514ms Filter 1 results (2) PI Regular Scan
      └ Scan Config: [ ScanMode=LOW_POWER, callbackType=ALL_MATCHES ]
      └ BluetoothLeScanFilter [ ServiceUuid=adabfb00-6e7d-4601-bda2-bffaa68956ba ServiceUuidMask=ffff0000-ffff-ffff-ffff-ffffffffffff ]
      └ BluetoothLeScanFilter [ ServiceUuid=0000fd63-0000-1000-8000-00805f9b34fb ServiceUuidMask=ffffffff-ffff-ffff-ffff-ffffffffffff ]
      └ BluetoothLeScanFilter [ ServiceUuid=abbafb00-e56a-484c-b832-8b17cf6cbfe8 ServiceUuidMask=ffffffff-ffff-ffff-ffff-ffffffffffff ]
      └ BluetoothLeScanFilter [ ServiceUuid=abbaff00-e56a-484c-b832-8b17cf6cbfe8 ServiceUuidMask=ffffffff-ffff-ffff-ffff-ffffffffffff ]
      └ BluetoothLeScanFilter [ ServiceUuid=0000fd62-0000-1000-8000-00805f9b34fb ServiceUuidMask=ffffffff-ffff-ffff-ffff-ffffffffffff ]
      └ BluetoothLeScanFilter [ ServiceUuid=0000181d-0000-1000-8000-00805f9b34fb ServiceUuidMask=ffffffff-ffff-ffff-ffff-ffffffffffff ]
    08-24 15:46:15 - 4964ms Filter 1 results (2) PI Regular Scan
      └ Scan Config: [ ScanMode=LOW_POWER, callbackType=ALL_MATCHES ]
      └ BluetoothLeScanFilter [ ServiceUuid=adabfb00-6e7d-4601-bda2-bffaa68956ba ServiceUuidMask=ffff0000-ffff-ffff-ffff-ffffffffffff ]
      └ BluetoothLeScanFilter [ ServiceUuid=0000fd63-0000-1000-8000-00805f9b34fb ServiceUuidMask=ffffffff-ffff-ffff-ffff-ffffffffffff ]
      └ BluetoothLeScanFilter [ ServiceUuid=abbafb00-e56a-484c-b832-8b17cf6cbfe8 ServiceUuidMask=ffffffff-ffff-ffff-ffff-ffffffffffff ]
      └ BluetoothLeScanFilter [ ServiceUuid=abbaff00-e56a-484c-b832-8b17cf6cbfe8 ServiceUuidMask=ffffffff-ffff-ffff-ffff-ffffffffffff ]
      └ BluetoothLeScanFilter [ ServiceUuid=0000fd62-0000-1000-8000-00805f9b34fb ServiceUuidMask=ffffffff-ffff-ffff-ffff-ffffffffffff ]
      └ BluetoothLeScanFilter [ ServiceUuid=0000181d-0000-1000-8000-00805f9b34fb ServiceUuidMask=ffffffff-ffff-ffff-ffff-ffffffffffff ]
    08-24 16:02:17 - 4681ms Filter 3 results (2) PI Regular Scan
      └ Scan Config: [ ScanMode=LOW_POWER, callbackType=ALL_MATCHES ]
      └ BluetoothLeScanFilter [ ServiceUuid=adabfb00-6e7d-4601-bda2-bffaa68956ba ServiceUuidMask=ffff0000-ffff-ffff-ffff-ffffffffffff ]
      └ BluetoothLeScanFilter [ ServiceUuid=0000fd63-0000-1000-8000-00805f9b34fb ServiceUuidMask=ffffffff-ffff-ffff-ffff-ffffffffffff ]
      └ BluetoothLeScanFilter [ ServiceUuid=abbafb00-e56a-484c-b832-8b17cf6cbfe8 ServiceUuidMask=ffffffff-ffff-ffff-ffff-ffffffffffff ]
      └ BluetoothLeScanFilter [ ServiceUuid=abbaff00-e56a-484c-b832-8b17cf6cbfe8 ServiceUuidMask=ffffffff-ffff-ffff-ffff-ffffffffffff ]
      └ BluetoothLeScanFilter [ ServiceUuid=0000fd62-0000-1000-8000-00805f9b34fb ServiceUuidMask=ffffffff-ffff-ffff-ffff-ffffffffffff ]
      └ BluetoothLeScanFilter [ ServiceUuid=0000181d-0000-1000-8000-00805f9b34fb ServiceUuidMask=ffffffff-ffff-ffff-ffff-ffffffffffff ]
    08-24 16:17:31 - 5609ms Filter 4 results (2) PI Regular Scan
      └ Scan Config: [ ScanMode=LOW_POWER, callbackType=ALL_MATCHES ]
      └ BluetoothLeScanFilter [ ServiceUuid=adabfb00-6e7d-4601-bda2-bffaa68956ba ServiceUuidMask=ffff0000-ffff-ffff-ffff-ffffffffffff ]
      └ BluetoothLeScanFilter [ ServiceUuid=0000fd63-0000-1000-8000-00805f9b34fb ServiceUuidMask=ffffffff-ffff-ffff-ffff-ffffffffffff ]
      └ BluetoothLeScanFilter [ ServiceUuid=abbafb00-e56a-484c-b832-8b17cf6cbfe8 ServiceUuidMask=ffffffff-ffff-ffff-ffff-ffffffffffff ]
      └ BluetoothLeScanFilter [ ServiceUuid=abbaff00-e56a-484c-b832-8b17cf6cbfe8 ServiceUuidMask=ffffffff-ffff-ffff-ffff-ffffffffffff ]
      └ BluetoothLeScanFilter [ ServiceUuid=0000fd62-0000-1000-8000-00805f9b34fb ServiceUuidMask=ffffffff-ffff-ffff-ffff-ffffffffffff ]
      └ BluetoothLeScanFilter [ ServiceUuid=0000181d-0000-1000-8000-00805f9b34fb ServiceUuidMask=ffffffff-ffff-ffff-ffff-ffffffffffff ]
    08-24 16:50:43 - 5679ms Filter 5 results (2) PI Regular Scan
      └ Scan Config: [ ScanMode=LOW_POWER, callbackType=ALL_MATCHES ]
      └ BluetoothLeScanFilter [ ServiceUuid=adabfb00-6e7d-4601-bda2-bffaa68956ba ServiceUuidMask=ffff0000-ffff-ffff-ffff-ffffffffffff ]
      └ BluetoothLeScanFilter [ ServiceUuid=0000fd63-0000-1000-8000-00805f9b34fb ServiceUuidMask=ffffffff-ffff-ffff-ffff-ffffffffffff ]
      └ BluetoothLeScanFilter [ ServiceUuid=abbafb00-e56a-484c-b832-8b17cf6cbfe8 ServiceUuidMask=ffffffff-ffff-ffff-ffff-ffffffffffff ]
      └ BluetoothLeScanFilter [ ServiceUuid=abbaff00-e56a-484c-b832-8b17cf6cbfe8 ServiceUuidMask=ffffffff-ffff-ffff-ffff-ffffffffffff ]
      └ BluetoothLeScanFilter [ ServiceUuid=0000fd62-0000-1000-8000-00805f9b34fb ServiceUuidMask=ffffffff-ffff-ffff-ffff-ffffffffffff ]
      └ BluetoothLeScanFilter [ ServiceUuid=0000181d-0000-1000-8000-00805f9b34fb ServiceUuidMask=ffffffff-ffff-ffff-ffff-ffffffffffff ]
  Ongoing scans                                               :
    08-24 16:53:24 - 7369483ms Forced Filter 573 results (2) PI Regular Scan
      └ Scan Config: [ ScanMode=LOW_POWER, callbackType=ALL_MATCHES ]
      └ BluetoothLeScanFilter [ ServiceUuid=adabfb00-6e7d-4601-bda2-bffaa68956ba ServiceUuidMask=ffff0000-ffff-ffff-ffff-ffffffffffff ]
      └ BluetoothLeScanFilter [ ServiceUuid=0000fd63-0000-1000-8000-00805f9b34fb ServiceUuidMask=ffffffff-ffff-ffff-ffff-ffffffffffff ]
      └ BluetoothLeScanFilter [ ServiceUuid=abbafb00-e56a-484c-b832-8b17cf6cbfe8 ServiceUuidMask=ffffffff-ffff-ffff-ffff-ffffffffffff ]
      └ BluetoothLeScanFilter [ ServiceUuid=abbaff00-e56a-484c-b832-8b17cf6cbfe8 ServiceUuidMask=ffffffff-ffff-ffff-ffff-ffffffffffff ]
      └ BluetoothLeScanFilter [ ServiceUuid=0000fd62-0000-1000-8000-00805f9b34fb ServiceUuidMask=ffffffff-ffff-ffff-ffff-ffffffffffff ]
      └ BluetoothLeScanFilter [ ServiceUuid=0000181d-0000-1000-8000-00805f9b34fb ServiceUuidMask=ffffffff-ffff-ffff-ffff-ffffffffffff ]
  Application ID                     : 2
  UUID                               : e32216c1-2050-4ea3-b0ae-87b8090b2eb2
  Connections: 0

  com.google.uid.shared:10166 (Registered)
  LE scans (started/stopped)                                  : 18 / 15
  Scan time in ms (active/suspend/total)                      : 45718648 / 0 / 45718648
  Scan time with mode in ms (Opp/LowPower/Balanced/LowLatency/AmbientDiscovery):54074 / 0 / 30416247 / 29916 / 8815493
  Scan mode counter (Opp/LowPower/Balanced/LowLatency/AmbientDiscovery):2 / 0 / 7 / 6 / 6402921
  Score                                                       : 9837851
  Total number of results                                     : 3388
  Last 5 scans                                                :
    08-24 17:09:09 - 20914ms Opp Filter 0 results (1) CB Regular Scan
      └ Scan Config: [ ScanMode=OPPORTUNISTIC, callbackType=ALL_MATCHES ]
      └ BluetoothLeScanFilter [ ServiceDataUuid=0000fcf1-0000-1000-8000-00805f9b34fb ServiceData=[] ServiceDataMask=[] ]
    08-24 17:09:30 - 6031ms Filter 0 results (3) CB Regular Scan
      └ Scan Config: [ ScanMode=LOW_LATENCY, callbackType=ALL_MATCHES ]
      └ BluetoothLeScanFilter [ ServiceDataUuid=0000feaa-0000-1000-8000-00805f9b34fb ServiceData=[64] ServiceDataMask=[-16] ]
      └ BluetoothLeScanFilter [ ServiceDataUuid=0000fff6-0000-1000-8000-00805f9b34fb ServiceData=[0] ServiceDataMask=[0] ]
      └ BluetoothLeScanFilter [ ServiceDataUuid=0000fe2c-0000-1000-8000-00805f9b34fb ServiceData=[0] ServiceDataMask=[0] ]
    08-24 17:09:36 - 3529818ms Forced Filter 2 results (3) CB Regular Scan
      └ Scan Config: [ ScanMode=BALANCED, callbackType=ALL_MATCHES ]
      └ BluetoothLeScanFilter [ ServiceDataUuid=0000feaa-0000-1000-8000-00805f9b34fb ServiceData=[64] ServiceDataMask=[-16] ]
      └ BluetoothLeScanFilter [ ServiceDataUuid=0000fff6-0000-1000-8000-00805f9b34fb ServiceData=[0] ServiceDataMask=[0] ]
      └ BluetoothLeScanFilter [ ServiceDataUuid=0000fe2c-0000-1000-8000-00805f9b34fb ServiceData=[0] ServiceDataMask=[0] ]
    08-24 18:08:26 - 8660ms Filter 17 results (3) CB Regular Scan
      └ Scan Config: [ ScanMode=LOW_LATENCY, callbackType=ALL_MATCHES ]
      └ BluetoothLeScanFilter [ ServiceDataUuid=0000feaa-0000-1000-8000-00805f9b34fb ServiceData=[64] ServiceDataMask=[-16] ]
      └ BluetoothLeScanFilter [ ServiceDataUuid=0000fff6-0000-1000-8000-00805f9b34fb ServiceData=[0] ServiceDataMask=[0] ]
      └ BluetoothLeScanFilter [ ServiceDataUuid=0000fe2c-0000-1000-8000-00805f9b34fb ServiceData=[0] ServiceDataMask=[0] ]
    08-24 18:08:35 - 6051ms Filter 17 results (3) CB Regular Scan
      └ Scan Config: [ ScanMode=LOW_LATENCY, callbackType=ALL_MATCHES ]
      └ BluetoothLeScanFilter [ ServiceDataUuid=0000feaa-0000-1000-8000-00805f9b34fb ServiceData=[64] ServiceDataMask=[-16] ]
      └ BluetoothLeScanFilter [ ServiceDataUuid=0000fff6-0000-1000-8000-00805f9b34fb ServiceData=[0] ServiceDataMask=[0] ]
      └ BluetoothLeScanFilter [ ServiceDataUuid=0000fe2c-0000-1000-8000-00805f9b34fb ServiceData=[0] ServiceDataMask=[0] ]
  Ongoing scans                                               :
    08-24 17:09:30 - 6403767ms Forced Filter 74 results (1) CB Regular Scan
      └ Scan Config: [ ScanMode=BALANCED, callbackType=ALL_MATCHES ]
      └ BluetoothLeScanFilter [ ServiceDataUuid=0000fcf1-0000-1000-8000-00805f9b34fb ServiceData=[] ServiceDataMask=[] ]
    08-24 18:08:41 - 2853013ms Forced Filter 2895 results (3) CB Regular Scan
      └ Scan Config: [ ScanMode=BALANCED, callbackType=ALL_MATCHES ]
      └ BluetoothLeScanFilter [ ServiceDataUuid=0000feaa-0000-1000-8000-00805f9b34fb ServiceData=[64] ServiceDataMask=[-16] ]
      └ BluetoothLeScanFilter [ ServiceDataUuid=0000fff6-0000-1000-8000-00805f9b34fb ServiceData=[0] ServiceDataMask=[0] ]
      └ BluetoothLeScanFilter [ ServiceDataUuid=0000fe2c-0000-1000-8000-00805f9b34fb ServiceData=[0] ServiceDataMask=[0] ]
    08-24 17:09:31 - 6402918ms Forced Filter 1 results (4) CB Regular Scan
      └ Scan Config: [ ScanMode=AMBIENT_DISCOVERY, callbackType=ALL_MATCHES ]
      └ BluetoothLeScanFilter [ ServiceUuid=0000fef3-0000-1000-8000-00805f9b34fb ]
      └ BluetoothLeScanFilter [ ServiceDataUuid=0000fc73-0000-1000-8000-00805f9b34fb ServiceData=[0] ServiceDataMask=[0] ]
      └ BluetoothLeScanFilter [ ServiceDataUuid=0000fef3-0000-1000-8000-00805f9b34fb ServiceData=[0] ServiceDataMask=[0] ]
  Application ID                     : 1
  UUID                               : 64a20368-fba2-4044-b678-d6392738196b
  Connections: 0

GATT Advertiser Map

  last 5 advertising:
    com.google.uid.shared:10166
     Advertising ID                                     : 0
      1:
        └Start time                                     : 08-24 14:51:47
        └Stop time                                      : 08-24 17:02:15
        └Duration(10ms unit)                            : 0
        └Maximum number of extended advertising events  : 0
      └Advertising:
        └Interval(0.625ms)                              : 160
        └TX POWER(dbm)                                  : 1
        └Primary Phy                                    : LE_1M
        └Secondary Phy                                  : LE_1M
        └Legacy                                         : true
        └Anonymous                                      : false
        └Connectable                                    : true
        └Scannable                                      : true
        └Advertise Data:
          └Include Device Name                          : false
          └Include Tx Power Level                       : false
          └Service Data(UUID, length of data)           : 
            [0000fcf1-xxxx-xxxx-xxxx-xxxxxxxxxxxx, 19]

    com.google.uid.shared:10166
     Advertising ID                                     : 0
      1:
        └Start time                                     : 08-24 17:02:15
        └Stop time                                      : 08-24 17:02:49
        └Duration(10ms unit)                            : 0
        └Maximum number of extended advertising events  : 0
      └Advertising:
        └Interval(0.625ms)                              : 400
        └TX POWER(dbm)                                  : 1
        └Primary Phy                                    : LE_1M
        └Secondary Phy                                  : LE_1M
        └Legacy                                         : true
        └Anonymous                                      : false
        └Connectable                                    : true
        └Scannable                                      : true
        └Advertise Data:
          └Include Device Name                          : false
          └Include Tx Power Level                       : false
          └Service Data(UUID, length of data)           : 
            [0000fcf1-xxxx-xxxx-xxxx-xxxxxxxxxxxx, 19]

    com.google.uid.shared:10166
     Advertising ID                                     : 0
      1:
        └Start time                                     : 08-24 17:02:49
        └Stop time                                      : 08-24 17:09:18
        └Duration(10ms unit)                            : 0
        └Maximum number of extended advertising events  : 0
      └Advertising:
        └Interval(0.625ms)                              : 160
        └TX POWER(dbm)                                  : 1
        └Primary Phy                                    : LE_1M
        └Secondary Phy                                  : LE_1M
        └Legacy                                         : true
        └Anonymous                                      : false
        └Connectable                                    : true
        └Scannable                                      : true
        └Advertise Data:
          └Include Device Name                          : false
          └Include Tx Power Level                       : false
          └Service Data(UUID, length of data)           : 
            [0000fcf1-xxxx-xxxx-xxxx-xxxxxxxxxxxx, 19]

    com.google.uid.shared:10166
     Advertising ID                                     : 0
      1:
        └Start time                                     : 08-24 17:09:18
        └Stop time                                      : 08-24 17:09:40
        └Duration(10ms unit)                            : 0
        └Maximum number of extended advertising events  : 0
      └Advertising:
        └Interval(0.625ms)                              : 400
        └TX POWER(dbm)                                  : 1
        └Primary Phy                                    : LE_1M
        └Secondary Phy                                  : LE_1M
        └Legacy                                         : true
        └Anonymous                                      : false
        └Connectable                                    : true
        └Scannable                                      : true
        └Advertise Data:
          └Include Device Name                          : false
          └Include Tx Power Level                       : false
          └Service Data(UUID, length of data)           : 
            [0000fcf1-xxxx-xxxx-xxxx-xxxxxxxxxxxx, 19]

    com.google.uid.shared:10166
     Advertising ID                                     : 0
      1:
        └Start time                                     : 08-24 17:09:40
        └Stop time                                      : 08-24 17:19:52
        └Duration(10ms unit)                            : 0
        └Maximum number of extended advertising events  : 0
      └Advertising:
        └Interval(0.625ms)                              : 160
        └TX POWER(dbm)                                  : 1
        └Primary Phy                                    : LE_1M
        └Secondary Phy                                  : LE_1M
        └Legacy                                         : true
        └Anonymous                                      : false
        └Connectable                                    : true
        └Scannable                                      : true
        └Advertise Data:
          └Include Device Name                          : false
          └Include Tx Power Level                       : false
          └Service Data(UUID, length of data)           : 
            [0000fcf1-xxxx-xxxx-xxxx-xxxxxxxxxxxx, 19]

  Total number of ongoing advertising                   : 1
  Ongoing advertising:
    com.google.uid.shared:10166
     Advertising ID                                     : 0
      1:
        └Start time                                     : 08-24 17:19:53
        └Elapsed time                                   : 5781103ms
        └Duration(10ms unit)                            : 0
        └Maximum number of extended advertising events  : 0
      └Advertising:
        └Interval(0.625ms)                              : 160
        └TX POWER(dbm)                                  : 1
        └Primary Phy                                    : LE_1M
        └Secondary Phy                                  : LE_1M
        └Legacy                                         : true
        └Anonymous                                      : false
        └Connectable                                    : true
        └Scannable                                      : true
        └Advertise Data:
          └Include Device Name                          : false
          └Include Tx Power Level                       : false
          └Service Data(UUID, length of data)           : 
            [0000fcf1-xxxx-xxxx-xxxx-xxxxxxxxxxxx, 19]

GATT Client Map
  Entries: 2

  com.fitbit.FitbitMobile
  LE scans (started/stopped)                                  : 0 / 0
  Scan time in ms (active/suspend/total)                      : 0 / 0 / 0
  Scan time with mode in ms (Opp/LowPower/Balanced/LowLatency/AmbientDiscovery):0 / 0 / 0 / 0 / 0
  Scan mode counter (Opp/LowPower/Balanced/LowLatency/AmbientDiscovery):0 / 0 / 0 / 0 / 0
  Score                                                       : 0
  Total number of results                                     : 0

  net.dinglisch.android.taskerm
  LE scans (started/stopped)                                  : 0 / 0
  Scan time in ms (active/suspend/total)                      : 0 / 0 / 0
  Scan time with mode in ms (Opp/LowPower/Balanced/LowLatency/AmbientDiscovery):0 / 0 / 0 / 0 / 0
  Scan mode counter (Opp/LowPower/Balanced/LowLatency/AmbientDiscovery):0 / 0 / 0 / 0 / 0
  Score                                                       : 0
  Total number of results                                     : 0

GATT Server Map
  Entries: 3

  com.fitbit.FitbitMobile (Registered)
  LE scans (started/stopped)                                  : 0 / 0
  Scan time in ms (active/suspend/total)                      : 0 / 0 / 0
  Scan time with mode in ms (Opp/LowPower/Balanced/LowLatency/AmbientDiscovery):0 / 0 / 0 / 0 / 0
  Scan mode counter (Opp/LowPower/Balanced/LowLatency/AmbientDiscovery):0 / 0 / 0 / 0 / 0
  Score                                                       : 0
  Total number of results                                     : 0
  Application ID                     : 13
  UUID                               : b09735a5-c081-4b58-aa44-035f2ee18d61
  Connections: 0

  com.google.uid.shared:10166 (Registered)
  LE scans (started/stopped)                                  : 0 / 0
  Scan time in ms (active/suspend/total)                      : 0 / 0 / 0
  Scan time with mode in ms (Opp/LowPower/Balanced/LowLatency/AmbientDiscovery):0 / 0 / 0 / 0 / 0
  Scan mode counter (Opp/LowPower/Balanced/LowLatency/AmbientDiscovery):0 / 0 / 0 / 0 / 0
  Score                                                       : 0
  Total number of results                                     : 0
  Application ID                     : 14
  UUID                               : bcb29ab6-8e6b-4861-8823-592015b772c9
  Connections: 0

  android.uid.bluetooth:1002 (Registered)
  LE scans (started/stopped)                                  : 0 / 0
  Scan time in ms (active/suspend/total)                      : 0 / 0 / 0
  Scan time with mode in ms (Opp/LowPower/Balanced/LowLatency/AmbientDiscovery):0 / 0 / 0 / 0 / 0
  Scan mode counter (Opp/LowPower/Balanced/LowLatency/AmbientDiscovery):0 / 0 / 0 / 0 / 0
  Score                                                       : 0
  Total number of results                                     : 0
  Application ID                     : 8
  UUID                               : b8c65d19-622a-4f19-89f6-0a7806b06dbf
  Connections: 0

GATT Handle Map
  Entries: 73
  Requests: 0
  8: [130] Service 00001855-0000-1000-8000-00805f9b34fb, started true
  8: [132]   Characteristic 00002b51-0000-1000-8000-00805f9b34fb
  9: [90] Service 0000184c-0000-1000-8000-00805f9b34fb, started true
  9: [92]   Characteristic 00002bb3-0000-1000-8000-00805f9b34fb
  9: [93]     Descriptor 00002902-0000-1000-8000-00805f9b34fb
  9: [95]   Characteristic 00002bb4-0000-1000-8000-00805f9b34fb
  9: [97]   Characteristic 00002bb5-0000-1000-8000-00805f9b34fb
  9: [98]     Descriptor 00002902-0000-1000-8000-00805f9b34fb
  9: [100]   Characteristic 00002bb6-0000-1000-8000-00805f9b34fb
  9: [101]     Descriptor 00002902-0000-1000-8000-00805f9b34fb
  9: [103]   Characteristic 00002bb9-0000-1000-8000-00805f9b34fb
  9: [104]     Descriptor 00002902-0000-1000-8000-00805f9b34fb
  9: [106]   Characteristic 00002bba-0000-1000-8000-00805f9b34fb
  9: [108]   Characteristic 00002bbb-0000-1000-8000-00805f9b34fb
  9: [109]     Descriptor 00002902-0000-1000-8000-00805f9b34fb
  9: [111]   Characteristic 00002bbd-0000-1000-8000-00805f9b34fb
  9: [112]     Descriptor 00002902-0000-1000-8000-00805f9b34fb
  9: [114]   Characteristic 00002bbe-0000-1000-8000-00805f9b34fb
  9: [115]     Descriptor 00002902-0000-1000-8000-00805f9b34fb
  9: [117]   Characteristic 00002bbf-0000-1000-8000-00805f9b34fb
  9: [119]   Characteristic 00002bc0-0000-1000-8000-00805f9b34fb
  9: [120]     Descriptor 00002902-0000-1000-8000-00805f9b34fb
  9: [122]   Characteristic 00002bc1-0000-1000-8000-00805f9b34fb
  9: [123]     Descriptor 00002902-0000-1000-8000-00805f9b34fb
  9: [125]   Characteristic 00002bc2-0000-1000-8000-00805f9b34fb
  9: [126]     Descriptor 00002902-0000-1000-8000-00805f9b34fb
  12: [40] Service 00001849-0000-1000-8000-00805f9b34fb, started true
  12: [42]   Characteristic 00002b93-0000-1000-8000-00805f9b34fb
  12: [43]     Descriptor 00002902-0000-1000-8000-00805f9b34fb
  12: [45]   Characteristic 00002b96-0000-1000-8000-00805f9b34fb
  12: [46]     Descriptor 00002902-0000-1000-8000-00805f9b34fb
  12: [48]   Characteristic 00002b97-0000-1000-8000-00805f9b34fb
  12: [49]     Descriptor 00002902-0000-1000-8000-00805f9b34fb
  12: [51]   Characteristic 00002b98-0000-1000-8000-00805f9b34fb
  12: [52]     Descriptor 00002902-0000-1000-8000-00805f9b34fb
  12: [54]   Characteristic 00002b99-0000-1000-8000-00805f9b34fb
  12: [55]     Descriptor 00002902-0000-1000-8000-00805f9b34fb
  12: [57]   Characteristic 00002b9a-0000-1000-8000-00805f9b34fb
  12: [58]     Descriptor 00002902-0000-1000-8000-00805f9b34fb
  12: [60]   Characteristic 00002b9b-0000-1000-8000-00805f9b34fb
  12: [61]     Descriptor 00002902-0000-1000-8000-00805f9b34fb
  12: [63]   Characteristic 00002ba1-0000-1000-8000-00805f9b34fb
  12: [64]     Descriptor 00002902-0000-1000-8000-00805f9b34fb
  12: [66]   Characteristic 00002ba2-0000-1000-8000-00805f9b34fb
  12: [68]   Characteristic 00002ba3-0000-1000-8000-00805f9b34fb
  12: [69]     Descriptor 00002902-0000-1000-8000-00805f9b34fb
  12: [71]   Characteristic 00002ba4-0000-1000-8000-00805f9b34fb
  12: [72]     Descriptor 00002902-0000-1000-8000-00805f9b34fb
  12: [74]   Characteristic 00002ba5-0000-1000-8000-00805f9b34fb
  12: [75]     Descriptor 00002902-0000-1000-8000-00805f9b34fb
  12: [77]   Characteristic 00002bba-0000-1000-8000-00805f9b34fb
  13: [134] Service 16bcfd00-253f-c348-e831-0db3e334d580, started true
  13: [136]   Characteristic 16bcfd04-253f-c348-e831-0db3e334d580
  13: [137]     Descriptor 00002902-0000-1000-8000-00805f9b34fb
  13: [139]   Characteristic 16bcfd02-253f-c348-e831-0db3e334d580
  13: [140]     Descriptor 00002902-0000-1000-8000-00805f9b34fb
  13: [142]   Characteristic 16bcfd01-253f-c348-e831-0db3e334d580
  13: [144]   Characteristic 16bcfd03-253f-c348-e831-0db3e334d580
  13: [145]     Descriptor 00002902-0000-1000-8000-00805f9b34fb
  14: [146] Service 0000fcf1-0000-1000-8000-00805f9b34fb, started true
  14: [148]   Characteristic fe2c1237-8366-4814-8eb0-01de32100bea
  14: [149]     Descriptor 00002902-0000-1000-8000-00805f9b34fb
  13: [150] Service abbafc00-e56a-484c-b832-8b17cf6cbfe8, started true
  13: [152]   Characteristic abbafc01-e56a-484c-b832-8b17cf6cbfe8
  13: [153]     Descriptor 00002902-0000-1000-8000-00805f9b34fb
  13: [155]   Characteristic abbafc02-e56a-484c-b832-8b17cf6cbfe8
  13: [156]     Descriptor 00002902-0000-1000-8000-00805f9b34fb
  13: [158]   Characteristic abbafc03-e56a-484c-b832-8b17cf6cbfe8
  13: [159]     Descriptor 00002902-0000-1000-8000-00805f9b34fb
  14: [160] Service 0000fef3-0000-1000-8000-00805f9b34fb, started true
  14: [162]   Characteristic 00000100-0004-1000-8000-001a11000102
  14: [163]     Descriptor 00002902-0000-1000-8000-00805f9b34fb
  14: [165]   Characteristic 00000100-0004-1000-8000-001a11000101

Profile: A2dpService
  mActiveDevice: null
  mMaxConnectedAudioDevices: 5
  codecConfigPriorities:
    SBC: 1001
    AAC: 2001
    aptX: 3001
    aptX HD: 4001
    LDAC: 5001
    Opus: 7001
  mA2dpOffloadEnabled: true
  codecConfigOffloading:
    {codecName:SBC,mCodecType:0,mCodecPriority:0,mSampleRate:0x0(NONE),mBitsPerSample:0x0(NONE),mChannelMode:0x0(NONE),mCodecSpecific1:0,mCodecSpecific2:0,mCodecSpecific3:0,mCodecSpecific4:0}
    {codecName:AAC,mCodecType:1,mCodecPriority:0,mSampleRate:0x0(NONE),mBitsPerSample:0x0(NONE),mChannelMode:0x0(NONE),mCodecSpecific1:0,mCodecSpecific2:0,mCodecSpecific3:0,mCodecSpecific4:0}

Profile: AvrcpTargetService:
  AVRCP version: 1.5
  List of MediaControllers: size=11
    Media Player 1: org.schabi.newpipe
    MediaController (org.schabi.newpipe@edef8f9) Dog Water has SERIOUS competition | Waterpark Simulator [10], GameGrumps, null
    Current Data:
      Song: { mediaId="currsong" title="Dog Water has SERIOUS competition | Waterpark Simulator [10]" artist="GameGrumps" album="" duration=1753000 trackPosition=1/1 image=<Image source=2> }
      PlayState: PlaybackState {state=PAUSED(2), position=1584117, buffered position=1637471, speed=0.0, updated=405218996, actions=2365311, custom actions=[Action:mName='Current mode: Repeat none. Toggle repeat mode., mIcon=2131230909, mExtras=null, Action:mName='Close, mIcon=2131230973, mExtras=null], active item id=0, error=null}
      Queue: size=2
        { mediaId="NowPlayingId0" title="Dog Water has SERIOUS competition | Waterpark Simulator [10]" artist="GameGrumps" album="" duration=1753000 trackPosition=1/2 image=<Image source=2> }
        { mediaId="NowPlayingId1" title="try or try not...Everything is Crab [2]" artist="GameGrumps" album="" duration=1785000 trackPosition=2/2 image=null }
    BTAudio Playback State change Event:
  
    Media Player 2: org.thoughtcrime.securesms
    MediaController (org.thoughtcrime.securesms@9b96b65) null
    Current Data:
      Song: { mediaId="currsong" title="Not Provided" artist="" album="" duration=0 trackPosition=1/1 image=null }
      PlayState: PlaybackState {state=NONE(0), position=0, buffered position=0, speed=0.0, updated=405996010, actions=4718213, custom actions=[], active item id=0, error=null}
      Queue: size=0
    BTAudio Playback State change Event:
  
    Media Player 3: com.bambuna.podcastaddict
    MediaController (com.bambuna.podcastaddict@e62103e) ChatGPT Offered Me  2m To Keep Quiet_ No One Is Ready For What_s Coming!.mp3, Temp • 8/13/26, Temp
    Current Data:
      Song: { mediaId="currsong" title="ChatGPT Offered Me  2m To Keep Quiet_ No One Is Ready For What_s Coming!.mp3" artist="Temp • 8/13/26" album="Temp" duration=7249580 trackPosition=1/1 image=null }
      PlayState: PlaybackState {state=STOPPED(1), position=0, buffered position=0, speed=0.0, updated=407882379, actions=257543, custom actions=[Action:mName='Skip 15s backward, mIcon=2131231836, mExtras=Bundle[mParcelledData.dataSize=144], Action:mName='Skip 30s forward, mIcon=2131231535, mExtras=Bundle[mParcelledData.dataSize=144], Action:mName='Stop, mIcon=2131231486, mExtras=Bundle[mParcelledData.dataSize=144]], active item id=-1, error=null}
      Queue: size=0
    BTAudio Playback State change Event:
  
    Media Player 4: com.audible.application
    MediaController (com.audible.application@ea7fe9f)  ,  ,  
    Current Data:
      Song: { mediaId="currsong" title=" " artist=" " album=" " duration=0 trackPosition=1/1 image=<Image source=0> }
      PlayState: PlaybackState {state=NONE(0), position=0, buffered position=0, speed=1.1, updated=413166705, actions=4456319, custom actions=[Action:mName='Skip Backward_morris_miniplayer, mIcon=2131231459, mExtras=null, Action:mName='Skip Forward, mIcon=2131231561, mExtras=null, Action:mName='Bookmark, mIcon=2131231474, mExtras=null], active item id=-1, error=null}
      Queue: size=0
    BTAudio Playback State change Event:
  
    Media Player 5: com.google.android.googlequicksearchbox
    MediaController (com.google.android.googlequicksearchbox@b160bec) null, null, null
    Current Data:
      Song: { mediaId="currsong" title="Not Provided" artist="" album="" duration=0 trackPosition=1/1 image=null }
      PlayState: PlaybackState {state=NONE(0), position=0, buffered position=0, speed=0.0, updated=413503360, actions=2616839, custom actions=[], active item id=-1, error=null}
      Queue: size=1
        { mediaId="currsong" title="Not Provided" artist="" album="" duration=0 trackPosition=1/1 image=null }
    BTAudio Playback State change Event:
  
    Media Player 6: org.videolan.vlc
    MediaController (org.videolan.vlc@7ac039e) null
    Current Data:
      Song: { mediaId="currsong" title="Not Provided" artist="" album="" duration=0 trackPosition=1/1 image=null }
      PlayState: PlaybackState {state=NONE(0), position=0, buffered position=0, speed=0.0, updated=413504365, actions=15872, custom actions=[], active item id=-1, error=null}
      Queue: size=0
    BTAudio Playback State change Event:
  
    Media Player 7: com.sirma.mobile.bible.android
    MediaController (com.sirma.mobile.bible.android@78bde7f) null, null, null
    Current Data:
      Song: { mediaId="currsong" title="Not Provided" artist="" album="" duration=0 trackPosition=1/1 image=null }
      PlayState: PlaybackState {state=NONE(0), position=0, buffered position=0, speed=0.0, updated=413505139, actions=33792, custom actions=[], active item id=-1, error=null}
      Queue: size=0
    BTAudio Playback State change Event:
  
    Media Player 8: com.maxmpz.audioplayer
    MediaController (com.maxmpz.audioplayer@9929e4c) no one sings higher_cut2 , Unknown artist, null
    Current Data:
      Song: { mediaId="currsong" title="Not Provided" artist="" album="" duration=0 trackPosition=1/1 image=null }
      PlayState: null
      Queue: size=0
    BTAudio Playback State change Event:
  
    Media Player 9: com.substack.app
    MediaController (com.substack.app@a70be95) null
    Current Data:
      Song: { mediaId="currsong" title="Not Provided" artist="" album="" duration=0 trackPosition=1/1 image=null }
      PlayState: PlaybackState {state=NONE(0), position=0, buffered position=0, speed=0.0, updated=413505760, actions=7339653, custom actions=[Action:mName='Skip back 10 sec, mIcon=2131234725, mExtras=Bundle[EMPTY_PARCEL], Action:mName='Skip ahead 30 sec, mIcon=2131234726, mExtras=Bundle[EMPTY_PARCEL]], active item id=0, error=null}
      Queue: size=0
    BTAudio Playback State change Event:
  
    Media Player 10: com.suno.android
    MediaController (com.suno.android@850bbaa) null
    Current Data:
      Song: { mediaId="currsong" title="Not Provided" artist="" album="" duration=0 trackPosition=1/1 image=null }
      PlayState: PlaybackState {state=NONE(0), position=0, buffered position=0, speed=0.0, updated=413506070, actions=7339653, custom actions=[], active item id=0, error=null}
      Queue: size=0
    BTAudio Playback State change Event:
  
    Media Player 11: com.acquiring.android
    MediaController (com.acquiring.android@25a58e1) Mrs Robinson, simon-and-garfunkel — Verse, null
    Current Data:
      Song: { mediaId="currsong" title="Mrs Robinson" artist="simon-and-garfunkel — Verse" album="" duration=33750 trackPosition=1/1 image=null }
      PlayState: PlaybackState {state=PAUSED(2), position=36958, buffered position=0, speed=0.0, updated=422853852, actions=791, custom actions=[], active item id=-1, error=null}
      Queue: size=1
        { mediaId="currsong" title="Mrs Robinson" artist="simon-and-garfunkel — Verse" album="" duration=33750 trackPosition=1/1 image=null }
    BTAudio Playback State change Event:
      08-24 17:16:50.260 onPlaybackStateChanged(): com.acquiring.android : PlaybackState {state=PLAYING(3), position=3638, buffered position=0, speed=1.0, updated=422820511, actions=791, custom actions=[], active item id=-1, error=null}
      08-24 17:17:00.274 onPlaybackStateChanged(): com.acquiring.android : PlaybackState {state=PLAYING(3), position=13638, buffered position=0, speed=1.0, updated=422830525, actions=791, custom actions=[], active item id=-1, error=null}
      08-24 17:17:10.278 onPlaybackStateChanged(): com.acquiring.android : PlaybackState {state=PLAYING(3), position=23638, buffered position=0, speed=1.0, updated=422840526, actions=791, custom actions=[], active item id=-1, error=null}
      08-24 17:17:20.297 onPlaybackStateChanged(): com.acquiring.android : PlaybackState {state=PLAYING(3), position=33658, buffered position=0, speed=1.0, updated=422850542, actions=791, custom actions=[], active item id=-1, error=null}
      08-24 17:17:23.603 onPlaybackStateChanged(): com.acquiring.android : PlaybackState {state=PAUSED(2), position=36958, buffered position=0, speed=0.0, updated=422853852, actions=791, custom actions=[], active item id=-1, error=null}
  
  List of Browsers: size=4
    Browsable Package Name: org.schabi.newpipe
       Cached Media ID's: "//org.schabi.newpipe", 
  
    Browsable Package Name: org.videolan.vlc
       Cached Media ID's: "//org.videolan.vlc/r", 
  
    Browsable Package Name: com.maxmpz.audioplayer
       Cached Media ID's: "/", 
  
    Browsable Package Name: com.substack.app
       Cached Media ID's: "media_root_id", 
  
  BTAudio Active Player Events:
    08-24 17:11:45.742 setActivePlayer(): setting player to com.acquiring.android
    08-24 17:19:46.208 setActivePlayer(): setting player to com.android.chrome
    08-24 17:23:42.966 setActivePlayer(): setting player to com.android.chrome
    08-24 17:30:28.909 setActivePlayer(): setting player to com.android.chrome
    08-24 17:36:13.626 setActivePlayer(): setting player to com.android.chrome
  
  BTAudio Audio Playback State Events:
  
  BTAudio Media Key Events:
  
  AvrcpVolumeManager:
    mCurrentDevice: null
    Current System Volume: 17
    Device Volume Memory Map:
      Device Address    : Device Name    : Vol : AbsVol
      E4:58:BC:42:C8:A6 : Bose QC Hea... :  25 : NotConnected
      54:B7:E5:73:D7:F4 : TAOTRONICS ... :  21 : NotConnected
      74:D7:CA:92:AF:12 : TOYOTA 4Runner :  25 : NotConnected
      A4:77:58:4F:D1:EA : Soundcore S... :  14 : NotConnected
      14:22:3B:D9:CC:19 : Pixel Buds ... :  17 : NotConnected
      41:42:FF:22:FB:77 : S8             :  22 : NotConnected
    BTAudio Volume Events:
      08-24 18:08:33.278 RemoveStoredVolume: Remove stored stream volume level for device XX:XX:XX:XX:73:DE
      08-24 18:08:33.282 RemoveStoredVolume: Remove stored stream volume level for device XX:XX:XX:XX:73:DE

Profile: BatteryService

Profile: CsipSetCoordinatorService
  mFoundSetMemberToGroupId: 

Profile: HapClientService

Profile: HeadsetService
  mMaxHeadsetConnections: 5
  DefaultMaxHeadsetConnections: 5
  mActiveDevice: XX:XX:XX:XX:8D:51
  isInbandRingingEnabled: true
  isInbandRingingSupported: true
  mInbandRingingRuntimeDisable: false
  mAudioRouteAllowed: true
  mVoiceRecognitionStarted: false
  mVoiceRecognitionTimeoutEvent: null
  mVirtualCallStarted: false
  mDialingOutTimeoutEvent: null
  mForceScoAudio: false
  mCreated: true
  mStarted: true
  AudioManager.isBluetoothScoOn(): false
  Telecom.isInCall(): false
  Telecom.isRinging(): false
  ==== StateMachine for XX:XX:XX:XX:8D:51 ====
    mCurrentDevice: XX:XX:XX:XX:8D:51
    mCurrentState: Connected
    mPrevState: Connecting
    mConnectionState: 2
    mAudioState: 10
    mNeedDialingOutReply: false
    mSpeakerVolume: 15
    mMicVolume: 15
    mConnectingTimestampMs(uptimeMillis): 359142488
    mHsClientAudioPolicy: BluetoothSinkAudioPolicy{mCallEstablishPolicy: 0, mConnectingTimePolicy: 0, mInBandRingtonePolicy: 0}
    StateMachine: name=HeadsetStateMachine state=Connected
    StateMachineLog:
      HeadsetStateMachine:
       total records=272
       rec[0]: time=08-24 17:41:55.224 processed=Connected org=Connected dest=<null> what=10(0xa) DEVICE_STATE_CHANGED: arg1=0, arg2=0, obj=HeadsetDeviceState[hasCellularService=1, isRoaming=0, signalStrength3, batteryCharge=5]
       rec[1]: time=08-24 17:42:38.716 processed=Connected org=Connected dest=<null> what=10(0xa) DEVICE_STATE_CHANGED: arg1=0, arg2=0, obj=HeadsetDeviceState[hasCellularService=1, isRoaming=0, signalStrength2, batteryCharge=5]
       rec[2]: time=08-24 17:43:17.160 processed=Connected org=Connected dest=<null> what=10(0xa) DEVICE_STATE_CHANGED: arg1=0, arg2=0, obj=HeadsetDeviceState[hasCellularService=1, isRoaming=0, signalStrength3, batteryCharge=5]
       rec[3]: time=08-24 17:43:47.850 processed=Connected org=Connected dest=<null> what=10(0xa) DEVICE_STATE_CHANGED: arg1=0, arg2=0, obj=HeadsetDeviceState[hasCellularService=1, isRoaming=0, signalStrength2, batteryCharge=5]
       rec[4]: time=08-24 17:44:19.845 processed=Connected org=Connected dest=<null> what=10(0xa) DEVICE_STATE_CHANGED: arg1=0, arg2=0, obj=HeadsetDeviceState[hasCellularService=1, isRoaming=0, signalStrength3, batteryCharge=5]
       rec[5]: time=08-24 17:49:05.407 processed=Connected org=Connected dest=Disconnecting what=101(0x65) STACK_EVENT: arg1=0, arg2=0, obj=EVENT_TYPE_CONNECTION_STATE_CHANGED[1], valInt=4, valInt2=0, valString=null, valObject=null, device=XX:XX:XX:XX:8D:51
       rec[6]: time=08-24 17:49:05.431 processed=Disconnecting org=Disconnecting dest=Disconnected what=101(0x65) STACK_EVENT: arg1=0, arg2=0, obj=EVENT_TYPE_CONNECTION_STATE_CHANGED[1], valInt=0, valInt2=0, valString=null, valObject=null, device=XX:XX:XX:XX:8D:51
       rec[7]: time=08-24 17:49:06.842 processed=Disconnected org=Disconnected dest=Connecting what=101(0x65) STACK_EVENT: arg1=0, arg2=0, obj=EVENT_TYPE_CONNECTION_STATE_CHANGED[1], valInt=1, valInt2=0, valString=null, valObject=null, device=XX:XX:XX:XX:8D:51
       rec[8]: time=08-24 17:49:06.844 processed=Connecting org=Connecting dest=<null> what=101(0x65) STACK_EVENT: arg1=0, arg2=0, obj=EVENT_TYPE_CONNECTION_STATE_CHANGED[1], valInt=2, valInt2=0, valString=null, valObject=null, device=XX:XX:XX:XX:8D:51
       rec[9]: time=08-24 17:49:06.875 processed=Connecting org=Connecting dest=<null> what=101(0x65) STACK_EVENT: arg1=0, arg2=0, obj=EVENT_TYPE_WBS[17], valInt=2, valInt2=0, valString=null, valObject=null, device=XX:XX:XX:XX:8D:51
       rec[10]: time=08-24 17:49:06.875 processed=Connecting org=Connecting dest=<null> what=101(0x65) STACK_EVENT: arg1=0, arg2=0, obj=EVENT_TYPE_SWB[21], valInt=1, valInt2=0, valString=null, valObject=null, device=XX:XX:XX:XX:8D:51
       rec[11]: time=08-24 17:49:06.894 processed=Connecting org=Connecting dest=<null> what=101(0x65) STACK_EVENT: arg1=0, arg2=0, obj=EVENT_TYPE_AT_CIND[12], valInt=0, valInt2=0, valString=null, valObject=null, device=XX:XX:XX:XX:8D:51
       rec[12]: time=08-24 17:49:06.916 processed=Connecting org=Connecting dest=Connected what=101(0x65) STACK_EVENT: arg1=0, arg2=0, obj=EVENT_TYPE_CONNECTION_STATE_CHANGED[1], valInt=3, valInt2=0, valString=null, valObject=null, device=XX:XX:XX:XX:8D:51
       rec[13]: time=08-24 17:49:06.936 processed=Connected org=Connected dest=<null> what=13(0xd) UNKNOWN(13): arg1=1, arg2=0, obj=null
       rec[14]: time=08-24 17:49:06.948 processed=Connected org=Connected dest=<null> what=101(0x65) STACK_EVENT: arg1=0, arg2=0, obj=EVENT_TYPE_AT_CLCC[14], valInt=0, valInt2=0, valString=null, valObject=null, device=XX:XX:XX:XX:8D:51
       rec[15]: time=08-24 18:08:21.407 processed=Connected org=Connected dest=<null> what=13(0xd) UNKNOWN(13): arg1=0, arg2=0, obj=null
       rec[16]: time=08-24 18:08:33.262 processed=Connected org=Connected dest=<null> what=13(0xd) UNKNOWN(13): arg1=1, arg2=0, obj=null
       rec[17]: time=08-24 18:23:23.586 processed=Connected org=Connected dest=<null> what=10(0xa) DEVICE_STATE_CHANGED: arg1=0, arg2=0, obj=HeadsetDeviceState[hasCellularService=1, isRoaming=0, signalStrength1, batteryCharge=5]
       rec[18]: time=08-24 18:23:27.441 processed=Connected org=Connected dest=<null> what=10(0xa) DEVICE_STATE_CHANGED: arg1=0, arg2=0, obj=HeadsetDeviceState[hasCellularService=1, isRoaming=0, signalStrength2, batteryCharge=5]
       rec[19]: time=08-24 18:24:55.758 processed=Connected org=Connected dest=<null> what=10(0xa) DEVICE_STATE_CHANGED: arg1=0, arg2=0, obj=HeadsetDeviceState[hasCellularService=1, isRoaming=0, signalStrength3, batteryCharge=5]
      curState=Connected

Profile: HearingAidService

Profile: HidDeviceService

Profile: HidHostService
  mTargetDevice: null
  mInputDevices:

Profile: LeAudioService
  isDualModeAudioEnabled: false
  Active Groups information: 
    currentlyActiveGroupId: -1
    mActiveAudioOutDevice: null
    mActiveAudioInDevice: null
    mUnicastGroupIdDeactivatedForBroadcastTransition: -1
    mExposedActiveDevice: null
    mHfpHandoverDevice:null
    mLeAudioIsInbandRingtoneSupported:true

Profile: TbsService
TbsService instance:
	Ringer Mode: 1
	Current call list:
	Silent mode: true

TbsGatt instance (CCID= 1) event log:
  08-24 14:41:32.928 Initializing

Profile: BluetoothMapService
  mRemoteDevice: null
  sRemoteDeviceName: null
  mState: 0
  mAppObserver: com.android.bluetooth.map.BluetoothMapAppObserver@309e39b
  mIsWaitingAuthorization: false
  mRemoveTimeoutMsg: false
  mPermission: 0
  mAccountChanged: false
  mBluetoothMnsObexClient: null
  mMasInstanceMap:
    null : MasId: 0 Uri:null SMS/MMS:true
  mEnabledAccounts:

Profile: McpService
Media Control Service instance list:
	MediaControlService instance current state:
		Ccid = 2
		Features:
			PLAYER_NAME(BIT 1)
			TRACK_CHANGED(BIT 4)
			TRACK_TITLE(BIT 5)
			TRACK_DURATION(BIT 6)
			TRACK_POSITION(BIT 7)
			PLAYBACK_SPEED(BIT 8)
			SEEKING_SPEED(BIT 9)
			PLAYING_ORDER(BIT 15)
			PLAYING_ORDER_SUPPORTED(BIT 16)
			MEDIA_STATE(BIT 17)
			MEDIA_CONTROL_POINT(BIT 18)
			MEDIA_CONTROL_POINT_OPCODES_SUPPORTED(BIT 19)
			CONTENT_CONTROL_ID(BIT 22)
			PLAYER_NAME(BIT 1)
			TRACK_TITLE(BIT 5)
			TRACK_DURATION(BIT 6)
			TRACK_POSITION(BIT 7)
			PLAYBACK_SPEED(BIT 8)
			SEEKING_SPEED(BIT 9)
			PLAYING_ORDER(BIT 15)
			MEDIA_CONTROL_POINT_OPCODES_SUPPORTED(BIT 19)
		Player name: 
		CurrentPlaybackState = INACTIVE

MediaControlGattService instance (CCID= 2) event log:
  08-24 17:20:03.531 updateTrackPositionChar: positionMs= 17213, position= 1721
  08-24 17:20:03.531 updateMediaStateChar: state= PAUSED(0x02)
  08-24 17:21:04.721 setInitialCharacteristicValues
  08-24 17:21:04.722 updateMediaStateChar: state= PAUSED(0x02)
  08-24 17:21:04.742 updatePlayerNameChar: name= ''
  08-24 17:21:04.742 updateTrackTitleChar: title= ''
  08-24 17:21:04.743 updateTrackDurationChar: durationMs= -1, duration= -1
  08-24 17:21:04.743 updateTrackPositionChar: positionMs= -1, position= -1
  08-24 17:21:04.743 updatePlaybackSpeedChar: intSpeed=0, speed= 1.0
  08-24 17:21:04.743 updatePlayingOrderSupportedChar: order= 1
  08-24 17:21:04.743 updatePlayingOrderChar: order= SINGLE_ONCE
  08-24 17:21:04.743 updateSupportedOpcodesChar: opcodes= 0x0 ()
  08-24 17:21:04.744 updateTrackPositionChar: positionMs= -1, position= -1
  08-24 17:21:04.744 updateTrackTitleChar: title= 'Not Provided'
  08-24 17:21:04.744 updateTrackDurationChar: durationMs= 0, duration= 0
  08-24 17:21:04.744 updateMediaStateChar: state= INACTIVE(0x00)
  08-24 17:23:43.014 updateTrackPositionChar: positionMs= 782, position= 78
  08-24 17:23:43.014 updatePlayerNameChar: name= 'Chrome'
  08-24 17:23:43.016 updateSupportedOpcodesChar: opcodes= 0x183f (PLAY | PAUSE | FAST_REWIND | FAST_FORWARD | STOP | MOVE_RELATIVE | PREVIOUS_TRACK | NEXT_TRACK)
  08-24 17:23:43.016 updateTrackTitleChar: title= 'The Razor’s Edge: Building a Christian Conscience with R.C. Sproul'
  08-24 17:23:43.017 updateTrackDurationChar: durationMs= 1797921, duration= 179792
  08-24 17:23:43.017 updateMediaStateChar: state= PLAYING(0x01)
  08-24 17:23:43.018 updatePlayingOrderSupportedChar: order= 4
  08-24 17:23:43.019 updatePlayingOrderChar: order= IN_ORDER_ONCE
  08-24 17:23:44.024 updatePlaybackSpeedChar: intSpeed=64, speed= 2.0
  08-24 17:23:44.025 updateTrackPositionChar: positionMs= 1970, position= 197
  08-24 17:23:56.297 updatePlaybackSpeedChar: intSpeed=0, speed= 1.0
  08-24 17:23:56.297 updateTrackPositionChar: positionMs= 26517, position= 2651
  08-24 17:23:56.808 updateTrackPositionChar: positionMs= 27297, position= 2729
  08-24 17:23:57.322 updatePlaybackSpeedChar: intSpeed=-128, speed= 0.0
  08-24 17:23:57.323 updateTrackPositionChar: positionMs= 27469, position= 2746
  08-24 17:23:57.323 updateMediaStateChar: state= PAUSED(0x02)
  08-24 17:24:58.086 setInitialCharacteristicValues
  08-24 17:24:58.086 updateMediaStateChar: state= PAUSED(0x02)
  08-24 17:24:58.094 updatePlayerNameChar: name= ''
  08-24 17:24:58.096 updateTrackTitleChar: title= ''
  08-24 17:24:58.096 updateTrackDurationChar: durationMs= -1, duration= -1
  08-24 17:24:58.098 updateTrackPositionChar: positionMs= -1, position= -1
  08-24 17:24:58.099 updatePlaybackSpeedChar: intSpeed=0, speed= 1.0
  08-24 17:24:58.099 updatePlayingOrderSupportedChar: order= 1
  08-24 17:24:58.099 updatePlayingOrderChar: order= SINGLE_ONCE
  08-24 17:24:58.099 updateSupportedOpcodesChar: opcodes= 0x0 ()
  08-24 17:24:58.101 updateTrackPositionChar: positionMs= -1, position= -1
  08-24 17:24:58.106 updateTrackTitleChar: title= 'Not Provided'
  08-24 17:24:58.107 updateTrackDurationChar: durationMs= 0, duration= 0
  08-24 17:24:58.107 updateMediaStateChar: state= INACTIVE(0x00)
  08-24 17:30:28.978 updateTrackPositionChar: positionMs= 0, position= 0
  08-24 17:30:28.978 updatePlayerNameChar: name= 'Chrome'
  08-24 17:30:28.980 updateSupportedOpcodesChar: opcodes= 0x183f (PLAY | PAUSE | FAST_REWIND | FAST_FORWARD | STOP | MOVE_RELATIVE | PREVIOUS_TRACK | NEXT_TRACK)
  08-24 17:30:28.980 updateMediaStateChar: state= PLAYING(0x01)
  08-24 17:30:28.980 updatePlayingOrderSupportedChar: order= 4
  08-24 17:30:28.982 updatePlayingOrderChar: order= IN_ORDER_ONCE
  08-24 17:30:29.928 updatePlaybackSpeedChar: intSpeed=64, speed= 2.0
  08-24 17:30:29.929 updateTrackPositionChar: positionMs= 0, position= 0
  08-24 17:30:46.684 updatePlaybackSpeedChar: intSpeed=0, speed= 1.0
  08-24 17:30:46.685 updateTrackPositionChar: positionMs= 0, position= 0
  08-24 17:31:15.266 updatePlaybackSpeedChar: intSpeed=64, speed= 2.0
  08-24 17:31:15.268 updateTrackPositionChar: positionMs= 0, position= 0
  08-24 17:31:31.916 updatePlaybackSpeedChar: intSpeed=0, speed= 1.0
  08-24 17:31:31.917 updateTrackPositionChar: positionMs= 0, position= 0
  08-24 17:31:32.421 updateTrackPositionChar: positionMs= 0, position= 0
  08-24 17:31:35.578 updatePlaybackSpeedChar: intSpeed=-4, speed= 0.95
  08-24 17:31:35.578 updateTrackPositionChar: positionMs= 0, position= 0
  08-24 17:31:36.595 updatePlaybackSpeedChar: intSpeed=64, speed= 2.0
  08-24 17:31:36.595 updateTrackPositionChar: positionMs= 0, position= 0
  08-24 17:33:07.108 updateTrackPositionChar: positionMs= 0, position= 0
  08-24 17:33:12.835 updatePlaybackSpeedChar: intSpeed=-128, speed= 0.0
  08-24 17:33:12.836 updateTrackPositionChar: positionMs= 0, position= 0
  08-24 17:33:13.342 updatePlaybackSpeedChar: intSpeed=-128, speed= 0.0
  08-24 17:33:13.343 updateTrackPositionChar: positionMs= 0, position= 0
  08-24 17:33:13.343 updateMediaStateChar: state= PAUSED(0x02)
  08-24 17:33:13.864 updatePlaybackSpeedChar: intSpeed=64, speed= 2.0
  08-24 17:33:13.865 updateTrackPositionChar: positionMs= 0, position= 0
  08-24 17:33:13.865 updateMediaStateChar: state= PLAYING(0x01)
  08-24 17:35:04.051 updatePlaybackSpeedChar: intSpeed=-128, speed= 0.0
  08-24 17:35:04.052 updateTrackPositionChar: positionMs= 0, position= 0
  08-24 17:35:04.557 updatePlaybackSpeedChar: intSpeed=-128, speed= 0.0
  08-24 17:35:04.558 updateTrackPositionChar: positionMs= 0, position= 0
  08-24 17:35:04.558 updateMediaStateChar: state= PAUSED(0x02)
  08-24 17:35:05.065 updatePlaybackSpeedChar: intSpeed=64, speed= 2.0
  08-24 17:35:05.067 updateTrackPositionChar: positionMs= 0, position= 0
  08-24 17:35:05.067 updateMediaStateChar: state= PLAYING(0x01)
  08-24 17:35:39.775 updateTrackPositionChar: positionMs= 0, position= 0
  08-24 17:36:09.320 setInitialCharacteristicValues
  08-24 17:36:09.320 updateMediaStateChar: state= PLAYING(0x01)
  08-24 17:36:09.322 updatePlayerNameChar: name= ''
  08-24 17:36:09.323 updateTrackTitleChar: title= ''
  08-24 17:36:09.324 updateTrackDurationChar: durationMs= -1, duration= -1
  08-24 17:36:09.324 updateTrackPositionChar: positionMs= -1, position= -1
  08-24 17:36:09.325 updatePlaybackSpeedChar: intSpeed=0, speed= 1.0
  08-24 17:36:09.325 updatePlayingOrderSupportedChar: order= 1
  08-24 17:36:09.325 updatePlayingOrderChar: order= SINGLE_ONCE
  08-24 17:36:09.325 updateSupportedOpcodesChar: opcodes= 0x0 ()
  08-24 17:36:09.325 updateMediaStateChar: state= INACTIVE(0x00)
  08-24 17:36:13.656 updateTrackPositionChar: positionMs= 372, position= 37
  08-24 17:36:13.656 updatePlayerNameChar: name= 'Chrome'
  08-24 17:36:13.660 updateSupportedOpcodesChar: opcodes= 0x183f (PLAY | PAUSE | FAST_REWIND | FAST_FORWARD | STOP | MOVE_RELATIVE | PREVIOUS_TRACK | NEXT_TRACK)
  08-24 17:36:13.660 updateTrackTitleChar: title= 'Psychology of Polymaths: Why Having Multiple Interests Is an Unfair Advantage'
  08-24 17:36:13.661 updateTrackDurationChar: durationMs= 817381, duration= 81738
  08-24 17:36:13.661 updateMediaStateChar: state= PLAYING(0x01)
  08-24 17:36:13.667 updatePlayingOrderSupportedChar: order= 4
  08-24 17:36:13.668 updatePlayingOrderChar: order= IN_ORDER_ONCE
  08-24 17:36:14.235 updatePlaybackSpeedChar: intSpeed=-128, speed= 0.0
  08-24 17:36:14.236 updateTrackPositionChar: positionMs= 940, position= 94
  08-24 17:36:14.745 updatePlaybackSpeedChar: intSpeed=0, speed= 1.0
  08-24 17:36:14.746 updateTrackPositionChar: positionMs= 415883, position= 41588
  08-24 17:36:21.175 updatePlaybackSpeedChar: intSpeed=27, speed= 1.35
  08-24 17:36:21.176 updateTrackPositionChar: positionMs= 422312, position= 42231
  08-24 17:36:23.033 updatePlaybackSpeedChar: intSpeed=82, speed= 2.45
  08-24 17:36:23.033 updateTrackPositionChar: positionMs= 426441, position= 42644
  08-24 17:36:24.227 updatePlaybackSpeedChar: intSpeed=-128, speed= 0.0
  08-24 17:36:24.228 updateTrackPositionChar: positionMs= 429343, position= 42934
  08-24 17:36:24.736 updatePlaybackSpeedChar: intSpeed=-128, speed= 0.0
  08-24 17:36:24.736 updateTrackPositionChar: positionMs= 472487, position= 47248
  08-24 17:36:25.764 updatePlaybackSpeedChar: intSpeed=82, speed= 2.45
  08-24 17:36:25.765 updateTrackPositionChar: positionMs= 474183, position= 47418
  08-24 17:36:27.103 updatePlaybackSpeedChar: intSpeed=-128, speed= 0.0
  08-24 17:36:27.104 updateTrackPositionChar: positionMs= 477426, position= 47742
  08-24 17:36:27.626 updatePlaybackSpeedChar: intSpeed=82, speed= 2.45
  08-24 17:36:27.626 updateTrackPositionChar: positionMs= 584554, position= 58455
  08-24 17:36:28.884 updatePlaybackSpeedChar: intSpeed=-128, speed= 0.0
  08-24 17:36:28.885 updateTrackPositionChar: positionMs= 587529, position= 58752
  08-24 17:36:29.403 updatePlaybackSpeedChar: intSpeed=82, speed= 2.45
  08-24 17:36:29.404 updateTrackPositionChar: positionMs= 639275, position= 63927
  08-24 17:36:30.443 updatePlaybackSpeedChar: intSpeed=-128, speed= 0.0
  08-24 17:36:30.444 updateTrackPositionChar: positionMs= 631544, position= 63154
  08-24 17:36:30.444 updateMediaStateChar: state= PAUSED(0x02)
  08-24 17:36:30.944 updatePlaybackSpeedChar: intSpeed=-128, speed= 0.0
  08-24 17:36:30.945 updateTrackPositionChar: positionMs= 621544, position= 62154
  08-24 17:36:31.456 updatePlaybackSpeedChar: intSpeed=82, speed= 2.45
  08-24 17:36:31.456 updateTrackPositionChar: positionMs= 621240, position= 62124
  08-24 17:36:31.456 updateMediaStateChar: state= PLAYING(0x01)
  08-24 17:36:33.417 updatePlaybackSpeedChar: intSpeed=-128, speed= 0.0
  08-24 17:36:33.417 updateTrackPositionChar: positionMs= 625408, position= 62540
  08-24 17:36:33.943 updatePlaybackSpeedChar: intSpeed=-128, speed= 0.0
  08-24 17:36:33.944 updateTrackPositionChar: positionMs= 595405, position= 59540
  08-24 17:36:33.944 updateMediaStateChar: state= PAUSED(0x02)
  08-24 17:36:34.452 updatePlaybackSpeedChar: intSpeed=-128, speed= 0.0
  08-24 17:36:34.453 updateTrackPositionChar: positionMs= 594970, position= 59497
  08-24 17:36:34.453 updateMediaStateChar: state= PLAYING(0x01)
  08-24 17:36:35.611 updatePlaybackSpeedChar: intSpeed=82, speed= 2.45
  08-24 17:36:35.615 updateTrackPositionChar: positionMs= 596990, position= 59699
  08-24 17:37:22.890 updatePlaybackSpeedChar: intSpeed=-128, speed= 0.0
  08-24 17:37:22.890 updateTrackPositionChar: positionMs= 712749, position= 71274
  08-24 17:37:23.376 updatePlaybackSpeedChar: intSpeed=-128, speed= 0.0
  08-24 17:37:23.377 updateTrackPositionChar: positionMs= 702738, position= 70273
  08-24 17:37:23.378 updateMediaStateChar: state= PAUSED(0x02)
  08-24 17:37:23.893 updatePlaybackSpeedChar: intSpeed=-128, speed= 0.0
  08-24 17:37:23.894 updateTrackPositionChar: positionMs= 702062, position= 70206
  08-24 17:37:23.894 updateMediaStateChar: state= PLAYING(0x01)
  08-24 17:37:55.480 updatePlaybackSpeedChar: intSpeed=-128, speed= 0.0
  08-24 17:37:55.480 updateTrackPositionChar: positionMs= 777891, position= 77789
  08-24 17:37:55.976 updatePlaybackSpeedChar: intSpeed=-128, speed= 0.0
  08-24 17:37:55.977 updateTrackPositionChar: positionMs= 767874, position= 76787
  08-24 17:37:55.977 updateMediaStateChar: state= PAUSED(0x02)
  08-24 17:37:56.500 updatePlaybackSpeedChar: intSpeed=82, speed= 2.45
  08-24 17:37:56.501 updateTrackPositionChar: positionMs= 767396, position= 76739
  08-24 17:37:56.501 updateMediaStateChar: state= PLAYING(0x01)
  08-24 17:38:00.532 updatePlaybackSpeedChar: intSpeed=-128, speed= 0.0
  08-24 17:38:00.534 updateTrackPositionChar: positionMs= 776589, position= 77658
  08-24 17:38:01.030 updatePlaybackSpeedChar: intSpeed=-128, speed= 0.0
  08-24 17:38:01.031 updateTrackPositionChar: positionMs= 766586, position= 76658
  08-24 17:38:01.031 updateMediaStateChar: state= PAUSED(0x02)
  08-24 17:38:01.568 updatePlaybackSpeedChar: intSpeed=82, speed= 2.45
  08-24 17:38:01.569 updateTrackPositionChar: positionMs= 766376, position= 76637
  08-24 17:38:01.570 updateMediaStateChar: state= PLAYING(0x01)
  08-24 17:38:03.639 updatePlaybackSpeedChar: intSpeed=-128, speed= 0.0
  08-24 17:38:03.641 updateTrackPositionChar: positionMs= 771336, position= 77133
  08-24 17:38:04.891 updatePlaybackSpeedChar: intSpeed=-128, speed= 0.0
  08-24 17:38:04.892 updateTrackPositionChar: positionMs= 774436, position= 77443
  08-24 17:38:05.409 updatePlaybackSpeedChar: intSpeed=-128, speed= 0.0
  08-24 17:38:05.410 updateTrackPositionChar: positionMs= 764434, position= 76443
  08-24 17:38:05.410 updateMediaStateChar: state= PAUSED(0x02)
  08-24 17:38:05.926 updatePlaybackSpeedChar: intSpeed=82, speed= 2.45
  08-24 17:38:05.927 updateTrackPositionChar: positionMs= 764186, position= 76418
  08-24 17:38:05.927 updateMediaStateChar: state= PLAYING(0x01)
  08-24 17:38:06.945 updatePlaybackSpeedChar: intSpeed=0, speed= 1.0
  08-24 17:38:06.945 updateTrackPositionChar: positionMs= 765795, position= 76579
  08-24 17:38:27.689 updatePlaybackSpeedChar: intSpeed=64, speed= 2.0
  08-24 17:38:27.691 updateTrackPositionChar: positionMs= 786563, position= 78656
  08-24 17:38:30.999 updatePlaybackSpeedChar: intSpeed=0, speed= 1.0
  08-24 17:38:31.003 updateTrackPositionChar: positionMs= 792877, position= 79287
  08-24 17:38:31.514 updateTrackPositionChar: positionMs= 793628, position= 79362
  08-24 17:38:32.048 updatePlaybackSpeedChar: intSpeed=-128, speed= 0.0
  08-24 17:38:32.049 updateTrackPositionChar: positionMs= 794114, position= 79411
  08-24 17:38:32.050 updateMediaStateChar: state= PAUSED(0x02)
  08-24 17:38:33.062 setInitialCharacteristicValues
  08-24 17:38:33.062 updateMediaStateChar: state= PAUSED(0x02)
  08-24 17:38:33.063 updatePlayerNameChar: name= ''
  08-24 17:38:33.063 updateTrackTitleChar: title= ''
  08-24 17:38:33.063 updateTrackDurationChar: durationMs= -1, duration= -1
  08-24 17:38:33.063 updateTrackPositionChar: positionMs= -1, position= -1
  08-24 17:38:33.063 updatePlaybackSpeedChar: intSpeed=0, speed= 1.0
  08-24 17:38:33.063 updatePlayingOrderSupportedChar: order= 1
  08-24 17:38:33.063 updatePlayingOrderChar: order= SINGLE_ONCE
  08-24 17:38:33.064 updateSupportedOpcodesChar: opcodes= 0x0 ()
  08-24 17:38:33.064 updateTrackPositionChar: positionMs= -1, position= -1
  08-24 17:38:33.068 updateTrackTitleChar: title= 'Not Provided'
  08-24 17:38:33.068 updateTrackDurationChar: durationMs= 0, duration= 0
  08-24 17:38:33.068 updateMediaStateChar: state= INACTIVE(0x00)

MediaControlProfile event log:
  08-24 17:36:23.032 onCurrentPlayerStateUpdated: base actions not supported, player actions= 17e, expected at least= 7f
  08-24 17:36:23.032 onCurrentPlayerStateUpdated state= PLAYING, supported opcodes= 0x183f (PLAY | PAUSE | FAST_REWIND | FAST_FORWARD | STOP | MOVE_RELATIVE | PREVIOUS_TRACK | NEXT_TRACK), track position= 426441 (426441)
  08-24 17:36:24.226 onMediaUpdated: track_changed=false state_changed=true queue_changed=false
  08-24 17:36:24.226 onCurrentPlayerStateUpdated: base actions not supported, player actions= 17e, expected at least= 7f
  08-24 17:36:24.227 onCurrentPlayerStateUpdated state= PLAYING, supported opcodes= 0x183f (PLAY | PAUSE | FAST_REWIND | FAST_FORWARD | STOP | MOVE_RELATIVE | PREVIOUS_TRACK | NEXT_TRACK), track position= 429343 (429342)
  08-24 17:36:24.735 onMediaUpdated: track_changed=false state_changed=true queue_changed=false
  08-24 17:36:24.735 onCurrentPlayerStateUpdated: base actions not supported, player actions= 17e, expected at least= 7f
  08-24 17:36:24.735 onCurrentPlayerStateUpdated state= PLAYING, supported opcodes= 0x183f (PLAY | PAUSE | FAST_REWIND | FAST_FORWARD | STOP | MOVE_RELATIVE | PREVIOUS_TRACK | NEXT_TRACK), track position= 472487 (472486)
  08-24 17:36:25.762 onMediaUpdated: track_changed=false state_changed=true queue_changed=false
  08-24 17:36:25.763 onCurrentPlayerStateUpdated: base actions not supported, player actions= 17e, expected at least= 7f
  08-24 17:36:25.763 onCurrentPlayerStateUpdated state= PLAYING, supported opcodes= 0x183f (PLAY | PAUSE | FAST_REWIND | FAST_FORWARD | STOP | MOVE_RELATIVE | PREVIOUS_TRACK | NEXT_TRACK), track position= 474183 (474182)
  08-24 17:36:27.102 onMediaUpdated: track_changed=false state_changed=true queue_changed=false
  08-24 17:36:27.102 onCurrentPlayerStateUpdated: base actions not supported, player actions= 17e, expected at least= 7f
  08-24 17:36:27.102 onCurrentPlayerStateUpdated state= PLAYING, supported opcodes= 0x183f (PLAY | PAUSE | FAST_REWIND | FAST_FORWARD | STOP | MOVE_RELATIVE | PREVIOUS_TRACK | NEXT_TRACK), track position= 477426 (477426)
  08-24 17:36:27.624 onMediaUpdated: track_changed=false state_changed=true queue_changed=false
  08-24 17:36:27.624 onCurrentPlayerStateUpdated: base actions not supported, player actions= 17e, expected at least= 7f
  08-24 17:36:27.624 onCurrentPlayerStateUpdated state= PLAYING, supported opcodes= 0x183f (PLAY | PAUSE | FAST_REWIND | FAST_FORWARD | STOP | MOVE_RELATIVE | PREVIOUS_TRACK | NEXT_TRACK), track position= 584554 (584553)
  08-24 17:36:28.883 onMediaUpdated: track_changed=false state_changed=true queue_changed=false
  08-24 17:36:28.883 onCurrentPlayerStateUpdated: base actions not supported, player actions= 17e, expected at least= 7f
  08-24 17:36:28.883 onCurrentPlayerStateUpdated state= PLAYING, supported opcodes= 0x183f (PLAY | PAUSE | FAST_REWIND | FAST_FORWARD | STOP | MOVE_RELATIVE | PREVIOUS_TRACK | NEXT_TRACK), track position= 587529 (587527)
  08-24 17:36:29.401 onMediaUpdated: track_changed=false state_changed=true queue_changed=false
  08-24 17:36:29.402 onCurrentPlayerStateUpdated: base actions not supported, player actions= 17e, expected at least= 7f
  08-24 17:36:29.402 onCurrentPlayerStateUpdated state= PLAYING, supported opcodes= 0x183f (PLAY | PAUSE | FAST_REWIND | FAST_FORWARD | STOP | MOVE_RELATIVE | PREVIOUS_TRACK | NEXT_TRACK), track position= 639275 (639274)
  08-24 17:36:30.442 onMediaUpdated: track_changed=false state_changed=true queue_changed=false
  08-24 17:36:30.442 onCurrentPlayerStateUpdated: base actions not supported, player actions= 17e, expected at least= 7f
  08-24 17:36:30.442 onCurrentPlayerStateUpdated state= PAUSED, supported opcodes= 0x183f (PLAY | PAUSE | FAST_REWIND | FAST_FORWARD | STOP | MOVE_RELATIVE | PREVIOUS_TRACK | NEXT_TRACK), track position= 631544 (631544)
  08-24 17:36:30.942 onMediaUpdated: track_changed=false state_changed=true queue_changed=false
  08-24 17:36:30.942 onCurrentPlayerStateUpdated: base actions not supported, player actions= 17e, expected at least= 7f
  08-24 17:36:30.942 onCurrentPlayerStateUpdated state= PAUSED, supported opcodes= 0x183f (PLAY | PAUSE | FAST_REWIND | FAST_FORWARD | STOP | MOVE_RELATIVE | PREVIOUS_TRACK | NEXT_TRACK), track position= 621544 (621544)
  08-24 17:36:31.455 onMediaUpdated: track_changed=false state_changed=true queue_changed=false
  08-24 17:36:31.455 onCurrentPlayerStateUpdated: base actions not supported, player actions= 17e, expected at least= 7f
  08-24 17:36:31.455 onCurrentPlayerStateUpdated state= PLAYING, supported opcodes= 0x183f (PLAY | PAUSE | FAST_REWIND | FAST_FORWARD | STOP | MOVE_RELATIVE | PREVIOUS_TRACK | NEXT_TRACK), track position= 621240 (621240)
  08-24 17:36:33.415 onMediaUpdated: track_changed=false state_changed=true queue_changed=false
  08-24 17:36:33.416 onCurrentPlayerStateUpdated: base actions not supported, player actions= 17e, expected at least= 7f
  08-24 17:36:33.416 onCurrentPlayerStateUpdated state= PLAYING, supported opcodes= 0x183f (PLAY | PAUSE | FAST_REWIND | FAST_FORWARD | STOP | MOVE_RELATIVE | PREVIOUS_TRACK | NEXT_TRACK), track position= 625408 (625408)
  08-24 17:36:33.940 onMediaUpdated: track_changed=false state_changed=true queue_changed=false
  08-24 17:36:33.940 onCurrentPlayerStateUpdated: base actions not supported, player actions= 17e, expected at least= 7f
  08-24 17:36:33.940 onCurrentPlayerStateUpdated state= PAUSED, supported opcodes= 0x183f (PLAY | PAUSE | FAST_REWIND | FAST_FORWARD | STOP | MOVE_RELATIVE | PREVIOUS_TRACK | NEXT_TRACK), track position= 595405 (595405)
  08-24 17:36:34.452 onMediaUpdated: track_changed=false state_changed=true queue_changed=false
  08-24 17:36:34.452 onCurrentPlayerStateUpdated: base actions not supported, player actions= 17e, expected at least= 7f
  08-24 17:36:34.452 onCurrentPlayerStateUpdated state= PLAYING, supported opcodes= 0x183f (PLAY | PAUSE | FAST_REWIND | FAST_FORWARD | STOP | MOVE_RELATIVE | PREVIOUS_TRACK | NEXT_TRACK), track position= 594970 (594969)
  08-24 17:36:35.609 onMediaUpdated: track_changed=false state_changed=true queue_changed=false
  08-24 17:36:35.609 onCurrentPlayerStateUpdated: base actions not supported, player actions= 17e, expected at least= 7f
  08-24 17:36:35.610 onCurrentPlayerStateUpdated state= PLAYING, supported opcodes= 0x183f (PLAY | PAUSE | FAST_REWIND | FAST_FORWARD | STOP | MOVE_RELATIVE | PREVIOUS_TRACK | NEXT_TRACK), track position= 596990 (596989)
  08-24 17:37:22.885 onMediaUpdated: track_changed=false state_changed=true queue_changed=false
  08-24 17:37:22.885 onCurrentPlayerStateUpdated: base actions not supported, player actions= 17e, expected at least= 7f
  08-24 17:37:22.885 onCurrentPlayerStateUpdated state= PLAYING, supported opcodes= 0x183f (PLAY | PAUSE | FAST_REWIND | FAST_FORWARD | STOP | MOVE_RELATIVE | PREVIOUS_TRACK | NEXT_TRACK), track position= 712749 (712748)
  08-24 17:37:23.375 onMediaUpdated: track_changed=false state_changed=true queue_changed=false
  08-24 17:37:23.375 onCurrentPlayerStateUpdated: base actions not supported, player actions= 17e, expected at least= 7f
  08-24 17:37:23.375 onCurrentPlayerStateUpdated state= PAUSED, supported opcodes= 0x183f (PLAY | PAUSE | FAST_REWIND | FAST_FORWARD | STOP | MOVE_RELATIVE | PREVIOUS_TRACK | NEXT_TRACK), track position= 702738 (702738)
  08-24 17:37:23.892 onMediaUpdated: track_changed=false state_changed=true queue_changed=false
  08-24 17:37:23.893 onCurrentPlayerStateUpdated: base actions not supported, player actions= 17e, expected at least= 7f
  08-24 17:37:23.893 onCurrentPlayerStateUpdated state= PLAYING, supported opcodes= 0x183f (PLAY | PAUSE | FAST_REWIND | FAST_FORWARD | STOP | MOVE_RELATIVE | PREVIOUS_TRACK | NEXT_TRACK), track position= 702062 (702062)
  08-24 17:37:55.479 onMediaUpdated: track_changed=false state_changed=true queue_changed=false
  08-24 17:37:55.479 onCurrentPlayerStateUpdated: base actions not supported, player actions= 17e, expected at least= 7f
  08-24 17:37:55.479 onCurrentPlayerStateUpdated state= PLAYING, supported opcodes= 0x183f (PLAY | PAUSE | FAST_REWIND | FAST_FORWARD | STOP | MOVE_RELATIVE | PREVIOUS_TRACK | NEXT_TRACK), track position= 777891 (777876)
  08-24 17:37:55.975 onMediaUpdated: track_changed=false state_changed=true queue_changed=false
  08-24 17:37:55.975 onCurrentPlayerStateUpdated: base actions not supported, player actions= 17e, expected at least= 7f
  08-24 17:37:55.975 onCurrentPlayerStateUpdated state= PAUSED, supported opcodes= 0x183f (PLAY | PAUSE | FAST_REWIND | FAST_FORWARD | STOP | MOVE_RELATIVE | PREVIOUS_TRACK | NEXT_TRACK), track position= 767874 (767874)
  08-24 17:37:56.498 onMediaUpdated: track_changed=false state_changed=true queue_changed=false
  08-24 17:37:56.498 onCurrentPlayerStateUpdated: base actions not supported, player actions= 17e, expected at least= 7f
  08-24 17:37:56.498 onCurrentPlayerStateUpdated state= PLAYING, supported opcodes= 0x183f (PLAY | PAUSE | FAST_REWIND | FAST_FORWARD | STOP | MOVE_RELATIVE | PREVIOUS_TRACK | NEXT_TRACK), track position= 767396 (767396)
  08-24 17:38:00.519 onMediaUpdated: track_changed=false state_changed=true queue_changed=false
  08-24 17:38:00.519 onCurrentPlayerStateUpdated: base actions not supported, player actions= 17e, expected at least= 7f
  08-24 17:38:00.519 onCurrentPlayerStateUpdated state= PLAYING, supported opcodes= 0x183f (PLAY | PAUSE | FAST_REWIND | FAST_FORWARD | STOP | MOVE_RELATIVE | PREVIOUS_TRACK | NEXT_TRACK), track position= 776589 (776588)
  08-24 17:38:01.028 onMediaUpdated: track_changed=false state_changed=true queue_changed=false
  08-24 17:38:01.029 onCurrentPlayerStateUpdated: base actions not supported, player actions= 17e, expected at least= 7f
  08-24 17:38:01.029 onCurrentPlayerStateUpdated state= PAUSED, supported opcodes= 0x183f (PLAY | PAUSE | FAST_REWIND | FAST_FORWARD | STOP | MOVE_RELATIVE | PREVIOUS_TRACK | NEXT_TRACK), track position= 766586 (766586)
  08-24 17:38:01.567 onMediaUpdated: track_changed=false state_changed=true queue_changed=false
  08-24 17:38:01.567 onCurrentPlayerStateUpdated: base actions not supported, player actions= 17e, expected at least= 7f
  08-24 17:38:01.568 onCurrentPlayerStateUpdated state= PLAYING, supported opcodes= 0x183f (PLAY | PAUSE | FAST_REWIND | FAST_FORWARD | STOP | MOVE_RELATIVE | PREVIOUS_TRACK | NEXT_TRACK), track position= 766376 (766376)
  08-24 17:38:03.638 onMediaUpdated: track_changed=false state_changed=true queue_changed=false
  08-24 17:38:03.638 onCurrentPlayerStateUpdated: base actions not supported, player actions= 17e, expected at least= 7f
  08-24 17:38:03.638 onCurrentPlayerStateUpdated state= PLAYING, supported opcodes= 0x183f (PLAY | PAUSE | FAST_REWIND | FAST_FORWARD | STOP | MOVE_RELATIVE | PREVIOUS_TRACK | NEXT_TRACK), track position= 771336 (771335)
  08-24 17:38:04.890 onMediaUpdated: track_changed=false state_changed=true queue_changed=false
  08-24 17:38:04.890 onCurrentPlayerStateUpdated: base actions not supported, player actions= 17e, expected at least= 7f
  08-24 17:38:04.890 onCurrentPlayerStateUpdated state= PLAYING, supported opcodes= 0x183f (PLAY | PAUSE | FAST_REWIND | FAST_FORWARD | STOP | MOVE_RELATIVE | PREVIOUS_TRACK | NEXT_TRACK), track position= 774436 (774435)
  08-24 17:38:05.407 onMediaUpdated: track_changed=false state_changed=true queue_changed=false
  08-24 17:38:05.407 onCurrentPlayerStateUpdated: base actions not supported, player actions= 17e, expected at least= 7f
  08-24 17:38:05.408 onCurrentPlayerStateUpdated state= PAUSED, supported opcodes= 0x183f (PLAY | PAUSE | FAST_REWIND | FAST_FORWARD | STOP | MOVE_RELATIVE | PREVIOUS_TRACK | NEXT_TRACK), track position= 764434 (764434)
  08-24 17:38:05.920 onMediaUpdated: track_changed=false state_changed=true queue_changed=false
  08-24 17:38:05.920 onCurrentPlayerStateUpdated: base actions not supported, player actions= 17e, expected at least= 7f
  08-24 17:38:05.920 onCurrentPlayerStateUpdated state= PLAYING, supported opcodes= 0x183f (PLAY | PAUSE | FAST_REWIND | FAST_FORWARD | STOP | MOVE_RELATIVE | PREVIOUS_TRACK | NEXT_TRACK), track position= 764186 (764186)
  08-24 17:38:06.943 onMediaUpdated: track_changed=false state_changed=true queue_changed=false
  08-24 17:38:06.944 onCurrentPlayerStateUpdated: base actions not supported, player actions= 17e, expected at least= 7f
  08-24 17:38:06.944 onCurrentPlayerStateUpdated state= PLAYING, supported opcodes= 0x183f (PLAY | PAUSE | FAST_REWIND | FAST_FORWARD | STOP | MOVE_RELATIVE | PREVIOUS_TRACK | NEXT_TRACK), track position= 765795 (765794)
  08-24 17:38:27.688 onMediaUpdated: track_changed=false state_changed=true queue_changed=false
  08-24 17:38:27.688 onCurrentPlayerStateUpdated: base actions not supported, player actions= 17e, expected at least= 7f
  08-24 17:38:27.688 onCurrentPlayerStateUpdated state= PLAYING, supported opcodes= 0x183f (PLAY | PAUSE | FAST_REWIND | FAST_FORWARD | STOP | MOVE_RELATIVE | PREVIOUS_TRACK | NEXT_TRACK), track position= 786563 (786562)
  08-24 17:38:30.997 onMediaUpdated: track_changed=false state_changed=true queue_changed=false
  08-24 17:38:30.997 onCurrentPlayerStateUpdated: base actions not supported, player actions= 17e, expected at least= 7f
  08-24 17:38:30.997 onCurrentPlayerStateUpdated state= PLAYING, supported opcodes= 0x183f (PLAY | PAUSE | FAST_REWIND | FAST_FORWARD | STOP | MOVE_RELATIVE | PREVIOUS_TRACK | NEXT_TRACK), track position= 792877 (792875)
  08-24 17:38:31.513 onMediaUpdated: track_changed=false state_changed=true queue_changed=false
  08-24 17:38:31.514 onCurrentPlayerStateUpdated: base actions not supported, player actions= 17e, expected at least= 7f
  08-24 17:38:31.514 onCurrentPlayerStateUpdated state= PLAYING, supported opcodes= 0x183f (PLAY | PAUSE | FAST_REWIND | FAST_FORWARD | STOP | MOVE_RELATIVE | PREVIOUS_TRACK | NEXT_TRACK), track position= 793628 (793628)
  08-24 17:38:32.040 onMediaUpdated: track_changed=false state_changed=true queue_changed=false
  08-24 17:38:32.047 onCurrentPlayerStateUpdated: base actions not supported, player actions= 17e, expected at least= 7f
  08-24 17:38:32.047 onCurrentPlayerStateUpdated state= PAUSED, supported opcodes= 0x183f (PLAY | PAUSE | FAST_REWIND | FAST_FORWARD | STOP | MOVE_RELATIVE | PREVIOUS_TRACK | NEXT_TRACK), track position= 794114 (794114)
  08-24 17:38:33.062 onMediaUpdated: track_changed=true state_changed=true queue_changed=true
  08-24 17:38:33.062 onCurrentPlayerStateUpdated metadata: title= 'Not Provided', duration= 0


Profile: BluetoothOppService

Profile: PanService
  mMaxPanDevices: 5
  mPanIfName: bt-pan
  mTetherOn: false
  mPanDevices:

Profile: BluetoothPbapService

Profile: SapService

Profile: VolumeControlService

Connection Events:
  08-24 16:53:35.354 DISCONNECTED xx:xx:xx:xx:30:27 reason=0
  08-24 16:53:35.354 DISCONNECTED xx:xx:xx:xx:30:27 reason=0
  08-24 16:53:35.354 DISCONNECTED xx:xx:xx:xx:30:27 reason=0
  08-24 16:53:35.354 DISCONNECTED xx:xx:xx:xx:30:27 reason=0
  08-24 16:53:35.354 DISCONNECTED xx:xx:xx:xx:30:27 reason=0
  08-24 16:53:35.354 DISCONNECTED xx:xx:xx:xx:30:27 reason=0
  08-24 16:53:35.354 DISCONNECTED xx:xx:xx:xx:30:27 reason=0
  08-24 16:53:35.354 DISCONNECTED xx:xx:xx:xx:30:27 reason=0
  08-24 16:53:35.354 DISCONNECTED xx:xx:xx:xx:30:27 reason=0
  08-24 16:53:35.354 DISCONNECTED xx:xx:xx:xx:30:27 reason=0
  08-24 16:53:35.354 DISCONNECTED xx:xx:xx:xx:30:27 reason=0
  08-24 16:53:35.354 DISCONNECTED xx:xx:xx:xx:30:27 reason=0
  08-24 16:53:35.354 DISCONNECTED xx:xx:xx:xx:30:27 reason=0
  08-24 16:53:35.353 DISCONNECTED xx:xx:xx:xx:30:27 reason=0
  08-24 16:53:35.353 DISCONNECTED xx:xx:xx:xx:30:27 reason=0
  08-24 16:53:35.353 DISCONNECTED xx:xx:xx:xx:30:27 reason=0

Bond Events: 
  Total Number of events: 8
  Time          address            Function             State
  14:49:33.052  xx:xx:xx:xx:6c:24  bond_state_changed   BOND_STATE_BONDING
  14:49:33.672  xx:xx:xx:xx:6c:24  bond_state_changed   BOND_STATE_NONE
  15:47:45.674  xx:xx:xx:xx:6c:24  bond_state_changed   BOND_STATE_BONDING
  15:47:46.221  xx:xx:xx:xx:6c:24  bond_state_changed   BOND_STATE_NONE
  15:47:58.238  xx:xx:xx:xx:6c:24  bond_state_changed   BOND_STATE_BONDING
  15:47:58.826  xx:xx:xx:xx:6c:24  bond_state_changed   BOND_STATE_NONE
  18:08:33.107  xx:xx:xx:xx:73:de  btif_dm_remove_bond  BOND_STATE_NONE
  18:08:33.231  xx:xx:xx:xx:73:de  bond_state_changed   BOND_STATE_NONE

Link Key Types:
  xx:xx:xx:xx:cc:19
    BR: AUTH_COMB
    LE:
  xx:xx:xx:xx:04:5c
    BR: COMBINATION
    LE:
  xx:xx:xx:xx:d1:ea
    BR: UNAUTH_COMB
    LE:
  xx:xx:xx:xx:33:f9
    BR: 
    LE: PENC PID LID
  xx:xx:xx:xx:33:fa
    BR: 
    LE: PENC PID LID
  xx:xx:xx:xx:5a:35
    BR: UNAUTH_COMB
    LE:
  xx:xx:xx:xx:d7:f4
    BR: UNAUTH_COMB
    LE:
  xx:xx:xx:xx:30:27
    BR: 
    LE: PENC PID LENC LID
  xx:xx:xx:xx:6d:44
    BR: 
    LE: PENC PID LENC LID
  xx:xx:xx:xx:e3:08
    BR: AUTH_COMB
    LE:
  xx:xx:xx:xx:c8:a6
    BR: UNAUTH_COMB
    LE:
  xx:xx:xx:xx:be:04
    BR: AUTH_COMB_P_256
    LE: PENC PID PCSRK LENC LCSRK LID
  xx:xx:xx:xx:af:12
    BR: AUTH_COMB_P_256
    LE:
  xx:xx:xx:xx:fb:77
    BR: UNAUTH_COMB
    LE:
  xx:xx:xx:xx:8d:51
    BR: AUTH_COMB_P_256
    LE: LID

AVRCP Native State:
  Devices (0 / 5):

A2DP State:
  TxQueue:
  Counts (enqueue/dequeue/readbuf)                        : 0 / 0 / 0
  Last update time ago in ms (enqueue/dequeue/readbuf)    : 0 / 0 / 0
  Frames per packet (total/max/ave)                       : 0 / 0 / 0
  Counts (flushed/dropped/dropouts)                       : 0 / 0 / 0
  Counts (max dropped)                                    : 0
  Last update time ago in ms (flushed/dropped)            : 0 / 0
  Counts (underflow)                                      : 0
  Bytes (underflow)                                       : 0
  Last update time ago in ms (underflow)                  : 0
  Enqueue deviation counts (overdue/premature)            : 0 / 0
  Enqueue overdue scheduling time in ms (total/max/ave)   : 0 / 0 / 0
  Enqueue premature scheduling time in ms (total/max/ave) : 0 / 0 / 0
  Dequeue deviation counts (overdue/premature)            : 0 / 0
  Dequeue overdue scheduling time in ms (total/max/ave)   : 0 / 0 / 0
  Dequeue premature scheduling time in ms (total/max/ave) : 0 / 0 / 0

A2DP Source State: Enabled
  Active peer: 00:00:00:00:00:00

A2DP Sink State: Disabled

Socket Events: 
  Time        	Address          	State             	Role
  18:08:21.954	xx:xx:xx:xx:73:de	STATE_CONNECTED   	ROLE_CONNECTION
  18:08:33.219	xx:xx:xx:xx:73:de	STATE_DISCONNECTED   	ROLE_CONNECTION
  18:22:44.313	xx:xx:xx:xx:8d:51	STATE_DISCONNECTED   	ROLE_CONNECTION
  18:22:45.922	xx:xx:xx:xx:8d:51	STATE_CONNECTED   	ROLE_CONNECTION
  18:23:19.148	00:00:00:00:00:00	STATE_DISCONNECTED   	ROLE_LISTEN
  18:23:19.153	xx:xx:xx:xx:8d:51	STATE_DISCONNECTED   	ROLE_CONNECTION
  18:23:20.272	00:00:00:00:00:00	STATE_LISTENING   	ROLE_LISTEN
  18:23:20.272	00:00:00:00:00:00	STATE_LISTENING   	ROLE_LISTEN
  18:23:25.485	xx:xx:xx:xx:8d:51	STATE_CONNECTED   	ROLE_CONNECTION
  18:49:22.746	xx:xx:xx:xx:8d:51	STATE_DISCONNECTED   	ROLE_CONNECTION
  18:49:24.383	xx:xx:xx:xx:8d:51	STATE_CONNECTED   	ROLE_CONNECTION
  18:49:59.581	00:00:00:00:00:00	STATE_DISCONNECTED   	ROLE_LISTEN
  18:49:59.581	xx:xx:xx:xx:8d:51	STATE_DISCONNECTED   	ROLE_CONNECTION
  18:50:01.634	00:00:00:00:00:00	STATE_LISTENING   	ROLE_LISTEN
  18:50:01.637	00:00:00:00:00:00	STATE_LISTENING   	ROLE_LISTEN
  18:50:08.359	xx:xx:xx:xx:8d:51	STATE_CONNECTED   	ROLE_CONNECTION


AVRCP Target Native Service: 0 devices

Bluetooth Config:
  Config Source: Not loaded
  Devices loaded: 0
  File created/tagged: 
  File source: Empty

Bluetooth HF Client BTA Statistics

Bluetooth Wakelock Statistics:
  Is acquired                    : false
  Acquired/released count        : 459 / 459
  Acquired/released error count  : 0 / 0
  Last acquire/release error code: 0 / 0
  Last acquired time (ms)        : 502
  Acquired time min/max/avg (ms) : 6 / 2771 / 519
  Total acquired time (ms)       : 238249
  Total run time (ms)            : 15281437

Bluetooth Alarms Statistics:
  Total Alarms: 0

Coordinated Set Service Client:
  APP ID: 4
  Groups:

Hearing Access Service Client:
 APP ID: 5 
  "No known HAS devices"

Hearing Aid Manager:
  Hearing Aid Audio HAL:
    Counts (underflow)                                      : 0
    Bytes (underflow)                                       : 0
    Last update time ago in ms (underflow)                  : 0

Device Groups Manager:
  Num. registered clients: 2
  Groups:
LeAudio Manager: 
  APP ID: 11 
  Active group: -1
  reconnection mode: Targeted Announcements 
  configuration: UNINITIALIZED  (0x00000000)
  local source metadata context type mask:  (0x0000)
  local sink metadata context type mask:  (0x0000)
  TBS state: No calls
  Start time: 
 Speaker codec config (audio framework) 
	sample rate: 48000,	chan: 2,	bits: 16,	data_interval_us: 10000
 Microphone codec config (audio framework) 
	sample rate: 16000,	chan: 2,	bits: 16,	data_interval_us: 10000
 Speaker codec config (Bluetooth)
	audio sender state: IDLE
	sample rate: 0,	chan: 0,	bits: 0,	data_interval_us: 0
 Microphone codec config (Bluetooth)
	audio receiver state: IDLE
	sample rate: 0,	chan: 0,	bits: 0,	data_interval_us: 0
  ----------------
   LE Audio Groups:

  Not grouped devices:
  LE AudioHalClient:
    Counts (underflow)                                      : 0
    Bytes (underflow)                                       : 0
    Last update time ago in ms (underflow)                  : 0

 AudioSetConfigurationProvider: 

  === Configurations for context type: 1, num: 69 
  name: DualDev_OneChanStereoSnk_48_4_High_Reliability 
    direction: Sink (speaker)
     number of devices: 2 
     number of ASEs: 2 
     strategy: 0 
     qos->target latency: 3 
     qos->retransmission_number: 0 
     qos->max_transport_latency: 0 
     channel count: 1
  name: DualDev_OneChanStereoSnk_48_4_2 
    direction: Sink (speaker)
     number of devices: 2 
     number of ASEs: 2 
     strategy: 0 
     qos->target latency: 2 
     qos->retransmission_number: 13 
     qos->max_transport_latency: 100 
     channel count: 1
  name: DualDev_OneChanStereoSnk_48_2_High_Reliability 
    direction: Sink (speaker)
     number of devices: 2 
     number of ASEs: 2 
     strategy: 0 
     qos->target latency: 3 
     qos->retransmission_number: 0 
     qos->max_transport_latency: 0 
     channel count: 1
  name: DualDev_OneChanStereoSnk_48_2_2 
    direction: Sink (speaker)
     number of devices: 2 
     number of ASEs: 2 
     strategy: 0 
     qos->target latency: 2 
     qos->retransmission_number: 13 
     qos->max_transport_latency: 95 
     channel count: 1
  name: DualDev_OneChanStereoSnk_48_3_High_Reliability 
    direction: Sink (speaker)
     number of devices: 2 
     number of ASEs: 2 
     strategy: 0 
     qos->target latency: 3 
     qos->retransmission_number: 0 
     qos->max_transport_latency: 0 
     channel count: 1
  name: DualDev_OneChanStereoSnk_48_3_2 
    direction: Sink (speaker)
     number of devices: 2 
     number of ASEs: 2 
     strategy: 0 
     qos->target latency: 2 
     qos->retransmission_number: 13 
     qos->max_transport_latency: 75 
     channel count: 1
  name: DualDev_OneChanStereoSnk_48_1_High_Reliability 
    direction: Sink (speaker)
     number of devices: 2 
     number of ASEs: 2 
     strategy: 0 
     qos->target latency: 3 
     qos->retransmission_number: 0 
     qos->max_transport_latency: 0 
     channel count: 1
  name: DualDev_OneChanStereoSnk_48_1_2 
    direction: Sink (speaker)
     number of devices: 2 
     number of ASEs: 2 
     strategy: 0 
     qos->target latency: 2 
     qos->retransmission_number: 13 
     qos->max_transport_latency: 75 
     channel count: 1
  name: DualDev_OneChanStereoSnk_24_2_Balanced_Reliability 
    direction: Sink (speaker)
     number of devices: 2 
     number of ASEs: 2 
     strategy: 0 
     qos->target latency: 2 
     qos->retransmission_number: 0 
     qos->max_transport_latency: 0 
     channel count: 1
  name: DualDev_OneChanStereoSnk_24_2_2 
    direction: Sink (speaker)
     number of devices: 2 
     number of ASEs: 2 
     strategy: 0 
     qos->target latency: 2 
     qos->retransmission_number: 13 
     qos->max_transport_latency: 95 
     channel count: 1
  name: DualDev_OneChanStereoSnk_16_2_Balanced_Reliability 
    direction: Sink (speaker)
     number of devices: 2 
     number of ASEs: 2 
     strategy: 0 
     qos->target latency: 2 
     qos->retransmission_number: 0 
     qos->max_transport_latency: 0 
     channel count: 1
  name: DualDev_OneChanStereoSnk_16_2_2 
    direction: Sink (speaker)
     number of devices: 2 
     number of ASEs: 2 
     strategy: 0 
     qos->target latency: 2 
     qos->retransmission_number: 13 
     qos->max_transport_latency: 95 
     channel count: 1
  name: DualDev_OneChanStereoSnk_16_1_Balanced_Reliability 
    direction: Sink (speaker)
     number of devices: 2 
     number of ASEs: 2 
     strategy: 0 
     qos->target latency: 2 
     qos->retransmission_number: 0 
     qos->max_transport_latency: 0 
     channel count: 1
  name: DualDev_OneChanStereoSnk_16_1_2 
    direction: Sink (speaker)
     number of devices: 2 
     number of ASEs: 2 
     strategy: 0 
     qos->target latency: 2 
     qos->retransmission_number: 13 
     qos->max_transport_latency: 75 
     channel count: 1
  name: SingleDev_OneChanStereoSnk_48_4_High_Reliability 
    direction: Sink (speaker)
     number of devices: 1 
     number of ASEs: 2 
     strategy: 1 
     qos->target latency: 3 
     qos->retransmission_number: 0 
     qos->max_transport_latency: 0 
     channel count: 1
  name: SingleDev_OneChanStereoSnk_48_4_2 
    direction: Sink (speaker)
     number of devices: 1 
     number of ASEs: 2 
     strategy: 1 
     qos->target latency: 2 
     qos->retransmission_number: 13 
     qos->max_transport_latency: 100 
     channel count: 1
  name: SingleDev_OneChanStereoSnk_48_2_High_Reliability 
    direction: Sink (speaker)
     number of devices: 1 
     number of ASEs: 2 
     strategy: 1 
     qos->target latency: 3 
     qos->retransmission_number: 0 
     qos->max_transport_latency: 0 
     channel count: 1
  name: SingleDev_OneChanStereoSnk_48_2_2 
    direction: Sink (speaker)
     number of devices: 1 
     number of ASEs: 2 
     strategy: 1 
     qos->target latency: 2 
     qos->retransmission_number: 13 
     qos->max_transport_latency: 95 
     channel count: 1
  name: SingleDev_OneChanStereoSnk_48_3_High_Reliability 
    direction: Sink (speaker)
     number of devices: 1 
     number of ASEs: 2 
     strategy: 1 
     qos->target latency: 3 
     qos->retransmission_number: 0 
     qos->max_transport_latency: 0 
     channel count: 1
  name: SingleDev_OneChanStereoSnk_48_3_2 
    direction: Sink (speaker)
     number of devices: 1 
     number of ASEs: 2 
     strategy: 1 
     qos->target latency: 2 
     qos->retransmission_number: 13 
     qos->max_transport_latency: 75 
     channel count: 1
  name: SingleDev_OneChanStereoSnk_48_1_High_Reliability 
    direction: Sink (speaker)
     number of devices: 1 
     number of ASEs: 2 
     strategy: 1 
     qos->target latency: 3 
     qos->retransmission_number: 0 
     qos->max_transport_latency: 0 
     channel count: 1
  name: SingleDev_OneChanStereoSnk_48_1_2 
    direction: Sink (speaker)
     number of devices: 1 
     number of ASEs: 2 
     strategy: 1 
     qos->target latency: 2 
     qos->retransmission_number: 13 
     qos->max_transport_latency: 75 
     channel count: 1
  name: SingleDev_OneChanStereoSnk_24_2_Balanced_Reliability 
    direction: Sink (speaker)
     number of devices: 1 
     number of ASEs: 2 
     strategy: 1 
     qos->target latency: 2 
     qos->retransmission_number: 0 
     qos->max_transport_latency: 0 
     channel count: 1
  name: SingleDev_OneChanStereoSnk_24_2_2 
    direction: Sink (speaker)
     number of devices: 1 
     number of ASEs: 2 
     strategy: 1 
     qos->target latency: 2 
     qos->retransmission_number: 13 
     qos->max_transport_latency: 95 
     channel count: 1
  name: SingleDev_OneChanStereoSnk_16_2_Balanced_Reliability 
    direction: Sink (speaker)
     number of devices: 1 
     number of ASEs: 2 
     strategy: 1 
     qos->target latency: 2 
     qos->retransmission_number: 0 
     qos->max_transport_latency: 0 
     channel count: 1
  name: SingleDev_OneChanStereoSnk_16_2_2 
    direction: Sink (speaker)
     number of devices: 1 
     number of ASEs: 2 
     strategy: 1 
     qos->target latency: 2 
     qos->retransmission_number: 13 
     qos->max_transport_latency: 95 
     channel count: 1
  name: SingleDev_OneChanStereoSnk_16_1_Balanced_Reliability 
    direction: Sink (speaker)
     number of devices: 1 
     number of ASEs: 2 
     strategy: 1 
     qos->target latency: 2 
     qos->retransmission_number: 0 
     qos->max_transport_latency: 0 
     channel count: 1
  name: SingleDev_OneChanStereoSnk_16_1_2 
    direction: Sink (speaker)
     number of devices: 1 
     number of ASEs: 2 
     strategy: 1 
     qos->target latency: 2 
     qos->retransmission_number: 13 
     qos->max_transport_latency: 75 
     channel count: 1
  name: SingleDev_TwoChanStereoSnk_48_4_High_Reliability 
    direction: Sink (speaker)
     number of devices: 1 
     number of ASEs: 1 
     strategy: 2 
     qos->target latency: 3 
     qos->retransmission_number: 0 
     qos->max_transport_latency: 0 
     channel count: 2
  name: SingleDev_TwoChanStereoSnk_48_4_2 
    direction: Sink (speaker)
     number of devices: 1 
     number of ASEs: 1 
     strategy: 2 
     qos->target latency: 2 
     qos->retransmission_number: 13 
     qos->max_transport_latency: 100 
     channel count: 2
  name: SingleDev_TwoChanStereoSnk_48_4_High_Reliability 
    direction: Sink (speaker)
     number of devices: 1 
     number of ASEs: 1 
     strategy: 2 
     qos->target latency: 3 
     qos->retransmission_number: 0 
     qos->max_transport_latency: 0 
     channel count: 2
  name: SingleDev_TwoChanStereoSnk_48_4_2 
    direction: Sink (speaker)
     number of devices: 1 
     number of ASEs: 1 
     strategy: 2 
     qos->target latency: 2 
     qos->retransmission_number: 13 
     qos->max_transport_latency: 100 
     channel count: 2
  name: SingleDev_TwoChanStereoSnk_48_2_High_Reliability 
    direction: Sink (speaker)
     number of devices: 1 
     number of ASEs: 1 
     strategy: 2 
     qos->target latency: 3 
     qos->retransmission_number: 0 
     qos->max_transport_latency: 0 
     channel count: 2
  name: SingleDev_TwoChanStereoSnk_48_2_2 
    direction: Sink (speaker)
     number of devices: 1 
     number of ASEs: 1 
     strategy: 2 
     qos->target latency: 2 
     qos->retransmission_number: 13 
     qos->max_transport_latency: 95 
     channel count: 2
  name: SingleDev_TwoChanStereoSnk_48_3_High_Reliability 
    direction: Sink (speaker)
     number of devices: 1 
     number of ASEs: 1 
     strategy: 2 
     qos->target latency: 3 
     qos->retransmission_number: 0 
     qos->max_transport_latency: 0 
     channel count: 2
  name: SingleDev_TwoChanStereoSnk_48_3_2 
    direction: Sink (speaker)
     number of devices: 1 
     number of ASEs: 1 
     strategy: 2 
     qos->target latency: 2 
     qos->retransmission_number: 13 
     qos->max_transport_latency: 75 
     channel count: 2
  name: SingleDev_TwoChanStereoSnk_48_1_High_Reliability 
    direction: Sink (speaker)
     number of devices: 1 
     number of ASEs: 1 
     strategy: 2 
     qos->target latency: 3 
     qos->retransmission_number: 0 
     qos->max_transport_latency: 0 
     channel count: 2
  name: SingleDev_TwoChanStereoSnk_48_1_2 
    direction: Sink (speaker)
     number of devices: 1 
     number of ASEs: 1 
     strategy: 2 
     qos->target latency: 2 
     qos->retransmission_number: 13 
     qos->max_transport_latency: 75 
     channel count: 2
  name: SingleDev_TwoChanStereoSnk_24_2_Balanced_Reliability 
    direction: Sink (speaker)
     number of devices: 1 
     number of ASEs: 1 
     strategy: 2 
     qos->target latency: 2 
     qos->retransmission_number: 0 
     qos->max_transport_latency: 0 
     channel count: 2
  name: SingleDev_TwoChanStereoSnk_24_2_2 
    direction: Sink (speaker)
     number of devices: 1 
     number of ASEs: 1 
     strategy: 2 
     qos->target latency: 2 
     qos->retransmission_number: 13 
     qos->max_transport_latency: 95 
     channel count: 2
  name: SingleDev_TwoChanStereoSnk_16_2_Balanced_Reliability 
    direction: Sink (speaker)
     number of devices: 1 
     number of ASEs: 1 
     strategy: 2 
     qos->target latency: 2 
     qos->retransmission_number: 0 
     qos->max_transport_latency: 0 
     channel count: 2
  name: SingleDev_TwoChanStereoSnk_16_2_2 
    direction: Sink (speaker)
     number of devices: 1 
     number of ASEs: 1 
     strategy: 2 
     qos->target latency: 2 
     qos->retransmission_number: 13 
     qos->max_transport_latency: 95 
     channel count: 2
  name: SingleDev_TwoChanStereoSnk_16_1_Balanced_Reliability 
    direction: Sink (speaker)
     number of devices: 1 
     number of ASEs: 1 
     strategy: 2 
     qos->target latency: 2 
     qos->retransmission_number: 0 
     qos->max_transport_latency: 0 
     channel count: 2
  name: SingleDev_TwoChanStereoSnk_16_1_2 
    direction: Sink (speaker)
     number of devices: 1 
     number of ASEs: 1 
     strategy: 2 
     qos->target latency: 2 
     qos->retransmission_number: 13 
     qos->max_transport_latency: 75 
     channel count: 2
  name: SingleDev_OneChanMonoSnk_48_4_High_Reliability 
    direction: Sink (speaker)
     number of devices: 1 
     number of ASEs: 1 
     strategy: 0 
     qos->target latency: 3 
     qos->retransmission_number: 0 
     qos->max_transport_latency: 0 
     channel count: 1
  name: SingleDev_OneChanMonoSnk_48_4_2 
    direction: Sink (speaker)
     number of devices: 1 
     number of ASEs: 1 
     strategy: 0 
     qos->target latency: 2 
     qos->retransmission_number: 13 
     qos->max_transport_latency: 100 
     channel count: 1
  name: SingleDev_OneChanMonoSnk_48_2_High_Reliability 
    direction: Sink (speaker)
     number of devices: 1 
     number of ASEs: 1 
     strategy: 0 
     qos->target latency: 3 
     qos->retransmission_number: 0 
     qos->max_transport_latency: 0 
     channel count: 1
  name: SingleDev_OneChanMonoSnk_48_2_2 
    direction: Sink (speaker)
     number of devices: 1 
     number of ASEs: 1 
     strategy: 0 
     qos->target latency: 2 
     qos->retransmission_number: 13 
     qos->max_transport_latency: 95 
     channel count: 1
  name: SingleDev_OneChanMonoSnk_48_3_High_Reliability 
    direction: Sink (speaker)
     number of devices: 1 
     number of ASEs: 1 
     strategy: 0 
     qos->target latency: 3 
     qos->retransmission_number: 0 
     qos->max_transport_latency: 0 
     channel count: 1
  name: SingleDev_OneChanMonoSnk_48_3_2 
    direction: Sink (speaker)
     number of devices: 1 
     number of ASEs: 1 
     strategy: 0 
     qos->target latency: 2 
     qos->retransmission_number: 13 
     qos->max_transport_latency: 75 
     channel count: 1
  name: SingleDev_OneChanMonoSnk_48_1_High_Reliability 
    direction: Sink (speaker)
     number of devices: 1 
     number of ASEs: 1 
     strategy: 0 
     qos->target latency: 3 
     qos->retransmission_number: 0 
     qos->max_transport_latency: 0 
     channel count: 1
  name: SingleDev_OneChanMonoSnk_48_1_2 
    direction: Sink (speaker)
     number of devices: 1 
     number of ASEs: 1 
     strategy: 0 
     qos->target latency: 2 
     qos->retransmission_number: 13 
     qos->max_transport_latency: 75 
     channel count: 1
  name: SingleDev_OneChanMonoSnk_32_2_Balanced_Reliability 
    direction: Sink (speaker)
     number of devices: 1 
     number of ASEs: 1 
     strategy: 0 
     qos->target latency: 2 
     qos->retransmission_number: 0 
     qos->max_transport_latency: 0 
     channel count: 1
  name: SingleDev_OneChanMonoSnk_32_1_Balanced_Reliability 
    direction: Sink (speaker)
     number of devices: 1 
     number of ASEs: 1 
     strategy: 0 
     qos->target latency: 2 
     qos->retransmission_number: 0 
     qos->max_transport_latency: 0 
     channel count: 1
  name: SingleDev_OneChanMonoSnk_24_2_Balanced_Reliability 
    direction: Sink (speaker)
     number of devices: 1 
     number of ASEs: 1 
     strategy: 0 
     qos->target latency: 2 
     qos->retransmission_number: 0 
     qos->max_transport_latency: 0 
     channel count: 1
  name: SingleDev_OneChanMonoSnk_24_2_2 
    direction: Sink (speaker)
     number of devices: 1 
     number of ASEs: 1 
     strategy: 0 
     qos->target latency: 2 
     qos->retransmission_number: 13 
     qos->max_transport_latency: 95 
     channel count: 1
  name: SingleDev_OneChanMonoSnk_16_2_Balanced_Reliability 
    direction: Sink (speaker)
     number of devices: 1 
     number of ASEs: 1 
     strategy: 0 
     qos->target latency: 2 
     qos->retransmission_number: 0 
     qos->max_transport_latency: 0 
     channel count: 1
  name: SingleDev_OneChanMonoSnk_16_2_2 
    direction: Sink (speaker)
     number of devices: 1 
     number of ASEs: 1 
     strategy: 0 
     qos->target latency: 2 
     qos->retransmission_number: 13 
     qos->max_transport_latency: 95 
     channel count: 1
  name: SingleDev_OneChanMonoSnk_16_1_Balanced_Reliability 
    direction: Sink (speaker)
     number of devices: 1 
     number of ASEs: 1 
     strategy: 0 
     qos->target latency: 2 
     qos->retransmission_number: 0 
     qos->max_transport_latency: 0 
     channel count: 1
  name: SingleDev_OneChanMonoSnk_16_1_2 
    direction: Sink (speaker)
     number of devices: 1 
     number of ASEs: 1 
     strategy: 0 
     qos->target latency: 2 
     qos->retransmission_number: 13 
     qos->max_transport_latency: 75 
     channel count: 1
  name: VND_DualDev_OneChanStereoSnk_48khz_100octs_High_Reliability_1 
    direction: Sink (speaker)
     number of devices: 2 
     number of ASEs: 2 
     strategy: 0 
     qos->target latency: 3 
     qos->retransmission_number: 0 
     qos->max_transport_latency: 0 
     channel count: 1
  name: VND_DualDev_OneChanStereoSnk_48khz_100octs_R15_L70_1 
    direction: Sink (speaker)
     number of devices: 2 
     number of ASEs: 2 
     strategy: 0 
     qos->target latency: 2 
     qos->retransmission_number: 15 
     qos->max_transport_latency: 70 
     channel count: 1
  name: VND_SingleDev_TwoChanStereoSnk_48khz_100octs_High_Reliability_1 
    direction: Sink (speaker)
     number of devices: 1 
     number of ASEs: 1 
     strategy: 2 
     qos->target latency: 3 
     qos->retransmission_number: 0 
     qos->max_transport_latency: 0 
     channel count: 2
  name: VND_SingleDev_TwoChanStereoSnk_48khz_100octs_R15_L70_1 
    direction: Sink (speaker)
     number of devices: 1 
     number of ASEs: 1 
     strategy: 2 
     qos->target latency: 2 
     qos->retransmission_number: 15 
     qos->max_transport_latency: 70 
     channel count: 2
  name: VND_SingleDev_OneChanStereoSnk_48khz_100octs_High_Reliability_1 
    direction: Sink (speaker)
     number of devices: 1 
     number of ASEs: 2 
     strategy: 1 
     qos->target latency: 3 
     qos->retransmission_number: 0 
     qos->max_transport_latency: 0 
     channel count: 1
  name: VND_SingleDev_OneChanStereoSnk_48khz_100octs_R15_L70_1 
    direction: Sink (speaker)
     number of devices: 1 
     number of ASEs: 2 
     strategy: 1 
     qos->target latency: 2 
     qos->retransmission_number: 15 
     qos->max_transport_latency: 70 
     channel count: 1
  name: DualDev_OneChanMonoSrc_16_2_Balanced_Reliability 
    direction: Source (mic)
     number of devices: 2 
     number of ASEs: 2 
     strategy: 0 
     qos->target latency: 2 
     qos->retransmission_number: 0 
     qos->max_transport_latency: 0 
     channel count: 1
  name: SingleDev_OneChanStereoSrc_16_2_Balanced_Reliability 
    direction: Source (mic)
     number of devices: 1 
     number of ASEs: 2 
     strategy: 1 
     qos->target latency: 2 
     qos->retransmission_number: 0 
     qos->max_transport_latency: 0 
     channel count: 1
  name: SingleDev_OneChanMonoSrc_16_2_Balanced_Reliability 
    direction: Source (mic)
     number of devices: 1 
     number of ASEs: 1 
     strategy: 0 
     qos->target latency: 2 
     qos->retransmission_number: 0 
     qos->max_transport_latency: 0 
     channel count: 1

  === Configurations for context type: 2, num: 60 
  name: DualDev_OneChanStereoSnk_OneChanStereoSrc_16_2_Low_Latency 
    direction: Sink (speaker)
     number of devices: 2 
     number of ASEs: 2 
     strategy: 0 
     qos->target latency: 1 
     qos->retransmission_number: 0 
     qos->max_transport_latency: 0 
     channel count: 1
    direction: Source (mic)
     number of devices: 2 
     number of ASEs: 2 
     strategy: 0 
     qos->target latency: 1 
     qos->retransmission_number: 0 
     qos->max_transport_latency: 0 
     channel count: 1
  name: DualDev_OneChanStereoSnk_OneChanStereoSrc_16_2_1 
    direction: Sink (speaker)
     number of devices: 2 
     number of ASEs: 2 
     strategy: 0 
     qos->target latency: 2 
     qos->retransmission_number: 2 
     qos->max_transport_latency: 10 
     channel count: 1
    direction: Source (mic)
     number of devices: 2 
     number of ASEs: 2 
     strategy: 0 
     qos->target latency: 2 
     qos->retransmission_number: 2 
     qos->max_transport_latency: 10 
     channel count: 1
  name: DualDev_OneChanStereoSnk_OneChanStereoSrc_16_2_2 
    direction: Sink (speaker)
     number of devices: 2 
     number of ASEs: 2 
     strategy: 0 
     qos->target latency: 2 
     qos->retransmission_number: 13 
     qos->max_transport_latency: 95 
     channel count: 1
    direction: Source (mic)
     number of devices: 2 
     number of ASEs: 2 
     strategy: 0 
     qos->target latency: 2 
     qos->retransmission_number: 13 
     qos->max_transport_latency: 95 
     channel count: 1
  name: DualDev_OneChanStereoSnk_OneChanStereoSrc_16_1_Low_Latency 
    direction: Sink (speaker)
     number of devices: 2 
     number of ASEs: 2 
     strategy: 0 
     qos->target latency: 1 
     qos->retransmission_number: 0 
     qos->max_transport_latency: 0 
     channel count: 1
    direction: Source (mic)
     number of devices: 2 
     number of ASEs: 2 
     strategy: 0 
     qos->target latency: 1 
     qos->retransmission_number: 0 
     qos->max_transport_latency: 0 
     channel count: 1
  name: DualDev_OneChanStereoSnk_OneChanStereoSrc_16_1_1 
    direction: Sink (speaker)
     number of devices: 2 
     number of ASEs: 2 
     strategy: 0 
     qos->target latency: 2 
     qos->retransmission_number: 2 
     qos->max_transport_latency: 8 
     channel count: 1
    direction: Source (mic)
     number of devices: 2 
     number of ASEs: 2 
     strategy: 0 
     qos->target latency: 2 
     qos->retransmission_number: 2 
     qos->max_transport_latency: 8 
     channel count: 1
  name: DualDev_OneChanStereoSnk_OneChanStereoSrc_16_1_2 
    direction: Sink (speaker)
     number of devices: 2 
     number of ASEs: 2 
     strategy: 0 
     qos->target latency: 2 
     qos->retransmission_number: 13 
     qos->max_transport_latency: 75 
     channel count: 1
    direction: Source (mic)
     number of devices: 2 
     number of ASEs: 2 
     strategy: 0 
     qos->target latency: 2 
     qos->retransmission_number: 13 
     qos->max_transport_latency: 75 
     channel count: 1
  name: DualDev_OneChanStereoSnk_OneChanMonoSrc_32_2_Low_Latency 
    direction: Sink (speaker)
     number of devices: 2 
     number of ASEs: 2 
     strategy: 0 
     qos->target latency: 1 
     qos->retransmission_number: 0 
     qos->max_transport_latency: 0 
     channel count: 1
    direction: Source (mic)
     number of devices: 1 
     number of ASEs: 1 
     strategy: 0 
     qos->target latency: 1 
     qos->retransmission_number: 0 
     qos->max_transport_latency: 0 
     channel count: 1
  name: DualDev_OneChanStereoSnk_OneChanMonoSrc_32_2_1 
    direction: Sink (speaker)
     number of devices: 2 
     number of ASEs: 2 
     strategy: 0 
     qos->target latency: 2 
     qos->retransmission_number: 2 
     qos->max_transport_latency: 10 
     channel count: 1
    direction: Source (mic)
     number of devices: 1 
     number of ASEs: 1 
     strategy: 0 
     qos->target latency: 2 
     qos->retransmission_number: 2 
     qos->max_transport_latency: 10 
     channel count: 1
  name: DualDev_OneChanStereoSnk_OneChanMonoSrc_16_2_Low_Latency 
    direction: Sink (speaker)
     number of devices: 2 
     number of ASEs: 2 
     strategy: 0 
     qos->target latency: 1 
     qos->retransmission_number: 0 
     qos->max_transport_latency: 0 
     channel count: 1
    direction: Source (mic)
     number of devices: 1 
     number of ASEs: 1 
     strategy: 0 
     qos->target latency: 1 
     qos->retransmission_number: 0 
     qos->max_transport_latency: 0 
     channel count: 1
  name: DualDev_OneChanStereoSnk_OneChanMonoSrc_16_2_1 
    direction: Sink (speaker)
     number of devices: 2 
     number of ASEs: 2 
     strategy: 0 
     qos->target latency: 2 
     qos->retransmission_number: 2 
     qos->max_transport_latency: 10 
     channel count: 1
    direction: Source (mic)
     number of devices: 1 
     number of ASEs: 1 
     strategy: 0 
     qos->target latency: 2 
     qos->retransmission_number: 2 
     qos->max_transport_latency: 10 
     channel count: 1
  name: DualDev_OneChanStereoSnk_OneChanMonoSrc_16_1_Low_Latency 
    direction: Sink (speaker)
     number of devices: 2 
     number of ASEs: 2 
     strategy: 0 
     qos->target latency: 1 
     qos->retransmission_number: 0 
     qos->max_transport_latency: 0 
     channel count: 1
    direction: Source (mic)
     number of devices: 1 
     number of ASEs: 1 
     strategy: 0 
     qos->target latency: 1 
     qos->retransmission_number: 0 
     qos->max_transport_latency: 0 
     channel count: 1
  name: DualDev_OneChanStereoSnk_OneChanMonoSrc_16_1_1 
    direction: Sink (speaker)
     number of devices: 2 
     number of ASEs: 2 
     strategy: 0 
     qos->target latency: 2 
     qos->retransmission_number: 2 
     qos->max_transport_latency: 8 
     channel count: 1
    direction: Source (mic)
     number of devices: 1 
     number of ASEs: 1 
     strategy: 0 
     qos->target latency: 2 
     qos->retransmission_number: 2 
     qos->max_transport_latency: 8 
     channel count: 1
  name: DualDev_OneChanDoubleStereoSnk_OneChanMonoSrc_32_2_Low_Latency 
    direction: Sink (speaker)
     number of devices: 2 
     number of ASEs: 4 
     strategy: 1 
     qos->target latency: 1 
     qos->retransmission_number: 0 
     qos->max_transport_latency: 0 
     channel count: 1
    direction: Source (mic)
     number of devices: 1 
     number of ASEs: 1 
     strategy: 0 
     qos->target latency: 1 
     qos->retransmission_number: 0 
     qos->max_transport_latency: 0 
     channel count: 1
  name: DualDev_OneChanDoubleStereoSnk_OneChanMonoSrc_32_2_1 
    direction: Sink (speaker)
     number of devices: 2 
     number of ASEs: 4 
     strategy: 1 
     qos->target latency: 2 
     qos->retransmission_number: 2 
     qos->max_transport_latency: 10 
     channel count: 1
    direction: Source (mic)
     number of devices: 1 
     number of ASEs: 1 
     strategy: 0 
     qos->target latency: 2 
     qos->retransmission_number: 2 
     qos->max_transport_latency: 10 
     channel count: 1
  name: DualDev_OneChanDoubleStereoSnk_OneChanMonoSrc_16_2_Low_Latency 
    direction: Sink (speaker)
     number of devices: 2 
     number of ASEs: 4 
     strategy: 1 
     qos->target latency: 1 
     qos->retransmission_number: 0 
     qos->max_transport_latency: 0 
     channel count: 1
    direction: Source (mic)
     number of devices: 1 
     number of ASEs: 1 
     strategy: 0 
     qos->target latency: 1 
     qos->retransmission_number: 0 
     qos->max_transport_latency: 0 
     channel count: 1
  name: DualDev_OneChanDoubleStereoSnk_OneChanMonoSrc_16_2_1 
    direction: Sink (speaker)
     number of devices: 2 
     number of ASEs: 4 
     strategy: 1 
     qos->target latency: 2 
     qos->retransmission_number: 2 
     qos->max_transport_latency: 10 
     channel count: 1
    direction: Source (mic)
     number of devices: 1 
     number of ASEs: 1 
     strategy: 0 
     qos->target latency: 2 
     qos->retransmission_number: 2 
     qos->max_transport_latency: 10 
     channel count: 1
  name: DualDev_OneChanDoubleStereoSnk_OneChanMonoSrc_16_1_Low_Latency 
    direction: Sink (speaker)
     number of devices: 2 
     number of ASEs: 4 
     strategy: 1 
     qos->target latency: 1 
     qos->retransmission_number: 0 
     qos->max_transport_latency: 0 
     channel count: 1
    direction: Source (mic)
     number of devices: 1 
     number of ASEs: 1 
     strategy: 0 
     qos->target latency: 1 
     qos->retransmission_number: 0 
     qos->max_transport_latency: 0 
     channel count: 1
  name: DualDev_OneChanDoubleStereoSnk_OneChanMonoSrc_16_1_1 
    direction: Sink (speaker)
     number of devices: 2 
     number of ASEs: 4 
     strategy: 1 
     qos->target latency: 2 
     qos->retransmission_number: 2 
     qos->max_transport_latency: 8 
     channel count: 1
    direction: Source (mic)
     number of devices: 1 
     number of ASEs: 1 
     strategy: 0 
     qos->target latency: 2 
     qos->retransmission_number: 2 
     qos->max_transport_latency: 8 
     channel count: 1
  name: SingleDev_TwoChanStereoSnk_TwoChanStereoSrc_32_2_Low_Latency 
    direction: Sink (speaker)
     number of devices: 1 
     number of ASEs: 1 
     strategy: 2 
     qos->target latency: 1 
     qos->retransmission_number: 0 
     qos->max_transport_latency: 0 
     channel count: 2
    direction: Source (mic)
     number of devices: 1 
     number of ASEs: 1 
     strategy: 2 
     qos->target latency: 1 
     qos->retransmission_number: 0 
     qos->max_transport_latency: 0 
     channel count: 2
  name: SingleDev_TwoChanStereoSnk_TwoChanStereoSrc_32_2_1 
    direction: Sink (speaker)
     number of devices: 1 
     number of ASEs: 1 
     strategy: 2 
     qos->target latency: 2 
     qos->retransmission_number: 2 
     qos->max_transport_latency: 10 
     channel count: 2
    direction: Source (mic)
     number of devices: 1 
     number of ASEs: 1 
     strategy: 2 
     qos->target latency: 2 
     qos->retransmission_number: 2 
     qos->max_transport_latency: 10 
     channel count: 2
  name: SingleDev_TwoChanStereoSnk_TwoChanStereoSrc_16_2_Low_Latency 
    direction: Sink (speaker)
     number of devices: 1 
     number of ASEs: 1 
     strategy: 2 
     qos->target latency: 1 
     qos->retransmission_number: 0 
     qos->max_transport_latency: 0 
     channel count: 2
    direction: Source (mic)
     number of devices: 1 
     number of ASEs: 1 
     strategy: 2 
     qos->target latency: 1 
     qos->retransmission_number: 0 
     qos->max_transport_latency: 0 
     channel count: 2
  name: SingleDev_TwoChanStereoSnk_TwoChanStereoSrc_16_2_1 
    direction: Sink (speaker)
     number of devices: 1 
     number of ASEs: 1 
     strategy: 2 
     qos->target latency: 2 
     qos->retransmission_number: 2 
     qos->max_transport_latency: 10 
     channel count: 2
    direction: Source (mic)
     number of devices: 1 
     number of ASEs: 1 
     strategy: 2 
     qos->target latency: 2 
     qos->retransmission_number: 2 
     qos->max_transport_latency: 10 
     channel count: 2
  name: SingleDev_TwoChanStereoSnk_TwoChanStereoSrc_16_2_2 
    direction: Sink (speaker)
     number of devices: 1 
     number of ASEs: 1 
     strategy: 2 
     qos->target latency: 2 
     qos->retransmission_number: 13 
     qos->max_transport_latency: 95 
     channel count: 2
    direction: Source (mic)
     number of devices: 1 
     number of ASEs: 1 
     strategy: 2 
     qos->target latency: 2 
     qos->retransmission_number: 13 
     qos->max_transport_latency: 95 
     channel count: 2
  name: SingleDev_TwoChanStereoSnk_TwoChanStereoSrc_16_1_Low_Latency 
    direction: Sink (speaker)
     number of devices: 1 
     number of ASEs: 1 
     strategy: 2 
     qos->target latency: 1 
     qos->retransmission_number: 0 
     qos->max_transport_latency: 0 
     channel count: 2
    direction: Source (mic)
     number of devices: 1 
     number of ASEs: 1 
     strategy: 2 
     qos->target latency: 1 
     qos->retransmission_number: 0 
     qos->max_transport_latency: 0 
     channel count: 2
  name: SingleDev_TwoChanStereoSnk_TwoChanStereoSrc_16_1_1 
    direction: Sink (speaker)
     number of devices: 1 
     number of ASEs: 1 
     strategy: 2 
     qos->target latency: 2 
     qos->retransmission_number: 2 
     qos->max_transport_latency: 8 
     channel count: 2
    direction: Source (mic)
     number of devices: 1 
     number of ASEs: 1 
     strategy: 2 
     qos->target latency: 2 
     qos->retransmission_number: 2 
     qos->max_transport_latency: 8 
     channel count: 2
  name: SingleDev_TwoChanStereoSnk_TwoChanStereoSrc_16_1_2 
    direction: Sink (speaker)
     number of devices: 1 
     number of ASEs: 1 
     strategy: 2 
     qos->target latency: 2 
     qos->retransmission_number: 13 
     qos->max_transport_latency: 75 
     channel count: 2
    direction: Source (mic)
     number of devices: 1 
     number of ASEs: 1 
     strategy: 2 
     qos->target latency: 2 
     qos->retransmission_number: 13 
     qos->max_transport_latency: 75 
     channel count: 2
  name: SingleDev_TwoChanStereoSnk_OneChanMonoSrc_32_2_Low_Latency 
    direction: Sink (speaker)
     number of devices: 1 
     number of ASEs: 1 
     strategy: 2 
     qos->target latency: 1 
     qos->retransmission_number: 0 
     qos->max_transport_latency: 0 
     channel count: 2
    direction: Source (mic)
     number of devices: 1 
     number of ASEs: 1 
     strategy: 0 
     qos->target latency: 1 
     qos->retransmission_number: 0 
     qos->max_transport_latency: 0 
     channel count: 1
  name: SingleDev_TwoChanStereoSnk_OneChanMonoSrc_32_2_1 
    direction: Sink (speaker)
     number of devices: 1 
     number of ASEs: 1 
     strategy: 2 
     qos->target latency: 2 
     qos->retransmission_number: 2 
     qos->max_transport_latency: 10 
     channel count: 2
    direction: Source (mic)
     number of devices: 1 
     number of ASEs: 1 
     strategy: 0 
     qos->target latency: 2 
     qos->retransmission_number: 2 
     qos->max_transport_latency: 10 
     channel count: 1
  name: SingleDev_TwoChanStereoSnk_OneChanMonoSrc_16_2_Low_Latency 
    direction: Sink (speaker)
     number of devices: 1 
     number of ASEs: 1 
     strategy: 2 
     qos->target latency: 1 
     qos->retransmission_number: 0 
     qos->max_transport_latency: 0 
     channel count: 2
    direction: Source (mic)
     number of devices: 1 
     number of ASEs: 1 
     strategy: 0 
     qos->target latency: 1 
     qos->retransmission_number: 0 
     qos->max_transport_latency: 0 
     channel count: 1
  name: SingleDev_TwoChanStereoSnk_OneChanMonoSrc_16_2_1 
    direction: Sink (speaker)
     number of devices: 1 
     number of ASEs: 1 
     strategy: 2 
     qos->target latency: 2 
     qos->retransmission_number: 2 
     qos->max_transport_latency: 10 
     channel count: 2
    direction: Source (mic)
     number of devices: 1 
     number of ASEs: 1 
     strategy: 0 
     qos->target latency: 2 
     qos->retransmission_number: 2 
     qos->max_transport_latency: 10 
     channel count: 1
  name: SingleDev_TwoChanStereoSnk_OneChanMonoSrc_16_1_Low_Latency 
    direction: Sink (speaker)
     number of devices: 1 
     number of ASEs: 1 
     strategy: 2 
     qos->target latency: 1 
     qos->retransmission_number: 0 
     qos->max_transport_latency: 0 
     channel count: 2
    direction: Source (mic)
     number of devices: 1 
     number of ASEs: 1 
     strategy: 0 
     qos->target latency: 1 
     qos->retransmission_number: 0 
     qos->max_transport_latency: 0 
     channel count: 1
  name: SingleDev_TwoChanStereoSnk_OneChanMonoSrc_16_1_1 
    direction: Sink (speaker)
     number of devices: 1 
     number of ASEs: 1 
     strategy: 2 
     qos->target latency: 2 
     qos->retransmission_number: 2 
     qos->max_transport_latency: 8 
     channel count: 2
    direction: Source (mic)
     number of devices: 1 
     number of ASEs: 1 
     strategy: 0 
     qos->target latency: 2 
     qos->retransmission_number: 2 
     qos->max_transport_latency: 8 
     channel count: 1
  name: SingleDev_OneChanStereoSnk_OneChanMonoSrc_32_2_Low_Latency 
    direction: Sink (speaker)
     number of devices: 1 
     number of ASEs: 2 
     strategy: 1 
     qos->target latency: 1 
     qos->retransmission_number: 0 
     qos->max_transport_latency: 0 
     channel count: 1
    direction: Source (mic)
     number of devices: 1 
     number of ASEs: 1 
     strategy: 0 
     qos->target latency: 1 
     qos->retransmission_number: 0 
     qos->max_transport_latency: 0 
     channel count: 1
  name: SingleDev_OneChanStereoSnk_OneChanMonoSrc_32_2_1 
    direction: Sink (speaker)
     number of devices: 1 
     number of ASEs: 2 
     strategy: 1 
     qos->target latency: 2 
     qos->retransmission_number: 2 
     qos->max_transport_latency: 10 
     channel count: 1
    direction: Source (mic)
     number of devices: 1 
     number of ASEs: 1 
     strategy: 0 
     qos->target latency: 2 
     qos->retransmission_number: 2 
     qos->max_transport_latency: 10 
     channel count: 1
  name: SingleDev_OneChanStereoSnk_OneChanMonoSrc_16_2_Low_Latency 
    direction: Sink (speaker)
     number of devices: 1 
     number of ASEs: 2 
     strategy: 1 
     qos->target latency: 1 
     qos->retransmission_number: 0 
     qos->max_transport_latency: 0 
     channel count: 1
    direction: Source (mic)
     number of devices: 1 
     number of ASEs: 1 
     strategy: 0 
     qos->target latency: 1 
     qos->retransmission_number: 0 
     qos->max_transport_latency: 0 
     channel count: 1
  name: SingleDev_OneChanStereoSnk_OneChanMonoSrc_16_2_1 
    direction: Sink (speaker)
     number of devices: 1 
     number of ASEs: 2 
     strategy: 1 
     qos->target latency: 2 
     qos->retransmission_number: 2 
     qos->max_transport_latency: 10 
     channel count: 1
    direction: Source (mic)
     number of devices: 1 
     number of ASEs: 1 
     strategy: 0 
     qos->target latency: 2 
     qos->retransmission_number: 2 
     qos->max_transport_latency: 10 
     channel count: 1
  name: SingleDev_OneChanStereoSnk_OneChanMonoSrc_16_1_Low_Latency 
    direction: Sink (speaker)
     number of devices: 1 
     number of ASEs: 2 
     strategy: 1 
     qos->target latency: 1 
     qos->retransmission_number: 0 
     qos->max_transport_latency: 0 
     channel count: 1
    direction: Source (mic)
     number of devices: 1 
     number of ASEs: 1 
     strategy: 0 
     qos->target latency: 1 
     qos->retransmission_number: 0 
     qos->max_transport_latency: 0 
     channel count: 1
  name: SingleDev_OneChanStereoSnk_OneChanMonoSrc_16_1_1 
    direction: Sink (speaker)
     number of devices: 1 
     number of ASEs: 2 
     strategy: 1 
     qos->target latency: 2 
     qos->retransmission_number: 2 
     qos->max_transport_latency: 8 
     channel count: 1
    direction: Source (mic)
     number of devices: 1 
     number of ASEs: 1 
     strategy: 0 
     qos->target latency: 2 
     qos->retransmission_number: 2 
     qos->max_transport_latency: 8 
     channel count: 1
  name: SingleDev_OneChanMonoSnk_OneChanMonoSrc_32_2_Low_Latency 
    direction: Sink (speaker)
     number of devices: 1 
     number of ASEs: 1 
     strategy: 0 
     qos->target latency: 1 
     qos->retransmission_number: 0 
     qos->max_transport_latency: 0 
     channel count: 1
    direction: Source (mic)
     number of devices: 1 
     number of ASEs: 1 
     strategy: 0 
     qos->target latency: 1 
     qos->retransmission_number: 0 
     qos->max_transport_latency: 0 
     channel count: 1
  name: SingleDev_OneChanMonoSnk_OneChanMonoSrc_32_2_1 
    direction: Sink (speaker)
     number of devices: 1 
     number of ASEs: 1 
     strategy: 0 
     qos->target latency: 2 
     qos->retransmission_number: 2 
     qos->max_transport_latency: 10 
     channel count: 1
    direction: Source (mic)
     number of devices: 1 
     number of ASEs: 1 
     strategy: 0 
     qos->target latency: 2 
     qos->retransmission_number: 2 
     qos->max_transport_latency: 10 
     channel count: 1
  name: SingleDev_OneChanMonoSnk_OneChanMonoSrc_16_2_Low_Latency 
    direction: Sink (speaker)
     number of devices: 1 
     number of ASEs: 1 
     strategy: 0 
     qos->target latency: 1 
     qos->retransmission_number: 0 
     qos->max_transport_latency: 0 
     channel count: 1
    direction: Source (mic)
     number of devices: 1 
     number of ASEs: 1 
     strategy: 0 
     qos->target latency: 1 
     qos->retransmission_number: 0 
     qos->max_transport_latency: 0 
     channel count: 1
  name: SingleDev_OneChanMonoSnk_OneChanMonoSrc_16_2_1 
    direction: Sink (speaker)
     number of devices: 1 
     number of ASEs: 1 
     strategy: 0 
     qos->target latency: 2 
     qos->retransmission_number: 2 
     qos->max_transport_latency: 10 
     channel count: 1
    direction: Source (mic)
     number of devices: 1 
     number of ASEs: 1 
     strategy: 0 
     qos->target latency: 2 
     qos->retransmission_number: 2 
     qos->max_transport_latency: 10 
     channel count: 1
  name: SingleDev_OneChanMonoSnk_OneChanMonoSrc_16_1_Low_Latency 
    direction: Sink (speaker)
     number of devices: 1 
     number of ASEs: 1 
     strategy: 0 
     qos->target latency: 1 
     qos->retransmission_number: 0 
     qos->max_transport_latency: 0 
     channel count: 1
    direction: Source (mic)
     number of devices: 1 
     number of ASEs: 1 
     strategy: 0 
     qos->target latency: 1 
     qos->retransmission_number: 0 
     qos->max_transport_latency: 0 
     channel count: 1
  name: SingleDev_OneChanMonoSnk_OneChanMonoSrc_16_1_1 
    direction: Sink (speaker)
     number of devices: 1 
     number of ASEs: 1 
     strategy: 0 
     qos->target latency: 2 
     qos->retransmission_number: 2 
     qos->max_transport_latency: 8 
     channel count: 1
    direction: Source (mic)
     number of devices: 1 
     number of ASEs: 1 
     strategy: 0 
     qos->target latency: 2 
     qos->retransmission_number: 2 
     qos->max_transport_latency: 8 
     channel count: 1
  name: DualDev_OneChanMonoSrc_16_2_Balanced_Reliability 
    direction: Source (mic)
     number of devices: 2 
     number of ASEs: 2 
     strategy: 0 
     qos->target latency: 2 
     qos->retransmission_number: 0 
     qos->max_transport_latency: 0 
     channel count: 1
  name: SingleDev_OneChanStereoSrc_16_2_Balanced_Reliability 
    direction: Source (mic)
     number of devices: 1 
     number of ASEs: 2 
     strategy: 1 
     qos->target latency: 2 
     qos->retransmission_number: 0 
     qos->max_transport_latency: 0 
     channel count: 1
  name: SingleDev_OneChanMonoSrc_48_4_Balanced_Reliability 
    direction: Source (mic)
     number of devices: 1 
     number of ASEs: 1 
     strategy: 0 
     qos->target latency: 2 
     qos->retransmission_number: 0 
     qos->max_transport_latency: 0 
     channel count: 1
  name: SingleDev_OneChanMonoSrc_48_2_Balanced_Reliability 
    direction: Source (mic)
     number of devices: 1 
     number of ASEs: 1 
     strategy: 0 
     qos->target latency: 2 
     qos->retransmission_number: 0 
     qos->max_transport_latency: 0 
     channel count: 1
  name: SingleDev_OneChanMonoSrc_48_3_Balanced_Reliability 
    direction: Source (mic)
     number of devices: 1 
     number of ASEs: 1 
     strategy: 0 
     qos->target latency: 2 
     qos->retransmission_number: 0 
     qos->max_transport_latency: 0 
     channel count: 1
  name: SingleDev_OneChanMonoSrc_48_1_Balanced_Reliability 
    direction: Source (mic)
     number of devices: 1 
     number of ASEs: 1 
     strategy: 0 
     qos->target latency: 2 
     qos->retransmission_number: 0 
     qos->max_transport_latency: 0 
     channel count: 1
  name: SingleDev_OneChanMonoSrc_32_2_Balanced_Reliability 
    direction: Source (mic)
     number of devices: 1 
     number of ASEs: 1 
     strategy: 0 
     qos->target latency: 2 
     qos->retransmission_number: 0 
     qos->max_transport_latency: 0 
     channel count: 1
  name: SingleDev_OneChanMonoSrc_32_1_Balanced_Reliability 
    direction: Source (mic)
     number of devices: 1 
     number of ASEs: 1 
     strategy: 0 
     qos->target latency: 2 
     qos->retransmission_number: 0 
     qos->max_transport_latency: 0 
     channel count: 1
  name: SingleDev_OneChanMonoSrc_24_2_Balanced_Reliability 
    direction: Source (mic)
     number of devices: 1 
     number of ASEs: 1 
     strategy: 0 
     qos->target latency: 2 
     qos->retransmission_number: 0 
     qos->max_transport_latency: 0 
     channel count: 1
  name: SingleDev_OneChanMonoSrc_24_1_Balanced_Reliability 
    direction: Source (mic)
     number of devices: 1 
     number of ASEs: 1 
     strategy: 0 
     qos->target latency: 2 
     qos->retransmission_number: 0 
     qos->max_transport_latency: 0 
     channel count: 1
  name: SingleDev_OneChanMonoSrc_16_2_Balanced_Reliability 
    direction: Source (mic)
     number of devices: 1 
     number of ASEs: 1 
     strategy: 0 
     qos->target latency: 2 
     qos->retransmission_number: 0 
     qos->max_transport_latency: 0 
     channel count: 1
  name: SingleDev_OneChanMonoSrc_16_1_Balanced_Reliability 
    direction: Source (mic)
     number of devices: 1 
     number of ASEs: 1 
     strategy: 0 
     qos->target latency: 2 
     qos->retransmission_number: 0 
     qos->max_transport_latency: 0 
     channel count: 1
  name: DualDev_OneChanMonoSnk_16_2_Balanced_Reliability 
    direction: Sink (speaker)
     number of devices: 2 
     number of ASEs: 2 
     strategy: 0 
     qos->target latency: 2 
     qos->retransmission_number: 0 
     qos->max_transport_latency: 0 
     channel count: 1
  name: SingleDev_OneChanStereoSnk_16_2_Balanced_Reliability 
    direction: Sink (speaker)
     number of devices: 1 
     number of ASEs: 2 
     strategy: 1 
     qos->target latency: 2 
     qos->retransmission_number: 0 
     qos->max_transport_latency: 0 
     channel count: 1
  name: SingleDev_TwoChanStereoSnk_16_2_Balanced_Reliability 
    direction: Sink (speaker)
     number of devices: 1 
     number of ASEs: 1 
     strategy: 2 
     qos->target latency: 2 
     qos->retransmission_number: 0 
     qos->max_transport_latency: 0 
     channel count: 2
  name: SingleDev_OneChanMonoSnk_16_2_Balanced_Reliability 
    direction: Sink (speaker)
     number of devices: 1 
     number of ASEs: 1 
     strategy: 0 
     qos->target latency: 2 
     qos->retransmission_number: 0 
     qos->max_transport_latency: 0 
     channel count: 1

  === Configurations for context type: 4, num: 69 
  name: DualDev_OneChanStereoSnk_48_4_High_Reliability 
    direction: Sink (speaker)
     number of devices: 2 
     number of ASEs: 2 
     strategy: 0 
     qos->target latency: 3 
     qos->retransmission_number: 0 
     qos->max_transport_latency: 0 
     channel count: 1
  name: DualDev_OneChanStereoSnk_48_4_2 
    direction: Sink (speaker)
     number of devices: 2 
     number of ASEs: 2 
     strategy: 0 
     qos->target latency: 2 
     qos->retransmission_number: 13 
     qos->max_transport_latency: 100 
     channel count: 1
  name: DualDev_OneChanStereoSnk_48_2_High_Reliability 
    direction: Sink (speaker)
     number of devices: 2 
     number of ASEs: 2 
     strategy: 0 
     qos->target latency: 3 
     qos->retransmission_number: 0 
     qos->max_transport_latency: 0 
     channel count: 1
  name: DualDev_OneChanStereoSnk_48_2_2 
    direction: Sink (speaker)
     number of devices: 2 
     number of ASEs: 2 
     strategy: 0 
     qos->target latency: 2 
     qos->retransmission_number: 13 
     qos->max_transport_latency: 95 
     channel count: 1
  name: DualDev_OneChanStereoSnk_48_3_High_Reliability 
    direction: Sink (speaker)
     number of devices: 2 
     number of ASEs: 2 
     strategy: 0 
     qos->target latency: 3 
     qos->retransmission_number: 0 
     qos->max_transport_latency: 0 
     channel count: 1
  name: DualDev_OneChanStereoSnk_48_3_2 
    direction: Sink (speaker)
     number of devices: 2 
     number of ASEs: 2 
     strategy: 0 
     qos->target latency: 2 
     qos->retransmission_number: 13 
     qos->max_transport_latency: 75 
     channel count: 1
  name: DualDev_OneChanStereoSnk_48_1_High_Reliability 
    direction: Sink (speaker)
     number of devices: 2 
     number of ASEs: 2 
     strategy: 0 
     qos->target latency: 3 
     qos->retransmission_number: 0 
     qos->max_transport_latency: 0 
     channel count: 1
  name: DualDev_OneChanStereoSnk_48_1_2 
    direction: Sink (speaker)
     number of devices: 2 
     number of ASEs: 2 
     strategy: 0 
     qos->target latency: 2 
     qos->retransmission_number: 13 
     qos->max_transport_latency: 75 
     channel count: 1
  name: DualDev_OneChanStereoSnk_24_2_Balanced_Reliability 
    direction: Sink (speaker)
     number of devices: 2 
     number of ASEs: 2 
     strategy: 0 
     qos->target latency: 2 
     qos->retransmission_number: 0 
     qos->max_transport_latency: 0 
     channel count: 1
  name: DualDev_OneChanStereoSnk_24_2_2 
    direction: Sink (speaker)
     number of devices: 2 
     number of ASEs: 2 
     strategy: 0 
     qos->target latency: 2 
     qos->retransmission_number: 13 
     qos->max_transport_latency: 95 
     channel count: 1
  name: DualDev_OneChanStereoSnk_16_2_Balanced_Reliability 
    direction: Sink (speaker)
     number of devices: 2 
     number of ASEs: 2 
     strategy: 0 
     qos->target latency: 2 
     qos->retransmission_number: 0 
     qos->max_transport_latency: 0 
     channel count: 1
  name: DualDev_OneChanStereoSnk_16_2_2 
    direction: Sink (speaker)
     number of devices: 2 
     number of ASEs: 2 
     strategy: 0 
     qos->target latency: 2 
     qos->retransmission_number: 13 
     qos->max_transport_latency: 95 
     channel count: 1
  name: DualDev_OneChanStereoSnk_16_1_Balanced_Reliability 
    direction: Sink (speaker)
     number of devices: 2 
     number of ASEs: 2 
     strategy: 0 
     qos->target latency: 2 
     qos->retransmission_number: 0 
     qos->max_transport_latency: 0 
     channel count: 1
  name: DualDev_OneChanStereoSnk_16_1_2 
    direction: Sink (speaker)
     number of devices: 2 
     number of ASEs: 2 
     strategy: 0 
     qos->target latency: 2 
     qos->retransmission_number: 13 
     qos->max_transport_latency: 75 
     channel count: 1
  name: SingleDev_OneChanStereoSnk_48_4_High_Reliability 
    direction: Sink (speaker)
     number of devices: 1 
     number of ASEs: 2 
     strategy: 1 
     qos->target latency: 3 
     qos->retransmission_number: 0 
     qos->max_transport_latency: 0 
     channel count: 1
  name: SingleDev_OneChanStereoSnk_48_4_2 
    direction: Sink (speaker)
     number of devices: 1 
     number of ASEs: 2 
     strategy: 1 
     qos->target latency: 2 
     qos->retransmission_number: 13 
     qos->max_transport_latency: 100 
     channel count: 1
  name: SingleDev_OneChanStereoSnk_48_2_High_Reliability 
    direction: Sink (speaker)
     number of devices: 1 
     number of ASEs: 2 
     strategy: 1 
     qos->target latency: 3 
     qos->retransmission_number: 0 
     qos->max_transport_latency: 0 
     channel count: 1
  name: SingleDev_OneChanStereoSnk_48_2_2 
    direction: Sink (speaker)
     number of devices: 1 
     number of ASEs: 2 
     strategy: 1 
     qos->target latency: 2 
     qos->retransmission_number: 13 
     qos->max_transport_latency: 95 
     channel count: 1
  name: SingleDev_OneChanStereoSnk_48_3_High_Reliability 
    direction: Sink (speaker)
     number of devices: 1 
     number of ASEs: 2 
     strategy: 1 
     qos->target latency: 3 
     qos->retransmission_number: 0 
     qos->max_transport_latency: 0 
     channel count: 1
  name: SingleDev_OneChanStereoSnk_48_3_2 
    direction: Sink (speaker)
     number of devices: 1 
     number of ASEs: 2 
     strategy: 1 
     qos->target latency: 2 
     qos->retransmission_number: 13 
     qos->max_transport_latency: 75 
     channel count: 1
  name: SingleDev_OneChanStereoSnk_48_1_High_Reliability 
    direction: Sink (speaker)
     number of devices: 1 
     number of ASEs: 2 
     strategy: 1 
     qos->target latency: 3 
     qos->retransmission_number: 0 
     qos->max_transport_latency: 0 
     channel count: 1
  name: SingleDev_OneChanStereoSnk_48_1_2 
    direction: Sink (speaker)
     number of devices: 1 
     number of ASEs: 2 
     strategy: 1 
     qos->target latency: 2 
     qos->retransmission_number: 13 
     qos->max_transport_latency: 75 
     channel count: 1
  name: SingleDev_OneChanStereoSnk_24_2_Balanced_Reliability 
    direction: Sink (speaker)
     number of devices: 1 
     number of ASEs: 2 
     strategy: 1 
     qos->target latency: 2 
     qos->retransmission_number: 0 
     qos->max_transport_latency: 0 
     channel count: 1
  name: SingleDev_OneChanStereoSnk_24_2_2 
    direction: Sink (speaker)
     number of devices: 1 
     number of ASEs: 2 
     strategy: 1 
     qos->target latency: 2 
     qos->retransmission_number: 13 
     qos->max_transport_latency: 95 
     channel count: 1
  name: SingleDev_OneChanStereoSnk_16_2_Balanced_Reliability 
    direction: Sink (speaker)
     number of devices: 1 
     number of ASEs: 2 
     strategy: 1 
     qos->target latency: 2 
     qos->retransmission_number: 0 
     qos->max_transport_latency: 0 
     channel count: 1
  name: SingleDev_OneChanStereoSnk_16_2_2 
    direction: Sink (speaker)
     number of devices: 1 
     number of ASEs: 2 
     strategy: 1 
     qos->target latency: 2 
     qos->retransmission_number: 13 
     qos->max_transport_latency: 95 
     channel count: 1
  name: SingleDev_OneChanStereoSnk_16_1_Balanced_Reliability 
    direction: Sink (speaker)
     number of devices: 1 
     number of ASEs: 2 
     strategy: 1 
     qos->target latency: 2 
     qos->retransmission_number: 0 
     qos->max_transport_latency: 0 
     channel count: 1
  name: SingleDev_OneChanStereoSnk_16_1_2 
    direction: Sink (speaker)
     number of devices: 1 
     number of ASEs: 2 
     strategy: 1 
     qos->target latency: 2 
     qos->retransmission_number: 13 
     qos->max_transport_latency: 75 
     channel count: 1
  name: SingleDev_TwoChanStereoSnk_48_4_High_Reliability 
    direction: Sink (speaker)
     number of devices: 1 
     number of ASEs: 1 
     strategy: 2 
     qos->target latency: 3 
     qos->retransmission_number: 0 
     qos->max_transport_latency: 0 
     channel count: 2
  name: SingleDev_TwoChanStereoSnk_48_4_2 
    direction: Sink (speaker)
     number of devices: 1 
     number of ASEs: 1 
     strategy: 2 
     qos->target latency: 2 
     qos->retransmission_number: 13 
     qos->max_transport_latency: 100 
     channel count: 2
  name: SingleDev_TwoChanStereoSnk_48_4_High_Reliability 
    direction: Sink (speaker)
     number of devices: 1 
     number of ASEs: 1 
     strategy: 2 
     qos->target latency: 3 
     qos->retransmission_number: 0 
     qos->max_transport_latency: 0 
     channel count: 2
  name: SingleDev_TwoChanStereoSnk_48_4_2 
    direction: Sink (speaker)
     number of devices: 1 
     number of ASEs: 1 
     strategy: 2 
     qos->target latency: 2 
     qos->retransmission_number: 13 
     qos->max_transport_latency: 100 
     channel count: 2
  name: SingleDev_TwoChanStereoSnk_48_2_High_Reliability 
    direction: Sink (speaker)
     number of devices: 1 
     number of ASEs: 1 
     strategy: 2 
     qos->target latency: 3 
     qos->retransmission_number: 0 
     qos->max_transport_latency: 0 
     channel count: 2
  name: SingleDev_TwoChanStereoSnk_48_2_2 
    direction: Sink (speaker)
     number of devices: 1 
     number of ASEs: 1 
     strategy: 2 
     qos->target latency: 2 
     qos->retransmission_number: 13 
     qos->max_transport_latency: 95 
     channel count: 2
  name: SingleDev_TwoChanStereoSnk_48_3_High_Reliability 
    direction: Sink (speaker)
     number of devices: 1 
     number of ASEs: 1 
     strategy: 2 
     qos->target latency: 3 
     qos->retransmission_number: 0 
     qos->max_transport_latency: 0 
     channel count: 2
  name: SingleDev_TwoChanStereoSnk_48_3_2 
    direction: Sink (speaker)
     number of devices: 1 
     number of ASEs: 1 
     strategy: 2 
     qos->target latency: 2 
     qos->retransmission_number: 13 
     qos->max_transport_latency: 75 
     channel count: 2
  name: SingleDev_TwoChanStereoSnk_48_1_High_Reliability 
    direction: Sink (speaker)
     number of devices: 1 
     number of ASEs: 1 
     strategy: 2 
     qos->target latency: 3 
     qos->retransmission_number: 0 
     qos->max_transport_latency: 0 
     channel count: 2
  name: SingleDev_TwoChanStereoSnk_48_1_2 
    direction: Sink (speaker)
     number of devices: 1 
     number of ASEs: 1 
     strategy: 2 
     qos->target latency: 2 
     qos->retransmission_number: 13 
     qos->max_transport_latency: 75 
     channel count: 2
  name: SingleDev_TwoChanStereoSnk_24_2_Balanced_Reliability 
    direction: Sink (speaker)
     number of devices: 1 
     number of ASEs: 1 
     strategy: 2 
     qos->target latency: 2 
     qos->retransmission_number: 0 
     qos->max_transport_latency: 0 
     channel count: 2
  name: SingleDev_TwoChanStereoSnk_24_2_2 
    direction: Sink (speaker)
     number of devices: 1 
     number of ASEs: 1 
     strategy: 2 
     qos->target latency: 2 
     qos->retransmission_number: 13 
     qos->max_transport_latency: 95 
     channel count: 2
  name: SingleDev_TwoChanStereoSnk_16_2_Balanced_Reliability 
    direction: Sink (speaker)
     number of devices: 1 
     number of ASEs: 1 
     strategy: 2 
     qos->target latency: 2 
     qos->retransmission_number: 0 
     qos->max_transport_latency: 0 
     channel count: 2
  name: SingleDev_TwoChanStereoSnk_16_2_2 
    direction: Sink (speaker)
     number of devices: 1 
     number of ASEs: 1 
     strategy: 2 
     qos->target latency: 2 
     qos->retransmission_number: 13 
     qos->max_transport_latency: 95 
     channel count: 2
  name: SingleDev_TwoChanStereoSnk_16_1_Balanced_Reliability 
    direction: Sink (speaker)
     number of devices: 1 
     number of ASEs: 1 
     strategy: 2 
     qos->target latency: 2 
     qos->retransmission_number: 0 
     qos->max_transport_latency: 0 
     channel count: 2
  name: SingleDev_TwoChanStereoSnk_16_1_2 
    direction: Sink (speaker)
     number of devices: 1 
     number of ASEs: 1 
     strategy: 2 
     qos->target latency: 2 
     qos->retransmission_number: 13 
     qos->max_transport_latency: 75 
     channel count: 2
  name: SingleDev_OneChanMonoSnk_48_4_High_Reliability 
    direction: Sink (speaker)
     number of devices: 1 
     number of ASEs: 1 
     strategy: 0 
     qos->target latency: 3 
     qos->retransmission_number: 0 
     qos->max_transport_latency: 0 
     channel count: 1
  name: SingleDev_OneChanMonoSnk_48_4_2 
    direction: Sink (speaker)
     number of devices: 1 
     number of ASEs: 1 
     strategy: 0 
     qos->target latency: 2 
     qos->retransmission_number: 13 
     qos->max_transport_latency: 100 
     channel count: 1
  name: SingleDev_OneChanMonoSnk_48_2_High_Reliability 
    direction: Sink (speaker)
     number of devices: 1 
     number of ASEs: 1 
     strategy: 0 
     qos->target latency: 3 
     qos->retransmission_number: 0 
     qos->max_transport_latency: 0 
     channel count: 1
  name: SingleDev_OneChanMonoSnk_48_2_2 
    direction: Sink (speaker)
     number of devices: 1 
     number of ASEs: 1 
     strategy: 0 
     qos->target latency: 2 
     qos->retransmission_number: 13 
     qos->max_transport_latency: 95 
     channel count: 1
  name: SingleDev_OneChanMonoSnk_48_3_High_Reliability 
    direction: Sink (speaker)
     number of devices: 1 
     number of ASEs: 1 
     strategy: 0 
     qos->target latency: 3 
     qos->retransmission_number: 0 
     qos->max_transport_latency: 0 
     channel count: 1
  name: SingleDev_OneChanMonoSnk_48_3_2 
    direction: Sink (speaker)
     number of devices: 1 
     number of ASEs: 1 
     strategy: 0 
     qos->target latency: 2 
     qos->retransmission_number: 13 
     qos->max_transport_latency: 75 
     channel count: 1
  name: SingleDev_OneChanMonoSnk_48_1_High_Reliability 
    direction: Sink (speaker)
     number of devices: 1 
     number of ASEs: 1 
     strategy: 0 
     qos->target latency: 3 
     qos->retransmission_number: 0 
     qos->max_transport_latency: 0 
     channel count: 1
  name: SingleDev_OneChanMonoSnk_48_1_2 
    direction: Sink (speaker)
     number of devices: 1 
     number of ASEs: 1 
     strategy: 0 
     qos->target latency: 2 
     qos->retransmission_number: 13 
     qos->max_transport_latency: 75 
     channel count: 1
  name: SingleDev_OneChanMonoSnk_32_2_Balanced_Reliability 
    direction: Sink (speaker)
     number of devices: 1 
     number of ASEs: 1 
     strategy: 0 
     qos->target latency: 2 
     qos->retransmission_number: 0 
     qos->max_transport_latency: 0 
     channel count: 1
  name: SingleDev_OneChanMonoSnk_32_1_Balanced_Reliability 
    direction: Sink (speaker)
     number of devices: 1 
     number of ASEs: 1 
     strategy: 0 
     qos->target latency: 2 
     qos->retransmission_number: 0 
     qos->max_transport_latency: 0 
     channel count: 1
  name: SingleDev_OneChanMonoSnk_24_2_Balanced_Reliability 
    direction: Sink (speaker)
     number of devices: 1 
     number of ASEs: 1 
     strategy: 0 
     qos->target latency: 2 
     qos->retransmission_number: 0 
     qos->max_transport_latency: 0 
     channel count: 1
  name: SingleDev_OneChanMonoSnk_24_2_2 
    direction: Sink (speaker)
     number of devices: 1 
     number of ASEs: 1 
     strategy: 0 
     qos->target latency: 2 
     qos->retransmission_number: 13 
     qos->max_transport_latency: 95 
     channel count: 1
  name: SingleDev_OneChanMonoSnk_16_2_Balanced_Reliability 
    direction: Sink (speaker)
     number of devices: 1 
     number of ASEs: 1 
     strategy: 0 
     qos->target latency: 2 
     qos->retransmission_number: 0 
     qos->max_transport_latency: 0 
     channel count: 1
  name: SingleDev_OneChanMonoSnk_16_2_2 
    direction: Sink (speaker)
     number of devices: 1 
     number of ASEs: 1 
     strategy: 0 
     qos->target latency: 2 
     qos->retransmission_number: 13 
     qos->max_transport_latency: 95 
     channel count: 1
  name: SingleDev_OneChanMonoSnk_16_1_Balanced_Reliability 
    direction: Sink (speaker)
     number of devices: 1 
     number of ASEs: 1 
     strategy: 0 
     qos->target latency: 2 
     qos->retransmission_number: 0 
     qos->max_transport_latency: 0 
     channel count: 1
  name: SingleDev_OneChanMonoSnk_16_1_2 
    direction: Sink (speaker)
     number of devices: 1 
     number of ASEs: 1 
     strategy: 0 
     qos->target latency: 2 
     qos->retransmission_number: 13 
     qos->max_transport_latency: 75 
     channel count: 1
  name: VND_DualDev_OneChanStereoSnk_48khz_100octs_High_Reliability_1 
    direction: Sink (speaker)
     number of devices: 2 
     number of ASEs: 2 
     strategy: 0 
     qos->target latency: 3 
     qos->retransmission_number: 0 
     qos->max_transport_latency: 0 
     channel count: 1
  name: VND_DualDev_OneChanStereoSnk_48khz_100octs_R15_L70_1 
    direction: Sink (speaker)
     number of devices: 2 
     number of ASEs: 2 
     strategy: 0 
     qos->target latency: 2 
     qos->retransmission_number: 15 
     qos->max_transport_latency: 70 
     channel count: 1
  name: VND_SingleDev_TwoChanStereoSnk_48khz_100octs_High_Reliability_1 
    direction: Sink (speaker)
     number of devices: 1 
     number of ASEs: 1 
     strategy: 2 
     qos->target latency: 3 
     qos->retransmission_number: 0 
     qos->max_transport_latency: 0 
     channel count: 2
  name: VND_SingleDev_TwoChanStereoSnk_48khz_100octs_R15_L70_1 
    direction: Sink (speaker)
     number of devices: 1 
     number of ASEs: 1 
     strategy: 2 
     qos->target latency: 2 
     qos->retransmission_number: 15 
     qos->max_transport_latency: 70 
     channel count: 2
  name: VND_SingleDev_OneChanStereoSnk_48khz_100octs_High_Reliability_1 
    direction: Sink (speaker)
     number of devices: 1 
     number of ASEs: 2 
     strategy: 1 
     qos->target latency: 3 
     qos->retransmission_number: 0 
     qos->max_transport_latency: 0 
     channel count: 1
  name: VND_SingleDev_OneChanStereoSnk_48khz_100octs_R15_L70_1 
    direction: Sink (speaker)
     number of devices: 1 
     number of ASEs: 2 
     strategy: 1 
     qos->target latency: 2 
     qos->retransmission_number: 15 
     qos->max_transport_latency: 70 
     channel count: 1
  name: DualDev_OneChanMonoSrc_16_2_Balanced_Reliability 
    direction: Source (mic)
     number of devices: 2 
     number of ASEs: 2 
     strategy: 0 
     qos->target latency: 2 
     qos->retransmission_number: 0 
     qos->max_transport_latency: 0 
     channel count: 1
  name: SingleDev_OneChanStereoSrc_16_2_Balanced_Reliability 
    direction: Source (mic)
     number of devices: 1 
     number of ASEs: 2 
     strategy: 1 
     qos->target latency: 2 
     qos->retransmission_number: 0 
     qos->max_transport_latency: 0 
     channel count: 1
  name: SingleDev_OneChanMonoSrc_16_2_Balanced_Reliability 
    direction: Source (mic)
     number of devices: 1 
     number of ASEs: 1 
     strategy: 0 
     qos->target latency: 2 
     qos->retransmission_number: 0 
     qos->max_transport_latency: 0 
     channel count: 1

  === Configurations for context type: 8, num: 45 
  name: DualDev_OneChanStereoSnk_OneChanStereoSrc_16_2_Low_Latency 
    direction: Sink (speaker)
     number of devices: 2 
     number of ASEs: 2 
     strategy: 0 
     qos->target latency: 1 
     qos->retransmission_number: 0 
     qos->max_transport_latency: 0 
     channel count: 1
    direction: Source (mic)
     number of devices: 2 
     number of ASEs: 2 
     strategy: 0 
     qos->target latency: 1 
     qos->retransmission_number: 0 
     qos->max_transport_latency: 0 
     channel count: 1
  name: DualDev_OneChanStereoSnk_OneChanStereoSrc_16_1_Low_Latency 
    direction: Sink (speaker)
     number of devices: 2 
     number of ASEs: 2 
     strategy: 0 
     qos->target latency: 1 
     qos->retransmission_number: 0 
     qos->max_transport_latency: 0 
     channel count: 1
    direction: Source (mic)
     number of devices: 2 
     number of ASEs: 2 
     strategy: 0 
     qos->target latency: 1 
     qos->retransmission_number: 0 
     qos->max_transport_latency: 0 
     channel count: 1
  name: SingleDev_TwoChanStereoSnk_TwoChanStereoSrc_32_2_Low_Latency 
    direction: Sink (speaker)
     number of devices: 1 
     number of ASEs: 1 
     strategy: 2 
     qos->target latency: 1 
     qos->retransmission_number: 0 
     qos->max_transport_latency: 0 
     channel count: 2
    direction: Source (mic)
     number of devices: 1 
     number of ASEs: 1 
     strategy: 2 
     qos->target latency: 1 
     qos->retransmission_number: 0 
     qos->max_transport_latency: 0 
     channel count: 2
  name: SingleDev_TwoChanStereoSnk_TwoChanStereoSrc_16_2_Low_Latency 
    direction: Sink (speaker)
     number of devices: 1 
     number of ASEs: 1 
     strategy: 2 
     qos->target latency: 1 
     qos->retransmission_number: 0 
     qos->max_transport_latency: 0 
     channel count: 2
    direction: Source (mic)
     number of devices: 1 
     number of ASEs: 1 
     strategy: 2 
     qos->target latency: 1 
     qos->retransmission_number: 0 
     qos->max_transport_latency: 0 
     channel count: 2
  name: SingleDev_TwoChanStereoSnk_TwoChanStereoSrc_16_1_Low_Latency 
    direction: Sink (speaker)
     number of devices: 1 
     number of ASEs: 1 
     strategy: 2 
     qos->target latency: 1 
     qos->retransmission_number: 0 
     qos->max_transport_latency: 0 
     channel count: 2
    direction: Source (mic)
     number of devices: 1 
     number of ASEs: 1 
     strategy: 2 
     qos->target latency: 1 
     qos->retransmission_number: 0 
     qos->max_transport_latency: 0 
     channel count: 2
  name: SingleDev_TwoChanStereoSnk_OneChanMonoSrc_32_2_Low_Latency 
    direction: Sink (speaker)
     number of devices: 1 
     number of ASEs: 1 
     strategy: 2 
     qos->target latency: 1 
     qos->retransmission_number: 0 
     qos->max_transport_latency: 0 
     channel count: 2
    direction: Source (mic)
     number of devices: 1 
     number of ASEs: 1 
     strategy: 0 
     qos->target latency: 1 
     qos->retransmission_number: 0 
     qos->max_transport_latency: 0 
     channel count: 1
  name: SingleDev_TwoChanStereoSnk_OneChanMonoSrc_16_2_Low_Latency 
    direction: Sink (speaker)
     number of devices: 1 
     number of ASEs: 1 
     strategy: 2 
     qos->target latency: 1 
     qos->retransmission_number: 0 
     qos->max_transport_latency: 0 
     channel count: 2
    direction: Source (mic)
     number of devices: 1 
     number of ASEs: 1 
     strategy: 0 
     qos->target latency: 1 
     qos->retransmission_number: 0 
     qos->max_transport_latency: 0 
     channel count: 1
  name: SingleDev_TwoChanStereoSnk_OneChanMonoSrc_16_1_Low_Latency 
    direction: Sink (speaker)
     number of devices: 1 
     number of ASEs: 1 
     strategy: 2 
     qos->target latency: 1 
     qos->retransmission_number: 0 
     qos->max_transport_latency: 0 
     channel count: 2
    direction: Source (mic)
     number of devices: 1 
     number of ASEs: 1 
     strategy: 0 
     qos->target latency: 1 
     qos->retransmission_number: 0 
     qos->max_transport_latency: 0 
     channel count: 1
  name: VND_SingleDev_TwoChanStereoSnk_48khz_75octs_TwoChanStereoSrc_16khz_30octs_Balanced_Reliability_1 
    direction: Sink (speaker)
     number of devices: 1 
     number of ASEs: 1 
     strategy: 2 
     qos->target latency: 2 
     qos->retransmission_number: 0 
     qos->max_transport_latency: 0 
     channel count: 2
    direction: Source (mic)
     number of devices: 1 
     number of ASEs: 1 
     strategy: 2 
     qos->target latency: 2 
     qos->retransmission_number: 0 
     qos->max_transport_latency: 0 
     channel count: 2
  name: VND_SingleDev_TwoChanStereoSnk_48khz_75octs_R5_L12_TwoChanStereoSrc_16khz_30octs_R3_L12_1 
    direction: Sink (speaker)
     number of devices: 1 
     number of ASEs: 1 
     strategy: 2 
     qos->target latency: 2 
     qos->retransmission_number: 5 
     qos->max_transport_latency: 12 
     channel count: 2
    direction: Source (mic)
     number of devices: 1 
     number of ASEs: 1 
     strategy: 2 
     qos->target latency: 2 
     qos->retransmission_number: 3 
     qos->max_transport_latency: 12 
     channel count: 2
  name: VND_SingleDev_TwoChanStereoSnk_48khz_75octs_High_Reliability_1 
    direction: Sink (speaker)
     number of devices: 1 
     number of ASEs: 1 
     strategy: 2 
     qos->target latency: 3 
     qos->retransmission_number: 0 
     qos->max_transport_latency: 0 
     channel count: 2
  name: VND_SingleDev_TwoChanStereoSnk_48khz_75octs_R5_L12_1 
    direction: Sink (speaker)
     number of devices: 1 
     number of ASEs: 1 
     strategy: 2 
     qos->target latency: 2 
     qos->retransmission_number: 5 
     qos->max_transport_latency: 12 
     channel count: 2
  name: SingleDev_OneChanStereoSnk_OneChanMonoSrc_32_2_Low_Latency 
    direction: Sink (speaker)
     number of devices: 1 
     number of ASEs: 2 
     strategy: 1 
     qos->target latency: 1 
     qos->retransmission_number: 0 
     qos->max_transport_latency: 0 
     channel count: 1
    direction: Source (mic)
     number of devices: 1 
     number of ASEs: 1 
     strategy: 0 
     qos->target latency: 1 
     qos->retransmission_number: 0 
     qos->max_transport_latency: 0 
     channel count: 1
  name: SingleDev_OneChanStereoSnk_OneChanMonoSrc_16_2_Low_Latency 
    direction: Sink (speaker)
     number of devices: 1 
     number of ASEs: 2 
     strategy: 1 
     qos->target latency: 1 
     qos->retransmission_number: 0 
     qos->max_transport_latency: 0 
     channel count: 1
    direction: Source (mic)
     number of devices: 1 
     number of ASEs: 1 
     strategy: 0 
     qos->target latency: 1 
     qos->retransmission_number: 0 
     qos->max_transport_latency: 0 
     channel count: 1
  name: SingleDev_OneChanStereoSnk_OneChanMonoSrc_16_1_Low_Latency 
    direction: Sink (speaker)
     number of devices: 1 
     number of ASEs: 2 
     strategy: 1 
     qos->target latency: 1 
     qos->retransmission_number: 0 
     qos->max_transport_latency: 0 
     channel count: 1
    direction: Source (mic)
     number of devices: 1 
     number of ASEs: 1 
     strategy: 0 
     qos->target latency: 1 
     qos->retransmission_number: 0 
     qos->max_transport_latency: 0 
     channel count: 1
  name: SingleDev_OneChanMonoSnk_OneChanMonoSrc_32_2_Low_Latency 
    direction: Sink (speaker)
     number of devices: 1 
     number of ASEs: 1 
     strategy: 0 
     qos->target latency: 1 
     qos->retransmission_number: 0 
     qos->max_transport_latency: 0 
     channel count: 1
    direction: Source (mic)
     number of devices: 1 
     number of ASEs: 1 
     strategy: 0 
     qos->target latency: 1 
     qos->retransmission_number: 0 
     qos->max_transport_latency: 0 
     channel count: 1
  name: SingleDev_OneChanMonoSnk_OneChanMonoSrc_16_2_Low_Latency 
    direction: Sink (speaker)
     number of devices: 1 
     number of ASEs: 1 
     strategy: 0 
     qos->target latency: 1 
     qos->retransmission_number: 0 
     qos->max_transport_latency: 0 
     channel count: 1
    direction: Source (mic)
     number of devices: 1 
     number of ASEs: 1 
     strategy: 0 
     qos->target latency: 1 
     qos->retransmission_number: 0 
     qos->max_transport_latency: 0 
     channel count: 1
  name: SingleDev_OneChanMonoSnk_OneChanMonoSrc_16_1_Low_Latency 
    direction: Sink (speaker)
     number of devices: 1 
     number of ASEs: 1 
     strategy: 0 
     qos->target latency: 1 
     qos->retransmission_number: 0 
     qos->max_transport_latency: 0 
     channel count: 1
    direction: Source (mic)
     number of devices: 1 
     number of ASEs: 1 
     strategy: 0 
     qos->target latency: 1 
     qos->retransmission_number: 0 
     qos->max_transport_latency: 0 
     channel count: 1
  name: DualDev_OneChanStereoSnk_48_2_Low_Latency 
    direction: Sink (speaker)
     number of devices: 2 
     number of ASEs: 2 
     strategy: 0 
     qos->target latency: 1 
     qos->retransmission_number: 0 
     qos->max_transport_latency: 0 
     channel count: 1
  name: DualDev_OneChanStereoSnk_48_3_Low_Latency 
    direction: Sink (speaker)
     number of devices: 2 
     number of ASEs: 2 
     strategy: 0 
     qos->target latency: 1 
     qos->retransmission_number: 0 
     qos->max_transport_latency: 0 
     channel count: 1
  name: DualDev_OneChanStereoSnk_48_1_Low_Latency 
    direction: Sink (speaker)
     number of devices: 2 
     number of ASEs: 2 
     strategy: 0 
     qos->target latency: 1 
     qos->retransmission_number: 0 
     qos->max_transport_latency: 0 
     channel count: 1
  name: DualDev_OneChanStereoSnk_32_2_Low_Latency 
    direction: Sink (speaker)
     number of devices: 2 
     number of ASEs: 2 
     strategy: 0 
     qos->target latency: 1 
     qos->retransmission_number: 0 
     qos->max_transport_latency: 0 
     channel count: 1
  name: DualDev_OneChanStereoSnk_32_1_Low_Latency 
    direction: Sink (speaker)
     number of devices: 2 
     number of ASEs: 2 
     strategy: 0 
     qos->target latency: 1 
     qos->retransmission_number: 0 
     qos->max_transport_latency: 0 
     channel count: 1
  name: DualDev_OneChanStereoSnk_24_2_Low_Latency 
    direction: Sink (speaker)
     number of devices: 2 
     number of ASEs: 2 
     strategy: 0 
     qos->target latency: 1 
     qos->retransmission_number: 0 
     qos->max_transport_latency: 0 
     channel count: 1
  name: DualDev_OneChanStereoSnk_24_1_Low_Latency 
    direction: Sink (speaker)
     number of devices: 2 
     number of ASEs: 2 
     strategy: 0 
     qos->target latency: 1 
     qos->retransmission_number: 0 
     qos->max_transport_latency: 0 
     channel count: 1
  name: DualDev_OneChanStereoSnk_16_2_Low_Latency 
    direction: Sink (speaker)
     number of devices: 2 
     number of ASEs: 2 
     strategy: 0 
     qos->target latency: 1 
     qos->retransmission_number: 0 
     qos->max_transport_latency: 0 
     channel count: 1
  name: DualDev_OneChanStereoSnk_16_1_Low_Latency 
    direction: Sink (speaker)
     number of devices: 2 
     number of ASEs: 2 
     strategy: 0 
     qos->target latency: 1 
     qos->retransmission_number: 0 
     qos->max_transport_latency: 0 
     channel count: 1
  name: SingleDev_TwoChanStereoSnk_48_2_Low_Latency 
    direction: Sink (speaker)
     number of devices: 1 
     number of ASEs: 1 
     strategy: 2 
     qos->target latency: 1 
     qos->retransmission_number: 0 
     qos->max_transport_latency: 0 
     channel count: 2
  name: SingleDev_TwoChanStereoSnk_48_3_Low_Latency 
    direction: Sink (speaker)
     number of devices: 1 
     number of ASEs: 1 
     strategy: 2 
     qos->target latency: 1 
     qos->retransmission_number: 0 
     qos->max_transport_latency: 0 
     channel count: 2
  name: SingleDev_TwoChanStereoSnk_48_1_Low_Latency 
    direction: Sink (speaker)
     number of devices: 1 
     number of ASEs: 1 
     strategy: 2 
     qos->target latency: 1 
     qos->retransmission_number: 0 
     qos->max_transport_latency: 0 
     channel count: 2
  name: SingleDev_TwoChanStereoSnk_32_2_Low_Latency 
    direction: Sink (speaker)
     number of devices: 1 
     number of ASEs: 1 
     strategy: 2 
     qos->target latency: 1 
     qos->retransmission_number: 0 
     qos->max_transport_latency: 0 
     channel count: 2
  name: SingleDev_TwoChanStereoSnk_32_1_Low_Latency 
    direction: Sink (speaker)
     number of devices: 1 
     number of ASEs: 1 
     strategy: 2 
     qos->target latency: 1 
     qos->retransmission_number: 0 
     qos->max_transport_latency: 0 
     channel count: 2
  name: SingleDev_TwoChanStereoSnk_24_2_Low_Latency 
    direction: Sink (speaker)
     number of devices: 1 
     number of ASEs: 1 
     strategy: 2 
     qos->target latency: 1 
     qos->retransmission_number: 0 
     qos->max_transport_latency: 0 
     channel count: 2
  name: SingleDev_TwoChanStereoSnk_24_1_Low_Latency 
    direction: Sink (speaker)
     number of devices: 1 
     number of ASEs: 1 
     strategy: 2 
     qos->target latency: 1 
     qos->retransmission_number: 0 
     qos->max_transport_latency: 0 
     channel count: 2
  name: SingleDev_TwoChanStereoSnk_16_2_Low_Latency 
    direction: Sink (speaker)
     number of devices: 1 
     number of ASEs: 1 
     strategy: 2 
     qos->target latency: 1 
     qos->retransmission_number: 0 
     qos->max_transport_latency: 0 
     channel count: 2
  name: SingleDev_TwoChanStereoSnk_16_1_Low_Latency 
    direction: Sink (speaker)
     number of devices: 1 
     number of ASEs: 1 
     strategy: 2 
     qos->target latency: 1 
     qos->retransmission_number: 0 
     qos->max_transport_latency: 0 
     channel count: 2
  name: SingleDev_OneChanStereoSnk_48_2_Low_Latency 
    direction: Sink (speaker)
     number of devices: 1 
     number of ASEs: 2 
     strategy: 1 
     qos->target latency: 1 
     qos->retransmission_number: 0 
     qos->max_transport_latency: 0 
     channel count: 1
  name: SingleDev_OneChanStereoSnk_48_3_Low_Latency 
    direction: Sink (speaker)
     number of devices: 1 
     number of ASEs: 2 
     strategy: 1 
     qos->target latency: 1 
     qos->retransmission_number: 0 
     qos->max_transport_latency: 0 
     channel count: 1
  name: SingleDev_OneChanStereoSnk_48_1_Low_Latency 
    direction: Sink (speaker)
     number of devices: 1 
     number of ASEs: 2 
     strategy: 1 
     qos->target latency: 1 
     qos->retransmission_number: 0 
     qos->max_transport_latency: 0 
     channel count: 1
  name: SingleDev_OneChanStereoSnk_32_2_Low_Latency 
    direction: Sink (speaker)
     number of devices: 1 
     number of ASEs: 2 
     strategy: 1 
     qos->target latency: 1 
     qos->retransmission_number: 0 
     qos->max_transport_latency: 0 
     channel count: 1
  name: SingleDev_OneChanStereoSnk_32_1_Low_Latency 
    direction: Sink (speaker)
     number of devices: 1 
     number of ASEs: 2 
     strategy: 1 
     qos->target latency: 1 
     qos->retransmission_number: 0 
     qos->max_transport_latency: 0 
     channel count: 1
  name: SingleDev_OneChanStereoSnk_24_2_Low_Latency 
    direction: Sink (speaker)
     number of devices: 1 
     number of ASEs: 2 
     strategy: 1 
     qos->target latency: 1 
     qos->retransmission_number: 0 
     qos->max_transport_latency: 0 
     channel count: 1
  name: SingleDev_OneChanStereoSnk_24_1_Low_Latency 
    direction: Sink (speaker)
     number of devices: 1 
     number of ASEs: 2 
     strategy: 1 
     qos->target latency: 1 
     qos->retransmission_number: 0 
     qos->max_transport_latency: 0 
     channel count: 1
  name: SingleDev_OneChanStereoSnk_16_2_Low_Latency 
    direction: Sink (speaker)
     number of devices: 1 
     number of ASEs: 2 
     strategy: 1 
     qos->target latency: 1 
     qos->retransmission_number: 0 
     qos->max_transport_latency: 0 
     channel count: 1
  name: SingleDev_OneChanStereoSnk_16_1_Low_Latency 
    direction: Sink (speaker)
     number of devices: 1 
     number of ASEs: 2 
     strategy: 1 
     qos->target latency: 1 
     qos->retransmission_number: 0 
     qos->max_transport_latency: 0 
     channel count: 1

  === Configurations for context type: 16, num: 69 
  name: DualDev_OneChanStereoSnk_48_4_High_Reliability 
    direction: Sink (speaker)
     number of devices: 2 
     number of ASEs: 2 
     strategy: 0 
     qos->target latency: 3 
     qos->retransmission_number: 0 
     qos->max_transport_latency: 0 
     channel count: 1
  name: DualDev_OneChanStereoSnk_48_4_2 
    direction: Sink (speaker)
     number of devices: 2 
     number of ASEs: 2 
     strategy: 0 
     qos->target latency: 2 
     qos->retransmission_number: 13 
     qos->max_transport_latency: 100 
     channel count: 1
  name: DualDev_OneChanStereoSnk_48_2_High_Reliability 
    direction: Sink (speaker)
     number of devices: 2 
     number of ASEs: 2 
     strategy: 0 
     qos->target latency: 3 
     qos->retransmission_number: 0 
     qos->max_transport_latency: 0 
     channel count: 1
  name: DualDev_OneChanStereoSnk_48_2_2 
    direction: Sink (speaker)
     number of devices: 2 
     number of ASEs: 2 
     strategy: 0 
     qos->target latency: 2 
     qos->retransmission_number: 13 
     qos->max_transport_latency: 95 
     channel count: 1
  name: DualDev_OneChanStereoSnk_48_3_High_Reliability 
    direction: Sink (speaker)
     number of devices: 2 
     number of ASEs: 2 
     strategy: 0 
     qos->target latency: 3 
     qos->retransmission_number: 0 
     qos->max_transport_latency: 0 
     channel count: 1
  name: DualDev_OneChanStereoSnk_48_3_2 
    direction: Sink (speaker)
     number of devices: 2 
     number of ASEs: 2 
     strategy: 0 
     qos->target latency: 2 
     qos->retransmission_number: 13 
     qos->max_transport_latency: 75 
     channel count: 1
  name: DualDev_OneChanStereoSnk_48_1_High_Reliability 
    direction: Sink (speaker)
     number of devices: 2 
     number of ASEs: 2 
     strategy: 0 
     qos->target latency: 3 
     qos->retransmission_number: 0 
     qos->max_transport_latency: 0 
     channel count: 1
  name: DualDev_OneChanStereoSnk_48_1_2 
    direction: Sink (speaker)
     number of devices: 2 
     number of ASEs: 2 
     strategy: 0 
     qos->target latency: 2 
     qos->retransmission_number: 13 
     qos->max_transport_latency: 75 
     channel count: 1
  name: DualDev_OneChanStereoSnk_24_2_Balanced_Reliability 
    direction: Sink (speaker)
     number of devices: 2 
     number of ASEs: 2 
     strategy: 0 
     qos->target latency: 2 
     qos->retransmission_number: 0 
     qos->max_transport_latency: 0 
     channel count: 1
  name: DualDev_OneChanStereoSnk_24_2_2 
    direction: Sink (speaker)
     number of devices: 2 
     number of ASEs: 2 
     strategy: 0 
     qos->target latency: 2 
     qos->retransmission_number: 13 
     qos->max_transport_latency: 95 
     channel count: 1
  name: DualDev_OneChanStereoSnk_16_2_Balanced_Reliability 
    direction: Sink (speaker)
     number of devices: 2 
     number of ASEs: 2 
     strategy: 0 
     qos->target latency: 2 
     qos->retransmission_number: 0 
     qos->max_transport_latency: 0 
     channel count: 1
  name: DualDev_OneChanStereoSnk_16_2_2 
    direction: Sink (speaker)
     number of devices: 2 
     number of ASEs: 2 
     strategy: 0 
     qos->target latency: 2 
     qos->retransmission_number: 13 
     qos->max_transport_latency: 95 
     channel count: 1
  name: DualDev_OneChanStereoSnk_16_1_Balanced_Reliability 
    direction: Sink (speaker)
     number of devices: 2 
     number of ASEs: 2 
     strategy: 0 
     qos->target latency: 2 
     qos->retransmission_number: 0 
     qos->max_transport_latency: 0 
     channel count: 1
  name: DualDev_OneChanStereoSnk_16_1_2 
    direction: Sink (speaker)
     number of devices: 2 
     number of ASEs: 2 
     strategy: 0 
     qos->target latency: 2 
     qos->retransmission_number: 13 
     qos->max_transport_latency: 75 
     channel count: 1
  name: SingleDev_OneChanStereoSnk_48_4_High_Reliability 
    direction: Sink (speaker)
     number of devices: 1 
     number of ASEs: 2 
     strategy: 1 
     qos->target latency: 3 
     qos->retransmission_number: 0 
     qos->max_transport_latency: 0 
     channel count: 1
  name: SingleDev_OneChanStereoSnk_48_4_2 
    direction: Sink (speaker)
     number of devices: 1 
     number of ASEs: 2 
     strategy: 1 
     qos->target latency: 2 
     qos->retransmission_number: 13 
     qos->max_transport_latency: 100 
     channel count: 1
  name: SingleDev_OneChanStereoSnk_48_2_High_Reliability 
    direction: Sink (speaker)
     number of devices: 1 
     number of ASEs: 2 
     strategy: 1 
     qos->target latency: 3 
     qos->retransmission_number: 0 
     qos->max_transport_latency: 0 
     channel count: 1
  name: SingleDev_OneChanStereoSnk_48_2_2 
    direction: Sink (speaker)
     number of devices: 1 
     number of ASEs: 2 
     strategy: 1 
     qos->target latency: 2 
     qos->retransmission_number: 13 
     qos->max_transport_latency: 95 
     channel count: 1
  name: SingleDev_OneChanStereoSnk_48_3_High_Reliability 
    direction: Sink (speaker)
     number of devices: 1 
     number of ASEs: 2 
     strategy: 1 
     qos->target latency: 3 
     qos->retransmission_number: 0 
     qos->max_transport_latency: 0 
     channel count: 1
  name: SingleDev_OneChanStereoSnk_48_3_2 
    direction: Sink (speaker)
     number of devices: 1 
     number of ASEs: 2 
     strategy: 1 
     qos->target latency: 2 
     qos->retransmission_number: 13 
     qos->max_transport_latency: 75 
     channel count: 1
  name: SingleDev_OneChanStereoSnk_48_1_High_Reliability 
    direction: Sink (speaker)
     number of devices: 1 
     number of ASEs: 2 
     strategy: 1 
     qos->target latency: 3 
     qos->retransmission_number: 0 
     qos->max_transport_latency: 0 
     channel count: 1
  name: SingleDev_OneChanStereoSnk_48_1_2 
    direction: Sink (speaker)
     number of devices: 1 
     number of ASEs: 2 
     strategy: 1 
     qos->target latency: 2 
     qos->retransmission_number: 13 
     qos->max_transport_latency: 75 
     channel count: 1
  name: SingleDev_OneChanStereoSnk_24_2_Balanced_Reliability 
    direction: Sink (speaker)
     number of devices: 1 
     number of ASEs: 2 
     strategy: 1 
     qos->target latency: 2 
     qos->retransmission_number: 0 
     qos->max_transport_latency: 0 
     channel count: 1
  name: SingleDev_OneChanStereoSnk_24_2_2 
    direction: Sink (speaker)
     number of devices: 1 
     number of ASEs: 2 
     strategy: 1 
     qos->target latency: 2 
     qos->retransmission_number: 13 
     qos->max_transport_latency: 95 
     channel count: 1
  name: SingleDev_OneChanStereoSnk_16_2_Balanced_Reliability 
    direction: Sink (speaker)
     number of devices: 1 
     number of ASEs: 2 
     strategy: 1 
     qos->target latency: 2 
     qos->retransmission_number: 0 
     qos->max_transport_latency: 0 
     channel count: 1
  name: SingleDev_OneChanStereoSnk_16_2_2 
    direction: Sink (speaker)
     number of devices: 1 
     number of ASEs: 2 
     strategy: 1 
     qos->target latency: 2 
     qos->retransmission_number: 13 
     qos->max_transport_latency: 95 
     channel count: 1
  name: SingleDev_OneChanStereoSnk_16_1_Balanced_Reliability 
    direction: Sink (speaker)
     number of devices: 1 
     number of ASEs: 2 
     strategy: 1 
     qos->target latency: 2 
     qos->retransmission_number: 0 
     qos->max_transport_latency: 0 
     channel count: 1
  name: SingleDev_OneChanStereoSnk_16_1_2 
    direction: Sink (speaker)
     number of devices: 1 
     number of ASEs: 2 
     strategy: 1 
     qos->target latency: 2 
     qos->retransmission_number: 13 
     qos->max_transport_latency: 75 
     channel count: 1
  name: SingleDev_TwoChanStereoSnk_48_4_High_Reliability 
    direction: Sink (speaker)
     number of devices: 1 
     number of ASEs: 1 
     strategy: 2 
     qos->target latency: 3 
     qos->retransmission_number: 0 
     qos->max_transport_latency: 0 
     channel count: 2
  name: SingleDev_TwoChanStereoSnk_48_4_2 
    direction: Sink (speaker)
     number of devices: 1 
     number of ASEs: 1 
     strategy: 2 
     qos->target latency: 2 
     qos->retransmission_number: 13 
     qos->max_transport_latency: 100 
     channel count: 2
  name: SingleDev_TwoChanStereoSnk_48_4_High_Reliability 
    direction: Sink (speaker)
     number of devices: 1 
     number of ASEs: 1 
     strategy: 2 
     qos->target latency: 3 
     qos->retransmission_number: 0 
     qos->max_transport_latency: 0 
     channel count: 2
  name: SingleDev_TwoChanStereoSnk_48_4_2 
    direction: Sink (speaker)
     number of devices: 1 
     number of ASEs: 1 
     strategy: 2 
     qos->target latency: 2 
     qos->retransmission_number: 13 
     qos->max_transport_latency: 100 
     channel count: 2
  name: SingleDev_TwoChanStereoSnk_48_2_High_Reliability 
    direction: Sink (speaker)
     number of devices: 1 
     number of ASEs: 1 
     strategy: 2 
     qos->target latency: 3 
     qos->retransmission_number: 0 
     qos->max_transport_latency: 0 
     channel count: 2
  name: SingleDev_TwoChanStereoSnk_48_2_2 
    direction: Sink (speaker)
     number of devices: 1 
     number of ASEs: 1 
     strategy: 2 
     qos->target latency: 2 
     qos->retransmission_number: 13 
     qos->max_transport_latency: 95 
     channel count: 2
  name: SingleDev_TwoChanStereoSnk_48_3_High_Reliability 
    direction: Sink (speaker)
     number of devices: 1 
     number of ASEs: 1 
     strategy: 2 
     qos->target latency: 3 
     qos->retransmission_number: 0 
     qos->max_transport_latency: 0 
     channel count: 2
  name: SingleDev_TwoChanStereoSnk_48_3_2 
    direction: Sink (speaker)
     number of devices: 1 
     number of ASEs: 1 
     strategy: 2 
     qos->target latency: 2 
     qos->retransmission_number: 13 
     qos->max_transport_latency: 75 
     channel count: 2
  name: SingleDev_TwoChanStereoSnk_48_1_High_Reliability 
    direction: Sink (speaker)
     number of devices: 1 
     number of ASEs: 1 
     strategy: 2 
     qos->target latency: 3 
     qos->retransmission_number: 0 
     qos->max_transport_latency: 0 
     channel count: 2
  name: SingleDev_TwoChanStereoSnk_48_1_2 
    direction: Sink (speaker)
     number of devices: 1 
     number of ASEs: 1 
     strategy: 2 
     qos->target latency: 2 
     qos->retransmission_number: 13 
     qos->max_transport_latency: 75 
     channel count: 2
  name: SingleDev_TwoChanStereoSnk_24_2_Balanced_Reliability 
    direction: Sink (speaker)
     number of devices: 1 
     number of ASEs: 1 
     strategy: 2 
     qos->target latency: 2 
     qos->retransmission_number: 0 
     qos->max_transport_latency: 0 
     channel count: 2
  name: SingleDev_TwoChanStereoSnk_24_2_2 
    direction: Sink (speaker)
     number of devices: 1 
     number of ASEs: 1 
     strategy: 2 
     qos->target latency: 2 
     qos->retransmission_number: 13 
     qos->max_transport_latency: 95 
     channel count: 2
  name: SingleDev_TwoChanStereoSnk_16_2_Balanced_Reliability 
    direction: Sink (speaker)
     number of devices: 1 
     number of ASEs: 1 
     strategy: 2 
     qos->target latency: 2 
     qos->retransmission_number: 0 
     qos->max_transport_latency: 0 
     channel count: 2
  name: SingleDev_TwoChanStereoSnk_16_2_2 
    direction: Sink (speaker)
     number of devices: 1 
     number of ASEs: 1 
     strategy: 2 
     qos->target latency: 2 
     qos->retransmission_number: 13 
     qos->max_transport_latency: 95 
     channel count: 2
  name: SingleDev_TwoChanStereoSnk_16_1_Balanced_Reliability 
    direction: Sink (speaker)
     number of devices: 1 
     number of ASEs: 1 
     strategy: 2 
     qos->target latency: 2 
     qos->retransmission_number: 0 
     qos->max_transport_latency: 0 
     channel count: 2
  name: SingleDev_TwoChanStereoSnk_16_1_2 
    direction: Sink (speaker)
     number of devices: 1 
     number of ASEs: 1 
     strategy: 2 
     qos->target latency: 2 
     qos->retransmission_number: 13 
     qos->max_transport_latency: 75 
     channel count: 2
  name: SingleDev_OneChanMonoSnk_48_4_High_Reliability 
    direction: Sink (speaker)
     number of devices: 1 
     number of ASEs: 1 
     strategy: 0 
     qos->target latency: 3 
     qos->retransmission_number: 0 
     qos->max_transport_latency: 0 
     channel count: 1
  name: SingleDev_OneChanMonoSnk_48_4_2 
    direction: Sink (speaker)
     number of devices: 1 
     number of ASEs: 1 
     strategy: 0 
     qos->target latency: 2 
     qos->retransmission_number: 13 
     qos->max_transport_latency: 100 
     channel count: 1
  name: SingleDev_OneChanMonoSnk_48_2_High_Reliability 
    direction: Sink (speaker)
     number of devices: 1 
     number of ASEs: 1 
     strategy: 0 
     qos->target latency: 3 
     qos->retransmission_number: 0 
     qos->max_transport_latency: 0 
     channel count: 1
  name: SingleDev_OneChanMonoSnk_48_2_2 
    direction: Sink (speaker)
     number of devices: 1 
     number of ASEs: 1 
     strategy: 0 
     qos->target latency: 2 
     qos->retransmission_number: 13 
     qos->max_transport_latency: 95 
     channel count: 1
  name: SingleDev_OneChanMonoSnk_48_3_High_Reliability 
    direction: Sink (speaker)
     number of devices: 1 
     number of ASEs: 1 
     strategy: 0 
     qos->target latency: 3 
     qos->retransmission_number: 0 
     qos->max_transport_latency: 0 
     channel count: 1
  name: SingleDev_OneChanMonoSnk_48_3_2 
    direction: Sink (speaker)
     number of devices: 1 
     number of ASEs: 1 
     strategy: 0 
     qos->target latency: 2 
     qos->retransmission_number: 13 
     qos->max_transport_latency: 75 
     channel count: 1
  name: SingleDev_OneChanMonoSnk_48_1_High_Reliability 
    direction: Sink (speaker)
     number of devices: 1 
     number of ASEs: 1 
     strategy: 0 
     qos->target latency: 3 
     qos->retransmission_number: 0 
     qos->max_transport_latency: 0 
     channel count: 1
  name: SingleDev_OneChanMonoSnk_48_1_2 
    direction: Sink (speaker)
     number of devices: 1 
     number of ASEs: 1 
     strategy: 0 
     qos->target latency: 2 
     qos->retransmission_number: 13 
     qos->max_transport_latency: 75 
     channel count: 1
  name: SingleDev_OneChanMonoSnk_32_2_Balanced_Reliability 
    direction: Sink (speaker)
     number of devices: 1 
     number of ASEs: 1 
     strategy: 0 
     qos->target latency: 2 
     qos->retransmission_number: 0 
     qos->max_transport_latency: 0 
     channel count: 1
  name: SingleDev_OneChanMonoSnk_32_1_Balanced_Reliability 
    direction: Sink (speaker)
     number of devices: 1 
     number of ASEs: 1 
     strategy: 0 
     qos->target latency: 2 
     qos->retransmission_number: 0 
     qos->max_transport_latency: 0 
     channel count: 1
  name: SingleDev_OneChanMonoSnk_24_2_Balanced_Reliability 
    direction: Sink (speaker)
     number of devices: 1 
     number of ASEs: 1 
     strategy: 0 
     qos->target latency: 2 
     qos->retransmission_number: 0 
     qos->max_transport_latency: 0 
     channel count: 1
  name: SingleDev_OneChanMonoSnk_24_2_2 
    direction: Sink (speaker)
     number of devices: 1 
     number of ASEs: 1 
     strategy: 0 
     qos->target latency: 2 
     qos->retransmission_number: 13 
     qos->max_transport_latency: 95 
     channel count: 1
  name: SingleDev_OneChanMonoSnk_16_2_Balanced_Reliability 
    direction: Sink (speaker)
     number of devices: 1 
     number of ASEs: 1 
     strategy: 0 
     qos->target latency: 2 
     qos->retransmission_number: 0 
     qos->max_transport_latency: 0 
     channel count: 1
  name: SingleDev_OneChanMonoSnk_16_2_2 
    direction: Sink (speaker)
     number of devices: 1 
     number of ASEs: 1 
     strategy: 0 
     qos->target latency: 2 
     qos->retransmission_number: 13 
     qos->max_transport_latency: 95 
     channel count: 1
  name: SingleDev_OneChanMonoSnk_16_1_Balanced_Reliability 
    direction: Sink (speaker)
     number of devices: 1 
     number of ASEs: 1 
     strategy: 0 
     qos->target latency: 2 
     qos->retransmission_number: 0 
     qos->max_transport_latency: 0 
     channel count: 1
  name: SingleDev_OneChanMonoSnk_16_1_2 
    direction: Sink (speaker)
     number of devices: 1 
     number of ASEs: 1 
     strategy: 0 
     qos->target latency: 2 
     qos->retransmission_number: 13 
     qos->max_transport_latency: 75 
     channel count: 1
  name: VND_DualDev_OneChanStereoSnk_48khz_100octs_High_Reliability_1 
    direction: Sink (speaker)
     number of devices: 2 
     number of ASEs: 2 
     strategy: 0 
     qos->target latency: 3 
     qos->retransmission_number: 0 
     qos->max_transport_latency: 0 
     channel count: 1
  name: VND_DualDev_OneChanStereoSnk_48khz_100octs_R15_L70_1 
    direction: Sink (speaker)
     number of devices: 2 
     number of ASEs: 2 
     strategy: 0 
     qos->target latency: 2 
     qos->retransmission_number: 15 
     qos->max_transport_latency: 70 
     channel count: 1
  name: VND_SingleDev_TwoChanStereoSnk_48khz_100octs_High_Reliability_1 
    direction: Sink (speaker)
     number of devices: 1 
     number of ASEs: 1 
     strategy: 2 
     qos->target latency: 3 
     qos->retransmission_number: 0 
     qos->max_transport_latency: 0 
     channel count: 2
  name: VND_SingleDev_TwoChanStereoSnk_48khz_100octs_R15_L70_1 
    direction: Sink (speaker)
     number of devices: 1 
     number of ASEs: 1 
     strategy: 2 
     qos->target latency: 2 
     qos->retransmission_number: 15 
     qos->max_transport_latency: 70 
     channel count: 2
  name: VND_SingleDev_OneChanStereoSnk_48khz_100octs_High_Reliability_1 
    direction: Sink (speaker)
     number of devices: 1 
     number of ASEs: 2 
     strategy: 1 
     qos->target latency: 3 
     qos->retransmission_number: 0 
     qos->max_transport_latency: 0 
     channel count: 1
  name: VND_SingleDev_OneChanStereoSnk_48khz_100octs_R15_L70_1 
    direction: Sink (speaker)
     number of devices: 1 
     number of ASEs: 2 
     strategy: 1 
     qos->target latency: 2 
     qos->retransmission_number: 15 
     qos->max_transport_latency: 70 
     channel count: 1
  name: DualDev_OneChanMonoSrc_16_2_Balanced_Reliability 
    direction: Source (mic)
     number of devices: 2 
     number of ASEs: 2 
     strategy: 0 
     qos->target latency: 2 
     qos->retransmission_number: 0 
     qos->max_transport_latency: 0 
     channel count: 1
  name: SingleDev_OneChanStereoSrc_16_2_Balanced_Reliability 
    direction: Source (mic)
     number of devices: 1 
     number of ASEs: 2 
     strategy: 1 
     qos->target latency: 2 
     qos->retransmission_number: 0 
     qos->max_transport_latency: 0 
     channel count: 1
  name: SingleDev_OneChanMonoSrc_16_2_Balanced_Reliability 
    direction: Source (mic)
     number of devices: 1 
     number of ASEs: 1 
     strategy: 0 
     qos->target latency: 2 
     qos->retransmission_number: 0 
     qos->max_transport_latency: 0 
     channel count: 1

  === Configurations for context type: 32, num: 34 
  name: DualDev_OneChanStereoSnk_OneChanStereoSrc_16_2_Low_Latency 
    direction: Sink (speaker)
     number of devices: 2 
     number of ASEs: 2 
     strategy: 0 
     qos->target latency: 1 
     qos->retransmission_number: 0 
     qos->max_transport_latency: 0 
     channel count: 1
    direction: Source (mic)
     number of devices: 2 
     number of ASEs: 2 
     strategy: 0 
     qos->target latency: 1 
     qos->retransmission_number: 0 
     qos->max_transport_latency: 0 
     channel count: 1
  name: DualDev_OneChanStereoSnk_OneChanStereoSrc_16_2_1 
    direction: Sink (speaker)
     number of devices: 2 
     number of ASEs: 2 
     strategy: 0 
     qos->target latency: 2 
     qos->retransmission_number: 2 
     qos->max_transport_latency: 10 
     channel count: 1
    direction: Source (mic)
     number of devices: 2 
     number of ASEs: 2 
     strategy: 0 
     qos->target latency: 2 
     qos->retransmission_number: 2 
     qos->max_transport_latency: 10 
     channel count: 1
  name: DualDev_OneChanStereoSnk_OneChanStereoSrc_16_1_Low_Latency 
    direction: Sink (speaker)
     number of devices: 2 
     number of ASEs: 2 
     strategy: 0 
     qos->target latency: 1 
     qos->retransmission_number: 0 
     qos->max_transport_latency: 0 
     channel count: 1
    direction: Source (mic)
     number of devices: 2 
     number of ASEs: 2 
     strategy: 0 
     qos->target latency: 1 
     qos->retransmission_number: 0 
     qos->max_transport_latency: 0 
     channel count: 1
  name: DualDev_OneChanStereoSnk_OneChanStereoSrc_16_1_1 
    direction: Sink (speaker)
     number of devices: 2 
     number of ASEs: 2 
     strategy: 0 
     qos->target latency: 2 
     qos->retransmission_number: 2 
     qos->max_transport_latency: 8 
     channel count: 1
    direction: Source (mic)
     number of devices: 2 
     number of ASEs: 2 
     strategy: 0 
     qos->target latency: 2 
     qos->retransmission_number: 2 
     qos->max_transport_latency: 8 
     channel count: 1
  name: SingleDev_TwoChanStereoSnk_TwoChanStereoSrc_32_2_Low_Latency 
    direction: Sink (speaker)
     number of devices: 1 
     number of ASEs: 1 
     strategy: 2 
     qos->target latency: 1 
     qos->retransmission_number: 0 
     qos->max_transport_latency: 0 
     channel count: 2
    direction: Source (mic)
     number of devices: 1 
     number of ASEs: 1 
     strategy: 2 
     qos->target latency: 1 
     qos->retransmission_number: 0 
     qos->max_transport_latency: 0 
     channel count: 2
  name: SingleDev_TwoChanStereoSnk_TwoChanStereoSrc_32_2_1 
    direction: Sink (speaker)
     number of devices: 1 
     number of ASEs: 1 
     strategy: 2 
     qos->target latency: 2 
     qos->retransmission_number: 2 
     qos->max_transport_latency: 10 
     channel count: 2
    direction: Source (mic)
     number of devices: 1 
     number of ASEs: 1 
     strategy: 2 
     qos->target latency: 2 
     qos->retransmission_number: 2 
     qos->max_transport_latency: 10 
     channel count: 2
  name: SingleDev_TwoChanStereoSnk_TwoChanStereoSrc_16_2_Low_Latency 
    direction: Sink (speaker)
     number of devices: 1 
     number of ASEs: 1 
     strategy: 2 
     qos->target latency: 1 
     qos->retransmission_number: 0 
     qos->max_transport_latency: 0 
     channel count: 2
    direction: Source (mic)
     number of devices: 1 
     number of ASEs: 1 
     strategy: 2 
     qos->target latency: 1 
     qos->retransmission_number: 0 
     qos->max_transport_latency: 0 
     channel count: 2
  name: SingleDev_TwoChanStereoSnk_TwoChanStereoSrc_16_2_1 
    direction: Sink (speaker)
     number of devices: 1 
     number of ASEs: 1 
     strategy: 2 
     qos->target latency: 2 
     qos->retransmission_number: 2 
     qos->max_transport_latency: 10 
     channel count: 2
    direction: Source (mic)
     number of devices: 1 
     number of ASEs: 1 
     strategy: 2 
     qos->target latency: 2 
     qos->retransmission_number: 2 
     qos->max_transport_latency: 10 
     channel count: 2
  name: SingleDev_TwoChanStereoSnk_TwoChanStereoSrc_16_1_Low_Latency 
    direction: Sink (speaker)
     number of devices: 1 
     number of ASEs: 1 
     strategy: 2 
     qos->target latency: 1 
     qos->retransmission_number: 0 
     qos->max_transport_latency: 0 
     channel count: 2
    direction: Source (mic)
     number of devices: 1 
     number of ASEs: 1 
     strategy: 2 
     qos->target latency: 1 
     qos->retransmission_number: 0 
     qos->max_transport_latency: 0 
     channel count: 2
  name: SingleDev_TwoChanStereoSnk_TwoChanStereoSrc_16_1_1 
    direction: Sink (speaker)
     number of devices: 1 
     number of ASEs: 1 
     strategy: 2 
     qos->target latency: 2 
     qos->retransmission_number: 2 
     qos->max_transport_latency: 8 
     channel count: 2
    direction: Source (mic)
     number of devices: 1 
     number of ASEs: 1 
     strategy: 2 
     qos->target latency: 2 
     qos->retransmission_number: 2 
     qos->max_transport_latency: 8 
     channel count: 2
  name: SingleDev_TwoChanStereoSnk_OneChanMonoSrc_32_2_Low_Latency 
    direction: Sink (speaker)
     number of devices: 1 
     number of ASEs: 1 
     strategy: 2 
     qos->target latency: 1 
     qos->retransmission_number: 0 
     qos->max_transport_latency: 0 
     channel count: 2
    direction: Source (mic)
     number of devices: 1 
     number of ASEs: 1 
     strategy: 0 
     qos->target latency: 1 
     qos->retransmission_number: 0 
     qos->max_transport_latency: 0 
     channel count: 1
  name: SingleDev_TwoChanStereoSnk_OneChanMonoSrc_32_2_1 
    direction: Sink (speaker)
     number of devices: 1 
     number of ASEs: 1 
     strategy: 2 
     qos->target latency: 2 
     qos->retransmission_number: 2 
     qos->max_transport_latency: 10 
     channel count: 2
    direction: Source (mic)
     number of devices: 1 
     number of ASEs: 1 
     strategy: 0 
     qos->target latency: 2 
     qos->retransmission_number: 2 
     qos->max_transport_latency: 10 
     channel count: 1
  name: SingleDev_TwoChanStereoSnk_OneChanMonoSrc_16_2_Low_Latency 
    direction: Sink (speaker)
     number of devices: 1 
     number of ASEs: 1 
     strategy: 2 
     qos->target latency: 1 
     qos->retransmission_number: 0 
     qos->max_transport_latency: 0 
     channel count: 2
    direction: Source (mic)
     number of devices: 1 
     number of ASEs: 1 
     strategy: 0 
     qos->target latency: 1 
     qos->retransmission_number: 0 
     qos->max_transport_latency: 0 
     channel count: 1
  name: SingleDev_TwoChanStereoSnk_OneChanMonoSrc_16_2_1 
    direction: Sink (speaker)
     number of devices: 1 
     number of ASEs: 1 
     strategy: 2 
     qos->target latency: 2 
     qos->retransmission_number: 2 
     qos->max_transport_latency: 10 
     channel count: 2
    direction: Source (mic)
     number of devices: 1 
     number of ASEs: 1 
     strategy: 0 
     qos->target latency: 2 
     qos->retransmission_number: 2 
     qos->max_transport_latency: 10 
     channel count: 1
  name: SingleDev_TwoChanStereoSnk_OneChanMonoSrc_16_1_Low_Latency 
    direction: Sink (speaker)
     number of devices: 1 
     number of ASEs: 1 
     strategy: 2 
     qos->target latency: 1 
     qos->retransmission_number: 0 
     qos->max_transport_latency: 0 
     channel count: 2
    direction: Source (mic)
     number of devices: 1 
     number of ASEs: 1 
     strategy: 0 
     qos->target latency: 1 
     qos->retransmission_number: 0 
     qos->max_transport_latency: 0 
     channel count: 1
  name: SingleDev_TwoChanStereoSnk_OneChanMonoSrc_16_1_1 
    direction: Sink (speaker)
     number of devices: 1 
     number of ASEs: 1 
     strategy: 2 
     qos->target latency: 2 
     qos->retransmission_number: 2 
     qos->max_transport_latency: 8 
     channel count: 2
    direction: Source (mic)
     number of devices: 1 
     number of ASEs: 1 
     strategy: 0 
     qos->target latency: 2 
     qos->retransmission_number: 2 
     qos->max_transport_latency: 8 
     channel count: 1
  name: SingleDev_OneChanMonoSnk_OneChanMonoSrc_32_2_Low_Latency 
    direction: Sink (speaker)
     number of devices: 1 
     number of ASEs: 1 
     strategy: 0 
     qos->target latency: 1 
     qos->retransmission_number: 0 
     qos->max_transport_latency: 0 
     channel count: 1
    direction: Source (mic)
     number of devices: 1 
     number of ASEs: 1 
     strategy: 0 
     qos->target latency: 1 
     qos->retransmission_number: 0 
     qos->max_transport_latency: 0 
     channel count: 1
  name: SingleDev_OneChanMonoSnk_OneChanMonoSrc_32_2_1 
    direction: Sink (speaker)
     number of devices: 1 
     number of ASEs: 1 
     strategy: 0 
     qos->target latency: 2 
     qos->retransmission_number: 2 
     qos->max_transport_latency: 10 
     channel count: 1
    direction: Source (mic)
     number of devices: 1 
     number of ASEs: 1 
     strategy: 0 
     qos->target latency: 2 
     qos->retransmission_number: 2 
     qos->max_transport_latency: 10 
     channel count: 1
  name: SingleDev_OneChanMonoSnk_OneChanMonoSrc_16_2_Low_Latency 
    direction: Sink (speaker)
     number of devices: 1 
     number of ASEs: 1 
     strategy: 0 
     qos->target latency: 1 
     qos->retransmission_number: 0 
     qos->max_transport_latency: 0 
     channel count: 1
    direction: Source (mic)
     number of devices: 1 
     number of ASEs: 1 
     strategy: 0 
     qos->target latency: 1 
     qos->retransmission_number: 0 
     qos->max_transport_latency: 0 
     channel count: 1
  name: SingleDev_OneChanMonoSnk_OneChanMonoSrc_16_2_1 
    direction: Sink (speaker)
     number of devices: 1 
     number of ASEs: 1 
     strategy: 0 
     qos->target latency: 2 
     qos->retransmission_number: 2 
     qos->max_transport_latency: 10 
     channel count: 1
    direction: Source (mic)
     number of devices: 1 
     number of ASEs: 1 
     strategy: 0 
     qos->target latency: 2 
     qos->retransmission_number: 2 
     qos->max_transport_latency: 10 
     channel count: 1
  name: SingleDev_OneChanMonoSnk_OneChanMonoSrc_16_1_Low_Latency 
    direction: Sink (speaker)
     number of devices: 1 
     number of ASEs: 1 
     strategy: 0 
     qos->target latency: 1 
     qos->retransmission_number: 0 
     qos->max_transport_latency: 0 
     channel count: 1
    direction: Source (mic)
     number of devices: 1 
     number of ASEs: 1 
     strategy: 0 
     qos->target latency: 1 
     qos->retransmission_number: 0 
     qos->max_transport_latency: 0 
     channel count: 1
  name: SingleDev_OneChanMonoSnk_OneChanMonoSrc_16_1_1 
    direction: Sink (speaker)
     number of devices: 1 
     number of ASEs: 1 
     strategy: 0 
     qos->target latency: 2 
     qos->retransmission_number: 2 
     qos->max_transport_latency: 8 
     channel count: 1
    direction: Source (mic)
     number of devices: 1 
     number of ASEs: 1 
     strategy: 0 
     qos->target latency: 2 
     qos->retransmission_number: 2 
     qos->max_transport_latency: 8 
     channel count: 1
  name: DualDev_OneChanStereoSnk_48_4_OneChanStereoSrc_16_2_Balanced_Reliability 
    direction: Sink (speaker)
     number of devices: 2 
     number of ASEs: 2 
     strategy: 0 
     qos->target latency: 2 
     qos->retransmission_number: 0 
     qos->max_transport_latency: 0 
     channel count: 1
    direction: Source (mic)
     number of devices: 2 
     number of ASEs: 2 
     strategy: 0 
     qos->target latency: 2 
     qos->retransmission_number: 0 
     qos->max_transport_latency: 0 
     channel count: 1
  name: DualDev_OneChanStereoSnk_48_4_OneChanStereoSrc_24_2_Balanced_Reliability 
    direction: Sink (speaker)
     number of devices: 2 
     number of ASEs: 2 
     strategy: 0 
     qos->target latency: 2 
     qos->retransmission_number: 0 
     qos->max_transport_latency: 0 
     channel count: 1
    direction: Source (mic)
     number of devices: 2 
     number of ASEs: 2 
     strategy: 0 
     qos->target latency: 2 
     qos->retransmission_number: 0 
     qos->max_transport_latency: 0 
     channel count: 1
  name: DualDev_OneChanStereoSnk_48_4_OneChanMonoSrc_16_2_Balanced_Reliability 
    direction: Sink (speaker)
     number of devices: 2 
     number of ASEs: 2 
     strategy: 0 
     qos->target latency: 2 
     qos->retransmission_number: 0 
     qos->max_transport_latency: 0 
     channel count: 1
    direction: Source (mic)
     number of devices: 1 
     number of ASEs: 1 
     strategy: 0 
     qos->target latency: 2 
     qos->retransmission_number: 0 
     qos->max_transport_latency: 0 
     channel count: 1
  name: DualDev_OneChanStereoSnk_48_4_OneChanMonoSrc_24_2_Balanced_Reliability 
    direction: Sink (speaker)
     number of devices: 2 
     number of ASEs: 2 
     strategy: 0 
     qos->target latency: 2 
     qos->retransmission_number: 0 
     qos->max_transport_latency: 0 
     channel count: 1
    direction: Source (mic)
     number of devices: 1 
     number of ASEs: 1 
     strategy: 0 
     qos->target latency: 2 
     qos->retransmission_number: 0 
     qos->max_transport_latency: 0 
     channel count: 1
  name: DualDev_OneChanStereoSnk_48_4_OneChanMonoSrc_32_2_Balanced_Reliability 
    direction: Sink (speaker)
     number of devices: 2 
     number of ASEs: 2 
     strategy: 0 
     qos->target latency: 2 
     qos->retransmission_number: 0 
     qos->max_transport_latency: 0 
     channel count: 1
    direction: Source (mic)
     number of devices: 1 
     number of ASEs: 1 
     strategy: 0 
     qos->target latency: 2 
     qos->retransmission_number: 0 
     qos->max_transport_latency: 0 
     channel count: 1
  name: DualDev_OneChanDoubleStereoSnk_48_4_OneChanMonoSrc_16_2_Balanced_Reliability 
    direction: Sink (speaker)
     number of devices: 2 
     number of ASEs: 4 
     strategy: 1 
     qos->target latency: 2 
     qos->retransmission_number: 0 
     qos->max_transport_latency: 0 
     channel count: 1
    direction: Source (mic)
     number of devices: 1 
     number of ASEs: 1 
     strategy: 0 
     qos->target latency: 2 
     qos->retransmission_number: 0 
     qos->max_transport_latency: 0 
     channel count: 1
  name: DualDev_OneChanDoubleStereoSnk_48_4_OneChanMonoSrc_24_2_Balanced_Reliability 
    direction: Sink (speaker)
     number of devices: 2 
     number of ASEs: 4 
     strategy: 1 
     qos->target latency: 2 
     qos->retransmission_number: 0 
     qos->max_transport_latency: 0 
     channel count: 1
    direction: Source (mic)
     number of devices: 1 
     number of ASEs: 1 
     strategy: 0 
     qos->target latency: 2 
     qos->retransmission_number: 0 
     qos->max_transport_latency: 0 
     channel count: 1
  name: DualDev_OneChanDoubleStereoSnk_48_4_OneChanMonoSrc_32_2_Balanced_Reliability 
    direction: Sink (speaker)
     number of devices: 2 
     number of ASEs: 4 
     strategy: 1 
     qos->target latency: 2 
     qos->retransmission_number: 0 
     qos->max_transport_latency: 0 
     channel count: 1
    direction: Source (mic)
     number of devices: 1 
     number of ASEs: 1 
     strategy: 0 
     qos->target latency: 2 
     qos->retransmission_number: 0 
     qos->max_transport_latency: 0 
     channel count: 1
  name: SingleDev_TwoChanStereoSnk_48_4_TwoChanStereoSrc_16_2_Balanced_Reliability 
    direction: Sink (speaker)
     number of devices: 1 
     number of ASEs: 1 
     strategy: 2 
     qos->target latency: 2 
     qos->retransmission_number: 0 
     qos->max_transport_latency: 0 
     channel count: 2
    direction: Source (mic)
     number of devices: 1 
     number of ASEs: 1 
     strategy: 2 
     qos->target latency: 2 
     qos->retransmission_number: 0 
     qos->max_transport_latency: 0 
     channel count: 2
  name: SingleDev_TwoChanStereoSnk_48_4_TwoChanStereoSrc_24_2_Balanced_Reliability 
    direction: Sink (speaker)
     number of devices: 1 
     number of ASEs: 1 
     strategy: 2 
     qos->target latency: 2 
     qos->retransmission_number: 0 
     qos->max_transport_latency: 0 
     channel count: 2
    direction: Source (mic)
     number of devices: 1 
     number of ASEs: 1 
     strategy: 2 
     qos->target latency: 2 
     qos->retransmission_number: 0 
     qos->max_transport_latency: 0 
     channel count: 2
  name: SingleDev_TwoChanStereoSnk_48_4_TwoChanStereoSrc_32_2_Balanced_Reliability 
    direction: Sink (speaker)
     number of devices: 1 
     number of ASEs: 1 
     strategy: 2 
     qos->target latency: 2 
     qos->retransmission_number: 0 
     qos->max_transport_latency: 0 
     channel count: 2
    direction: Source (mic)
     number of devices: 1 
     number of ASEs: 1 
     strategy: 2 
     qos->target latency: 2 
     qos->retransmission_number: 0 
     qos->max_transport_latency: 0 
     channel count: 2
  name: SingleDev_TwoChanStereoSnk_48_4_OneChanMonoSrc_32_2_Balanced_Reliability 
    direction: Sink (speaker)
     number of devices: 1 
     number of ASEs: 1 
     strategy: 2 
     qos->target latency: 2 
     qos->retransmission_number: 0 
     qos->max_transport_latency: 0 
     channel count: 2
    direction: Source (mic)
     number of devices: 1 
     number of ASEs: 1 
     strategy: 0 
     qos->target latency: 2 
     qos->retransmission_number: 0 
     qos->max_transport_latency: 0 
     channel count: 1

  === Configurations for context type: 64, num: 36 
  name: VND_SingleDev_TwoChanStereoSrc_48khz_100octs_Balanced_Reliability_1 
    direction: Source (mic)
     number of devices: 1 
     number of ASEs: 1 
     strategy: 2 
     qos->target latency: 2 
     qos->retransmission_number: 0 
     qos->max_transport_latency: 0 
     channel count: 2
  name: VND_SingleDev_TwoChanStereoSrc_48khz_100octs_R11_L40_1 
    direction: Source (mic)
     number of devices: 1 
     number of ASEs: 1 
     strategy: 2 
     qos->target latency: 2 
     qos->retransmission_number: 11 
     qos->max_transport_latency: 40 
     channel count: 2
  name: DualDev_OneChanStereoSnk_OneChanStereoSrc_16_2_Low_Latency 
    direction: Sink (speaker)
     number of devices: 2 
     number of ASEs: 2 
     strategy: 0 
     qos->target latency: 1 
     qos->retransmission_number: 0 
     qos->max_transport_latency: 0 
     channel count: 1
    direction: Source (mic)
     number of devices: 2 
     number of ASEs: 2 
     strategy: 0 
     qos->target latency: 1 
     qos->retransmission_number: 0 
     qos->max_transport_latency: 0 
     channel count: 1
  name: DualDev_OneChanStereoSnk_OneChanStereoSrc_16_2_1 
    direction: Sink (speaker)
     number of devices: 2 
     number of ASEs: 2 
     strategy: 0 
     qos->target latency: 2 
     qos->retransmission_number: 2 
     qos->max_transport_latency: 10 
     channel count: 1
    direction: Source (mic)
     number of devices: 2 
     number of ASEs: 2 
     strategy: 0 
     qos->target latency: 2 
     qos->retransmission_number: 2 
     qos->max_transport_latency: 10 
     channel count: 1
  name: DualDev_OneChanStereoSnk_OneChanStereoSrc_16_1_Low_Latency 
    direction: Sink (speaker)
     number of devices: 2 
     number of ASEs: 2 
     strategy: 0 
     qos->target latency: 1 
     qos->retransmission_number: 0 
     qos->max_transport_latency: 0 
     channel count: 1
    direction: Source (mic)
     number of devices: 2 
     number of ASEs: 2 
     strategy: 0 
     qos->target latency: 1 
     qos->retransmission_number: 0 
     qos->max_transport_latency: 0 
     channel count: 1
  name: DualDev_OneChanStereoSnk_OneChanStereoSrc_16_1_1 
    direction: Sink (speaker)
     number of devices: 2 
     number of ASEs: 2 
     strategy: 0 
     qos->target latency: 2 
     qos->retransmission_number: 2 
     qos->max_transport_latency: 8 
     channel count: 1
    direction: Source (mic)
     number of devices: 2 
     number of ASEs: 2 
     strategy: 0 
     qos->target latency: 2 
     qos->retransmission_number: 2 
     qos->max_transport_latency: 8 
     channel count: 1
  name: SingleDev_TwoChanStereoSnk_TwoChanStereoSrc_32_2_Low_Latency 
    direction: Sink (speaker)
     number of devices: 1 
     number of ASEs: 1 
     strategy: 2 
     qos->target latency: 1 
     qos->retransmission_number: 0 
     qos->max_transport_latency: 0 
     channel count: 2
    direction: Source (mic)
     number of devices: 1 
     number of ASEs: 1 
     strategy: 2 
     qos->target latency: 1 
     qos->retransmission_number: 0 
     qos->max_transport_latency: 0 
     channel count: 2
  name: SingleDev_TwoChanStereoSnk_TwoChanStereoSrc_32_2_1 
    direction: Sink (speaker)
     number of devices: 1 
     number of ASEs: 1 
     strategy: 2 
     qos->target latency: 2 
     qos->retransmission_number: 2 
     qos->max_transport_latency: 10 
     channel count: 2
    direction: Source (mic)
     number of devices: 1 
     number of ASEs: 1 
     strategy: 2 
     qos->target latency: 2 
     qos->retransmission_number: 2 
     qos->max_transport_latency: 10 
     channel count: 2
  name: SingleDev_TwoChanStereoSnk_TwoChanStereoSrc_16_2_Low_Latency 
    direction: Sink (speaker)
     number of devices: 1 
     number of ASEs: 1 
     strategy: 2 
     qos->target latency: 1 
     qos->retransmission_number: 0 
     qos->max_transport_latency: 0 
     channel count: 2
    direction: Source (mic)
     number of devices: 1 
     number of ASEs: 1 
     strategy: 2 
     qos->target latency: 1 
     qos->retransmission_number: 0 
     qos->max_transport_latency: 0 
     channel count: 2
  name: SingleDev_TwoChanStereoSnk_TwoChanStereoSrc_16_2_1 
    direction: Sink (speaker)
     number of devices: 1 
     number of ASEs: 1 
     strategy: 2 
     qos->target latency: 2 
     qos->retransmission_number: 2 
     qos->max_transport_latency: 10 
     channel count: 2
    direction: Source (mic)
     number of devices: 1 
     number of ASEs: 1 
     strategy: 2 
     qos->target latency: 2 
     qos->retransmission_number: 2 
     qos->max_transport_latency: 10 
     channel count: 2
  name: SingleDev_TwoChanStereoSnk_TwoChanStereoSrc_16_1_Low_Latency 
    direction: Sink (speaker)
     number of devices: 1 
     number of ASEs: 1 
     strategy: 2 
     qos->target latency: 1 
     qos->retransmission_number: 0 
     qos->max_transport_latency: 0 
     channel count: 2
    direction: Source (mic)
     number of devices: 1 
     number of ASEs: 1 
     strategy: 2 
     qos->target latency: 1 
     qos->retransmission_number: 0 
     qos->max_transport_latency: 0 
     channel count: 2
  name: SingleDev_TwoChanStereoSnk_TwoChanStereoSrc_16_1_1 
    direction: Sink (speaker)
     number of devices: 1 
     number of ASEs: 1 
     strategy: 2 
     qos->target latency: 2 
     qos->retransmission_number: 2 
     qos->max_transport_latency: 8 
     channel count: 2
    direction: Source (mic)
     number of devices: 1 
     number of ASEs: 1 
     strategy: 2 
     qos->target latency: 2 
     qos->retransmission_number: 2 
     qos->max_transport_latency: 8 
     channel count: 2
  name: SingleDev_TwoChanStereoSnk_OneChanMonoSrc_32_2_Low_Latency 
    direction: Sink (speaker)
     number of devices: 1 
     number of ASEs: 1 
     strategy: 2 
     qos->target latency: 1 
     qos->retransmission_number: 0 
     qos->max_transport_latency: 0 
     channel count: 2
    direction: Source (mic)
     number of devices: 1 
     number of ASEs: 1 
     strategy: 0 
     qos->target latency: 1 
     qos->retransmission_number: 0 
     qos->max_transport_latency: 0 
     channel count: 1
  name: SingleDev_TwoChanStereoSnk_OneChanMonoSrc_32_2_1 
    direction: Sink (speaker)
     number of devices: 1 
     number of ASEs: 1 
     strategy: 2 
     qos->target latency: 2 
     qos->retransmission_number: 2 
     qos->max_transport_latency: 10 
     channel count: 2
    direction: Source (mic)
     number of devices: 1 
     number of ASEs: 1 
     strategy: 0 
     qos->target latency: 2 
     qos->retransmission_number: 2 
     qos->max_transport_latency: 10 
     channel count: 1
  name: SingleDev_TwoChanStereoSnk_OneChanMonoSrc_16_2_Low_Latency 
    direction: Sink (speaker)
     number of devices: 1 
     number of ASEs: 1 
     strategy: 2 
     qos->target latency: 1 
     qos->retransmission_number: 0 
     qos->max_transport_latency: 0 
     channel count: 2
    direction: Source (mic)
     number of devices: 1 
     number of ASEs: 1 
     strategy: 0 
     qos->target latency: 1 
     qos->retransmission_number: 0 
     qos->max_transport_latency: 0 
     channel count: 1
  name: SingleDev_TwoChanStereoSnk_OneChanMonoSrc_16_2_1 
    direction: Sink (speaker)
     number of devices: 1 
     number of ASEs: 1 
     strategy: 2 
     qos->target latency: 2 
     qos->retransmission_number: 2 
     qos->max_transport_latency: 10 
     channel count: 2
    direction: Source (mic)
     number of devices: 1 
     number of ASEs: 1 
     strategy: 0 
     qos->target latency: 2 
     qos->retransmission_number: 2 
     qos->max_transport_latency: 10 
     channel count: 1
  name: SingleDev_TwoChanStereoSnk_OneChanMonoSrc_16_1_Low_Latency 
    direction: Sink (speaker)
     number of devices: 1 
     number of ASEs: 1 
     strategy: 2 
     qos->target latency: 1 
     qos->retransmission_number: 0 
     qos->max_transport_latency: 0 
     channel count: 2
    direction: Source (mic)
     number of devices: 1 
     number of ASEs: 1 
     strategy: 0 
     qos->target latency: 1 
     qos->retransmission_number: 0 
     qos->max_transport_latency: 0 
     channel count: 1
  name: SingleDev_TwoChanStereoSnk_OneChanMonoSrc_16_1_1 
    direction: Sink (speaker)
     number of devices: 1 
     number of ASEs: 1 
     strategy: 2 
     qos->target latency: 2 
     qos->retransmission_number: 2 
     qos->max_transport_latency: 8 
     channel count: 2
    direction: Source (mic)
     number of devices: 1 
     number of ASEs: 1 
     strategy: 0 
     qos->target latency: 2 
     qos->retransmission_number: 2 
     qos->max_transport_latency: 8 
     channel count: 1
  name: SingleDev_OneChanStereoSnk_OneChanMonoSrc_32_2_Low_Latency 
    direction: Sink (speaker)
     number of devices: 1 
     number of ASEs: 2 
     strategy: 1 
     qos->target latency: 1 
     qos->retransmission_number: 0 
     qos->max_transport_latency: 0 
     channel count: 1
    direction: Source (mic)
     number of devices: 1 
     number of ASEs: 1 
     strategy: 0 
     qos->target latency: 1 
     qos->retransmission_number: 0 
     qos->max_transport_latency: 0 
     channel count: 1
  name: SingleDev_OneChanStereoSnk_OneChanMonoSrc_32_2_1 
    direction: Sink (speaker)
     number of devices: 1 
     number of ASEs: 2 
     strategy: 1 
     qos->target latency: 2 
     qos->retransmission_number: 2 
     qos->max_transport_latency: 10 
     channel count: 1
    direction: Source (mic)
     number of devices: 1 
     number of ASEs: 1 
     strategy: 0 
     qos->target latency: 2 
     qos->retransmission_number: 2 
     qos->max_transport_latency: 10 
     channel count: 1
  name: SingleDev_OneChanStereoSnk_OneChanMonoSrc_16_2_Low_Latency 
    direction: Sink (speaker)
     number of devices: 1 
     number of ASEs: 2 
     strategy: 1 
     qos->target latency: 1 
     qos->retransmission_number: 0 
     qos->max_transport_latency: 0 
     channel count: 1
    direction: Source (mic)
     number of devices: 1 
     number of ASEs: 1 
     strategy: 0 
     qos->target latency: 1 
     qos->retransmission_number: 0 
     qos->max_transport_latency: 0 
     channel count: 1
  name: SingleDev_OneChanStereoSnk_OneChanMonoSrc_16_2_1 
    direction: Sink (speaker)
     number of devices: 1 
     number of ASEs: 2 
     strategy: 1 
     qos->target latency: 2 
     qos->retransmission_number: 2 
     qos->max_transport_latency: 10 
     channel count: 1
    direction: Source (mic)
     number of devices: 1 
     number of ASEs: 1 
     strategy: 0 
     qos->target latency: 2 
     qos->retransmission_number: 2 
     qos->max_transport_latency: 10 
     channel count: 1
  name: SingleDev_OneChanStereoSnk_OneChanMonoSrc_16_1_Low_Latency 
    direction: Sink (speaker)
     number of devices: 1 
     number of ASEs: 2 
     strategy: 1 
     qos->target latency: 1 
     qos->retransmission_number: 0 
     qos->max_transport_latency: 0 
     channel count: 1
    direction: Source (mic)
     number of devices: 1 
     number of ASEs: 1 
     strategy: 0 
     qos->target latency: 1 
     qos->retransmission_number: 0 
     qos->max_transport_latency: 0 
     channel count: 1
  name: SingleDev_OneChanStereoSnk_OneChanMonoSrc_16_1_1 
    direction: Sink (speaker)
     number of devices: 1 
     number of ASEs: 2 
     strategy: 1 
     qos->target latency: 2 
     qos->retransmission_number: 2 
     qos->max_transport_latency: 8 
     channel count: 1
    direction: Source (mic)
     number of devices: 1 
     number of ASEs: 1 
     strategy: 0 
     qos->target latency: 2 
     qos->retransmission_number: 2 
     qos->max_transport_latency: 8 
     channel count: 1
  name: SingleDev_OneChanMonoSnk_OneChanMonoSrc_32_2_Low_Latency 
    direction: Sink (speaker)
     number of devices: 1 
     number of ASEs: 1 
     strategy: 0 
     qos->target latency: 1 
     qos->retransmission_number: 0 
     qos->max_transport_latency: 0 
     channel count: 1
    direction: Source (mic)
     number of devices: 1 
     number of ASEs: 1 
     strategy: 0 
     qos->target latency: 1 
     qos->retransmission_number: 0 
     qos->max_transport_latency: 0 
     channel count: 1
  name: SingleDev_OneChanMonoSnk_OneChanMonoSrc_32_2_1 
    direction: Sink (speaker)
     number of devices: 1 
     number of ASEs: 1 
     strategy: 0 
     qos->target latency: 2 
     qos->retransmission_number: 2 
     qos->max_transport_latency: 10 
     channel count: 1
    direction: Source (mic)
     number of devices: 1 
     number of ASEs: 1 
     strategy: 0 
     qos->target latency: 2 
     qos->retransmission_number: 2 
     qos->max_transport_latency: 10 
     channel count: 1
  name: SingleDev_OneChanMonoSnk_OneChanMonoSrc_16_2_Low_Latency 
    direction: Sink (speaker)
     number of devices: 1 
     number of ASEs: 1 
     strategy: 0 
     qos->target latency: 1 
     qos->retransmission_number: 0 
     qos->max_transport_latency: 0 
     channel count: 1
    direction: Source (mic)
     number of devices: 1 
     number of ASEs: 1 
     strategy: 0 
     qos->target latency: 1 
     qos->retransmission_number: 0 
     qos->max_transport_latency: 0 
     channel count: 1
  name: SingleDev_OneChanMonoSnk_OneChanMonoSrc_16_2_1 
    direction: Sink (speaker)
     number of devices: 1 
     number of ASEs: 1 
     strategy: 0 
     qos->target latency: 2 
     qos->retransmission_number: 2 
     qos->max_transport_latency: 10 
     channel count: 1
    direction: Source (mic)
     number of devices: 1 
     number of ASEs: 1 
     strategy: 0 
     qos->target latency: 2 
     qos->retransmission_number: 2 
     qos->max_transport_latency: 10 
     channel count: 1
  name: SingleDev_OneChanMonoSnk_OneChanMonoSrc_16_1_Low_Latency 
    direction: Sink (speaker)
     number of devices: 1 
     number of ASEs: 1 
     strategy: 0 
     qos->target latency: 1 
     qos->retransmission_number: 0 
     qos->max_transport_latency: 0 
     channel count: 1
    direction: Source (mic)
     number of devices: 1 
     number of ASEs: 1 
     strategy: 0 
     qos->target latency: 1 
     qos->retransmission_number: 0 
     qos->max_transport_latency: 0 
     channel count: 1
  name: SingleDev_OneChanMonoSnk_OneChanMonoSrc_16_1_1 
    direction: Sink (speaker)
     number of devices: 1 
     number of ASEs: 1 
     strategy: 0 
     qos->target latency: 2 
     qos->retransmission_number: 2 
     qos->max_transport_latency: 8 
     channel count: 1
    direction: Source (mic)
     number of devices: 1 
     number of ASEs: 1 
     strategy: 0 
     qos->target latency: 2 
     qos->retransmission_number: 2 
     qos->max_transport_latency: 8 
     channel count: 1
  name: SingleDev_OneChanMonoSrc_48_2_Balanced_Reliability 
    direction: Source (mic)
     number of devices: 1 
     number of ASEs: 1 
     strategy: 0 
     qos->target latency: 2 
     qos->retransmission_number: 0 
     qos->max_transport_latency: 0 
     channel count: 1
  name: SingleDev_OneChanMonoSrc_48_1_Balanced_Reliability 
    direction: Source (mic)
     number of devices: 1 
     number of ASEs: 1 
     strategy: 0 
     qos->target latency: 2 
     qos->retransmission_number: 0 
     qos->max_transport_latency: 0 
     channel count: 1
  name: SingleDev_OneChanMonoSrc_32_2_Balanced_Reliability 
    direction: Source (mic)
     number of devices: 1 
     number of ASEs: 1 
     strategy: 0 
     qos->target latency: 2 
     qos->retransmission_number: 0 
     qos->max_transport_latency: 0 
     channel count: 1
  name: SingleDev_OneChanMonoSrc_32_1_Balanced_Reliability 
    direction: Source (mic)
     number of devices: 1 
     number of ASEs: 1 
     strategy: 0 
     qos->target latency: 2 
     qos->retransmission_number: 0 
     qos->max_transport_latency: 0 
     channel count: 1
  name: SingleDev_OneChanMonoSrc_16_2_Balanced_Reliability 
    direction: Source (mic)
     number of devices: 1 
     number of ASEs: 1 
     strategy: 0 
     qos->target latency: 2 
     qos->retransmission_number: 0 
     qos->max_transport_latency: 0 
     channel count: 1
  name: SingleDev_OneChanMonoSrc_16_1_Balanced_Reliability 
    direction: Source (mic)
     number of devices: 1 
     number of ASEs: 1 
     strategy: 0 
     qos->target latency: 2 
     qos->retransmission_number: 0 
     qos->max_transport_latency: 0 
     channel count: 1

  === Configurations for context type: 128, num: 69 
  name: DualDev_OneChanStereoSnk_48_4_High_Reliability 
    direction: Sink (speaker)
     number of devices: 2 
     number of ASEs: 2 
     strategy: 0 
     qos->target latency: 3 
     qos->retransmission_number: 0 
     qos->max_transport_latency: 0 
     channel count: 1
  name: DualDev_OneChanStereoSnk_48_4_2 
    direction: Sink (speaker)
     number of devices: 2 
     number of ASEs: 2 
     strategy: 0 
     qos->target latency: 2 
     qos->retransmission_number: 13 
     qos->max_transport_latency: 100 
     channel count: 1
  name: DualDev_OneChanStereoSnk_48_2_High_Reliability 
    direction: Sink (speaker)
     number of devices: 2 
     number of ASEs: 2 
     strategy: 0 
     qos->target latency: 3 
     qos->retransmission_number: 0 
     qos->max_transport_latency: 0 
     channel count: 1
  name: DualDev_OneChanStereoSnk_48_2_2 
    direction: Sink (speaker)
     number of devices: 2 
     number of ASEs: 2 
     strategy: 0 
     qos->target latency: 2 
     qos->retransmission_number: 13 
     qos->max_transport_latency: 95 
     channel count: 1
  name: DualDev_OneChanStereoSnk_48_3_High_Reliability 
    direction: Sink (speaker)
     number of devices: 2 
     number of ASEs: 2 
     strategy: 0 
     qos->target latency: 3 
     qos->retransmission_number: 0 
     qos->max_transport_latency: 0 
     channel count: 1
  name: DualDev_OneChanStereoSnk_48_3_2 
    direction: Sink (speaker)
     number of devices: 2 
     number of ASEs: 2 
     strategy: 0 
     qos->target latency: 2 
     qos->retransmission_number: 13 
     qos->max_transport_latency: 75 
     channel count: 1
  name: DualDev_OneChanStereoSnk_48_1_High_Reliability 
    direction: Sink (speaker)
     number of devices: 2 
     number of ASEs: 2 
     strategy: 0 
     qos->target latency: 3 
     qos->retransmission_number: 0 
     qos->max_transport_latency: 0 
     channel count: 1
  name: DualDev_OneChanStereoSnk_48_1_2 
    direction: Sink (speaker)
     number of devices: 2 
     number of ASEs: 2 
     strategy: 0 
     qos->target latency: 2 
     qos->retransmission_number: 13 
     qos->max_transport_latency: 75 
     channel count: 1
  name: DualDev_OneChanStereoSnk_24_2_Balanced_Reliability 
    direction: Sink (speaker)
     number of devices: 2 
     number of ASEs: 2 
     strategy: 0 
     qos->target latency: 2 
     qos->retransmission_number: 0 
     qos->max_transport_latency: 0 
     channel count: 1
  name: DualDev_OneChanStereoSnk_24_2_2 
    direction: Sink (speaker)
     number of devices: 2 
     number of ASEs: 2 
     strategy: 0 
     qos->target latency: 2 
     qos->retransmission_number: 13 
     qos->max_transport_latency: 95 
     channel count: 1
  name: DualDev_OneChanStereoSnk_16_2_Balanced_Reliability 
    direction: Sink (speaker)
     number of devices: 2 
     number of ASEs: 2 
     strategy: 0 
     qos->target latency: 2 
     qos->retransmission_number: 0 
     qos->max_transport_latency: 0 
     channel count: 1
  name: DualDev_OneChanStereoSnk_16_2_2 
    direction: Sink (speaker)
     number of devices: 2 
     number of ASEs: 2 
     strategy: 0 
     qos->target latency: 2 
     qos->retransmission_number: 13 
     qos->max_transport_latency: 95 
     channel count: 1
  name: DualDev_OneChanStereoSnk_16_1_Balanced_Reliability 
    direction: Sink (speaker)
     number of devices: 2 
     number of ASEs: 2 
     strategy: 0 
     qos->target latency: 2 
     qos->retransmission_number: 0 
     qos->max_transport_latency: 0 
     channel count: 1
  name: DualDev_OneChanStereoSnk_16_1_2 
    direction: Sink (speaker)
     number of devices: 2 
     number of ASEs: 2 
     strategy: 0 
     qos->target latency: 2 
     qos->retransmission_number: 13 
     qos->max_transport_latency: 75 
     channel count: 1
  name: SingleDev_OneChanStereoSnk_48_4_High_Reliability 
    direction: Sink (speaker)
     number of devices: 1 
     number of ASEs: 2 
     strategy: 1 
     qos->target latency: 3 
     qos->retransmission_number: 0 
     qos->max_transport_latency: 0 
     channel count: 1
  name: SingleDev_OneChanStereoSnk_48_4_2 
    direction: Sink (speaker)
     number of devices: 1 
     number of ASEs: 2 
     strategy: 1 
     qos->target latency: 2 
     qos->retransmission_number: 13 
     qos->max_transport_latency: 100 
     channel count: 1
  name: SingleDev_OneChanStereoSnk_48_2_High_Reliability 
    direction: Sink (speaker)
     number of devices: 1 
     number of ASEs: 2 
     strategy: 1 
     qos->target latency: 3 
     qos->retransmission_number: 0 
     qos->max_transport_latency: 0 
     channel count: 1
  name: SingleDev_OneChanStereoSnk_48_2_2 
    direction: Sink (speaker)
     number of devices: 1 
     number of ASEs: 2 
     strategy: 1 
     qos->target latency: 2 
     qos->retransmission_number: 13 
     qos->max_transport_latency: 95 
     channel count: 1
  name: SingleDev_OneChanStereoSnk_48_3_High_Reliability 
    direction: Sink (speaker)
     number of devices: 1 
     number of ASEs: 2 
     strategy: 1 
     qos->target latency: 3 
     qos->retransmission_number: 0 
     qos->max_transport_latency: 0 
     channel count: 1
  name: SingleDev_OneChanStereoSnk_48_3_2 
    direction: Sink (speaker)
     number of devices: 1 
     number of ASEs: 2 
     strategy: 1 
     qos->target latency: 2 
     qos->retransmission_number: 13 
     qos->max_transport_latency: 75 
     channel count: 1
  name: SingleDev_OneChanStereoSnk_48_1_High_Reliability 
    direction: Sink (speaker)
     number of devices: 1 
     number of ASEs: 2 
     strategy: 1 
     qos->target latency: 3 
     qos->retransmission_number: 0 
     qos->max_transport_latency: 0 
     channel count: 1
  name: SingleDev_OneChanStereoSnk_48_1_2 
    direction: Sink (speaker)
     number of devices: 1 
     number of ASEs: 2 
     strategy: 1 
     qos->target latency: 2 
     qos->retransmission_number: 13 
     qos->max_transport_latency: 75 
     channel count: 1
  name: SingleDev_OneChanStereoSnk_24_2_Balanced_Reliability 
    direction: Sink (speaker)
     number of devices: 1 
     number of ASEs: 2 
     strategy: 1 
     qos->target latency: 2 
     qos->retransmission_number: 0 
     qos->max_transport_latency: 0 
     channel count: 1
  name: SingleDev_OneChanStereoSnk_24_2_2 
    direction: Sink (speaker)
     number of devices: 1 
     number of ASEs: 2 
     strategy: 1 
     qos->target latency: 2 
     qos->retransmission_number: 13 
     qos->max_transport_latency: 95 
     channel count: 1
  name: SingleDev_OneChanStereoSnk_16_2_Balanced_Reliability 
    direction: Sink (speaker)
     number of devices: 1 
     number of ASEs: 2 
     strategy: 1 
     qos->target latency: 2 
     qos->retransmission_number: 0 
     qos->max_transport_latency: 0 
     channel count: 1
  name: SingleDev_OneChanStereoSnk_16_2_2 
    direction: Sink (speaker)
     number of devices: 1 
     number of ASEs: 2 
     strategy: 1 
     qos->target latency: 2 
     qos->retransmission_number: 13 
     qos->max_transport_latency: 95 
     channel count: 1
  name: SingleDev_OneChanStereoSnk_16_1_Balanced_Reliability 
    direction: Sink (speaker)
     number of devices: 1 
     number of ASEs: 2 
     strategy: 1 
     qos->target latency: 2 
     qos->retransmission_number: 0 
     qos->max_transport_latency: 0 
     channel count: 1
  name: SingleDev_OneChanStereoSnk_16_1_2 
    direction: Sink (speaker)
     number of devices: 1 
     number of ASEs: 2 
     strategy: 1 
     qos->target latency: 2 
     qos->retransmission_number: 13 
     qos->max_transport_latency: 75 
     channel count: 1
  name: SingleDev_TwoChanStereoSnk_48_4_High_Reliability 
    direction: Sink (speaker)
     number of devices: 1 
     number of ASEs: 1 
     strategy: 2 
     qos->target latency: 3 
     qos->retransmission_number: 0 
     qos->max_transport_latency: 0 
     channel count: 2
  name: SingleDev_TwoChanStereoSnk_48_4_2 
    direction: Sink (speaker)
     number of devices: 1 
     number of ASEs: 1 
     strategy: 2 
     qos->target latency: 2 
     qos->retransmission_number: 13 
     qos->max_transport_latency: 100 
     channel count: 2
  name: SingleDev_TwoChanStereoSnk_48_4_High_Reliability 
    direction: Sink (speaker)
     number of devices: 1 
     number of ASEs: 1 
     strategy: 2 
     qos->target latency: 3 
     qos->retransmission_number: 0 
     qos->max_transport_latency: 0 
     channel count: 2
  name: SingleDev_TwoChanStereoSnk_48_4_2 
    direction: Sink (speaker)
     number of devices: 1 
     number of ASEs: 1 
     strategy: 2 
     qos->target latency: 2 
     qos->retransmission_number: 13 
     qos->max_transport_latency: 100 
     channel count: 2
  name: SingleDev_TwoChanStereoSnk_48_2_High_Reliability 
    direction: Sink (speaker)
     number of devices: 1 
     number of ASEs: 1 
     strategy: 2 
     qos->target latency: 3 
     qos->retransmission_number: 0 
     qos->max_transport_latency: 0 
     channel count: 2
  name: SingleDev_TwoChanStereoSnk_48_2_2 
    direction: Sink (speaker)
     number of devices: 1 
     number of ASEs: 1 
     strategy: 2 
     qos->target latency: 2 
     qos->retransmission_number: 13 
     qos->max_transport_latency: 95 
     channel count: 2
  name: SingleDev_TwoChanStereoSnk_48_3_High_Reliability 
    direction: Sink (speaker)
     number of devices: 1 
     number of ASEs: 1 
     strategy: 2 
     qos->target latency: 3 
     qos->retransmission_number: 0 
     qos->max_transport_latency: 0 
     channel count: 2
  name: SingleDev_TwoChanStereoSnk_48_3_2 
    direction: Sink (speaker)
     number of devices: 1 
     number of ASEs: 1 
     strategy: 2 
     qos->target latency: 2 
     qos->retransmission_number: 13 
     qos->max_transport_latency: 75 
     channel count: 2
  name: SingleDev_TwoChanStereoSnk_48_1_High_Reliability 
    direction: Sink (speaker)
     number of devices: 1 
     number of ASEs: 1 
     strategy: 2 
     qos->target latency: 3 
     qos->retransmission_number: 0 
     qos->max_transport_latency: 0 
     channel count: 2
  name: SingleDev_TwoChanStereoSnk_48_1_2 
    direction: Sink (speaker)
     number of devices: 1 
     number of ASEs: 1 
     strategy: 2 
     qos->target latency: 2 
     qos->retransmission_number: 13 
     qos->max_transport_latency: 75 
     channel count: 2
  name: SingleDev_TwoChanStereoSnk_24_2_Balanced_Reliability 
    direction: Sink (speaker)
     number of devices: 1 
     number of ASEs: 1 
     strategy: 2 
     qos->target latency: 2 
     qos->retransmission_number: 0 
     qos->max_transport_latency: 0 
     channel count: 2
  name: SingleDev_TwoChanStereoSnk_24_2_2 
    direction: Sink (speaker)
     number of devices: 1 
     number of ASEs: 1 
     strategy: 2 
     qos->target latency: 2 
     qos->retransmission_number: 13 
     qos->max_transport_latency: 95 
     channel count: 2
  name: SingleDev_TwoChanStereoSnk_16_2_Balanced_Reliability 
    direction: Sink (speaker)
     number of devices: 1 
     number of ASEs: 1 
     strategy: 2 
     qos->target latency: 2 
     qos->retransmission_number: 0 
     qos->max_transport_latency: 0 
     channel count: 2
  name: SingleDev_TwoChanStereoSnk_16_2_2 
    direction: Sink (speaker)
     number of devices: 1 
     number of ASEs: 1 
     strategy: 2 
     qos->target latency: 2 
     qos->retransmission_number: 13 
     qos->max_transport_latency: 95 
     channel count: 2
  name: SingleDev_TwoChanStereoSnk_16_1_Balanced_Reliability 
    direction: Sink (speaker)
     number of devices: 1 
     number of ASEs: 1 
     strategy: 2 
     qos->target latency: 2 
     qos->retransmission_number: 0 
     qos->max_transport_latency: 0 
     channel count: 2
  name: SingleDev_TwoChanStereoSnk_16_1_2 
    direction: Sink (speaker)
     number of devices: 1 
     number of ASEs: 1 
     strategy: 2 
     qos->target latency: 2 
     qos->retransmission_number: 13 
     qos->max_transport_latency: 75 
     channel count: 2
  name: SingleDev_OneChanMonoSnk_48_4_High_Reliability 
    direction: Sink (speaker)
     number of devices: 1 
     number of ASEs: 1 
     strategy: 0 
     qos->target latency: 3 
     qos->retransmission_number: 0 
     qos->max_transport_latency: 0 
     channel count: 1
  name: SingleDev_OneChanMonoSnk_48_4_2 
    direction: Sink (speaker)
     number of devices: 1 
     number of ASEs: 1 
     strategy: 0 
     qos->target latency: 2 
     qos->retransmission_number: 13 
     qos->max_transport_latency: 100 
     channel count: 1
  name: SingleDev_OneChanMonoSnk_48_2_High_Reliability 
    direction: Sink (speaker)
     number of devices: 1 
     number of ASEs: 1 
     strategy: 0 
     qos->target latency: 3 
     qos->retransmission_number: 0 
     qos->max_transport_latency: 0 
     channel count: 1
  name: SingleDev_OneChanMonoSnk_48_2_2 
    direction: Sink (speaker)
     number of devices: 1 
     number of ASEs: 1 
     strategy: 0 
     qos->target latency: 2 
     qos->retransmission_number: 13 
     qos->max_transport_latency: 95 
     channel count: 1
  name: SingleDev_OneChanMonoSnk_48_3_High_Reliability 
    direction: Sink (speaker)
     number of devices: 1 
     number of ASEs: 1 
     strategy: 0 
     qos->target latency: 3 
     qos->retransmission_number: 0 
     qos->max_transport_latency: 0 
     channel count: 1
  name: SingleDev_OneChanMonoSnk_48_3_2 
    direction: Sink (speaker)
     number of devices: 1 
     number of ASEs: 1 
     strategy: 0 
     qos->target latency: 2 
     qos->retransmission_number: 13 
     qos->max_transport_latency: 75 
     channel count: 1
  name: SingleDev_OneChanMonoSnk_48_1_High_Reliability 
    direction: Sink (speaker)
     number of devices: 1 
     number of ASEs: 1 
     strategy: 0 
     qos->target latency: 3 
     qos->retransmission_number: 0 
     qos->max_transport_latency: 0 
     channel count: 1
  name: SingleDev_OneChanMonoSnk_48_1_2 
    direction: Sink (speaker)
     number of devices: 1 
     number of ASEs: 1 
     strategy: 0 
     qos->target latency: 2 
     qos->retransmission_number: 13 
     qos->max_transport_latency: 75 
     channel count: 1
  name: SingleDev_OneChanMonoSnk_32_2_Balanced_Reliability 
    direction: Sink (speaker)
     number of devices: 1 
     number of ASEs: 1 
     strategy: 0 
     qos->target latency: 2 
     qos->retransmission_number: 0 
     qos->max_transport_latency: 0 
     channel count: 1
  name: SingleDev_OneChanMonoSnk_32_1_Balanced_Reliability 
    direction: Sink (speaker)
     number of devices: 1 
     number of ASEs: 1 
     strategy: 0 
     qos->target latency: 2 
     qos->retransmission_number: 0 
     qos->max_transport_latency: 0 
     channel count: 1
  name: SingleDev_OneChanMonoSnk_24_2_Balanced_Reliability 
    direction: Sink (speaker)
     number of devices: 1 
     number of ASEs: 1 
     strategy: 0 
     qos->target latency: 2 
     qos->retransmission_number: 0 
     qos->max_transport_latency: 0 
     channel count: 1
  name: SingleDev_OneChanMonoSnk_24_2_2 
    direction: Sink (speaker)
     number of devices: 1 
     number of ASEs: 1 
     strategy: 0 
     qos->target latency: 2 
     qos->retransmission_number: 13 
     qos->max_transport_latency: 95 
     channel count: 1
  name: SingleDev_OneChanMonoSnk_16_2_Balanced_Reliability 
    direction: Sink (speaker)
     number of devices: 1 
     number of ASEs: 1 
     strategy: 0 
     qos->target latency: 2 
     qos->retransmission_number: 0 
     qos->max_transport_latency: 0 
     channel count: 1
  name: SingleDev_OneChanMonoSnk_16_2_2 
    direction: Sink (speaker)
     number of devices: 1 
     number of ASEs: 1 
     strategy: 0 
     qos->target latency: 2 
     qos->retransmission_number: 13 
     qos->max_transport_latency: 95 
     channel count: 1
  name: SingleDev_OneChanMonoSnk_16_1_Balanced_Reliability 
    direction: Sink (speaker)
     number of devices: 1 
     number of ASEs: 1 
     strategy: 0 
     qos->target latency: 2 
     qos->retransmission_number: 0 
     qos->max_transport_latency: 0 
     channel count: 1
  name: SingleDev_OneChanMonoSnk_16_1_2 
    direction: Sink (speaker)
     number of devices: 1 
     number of ASEs: 1 
     strategy: 0 
     qos->target latency: 2 
     qos->retransmission_number: 13 
     qos->max_transport_latency: 75 
     channel count: 1
  name: VND_DualDev_OneChanStereoSnk_48khz_100octs_High_Reliability_1 
    direction: Sink (speaker)
     number of devices: 2 
     number of ASEs: 2 
     strategy: 0 
     qos->target latency: 3 
     qos->retransmission_number: 0 
     qos->max_transport_latency: 0 
     channel count: 1
  name: VND_DualDev_OneChanStereoSnk_48khz_100octs_R15_L70_1 
    direction: Sink (speaker)
     number of devices: 2 
     number of ASEs: 2 
     strategy: 0 
     qos->target latency: 2 
     qos->retransmission_number: 15 
     qos->max_transport_latency: 70 
     channel count: 1
  name: VND_SingleDev_TwoChanStereoSnk_48khz_100octs_High_Reliability_1 
    direction: Sink (speaker)
     number of devices: 1 
     number of ASEs: 1 
     strategy: 2 
     qos->target latency: 3 
     qos->retransmission_number: 0 
     qos->max_transport_latency: 0 
     channel count: 2
  name: VND_SingleDev_TwoChanStereoSnk_48khz_100octs_R15_L70_1 
    direction: Sink (speaker)
     number of devices: 1 
     number of ASEs: 1 
     strategy: 2 
     qos->target latency: 2 
     qos->retransmission_number: 15 
     qos->max_transport_latency: 70 
     channel count: 2
  name: VND_SingleDev_OneChanStereoSnk_48khz_100octs_High_Reliability_1 
    direction: Sink (speaker)
     number of devices: 1 
     number of ASEs: 2 
     strategy: 1 
     qos->target latency: 3 
     qos->retransmission_number: 0 
     qos->max_transport_latency: 0 
     channel count: 1
  name: VND_SingleDev_OneChanStereoSnk_48khz_100octs_R15_L70_1 
    direction: Sink (speaker)
     number of devices: 1 
     number of ASEs: 2 
     strategy: 1 
     qos->target latency: 2 
     qos->retransmission_number: 15 
     qos->max_transport_latency: 70 
     channel count: 1
  name: DualDev_OneChanMonoSrc_16_2_Balanced_Reliability 
    direction: Source (mic)
     number of devices: 2 
     number of ASEs: 2 
     strategy: 0 
     qos->target latency: 2 
     qos->retransmission_number: 0 
     qos->max_transport_latency: 0 
     channel count: 1
  name: SingleDev_OneChanStereoSrc_16_2_Balanced_Reliability 
    direction: Source (mic)
     number of devices: 1 
     number of ASEs: 2 
     strategy: 1 
     qos->target latency: 2 
     qos->retransmission_number: 0 
     qos->max_transport_latency: 0 
     channel count: 1
  name: SingleDev_OneChanMonoSrc_16_2_Balanced_Reliability 
    direction: Source (mic)
     number of devices: 1 
     number of ASEs: 1 
     strategy: 0 
     qos->target latency: 2 
     qos->retransmission_number: 0 
     qos->max_transport_latency: 0 
     channel count: 1

  === Configurations for context type: 256, num: 69 
  name: DualDev_OneChanStereoSnk_48_4_High_Reliability 
    direction: Sink (speaker)
     number of devices: 2 
     number of ASEs: 2 
     strategy: 0 
     qos->target latency: 3 
     qos->retransmission_number: 0 
     qos->max_transport_latency: 0 
     channel count: 1
  name: DualDev_OneChanStereoSnk_48_4_2 
    direction: Sink (speaker)
     number of devices: 2 
     number of ASEs: 2 
     strategy: 0 
     qos->target latency: 2 
     qos->retransmission_number: 13 
     qos->max_transport_latency: 100 
     channel count: 1
  name: DualDev_OneChanStereoSnk_48_2_High_Reliability 
    direction: Sink (speaker)
     number of devices: 2 
     number of ASEs: 2 
     strategy: 0 
     qos->target latency: 3 
     qos->retransmission_number: 0 
     qos->max_transport_latency: 0 
     channel count: 1
  name: DualDev_OneChanStereoSnk_48_2_2 
    direction: Sink (speaker)
     number of devices: 2 
     number of ASEs: 2 
     strategy: 0 
     qos->target latency: 2 
     qos->retransmission_number: 13 
     qos->max_transport_latency: 95 
     channel count: 1
  name: DualDev_OneChanStereoSnk_48_3_High_Reliability 
    direction: Sink (speaker)
     number of devices: 2 
     number of ASEs: 2 
     strategy: 0 
     qos->target latency: 3 
     qos->retransmission_number: 0 
     qos->max_transport_latency: 0 
     channel count: 1
  name: DualDev_OneChanStereoSnk_48_3_2 
    direction: Sink (speaker)
     number of devices: 2 
     number of ASEs: 2 
     strategy: 0 
     qos->target latency: 2 
     qos->retransmission_number: 13 
     qos->max_transport_latency: 75 
     channel count: 1
  name: DualDev_OneChanStereoSnk_48_1_High_Reliability 
    direction: Sink (speaker)
     number of devices: 2 
     number of ASEs: 2 
     strategy: 0 
     qos->target latency: 3 
     qos->retransmission_number: 0 
     qos->max_transport_latency: 0 
     channel count: 1
  name: DualDev_OneChanStereoSnk_48_1_2 
    direction: Sink (speaker)
     number of devices: 2 
     number of ASEs: 2 
     strategy: 0 
     qos->target latency: 2 
     qos->retransmission_number: 13 
     qos->max_transport_latency: 75 
     channel count: 1
  name: DualDev_OneChanStereoSnk_24_2_Balanced_Reliability 
    direction: Sink (speaker)
     number of devices: 2 
     number of ASEs: 2 
     strategy: 0 
     qos->target latency: 2 
     qos->retransmission_number: 0 
     qos->max_transport_latency: 0 
     channel count: 1
  name: DualDev_OneChanStereoSnk_24_2_2 
    direction: Sink (speaker)
     number of devices: 2 
     number of ASEs: 2 
     strategy: 0 
     qos->target latency: 2 
     qos->retransmission_number: 13 
     qos->max_transport_latency: 95 
     channel count: 1
  name: DualDev_OneChanStereoSnk_16_2_Balanced_Reliability 
    direction: Sink (speaker)
     number of devices: 2 
     number of ASEs: 2 
     strategy: 0 
     qos->target latency: 2 
     qos->retransmission_number: 0 
     qos->max_transport_latency: 0 
     channel count: 1
  name: DualDev_OneChanStereoSnk_16_2_2 
    direction: Sink (speaker)
     number of devices: 2 
     number of ASEs: 2 
     strategy: 0 
     qos->target latency: 2 
     qos->retransmission_number: 13 
     qos->max_transport_latency: 95 
     channel count: 1
  name: DualDev_OneChanStereoSnk_16_1_Balanced_Reliability 
    direction: Sink (speaker)
     number of devices: 2 
     number of ASEs: 2 
     strategy: 0 
     qos->target latency: 2 
     qos->retransmission_number: 0 
     qos->max_transport_latency: 0 
     channel count: 1
  name: DualDev_OneChanStereoSnk_16_1_2 
    direction: Sink (speaker)
     number of devices: 2 
     number of ASEs: 2 
     strategy: 0 
     qos->target latency: 2 
     qos->retransmission_number: 13 
     qos->max_transport_latency: 75 
     channel count: 1
  name: SingleDev_OneChanStereoSnk_48_4_High_Reliability 
    direction: Sink (speaker)
     number of devices: 1 
     number of ASEs: 2 
     strategy: 1 
     qos->target latency: 3 
     qos->retransmission_number: 0 
     qos->max_transport_latency: 0 
     channel count: 1
  name: SingleDev_OneChanStereoSnk_48_4_2 
    direction: Sink (speaker)
     number of devices: 1 
     number of ASEs: 2 
     strategy: 1 
     qos->target latency: 2 
     qos->retransmission_number: 13 
     qos->max_transport_latency: 100 
     channel count: 1
  name: SingleDev_OneChanStereoSnk_48_2_High_Reliability 
    direction: Sink (speaker)
     number of devices: 1 
     number of ASEs: 2 
     strategy: 1 
     qos->target latency: 3 
     qos->retransmission_number: 0 
     qos->max_transport_latency: 0 
     channel count: 1
  name: SingleDev_OneChanStereoSnk_48_2_2 
    direction: Sink (speaker)
     number of devices: 1 
     number of ASEs: 2 
     strategy: 1 
     qos->target latency: 2 
     qos->retransmission_number: 13 
     qos->max_transport_latency: 95 
     channel count: 1
  name: SingleDev_OneChanStereoSnk_48_3_High_Reliability 
    direction: Sink (speaker)
     number of devices: 1 
     number of ASEs: 2 
     strategy: 1 
     qos->target latency: 3 
     qos->retransmission_number: 0 
     qos->max_transport_latency: 0 
     channel count: 1
  name: SingleDev_OneChanStereoSnk_48_3_2 
    direction: Sink (speaker)
     number of devices: 1 
     number of ASEs: 2 
     strategy: 1 
     qos->target latency: 2 
     qos->retransmission_number: 13 
     qos->max_transport_latency: 75 
     channel count: 1
  name: SingleDev_OneChanStereoSnk_48_1_High_Reliability 
    direction: Sink (speaker)
     number of devices: 1 
     number of ASEs: 2 
     strategy: 1 
     qos->target latency: 3 
     qos->retransmission_number: 0 
     qos->max_transport_latency: 0 
     channel count: 1
  name: SingleDev_OneChanStereoSnk_48_1_2 
    direction: Sink (speaker)
     number of devices: 1 
     number of ASEs: 2 
     strategy: 1 
     qos->target latency: 2 
     qos->retransmission_number: 13 
     qos->max_transport_latency: 75 
     channel count: 1
  name: SingleDev_OneChanStereoSnk_24_2_Balanced_Reliability 
    direction: Sink (speaker)
     number of devices: 1 
     number of ASEs: 2 
     strategy: 1 
     qos->target latency: 2 
     qos->retransmission_number: 0 
     qos->max_transport_latency: 0 
     channel count: 1
  name: SingleDev_OneChanStereoSnk_24_2_2 
    direction: Sink (speaker)
     number of devices: 1 
     number of ASEs: 2 
     strategy: 1 
     qos->target latency: 2 
     qos->retransmission_number: 13 
     qos->max_transport_latency: 95 
     channel count: 1
  name: SingleDev_OneChanStereoSnk_16_2_Balanced_Reliability 
    direction: Sink (speaker)
     number of devices: 1 
     number of ASEs: 2 
     strategy: 1 
     qos->target latency: 2 
     qos->retransmission_number: 0 
     qos->max_transport_latency: 0 
     channel count: 1
  name: SingleDev_OneChanStereoSnk_16_2_2 
    direction: Sink (speaker)
     number of devices: 1 
     number of ASEs: 2 
     strategy: 1 
     qos->target latency: 2 
     qos->retransmission_number: 13 
     qos->max_transport_latency: 95 
     channel count: 1
  name: SingleDev_OneChanStereoSnk_16_1_Balanced_Reliability 
    direction: Sink (speaker)
     number of devices: 1 
     number of ASEs: 2 
     strategy: 1 
     qos->target latency: 2 
     qos->retransmission_number: 0 
     qos->max_transport_latency: 0 
     channel count: 1
  name: SingleDev_OneChanStereoSnk_16_1_2 
    direction: Sink (speaker)
     number of devices: 1 
     number of ASEs: 2 
     strategy: 1 
     qos->target latency: 2 
     qos->retransmission_number: 13 
     qos->max_transport_latency: 75 
     channel count: 1
  name: SingleDev_TwoChanStereoSnk_48_4_High_Reliability 
    direction: Sink (speaker)
     number of devices: 1 
     number of ASEs: 1 
     strategy: 2 
     qos->target latency: 3 
     qos->retransmission_number: 0 
     qos->max_transport_latency: 0 
     channel count: 2
  name: SingleDev_TwoChanStereoSnk_48_4_2 
    direction: Sink (speaker)
     number of devices: 1 
     number of ASEs: 1 
     strategy: 2 
     qos->target latency: 2 
     qos->retransmission_number: 13 
     qos->max_transport_latency: 100 
     channel count: 2
  name: SingleDev_TwoChanStereoSnk_48_4_High_Reliability 
    direction: Sink (speaker)
     number of devices: 1 
     number of ASEs: 1 
     strategy: 2 
     qos->target latency: 3 
     qos->retransmission_number: 0 
     qos->max_transport_latency: 0 
     channel count: 2
  name: SingleDev_TwoChanStereoSnk_48_4_2 
    direction: Sink (speaker)
     number of devices: 1 
     number of ASEs: 1 
     strategy: 2 
     qos->target latency: 2 
     qos->retransmission_number: 13 
     qos->max_transport_latency: 100 
     channel count: 2
  name: SingleDev_TwoChanStereoSnk_48_2_High_Reliability 
    direction: Sink (speaker)
     number of devices: 1 
     number of ASEs: 1 
     strategy: 2 
     qos->target latency: 3 
     qos->retransmission_number: 0 
     qos->max_transport_latency: 0 
     channel count: 2
  name: SingleDev_TwoChanStereoSnk_48_2_2 
    direction: Sink (speaker)
     number of devices: 1 
     number of ASEs: 1 
     strategy: 2 
     qos->target latency: 2 
     qos->retransmission_number: 13 
     qos->max_transport_latency: 95 
     channel count: 2
  name: SingleDev_TwoChanStereoSnk_48_3_High_Reliability 
    direction: Sink (speaker)
     number of devices: 1 
     number of ASEs: 1 
     strategy: 2 
     qos->target latency: 3 
     qos->retransmission_number: 0 
     qos->max_transport_latency: 0 
     channel count: 2
  name: SingleDev_TwoChanStereoSnk_48_3_2 
    direction: Sink (speaker)
     number of devices: 1 
     number of ASEs: 1 
     strategy: 2 
     qos->target latency: 2 
     qos->retransmission_number: 13 
     qos->max_transport_latency: 75 
     channel count: 2
  name: SingleDev_TwoChanStereoSnk_48_1_High_Reliability 
    direction: Sink (speaker)
     number of devices: 1 
     number of ASEs: 1 
     strategy: 2 
     qos->target latency: 3 
     qos->retransmission_number: 0 
     qos->max_transport_latency: 0 
     channel count: 2
  name: SingleDev_TwoChanStereoSnk_48_1_2 
    direction: Sink (speaker)
     number of devices: 1 
     number of ASEs: 1 
     strategy: 2 
     qos->target latency: 2 
     qos->retransmission_number: 13 
     qos->max_transport_latency: 75 
     channel count: 2
  name: SingleDev_TwoChanStereoSnk_24_2_Balanced_Reliability 
    direction: Sink (speaker)
     number of devices: 1 
     number of ASEs: 1 
     strategy: 2 
     qos->target latency: 2 
     qos->retransmission_number: 0 
     qos->max_transport_latency: 0 
     channel count: 2
  name: SingleDev_TwoChanStereoSnk_24_2_2 
    direction: Sink (speaker)
     number of devices: 1 
     number of ASEs: 1 
     strategy: 2 
     qos->target latency: 2 
     qos->retransmission_number: 13 
     qos->max_transport_latency: 95 
     channel count: 2
  name: SingleDev_TwoChanStereoSnk_16_2_Balanced_Reliability 
    direction: Sink (speaker)
     number of devices: 1 
     number of ASEs: 1 
     strategy: 2 
     qos->target latency: 2 
     qos->retransmission_number: 0 
     qos->max_transport_latency: 0 
     channel count: 2
  name: SingleDev_TwoChanStereoSnk_16_2_2 
    direction: Sink (speaker)
     number of devices: 1 
     number of ASEs: 1 
     strategy: 2 
     qos->target latency: 2 
     qos->retransmission_number: 13 
     qos->max_transport_latency: 95 
     channel count: 2
  name: SingleDev_TwoChanStereoSnk_16_1_Balanced_Reliability 
    direction: Sink (speaker)
     number of devices: 1 
     number of ASEs: 1 
     strategy: 2 
     qos->target latency: 2 
     qos->retransmission_number: 0 
     qos->max_transport_latency: 0 
     channel count: 2
  name: SingleDev_TwoChanStereoSnk_16_1_2 
    direction: Sink (speaker)
     number of devices: 1 
     number of ASEs: 1 
     strategy: 2 
     qos->target latency: 2 
     qos->retransmission_number: 13 
     qos->max_transport_latency: 75 
     channel count: 2
  name: SingleDev_OneChanMonoSnk_48_4_High_Reliability 
    direction: Sink (speaker)
     number of devices: 1 
     number of ASEs: 1 
     strategy: 0 
     qos->target latency: 3 
     qos->retransmission_number: 0 
     qos->max_transport_latency: 0 
     channel count: 1
  name: SingleDev_OneChanMonoSnk_48_4_2 
    direction: Sink (speaker)
     number of devices: 1 
     number of ASEs: 1 
     strategy: 0 
     qos->target latency: 2 
     qos->retransmission_number: 13 
     qos->max_transport_latency: 100 
     channel count: 1
  name: SingleDev_OneChanMonoSnk_48_2_High_Reliability 
    direction: Sink (speaker)
     number of devices: 1 
     number of ASEs: 1 
     strategy: 0 
     qos->target latency: 3 
     qos->retransmission_number: 0 
     qos->max_transport_latency: 0 
     channel count: 1
  name: SingleDev_OneChanMonoSnk_48_2_2 
    direction: Sink (speaker)
     number of devices: 1 
     number of ASEs: 1 
     strategy: 0 
     qos->target latency: 2 
     qos->retransmission_number: 13 
     qos->max_transport_latency: 95 
     channel count: 1
  name: SingleDev_OneChanMonoSnk_48_3_High_Reliability 
    direction: Sink (speaker)
     number of devices: 1 
     number of ASEs: 1 
     strategy: 0 
     qos->target latency: 3 
     qos->retransmission_number: 0 
     qos->max_transport_latency: 0 
     channel count: 1
  name: SingleDev_OneChanMonoSnk_48_3_2 
    direction: Sink (speaker)
     number of devices: 1 
     number of ASEs: 1 
     strategy: 0 
     qos->target latency: 2 
     qos->retransmission_number: 13 
     qos->max_transport_latency: 75 
     channel count: 1
  name: SingleDev_OneChanMonoSnk_48_1_High_Reliability 
    direction: Sink (speaker)
     number of devices: 1 
     number of ASEs: 1 
     strategy: 0 
     qos->target latency: 3 
     qos->retransmission_number: 0 
     qos->max_transport_latency: 0 
     channel count: 1
  name: SingleDev_OneChanMonoSnk_48_1_2 
    direction: Sink (speaker)
     number of devices: 1 
     number of ASEs: 1 
     strategy: 0 
     qos->target latency: 2 
     qos->retransmission_number: 13 
     qos->max_transport_latency: 75 
     channel count: 1
  name: SingleDev_OneChanMonoSnk_32_2_Balanced_Reliability 
    direction: Sink (speaker)
     number of devices: 1 
     number of ASEs: 1 
     strategy: 0 
     qos->target latency: 2 
     qos->retransmission_number: 0 
     qos->max_transport_latency: 0 
     channel count: 1
  name: SingleDev_OneChanMonoSnk_32_1_Balanced_Reliability 
    direction: Sink (speaker)
     number of devices: 1 
     number of ASEs: 1 
     strategy: 0 
     qos->target latency: 2 
     qos->retransmission_number: 0 
     qos->max_transport_latency: 0 
     channel count: 1
  name: SingleDev_OneChanMonoSnk_24_2_Balanced_Reliability 
    direction: Sink (speaker)
     number of devices: 1 
     number of ASEs: 1 
     strategy: 0 
     qos->target latency: 2 
     qos->retransmission_number: 0 
     qos->max_transport_latency: 0 
     channel count: 1
  name: SingleDev_OneChanMonoSnk_24_2_2 
    direction: Sink (speaker)
     number of devices: 1 
     number of ASEs: 1 
     strategy: 0 
     qos->target latency: 2 
     qos->retransmission_number: 13 
     qos->max_transport_latency: 95 
     channel count: 1
  name: SingleDev_OneChanMonoSnk_16_2_Balanced_Reliability 
    direction: Sink (speaker)
     number of devices: 1 
     number of ASEs: 1 
     strategy: 0 
     qos->target latency: 2 
     qos->retransmission_number: 0 
     qos->max_transport_latency: 0 
     channel count: 1
  name: SingleDev_OneChanMonoSnk_16_2_2 
    direction: Sink (speaker)
     number of devices: 1 
     number of ASEs: 1 
     strategy: 0 
     qos->target latency: 2 
     qos->retransmission_number: 13 
     qos->max_transport_latency: 95 
     channel count: 1
  name: SingleDev_OneChanMonoSnk_16_1_Balanced_Reliability 
    direction: Sink (speaker)
     number of devices: 1 
     number of ASEs: 1 
     strategy: 0 
     qos->target latency: 2 
     qos->retransmission_number: 0 
     qos->max_transport_latency: 0 
     channel count: 1
  name: SingleDev_OneChanMonoSnk_16_1_2 
    direction: Sink (speaker)
     number of devices: 1 
     number of ASEs: 1 
     strategy: 0 
     qos->target latency: 2 
     qos->retransmission_number: 13 
     qos->max_transport_latency: 75 
     channel count: 1
  name: VND_DualDev_OneChanStereoSnk_48khz_100octs_High_Reliability_1 
    direction: Sink (speaker)
     number of devices: 2 
     number of ASEs: 2 
     strategy: 0 
     qos->target latency: 3 
     qos->retransmission_number: 0 
     qos->max_transport_latency: 0 
     channel count: 1
  name: VND_DualDev_OneChanStereoSnk_48khz_100octs_R15_L70_1 
    direction: Sink (speaker)
     number of devices: 2 
     number of ASEs: 2 
     strategy: 0 
     qos->target latency: 2 
     qos->retransmission_number: 15 
     qos->max_transport_latency: 70 
     channel count: 1
  name: VND_SingleDev_TwoChanStereoSnk_48khz_100octs_High_Reliability_1 
    direction: Sink (speaker)
     number of devices: 1 
     number of ASEs: 1 
     strategy: 2 
     qos->target latency: 3 
     qos->retransmission_number: 0 
     qos->max_transport_latency: 0 
     channel count: 2
  name: VND_SingleDev_TwoChanStereoSnk_48khz_100octs_R15_L70_1 
    direction: Sink (speaker)
     number of devices: 1 
     number of ASEs: 1 
     strategy: 2 
     qos->target latency: 2 
     qos->retransmission_number: 15 
     qos->max_transport_latency: 70 
     channel count: 2
  name: VND_SingleDev_OneChanStereoSnk_48khz_100octs_High_Reliability_1 
    direction: Sink (speaker)
     number of devices: 1 
     number of ASEs: 2 
     strategy: 1 
     qos->target latency: 3 
     qos->retransmission_number: 0 
     qos->max_transport_latency: 0 
     channel count: 1
  name: VND_SingleDev_OneChanStereoSnk_48khz_100octs_R15_L70_1 
    direction: Sink (speaker)
     number of devices: 1 
     number of ASEs: 2 
     strategy: 1 
     qos->target latency: 2 
     qos->retransmission_number: 15 
     qos->max_transport_latency: 70 
     channel count: 1
  name: DualDev_OneChanMonoSrc_16_2_Balanced_Reliability 
    direction: Source (mic)
     number of devices: 2 
     number of ASEs: 2 
     strategy: 0 
     qos->target latency: 2 
     qos->retransmission_number: 0 
     qos->max_transport_latency: 0 
     channel count: 1
  name: SingleDev_OneChanStereoSrc_16_2_Balanced_Reliability 
    direction: Source (mic)
     number of devices: 1 
     number of ASEs: 2 
     strategy: 1 
     qos->target latency: 2 
     qos->retransmission_number: 0 
     qos->max_transport_latency: 0 
     channel count: 1
  name: SingleDev_OneChanMonoSrc_16_2_Balanced_Reliability 
    direction: Source (mic)
     number of devices: 1 
     number of ASEs: 1 
     strategy: 0 
     qos->target latency: 2 
     qos->retransmission_number: 0 
     qos->max_transport_latency: 0 
     channel count: 1

  === Configurations for context type: 512, num: 60 
  name: DualDev_OneChanStereoSnk_OneChanStereoSrc_16_2_Low_Latency 
    direction: Sink (speaker)
     number of devices: 2 
     number of ASEs: 2 
     strategy: 0 
     qos->target latency: 1 
     qos->retransmission_number: 0 
     qos->max_transport_latency: 0 
     channel count: 1
    direction: Source (mic)
     number of devices: 2 
     number of ASEs: 2 
     strategy: 0 
     qos->target latency: 1 
     qos->retransmission_number: 0 
     qos->max_transport_latency: 0 
     channel count: 1
  name: DualDev_OneChanStereoSnk_OneChanStereoSrc_16_2_1 
    direction: Sink (speaker)
     number of devices: 2 
     number of ASEs: 2 
     strategy: 0 
     qos->target latency: 2 
     qos->retransmission_number: 2 
     qos->max_transport_latency: 10 
     channel count: 1
    direction: Source (mic)
     number of devices: 2 
     number of ASEs: 2 
     strategy: 0 
     qos->target latency: 2 
     qos->retransmission_number: 2 
     qos->max_transport_latency: 10 
     channel count: 1
  name: DualDev_OneChanStereoSnk_OneChanStereoSrc_16_2_2 
    direction: Sink (speaker)
     number of devices: 2 
     number of ASEs: 2 
     strategy: 0 
     qos->target latency: 2 
     qos->retransmission_number: 13 
     qos->max_transport_latency: 95 
     channel count: 1
    direction: Source (mic)
     number of devices: 2 
     number of ASEs: 2 
     strategy: 0 
     qos->target latency: 2 
     qos->retransmission_number: 13 
     qos->max_transport_latency: 95 
     channel count: 1
  name: DualDev_OneChanStereoSnk_OneChanStereoSrc_16_1_Low_Latency 
    direction: Sink (speaker)
     number of devices: 2 
     number of ASEs: 2 
     strategy: 0 
     qos->target latency: 1 
     qos->retransmission_number: 0 
     qos->max_transport_latency: 0 
     channel count: 1
    direction: Source (mic)
     number of devices: 2 
     number of ASEs: 2 
     strategy: 0 
     qos->target latency: 1 
     qos->retransmission_number: 0 
     qos->max_transport_latency: 0 
     channel count: 1
  name: DualDev_OneChanStereoSnk_OneChanStereoSrc_16_1_1 
    direction: Sink (speaker)
     number of devices: 2 
     number of ASEs: 2 
     strategy: 0 
     qos->target latency: 2 
     qos->retransmission_number: 2 
     qos->max_transport_latency: 8 
     channel count: 1
    direction: Source (mic)
     number of devices: 2 
     number of ASEs: 2 
     strategy: 0 
     qos->target latency: 2 
     qos->retransmission_number: 2 
     qos->max_transport_latency: 8 
     channel count: 1
  name: DualDev_OneChanStereoSnk_OneChanStereoSrc_16_1_2 
    direction: Sink (speaker)
     number of devices: 2 
     number of ASEs: 2 
     strategy: 0 
     qos->target latency: 2 
     qos->retransmission_number: 13 
     qos->max_transport_latency: 75 
     channel count: 1
    direction: Source (mic)
     number of devices: 2 
     number of ASEs: 2 
     strategy: 0 
     qos->target latency: 2 
     qos->retransmission_number: 13 
     qos->max_transport_latency: 75 
     channel count: 1
  name: DualDev_OneChanStereoSnk_OneChanMonoSrc_32_2_Low_Latency 
    direction: Sink (speaker)
     number of devices: 2 
     number of ASEs: 2 
     strategy: 0 
     qos->target latency: 1 
     qos->retransmission_number: 0 
     qos->max_transport_latency: 0 
     channel count: 1
    direction: Source (mic)
     number of devices: 1 
     number of ASEs: 1 
     strategy: 0 
     qos->target latency: 1 
     qos->retransmission_number: 0 
     qos->max_transport_latency: 0 
     channel count: 1
  name: DualDev_OneChanStereoSnk_OneChanMonoSrc_32_2_1 
    direction: Sink (speaker)
     number of devices: 2 
     number of ASEs: 2 
     strategy: 0 
     qos->target latency: 2 
     qos->retransmission_number: 2 
     qos->max_transport_latency: 10 
     channel count: 1
    direction: Source (mic)
     number of devices: 1 
     number of ASEs: 1 
     strategy: 0 
     qos->target latency: 2 
     qos->retransmission_number: 2 
     qos->max_transport_latency: 10 
     channel count: 1
  name: DualDev_OneChanStereoSnk_OneChanMonoSrc_16_2_Low_Latency 
    direction: Sink (speaker)
     number of devices: 2 
     number of ASEs: 2 
     strategy: 0 
     qos->target latency: 1 
     qos->retransmission_number: 0 
     qos->max_transport_latency: 0 
     channel count: 1
    direction: Source (mic)
     number of devices: 1 
     number of ASEs: 1 
     strategy: 0 
     qos->target latency: 1 
     qos->retransmission_number: 0 
     qos->max_transport_latency: 0 
     channel count: 1
  name: DualDev_OneChanStereoSnk_OneChanMonoSrc_16_2_1 
    direction: Sink (speaker)
     number of devices: 2 
     number of ASEs: 2 
     strategy: 0 
     qos->target latency: 2 
     qos->retransmission_number: 2 
     qos->max_transport_latency: 10 
     channel count: 1
    direction: Source (mic)
     number of devices: 1 
     number of ASEs: 1 
     strategy: 0 
     qos->target latency: 2 
     qos->retransmission_number: 2 
     qos->max_transport_latency: 10 
     channel count: 1
  name: DualDev_OneChanStereoSnk_OneChanMonoSrc_16_1_Low_Latency 
    direction: Sink (speaker)
     number of devices: 2 
     number of ASEs: 2 
     strategy: 0 
     qos->target latency: 1 
     qos->retransmission_number: 0 
     qos->max_transport_latency: 0 
     channel count: 1
    direction: Source (mic)
     number of devices: 1 
     number of ASEs: 1 
     strategy: 0 
     qos->target latency: 1 
     qos->retransmission_number: 0 
     qos->max_transport_latency: 0 
     channel count: 1
  name: DualDev_OneChanStereoSnk_OneChanMonoSrc_16_1_1 
    direction: Sink (speaker)
     number of devices: 2 
     number of ASEs: 2 
     strategy: 0 
     qos->target latency: 2 
     qos->retransmission_number: 2 
     qos->max_transport_latency: 8 
     channel count: 1
    direction: Source (mic)
     number of devices: 1 
     number of ASEs: 1 
     strategy: 0 
     qos->target latency: 2 
     qos->retransmission_number: 2 
     qos->max_transport_latency: 8 
     channel count: 1
  name: DualDev_OneChanDoubleStereoSnk_OneChanMonoSrc_32_2_Low_Latency 
    direction: Sink (speaker)
     number of devices: 2 
     number of ASEs: 4 
     strategy: 1 
     qos->target latency: 1 
     qos->retransmission_number: 0 
     qos->max_transport_latency: 0 
     channel count: 1
    direction: Source (mic)
     number of devices: 1 
     number of ASEs: 1 
     strategy: 0 
     qos->target latency: 1 
     qos->retransmission_number: 0 
     qos->max_transport_latency: 0 
     channel count: 1
  name: DualDev_OneChanDoubleStereoSnk_OneChanMonoSrc_32_2_1 
    direction: Sink (speaker)
     number of devices: 2 
     number of ASEs: 4 
     strategy: 1 
     qos->target latency: 2 
     qos->retransmission_number: 2 
     qos->max_transport_latency: 10 
     channel count: 1
    direction: Source (mic)
     number of devices: 1 
     number of ASEs: 1 
     strategy: 0 
     qos->target latency: 2 
     qos->retransmission_number: 2 
     qos->max_transport_latency: 10 
     channel count: 1
  name: DualDev_OneChanDoubleStereoSnk_OneChanMonoSrc_16_2_Low_Latency 
    direction: Sink (speaker)
     number of devices: 2 
     number of ASEs: 4 
     strategy: 1 
     qos->target latency: 1 
     qos->retransmission_number: 0 
     qos->max_transport_latency: 0 
     channel count: 1
    direction: Source (mic)
     number of devices: 1 
     number of ASEs: 1 
     strategy: 0 
     qos->target latency: 1 
     qos->retransmission_number: 0 
     qos->max_transport_latency: 0 
     channel count: 1
  name: DualDev_OneChanDoubleStereoSnk_OneChanMonoSrc_16_2_1 
    direction: Sink (speaker)
     number of devices: 2 
     number of ASEs: 4 
     strategy: 1 
     qos->target latency: 2 
     qos->retransmission_number: 2 
     qos->max_transport_latency: 10 
     channel count: 1
    direction: Source (mic)
     number of devices: 1 
     number of ASEs: 1 
     strategy: 0 
     qos->target latency: 2 
     qos->retransmission_number: 2 
     qos->max_transport_latency: 10 
     channel count: 1
  name: DualDev_OneChanDoubleStereoSnk_OneChanMonoSrc_16_1_Low_Latency 
    direction: Sink (speaker)
     number of devices: 2 
     number of ASEs: 4 
     strategy: 1 
     qos->target latency: 1 
     qos->retransmission_number: 0 
     qos->max_transport_latency: 0 
     channel count: 1
    direction: Source (mic)
     number of devices: 1 
     number of ASEs: 1 
     strategy: 0 
     qos->target latency: 1 
     qos->retransmission_number: 0 
     qos->max_transport_latency: 0 
     channel count: 1
  name: DualDev_OneChanDoubleStereoSnk_OneChanMonoSrc_16_1_1 
    direction: Sink (speaker)
     number of devices: 2 
     number of ASEs: 4 
     strategy: 1 
     qos->target latency: 2 
     qos->retransmission_number: 2 
     qos->max_transport_latency: 8 
     channel count: 1
    direction: Source (mic)
     number of devices: 1 
     number of ASEs: 1 
     strategy: 0 
     qos->target latency: 2 
     qos->retransmission_number: 2 
     qos->max_transport_latency: 8 
     channel count: 1
  name: SingleDev_TwoChanStereoSnk_TwoChanStereoSrc_32_2_Low_Latency 
    direction: Sink (speaker)
     number of devices: 1 
     number of ASEs: 1 
     strategy: 2 
     qos->target latency: 1 
     qos->retransmission_number: 0 
     qos->max_transport_latency: 0 
     channel count: 2
    direction: Source (mic)
     number of devices: 1 
     number of ASEs: 1 
     strategy: 2 
     qos->target latency: 1 
     qos->retransmission_number: 0 
     qos->max_transport_latency: 0 
     channel count: 2
  name: SingleDev_TwoChanStereoSnk_TwoChanStereoSrc_32_2_1 
    direction: Sink (speaker)
     number of devices: 1 
     number of ASEs: 1 
     strategy: 2 
     qos->target latency: 2 
     qos->retransmission_number: 2 
     qos->max_transport_latency: 10 
     channel count: 2
    direction: Source (mic)
     number of devices: 1 
     number of ASEs: 1 
     strategy: 2 
     qos->target latency: 2 
     qos->retransmission_number: 2 
     qos->max_transport_latency: 10 
     channel count: 2
  name: SingleDev_TwoChanStereoSnk_TwoChanStereoSrc_16_2_Low_Latency 
    direction: Sink (speaker)
     number of devices: 1 
     number of ASEs: 1 
     strategy: 2 
     qos->target latency: 1 
     qos->retransmission_number: 0 
     qos->max_transport_latency: 0 
     channel count: 2
    direction: Source (mic)
     number of devices: 1 
     number of ASEs: 1 
     strategy: 2 
     qos->target latency: 1 
     qos->retransmission_number: 0 
     qos->max_transport_latency: 0 
     channel count: 2
  name: SingleDev_TwoChanStereoSnk_TwoChanStereoSrc_16_2_1 
    direction: Sink (speaker)
     number of devices: 1 
     number of ASEs: 1 
     strategy: 2 
     qos->target latency: 2 
     qos->retransmission_number: 2 
     qos->max_transport_latency: 10 
     channel count: 2
    direction: Source (mic)
     number of devices: 1 
     number of ASEs: 1 
     strategy: 2 
     qos->target latency: 2 
     qos->retransmission_number: 2 
     qos->max_transport_latency: 10 
     channel count: 2
  name: SingleDev_TwoChanStereoSnk_TwoChanStereoSrc_16_2_2 
    direction: Sink (speaker)
     number of devices: 1 
     number of ASEs: 1 
     strategy: 2 
     qos->target latency: 2 
     qos->retransmission_number: 13 
     qos->max_transport_latency: 95 
     channel count: 2
    direction: Source (mic)
     number of devices: 1 
     number of ASEs: 1 
     strategy: 2 
     qos->target latency: 2 
     qos->retransmission_number: 13 
     qos->max_transport_latency: 95 
     channel count: 2
  name: SingleDev_TwoChanStereoSnk_TwoChanStereoSrc_16_1_Low_Latency 
    direction: Sink (speaker)
     number of devices: 1 
     number of ASEs: 1 
     strategy: 2 
     qos->target latency: 1 
     qos->retransmission_number: 0 
     qos->max_transport_latency: 0 
     channel count: 2
    direction: Source (mic)
     number of devices: 1 
     number of ASEs: 1 
     strategy: 2 
     qos->target latency: 1 
     qos->retransmission_number: 0 
     qos->max_transport_latency: 0 
     channel count: 2
  name: SingleDev_TwoChanStereoSnk_TwoChanStereoSrc_16_1_1 
    direction: Sink (speaker)
     number of devices: 1 
     number of ASEs: 1 
     strategy: 2 
     qos->target latency: 2 
     qos->retransmission_number: 2 
     qos->max_transport_latency: 8 
     channel count: 2
    direction: Source (mic)
     number of devices: 1 
     number of ASEs: 1 
     strategy: 2 
     qos->target latency: 2 
     qos->retransmission_number: 2 
     qos->max_transport_latency: 8 
     channel count: 2
  name: SingleDev_TwoChanStereoSnk_TwoChanStereoSrc_16_1_2 
    direction: Sink (speaker)
     number of devices: 1 
     number of ASEs: 1 
     strategy: 2 
     qos->target latency: 2 
     qos->retransmission_number: 13 
     qos->max_transport_latency: 75 
     channel count: 2
    direction: Source (mic)
     number of devices: 1 
     number of ASEs: 1 
     strategy: 2 
     qos->target latency: 2 
     qos->retransmission_number: 13 
     qos->max_transport_latency: 75 
     channel count: 2
  name: SingleDev_TwoChanStereoSnk_OneChanMonoSrc_32_2_Low_Latency 
    direction: Sink (speaker)
     number of devices: 1 
     number of ASEs: 1 
     strategy: 2 
     qos->target latency: 1 
     qos->retransmission_number: 0 
     qos->max_transport_latency: 0 
     channel count: 2
    direction: Source (mic)
     number of devices: 1 
     number of ASEs: 1 
     strategy: 0 
     qos->target latency: 1 
     qos->retransmission_number: 0 
     qos->max_transport_latency: 0 
     channel count: 1
  name: SingleDev_TwoChanStereoSnk_OneChanMonoSrc_32_2_1 
    direction: Sink (speaker)
     number of devices: 1 
     number of ASEs: 1 
     strategy: 2 
     qos->target latency: 2 
     qos->retransmission_number: 2 
     qos->max_transport_latency: 10 
     channel count: 2
    direction: Source (mic)
     number of devices: 1 
     number of ASEs: 1 
     strategy: 0 
     qos->target latency: 2 
     qos->retransmission_number: 2 
     qos->max_transport_latency: 10 
     channel count: 1
  name: SingleDev_TwoChanStereoSnk_OneChanMonoSrc_16_2_Low_Latency 
    direction: Sink (speaker)
     number of devices: 1 
     number of ASEs: 1 
     strategy: 2 
     qos->target latency: 1 
     qos->retransmission_number: 0 
     qos->max_transport_latency: 0 
     channel count: 2
    direction: Source (mic)
     number of devices: 1 
     number of ASEs: 1 
     strategy: 0 
     qos->target latency: 1 
     qos->retransmission_number: 0 
     qos->max_transport_latency: 0 
     channel count: 1
  name: SingleDev_TwoChanStereoSnk_OneChanMonoSrc_16_2_1 
    direction: Sink (speaker)
     number of devices: 1 
     number of ASEs: 1 
     strategy: 2 
     qos->target latency: 2 
     qos->retransmission_number: 2 
     qos->max_transport_latency: 10 
     channel count: 2
    direction: Source (mic)
     number of devices: 1 
     number of ASEs: 1 
     strategy: 0 
     qos->target latency: 2 
     qos->retransmission_number: 2 
     qos->max_transport_latency: 10 
     channel count: 1
  name: SingleDev_TwoChanStereoSnk_OneChanMonoSrc_16_1_Low_Latency 
    direction: Sink (speaker)
     number of devices: 1 
     number of ASEs: 1 
     strategy: 2 
     qos->target latency: 1 
     qos->retransmission_number: 0 
     qos->max_transport_latency: 0 
     channel count: 2
    direction: Source (mic)
     number of devices: 1 
     number of ASEs: 1 
     strategy: 0 
     qos->target latency: 1 
     qos->retransmission_number: 0 
     qos->max_transport_latency: 0 
     channel count: 1
  name: SingleDev_TwoChanStereoSnk_OneChanMonoSrc_16_1_1 
    direction: Sink (speaker)
     number of devices: 1 
     number of ASEs: 1 
     strategy: 2 
     qos->target latency: 2 
     qos->retransmission_number: 2 
     qos->max_transport_latency: 8 
     channel count: 2
    direction: Source (mic)
     number of devices: 1 
     number of ASEs: 1 
     strategy: 0 
     qos->target latency: 2 
     qos->retransmission_number: 2 
     qos->max_transport_latency: 8 
     channel count: 1
  name: SingleDev_OneChanStereoSnk_OneChanMonoSrc_32_2_Low_Latency 
    direction: Sink (speaker)
     number of devices: 1 
     number of ASEs: 2 
     strategy: 1 
     qos->target latency: 1 
     qos->retransmission_number: 0 
     qos->max_transport_latency: 0 
     channel count: 1
    direction: Source (mic)
     number of devices: 1 
     number of ASEs: 1 
     strategy: 0 
     qos->target latency: 1 
     qos->retransmission_number: 0 
     qos->max_transport_latency: 0 
     channel count: 1
  name: SingleDev_OneChanStereoSnk_OneChanMonoSrc_32_2_1 
    direction: Sink (speaker)
     number of devices: 1 
     number of ASEs: 2 
     strategy: 1 
     qos->target latency: 2 
     qos->retransmission_number: 2 
     qos->max_transport_latency: 10 
     channel count: 1
    direction: Source (mic)
     number of devices: 1 
     number of ASEs: 1 
     strategy: 0 
     qos->target latency: 2 
     qos->retransmission_number: 2 
     qos->max_transport_latency: 10 
     channel count: 1
  name: SingleDev_OneChanStereoSnk_OneChanMonoSrc_16_2_Low_Latency 
    direction: Sink (speaker)
     number of devices: 1 
     number of ASEs: 2 
     strategy: 1 
     qos->target latency: 1 
     qos->retransmission_number: 0 
     qos->max_transport_latency: 0 
     channel count: 1
    direction: Source (mic)
     number of devices: 1 
     number of ASEs: 1 
     strategy: 0 
     qos->target latency: 1 
     qos->retransmission_number: 0 
     qos->max_transport_latency: 0 
     channel count: 1
  name: SingleDev_OneChanStereoSnk_OneChanMonoSrc_16_2_1 
    direction: Sink (speaker)
     number of devices: 1 
     number of ASEs: 2 
     strategy: 1 
     qos->target latency: 2 
     qos->retransmission_number: 2 
     qos->max_transport_latency: 10 
     channel count: 1
    direction: Source (mic)
     number of devices: 1 
     number of ASEs: 1 
     strategy: 0 
     qos->target latency: 2 
     qos->retransmission_number: 2 
     qos->max_transport_latency: 10 
     channel count: 1
  name: SingleDev_OneChanStereoSnk_OneChanMonoSrc_16_1_Low_Latency 
    direction: Sink (speaker)
     number of devices: 1 
     number of ASEs: 2 
     strategy: 1 
     qos->target latency: 1 
     qos->retransmission_number: 0 
     qos->max_transport_latency: 0 
     channel count: 1
    direction: Source (mic)
     number of devices: 1 
     number of ASEs: 1 
     strategy: 0 
     qos->target latency: 1 
     qos->retransmission_number: 0 
     qos->max_transport_latency: 0 
     channel count: 1
  name: SingleDev_OneChanStereoSnk_OneChanMonoSrc_16_1_1 
    direction: Sink (speaker)
     number of devices: 1 
     number of ASEs: 2 
     strategy: 1 
     qos->target latency: 2 
     qos->retransmission_number: 2 
     qos->max_transport_latency: 8 
     channel count: 1
    direction: Source (mic)
     number of devices: 1 
     number of ASEs: 1 
     strategy: 0 
     qos->target latency: 2 
     qos->retransmission_number: 2 
     qos->max_transport_latency: 8 
     channel count: 1
  name: SingleDev_OneChanMonoSnk_OneChanMonoSrc_32_2_Low_Latency 
    direction: Sink (speaker)
     number of devices: 1 
     number of ASEs: 1 
     strategy: 0 
     qos->target latency: 1 
     qos->retransmission_number: 0 
     qos->max_transport_latency: 0 
     channel count: 1
    direction: Source (mic)
     number of devices: 1 
     number of ASEs: 1 
     strategy: 0 
     qos->target latency: 1 
     qos->retransmission_number: 0 
     qos->max_transport_latency: 0 
     channel count: 1
  name: SingleDev_OneChanMonoSnk_OneChanMonoSrc_32_2_1 
    direction: Sink (speaker)
     number of devices: 1 
     number of ASEs: 1 
     strategy: 0 
     qos->target latency: 2 
     qos->retransmission_number: 2 
     qos->max_transport_latency: 10 
     channel count: 1
    direction: Source (mic)
     number of devices: 1 
     number of ASEs: 1 
     strategy: 0 
     qos->target latency: 2 
     qos->retransmission_number: 2 
     qos->max_transport_latency: 10 
     channel count: 1
  name: SingleDev_OneChanMonoSnk_OneChanMonoSrc_16_2_Low_Latency 
    direction: Sink (speaker)
     number of devices: 1 
     number of ASEs: 1 
     strategy: 0 
     qos->target latency: 1 
     qos->retransmission_number: 0 
     qos->max_transport_latency: 0 
     channel count: 1
    direction: Source (mic)
     number of devices: 1 
     number of ASEs: 1 
     strategy: 0 
     qos->target latency: 1 
     qos->retransmission_number: 0 
     qos->max_transport_latency: 0 
     channel count: 1
  name: SingleDev_OneChanMonoSnk_OneChanMonoSrc_16_2_1 
    direction: Sink (speaker)
     number of devices: 1 
     number of ASEs: 1 
     strategy: 0 
     qos->target latency: 2 
     qos->retransmission_number: 2 
     qos->max_transport_latency: 10 
     channel count: 1
    direction: Source (mic)
     number of devices: 1 
     number of ASEs: 1 
     strategy: 0 
     qos->target latency: 2 
     qos->retransmission_number: 2 
     qos->max_transport_latency: 10 
     channel count: 1
  name: SingleDev_OneChanMonoSnk_OneChanMonoSrc_16_1_Low_Latency 
    direction: Sink (speaker)
     number of devices: 1 
     number of ASEs: 1 
     strategy: 0 
     qos->target latency: 1 
     qos->retransmission_number: 0 
     qos->max_transport_latency: 0 
     channel count: 1
    direction: Source (mic)
     number of devices: 1 
     number of ASEs: 1 
     strategy: 0 
     qos->target latency: 1 
     qos->retransmission_number: 0 
     qos->max_transport_latency: 0 
     channel count: 1
  name: SingleDev_OneChanMonoSnk_OneChanMonoSrc_16_1_1 
    direction: Sink (speaker)
     number of devices: 1 
     number of ASEs: 1 
     strategy: 0 
     qos->target latency: 2 
     qos->retransmission_number: 2 
     qos->max_transport_latency: 8 
     channel count: 1
    direction: Source (mic)
     number of devices: 1 
     number of ASEs: 1 
     strategy: 0 
     qos->target latency: 2 
     qos->retransmission_number: 2 
     qos->max_transport_latency: 8 
     channel count: 1
  name: DualDev_OneChanMonoSrc_16_2_Balanced_Reliability 
    direction: Source (mic)
     number of devices: 2 
     number of ASEs: 2 
     strategy: 0 
     qos->target latency: 2 
     qos->retransmission_number: 0 
     qos->max_transport_latency: 0 
     channel count: 1
  name: SingleDev_OneChanStereoSrc_16_2_Balanced_Reliability 
    direction: Source (mic)
     number of devices: 1 
     number of ASEs: 2 
     strategy: 1 
     qos->target latency: 2 
     qos->retransmission_number: 0 
     qos->max_transport_latency: 0 
     channel count: 1
  name: SingleDev_OneChanMonoSrc_48_4_Balanced_Reliability 
    direction: Source (mic)
     number of devices: 1 
     number of ASEs: 1 
     strategy: 0 
     qos->target latency: 2 
     qos->retransmission_number: 0 
     qos->max_transport_latency: 0 
     channel count: 1
  name: SingleDev_OneChanMonoSrc_48_2_Balanced_Reliability 
    direction: Source (mic)
     number of devices: 1 
     number of ASEs: 1 
     strategy: 0 
     qos->target latency: 2 
     qos->retransmission_number: 0 
     qos->max_transport_latency: 0 
     channel count: 1
  name: SingleDev_OneChanMonoSrc_48_3_Balanced_Reliability 
    direction: Source (mic)
     number of devices: 1 
     number of ASEs: 1 
     strategy: 0 
     qos->target latency: 2 
     qos->retransmission_number: 0 
     qos->max_transport_latency: 0 
     channel count: 1
  name: SingleDev_OneChanMonoSrc_48_1_Balanced_Reliability 
    direction: Source (mic)
     number of devices: 1 
     number of ASEs: 1 
     strategy: 0 
     qos->target latency: 2 
     qos->retransmission_number: 0 
     qos->max_transport_latency: 0 
     channel count: 1
  name: SingleDev_OneChanMonoSrc_32_2_Balanced_Reliability 
    direction: Source (mic)
     number of devices: 1 
     number of ASEs: 1 
     strategy: 0 
     qos->target latency: 2 
     qos->retransmission_number: 0 
     qos->max_transport_latency: 0 
     channel count: 1
  name: SingleDev_OneChanMonoSrc_32_1_Balanced_Reliability 
    direction: Source (mic)
     number of devices: 1 
     number of ASEs: 1 
     strategy: 0 
     qos->target latency: 2 
     qos->retransmission_number: 0 
     qos->max_transport_latency: 0 
     channel count: 1
  name: SingleDev_OneChanMonoSrc_24_2_Balanced_Reliability 
    direction: Source (mic)
     number of devices: 1 
     number of ASEs: 1 
     strategy: 0 
     qos->target latency: 2 
     qos->retransmission_number: 0 
     qos->max_transport_latency: 0 
     channel count: 1
  name: SingleDev_OneChanMonoSrc_24_1_Balanced_Reliability 
    direction: Source (mic)
     number of devices: 1 
     number of ASEs: 1 
     strategy: 0 
     qos->target latency: 2 
     qos->retransmission_number: 0 
     qos->max_transport_latency: 0 
     channel count: 1
  name: SingleDev_OneChanMonoSrc_16_2_Balanced_Reliability 
    direction: Source (mic)
     number of devices: 1 
     number of ASEs: 1 
     strategy: 0 
     qos->target latency: 2 
     qos->retransmission_number: 0 
     qos->max_transport_latency: 0 
     channel count: 1
  name: SingleDev_OneChanMonoSrc_16_1_Balanced_Reliability 
    direction: Source (mic)
     number of devices: 1 
     number of ASEs: 1 
     strategy: 0 
     qos->target latency: 2 
     qos->retransmission_number: 0 
     qos->max_transport_latency: 0 
     channel count: 1
  name: DualDev_OneChanMonoSnk_16_2_Balanced_Reliability 
    direction: Sink (speaker)
     number of devices: 2 
     number of ASEs: 2 
     strategy: 0 
     qos->target latency: 2 
     qos->retransmission_number: 0 
     qos->max_transport_latency: 0 
     channel count: 1
  name: SingleDev_OneChanStereoSnk_16_2_Balanced_Reliability 
    direction: Sink (speaker)
     number of devices: 1 
     number of ASEs: 2 
     strategy: 1 
     qos->target latency: 2 
     qos->retransmission_number: 0 
     qos->max_transport_latency: 0 
     channel count: 1
  name: SingleDev_TwoChanStereoSnk_16_2_Balanced_Reliability 
    direction: Sink (speaker)
     number of devices: 1 
     number of ASEs: 1 
     strategy: 2 
     qos->target latency: 2 
     qos->retransmission_number: 0 
     qos->max_transport_latency: 0 
     channel count: 2
  name: SingleDev_OneChanMonoSnk_16_2_Balanced_Reliability 
    direction: Sink (speaker)
     number of devices: 1 
     number of ASEs: 1 
     strategy: 0 
     qos->target latency: 2 
     qos->retransmission_number: 0 
     qos->max_transport_latency: 0 
     channel count: 1

  === Configurations for context type: 1024, num: 69 
  name: DualDev_OneChanStereoSnk_48_4_High_Reliability 
    direction: Sink (speaker)
     number of devices: 2 
     number of ASEs: 2 
     strategy: 0 
     qos->target latency: 3 
     qos->retransmission_number: 0 
     qos->max_transport_latency: 0 
     channel count: 1
  name: DualDev_OneChanStereoSnk_48_4_2 
    direction: Sink (speaker)
     number of devices: 2 
     number of ASEs: 2 
     strategy: 0 
     qos->target latency: 2 
     qos->retransmission_number: 13 
     qos->max_transport_latency: 100 
     channel count: 1
  name: DualDev_OneChanStereoSnk_48_2_High_Reliability 
    direction: Sink (speaker)
     number of devices: 2 
     number of ASEs: 2 
     strategy: 0 
     qos->target latency: 3 
     qos->retransmission_number: 0 
     qos->max_transport_latency: 0 
     channel count: 1
  name: DualDev_OneChanStereoSnk_48_2_2 
    direction: Sink (speaker)
     number of devices: 2 
     number of ASEs: 2 
     strategy: 0 
     qos->target latency: 2 
     qos->retransmission_number: 13 
     qos->max_transport_latency: 95 
     channel count: 1
  name: DualDev_OneChanStereoSnk_48_3_High_Reliability 
    direction: Sink (speaker)
     number of devices: 2 
     number of ASEs: 2 
     strategy: 0 
     qos->target latency: 3 
     qos->retransmission_number: 0 
     qos->max_transport_latency: 0 
     channel count: 1
  name: DualDev_OneChanStereoSnk_48_3_2 
    direction: Sink (speaker)
     number of devices: 2 
     number of ASEs: 2 
     strategy: 0 
     qos->target latency: 2 
     qos->retransmission_number: 13 
     qos->max_transport_latency: 75 
     channel count: 1
  name: DualDev_OneChanStereoSnk_48_1_High_Reliability 
    direction: Sink (speaker)
     number of devices: 2 
     number of ASEs: 2 
     strategy: 0 
     qos->target latency: 3 
     qos->retransmission_number: 0 
     qos->max_transport_latency: 0 
     channel count: 1
  name: DualDev_OneChanStereoSnk_48_1_2 
    direction: Sink (speaker)
     number of devices: 2 
     number of ASEs: 2 
     strategy: 0 
     qos->target latency: 2 
     qos->retransmission_number: 13 
     qos->max_transport_latency: 75 
     channel count: 1
  name: DualDev_OneChanStereoSnk_24_2_Balanced_Reliability 
    direction: Sink (speaker)
     number of devices: 2 
     number of ASEs: 2 
     strategy: 0 
     qos->target latency: 2 
     qos->retransmission_number: 0 
     qos->max_transport_latency: 0 
     channel count: 1
  name: DualDev_OneChanStereoSnk_24_2_2 
    direction: Sink (speaker)
     number of devices: 2 
     number of ASEs: 2 
     strategy: 0 
     qos->target latency: 2 
     qos->retransmission_number: 13 
     qos->max_transport_latency: 95 
     channel count: 1
  name: DualDev_OneChanStereoSnk_16_2_Balanced_Reliability 
    direction: Sink (speaker)
     number of devices: 2 
     number of ASEs: 2 
     strategy: 0 
     qos->target latency: 2 
     qos->retransmission_number: 0 
     qos->max_transport_latency: 0 
     channel count: 1
  name: DualDev_OneChanStereoSnk_16_2_2 
    direction: Sink (speaker)
     number of devices: 2 
     number of ASEs: 2 
     strategy: 0 
     qos->target latency: 2 
     qos->retransmission_number: 13 
     qos->max_transport_latency: 95 
     channel count: 1
  name: DualDev_OneChanStereoSnk_16_1_Balanced_Reliability 
    direction: Sink (speaker)
     number of devices: 2 
     number of ASEs: 2 
     strategy: 0 
     qos->target latency: 2 
     qos->retransmission_number: 0 
     qos->max_transport_latency: 0 
     channel count: 1
  name: DualDev_OneChanStereoSnk_16_1_2 
    direction: Sink (speaker)
     number of devices: 2 
     number of ASEs: 2 
     strategy: 0 
     qos->target latency: 2 
     qos->retransmission_number: 13 
     qos->max_transport_latency: 75 
     channel count: 1
  name: SingleDev_OneChanStereoSnk_48_4_High_Reliability 
    direction: Sink (speaker)
     number of devices: 1 
     number of ASEs: 2 
     strategy: 1 
     qos->target latency: 3 
     qos->retransmission_number: 0 
     qos->max_transport_latency: 0 
     channel count: 1
  name: SingleDev_OneChanStereoSnk_48_4_2 
    direction: Sink (speaker)
     number of devices: 1 
     number of ASEs: 2 
     strategy: 1 
     qos->target latency: 2 
     qos->retransmission_number: 13 
     qos->max_transport_latency: 100 
     channel count: 1
  name: SingleDev_OneChanStereoSnk_48_2_High_Reliability 
    direction: Sink (speaker)
     number of devices: 1 
     number of ASEs: 2 
     strategy: 1 
     qos->target latency: 3 
     qos->retransmission_number: 0 
     qos->max_transport_latency: 0 
     channel count: 1
  name: SingleDev_OneChanStereoSnk_48_2_2 
    direction: Sink (speaker)
     number of devices: 1 
     number of ASEs: 2 
     strategy: 1 
     qos->target latency: 2 
     qos->retransmission_number: 13 
     qos->max_transport_latency: 95 
     channel count: 1
  name: SingleDev_OneChanStereoSnk_48_3_High_Reliability 
    direction: Sink (speaker)
     number of devices: 1 
     number of ASEs: 2 
     strategy: 1 
     qos->target latency: 3 
     qos->retransmission_number: 0 
     qos->max_transport_latency: 0 
     channel count: 1
  name: SingleDev_OneChanStereoSnk_48_3_2 
    direction: Sink (speaker)
     number of devices: 1 
     number of ASEs: 2 
     strategy: 1 
     qos->target latency: 2 
     qos->retransmission_number: 13 
     qos->max_transport_latency: 75 
     channel count: 1
  name: SingleDev_OneChanStereoSnk_48_1_High_Reliability 
    direction: Sink (speaker)
     number of devices: 1 
     number of ASEs: 2 
     strategy: 1 
     qos->target latency: 3 
     qos->retransmission_number: 0 
     qos->max_transport_latency: 0 
     channel count: 1
  name: SingleDev_OneChanStereoSnk_48_1_2 
    direction: Sink (speaker)
     number of devices: 1 
     number of ASEs: 2 
     strategy: 1 
     qos->target latency: 2 
     qos->retransmission_number: 13 
     qos->max_transport_latency: 75 
     channel count: 1
  name: SingleDev_OneChanStereoSnk_24_2_Balanced_Reliability 
    direction: Sink (speaker)
     number of devices: 1 
     number of ASEs: 2 
     strategy: 1 
     qos->target latency: 2 
     qos->retransmission_number: 0 
     qos->max_transport_latency: 0 
     channel count: 1
  name: SingleDev_OneChanStereoSnk_24_2_2 
    direction: Sink (speaker)
     number of devices: 1 
     number of ASEs: 2 
     strategy: 1 
     qos->target latency: 2 
     qos->retransmission_number: 13 
     qos->max_transport_latency: 95 
     channel count: 1
  name: SingleDev_OneChanStereoSnk_16_2_Balanced_Reliability 
    direction: Sink (speaker)
     number of devices: 1 
     number of ASEs: 2 
     strategy: 1 
     qos->target latency: 2 
     qos->retransmission_number: 0 
     qos->max_transport_latency: 0 
     channel count: 1
  name: SingleDev_OneChanStereoSnk_16_2_2 
    direction: Sink (speaker)
     number of devices: 1 
     number of ASEs: 2 
     strategy: 1 
     qos->target latency: 2 
     qos->retransmission_number: 13 
     qos->max_transport_latency: 95 
     channel count: 1
  name: SingleDev_OneChanStereoSnk_16_1_Balanced_Reliability 
    direction: Sink (speaker)
     number of devices: 1 
     number of ASEs: 2 
     strategy: 1 
     qos->target latency: 2 
     qos->retransmission_number: 0 
     qos->max_transport_latency: 0 
     channel count: 1
  name: SingleDev_OneChanStereoSnk_16_1_2 
    direction: Sink (speaker)
     number of devices: 1 
     number of ASEs: 2 
     strategy: 1 
     qos->target latency: 2 
     qos->retransmission_number: 13 
     qos->max_transport_latency: 75 
     channel count: 1
  name: SingleDev_TwoChanStereoSnk_48_4_High_Reliability 
    direction: Sink (speaker)
     number of devices: 1 
     number of ASEs: 1 
     strategy: 2 
     qos->target latency: 3 
     qos->retransmission_number: 0 
     qos->max_transport_latency: 0 
     channel count: 2
  name: SingleDev_TwoChanStereoSnk_48_4_2 
    direction: Sink (speaker)
     number of devices: 1 
     number of ASEs: 1 
     strategy: 2 
     qos->target latency: 2 
     qos->retransmission_number: 13 
     qos->max_transport_latency: 100 
     channel count: 2
  name: SingleDev_TwoChanStereoSnk_48_4_High_Reliability 
    direction: Sink (speaker)
     number of devices: 1 
     number of ASEs: 1 
     strategy: 2 
     qos->target latency: 3 
     qos->retransmission_number: 0 
     qos->max_transport_latency: 0 
     channel count: 2
  name: SingleDev_TwoChanStereoSnk_48_4_2 
    direction: Sink (speaker)
     number of devices: 1 
     number of ASEs: 1 
     strategy: 2 
     qos->target latency: 2 
     qos->retransmission_number: 13 
     qos->max_transport_latency: 100 
     channel count: 2
  name: SingleDev_TwoChanStereoSnk_48_2_High_Reliability 
    direction: Sink (speaker)
     number of devices: 1 
     number of ASEs: 1 
     strategy: 2 
     qos->target latency: 3 
     qos->retransmission_number: 0 
     qos->max_transport_latency: 0 
     channel count: 2
  name: SingleDev_TwoChanStereoSnk_48_2_2 
    direction: Sink (speaker)
     number of devices: 1 
     number of ASEs: 1 
     strategy: 2 
     qos->target latency: 2 
     qos->retransmission_number: 13 
     qos->max_transport_latency: 95 
     channel count: 2
  name: SingleDev_TwoChanStereoSnk_48_3_High_Reliability 
    direction: Sink (speaker)
     number of devices: 1 
     number of ASEs: 1 
     strategy: 2 
     qos->target latency: 3 
     qos->retransmission_number: 0 
     qos->max_transport_latency: 0 
     channel count: 2
  name: SingleDev_TwoChanStereoSnk_48_3_2 
    direction: Sink (speaker)
     number of devices: 1 
     number of ASEs: 1 
     strategy: 2 
     qos->target latency: 2 
     qos->retransmission_number: 13 
     qos->max_transport_latency: 75 
     channel count: 2
  name: SingleDev_TwoChanStereoSnk_48_1_High_Reliability 
    direction: Sink (speaker)
     number of devices: 1 
     number of ASEs: 1 
     strategy: 2 
     qos->target latency: 3 
     qos->retransmission_number: 0 
     qos->max_transport_latency: 0 
     channel count: 2
  name: SingleDev_TwoChanStereoSnk_48_1_2 
    direction: Sink (speaker)
     number of devices: 1 
     number of ASEs: 1 
     strategy: 2 
     qos->target latency: 2 
     qos->retransmission_number: 13 
     qos->max_transport_latency: 75 
     channel count: 2
  name: SingleDev_TwoChanStereoSnk_24_2_Balanced_Reliability 
    direction: Sink (speaker)
     number of devices: 1 
     number of ASEs: 1 
     strategy: 2 
     qos->target latency: 2 
     qos->retransmission_number: 0 
     qos->max_transport_latency: 0 
     channel count: 2
  name: SingleDev_TwoChanStereoSnk_24_2_2 
    direction: Sink (speaker)
     number of devices: 1 
     number of ASEs: 1 
     strategy: 2 
     qos->target latency: 2 
     qos->retransmission_number: 13 
     qos->max_transport_latency: 95 
     channel count: 2
  name: SingleDev_TwoChanStereoSnk_16_2_Balanced_Reliability 
    direction: Sink (speaker)
     number of devices: 1 
     number of ASEs: 1 
     strategy: 2 
     qos->target latency: 2 
     qos->retransmission_number: 0 
     qos->max_transport_latency: 0 
     channel count: 2
  name: SingleDev_TwoChanStereoSnk_16_2_2 
    direction: Sink (speaker)
     number of devices: 1 
     number of ASEs: 1 
     strategy: 2 
     qos->target latency: 2 
     qos->retransmission_number: 13 
     qos->max_transport_latency: 95 
     channel count: 2
  name: SingleDev_TwoChanStereoSnk_16_1_Balanced_Reliability 
    direction: Sink (speaker)
     number of devices: 1 
     number of ASEs: 1 
     strategy: 2 
     qos->target latency: 2 
     qos->retransmission_number: 0 
     qos->max_transport_latency: 0 
     channel count: 2
  name: SingleDev_TwoChanStereoSnk_16_1_2 
    direction: Sink (speaker)
     number of devices: 1 
     number of ASEs: 1 
     strategy: 2 
     qos->target latency: 2 
     qos->retransmission_number: 13 
     qos->max_transport_latency: 75 
     channel count: 2
  name: SingleDev_OneChanMonoSnk_48_4_High_Reliability 
    direction: Sink (speaker)
     number of devices: 1 
     number of ASEs: 1 
     strategy: 0 
     qos->target latency: 3 
     qos->retransmission_number: 0 
     qos->max_transport_latency: 0 
     channel count: 1
  name: SingleDev_OneChanMonoSnk_48_4_2 
    direction: Sink (speaker)
     number of devices: 1 
     number of ASEs: 1 
     strategy: 0 
     qos->target latency: 2 
     qos->retransmission_number: 13 
     qos->max_transport_latency: 100 
     channel count: 1
  name: SingleDev_OneChanMonoSnk_48_2_High_Reliability 
    direction: Sink (speaker)
     number of devices: 1 
     number of ASEs: 1 
     strategy: 0 
     qos->target latency: 3 
     qos->retransmission_number: 0 
     qos->max_transport_latency: 0 
     channel count: 1
  name: SingleDev_OneChanMonoSnk_48_2_2 
    direction: Sink (speaker)
     number of devices: 1 
     number of ASEs: 1 
     strategy: 0 
     qos->target latency: 2 
     qos->retransmission_number: 13 
     qos->max_transport_latency: 95 
     channel count: 1
  name: SingleDev_OneChanMonoSnk_48_3_High_Reliability 
    direction: Sink (speaker)
     number of devices: 1 
     number of ASEs: 1 
     strategy: 0 
     qos->target latency: 3 
     qos->retransmission_number: 0 
     qos->max_transport_latency: 0 
     channel count: 1
  name: SingleDev_OneChanMonoSnk_48_3_2 
    direction: Sink (speaker)
     number of devices: 1 
     number of ASEs: 1 
     strategy: 0 
     qos->target latency: 2 
     qos->retransmission_number: 13 
     qos->max_transport_latency: 75 
     channel count: 1
  name: SingleDev_OneChanMonoSnk_48_1_High_Reliability 
    direction: Sink (speaker)
     number of devices: 1 
     number of ASEs: 1 
     strategy: 0 
     qos->target latency: 3 
     qos->retransmission_number: 0 
     qos->max_transport_latency: 0 
     channel count: 1
  name: SingleDev_OneChanMonoSnk_48_1_2 
    direction: Sink (speaker)
     number of devices: 1 
     number of ASEs: 1 
     strategy: 0 
     qos->target latency: 2 
     qos->retransmission_number: 13 
     qos->max_transport_latency: 75 
     channel count: 1
  name: SingleDev_OneChanMonoSnk_32_2_Balanced_Reliability 
    direction: Sink (speaker)
     number of devices: 1 
     number of ASEs: 1 
     strategy: 0 
     qos->target latency: 2 
     qos->retransmission_number: 0 
     qos->max_transport_latency: 0 
     channel count: 1
  name: SingleDev_OneChanMonoSnk_32_1_Balanced_Reliability 
    direction: Sink (speaker)
     number of devices: 1 
     number of ASEs: 1 
     strategy: 0 
     qos->target latency: 2 
     qos->retransmission_number: 0 
     qos->max_transport_latency: 0 
     channel count: 1
  name: SingleDev_OneChanMonoSnk_24_2_Balanced_Reliability 
    direction: Sink (speaker)
     number of devices: 1 
     number of ASEs: 1 
     strategy: 0 
     qos->target latency: 2 
     qos->retransmission_number: 0 
     qos->max_transport_latency: 0 
     channel count: 1
  name: SingleDev_OneChanMonoSnk_24_2_2 
    direction: Sink (speaker)
     number of devices: 1 
     number of ASEs: 1 
     strategy: 0 
     qos->target latency: 2 
     qos->retransmission_number: 13 
     qos->max_transport_latency: 95 
     channel count: 1
  name: SingleDev_OneChanMonoSnk_16_2_Balanced_Reliability 
    direction: Sink (speaker)
     number of devices: 1 
     number of ASEs: 1 
     strategy: 0 
     qos->target latency: 2 
     qos->retransmission_number: 0 
     qos->max_transport_latency: 0 
     channel count: 1
  name: SingleDev_OneChanMonoSnk_16_2_2 
    direction: Sink (speaker)
     number of devices: 1 
     number of ASEs: 1 
     strategy: 0 
     qos->target latency: 2 
     qos->retransmission_number: 13 
     qos->max_transport_latency: 95 
     channel count: 1
  name: SingleDev_OneChanMonoSnk_16_1_Balanced_Reliability 
    direction: Sink (speaker)
     number of devices: 1 
     number of ASEs: 1 
     strategy: 0 
     qos->target latency: 2 
     qos->retransmission_number: 0 
     qos->max_transport_latency: 0 
     channel count: 1
  name: SingleDev_OneChanMonoSnk_16_1_2 
    direction: Sink (speaker)
     number of devices: 1 
     number of ASEs: 1 
     strategy: 0 
     qos->target latency: 2 
     qos->retransmission_number: 13 
     qos->max_transport_latency: 75 
     channel count: 1
  name: VND_DualDev_OneChanStereoSnk_48khz_100octs_High_Reliability_1 
    direction: Sink (speaker)
     number of devices: 2 
     number of ASEs: 2 
     strategy: 0 
     qos->target latency: 3 
     qos->retransmission_number: 0 
     qos->max_transport_latency: 0 
     channel count: 1
  name: VND_DualDev_OneChanStereoSnk_48khz_100octs_R15_L70_1 
    direction: Sink (speaker)
     number of devices: 2 
     number of ASEs: 2 
     strategy: 0 
     qos->target latency: 2 
     qos->retransmission_number: 15 
     qos->max_transport_latency: 70 
     channel count: 1
  name: VND_SingleDev_TwoChanStereoSnk_48khz_100octs_High_Reliability_1 
    direction: Sink (speaker)
     number of devices: 1 
     number of ASEs: 1 
     strategy: 2 
     qos->target latency: 3 
     qos->retransmission_number: 0 
     qos->max_transport_latency: 0 
     channel count: 2
  name: VND_SingleDev_TwoChanStereoSnk_48khz_100octs_R15_L70_1 
    direction: Sink (speaker)
     number of devices: 1 
     number of ASEs: 1 
     strategy: 2 
     qos->target latency: 2 
     qos->retransmission_number: 15 
     qos->max_transport_latency: 70 
     channel count: 2
  name: VND_SingleDev_OneChanStereoSnk_48khz_100octs_High_Reliability_1 
    direction: Sink (speaker)
     number of devices: 1 
     number of ASEs: 2 
     strategy: 1 
     qos->target latency: 3 
     qos->retransmission_number: 0 
     qos->max_transport_latency: 0 
     channel count: 1
  name: VND_SingleDev_OneChanStereoSnk_48khz_100octs_R15_L70_1 
    direction: Sink (speaker)
     number of devices: 1 
     number of ASEs: 2 
     strategy: 1 
     qos->target latency: 2 
     qos->retransmission_number: 15 
     qos->max_transport_latency: 70 
     channel count: 1
  name: DualDev_OneChanMonoSrc_16_2_Balanced_Reliability 
    direction: Source (mic)
     number of devices: 2 
     number of ASEs: 2 
     strategy: 0 
     qos->target latency: 2 
     qos->retransmission_number: 0 
     qos->max_transport_latency: 0 
     channel count: 1
  name: SingleDev_OneChanStereoSrc_16_2_Balanced_Reliability 
    direction: Source (mic)
     number of devices: 1 
     number of ASEs: 2 
     strategy: 1 
     qos->target latency: 2 
     qos->retransmission_number: 0 
     qos->max_transport_latency: 0 
     channel count: 1
  name: SingleDev_OneChanMonoSrc_16_2_Balanced_Reliability 
    direction: Source (mic)
     number of devices: 1 
     number of ASEs: 1 
     strategy: 0 
     qos->target latency: 2 
     qos->retransmission_number: 0 
     qos->max_transport_latency: 0 
     channel count: 1

  === Configurations for context type: 2048, num: 69 
  name: DualDev_OneChanStereoSnk_48_4_High_Reliability 
    direction: Sink (speaker)
     number of devices: 2 
     number of ASEs: 2 
     strategy: 0 
     qos->target latency: 3 
     qos->retransmission_number: 0 
     qos->max_transport_latency: 0 
     channel count: 1
  name: DualDev_OneChanStereoSnk_48_4_2 
    direction: Sink (speaker)
     number of devices: 2 
     number of ASEs: 2 
     strategy: 0 
     qos->target latency: 2 
     qos->retransmission_number: 13 
     qos->max_transport_latency: 100 
     channel count: 1
  name: DualDev_OneChanStereoSnk_48_2_High_Reliability 
    direction: Sink (speaker)
     number of devices: 2 
     number of ASEs: 2 
     strategy: 0 
     qos->target latency: 3 
     qos->retransmission_number: 0 
     qos->max_transport_latency: 0 
     channel count: 1
  name: DualDev_OneChanStereoSnk_48_2_2 
    direction: Sink (speaker)
     number of devices: 2 
     number of ASEs: 2 
     strategy: 0 
     qos->target latency: 2 
     qos->retransmission_number: 13 
     qos->max_transport_latency: 95 
     channel count: 1
  name: DualDev_OneChanStereoSnk_48_3_High_Reliability 
    direction: Sink (speaker)
     number of devices: 2 
     number of ASEs: 2 
     strategy: 0 
     qos->target latency: 3 
     qos->retransmission_number: 0 
     qos->max_transport_latency: 0 
     channel count: 1
  name: DualDev_OneChanStereoSnk_48_3_2 
    direction: Sink (speaker)
     number of devices: 2 
     number of ASEs: 2 
     strategy: 0 
     qos->target latency: 2 
     qos->retransmission_number: 13 
     qos->max_transport_latency: 75 
     channel count: 1
  name: DualDev_OneChanStereoSnk_48_1_High_Reliability 
    direction: Sink (speaker)
     number of devices: 2 
     number of ASEs: 2 
     strategy: 0 
     qos->target latency: 3 
     qos->retransmission_number: 0 
     qos->max_transport_latency: 0 
     channel count: 1
  name: DualDev_OneChanStereoSnk_48_1_2 
    direction: Sink (speaker)
     number of devices: 2 
     number of ASEs: 2 
     strategy: 0 
     qos->target latency: 2 
     qos->retransmission_number: 13 
     qos->max_transport_latency: 75 
     channel count: 1
  name: DualDev_OneChanStereoSnk_24_2_Balanced_Reliability 
    direction: Sink (speaker)
     number of devices: 2 
     number of ASEs: 2 
     strategy: 0 
     qos->target latency: 2 
     qos->retransmission_number: 0 
     qos->max_transport_latency: 0 
     channel count: 1
  name: DualDev_OneChanStereoSnk_24_2_2 
    direction: Sink (speaker)
     number of devices: 2 
     number of ASEs: 2 
     strategy: 0 
     qos->target latency: 2 
     qos->retransmission_number: 13 
     qos->max_transport_latency: 95 
     channel count: 1
  name: DualDev_OneChanStereoSnk_16_2_Balanced_Reliability 
    direction: Sink (speaker)
     number of devices: 2 
     number of ASEs: 2 
     strategy: 0 
     qos->target latency: 2 
     qos->retransmission_number: 0 
     qos->max_transport_latency: 0 
     channel count: 1
  name: DualDev_OneChanStereoSnk_16_2_2 
    direction: Sink (speaker)
     number of devices: 2 
     number of ASEs: 2 
     strategy: 0 
     qos->target latency: 2 
     qos->retransmission_number: 13 
     qos->max_transport_latency: 95 
     channel count: 1
  name: DualDev_OneChanStereoSnk_16_1_Balanced_Reliability 
    direction: Sink (speaker)
     number of devices: 2 
     number of ASEs: 2 
     strategy: 0 
     qos->target latency: 2 
     qos->retransmission_number: 0 
     qos->max_transport_latency: 0 
     channel count: 1
  name: DualDev_OneChanStereoSnk_16_1_2 
    direction: Sink (speaker)
     number of devices: 2 
     number of ASEs: 2 
     strategy: 0 
     qos->target latency: 2 
     qos->retransmission_number: 13 
     qos->max_transport_latency: 75 
     channel count: 1
  name: SingleDev_OneChanStereoSnk_48_4_High_Reliability 
    direction: Sink (speaker)
     number of devices: 1 
     number of ASEs: 2 
     strategy: 1 
     qos->target latency: 3 
     qos->retransmission_number: 0 
     qos->max_transport_latency: 0 
     channel count: 1
  name: SingleDev_OneChanStereoSnk_48_4_2 
    direction: Sink (speaker)
     number of devices: 1 
     number of ASEs: 2 
     strategy: 1 
     qos->target latency: 2 
     qos->retransmission_number: 13 
     qos->max_transport_latency: 100 
     channel count: 1
  name: SingleDev_OneChanStereoSnk_48_2_High_Reliability 
    direction: Sink (speaker)
     number of devices: 1 
     number of ASEs: 2 
     strategy: 1 
     qos->target latency: 3 
     qos->retransmission_number: 0 
     qos->max_transport_latency: 0 
     channel count: 1
  name: SingleDev_OneChanStereoSnk_48_2_2 
    direction: Sink (speaker)
     number of devices: 1 
     number of ASEs: 2 
     strategy: 1 
     qos->target latency: 2 
     qos->retransmission_number: 13 
     qos->max_transport_latency: 95 
     channel count: 1
  name: SingleDev_OneChanStereoSnk_48_3_High_Reliability 
    direction: Sink (speaker)
     number of devices: 1 
     number of ASEs: 2 
     strategy: 1 
     qos->target latency: 3 
     qos->retransmission_number: 0 
     qos->max_transport_latency: 0 
     channel count: 1
  name: SingleDev_OneChanStereoSnk_48_3_2 
    direction: Sink (speaker)
     number of devices: 1 
     number of ASEs: 2 
     strategy: 1 
     qos->target latency: 2 
     qos->retransmission_number: 13 
     qos->max_transport_latency: 75 
     channel count: 1
  name: SingleDev_OneChanStereoSnk_48_1_High_Reliability 
    direction: Sink (speaker)
     number of devices: 1 
     number of ASEs: 2 
     strategy: 1 
     qos->target latency: 3 
     qos->retransmission_number: 0 
     qos->max_transport_latency: 0 
     channel count: 1
  name: SingleDev_OneChanStereoSnk_48_1_2 
    direction: Sink (speaker)
     number of devices: 1 
     number of ASEs: 2 
     strategy: 1 
     qos->target latency: 2 
     qos->retransmission_number: 13 
     qos->max_transport_latency: 75 
     channel count: 1
  name: SingleDev_OneChanStereoSnk_24_2_Balanced_Reliability 
    direction: Sink (speaker)
     number of devices: 1 
     number of ASEs: 2 
     strategy: 1 
     qos->target latency: 2 
     qos->retransmission_number: 0 
     qos->max_transport_latency: 0 
     channel count: 1
  name: SingleDev_OneChanStereoSnk_24_2_2 
    direction: Sink (speaker)
     number of devices: 1 
     number of ASEs: 2 
     strategy: 1 
     qos->target latency: 2 
     qos->retransmission_number: 13 
     qos->max_transport_latency: 95 
     channel count: 1
  name: SingleDev_OneChanStereoSnk_16_2_Balanced_Reliability 
    direction: Sink (speaker)
     number of devices: 1 
     number of ASEs: 2 
     strategy: 1 
     qos->target latency: 2 
     qos->retransmission_number: 0 
     qos->max_transport_latency: 0 
     channel count: 1
  name: SingleDev_OneChanStereoSnk_16_2_2 
    direction: Sink (speaker)
     number of devices: 1 
     number of ASEs: 2 
     strategy: 1 
     qos->target latency: 2 
     qos->retransmission_number: 13 
     qos->max_transport_latency: 95 
     channel count: 1
  name: SingleDev_OneChanStereoSnk_16_1_Balanced_Reliability 
    direction: Sink (speaker)
     number of devices: 1 
     number of ASEs: 2 
     strategy: 1 
     qos->target latency: 2 
     qos->retransmission_number: 0 
     qos->max_transport_latency: 0 
     channel count: 1
  name: SingleDev_OneChanStereoSnk_16_1_2 
    direction: Sink (speaker)
     number of devices: 1 
     number of ASEs: 2 
     strategy: 1 
     qos->target latency: 2 
     qos->retransmission_number: 13 
     qos->max_transport_latency: 75 
     channel count: 1
  name: SingleDev_TwoChanStereoSnk_48_4_High_Reliability 
    direction: Sink (speaker)
     number of devices: 1 
     number of ASEs: 1 
     strategy: 2 
     qos->target latency: 3 
     qos->retransmission_number: 0 
     qos->max_transport_latency: 0 
     channel count: 2
  name: SingleDev_TwoChanStereoSnk_48_4_2 
    direction: Sink (speaker)
     number of devices: 1 
     number of ASEs: 1 
     strategy: 2 
     qos->target latency: 2 
     qos->retransmission_number: 13 
     qos->max_transport_latency: 100 
     channel count: 2
  name: SingleDev_TwoChanStereoSnk_48_4_High_Reliability 
    direction: Sink (speaker)
     number of devices: 1 
     number of ASEs: 1 
     strategy: 2 
     qos->target latency: 3 
     qos->retransmission_number: 0 
     qos->max_transport_latency: 0 
     channel count: 2
  name: SingleDev_TwoChanStereoSnk_48_4_2 
    direction: Sink (speaker)
     number of devices: 1 
     number of ASEs: 1 
     strategy: 2 
     qos->target latency: 2 
     qos->retransmission_number: 13 
     qos->max_transport_latency: 100 
     channel count: 2
  name: SingleDev_TwoChanStereoSnk_48_2_High_Reliability 
    direction: Sink (speaker)
     number of devices: 1 
     number of ASEs: 1 
     strategy: 2 
     qos->target latency: 3 
     qos->retransmission_number: 0 
     qos->max_transport_latency: 0 
     channel count: 2
  name: SingleDev_TwoChanStereoSnk_48_2_2 
    direction: Sink (speaker)
     number of devices: 1 
     number of ASEs: 1 
     strategy: 2 
     qos->target latency: 2 
     qos->retransmission_number: 13 
     qos->max_transport_latency: 95 
     channel count: 2
  name: SingleDev_TwoChanStereoSnk_48_3_High_Reliability 
    direction: Sink (speaker)
     number of devices: 1 
     number of ASEs: 1 
     strategy: 2 
     qos->target latency: 3 
     qos->retransmission_number: 0 
     qos->max_transport_latency: 0 
     channel count: 2
  name: SingleDev_TwoChanStereoSnk_48_3_2 
    direction: Sink (speaker)
     number of devices: 1 
     number of ASEs: 1 
     strategy: 2 
     qos->target latency: 2 
     qos->retransmission_number: 13 
     qos->max_transport_latency: 75 
     channel count: 2
  name: SingleDev_TwoChanStereoSnk_48_1_High_Reliability 
    direction: Sink (speaker)
     number of devices: 1 
     number of ASEs: 1 
     strategy: 2 
     qos->target latency: 3 
     qos->retransmission_number: 0 
     qos->max_transport_latency: 0 
     channel count: 2
  name: SingleDev_TwoChanStereoSnk_48_1_2 
    direction: Sink (speaker)
     number of devices: 1 
     number of ASEs: 1 
     strategy: 2 
     qos->target latency: 2 
     qos->retransmission_number: 13 
     qos->max_transport_latency: 75 
     channel count: 2
  name: SingleDev_TwoChanStereoSnk_24_2_Balanced_Reliability 
    direction: Sink (speaker)
     number of devices: 1 
     number of ASEs: 1 
     strategy: 2 
     qos->target latency: 2 
     qos->retransmission_number: 0 
     qos->max_transport_latency: 0 
     channel count: 2
  name: SingleDev_TwoChanStereoSnk_24_2_2 
    direction: Sink (speaker)
     number of devices: 1 
     number of ASEs: 1 
     strategy: 2 
     qos->target latency: 2 
     qos->retransmission_number: 13 
     qos->max_transport_latency: 95 
     channel count: 2
  name: SingleDev_TwoChanStereoSnk_16_2_Balanced_Reliability 
    direction: Sink (speaker)
     number of devices: 1 
     number of ASEs: 1 
     strategy: 2 
     qos->target latency: 2 
     qos->retransmission_number: 0 
     qos->max_transport_latency: 0 
     channel count: 2
  name: SingleDev_TwoChanStereoSnk_16_2_2 
    direction: Sink (speaker)
     number of devices: 1 
     number of ASEs: 1 
     strategy: 2 
     qos->target latency: 2 
     qos->retransmission_number: 13 
     qos->max_transport_latency: 95 
     channel count: 2
  name: SingleDev_TwoChanStereoSnk_16_1_Balanced_Reliability 
    direction: Sink (speaker)
     number of devices: 1 
     number of ASEs: 1 
     strategy: 2 
     qos->target latency: 2 
     qos->retransmission_number: 0 
     qos->max_transport_latency: 0 
     channel count: 2
  name: SingleDev_TwoChanStereoSnk_16_1_2 
    direction: Sink (speaker)
     number of devices: 1 
     number of ASEs: 1 
     strategy: 2 
     qos->target latency: 2 
     qos->retransmission_number: 13 
     qos->max_transport_latency: 75 
     channel count: 2
  name: SingleDev_OneChanMonoSnk_48_4_High_Reliability 
    direction: Sink (speaker)
     number of devices: 1 
     number of ASEs: 1 
     strategy: 0 
     qos->target latency: 3 
     qos->retransmission_number: 0 
     qos->max_transport_latency: 0 
     channel count: 1
  name: SingleDev_OneChanMonoSnk_48_4_2 
    direction: Sink (speaker)
     number of devices: 1 
     number of ASEs: 1 
     strategy: 0 
     qos->target latency: 2 
     qos->retransmission_number: 13 
     qos->max_transport_latency: 100 
     channel count: 1
  name: SingleDev_OneChanMonoSnk_48_2_High_Reliability 
    direction: Sink (speaker)
     number of devices: 1 
     number of ASEs: 1 
     strategy: 0 
     qos->target latency: 3 
     qos->retransmission_number: 0 
     qos->max_transport_latency: 0 
     channel count: 1
  name: SingleDev_OneChanMonoSnk_48_2_2 
    direction: Sink (speaker)
     number of devices: 1 
     number of ASEs: 1 
     strategy: 0 
     qos->target latency: 2 
     qos->retransmission_number: 13 
     qos->max_transport_latency: 95 
     channel count: 1
  name: SingleDev_OneChanMonoSnk_48_3_High_Reliability 
    direction: Sink (speaker)
     number of devices: 1 
     number of ASEs: 1 
     strategy: 0 
     qos->target latency: 3 
     qos->retransmission_number: 0 
     qos->max_transport_latency: 0 
     channel count: 1
  name: SingleDev_OneChanMonoSnk_48_3_2 
    direction: Sink (speaker)
     number of devices: 1 
     number of ASEs: 1 
     strategy: 0 
     qos->target latency: 2 
     qos->retransmission_number: 13 
     qos->max_transport_latency: 75 
     channel count: 1
  name: SingleDev_OneChanMonoSnk_48_1_High_Reliability 
    direction: Sink (speaker)
     number of devices: 1 
     number of ASEs: 1 
     strategy: 0 
     qos->target latency: 3 
     qos->retransmission_number: 0 
     qos->max_transport_latency: 0 
     channel count: 1
  name: SingleDev_OneChanMonoSnk_48_1_2 
    direction: Sink (speaker)
     number of devices: 1 
     number of ASEs: 1 
     strategy: 0 
     qos->target latency: 2 
     qos->retransmission_number: 13 
     qos->max_transport_latency: 75 
     channel count: 1
  name: SingleDev_OneChanMonoSnk_32_2_Balanced_Reliability 
    direction: Sink (speaker)
     number of devices: 1 
     number of ASEs: 1 
     strategy: 0 
     qos->target latency: 2 
     qos->retransmission_number: 0 
     qos->max_transport_latency: 0 
     channel count: 1
  name: SingleDev_OneChanMonoSnk_32_1_Balanced_Reliability 
    direction: Sink (speaker)
     number of devices: 1 
     number of ASEs: 1 
     strategy: 0 
     qos->target latency: 2 
     qos->retransmission_number: 0 
     qos->max_transport_latency: 0 
     channel count: 1
  name: SingleDev_OneChanMonoSnk_24_2_Balanced_Reliability 
    direction: Sink (speaker)
     number of devices: 1 
     number of ASEs: 1 
     strategy: 0 
     qos->target latency: 2 
     qos->retransmission_number: 0 
     qos->max_transport_latency: 0 
     channel count: 1
  name: SingleDev_OneChanMonoSnk_24_2_2 
    direction: Sink (speaker)
     number of devices: 1 
     number of ASEs: 1 
     strategy: 0 
     qos->target latency: 2 
     qos->retransmission_number: 13 
     qos->max_transport_latency: 95 
     channel count: 1
  name: SingleDev_OneChanMonoSnk_16_2_Balanced_Reliability 
    direction: Sink (speaker)
     number of devices: 1 
     number of ASEs: 1 
     strategy: 0 
     qos->target latency: 2 
     qos->retransmission_number: 0 
     qos->max_transport_latency: 0 
     channel count: 1
  name: SingleDev_OneChanMonoSnk_16_2_2 
    direction: Sink (speaker)
     number of devices: 1 
     number of ASEs: 1 
     strategy: 0 
     qos->target latency: 2 
     qos->retransmission_number: 13 
     qos->max_transport_latency: 95 
     channel count: 1
  name: SingleDev_OneChanMonoSnk_16_1_Balanced_Reliability 
    direction: Sink (speaker)
     number of devices: 1 
     number of ASEs: 1 
     strategy: 0 
     qos->target latency: 2 
     qos->retransmission_number: 0 
     qos->max_transport_latency: 0 
     channel count: 1
  name: SingleDev_OneChanMonoSnk_16_1_2 
    direction: Sink (speaker)
     number of devices: 1 
     number of ASEs: 1 
     strategy: 0 
     qos->target latency: 2 
     qos->retransmission_number: 13 
     qos->max_transport_latency: 75 
     channel count: 1
  name: VND_DualDev_OneChanStereoSnk_48khz_100octs_High_Reliability_1 
    direction: Sink (speaker)
     number of devices: 2 
     number of ASEs: 2 
     strategy: 0 
     qos->target latency: 3 
     qos->retransmission_number: 0 
     qos->max_transport_latency: 0 
     channel count: 1
  name: VND_DualDev_OneChanStereoSnk_48khz_100octs_R15_L70_1 
    direction: Sink (speaker)
     number of devices: 2 
     number of ASEs: 2 
     strategy: 0 
     qos->target latency: 2 
     qos->retransmission_number: 15 
     qos->max_transport_latency: 70 
     channel count: 1
  name: VND_SingleDev_TwoChanStereoSnk_48khz_100octs_High_Reliability_1 
    direction: Sink (speaker)
     number of devices: 1 
     number of ASEs: 1 
     strategy: 2 
     qos->target latency: 3 
     qos->retransmission_number: 0 
     qos->max_transport_latency: 0 
     channel count: 2
  name: VND_SingleDev_TwoChanStereoSnk_48khz_100octs_R15_L70_1 
    direction: Sink (speaker)
     number of devices: 1 
     number of ASEs: 1 
     strategy: 2 
     qos->target latency: 2 
     qos->retransmission_number: 15 
     qos->max_transport_latency: 70 
     channel count: 2
  name: VND_SingleDev_OneChanStereoSnk_48khz_100octs_High_Reliability_1 
    direction: Sink (speaker)
     number of devices: 1 
     number of ASEs: 2 
     strategy: 1 
     qos->target latency: 3 
     qos->retransmission_number: 0 
     qos->max_transport_latency: 0 
     channel count: 1
  name: VND_SingleDev_OneChanStereoSnk_48khz_100octs_R15_L70_1 
    direction: Sink (speaker)
     number of devices: 1 
     number of ASEs: 2 
     strategy: 1 
     qos->target latency: 2 
     qos->retransmission_number: 15 
     qos->max_transport_latency: 70 
     channel count: 1
  name: DualDev_OneChanMonoSrc_16_2_Balanced_Reliability 
    direction: Source (mic)
     number of devices: 2 
     number of ASEs: 2 
     strategy: 0 
     qos->target latency: 2 
     qos->retransmission_number: 0 
     qos->max_transport_latency: 0 
     channel count: 1
  name: SingleDev_OneChanStereoSrc_16_2_Balanced_Reliability 
    direction: Source (mic)
     number of devices: 1 
     number of ASEs: 2 
     strategy: 1 
     qos->target latency: 2 
     qos->retransmission_number: 0 
     qos->max_transport_latency: 0 
     channel count: 1
  name: SingleDev_OneChanMonoSrc_16_2_Balanced_Reliability 
    direction: Source (mic)
     number of devices: 1 
     number of ASEs: 1 
     strategy: 0 
     qos->target latency: 2 
     qos->retransmission_number: 0 
     qos->max_transport_latency: 0 
     channel count: 1
  ----------------
   ISO Manager:
    Available credits: 22
    Controller buffer size: 310
    Num of ISO traffic callbacks: 1
    CISes:
    BISes:
  ----------------
  ----- ::le_audio -----
::le_audio  2026-08-24 14:41:33.062 Initialized le_audio history

Le Audio Broadcaster:

Volume Control Manager:
APP ID: 10
  No VC devices:


connection_manager state:
	devices attempting connection: 3
	 * xx:xx:xx:xx:6c:24: 
		apps doing background connect: 15, 16, 17, 18, 19, 20, 21, 22, 23, 24, 25, 26, 27, 28, 29, 30, 31, 32, 
		 is in the allow list: true
	 * xx:xx:xx:xx:33:f9: 
		apps doing background connect: 7, 
		 is in the allow list: true
	 * xx:xx:xx:xx:33:fa: 
		apps doing background connect: 7, 
		 is in the allow list: true

BT Quality Report Events: 
Event queue is empty.
 ----- shim::legacy::pan -----
shim::legacy::pan Connections:0 roles configured:C.N[0x5] current:...[0x0] previous:...[0x0]
shim::legacy::pan service_name_user:"Android Network User"
shim::legacy::pan service_name_nap:"Android Network Access Point"
 ----- shim::legacy::hid -----
shim::legacy::hid status:BTIF_HH_ENABLED num_devices:0
shim::legacy::hid status:BTIF_HH_ENABLED
shim::legacy::hid   0: addr:xx:xx:xx:xx:33:f9
shim::legacy::hid   1: addr:xx:xx:xx:xx:33:fa
shim::legacy::hid   2: addr:xx:xx:xx:xx:5a:35
shim::legacy::hid   3: addr:xx:xx:xx:xx:fb:77
 ----- shim::legacy::bta::dm -----
shim::legacy::bta::dm  last 44 search state transitions
shim::legacy::bta::dm    2026-08-24 14:46:02.258 state:       BTA_DM_SEARCH_IDLE event:BTA_DM_API_DISCOVER_EVT
shim::legacy::bta::dm    2026-08-24 14:46:02.433 state:   BTA_DM_DISCOVER_ACTIVE event:BTA_DM_SDP_RESULT_EVT
shim::legacy::bta::dm    2026-08-24 14:46:02.563 state:   BTA_DM_DISCOVER_ACTIVE event:BTA_DM_SDP_RESULT_EVT
shim::legacy::bta::dm    2026-08-24 14:46:02.563 state:   BTA_DM_DISCOVER_ACTIVE event:BTA_DM_DISCOVERY_RESULT_EVT
shim::legacy::bta::dm    2026-08-24 14:46:03.096 state:       BTA_DM_SEARCH_IDLE event:BTA_DM_API_DISCOVER_EVT
shim::legacy::bta::dm    2026-08-24 14:46:03.288 state:   BTA_DM_DISCOVER_ACTIVE event:BTA_DM_SDP_RESULT_EVT
shim::legacy::bta::dm    2026-08-24 14:46:03.445 state:   BTA_DM_DISCOVER_ACTIVE event:BTA_DM_SDP_RESULT_EVT
shim::legacy::bta::dm    2026-08-24 14:46:03.445 state:   BTA_DM_DISCOVER_ACTIVE event:BTA_DM_DISCOVERY_RESULT_EVT
shim::legacy::bta::dm    2026-08-24 15:38:25.284 state:       BTA_DM_SEARCH_IDLE event:BTA_DM_API_DISCOVER_EVT
shim::legacy::bta::dm    2026-08-24 15:38:25.427 state:   BTA_DM_DISCOVER_ACTIVE event:BTA_DM_SDP_RESULT_EVT
shim::legacy::bta::dm    2026-08-24 15:38:25.637 state:   BTA_DM_DISCOVER_ACTIVE event:BTA_DM_SDP_RESULT_EVT
shim::legacy::bta::dm    2026-08-24 15:38:25.638 state:   BTA_DM_DISCOVER_ACTIVE event:BTA_DM_DISCOVERY_RESULT_EVT
shim::legacy::bta::dm    2026-08-24 15:38:26.170 state:       BTA_DM_SEARCH_IDLE event:BTA_DM_API_DISCOVER_EVT
shim::legacy::bta::dm    2026-08-24 15:38:26.414 state:   BTA_DM_DISCOVER_ACTIVE event:BTA_DM_SDP_RESULT_EVT
shim::legacy::bta::dm    2026-08-24 15:38:26.659 state:   BTA_DM_DISCOVER_ACTIVE event:BTA_DM_SDP_RESULT_EVT
shim::legacy::bta::dm    2026-08-24 15:38:26.660 state:   BTA_DM_DISCOVER_ACTIVE event:BTA_DM_DISCOVERY_RESULT_EVT
shim::legacy::bta::dm    2026-08-24 15:56:55.907 state:       BTA_DM_SEARCH_IDLE event:BTA_DM_API_DISCOVER_EVT
shim::legacy::bta::dm    2026-08-24 15:56:56.082 state:   BTA_DM_DISCOVER_ACTIVE event:BTA_DM_SDP_RESULT_EVT
shim::legacy::bta::dm    2026-08-24 15:56:56.303 state:   BTA_DM_DISCOVER_ACTIVE event:BTA_DM_SDP_RESULT_EVT
shim::legacy::bta::dm    2026-08-24 15:56:56.304 state:   BTA_DM_DISCOVER_ACTIVE event:BTA_DM_DISCOVERY_RESULT_EVT
shim::legacy::bta::dm    2026-08-24 16:43:07.723 state:       BTA_DM_SEARCH_IDLE event:BTA_DM_API_DISCOVER_EVT
shim::legacy::bta::dm    2026-08-24 16:43:07.807 state:   BTA_DM_DISCOVER_ACTIVE event:BTA_DM_SDP_RESULT_EVT
shim::legacy::bta::dm    2026-08-24 16:43:07.882 state:   BTA_DM_DISCOVER_ACTIVE event:BTA_DM_SDP_RESULT_EVT
shim::legacy::bta::dm    2026-08-24 16:43:07.885 state:   BTA_DM_DISCOVER_ACTIVE event:BTA_DM_DISCOVERY_RESULT_EVT
shim::legacy::bta::dm    2026-08-24 16:59:44.186 state:       BTA_DM_SEARCH_IDLE event:BTA_DM_API_DISCOVER_EVT
shim::legacy::bta::dm    2026-08-24 16:59:44.262 state:   BTA_DM_DISCOVER_ACTIVE event:BTA_DM_SDP_RESULT_EVT
shim::legacy::bta::dm    2026-08-24 16:59:44.323 state:   BTA_DM_DISCOVER_ACTIVE event:BTA_DM_SDP_RESULT_EVT
shim::legacy::bta::dm    2026-08-24 16:59:44.326 state:   BTA_DM_DISCOVER_ACTIVE event:BTA_DM_DISCOVERY_RESULT_EVT
shim::legacy::bta::dm    2026-08-24 17:13:58.031 state:       BTA_DM_SEARCH_IDLE event:BTA_DM_API_DISCOVER_EVT
shim::legacy::bta::dm    2026-08-24 17:13:58.114 state:   BTA_DM_DISCOVER_ACTIVE event:BTA_DM_SDP_RESULT_EVT
shim::legacy::bta::dm    2026-08-24 17:13:58.169 state:   BTA_DM_DISCOVER_ACTIVE event:BTA_DM_SDP_RESULT_EVT
shim::legacy::bta::dm    2026-08-24 17:13:58.172 state:   BTA_DM_DISCOVER_ACTIVE event:BTA_DM_DISCOVERY_RESULT_EVT
shim::legacy::bta::dm    2026-08-24 17:16:39.280 state:       BTA_DM_SEARCH_IDLE event:BTA_DM_API_DISCOVER_EVT
shim::legacy::bta::dm    2026-08-24 17:16:39.357 state:   BTA_DM_DISCOVER_ACTIVE event:BTA_DM_SDP_RESULT_EVT
shim::legacy::bta::dm    2026-08-24 17:16:39.409 state:   BTA_DM_DISCOVER_ACTIVE event:BTA_DM_SDP_RESULT_EVT
shim::legacy::bta::dm    2026-08-24 17:16:39.411 state:   BTA_DM_DISCOVER_ACTIVE event:BTA_DM_DISCOVERY_RESULT_EVT
shim::legacy::bta::dm    2026-08-24 17:19:18.906 state:       BTA_DM_SEARCH_IDLE event:BTA_DM_API_DISCOVER_EVT
shim::legacy::bta::dm    2026-08-24 17:19:19.001 state:   BTA_DM_DISCOVER_ACTIVE event:BTA_DM_SDP_RESULT_EVT
shim::legacy::bta::dm    2026-08-24 17:19:19.053 state:   BTA_DM_DISCOVER_ACTIVE event:BTA_DM_SDP_RESULT_EVT
shim::legacy::bta::dm    2026-08-24 17:19:19.054 state:   BTA_DM_DISCOVER_ACTIVE event:BTA_DM_DISCOVERY_RESULT_EVT
shim::legacy::bta::dm    2026-08-24 17:44:06.093 state:       BTA_DM_SEARCH_IDLE event:BTA_DM_API_DISCOVER_EVT
shim::legacy::bta::dm    2026-08-24 17:44:06.181 state:   BTA_DM_DISCOVER_ACTIVE event:BTA_DM_SDP_RESULT_EVT
shim::legacy::bta::dm    2026-08-24 17:44:06.260 state:   BTA_DM_DISCOVER_ACTIVE event:BTA_DM_SDP_RESULT_EVT
shim::legacy::bta::dm    2026-08-24 17:44:06.267 state:   BTA_DM_DISCOVER_ACTIVE event:BTA_DM_DISCOVERY_RESULT_EVT
shim::legacy::bta::dm  current bta_dm_search_state:BTA_DM_SEARCH_IDLE
shim::legacy::bta::dm  last 50 gatt history entries
shim::legacy::bta::dm    2026-08-24 15:45:18.042 GATTC_EventCallback              event:BTA_GATTC_PHY_UPDATE_EVT
shim::legacy::bta::dm    2026-08-24 15:45:31.482 GATTC_EventCallback              event:BTA_GATTC_PHY_UPDATE_EVT
shim::legacy::bta::dm    2026-08-24 15:46:13.844 GATTC_EventCallback              event:BTA_GATTC_PHY_UPDATE_EVT
shim::legacy::bta::dm    2026-08-24 15:46:32.193 GATTC_EventCallback              event:BTA_GATTC_CONN_UPDATE_EVT
shim::legacy::bta::dm    2026-08-24 15:48:01.229 GATTC_EventCallback              event:BTA_GATTC_PHY_UPDATE_EVT
shim::legacy::bta::dm    2026-08-24 15:54:40.837 GATTC_EventCallback              event:BTA_GATTC_PHY_UPDATE_EVT
shim::legacy::bta::dm    2026-08-24 15:54:44.090 GATTC_EventCallback              event:BTA_GATTC_CONN_UPDATE_EVT
shim::legacy::bta::dm    2026-08-24 15:55:02.750 GATTC_EventCallback              event:BTA_GATTC_CONN_UPDATE_EVT
shim::legacy::bta::dm    2026-08-24 15:55:16.430 GATTC_EventCallback              event:BTA_GATTC_PHY_UPDATE_EVT
shim::legacy::bta::dm    2026-08-24 15:56:56.305 GATTC_CancelOpen                 bd_addr:xx:xx:xx:xx:6c:24 client_if:0 is_direct:T
shim::legacy::bta::dm    2026-08-24 15:58:04.914 GATTC_EventCallback              event:BTA_GATTC_PHY_UPDATE_EVT
shim::legacy::bta::dm    2026-08-24 15:58:28.911 GATTC_EventCallback              event:BTA_GATTC_PHY_UPDATE_EVT
shim::legacy::bta::dm    2026-08-24 16:02:34.075 GATTC_EventCallback              event:BTA_GATTC_CONN_UPDATE_EVT
shim::legacy::bta::dm    2026-08-24 16:02:50.275 GATTC_EventCallback              event:BTA_GATTC_PHY_UPDATE_EVT
shim::legacy::bta::dm    2026-08-24 16:09:03.852 GATTC_EventCallback              event:BTA_GATTC_PHY_UPDATE_EVT
shim::legacy::bta::dm    2026-08-24 16:09:37.081 GATTC_EventCallback              event:BTA_GATTC_PHY_UPDATE_EVT
shim::legacy::bta::dm    2026-08-24 16:09:52.333 GATTC_EventCallback              event:BTA_GATTC_CONN_UPDATE_EVT
shim::legacy::bta::dm    2026-08-24 16:10:04.196 GATTC_EventCallback              event:BTA_GATTC_CONN_UPDATE_EVT
shim::legacy::bta::dm    2026-08-24 16:15:14.286 GATTC_EventCallback              event:BTA_GATTC_PHY_UPDATE_EVT
shim::legacy::bta::dm    2026-08-24 16:15:28.204 GATTC_EventCallback              event:BTA_GATTC_PHY_UPDATE_EVT
shim::legacy::bta::dm    2026-08-24 16:16:36.750 GATTC_EventCallback              event:BTA_GATTC_CONN_UPDATE_EVT
shim::legacy::bta::dm    2026-08-24 16:16:48.026 GATTC_EventCallback              event:BTA_GATTC_CONN_UPDATE_EVT
shim::legacy::bta::dm    2026-08-24 16:17:48.672 GATTC_EventCallback              event:BTA_GATTC_CONN_UPDATE_EVT
shim::legacy::bta::dm    2026-08-24 16:18:38.711 GATTC_EventCallback              event:BTA_GATTC_PHY_UPDATE_EVT
shim::legacy::bta::dm    2026-08-24 16:23:07.876 GATTC_EventCallback              event:BTA_GATTC_PHY_UPDATE_EVT
shim::legacy::bta::dm    2026-08-24 16:23:19.877 GATTC_EventCallback              event:BTA_GATTC_PHY_UPDATE_EVT
shim::legacy::bta::dm    2026-08-24 16:24:58.638 GATTC_EventCallback              event:BTA_GATTC_PHY_UPDATE_EVT
shim::legacy::bta::dm    2026-08-24 16:25:02.248 GATTC_EventCallback              event:BTA_GATTC_CONN_UPDATE_EVT
shim::legacy::bta::dm    2026-08-24 16:25:03.718 GATTC_EventCallback              event:BTA_GATTC_PHY_UPDATE_EVT
shim::legacy::bta::dm    2026-08-24 16:25:18.181 GATTC_EventCallback              event:BTA_GATTC_CONN_UPDATE_EVT
shim::legacy::bta::dm    2026-08-24 16:39:59.959 GATTC_EventCallback              event:BTA_GATTC_PHY_UPDATE_EVT
shim::legacy::bta::dm    2026-08-24 16:40:09.100 GATTC_EventCallback              event:BTA_GATTC_CONN_UPDATE_EVT
shim::legacy::bta::dm    2026-08-24 16:40:12.730 GATTC_EventCallback              event:BTA_GATTC_PHY_UPDATE_EVT
shim::legacy::bta::dm    2026-08-24 16:40:17.652 GATTC_EventCallback              event:BTA_GATTC_PHY_UPDATE_EVT
shim::legacy::bta::dm    2026-08-24 16:40:19.727 GATTC_EventCallback              event:BTA_GATTC_CONN_UPDATE_EVT
shim::legacy::bta::dm    2026-08-24 16:40:34.365 GATTC_EventCallback              event:BTA_GATTC_PHY_UPDATE_EVT
shim::legacy::bta::dm    2026-08-24 16:40:41.232 GATTC_EventCallback              event:BTA_GATTC_CONN_UPDATE_EVT
shim::legacy::bta::dm    2026-08-24 16:40:52.280 GATTC_EventCallback              event:BTA_GATTC_CONN_UPDATE_EVT
shim::legacy::bta::dm    2026-08-24 16:43:07.885 GATTC_CancelOpen                 bd_addr:xx:xx:xx:xx:6c:24 client_if:0 is_direct:T
shim::legacy::bta::dm    2026-08-24 16:49:50.728 GATTC_EventCallback              event:BTA_GATTC_PHY_UPDATE_EVT
shim::legacy::bta::dm    2026-08-24 16:50:38.492 GATTC_EventCallback              event:BTA_GATTC_PHY_UPDATE_EVT
shim::legacy::bta::dm    2026-08-24 16:50:55.993 GATTC_EventCallback              event:BTA_GATTC_PHY_UPDATE_EVT
shim::legacy::bta::dm    2026-08-24 16:51:00.832 GATTC_EventCallback              event:BTA_GATTC_CONN_UPDATE_EVT
shim::legacy::bta::dm    2026-08-24 16:53:17.871 GATTC_EventCallback              event:BTA_GATTC_PHY_UPDATE_EVT
shim::legacy::bta::dm    2026-08-24 16:59:44.327 GATTC_CancelOpen                 bd_addr:xx:xx:xx:xx:6c:24 client_if:0 is_direct:T
shim::legacy::bta::dm    2026-08-24 17:13:58.173 GATTC_CancelOpen                 bd_addr:xx:xx:xx:xx:6c:24 client_if:0 is_direct:T
shim::legacy::bta::dm    2026-08-24 17:16:39.411 GATTC_CancelOpen                 bd_addr:xx:xx:xx:xx:6c:24 client_if:0 is_direct:T
shim::legacy::bta::dm    2026-08-24 17:19:19.054 GATTC_CancelOpen                 bd_addr:xx:xx:xx:xx:6c:24 client_if:0 is_direct:T
shim::legacy::bta::dm    2026-08-24 17:44:06.268 GATTC_CancelOpen                 bd_addr:xx:xx:xx:xx:6c:24 client_if:0 is_direct:T
shim::legacy::bta::dm    2026-08-24 18:08:33.226 GATTC_Refresh                    bd_addr:xx:xx:xx:xx:73:de
shim::legacy::dumpsys Dumping shim legacy targets:1
 ----- shim::legacy::record -----
shim::legacy::record 001 xx:xx:xx:xx:cc:19 BR_EDR cod:0x001f00 remote_info:UNKNOWN        sm4:0x00 SecureConn:F name:""
shim::legacy::record 002 xx:xx:xx:xx:04:5c BR_EDR cod:0x001f00 remote_info:UNKNOWN        sm4:0x00 SecureConn:F name:""
shim::legacy::record 003 xx:xx:xx:xx:d1:ea BR_EDR cod:0x048424 remote_info:UNKNOWN        sm4:0x00 SecureConn:F name:""
shim::legacy::record 004 xx:xx:xx:xx:33:f9    BLE cod:0x000000 remote_info:UNKNOWN        sm4:0x00 SecureConn:F name:""
shim::legacy::record 005 xx:xx:xx:xx:33:fa    BLE cod:0x000000 remote_info:UNKNOWN        sm4:0x00 SecureConn:F name:""
shim::legacy::record 006 xx:xx:xx:xx:5a:35 BR_EDR cod:0x402500 remote_info:UNKNOWN        sm4:0x00 SecureConn:F name:""
shim::legacy::record 007 xx:xx:xx:xx:d7:f4 BR_EDR cod:0x040424 remote_info:UNKNOWN        sm4:0x00 SecureConn:F name:""
shim::legacy::record 008 xx:xx:xx:xx:58:7d    BLE cod:0x000000 remote_info:10-00277-02476 sm4:0x00 SecureConn:F name:""
shim::legacy::record 009 xx:xx:xx:xx:6d:44    BLE cod:0x000000 remote_info:UNKNOWN        sm4:0x00 SecureConn:F name:""
shim::legacy::record 010 xx:xx:xx:xx:e3:08 BR_EDR cod:0x001f00 remote_info:UNKNOWN        sm4:0x00 SecureConn:F name:""
shim::legacy::record 011 xx:xx:xx:xx:c8:a6 BR_EDR cod:0x180424 remote_info:UNKNOWN        sm4:0x00 SecureConn:F name:""
shim::legacy::record 012 xx:xx:xx:xx:be:04   DUAL cod:0x080434 remote_info:UNKNOWN        sm4:0x00 SecureConn:F name:""
shim::legacy::record 013 xx:xx:xx:xx:af:12 BR_EDR cod:0x080436 remote_info:UNKNOWN        sm4:0x00 SecureConn:F name:""
shim::legacy::record 014 xx:xx:xx:xx:fb:77 BR_EDR cod:0x040424 remote_info:UNKNOWN        sm4:0x00 SecureConn:F name:""
shim::legacy::record 015 xx:xx:xx:xx:8d:51   DUAL cod:0x080468 remote_info:07-08713-00015 sm4:0x11 SecureConn:T name:""
shim::legacy::record 016 xx:xx:xx:xx:6c:24 BR_EDR cod:0x080468 remote_info:13-34657-00093 sm4:0x11 SecureConn:T name:"larkbridge #2"
shim::legacy::record 017 xx:xx:xx:xx:73:de BR_EDR cod:0x048424 remote_info:12-00003-02566 sm4:0x11 SecureConn:F name:"Soundcore Space A40"
shim::legacy::stack Stack information ᛒᚼ
shim::legacy::stack Classic inquiry:disabled
shim::legacy::stack Le scan:enabled duration_s:2552.976 results:2951
shim::legacy::stack Last 0 inquiry scans:
 ----- shim::legacy::acl -----
shim::acl peer:xx:xx:xx:xx:6c:24 handle:0x0005 is_locally_initiated:false creation_time:2026-08-24 17:55:35.847 teardown_time:2026-08-24 17:55:38.476 disconnect_reason:REMOTE_USER_TERMINATED_CONNECTION
shim::acl peer:xx:xx:xx:xx:6c:24 handle:0x0006 is_locally_initiated:false creation_time:2026-08-24 17:55:43.533 teardown_time:2026-08-24 17:55:46.157 disconnect_reason:REMOTE_USER_TERMINATED_CONNECTION
shim::acl peer:xx:xx:xx:xx:6c:24 handle:0x0008 is_locally_initiated:false creation_time:2026-08-24 17:55:50.569 teardown_time:2026-08-24 17:55:53.126 disconnect_reason:REMOTE_USER_TERMINATED_CONNECTION
shim::acl peer:xx:xx:xx:xx:6c:24 handle:0x0009 is_locally_initiated:false creation_time:2026-08-24 17:55:56.323 teardown_time:2026-08-24 17:55:58.978 disconnect_reason:REMOTE_USER_TERMINATED_CONNECTION
shim::acl peer:xx:xx:xx:xx:6c:24 handle:0x000a is_locally_initiated:false creation_time:2026-08-24 17:56:02.084 teardown_time:2026-08-24 17:56:04.662 disconnect_reason:REMOTE_USER_TERMINATED_CONNECTION
shim::acl peer:xx:xx:xx:xx:6c:24 handle:0x000b is_locally_initiated:false creation_time:2026-08-24 17:56:07.854 teardown_time:2026-08-24 17:56:10.471 disconnect_reason:REMOTE_USER_TERMINATED_CONNECTION
shim::acl peer:xx:xx:xx:xx:6c:24 handle:0x000c is_locally_initiated:false creation_time:2026-08-24 17:56:14.258 teardown_time:2026-08-24 17:56:16.935 disconnect_reason:REMOTE_USER_TERMINATED_CONNECTION
shim::acl peer:xx:xx:xx:xx:6c:24 handle:0x000d is_locally_initiated:false creation_time:2026-08-24 17:56:20.649 teardown_time:2026-08-24 17:56:23.300 disconnect_reason:REMOTE_USER_TERMINATED_CONNECTION
shim::acl peer:xx:xx:xx:xx:6c:24 handle:0x000e is_locally_initiated:false creation_time:2026-08-24 17:56:26.397 teardown_time:2026-08-24 17:56:28.943 disconnect_reason:REMOTE_USER_TERMINATED_CONNECTION
shim::acl peer:xx:xx:xx:xx:6c:24 handle:0x000f is_locally_initiated:false creation_time:2026-08-24 17:56:33.444 teardown_time:2026-08-24 17:56:36.112 disconnect_reason:REMOTE_USER_TERMINATED_CONNECTION
shim::acl peer:xx:xx:xx:xx:6c:24 handle:0x0010 is_locally_initiated:false creation_time:2026-08-24 17:56:40.499 teardown_time:2026-08-24 17:56:43.056 disconnect_reason:REMOTE_USER_TERMINATED_CONNECTION
shim::acl peer:xx:xx:xx:xx:6c:24 handle:0x0011 is_locally_initiated:false creation_time:2026-08-24 17:56:46.243 teardown_time:2026-08-24 17:56:48.873 disconnect_reason:REMOTE_USER_TERMINATED_CONNECTION
shim::acl peer:xx:xx:xx:xx:6c:24 handle:0x0013 is_locally_initiated:false creation_time:2026-08-24 17:56:52.639 teardown_time:2026-08-24 17:56:55.134 disconnect_reason:REMOTE_USER_TERMINATED_CONNECTION
shim::acl peer:xx:xx:xx:xx:6c:24 handle:0x0014 is_locally_initiated:false creation_time:2026-08-24 17:56:59.046 teardown_time:2026-08-24 17:57:01.767 disconnect_reason:REMOTE_USER_TERMINATED_CONNECTION
shim::acl peer:xx:xx:xx:xx:6c:24 handle:0x0015 is_locally_initiated:false creation_time:2026-08-24 17:57:05.441 teardown_time:2026-08-24 17:57:08.070 disconnect_reason:REMOTE_USER_TERMINATED_CONNECTION
shim::acl peer:xx:xx:xx:xx:6c:24 handle:0x0016 is_locally_initiated:false creation_time:2026-08-24 17:57:11.856 teardown_time:2026-08-24 17:57:14.574 disconnect_reason:REMOTE_USER_TERMINATED_CONNECTION
shim::acl peer:xx:xx:xx:xx:6c:24 handle:0x0001 is_locally_initiated:false creation_time:2026-08-24 17:57:18.895 teardown_time:2026-08-24 17:57:21.447 disconnect_reason:REMOTE_USER_TERMINATED_CONNECTION
shim::acl peer:xx:xx:xx:xx:6c:24 handle:0x0003 is_locally_initiated:false creation_time:2026-08-24 17:57:24.642 teardown_time:2026-08-24 17:57:27.370 disconnect_reason:REMOTE_USER_TERMINATED_CONNECTION
shim::acl peer:xx:xx:xx:xx:6c:24 handle:0x0004 is_locally_initiated:false creation_time:2026-08-24 17:57:31.043 teardown_time:2026-08-24 17:57:33.661 disconnect_reason:REMOTE_USER_TERMINATED_CONNECTION
shim::acl peer:xx:xx:xx:xx:6c:24 handle:0x0005 is_locally_initiated:false creation_time:2026-08-24 17:57:37.447 teardown_time:2026-08-24 17:57:40.132 disconnect_reason:REMOTE_USER_TERMINATED_CONNECTION
shim::acl peer:xx:xx:xx:xx:6c:24 handle:0x0006 is_locally_initiated:false creation_time:2026-08-24 17:57:43.291 teardown_time:2026-08-24 17:57:45.892 disconnect_reason:REMOTE_USER_TERMINATED_CONNECTION
shim::acl peer:xx:xx:xx:xx:6c:24 handle:0x0008 is_locally_initiated:false creation_time:2026-08-24 17:57:51.537 teardown_time:2026-08-24 17:57:54.020 disconnect_reason:REMOTE_USER_TERMINATED_CONNECTION
shim::acl peer:xx:xx:xx:xx:6c:24 handle:0x0009 is_locally_initiated:false creation_time:2026-08-24 17:57:57.938 teardown_time:2026-08-24 17:58:00.584 disconnect_reason:REMOTE_USER_TERMINATED_CONNECTION
shim::acl peer:xx:xx:xx:xx:6c:24 handle:0x000a is_locally_initiated:false creation_time:2026-08-24 17:58:04.326 teardown_time:2026-08-24 17:58:06.960 disconnect_reason:REMOTE_USER_TERMINATED_CONNECTION
shim::acl peer:xx:xx:xx:xx:6c:24 handle:0x000b is_locally_initiated:false creation_time:2026-08-24 17:58:11.367 teardown_time:2026-08-24 17:58:13.909 disconnect_reason:REMOTE_USER_TERMINATED_CONNECTION
shim::acl peer:xx:xx:xx:xx:6c:24 handle:0x000c is_locally_initiated:false creation_time:2026-08-24 17:58:18.404 teardown_time:2026-08-24 17:58:20.912 disconnect_reason:REMOTE_USER_TERMINATED_CONNECTION
shim::acl peer:xx:xx:xx:xx:6c:24 handle:0x000d is_locally_initiated:false creation_time:2026-08-24 17:58:24.167 teardown_time:2026-08-24 17:58:26.676 disconnect_reason:REMOTE_USER_TERMINATED_CONNECTION
shim::acl peer:xx:xx:xx:xx:6c:24 handle:0x000e is_locally_initiated:false creation_time:2026-08-24 17:58:31.215 teardown_time:2026-08-24 17:58:33.798 disconnect_reason:REMOTE_USER_TERMINATED_CONNECTION
shim::acl peer:xx:xx:xx:xx:6c:24 handle:0x000f is_locally_initiated:false creation_time:2026-08-24 17:58:38.900 teardown_time:2026-08-24 17:58:41.548 disconnect_reason:REMOTE_USER_TERMINATED_CONNECTION
shim::acl peer:xx:xx:xx:xx:6c:24 handle:0x0010 is_locally_initiated:false creation_time:2026-08-24 17:58:45.291 teardown_time:2026-08-24 17:58:47.775 disconnect_reason:REMOTE_USER_TERMINATED_CONNECTION
shim::acl peer:xx:xx:xx:xx:6c:24 handle:0x0011 is_locally_initiated:false creation_time:2026-08-24 17:58:51.674 teardown_time:2026-08-24 17:58:54.248 disconnect_reason:REMOTE_USER_TERMINATED_CONNECTION
shim::acl peer:xx:xx:xx:xx:6c:24 handle:0x0013 is_locally_initiated:false creation_time:2026-08-24 17:58:57.488 teardown_time:2026-08-24 17:58:59.985 disconnect_reason:REMOTE_USER_TERMINATED_CONNECTION
shim::acl peer:xx:xx:xx:xx:6c:24 handle:0x0014 is_locally_initiated:false creation_time:2026-08-24 18:06:47.858 teardown_time:2026-08-24 18:06:50.427 disconnect_reason:REMOTE_USER_TERMINATED_CONNECTION
shim::acl peer:xx:xx:xx:xx:6c:24 handle:0x0001 is_locally_initiated:false creation_time:2026-08-24 18:07:15.373 teardown_time:2026-08-24 18:07:18.118 disconnect_reason:REMOTE_USER_TERMINATED_CONNECTION
shim::acl peer:xx:xx:xx:xx:73:de handle:0x0003 is_locally_initiated:false creation_time:2026-08-24 18:08:20.661 teardown_time:2026-08-24 18:08:33.215 disconnect_reason:CONNECTION_TERMINATED_BY_LOCAL_HOST
shim::acl peer:xx:xx:xx:xx:73:de handle:0x0004 is_locally_initiated:false creation_time:2026-08-24 18:08:50.162 teardown_time:2026-08-24 18:08:50.442 disconnect_reason:AUTHENTICATION_FAILURE
shim::acl peer:xx:xx:xx:xx:6c:24 handle:0x0005 is_locally_initiated:false creation_time:2026-08-24 18:22:45.332 teardown_time:2026-08-24 18:22:48.092 disconnect_reason:REMOTE_USER_TERMINATED_CONNECTION
shim::acl peer:xx:xx:xx:xx:6c:24 handle:0x0008 is_locally_initiated:false creation_time:2026-08-24 18:23:24.985 teardown_time:2026-08-24 18:23:27.755 disconnect_reason:REMOTE_USER_TERMINATED_CONNECTION
shim::acl peer:xx:xx:xx:xx:6c:24 handle:0x0009 is_locally_initiated:false creation_time:2026-08-24 18:49:24.066 teardown_time:2026-08-24 18:49:26.557 disconnect_reason:REMOTE_USER_TERMINATED_CONNECTION
shim::acl peer:xx:xx:xx:xx:6c:24 handle:0x000c is_locally_initiated:false creation_time:2026-08-24 18:50:07.569 teardown_time:2026-08-24 18:50:10.113 disconnect_reason:REMOTE_USER_TERMINATED_CONNECTION
shim::acl Classic sources of initiated disconnects
shim::acl   stack::l2cap::l2c_utils::l2cu_no_dynamic_ccbs Idle timer popped:4
shim::acl   stack::l2cap::l2c_link::l2c_link_timeout All channels closed:2
shim::acl   stack::acl::btm_acl::btm_remove_acl:1
shim::acl   stack::btm::btm_sec::btm_simple_pair_complete Auth fail:1
shim::acl Shadow le accept list              size:3   controller_max_size:128
shim::acl   001 xx:xx:xx:xx:33:f9[RANDOM]
shim::acl   002 xx:xx:xx:xx:33:fa[RANDOM]
shim::acl   003 xx:xx:xx:xx:6c:24[PUBLIC]
shim::acl Shadow le address resolution list  size:5   controller_max_size:32
shim::acl   001 e2:90:f0:da:33:f9[RANDOM_DEVICE_ADDRESS]
shim::acl   002 e2:90:f0:da:33:fa[RANDOM_DEVICE_ADDRESS]
shim::acl   003 c9:0f:4d:56:58:7d[PUBLIC_DEVICE_ADDRESS]
shim::acl   004 c5:83:db:43:6d:44[RANDOM_DEVICE_ADDRESS]
shim::acl   005 6c:1d:eb:d7:be:04[PUBLIC_DEVICE_ADDRESS]
shim::legacy::acl remote_addr:xx:xx:xx:xx:8d:51 handle:0x0002 transport:BT_TRANSPORT_BR_EDR
shim::legacy::acl     link_up_issued: true
shim::legacy::acl     flush_timeout:0x0000
shim::legacy::acl     link_supervision_timeout:5.000 sec
shim::legacy::acl     disconnect_reason:0x00
shim::legacy::acl     peer_lmp_features[0] valid:true data:0xbf 0xfe 0xcf 0xfe 0xdb 0xff 0x7b 0x87 
shim::legacy::acl     peer_lmp_features[1] valid:true data:0x0b 0x00 0x00 0x00 0x00 0x00 0x00 0x00 
shim::legacy::acl     peer_lmp_features[2] valid:true data:0x13 0x03 0x00 0x00 0x00 0x00 0x00 0x00 
shim::legacy::acl     [classic] link_policy:0x0x0007 : role_switch  hold_mode  sniff_mode 
shim::legacy::acl     [classic] sniff_subrating:true
shim::legacy::acl     pkt_types_mask:0xcc18
shim::legacy::acl     role:central
 ----- shim::legacy::l2cap -----
shim::legacy::l2cap link_state:LST_CONNECTED
shim::legacy::l2cap handle:0x0002
shim::legacy::l2cap   active channel lcid:0x004a rcid:0x0042 is_ecoc:false in_use:true
 ----- shim::legacy::btm -----
shim::legacy::btm  2026-08-24 18:08:28.468 API    Get connection state     : xx:xx:xx:xx:5a:35 connected:F classic_encrypted:F le_encrypted:F
shim::legacy::btm  2026-08-24 18:08:28.469 API    Get connection state     : xx:xx:xx:xx:fb:77 connected:F classic_encrypted:F le_encrypted:F
shim::legacy::btm  2026-08-24 18:08:28.469 API    Get connection state     : xx:xx:xx:xx:73:de connected:T classic_encrypted:T le_encrypted:F
shim::legacy::btm  2026-08-24 18:08:28.471 API    Get connection state     : xx:xx:xx:xx:be:04 connected:F classic_encrypted:F le_encrypted:F
shim::legacy::btm  2026-08-24 18:08:28.471 API    Get connection state     : xx:xx:xx:xx:cc:19 connected:F classic_encrypted:F le_encrypted:F
shim::legacy::btm  2026-08-24 18:08:28.473 API    Get connection state     : xx:xx:xx:xx:e3:08 connected:F classic_encrypted:F le_encrypted:F
shim::legacy::btm  2026-08-24 18:08:28.474 API    Get connection state     : xx:xx:xx:xx:30:27 connected:F classic_encrypted:F le_encrypted:F
shim::legacy::btm  2026-08-24 18:08:28.475 API    Get connection state     : xx:xx:xx:xx:04:5c connected:F classic_encrypted:F le_encrypted:F
shim::legacy::btm  2026-08-24 18:08:28.535 API    Get connection state     : xx:xx:xx:xx:8d:51 connected:T classic_encrypted:T le_encrypted:F
shim::legacy::btm  2026-08-24 18:08:28.542 API    Get connection state     : xx:xx:xx:xx:33:f9 connected:F classic_encrypted:F le_encrypted:F
shim::legacy::btm  2026-08-24 18:08:28.548 API    Get connection state     : xx:xx:xx:xx:d7:f4 connected:F classic_encrypted:F le_encrypted:F
shim::legacy::btm  2026-08-24 18:08:28.549 API    Get connection state     : xx:xx:xx:xx:af:12 connected:F classic_encrypted:F le_encrypted:F
shim::legacy::btm  2026-08-24 18:08:28.550 API    Get connection state     : xx:xx:xx:xx:d1:ea connected:F classic_encrypted:F le_encrypted:F
shim::legacy::btm  2026-08-24 18:08:28.550 API    Get connection state     : xx:xx:xx:xx:6d:44 connected:F classic_encrypted:F le_encrypted:F
shim::legacy::btm  2026-08-24 18:08:28.551 API    Get connection state     : xx:xx:xx:xx:33:fa connected:F classic_encrypted:F le_encrypted:F
shim::legacy::btm  2026-08-24 18:08:28.551 API    Get connection state     : xx:xx:xx:xx:c8:a6 connected:F classic_encrypted:F le_encrypted:F
shim::legacy::btm  2026-08-24 18:08:28.552 API    Get connection state     : xx:xx:xx:xx:5a:35 connected:F classic_encrypted:F le_encrypted:F
shim::legacy::btm  2026-08-24 18:08:28.553 API    Get connection state     : xx:xx:xx:xx:fb:77 connected:F classic_encrypted:F le_encrypted:F
shim::legacy::btm  2026-08-24 18:08:28.553 API    Get connection state     : xx:xx:xx:xx:73:de connected:T classic_encrypted:T le_encrypted:F
shim::legacy::btm  2026-08-24 18:08:28.555 API    Get connection state     : xx:xx:xx:xx:be:04 connected:F classic_encrypted:F le_encrypted:F
shim::legacy::btm  2026-08-24 18:08:28.556 API    Get connection state     : xx:xx:xx:xx:cc:19 connected:F classic_encrypted:F le_encrypted:F
shim::legacy::btm  2026-08-24 18:08:28.557 API    Get connection state     : xx:xx:xx:xx:e3:08 connected:F classic_encrypted:F le_encrypted:F
shim::legacy::btm  2026-08-24 18:08:28.558 API    Get connection state     : xx:xx:xx:xx:30:27 connected:F classic_encrypted:F le_encrypted:F
shim::legacy::btm  2026-08-24 18:08:28.559 API    Get connection state     : xx:xx:xx:xx:04:5c connected:F classic_encrypted:F le_encrypted:F
shim::legacy::btm  2026-08-24 18:08:28.560 API    Get connection state     : xx:xx:xx:xx:8d:51 connected:T classic_encrypted:T le_encrypted:F
shim::legacy::btm  2026-08-24 18:08:28.562 API    Get connection state     : xx:xx:xx:xx:33:f9 connected:F classic_encrypted:F le_encrypted:F
shim::legacy::btm  2026-08-24 18:08:28.563 API    Get connection state     : xx:xx:xx:xx:d7:f4 connected:F classic_encrypted:F le_encrypted:F
shim::legacy::btm  2026-08-24 18:08:28.564 API    Get connection state     : xx:xx:xx:xx:af:12 connected:F classic_encrypted:F le_encrypted:F
shim::legacy::btm  2026-08-24 18:08:28.565 API    Get connection state     : xx:xx:xx:xx:d1:ea connected:F classic_encrypted:F le_encrypted:F
shim::legacy::btm  2026-08-24 18:08:28.567 API    Get connection state     : xx:xx:xx:xx:6d:44 connected:F classic_encrypted:F le_encrypted:F
shim::legacy::btm  2026-08-24 18:08:28.568 API    Get connection state     : xx:xx:xx:xx:33:fa connected:F classic_encrypted:F le_encrypted:F
shim::legacy::btm  2026-08-24 18:08:28.569 API    Get connection state     : xx:xx:xx:xx:c8:a6 connected:F classic_encrypted:F le_encrypted:F
shim::legacy::btm  2026-08-24 18:08:28.570 API    Get connection state     : xx:xx:xx:xx:5a:35 connected:F classic_encrypted:F le_encrypted:F
shim::legacy::btm  2026-08-24 18:08:28.571 API    Get connection state     : xx:xx:xx:xx:fb:77 connected:F classic_encrypted:F le_encrypted:F
shim::legacy::btm  2026-08-24 18:08:28.571 API    Get connection state     : xx:xx:xx:xx:73:de connected:T classic_encrypted:T le_encrypted:F
shim::legacy::btm  2026-08-24 18:08:28.574 API    Get connection state     : xx:xx:xx:xx:be:04 connected:F classic_encrypted:F le_encrypted:F
shim::legacy::btm  2026-08-24 18:08:28.574 API    Get connection state     : xx:xx:xx:xx:cc:19 connected:F classic_encrypted:F le_encrypted:F
shim::legacy::btm  2026-08-24 18:08:28.575 API    Get connection state     : xx:xx:xx:xx:e3:08 connected:F classic_encrypted:F le_encrypted:F
shim::legacy::btm  2026-08-24 18:08:28.576 API    Get connection state     : xx:xx:xx:xx:30:27 connected:F classic_encrypted:F le_encrypted:F
shim::legacy::btm  2026-08-24 18:08:28.577 API    Get connection state     : xx:xx:xx:xx:04:5c connected:F classic_encrypted:F le_encrypted:F
shim::legacy::btm  2026-08-24 18:08:28.581 API    Get connection state     : xx:xx:xx:xx:73:de connected:T classic_encrypted:T le_encrypted:F
shim::legacy::btm  2026-08-24 18:08:28.581 API    Get connection state     : xx:xx:xx:xx:8d:51 connected:T classic_encrypted:T le_encrypted:F
shim::legacy::btm  2026-08-24 18:08:28.582 API    Get connection state     : xx:xx:xx:xx:30:27 connected:F classic_encrypted:F le_encrypted:F
shim::legacy::btm  2026-08-24 18:08:28.582 API    Get connection state     : xx:xx:xx:xx:cc:19 connected:F classic_encrypted:F le_encrypted:F
shim::legacy::btm  2026-08-24 18:08:28.583 API    Get connection state     : xx:xx:xx:xx:33:f9 connected:F classic_encrypted:F le_encrypted:F
shim::legacy::btm  2026-08-24 18:08:28.584 API    Get connection state     : xx:xx:xx:xx:af:12 connected:F classic_encrypted:F le_encrypted:F
shim::legacy::btm  2026-08-24 18:08:28.585 API    Get connection state     : xx:xx:xx:xx:d7:f4 connected:F classic_encrypted:F le_encrypted:F
shim::legacy::btm  2026-08-24 18:08:28.586 API    Get connection state     : xx:xx:xx:xx:d1:ea connected:F classic_encrypted:F le_encrypted:F
shim::legacy::btm  2026-08-24 18:08:28.586 API    Get connection state     : xx:xx:xx:xx:6d:44 connected:F classic_encrypted:F le_encrypted:F
shim::legacy::btm  2026-08-24 18:08:28.587 API    Get connection state     : xx:xx:xx:xx:33:fa connected:F classic_encrypted:F le_encrypted:F
shim::legacy::btm  2026-08-24 18:08:28.587 API    Get connection state     : xx:xx:xx:xx:c8:a6 connected:F classic_encrypted:F le_encrypted:F
shim::legacy::btm  2026-08-24 18:08:28.588 API    Get connection state     : xx:xx:xx:xx:5a:35 connected:F classic_encrypted:F le_encrypted:F
shim::legacy::btm  2026-08-24 18:08:28.589 API    Get connection state     : xx:xx:xx:xx:fb:77 connected:F classic_encrypted:F le_encrypted:F
shim::legacy::btm  2026-08-24 18:08:28.590 API    Get connection state     : xx:xx:xx:xx:be:04 connected:F classic_encrypted:F le_encrypted:F
shim::legacy::btm  2026-08-24 18:08:28.591 API    Get connection state     : xx:xx:xx:xx:e3:08 connected:F classic_encrypted:F le_encrypted:F
shim::legacy::btm  2026-08-24 18:08:28.592 API    Get connection state     : xx:xx:xx:xx:04:5c connected:F classic_encrypted:F le_encrypted:F
shim::legacy::btm  2026-08-24 18:08:28.601 SCAN   Classic updated          : 00:00:00:00:00:00 inquiry_scan_enable:T page_scan_enable:T
shim::legacy::btm  2026-08-24 18:08:31.572 SCAN   Classic updated          : 00:00:00:00:00:00 inquiry_scan_enable:F page_scan_enable:T
shim::legacy::btm  2026-08-24 18:08:33.107 API    Remove bond              : xx:xx:xx:xx:73:de 
shim::legacy::btm  2026-08-24 18:08:33.114 ACL    Disconnection initiated  : xx:xx:xx:xx:73:de classic reason:HCI_ERR_PEER_USER comment:stack::acl::btm_acl::btm_remove_acl
shim::legacy::btm  2026-08-24 18:08:33.162 API    Get connection state     : xx:xx:xx:xx:8d:51 connected:T classic_encrypted:T le_encrypted:F
shim::legacy::btm  2026-08-24 18:08:33.169 API    Get connection state     : xx:xx:xx:xx:33:f9 connected:F classic_encrypted:F le_encrypted:F
shim::legacy::btm  2026-08-24 18:08:33.171 API    Get connection state     : xx:xx:xx:xx:d7:f4 connected:F classic_encrypted:F le_encrypted:F
shim::legacy::btm  2026-08-24 18:08:33.172 API    Get connection state     : xx:xx:xx:xx:af:12 connected:F classic_encrypted:F le_encrypted:F
shim::legacy::btm  2026-08-24 18:08:33.173 API    Get connection state     : xx:xx:xx:xx:d1:ea connected:F classic_encrypted:F le_encrypted:F
shim::legacy::btm  2026-08-24 18:08:33.174 API    Get connection state     : xx:xx:xx:xx:6d:44 connected:F classic_encrypted:F le_encrypted:F
shim::legacy::btm  2026-08-24 18:08:33.176 API    Get connection state     : xx:xx:xx:xx:33:fa connected:F classic_encrypted:F le_encrypted:F
shim::legacy::btm  2026-08-24 18:08:33.177 API    Get connection state     : xx:xx:xx:xx:c8:a6 connected:F classic_encrypted:F le_encrypted:F
shim::legacy::btm  2026-08-24 18:08:33.178 API    Get connection state     : xx:xx:xx:xx:5a:35 connected:F classic_encrypted:F le_encrypted:F
shim::legacy::btm  2026-08-24 18:08:33.179 API    Get connection state     : xx:xx:xx:xx:fb:77 connected:F classic_encrypted:F le_encrypted:F
shim::legacy::btm  2026-08-24 18:08:33.180 API    Get connection state     : xx:xx:xx:xx:73:de connected:F classic_encrypted:F le_encrypted:F
shim::legacy::btm  2026-08-24 18:08:33.182 API    Get connection state     : xx:xx:xx:xx:be:04 connected:F classic_encrypted:F le_encrypted:F
shim::legacy::btm  2026-08-24 18:08:33.183 API    Get connection state     : xx:xx:xx:xx:cc:19 connected:F classic_encrypted:F le_encrypted:F
shim::legacy::btm  2026-08-24 18:08:33.184 API    Get connection state     : xx:xx:xx:xx:e3:08 connected:F classic_encrypted:F le_encrypted:F
shim::legacy::btm  2026-08-24 18:08:33.185 API    Get connection state     : xx:xx:xx:xx:30:27 connected:F classic_encrypted:F le_encrypted:F
shim::legacy::btm  2026-08-24 18:08:33.186 API    Get connection state     : xx:xx:xx:xx:04:5c connected:F classic_encrypted:F le_encrypted:F
shim::legacy::btm  2026-08-24 18:08:33.188 API    Get connection state     : xx:xx:xx:xx:8d:51 connected:T classic_encrypted:T le_encrypted:F
shim::legacy::btm  2026-08-24 18:08:33.191 API    Get connection state     : xx:xx:xx:xx:33:f9 connected:F classic_encrypted:F le_encrypted:F
shim::legacy::btm  2026-08-24 18:08:33.192 API    Get connection state     : xx:xx:xx:xx:d7:f4 connected:F classic_encrypted:F le_encrypted:F
shim::legacy::btm  2026-08-24 18:08:33.195 API    Get connection state     : xx:xx:xx:xx:af:12 connected:F classic_encrypted:F le_encrypted:F
shim::legacy::btm  2026-08-24 18:08:33.196 API    Get connection state     : xx:xx:xx:xx:d1:ea connected:F classic_encrypted:F le_encrypted:F
shim::legacy::btm  2026-08-24 18:08:33.198 API    Get connection state     : xx:xx:xx:xx:6d:44 connected:F classic_encrypted:F le_encrypted:F
shim::legacy::btm  2026-08-24 18:08:33.199 API    Get connection state     : xx:xx:xx:xx:33:fa connected:F classic_encrypted:F le_encrypted:F
shim::legacy::btm  2026-08-24 18:08:33.200 API    Get connection state     : xx:xx:xx:xx:c8:a6 connected:F classic_encrypted:F le_encrypted:F
shim::legacy::btm  2026-08-24 18:08:33.201 API    Get connection state     : xx:xx:xx:xx:5a:35 connected:F classic_encrypted:F le_encrypted:F
shim::legacy::btm  2026-08-24 18:08:33.202 API    Get connection state     : xx:xx:xx:xx:fb:77 connected:F classic_encrypted:F le_encrypted:F
shim::legacy::btm  2026-08-24 18:08:33.203 API    Get connection state     : xx:xx:xx:xx:73:de connected:F classic_encrypted:F le_encrypted:F
shim::legacy::btm  2026-08-24 18:08:33.204 API    Get connection state     : xx:xx:xx:xx:be:04 connected:F classic_encrypted:F le_encrypted:F
shim::legacy::btm  2026-08-24 18:08:33.207 API    Get connection state     : xx:xx:xx:xx:cc:19 connected:F classic_encrypted:F le_encrypted:F
shim::legacy::btm  2026-08-24 18:08:33.208 API    Get connection state     : xx:xx:xx:xx:e3:08 connected:F classic_encrypted:F le_encrypted:F
shim::legacy::btm  2026-08-24 18:08:33.210 API    Get connection state     : xx:xx:xx:xx:30:27 connected:F classic_encrypted:F le_encrypted:F
shim::legacy::btm  2026-08-24 18:08:33.211 API    Get connection state     : xx:xx:xx:xx:04:5c connected:F classic_encrypted:F le_encrypted:F
shim::legacy::btm  2026-08-24 18:08:33.216 ACL    Disconnected             : xx:xx:xx:xx:73:de classic reason:CONNECTION_TERMINATED_BY_LOCAL_HOST
shim::legacy::btm  2026-08-24 18:08:33.217 API    Get connection state     : xx:xx:xx:xx:73:de connected:F classic_encrypted:F le_encrypted:F
shim::legacy::btm  2026-08-24 18:08:33.226 BOND   Device removed           : xx:xx:xx:xx:73:de device_type:BR_EDR bond_type:tBTM_SEC_DEV_REC::BOND_TYPE_UNKNOWN
shim::legacy::btm  2026-08-24 18:08:33.226 ACL    Ignore connection from   : xx:xx:xx:xx:73:de[public] Le
shim::legacy::btm  2026-08-24 18:08:33.229 API    Get connection state     : xx:xx:xx:xx:73:de connected:F classic_encrypted:F le_encrypted:F
shim::legacy::btm  2026-08-24 18:08:33.232 CBACK  Bond state changed       : xx:xx:xx:xx:73:de bt_status:success bond_state:0 reason:HCI_SUCCESS
shim::legacy::btm  2026-08-24 18:08:33.232 A2DP   Stream closed            : 00:00:00:00:00:00 BTA_AV_CLOSE_EVT(0x3)
shim::legacy::btm  2026-08-24 18:08:33.239 API    Get connection state     : xx:xx:xx:xx:8d:51 connected:T classic_encrypted:T le_encrypted:F
shim::legacy::btm  2026-08-24 18:08:33.242 API    Get connection state     : xx:xx:xx:xx:30:27 connected:F classic_encrypted:F le_encrypted:F
shim::legacy::btm  2026-08-24 18:08:33.254 API    Get connection state     : xx:xx:xx:xx:cc:19 connected:F classic_encrypted:F le_encrypted:F
shim::legacy::btm  2026-08-24 18:08:33.283 API    Get connection state     : xx:xx:xx:xx:33:f9 connected:F classic_encrypted:F le_encrypted:F
shim::legacy::btm  2026-08-24 18:08:33.299 API    Get connection state     : xx:xx:xx:xx:af:12 connected:F classic_encrypted:F le_encrypted:F
shim::legacy::btm  2026-08-24 18:08:33.305 API    Get connection state     : xx:xx:xx:xx:d7:f4 connected:F classic_encrypted:F le_encrypted:F
shim::legacy::btm  2026-08-24 18:08:33.309 API    Get connection state     : xx:xx:xx:xx:d1:ea connected:F classic_encrypted:F le_encrypted:F
shim::legacy::btm  2026-08-24 18:08:33.315 API    Get connection state     : xx:xx:xx:xx:6d:44 connected:F classic_encrypted:F le_encrypted:F
shim::legacy::btm  2026-08-24 18:08:33.316 API    Get connection state     : xx:xx:xx:xx:33:fa connected:F classic_encrypted:F le_encrypted:F
shim::legacy::btm  2026-08-24 18:08:33.318 API    Get connection state     : xx:xx:xx:xx:c8:a6 connected:F classic_encrypted:F le_encrypted:F
shim::legacy::btm  2026-08-24 18:08:33.319 API    Get connection state     : xx:xx:xx:xx:5a:35 connected:F classic_encrypted:F le_encrypted:F
shim::legacy::btm  2026-08-24 18:08:33.320 API    Get connection state     : xx:xx:xx:xx:fb:77 connected:F classic_encrypted:F le_encrypted:F
shim::legacy::btm  2026-08-24 18:08:33.321 API    Get connection state     : xx:xx:xx:xx:be:04 connected:F classic_encrypted:F le_encrypted:F
shim::legacy::btm  2026-08-24 18:08:33.322 API    Get connection state     : xx:xx:xx:xx:e3:08 connected:F classic_encrypted:F le_encrypted:F
shim::legacy::btm  2026-08-24 18:08:33.323 API    Get connection state     : xx:xx:xx:xx:04:5c connected:F classic_encrypted:F le_encrypted:F
shim::legacy::btm  2026-08-24 18:08:33.338 SCAN   Classic updated          : 00:00:00:00:00:00 inquiry_scan_enable:T page_scan_enable:T
shim::legacy::btm  2026-08-24 18:08:33.767 API    Get connection state     : xx:xx:xx:xx:73:de connected:F classic_encrypted:F le_encrypted:F
shim::legacy::btm  2026-08-24 18:08:33.768 API    Get connection state     : xx:xx:xx:xx:73:de connected:F classic_encrypted:F le_encrypted:F
shim::legacy::btm  2026-08-24 18:08:34.572 ACL    Power mode change        : xx:xx:xx:xx:8d:51 immediate:active[0x00] ==> immediate:sniff[0x02]
shim::legacy::btm  2026-08-24 18:08:35.079 SCAN   Le scan stopped          : 00:00:00:00:00:00 duration_s: 6.698 results:24 
shim::legacy::btm  2026-08-24 18:08:35.079 SCAN   Le scan started          : 00:00:00:00:00:00 
shim::legacy::btm  2026-08-24 18:08:35.345 SCAN   Le scan stopped          : 00:00:00:00:00:00 duration_s: 0.266 results:0  
shim::legacy::btm  2026-08-24 18:08:35.346 SCAN   Le scan started          : 00:00:00:00:00:00 
shim::legacy::btm  2026-08-24 18:08:35.351 ACL    Power mode change        : xx:xx:xx:xx:8d:51 immediate:sniff[0x02] ==> immediate:active[0x00]
shim::legacy::btm  2026-08-24 18:08:35.978 SCAN   Classic updated          : 00:00:00:00:00:00 inquiry_scan_enable:F page_scan_enable:T
shim::legacy::btm  2026-08-24 18:08:36.251 API    Get connection state     : xx:xx:xx:xx:73:de connected:F classic_encrypted:F le_encrypted:F
shim::legacy::btm  2026-08-24 18:08:41.145 SCAN   Le scan stopped          : 00:00:00:00:00:00 duration_s: 5.800 results:22 
shim::legacy::btm  2026-08-24 18:08:41.145 SCAN   Le scan started          : 00:00:00:00:00:00 
shim::legacy::btm  2026-08-24 18:08:41.159 SCAN   Le scan stopped          : 00:00:00:00:00:00 duration_s: 0.014 results:0  
shim::legacy::btm  2026-08-24 18:08:41.159 SCAN   Le scan started          : 00:00:00:00:00:00 
shim::legacy::btm  2026-08-24 18:08:42.654 ACL    Power mode change        : xx:xx:xx:xx:8d:51 immediate:active[0x00] ==> immediate:sniff[0x02]
shim::legacy::btm  2026-08-24 18:08:44.281 ACL    Power mode change        : xx:xx:xx:xx:8d:51 immediate:sniff[0x02] ==> immediate:active[0x00]
shim::legacy::btm  2026-08-24 18:08:49.733 ACL    Connection request       : xx:xx:xx:xx:73:de 
shim::legacy::btm  2026-08-24 18:08:50.163 ACL    Connection successful    : xx:xx:xx:xx:73:de classic Remote initiated
shim::legacy::btm  2026-08-24 18:08:50.169 ACL    Role change              : xx:xx:xx:xx:73:de classic New_role:CENTRAL status:SUCCESS
shim::legacy::btm  2026-08-24 18:08:50.442 ACL    Disconnected             : xx:xx:xx:xx:73:de classic reason:AUTHENTICATION_FAILURE
shim::legacy::btm  2026-08-24 18:08:50.445 API    Get connection state     : xx:xx:xx:xx:73:de connected:F classic_encrypted:F le_encrypted:F
shim::legacy::btm  2026-08-24 18:08:50.719 API    Get connection state     : xx:xx:xx:xx:73:de connected:F classic_encrypted:F le_encrypted:F
shim::legacy::btm  2026-08-24 18:08:50.775 API    Get connection state     : xx:xx:xx:xx:73:de connected:F classic_encrypted:F le_encrypted:F
shim::legacy::btm  2026-08-24 18:08:50.791 API    Get connection state     : xx:xx:xx:xx:73:de connected:F classic_encrypted:F le_encrypted:F
shim::legacy::btm  2026-08-24 18:08:51.300 ACL    Power mode change        : xx:xx:xx:xx:8d:51 immediate:active[0x00] ==> immediate:sniff[0x02]
shim::legacy::btm  2026-08-24 18:08:51.829 API    Get connection state     : xx:xx:xx:xx:73:de connected:F classic_encrypted:F le_encrypted:F
shim::legacy::btm  2026-08-24 18:10:46.473 ACL    Power mode change        : xx:xx:xx:xx:8d:51 immediate:sniff[0x02] ==> immediate:active[0x00]
shim::legacy::btm  2026-08-24 18:10:53.701 ACL    Power mode change        : xx:xx:xx:xx:8d:51 immediate:active[0x00] ==> immediate:sniff[0x02]
shim::legacy::btm  2026-08-24 18:11:01.386 ACL    Power mode change        : xx:xx:xx:xx:8d:51 immediate:active[0x00] ==> immediate:sniff[0x02]
shim::legacy::btm  2026-08-24 18:11:55.670 ACL    Power mode change        : xx:xx:xx:xx:8d:51 immediate:sniff[0x02] ==> immediate:active[0x00]
shim::legacy::btm  2026-08-24 18:12:02.821 ACL    Power mode change        : xx:xx:xx:xx:8d:51 immediate:active[0x00] ==> immediate:sniff[0x02]
shim::legacy::btm  2026-08-24 18:12:10.493 ACL    Power mode change        : xx:xx:xx:xx:8d:51 immediate:active[0x00] ==> immediate:sniff[0x02]
shim::legacy::btm  2026-08-24 18:13:39.969 ACL    Power mode change        : xx:xx:xx:xx:8d:51 immediate:sniff[0x02] ==> immediate:active[0x00]
shim::legacy::btm  2026-08-24 18:13:41.208 SCAN   Le scan stopped          : 00:00:00:00:00:00 duration_s:300.049 results:771
shim::legacy::btm  2026-08-24 18:13:41.208 SCAN   Le scan started          : 00:00:00:00:00:00 
shim::legacy::btm  2026-08-24 18:13:47.452 ACL    Power mode change        : xx:xx:xx:xx:8d:51 immediate:active[0x00] ==> immediate:sniff[0x02]
shim::legacy::btm  2026-08-24 18:13:48.817 ACL    Power mode change        : xx:xx:xx:xx:8d:51 immediate:sniff[0x02] ==> immediate:active[0x00]
shim::legacy::btm  2026-08-24 18:13:56.091 ACL    Power mode change        : xx:xx:xx:xx:8d:51 immediate:active[0x00] ==> immediate:sniff[0x02]
shim::legacy::btm  2026-08-24 18:14:49.167 ACL    Power mode change        : xx:xx:xx:xx:8d:51 immediate:sniff[0x02] ==> immediate:active[0x00]
shim::legacy::btm  2026-08-24 18:14:56.573 ACL    Power mode change        : xx:xx:xx:xx:8d:51 immediate:active[0x00] ==> immediate:sniff[0x02]
shim::legacy::btm  2026-08-24 18:15:04.258 ACL    Power mode change        : xx:xx:xx:xx:8d:51 immediate:active[0x00] ==> immediate:sniff[0x02]
shim::legacy::btm  2026-08-24 18:15:19.625 ACL    Power mode change        : xx:xx:xx:xx:8d:51 immediate:sniff[0x02] ==> immediate:active[0x00]
shim::legacy::btm  2026-08-24 18:15:26.849 ACL    Power mode change        : xx:xx:xx:xx:8d:51 immediate:active[0x00] ==> immediate:sniff[0x02]
shim::legacy::btm  2026-08-24 18:22:45.149 ACL    Connection request       : xx:xx:xx:xx:6c:24 
shim::legacy::btm  2026-08-24 18:22:45.333 ACL    Connection successful    : xx:xx:xx:xx:6c:24 classic Remote initiated
shim::legacy::btm  2026-08-24 18:22:45.340 ACL    Role change              : xx:xx:xx:xx:6c:24 classic New_role:CENTRAL status:SUCCESS
shim::legacy::btm  2026-08-24 18:22:48.092 ACL    Disconnected             : xx:xx:xx:xx:6c:24 classic reason:REMOTE_USER_TERMINATED_CONNECTION
shim::legacy::btm  2026-08-24 18:23:24.819 ACL    Connection request       : xx:xx:xx:xx:6c:24 
shim::legacy::btm  2026-08-24 18:23:24.985 ACL    Connection successful    : xx:xx:xx:xx:6c:24 classic Remote initiated
shim::legacy::btm  2026-08-24 18:23:24.986 ACL    Role change              : xx:xx:xx:xx:6c:24 classic New_role:CENTRAL status:SUCCESS
shim::legacy::btm  2026-08-24 18:23:27.756 ACL    Disconnected             : xx:xx:xx:xx:6c:24 classic reason:REMOTE_USER_TERMINATED_CONNECTION
shim::legacy::btm  2026-08-24 18:23:32.545 ACL    Power mode change        : xx:xx:xx:xx:8d:51 immediate:active[0x00] ==> immediate:sniff[0x02]
shim::legacy::btm  2026-08-24 18:23:35.146 ACL    Power mode change        : xx:xx:xx:xx:8d:51 immediate:sniff[0x02] ==> immediate:active[0x00]
shim::legacy::btm  2026-08-24 18:23:42.177 ACL    Power mode change        : xx:xx:xx:xx:8d:51 immediate:active[0x00] ==> immediate:sniff[0x02]
shim::legacy::btm  2026-08-24 18:23:49.861 ACL    Power mode change        : xx:xx:xx:xx:8d:51 immediate:active[0x00] ==> immediate:sniff[0x02]
shim::legacy::btm  2026-08-24 18:24:45.452 ACL    Power mode change        : xx:xx:xx:xx:8d:51 immediate:sniff[0x02] ==> immediate:active[0x00]
shim::legacy::btm  2026-08-24 18:24:53.207 ACL    Power mode change        : xx:xx:xx:xx:8d:51 immediate:active[0x00] ==> immediate:sniff[0x02]
shim::legacy::btm  2026-08-24 18:25:15.205 ACL    Power mode change        : xx:xx:xx:xx:8d:51 immediate:sniff[0x02] ==> immediate:active[0x00]
shim::legacy::btm  2026-08-24 18:25:22.503 ACL    Power mode change        : xx:xx:xx:xx:8d:51 immediate:active[0x00] ==> immediate:sniff[0x02]
shim::legacy::btm  2026-08-24 18:25:30.187 ACL    Power mode change        : xx:xx:xx:xx:8d:51 immediate:active[0x00] ==> immediate:sniff[0x02]
shim::legacy::btm  2026-08-24 18:28:36.357 ACL    Power mode change        : xx:xx:xx:xx:8d:51 immediate:sniff[0x02] ==> immediate:active[0x00]
shim::legacy::btm  2026-08-24 18:28:43.625 ACL    Power mode change        : xx:xx:xx:xx:8d:51 immediate:active[0x00] ==> immediate:sniff[0x02]
shim::legacy::btm  2026-08-24 18:28:51.310 ACL    Power mode change        : xx:xx:xx:xx:8d:51 immediate:active[0x00] ==> immediate:sniff[0x02]
shim::legacy::btm  2026-08-24 18:28:54.332 ACL    Power mode change        : xx:xx:xx:xx:8d:51 immediate:sniff[0x02] ==> immediate:active[0x00]
shim::legacy::btm  2026-08-24 18:29:01.387 ACL    Power mode change        : xx:xx:xx:xx:8d:51 immediate:active[0x00] ==> immediate:sniff[0x02]
shim::legacy::btm  2026-08-24 18:29:21.779 ACL    Power mode change        : xx:xx:xx:xx:8d:51 immediate:sniff[0x02] ==> immediate:active[0x00]
shim::legacy::btm  2026-08-24 18:29:29.222 ACL    Power mode change        : xx:xx:xx:xx:8d:51 immediate:active[0x00] ==> immediate:sniff[0x02]
shim::legacy::btm  2026-08-24 18:42:05.526 ACL    Power mode change        : xx:xx:xx:xx:8d:51 immediate:sniff[0x02] ==> immediate:active[0x00]
shim::legacy::btm  2026-08-24 18:42:16.768 ACL    Power mode change        : xx:xx:xx:xx:8d:51 immediate:active[0x00] ==> immediate:sniff[0x02]
shim::legacy::btm  2026-08-24 18:45:45.551 ACL    Power mode change        : xx:xx:xx:xx:8d:51 immediate:sniff[0x02] ==> immediate:active[0x00]
shim::legacy::btm  2026-08-24 18:45:52.751 ACL    Power mode change        : xx:xx:xx:xx:8d:51 immediate:active[0x00] ==> immediate:sniff[0x02]
shim::legacy::btm  2026-08-24 18:45:59.975 ACL    Power mode change        : xx:xx:xx:xx:8d:51 immediate:active[0x00] ==> immediate:sniff[0x02]
shim::legacy::btm  2026-08-24 18:46:07.183 ACL    Power mode change        : xx:xx:xx:xx:8d:51 immediate:active[0x00] ==> immediate:sniff[0x02]
shim::legacy::btm  2026-08-24 18:46:11.242 ACL    Power mode change        : xx:xx:xx:xx:8d:51 immediate:sniff[0x02] ==> immediate:active[0x00]
shim::legacy::btm  2026-08-24 18:46:18.701 ACL    Power mode change        : xx:xx:xx:xx:8d:51 immediate:active[0x00] ==> immediate:sniff[0x02]
shim::legacy::btm  2026-08-24 18:49:23.882 ACL    Connection request       : xx:xx:xx:xx:6c:24 
shim::legacy::btm  2026-08-24 18:49:24.066 ACL    Connection successful    : xx:xx:xx:xx:6c:24 classic Remote initiated
shim::legacy::btm  2026-08-24 18:49:24.072 ACL    Role change              : xx:xx:xx:xx:6c:24 classic New_role:CENTRAL status:SUCCESS
shim::legacy::btm  2026-08-24 18:49:26.558 ACL    Disconnected             : xx:xx:xx:xx:6c:24 classic reason:REMOTE_USER_TERMINATED_CONNECTION
shim::legacy::btm  2026-08-24 18:50:06.582 ACL    Power mode change        : xx:xx:xx:xx:8d:51 immediate:active[0x00] ==> immediate:sniff[0x02]
shim::legacy::btm  2026-08-24 18:50:07.394 ACL    Connection request       : xx:xx:xx:xx:6c:24 
shim::legacy::btm  2026-08-24 18:50:07.570 ACL    Connection successful    : xx:xx:xx:xx:6c:24 classic Remote initiated
shim::legacy::btm  2026-08-24 18:50:07.571 ACL    Role change              : xx:xx:xx:xx:6c:24 classic New_role:CENTRAL status:SUCCESS
shim::legacy::btm  2026-08-24 18:50:10.115 ACL    Disconnected             : xx:xx:xx:xx:6c:24 classic reason:REMOTE_USER_TERMINATED_CONNECTION
shim::legacy::btm  2026-08-24 18:50:15.392 ACL    Power mode change        : xx:xx:xx:xx:8d:51 immediate:active[0x00] ==> immediate:sniff[0x02]
 ----- Filtering as Developer -----
{
  title: "----- Gd Dumpsys ------",
  init_flags: {
    values: [
      {
        flag: "always_send_services_if_gatt_disc_done",
        value: "true"
      },
      {
        flag: "always_use_private_gatt_for_debugging",
        value: "false"
      },
      {
        flag: "asha_packet_drop_frequency_threshold",
        value: "60"
      },
      {
        flag: "asha_phy_update_retry_limit",
        value: "5"
      },
      {
        flag: "att_mtu_default",
        value: "517"
      },
      {
        flag: "bluetooth_quality_report_callback",
        value: "true"
      },
      {
        flag: "bta_dm_clear_conn_id_on_client_close",
        value: "true"
      },
      {
        flag: "bta_dm_stop_discovery_on_search_cancel",
        value: "false"
      },
      {
        flag: "btm_dm_flush_discovery_queue_on_search_cancel",
        value: "false"
      },
      {
        flag: "classic_discovery_only",
        value: "false"
      },
      {
        flag: "clear_hidd_interrupt_cid_on_disconnect",
        value: "true"
      },
      {
        flag: "default_log_level",
        value: "4"
      },
      {
        flag: "delay_hidh_cleanup_until_hidh_ready_start",
        value: "true"
      },
      {
        flag: "device_iot_config_logging",
        value: "false"
      },
      {
        flag: "dynamic_avrcp_version_enhancement",
        value: "true"
      },
      {
        flag: "encryption_in_busy_state",
        value: "true"
      },
      {
        flag: "gatt_robust_caching_client",
        value: "true"
      },
      {
        flag: "gatt_robust_caching_server",
        value: "false"
      },
      {
        flag: "gd_l2cap",
        value: "false"
      },
      {
        flag: "hci_adapter",
        value: "0"
      },
      {
        flag: "hfp_dynamic_version",
        value: "true"
      },
      {
        flag: "irk_rotation",
        value: "false"
      },
      {
        flag: "leaudio_enable_health_based_actions",
        value: "false"
      },
      {
        flag: "leaudio_targeted_announcement_reconnection_mode",
        value: "true"
      },
      {
        flag: "logging_explicit_tag_settings",
        value: "{}"
      },
      {
        flag: "pass_phy_update_callback",
        value: "true"
      },
      {
        flag: "pbap_pse_dynamic_version_upgrade",
        value: "false"
      },
      {
        flag: "periodic_advertising_adi",
        value: "true"
      },
      {
        flag: "private_gatt",
        value: "true"
      },
      {
        flag: "redact_log",
        value: "true"
      },
      {
        flag: "rust_event_loop",
        value: "true"
      },
      {
        flag: "sco_codec_select_lc3",
        value: "true"
      },
      {
        flag: "sco_codec_timeout_clear",
        value: "false"
      },
      {
        flag: "sdp_return_classic_services_when_le_discovery_fails",
        value: "true"
      },
      {
        flag: "sdp_serialization",
        value: "true"
      },
      {
        flag: "sdp_skip_rnr_if_known",
        value: "true"
      },
      {
        flag: "set_min_encryption",
        value: "true"
      },
      {
        flag: "subrating",
        value: "true"
      },
      {
        flag: "trigger_advertising_callbacks_on_first_resume_after_pause",
        value: "true"
      },
      {
        flag: "use_rsi_from_cached_inqiry_results",
        value: "false"
      },
      {
        flag: "use_unified_connection_manager",
        value: "false"
      }
    ]
  },
  wakelock_manager_data: {
    title: "Bluetooth Wakelock Statistics",
    is_acquired: false,
    is_native: true,
    acquired_count: 1,
    released_count: 1,
    acquired_error_count: 0,
    released_error_count: 0,
    last_acquire_error_code: 0,
    last_release_error_code: 0,
    last_acquired_timestamp_millis: 1004,
    last_released_timestamp_millis: 413502886,
    last_interval_millis: 1004,
    max_interval_millis: 1004,
    min_interval_millis: 1004,
    avg_interval_millis: 1004,
    total_interval_millis: 1004,
    total_time_since_reset_millis: 15282558
  },
  shim_dumpsys_data: {
    title: "----- Shim Dumpsys -----",
    number_of_bundled_schemas: 7
  },
  hci_acl_manager_dumpsys_data: {
    title: "----- Acl Manager Dumpsys -----",
    le_filter_accept_list_count: 3,
    le_filter_accept_list: [
      "e2:90:f0:da:33:f9[RANDOM_DEVICE_ADDRESS]",
      "e2:90:f0:da:33:fa[RANDOM_DEVICE_ADDRESS]",
      "a0:ad:9f:73:6c:24[PUBLIC_DEVICE_ADDRESS]"
    ],
    le_connectability_state: "ConnectabilityState::ARMED",
    le_create_connection_timeout_alarms_count: 0
  },
  hci_controller_dumpsys_data: {
    title: "----- Hci Controller Dumpsys -----",
    local_version_information: {
      hci_version: "V_5_3",
      hci_revision: 0,
      lmp_version: "V_5_3",
      manufacturer_name: 29,
      lmp_subversion: 26274
    },
    acl_buffer_size: {
      data_packet_length: 1024,
      total_num_packets: 8
    },
    sco_buffer_size: {
      data_packet_length: 240,
      total_num_packets: 4
    },
    iso_buffer_size: {
      data_packet_length: 310,
      total_num_packets: 22
    },
    le_buffer_size: {
      data_packet_length: 251,
      total_num_packets: 16
    },
    le_connect_list_size: 128,
    le_resolving_list_size: 32,
    le_maximum_data_length: {
      supported_max_tx_octets: 251,
      supported_max_tx_time: 17040,
      supported_max_rx_octets: 251,
      supported_max_rx_time: 17040
    },
    le_maximum_advertising_data_length: 1650,
    le_suggested_default_data_length: 27,
    le_number_supported_advertising_sets: 16,
    le_periodic_advertiser_list_size: 3,
    local_supported_commands: [
      {
        index: 0,
        value: 255
      },
      {
        index: 1,
        value: 255
      },
      {
        index: 2,
        value: 255
      },
      {
        index: 3,
        value: 3
      },
      {
        index: 4,
        value: 206
      },
      {
        index: 5,
        value: 255
      },
      {
        index: 6,
        value: 239
      },
      {
        index: 7,
        value: 255
      },
      {
        index: 8,
        value: 255
      },
      {
        index: 9,
        value: 255
      },
      {
        index: 10,
        value: 255
      },
      {
        index: 11,
        value: 31
      },
      {
        index: 12,
        value: 242
      },
      {
        index: 13,
        value: 15
      },
      {
        index: 14,
        value: 232
      },
      {
        index: 15,
        value: 254
      },
      {
        index: 16,
        value: 63
      },
      {
        index: 17,
        value: 247
      },
      {
        index: 18,
        value: 131
      },
      {
        index: 19,
        value: 255
      },
      {
        index: 20,
        value: 28
      },
      {
        index: 21,
        value: 0
      },
      {
        index: 22,
        value: 4
      },
      {
        index: 23,
        value: 0
      },
      {
        index: 24,
        value: 97
      },
      {
        index: 25,
        value: 255
      },
      {
        index: 26,
        value: 255
      },
      {
        index: 27,
        value: 255
      },
      {
        index: 28,
        value: 127
      },
      {
        index: 29,
        value: 56
      },
      {
        index: 30,
        value: 32
      },
      {
        index: 31,
        value: 245
      },
      {
        index: 32,
        value: 255
      },
      {
        index: 33,
        value: 240
      },
      {
        index: 34,
        value: 255
      },
      {
        index: 35,
        value: 255
      },
      {
        index: 36,
        value: 255
      },
      {
        index: 37,
        value: 255
      },
      {
        index: 38,
        value: 255
      },
      {
        index: 39,
        value: 23
      },
      {
        index: 40,
        value: 224
      },
      {
        index: 41,
        value: 239
      },
      {
        index: 42,
        value: 255
      },
      {
        index: 43,
        value: 255
      },
      {
        index: 44,
        value: 255
      },
      {
        index: 45,
        value: 255
      },
      {
        index: 46,
        value: 0
      },
      {
        index: 47,
        value: 0
      },
      {
        index: 48,
        value: 0
      },
      {
        index: 49,
        value: 0
      },
      {
        index: 50,
        value: 0
      },
      {
        index: 51,
        value: 0
      },
      {
        index: 52,
        value: 0
      },
      {
        index: 53,
        value: 0
      },
      {
        index: 54,
        value: 0
      },
      {
        index: 55,
        value: 0
      },
      {
        index: 56,
        value: 0
      },
      {
        index: 57,
        value: 0
      },
      {
        index: 58,
        value: 0
      },
      {
        index: 59,
        value: 0
      },
      {
        index: 60,
        value: 0
      },
      {
        index: 61,
        value: 0
      },
      {
        index: 62,
        value: 0
      },
      {
        index: 63,
        value: 0
      }
    ],
    extended_lmp_features_array: [
      9753459619217276671,
      2,
      853
    ],
    le_local_supported_features: 614163675647,
    le_supported_states: 4398046511103,
    vendor_capabilities: {
      is_supported: 1,
      max_advt_instances: 16,
      offloaded_resolution_of_private_address: 1,
      total_scan_results_storage: 10240,
      max_irk_list_sz: 32,
      filtering_support: 1,
      max_filter: 64,
      activity_energy_info_support: 1,
      version_supported: 98,
      total_num_of_advt_tracked: 64,
      extended_scan_support: 1,
      debug_logging_supported: 1,
      le_address_generation_offloading_support: 0,
      a2dp_source_offload_capability_mask: 31,
      bluetooth_quality_report_support: 1
    }
  }
}
