	type: PipeWire:Interface:Core
	cookie: 4055611032
	user-name: "admin"
	host-name: "larkbridge"
	version: "1.4.2"
	name: "pipewire-0"
*	properties:
*		config.name = "pipewire.conf"
*		application.name = "pipewire"
*		application.process.binary = "pipewire"
*		application.language = "en_GB.UTF-8"
*		application.process.id = "597"
*		application.process.user = "admin"
*		application.process.host = "larkbridge"
*		link.max-buffers = "16"
*		core.daemon = "true"
*		core.name = "pipewire-0"
*		default.clock.rate = "48000"
*		default.clock.allowed-rates = "[ 48000 ]"
*		default.clock.quantum = "2048"
*		default.clock.min-quantum = "256"
*		default.clock.max-quantum = "2048"
*		resample.quality = "4"
*		resample.disable = "false"
*		mem.allow-mlock = "true"
*		cpu.max-align = "16"
*		default.clock.quantum-limit = "8192"
*		default.clock.quantum-floor = "4"
*		default.video.width = "640"
*		default.video.height = "480"
*		default.video.rate.num = "25"
*		default.video.rate.denom = "1"
*		log.level = "2"
*		clock.power-of-two-quantum = "true"
*		mem.warn-mlock = "false"
*		settings.check-quantum = "false"
*		settings.check-rate = "false"
*		object.id = "0"
*		object.serial = "0"
added:
	id: 0
	permissions: r-xm-
	type: PipeWire:Interface:Core (version 4)
 	properties:
 		object.serial = "0"
 		core.name = "pipewire-0"
added:
	id: 3
	permissions: rwx--
	type: PipeWire:Interface:SecurityContext (version 3)
 	properties:
 		object.serial = "3"
added:
	id: 5
	permissions: r----
	type: PipeWire:Interface:Profiler (version 3)
 	properties:
 		object.serial = "5"
added:
	id: 32
	permissions: rwx--
	type: PipeWire:Interface:Metadata (version 3)
 	properties:
 		object.serial = "32"
 		metadata.name = "settings"
added:
	id: 131
	permissions: rwx--
	type: PipeWire:Interface:Metadata (version 3)
 	properties:
 		metadata.name = "schema-sm-settings"
 		factory.id = "7"
 		module.id = "6"
 		client.id = "120"
 		object.serial = "24049"
added:
	id: 140
	permissions: rwx--
	type: PipeWire:Interface:Metadata (version 3)
 	properties:
 		metadata.name = "persistent-sm-settings"
 		factory.id = "7"
 		module.id = "6"
 		client.id = "120"
 		object.serial = "24050"
added:
	id: 40
	permissions: rwx--
	type: PipeWire:Interface:Metadata (version 3)
 	properties:
 		metadata.name = "sm-settings"
 		factory.id = "7"
 		module.id = "6"
 		client.id = "120"
 		object.serial = "24051"
added:
	id: 41
	permissions: rwx--
	type: PipeWire:Interface:Metadata (version 3)
 	properties:
 		metadata.name = "sm-objects"
 		factory.id = "7"
 		module.id = "6"
 		client.id = "120"
 		object.serial = "24052"
added:
	id: 56
	permissions: rwx--
	type: PipeWire:Interface:Metadata (version 3)
 	properties:
 		metadata.name = "default"
 		factory.id = "7"
 		module.id = "6"
 		client.id = "120"
 		object.serial = "24053"
added:
	id: 48
	permissions: rwx--
	type: PipeWire:Interface:Metadata (version 3)
 	properties:
 		metadata.name = "filters"
 		factory.id = "7"
 		module.id = "6"
 		client.id = "120"
 		object.serial = "24054"
added:
	id: 75
	permissions: rwx--
	type: PipeWire:Interface:Metadata (version 3)
 	properties:
 		metadata.name = "route-settings"
 		factory.id = "7"
 		module.id = "6"
 		client.id = "120"
 		object.serial = "24055"
added:
	id: 1
	permissions: r--m-
	type: PipeWire:Interface:Module (version 3)
	name: "libpipewire-module-rt"
	filename: "/usr/lib/aarch64-linux-gnu/pipewire-0.3/libpipewire-module-rt.so"
	args: "{
            nice.level    = -11
            rt.prio       = 88
            #rt.time.soft = -1
            #rt.time.hard = -1
            #uclamp.min = 0
            #uclamp.max = 1024
        }"
 	properties:
 		module.name = "libpipewire-module-rt"
 		object.id = "1"
 		object.serial = "1"
 		module.author = "Wim Taymans <wim.taymans@gmail.com>"
 		module.description = "Use realtime thread scheduling, falling back to RTKit"
 		module.usage = "( nice.level=<priority: default 20(don't change)> ) ( rt.prio=<priority: default 83> ) ( rt.time.soft=<in usec: default -1> ) ( rt.time.hard=<in usec: default -1> ) ( rlimits.enabled=<default true> ) ( rtportal.enabled=<default true> ) ( rtkit.enabled=<default true> ) ( uclamp.min=<default 0> ) ( uclamp.max=<default 1024> )"
 		module.version = "1.4.2"
 		nice.level = "-11"
 		rt.prio = "88"
added:
	id: 2
	permissions: r--m-
	type: PipeWire:Interface:Module (version 3)
	name: "libpipewire-module-protocol-native"
	filename: "/usr/lib/aarch64-linux-gnu/pipewire-0.3/libpipewire-module-protocol-native.so"
	args: "{
            # List of server Unix sockets, and optionally permissions
            #sockets = [ { name = "pipewire-0" }, { name = "pipewire-0-manager" } ]
        }"
 	properties:
 		module.name = "libpipewire-module-protocol-native"
 		object.id = "2"
 		object.serial = "2"
 		module.author = "Wim Taymans <wim.taymans@gmail.com>"
 		module.description = "Native protocol using unix sockets"
 		module.version = "1.4.2"
added:
	id: 4
	permissions: r--m-
	type: PipeWire:Interface:Module (version 3)
	name: "libpipewire-module-profiler"
	filename: "/usr/lib/aarch64-linux-gnu/pipewire-0.3/libpipewire-module-profiler.so"
	args: "{
            #profile.interval.ms = 0
        }"
 	properties:
 		module.name = "libpipewire-module-profiler"
 		object.id = "4"
 		object.serial = "4"
 		module.author = "Wim Taymans <wim.taymans@gmail.com>"
 		module.description = "Generate Profiling data"
 		module.usage = "( profile.interval.ms=<minimum interval for sampling data (in ms) ) "
 		module.version = "1.4.2"
added:
	id: 6
	permissions: r--m-
	type: PipeWire:Interface:Module (version 3)
	name: "libpipewire-module-metadata"
	filename: "/usr/lib/aarch64-linux-gnu/pipewire-0.3/libpipewire-module-metadata.so"
	args: "(null)"
 	properties:
 		module.name = "libpipewire-module-metadata"
 		object.id = "6"
 		object.serial = "6"
 		module.author = "Wim Taymans <wim.taymans@gmail.com>"
 		module.description = "Allow clients to create metadata store"
 		module.version = "1.4.2"
added:
	id: 7
	permissions: r--m-
	type: PipeWire:Interface:Factory (version 3)
	name: "metadata"
	object-type: PipeWire:Interface:Metadata/3
 	properties:
 		factory.usage = "(metadata.name = <name> ) (metadata.values = [    { ( id = <int> ) key = <string> ( type = <string> ) value = <json> }    ...  ] )"
 		module.id = "6"
 		object.id = "7"
 		object.serial = "7"
 		factory.name = "metadata"
 		factory.type.name = "PipeWire:Interface:Metadata"
 		factory.type.version = "3"
added:
	id: 8
	permissions: r--m-
	type: PipeWire:Interface:Module (version 3)
	name: "libpipewire-module-spa-device-factory"
	filename: "/usr/lib/aarch64-linux-gnu/pipewire-0.3/libpipewire-module-spa-device-factory.so"
	args: "(null)"
 	properties:
 		module.name = "libpipewire-module-spa-device-factory"
 		object.id = "8"
 		object.serial = "8"
 		module.author = "Wim Taymans <wim.taymans@gmail.com>"
 		module.description = "Provide a factory to make SPA devices"
 		module.version = "1.4.2"
added:
	id: 9
	permissions: r--m-
	type: PipeWire:Interface:Factory (version 3)
	name: "spa-device-factory"
	object-type: PipeWire:Interface:Device/3
 	properties:
 		module.id = "8"
 		object.id = "9"
 		object.serial = "9"
 		factory.name = "spa-device-factory"
 		factory.type.name = "PipeWire:Interface:Device"
 		factory.type.version = "3"
added:
	id: 10
	permissions: r--m-
	type: PipeWire:Interface:Module (version 3)
	name: "libpipewire-module-spa-node-factory"
	filename: "/usr/lib/aarch64-linux-gnu/pipewire-0.3/libpipewire-module-spa-node-factory.so"
	args: "(null)"
 	properties:
 		module.name = "libpipewire-module-spa-node-factory"
 		object.id = "10"
 		object.serial = "10"
 		module.author = "Wim Taymans <wim.taymans@gmail.com>"
 		module.description = "Provide a factory to make SPA nodes"
 		module.version = "1.4.2"
added:
	id: 11
	permissions: r--m-
	type: PipeWire:Interface:Factory (version 3)
	name: "spa-node-factory"
	object-type: PipeWire:Interface:Node/3
 	properties:
 		module.id = "10"
 		object.id = "11"
 		object.serial = "11"
 		factory.name = "spa-node-factory"
 		factory.type.name = "PipeWire:Interface:Node"
 		factory.type.version = "3"
added:
	id: 12
	permissions: r--m-
	type: PipeWire:Interface:Module (version 3)
	name: "libpipewire-module-client-node"
	filename: "/usr/lib/aarch64-linux-gnu/pipewire-0.3/libpipewire-module-client-node.so"
	args: "(null)"
 	properties:
 		module.name = "libpipewire-module-client-node"
 		object.id = "12"
 		object.serial = "12"
 		module.author = "Wim Taymans <wim.taymans@gmail.com>"
 		module.description = "Allow clients to create and control remote nodes"
 		module.version = "1.4.2"
added:
	id: 13
	permissions: r--m-
	type: PipeWire:Interface:Factory (version 3)
	name: "client-node"
	object-type: PipeWire:Interface:ClientNode/6
 	properties:
 		module.id = "12"
 		object.id = "13"
 		object.serial = "13"
 		factory.name = "client-node"
 		factory.type.name = "PipeWire:Interface:ClientNode"
 		factory.type.version = "6"
added:
	id: 14
	permissions: r--m-
	type: PipeWire:Interface:Module (version 3)
	name: "libpipewire-module-client-device"
	filename: "/usr/lib/aarch64-linux-gnu/pipewire-0.3/libpipewire-module-client-device.so"
	args: "(null)"
 	properties:
 		module.name = "libpipewire-module-client-device"
 		object.id = "14"
 		object.serial = "14"
 		module.author = "Wim Taymans <wim.taymans@gmail.com>"
 		module.description = "Allow clients to create and control remote devices"
 		module.version = "1.4.2"
added:
	id: 15
	permissions: r--m-
	type: PipeWire:Interface:Factory (version 3)
	name: "client-device"
	object-type: Spa:Pointer:Interface:Device/0
 	properties:
 		factory.usage = "[device.name=<string>]"
 		module.id = "14"
 		object.id = "15"
 		object.serial = "15"
 		factory.name = "client-device"
 		factory.type.name = "Spa:Pointer:Interface:Device"
 		factory.type.version = "0"
added:
	id: 16
	permissions: r--m-
	type: PipeWire:Interface:Module (version 3)
	name: "libpipewire-module-portal"
	filename: "/usr/lib/aarch64-linux-gnu/pipewire-0.3/libpipewire-module-portal.so"
	args: "(null)"
 	properties:
 		module.name = "libpipewire-module-portal"
 		object.id = "16"
 		object.serial = "16"
added:
	id: 17
	permissions: r--m-
	type: PipeWire:Interface:Module (version 3)
	name: "libpipewire-module-access"
	filename: "/usr/lib/aarch64-linux-gnu/pipewire-0.3/libpipewire-module-access.so"
	args: "{
            # Socket-specific access permissions
            #access.socket = { pipewire-0 = "default", pipewire-0-manager = "unrestricted" }

            # Deprecated legacy mode (not socket-based),
            # for now enabled by default if access.socket is not specified
            #access.legacy = true
        }"
 	properties:
 		module.name = "libpipewire-module-access"
 		object.id = "17"
 		object.serial = "17"
 		module.author = "Wim Taymans <wim.taymans@gmail.com>"
 		module.description = "Perform access check"
 		module.usage = "( access.socket={ <socket>=<access>, ... } ) ( access.legacy=true ) "
 		module.version = "1.4.2"
added:
	id: 18
	permissions: r--m-
	type: PipeWire:Interface:Module (version 3)
	name: "libpipewire-module-adapter"
	filename: "/usr/lib/aarch64-linux-gnu/pipewire-0.3/libpipewire-module-adapter.so"
	args: "(null)"
 	properties:
 		module.name = "libpipewire-module-adapter"
 		object.id = "18"
 		object.serial = "18"
 		module.author = "Wim Taymans <wim.taymans@gmail.com>"
 		module.description = "Manage adapter nodes"
 		module.version = "1.4.2"
added:
	id: 19
	permissions: r--m-
	type: PipeWire:Interface:Factory (version 3)
	name: "adapter"
	object-type: PipeWire:Interface:Node/3
 	properties:
 		factory.usage = "factory.name=<factory-name> (library.name=<library-name>) node.name=<string> "
 		module.id = "18"
 		object.id = "19"
 		object.serial = "19"
 		factory.name = "adapter"
 		factory.type.name = "PipeWire:Interface:Node"
 		factory.type.version = "3"
added:
	id: 20
	permissions: r--m-
	type: PipeWire:Interface:Module (version 3)
	name: "libpipewire-module-link-factory"
	filename: "/usr/lib/aarch64-linux-gnu/pipewire-0.3/libpipewire-module-link-factory.so"
	args: "{
            #allow.link.passive = false
	}"
 	properties:
 		module.name = "libpipewire-module-link-factory"
 		object.id = "20"
 		object.serial = "20"
 		module.author = "Wim Taymans <wim.taymans@gmail.com>"
 		module.description = "Allow clients to create links"
 		module.usage = "( allow.link.passive=<bool, default false> ) "
 		module.version = "1.4.2"
added:
	id: 21
	permissions: r--m-
	type: PipeWire:Interface:Factory (version 3)
	name: "link-factory"
	object-type: PipeWire:Interface:Link/3
 	properties:
 		factory.usage = "(link.output.node=<output-node>) (link.output.port=<output-port>) (link.input.node=<input-node>) (link.input.port=<input-port>) (object.linger=<bool>) (link.passive=<bool>)"
 		module.id = "20"
 		object.id = "21"
 		object.serial = "21"
 		factory.name = "link-factory"
 		factory.type.name = "PipeWire:Interface:Link"
 		factory.type.version = "3"
added:
	id: 22
	permissions: r--m-
	type: PipeWire:Interface:Module (version 3)
	name: "libpipewire-module-session-manager"
	filename: "/usr/lib/aarch64-linux-gnu/pipewire-0.3/libpipewire-module-session-manager.so"
	args: "(null)"
 	properties:
 		module.name = "libpipewire-module-session-manager"
 		object.id = "22"
 		object.serial = "22"
 		module.author = "George Kiagiadakis <george.kiagiadakis@collabora.com>"
 		module.description = "Implements objects for session management"
 		module.version = "1.4.2"
added:
	id: 23
	permissions: r--m-
	type: PipeWire:Interface:Factory (version 3)
	name: "client-endpoint"
	object-type: PipeWire:Interface:ClientEndpoint/0
 	properties:
 		module.id = "22"
 		object.id = "23"
 		object.serial = "23"
 		factory.name = "client-endpoint"
 		factory.type.name = "PipeWire:Interface:ClientEndpoint"
 		factory.type.version = "0"
added:
	id: 24
	permissions: r--m-
	type: PipeWire:Interface:Factory (version 3)
	name: "client-session"
	object-type: PipeWire:Interface:ClientSession/0
 	properties:
 		module.id = "22"
 		object.id = "24"
 		object.serial = "24"
 		factory.name = "client-session"
 		factory.type.name = "PipeWire:Interface:ClientSession"
 		factory.type.version = "0"
added:
	id: 25
	permissions: r--m-
	type: PipeWire:Interface:Factory (version 3)
	name: "session"
	object-type: PipeWire:Interface:Session/0
 	properties:
 		module.id = "22"
 		object.id = "25"
 		object.serial = "25"
 		factory.name = "session"
 		factory.type.name = "PipeWire:Interface:Session"
 		factory.type.version = "0"
added:
	id: 26
	permissions: r--m-
	type: PipeWire:Interface:Factory (version 3)
	name: "endpoint"
	object-type: PipeWire:Interface:Endpoint/0
 	properties:
 		module.id = "22"
 		object.id = "26"
 		object.serial = "26"
 		factory.name = "endpoint"
 		factory.type.name = "PipeWire:Interface:Endpoint"
 		factory.type.version = "0"
added:
	id: 27
	permissions: r--m-
	type: PipeWire:Interface:Factory (version 3)
	name: "endpoint-stream"
	object-type: PipeWire:Interface:EndpointStream/0
 	properties:
 		module.id = "22"
 		object.id = "27"
 		object.serial = "27"
 		factory.name = "endpoint-stream"
 		factory.type.name = "PipeWire:Interface:EndpointStream"
 		factory.type.version = "0"
added:
	id: 28
	permissions: r--m-
	type: PipeWire:Interface:Factory (version 3)
	name: "endpoint-link"
	object-type: PipeWire:Interface:EndpointLink/0
 	properties:
 		module.id = "22"
 		object.id = "28"
 		object.serial = "28"
 		factory.name = "endpoint-link"
 		factory.type.name = "PipeWire:Interface:EndpointLink"
 		factory.type.version = "0"
added:
	id: 29
	permissions: r--m-
	type: PipeWire:Interface:Module (version 3)
	name: "libpipewire-module-jackdbus-detect"
	filename: "/usr/lib/aarch64-linux-gnu/pipewire-0.3/libpipewire-module-jackdbus-detect.so"
	args: "{
            #jack.library     = libjack.so.0
            #jack.server      = null
            #jack.client-name = PipeWire
            #jack.connect     = true
            #tunnel.mode      = duplex  # source|sink|duplex
            source.props = {
                #audio.channels = 2
		#midi.ports = 1
                #audio.position = [ FL FR ]
                # extra sink properties
            }
            sink.props = {
                #audio.channels = 2
		#midi.ports = 1
                #audio.position = [ FL FR ]
                # extra sink properties
            }
        }"
 	properties:
 		module.name = "libpipewire-module-jackdbus-detect"
 		object.id = "29"
 		object.serial = "29"
added:
	id: 34
	permissions: rwxm-
	type: PipeWire:Interface:Client (version 3)
 	properties:
 		pipewire.protocol = "protocol-native"
 		core.name = "pipewire-admin-601"
 		pipewire.sec.socket = "pipewire-0"
 		pipewire.sec.pid = "601"
 		pipewire.sec.uid = "1000"
 		pipewire.sec.gid = "1000"
 		module.id = "2"
 		object.id = "34"
 		object.serial = "34"
 		config.name = "pipewire-pulse.conf"
 		application.name = "pipewire"
 		application.process.binary = "pipewire"
 		application.language = "en_GB.UTF-8"
 		application.process.id = "601"
 		application.process.user = "admin"
 		application.process.host = "larkbridge"
 		cpu.max-align = "16"
 		default.clock.rate = "48000"
 		default.clock.quantum = "1024"
 		default.clock.min-quantum = "32"
 		default.clock.max-quantum = "2048"
 		default.clock.quantum-limit = "8192"
 		default.clock.quantum-floor = "4"
 		default.video.width = "640"
 		default.video.height = "480"
 		default.video.rate.num = "25"
 		default.video.rate.denom = "1"
 		log.level = "2"
 		clock.power-of-two-quantum = "true"
 		link.max-buffers = "64"
 		mem.warn-mlock = "false"
 		mem.allow-mlock = "true"
 		settings.check-quantum = "false"
 		settings.check-rate = "false"
 		core.version = "1.4.2"
 		pipewire.access = "unrestricted"
added:
	id: 120
	permissions: rwxm-
	type: PipeWire:Interface:Client (version 3)
 	properties:
 		pipewire.protocol = "protocol-native"
 		core.name = "pipewire-admin-72615"
 		pipewire.sec.socket = "pipewire-0-manager"
 		pipewire.sec.pid = "72615"
 		pipewire.sec.uid = "1000"
 		pipewire.sec.gid = "1000"
 		module.id = "2"
 		object.id = "120"
 		object.serial = "24048"
 		application.version = "0.5.8"
 		wireplumber.daemon = "true"
 		wireplumber.profile = "main"
 		application.name = "WirePlumber"
 		remote.name = "[pipewire-0-manager,pipewire-0]"
 		config.name = "null"
 		context.modules.allow-empty = "true"
 		application.process.binary = "wireplumber"
 		application.language = "en_GB.UTF-8"
 		application.process.id = "72615"
 		application.process.user = "admin"
 		application.process.host = "larkbridge"
 		cpu.max-align = "16"
 		default.clock.rate = "48000"
 		default.clock.quantum = "1024"
 		default.clock.min-quantum = "32"
 		default.clock.max-quantum = "2048"
 		default.clock.quantum-limit = "8192"
 		default.clock.quantum-floor = "4"
 		default.video.width = "640"
 		default.video.height = "480"
 		default.video.rate.num = "25"
 		default.video.rate.denom = "1"
 		log.level = "2"
 		clock.power-of-two-quantum = "true"
 		link.max-buffers = "64"
 		mem.warn-mlock = "false"
 		mem.allow-mlock = "true"
 		settings.check-quantum = "false"
 		settings.check-rate = "false"
 		core.version = "1.4.2"
 		pipewire.access = "unrestricted"
 		session.services = "[api.alsa-seq, bluetooth.audio, api.bluez, policy.linking.standard, midi, bluetooth.midi, policy.linking.role-based, api.libcamera, audio, api.v4l2, video-capture, api.alsa, policy.default-nodes, policy.device.profile, policy.device.routes]"
added:
	id: 49
	permissions: rwxm-
	type: PipeWire:Interface:Client (version 3)
 	properties:
 		pipewire.protocol = "protocol-native"
 		core.name = "pipewire-admin-72615"
 		pipewire.sec.socket = "pipewire-0-manager"
 		pipewire.sec.pid = "72615"
 		pipewire.sec.uid = "1000"
 		pipewire.sec.gid = "1000"
 		module.id = "2"
 		object.id = "49"
 		object.serial = "24060"
 		application.name = "WirePlumber [export]"
 		wireplumber.export-core = "true"
 		application.version = "0.5.8"
 		wireplumber.daemon = "true"
 		wireplumber.profile = "main"
 		remote.name = "[pipewire-0-manager,pipewire-0]"
 		config.name = "null"
 		context.modules.allow-empty = "true"
 		application.process.binary = "wireplumber"
 		application.language = "en_GB.UTF-8"
 		application.process.id = "72615"
 		application.process.user = "admin"
 		application.process.host = "larkbridge"
 		cpu.max-align = "16"
 		default.clock.rate = "48000"
 		default.clock.quantum = "1024"
 		default.clock.min-quantum = "32"
 		default.clock.max-quantum = "2048"
 		default.clock.quantum-limit = "8192"
 		default.clock.quantum-floor = "4"
 		default.video.width = "640"
 		default.video.height = "480"
 		default.video.rate.num = "25"
 		default.video.rate.denom = "1"
 		log.level = "2"
 		clock.power-of-two-quantum = "true"
 		link.max-buffers = "64"
 		mem.warn-mlock = "false"
 		mem.allow-mlock = "true"
 		settings.check-quantum = "false"
 		settings.check-rate = "false"
 		core.version = "1.4.2"
 		pipewire.access = "unrestricted"
added:
	id: 87
	permissions: rwxm-
	type: PipeWire:Interface:Client (version 3)
 	properties:
 		pipewire.protocol = "protocol-native"
 		core.name = "pipewire-admin-90056"
 		pipewire.sec.socket = "pipewire-0-manager"
 		pipewire.sec.pid = "90056"
 		pipewire.sec.uid = "1000"
 		pipewire.sec.gid = "1000"
 		module.id = "2"
 		object.id = "87"
 		object.serial = "27854"
 		remote.intention = "manager"
 		application.name = "pw-mon"
 		application.process.binary = "pw-mon"
 		application.language = "en_GB.UTF-8"
 		application.process.id = "90056"
 		application.process.user = "admin"
 		application.process.host = "larkbridge"
 		application.process.session-id = "813"
 		log.level = "0"
 		cpu.max-align = "16"
 		default.clock.rate = "48000"
 		default.clock.quantum = "1024"
 		default.clock.min-quantum = "32"
 		default.clock.max-quantum = "2048"
 		default.clock.quantum-limit = "8192"
 		default.clock.quantum-floor = "4"
 		default.video.width = "640"
 		default.video.height = "480"
 		default.video.rate.num = "25"
 		default.video.rate.denom = "1"
 		clock.power-of-two-quantum = "true"
 		link.max-buffers = "64"
 		mem.warn-mlock = "false"
 		mem.allow-mlock = "true"
 		settings.check-quantum = "false"
 		settings.check-rate = "false"
 		core.version = "1.4.2"
 		pipewire.access = "unrestricted"
added:
	id: 30
	permissions: rwxm-
	type: PipeWire:Interface:Node (version 3)
 	params:
 	input ports: 0/0
 	output ports: 0/0
 	state: "suspended"
 	properties:
 		factory.name = "support.node.driver"
 		node.name = "Dummy-Driver"
 		node.group = "pipewire.dummy"
 		node.sync-group = "sync.dummy"
 		priority.driver = "200000"
 		factory.id = "11"
 		clock.quantum-limit = "8192"
 		node.loop.name = "data-loop.0"
 		node.driver = "true"
 		clock.id = "monotonic"
 		clock.name = "clock.system.monotonic"
 		object.id = "30"
 		object.serial = "30"
added:
	id: 31
	permissions: rwxm-
	type: PipeWire:Interface:Node (version 3)
 	params:
 	input ports: 0/0
 	output ports: 0/0
 	state: "suspended"
 	properties:
 		factory.name = "support.node.driver"
 		node.name = "Freewheel-Driver"
 		priority.driver = "190000"
 		node.group = "pipewire.freewheel"
 		node.sync-group = "sync.dummy"
 		node.freewheel = "true"
 		factory.id = "11"
 		clock.quantum-limit = "8192"
 		node.loop.name = "data-loop.0"
 		node.driver = "true"
 		clock.id = "monotonic"
 		clock.name = "clock.system.monotonic"
 		object.id = "31"
 		object.serial = "31"
added:
	id: 45
	permissions: rwxm-
	type: PipeWire:Interface:Device (version 3)
 	params:
*	  id:8 (Spa:Enum:ParamId:EnumProfile)
          Object: size 160, type Spa:Pod:Object:Param:Profile (262151), id Spa:Enum:ParamId:EnumProfile (8)
            Prop: key Spa:Pod:Object:Param:Profile:index (1), flags 00000000
              Int 0
            Prop: key Spa:Pod:Object:Param:Profile:name (2), flags 00000000
              String "off"
            Prop: key Spa:Pod:Object:Param:Profile:description (3), flags 00000000
              String "Off"
            Prop: key Spa:Pod:Object:Param:Profile:priority (4), flags 00000000
              Int 0
            Prop: key Spa:Pod:Object:Param:Profile:available (5), flags 00000000
              Id 2        (Spa:Enum:ParamAvailability:yes)
            Prop: key Spa:Pod:Object:Param:Profile:classes (7), flags 00000000
              Struct: size 16
                Int 0
*	  id:8 (Spa:Enum:ParamId:EnumProfile)
          Object: size 288, type Spa:Pod:Object:Param:Profile (262151), id Spa:Enum:ParamId:EnumProfile (8)
            Prop: key Spa:Pod:Object:Param:Profile:index (1), flags 00000000
              Int 1
            Prop: key Spa:Pod:Object:Param:Profile:name (2), flags 00000000
              String "output:stereo-fallback"
            Prop: key Spa:Pod:Object:Param:Profile:description (3), flags 00000000
              String "Stereo Output"
            Prop: key Spa:Pod:Object:Param:Profile:priority (4), flags 00000000
              Int 5100
            Prop: key Spa:Pod:Object:Param:Profile:available (5), flags 00000000
              Id 0        (Spa:Enum:ParamAvailability:unknown)
            Prop: key Spa:Pod:Object:Param:Profile:classes (7), flags 00000000
              Struct: size 120
                Int 1
                Struct: size 96
                  String "Audio/Sink"
                  Int 1
                  String "card.profile.devices"
                  Array: child.size 4, child.type Spa:Int
                    Int 1
*	  id:8 (Spa:Enum:ParamId:EnumProfile)
          Object: size 280, type Spa:Pod:Object:Param:Profile (262151), id Spa:Enum:ParamId:EnumProfile (8)
            Prop: key Spa:Pod:Object:Param:Profile:index (1), flags 00000000
              Int 2
            Prop: key Spa:Pod:Object:Param:Profile:name (2), flags 00000000
              String "pro-audio"
            Prop: key Spa:Pod:Object:Param:Profile:description (3), flags 00000000
              String "Pro Audio"
            Prop: key Spa:Pod:Object:Param:Profile:priority (4), flags 00000000
              Int 1
            Prop: key Spa:Pod:Object:Param:Profile:available (5), flags 00000000
              Id 2        (Spa:Enum:ParamAvailability:yes)
            Prop: key Spa:Pod:Object:Param:Profile:classes (7), flags 00000000
              Struct: size 120
                Int 1
                Struct: size 96
                  String "Audio/Sink"
                  Int 1
                  String "card.profile.devices"
                  Array: child.size 4, child.type Spa:Int
                    Int 0
*	  id:9 (Spa:Enum:ParamId:Profile)
          Object: size 312, type Spa:Pod:Object:Param:Profile (262151), id Spa:Enum:ParamId:Profile (9)
            Prop: key Spa:Pod:Object:Param:Profile:index (1), flags 00000000
              Int 1
            Prop: key Spa:Pod:Object:Param:Profile:name (2), flags 00000000
              String "output:stereo-fallback"
            Prop: key Spa:Pod:Object:Param:Profile:description (3), flags 00000000
              String "Stereo Output"
            Prop: key Spa:Pod:Object:Param:Profile:priority (4), flags 00000000
              Int 5100
            Prop: key Spa:Pod:Object:Param:Profile:available (5), flags 00000000
              Id 0        (Spa:Enum:ParamAvailability:unknown)
            Prop: key Spa:Pod:Object:Param:Profile:classes (7), flags 00000000
              Struct: size 120
                Int 1
                Struct: size 96
                  String "Audio/Sink"
                  Int 1
                  String "card.profile.devices"
                  Array: child.size 4, child.type Spa:Int
                    Int 1
            Prop: key Spa:Pod:Object:Param:Profile:save (8), flags 00000000
              Bool false
*	  id:12 (Spa:Enum:ParamId:EnumRoute)
          Object: size 352, type Spa:Pod:Object:Param:Route (262153), id Spa:Enum:ParamId:EnumRoute (12)
            Prop: key Spa:Pod:Object:Param:Route:index (1), flags 00000000
              Int 0
            Prop: key Spa:Pod:Object:Param:Route:direction (2), flags 00000000
              Id 1        (Spa:Enum:Direction:Output)
            Prop: key Spa:Pod:Object:Param:Route:name (4), flags 00000000
              String "analog-output"
            Prop: key Spa:Pod:Object:Param:Route:description (5), flags 00000000
              String "Analog Output"
            Prop: key Spa:Pod:Object:Param:Route:priority (6), flags 00000000
              Int 9900
            Prop: key Spa:Pod:Object:Param:Route:available (7), flags 00000000
              Id 0        (Spa:Enum:ParamAvailability:unknown)
            Prop: key Spa:Pod:Object:Param:Route:info (8), flags 00000004
              Struct: size 104
                Int 2
                String "port.type"
                String "analog"
                String "card.profile.port"
                String "0"
            Prop: key Spa:Pod:Object:Param:Route:profiles (9), flags 00000000
              Array: child.size 4, child.type Spa:Int
                Int 1
            Prop: key Spa:Pod:Object:Param:Route:devices (11), flags 00000000
              Array: child.size 4, child.type Spa:Int
                Int 1
*	  id:13 (Spa:Enum:ParamId:Route)
          Object: size 720, type Spa:Pod:Object:Param:Route (262153), id Spa:Enum:ParamId:Route (13)
            Prop: key Spa:Pod:Object:Param:Route:index (1), flags 00000000
              Int 0
            Prop: key Spa:Pod:Object:Param:Route:direction (2), flags 00000000
              Id 1        (Spa:Enum:Direction:Output)
            Prop: key Spa:Pod:Object:Param:Route:name (4), flags 00000000
              String "analog-output"
            Prop: key Spa:Pod:Object:Param:Route:description (5), flags 00000000
              String "Analog Output"
            Prop: key Spa:Pod:Object:Param:Route:priority (6), flags 00000000
              Int 9900
            Prop: key Spa:Pod:Object:Param:Route:available (7), flags 00000000
              Id 0        (Spa:Enum:ParamAvailability:unknown)
            Prop: key Spa:Pod:Object:Param:Route:info (8), flags 00000004
              Struct: size 184
                Int 4
                String "port.type"
                String "analog"
                String "card.profile.port"
                String "0"
                String "route.hw-mute"
                String "true"
                String "route.hw-volume"
                String "true"
            Prop: key Spa:Pod:Object:Param:Route:profiles (9), flags 00000000
              Array: child.size 4, child.type Spa:Int
                Int 1
            Prop: key Spa:Pod:Object:Param:Route:device (3), flags 00000000
              Int 1
            Prop: key Spa:Pod:Object:Param:Route:props (10), flags 00000000
              Object: size 200, type Spa:Pod:Object:Param:Props (262146), id Spa:Enum:ParamId:Route (13)
                Prop: key Spa:Pod:Object:Param:Props:mute (65540), flags 00000002
                  Bool false
                Prop: key Spa:Pod:Object:Param:Props:channelVolumes (65544), flags 00000002
                  Array: child.size 4, child.type Spa:Float
                    Float 0.614105
                    Float 0.614105
                Prop: key Spa:Pod:Object:Param:Props:volumeBase (65545), flags 00000001
                  Float 0.630959
                Prop: key Spa:Pod:Object:Param:Props:volumeStep (65546), flags 00000001
                  Float 0.000015
                Prop: key Spa:Pod:Object:Param:Props:channelMap (65547), flags 00000000
                  Array: child.size 4, child.type Spa:Id
                    Id 3        (Spa:Enum:AudioChannel:FL)
                    Id 4        (Spa:Enum:AudioChannel:FR)
                Prop: key Spa:Pod:Object:Param:Props:softVolumes (65552), flags 00000000
                  Array: child.size 4, child.type Spa:Float
                    Float 1.000000
                    Float 1.000000
                Prop: key Spa:Pod:Object:Param:Props:latencyOffsetNsec (65550), flags 00000000
                  Long 0
            Prop: key Spa:Pod:Object:Param:Route:devices (11), flags 00000000
              Array: child.size 4, child.type Spa:Int
                Int 1
            Prop: key Spa:Pod:Object:Param:Route:profile (12), flags 00000000
              Int 1
            Prop: key Spa:Pod:Object:Param:Route:save (13), flags 00000000
              Bool true
 	properties:
 		api.acp.auto-port = "false"
 		api.acp.auto-profile = "false"
 		api.alsa.card = "0"
 		api.alsa.card.longname = "bcm2835 Headphones"
 		api.alsa.card.name = "bcm2835 Headphones"
 		api.alsa.path = "hw:0"
 		api.alsa.split-enable = "true"
 		api.alsa.use-acp = "true"
 		api.dbus.ReserveDevice1 = "Audio0"
 		api.dbus.ReserveDevice1.Priority = "-20"
 		device.api = "alsa"
 		device.bus-path = "platform-3f00b840.mailbox"
 		device.description = "Built-in Audio"
 		device.enum.api = "udev"
 		device.form-factor = "internal"
 		device.icon-name = "audio-card-analog"
 		device.name = "alsa_card.platform-3f00b840.mailbox"
 		device.nick = "bcm2835 Headphones"
 		device.plugged.usec = "9864714"
 		device.subsystem = "sound"
 		device.sysfs.path = "/devices/platform/soc/3f00b840.mailbox/bcm2835-audio/sound/card0"
 		media.class = "Audio/Device"
 		spa.object.id = "2"
 		factory.id = "15"
 		client.id = "49"
 		object.id = "45"
 		object.serial = "24062"
 		object.path = "alsa:acp:Headphones"
 		alsa.card = "0"
 		alsa.card_name = "bcm2835 Headphones"
 		alsa.long_card_name = "bcm2835 Headphones"
 		alsa.mixer_name = "Broadcom Mixer"
 		alsa.id = "Headphones"
 		device.string = "0"
added:
	id: 78
	permissions: rwxm-
	type: PipeWire:Interface:Device (version 3)
 	params:
*	  id:8 (Spa:Enum:ParamId:EnumProfile)
          Object: size 160, type Spa:Pod:Object:Param:Profile (262151), id Spa:Enum:ParamId:EnumProfile (8)
            Prop: key Spa:Pod:Object:Param:Profile:index (1), flags 00000000
              Int 0
            Prop: key Spa:Pod:Object:Param:Profile:name (2), flags 00000000
              String "off"
            Prop: key Spa:Pod:Object:Param:Profile:description (3), flags 00000000
              String "Off"
            Prop: key Spa:Pod:Object:Param:Profile:priority (4), flags 00000000
              Int 0
            Prop: key Spa:Pod:Object:Param:Profile:available (5), flags 00000000
              Id 2        (Spa:Enum:ParamAvailability:yes)
            Prop: key Spa:Pod:Object:Param:Profile:classes (7), flags 00000000
              Struct: size 16
                Int 0
*	  id:8 (Spa:Enum:ParamId:EnumProfile)
          Object: size 280, type Spa:Pod:Object:Param:Profile (262151), id Spa:Enum:ParamId:EnumProfile (8)
            Prop: key Spa:Pod:Object:Param:Profile:index (1), flags 00000000
              Int 1
            Prop: key Spa:Pod:Object:Param:Profile:name (2), flags 00000000
              String "pro-audio"
            Prop: key Spa:Pod:Object:Param:Profile:description (3), flags 00000000
              String "Pro Audio"
            Prop: key Spa:Pod:Object:Param:Profile:priority (4), flags 00000000
              Int 1
            Prop: key Spa:Pod:Object:Param:Profile:available (5), flags 00000000
              Id 2        (Spa:Enum:ParamAvailability:yes)
            Prop: key Spa:Pod:Object:Param:Profile:classes (7), flags 00000000
              Struct: size 120
                Int 1
                Struct: size 96
                  String "Audio/Sink"
                  Int 1
                  String "card.profile.devices"
                  Array: child.size 4, child.type Spa:Int
                    Int 0
*	  id:9 (Spa:Enum:ParamId:Profile)
          Object: size 184, type Spa:Pod:Object:Param:Profile (262151), id Spa:Enum:ParamId:Profile (9)
            Prop: key Spa:Pod:Object:Param:Profile:index (1), flags 00000000
              Int 0
            Prop: key Spa:Pod:Object:Param:Profile:name (2), flags 00000000
              String "off"
            Prop: key Spa:Pod:Object:Param:Profile:description (3), flags 00000000
              String "Off"
            Prop: key Spa:Pod:Object:Param:Profile:priority (4), flags 00000000
              Int 0
            Prop: key Spa:Pod:Object:Param:Profile:available (5), flags 00000000
              Id 2        (Spa:Enum:ParamAvailability:yes)
            Prop: key Spa:Pod:Object:Param:Profile:classes (7), flags 00000000
              Struct: size 16
                Int 0
            Prop: key Spa:Pod:Object:Param:Profile:save (8), flags 00000000
              Bool false
 	properties:
 		api.acp.auto-port = "false"
 		api.acp.auto-profile = "false"
 		api.alsa.card = "2"
 		api.alsa.card.longname = "vc4-hdmi"
 		api.alsa.card.name = "vc4-hdmi"
 		api.alsa.path = "hw:2"
 		api.alsa.split-enable = "true"
 		api.alsa.use-acp = "true"
 		api.dbus.ReserveDevice1 = "Audio2"
 		api.dbus.ReserveDevice1.Priority = "-20"
 		device.api = "alsa"
 		device.bus-path = "platform-3f902000.hdmi"
 		device.description = "Built-in Audio"
 		device.enum.api = "udev"
 		device.form-factor = "internal"
 		device.icon-name = "audio-card-analog"
 		device.name = "alsa_card.platform-3f902000.hdmi"
 		device.nick = "vc4-hdmi"
 		device.plugged.usec = "11057922"
 		device.subsystem = "sound"
 		device.sysfs.path = "/devices/platform/soc/3f902000.hdmi/sound/card2"
 		media.class = "Audio/Device"
 		spa.object.id = "6"
 		factory.id = "15"
 		client.id = "49"
 		object.id = "78"
 		object.serial = "24063"
 		object.path = "alsa:acp:vc4hdmi"
 		alsa.card = "2"
 		alsa.card_name = "vc4-hdmi"
 		alsa.long_card_name = "vc4-hdmi"
 		alsa.driver_name = "vc4"
 		alsa.id = "vc4hdmi"
 		device.string = "2"
added:
	id: 33
	permissions: rwxm-
	type: PipeWire:Interface:Device (version 3)
 	params:
*	  id:8 (Spa:Enum:ParamId:EnumProfile)
          Object: size 160, type Spa:Pod:Object:Param:Profile (262151), id Spa:Enum:ParamId:EnumProfile (8)
            Prop: key Spa:Pod:Object:Param:Profile:index (1), flags 00000000
              Int 0
            Prop: key Spa:Pod:Object:Param:Profile:name (2), flags 00000000
              String "off"
            Prop: key Spa:Pod:Object:Param:Profile:description (3), flags 00000000
              String "Off"
            Prop: key Spa:Pod:Object:Param:Profile:priority (4), flags 00000000
              Int 0
            Prop: key Spa:Pod:Object:Param:Profile:available (5), flags 00000000
              Id 2        (Spa:Enum:ParamAvailability:yes)
            Prop: key Spa:Pod:Object:Param:Profile:classes (7), flags 00000000
              Struct: size 16
                Int 0
*	  id:8 (Spa:Enum:ParamId:EnumProfile)
          Object: size 296, type Spa:Pod:Object:Param:Profile (262151), id Spa:Enum:ParamId:EnumProfile (8)
            Prop: key Spa:Pod:Object:Param:Profile:index (1), flags 00000000
              Int 1
            Prop: key Spa:Pod:Object:Param:Profile:name (2), flags 00000000
              String "input:analog-stereo"
            Prop: key Spa:Pod:Object:Param:Profile:description (3), flags 00000000
              String "Analog Stereo Input"
            Prop: key Spa:Pod:Object:Param:Profile:priority (4), flags 00000000
              Int 65
            Prop: key Spa:Pod:Object:Param:Profile:available (5), flags 00000000
              Id 0        (Spa:Enum:ParamAvailability:unknown)
            Prop: key Spa:Pod:Object:Param:Profile:classes (7), flags 00000000
              Struct: size 120
                Int 1
                Struct: size 96
                  String "Audio/Source"
                  Int 1
                  String "card.profile.devices"
                  Array: child.size 4, child.type Spa:Int
                    Int 0
*	  id:8 (Spa:Enum:ParamId:EnumProfile)
          Object: size 304, type Spa:Pod:Object:Param:Profile (262151), id Spa:Enum:ParamId:EnumProfile (8)
            Prop: key Spa:Pod:Object:Param:Profile:index (1), flags 00000000
              Int 2
            Prop: key Spa:Pod:Object:Param:Profile:name (2), flags 00000000
              String "input:iec958-stereo"
            Prop: key Spa:Pod:Object:Param:Profile:description (3), flags 00000000
              String "Digital Stereo (IEC958) Input"
            Prop: key Spa:Pod:Object:Param:Profile:priority (4), flags 00000000
              Int 55
            Prop: key Spa:Pod:Object:Param:Profile:available (5), flags 00000000
              Id 0        (Spa:Enum:ParamAvailability:unknown)
            Prop: key Spa:Pod:Object:Param:Profile:classes (7), flags 00000000
              Struct: size 120
                Int 1
                Struct: size 96
                  String "Audio/Source"
                  Int 1
                  String "card.profile.devices"
                  Array: child.size 4, child.type Spa:Int
                    Int 2
*	  id:8 (Spa:Enum:ParamId:EnumProfile)
          Object: size 280, type Spa:Pod:Object:Param:Profile (262151), id Spa:Enum:ParamId:EnumProfile (8)
            Prop: key Spa:Pod:Object:Param:Profile:index (1), flags 00000000
              Int 3
            Prop: key Spa:Pod:Object:Param:Profile:name (2), flags 00000000
              String "pro-audio"
            Prop: key Spa:Pod:Object:Param:Profile:description (3), flags 00000000
              String "Pro Audio"
            Prop: key Spa:Pod:Object:Param:Profile:priority (4), flags 00000000
              Int 1
            Prop: key Spa:Pod:Object:Param:Profile:available (5), flags 00000000
              Id 2        (Spa:Enum:ParamAvailability:yes)
            Prop: key Spa:Pod:Object:Param:Profile:classes (7), flags 00000000
              Struct: size 120
                Int 1
                Struct: size 96
                  String "Audio/Source"
                  Int 1
                  String "card.profile.devices"
                  Array: child.size 4, child.type Spa:Int
                    Int 1
*	  id:9 (Spa:Enum:ParamId:Profile)
          Object: size 320, type Spa:Pod:Object:Param:Profile (262151), id Spa:Enum:ParamId:Profile (9)
            Prop: key Spa:Pod:Object:Param:Profile:index (1), flags 00000000
              Int 1
            Prop: key Spa:Pod:Object:Param:Profile:name (2), flags 00000000
              String "input:analog-stereo"
            Prop: key Spa:Pod:Object:Param:Profile:description (3), flags 00000000
              String "Analog Stereo Input"
            Prop: key Spa:Pod:Object:Param:Profile:priority (4), flags 00000000
              Int 65
            Prop: key Spa:Pod:Object:Param:Profile:available (5), flags 00000000
              Id 0        (Spa:Enum:ParamAvailability:unknown)
            Prop: key Spa:Pod:Object:Param:Profile:classes (7), flags 00000000
              Struct: size 120
                Int 1
                Struct: size 96
                  String "Audio/Source"
                  Int 1
                  String "card.profile.devices"
                  Array: child.size 4, child.type Spa:Int
                    Int 0
            Prop: key Spa:Pod:Object:Param:Profile:save (8), flags 00000000
              Bool false
*	  id:12 (Spa:Enum:ParamId:EnumRoute)
          Object: size 352, type Spa:Pod:Object:Param:Route (262153), id Spa:Enum:ParamId:EnumRoute (12)
            Prop: key Spa:Pod:Object:Param:Route:index (1), flags 00000000
              Int 0
            Prop: key Spa:Pod:Object:Param:Route:direction (2), flags 00000000
              Id 0        (Spa:Enum:Direction:Input)
            Prop: key Spa:Pod:Object:Param:Route:name (4), flags 00000000
              String "analog-input"
            Prop: key Spa:Pod:Object:Param:Route:description (5), flags 00000000
              String "Analog Input"
            Prop: key Spa:Pod:Object:Param:Route:priority (6), flags 00000000
              Int 10000
            Prop: key Spa:Pod:Object:Param:Route:available (7), flags 00000000
              Id 0        (Spa:Enum:ParamAvailability:unknown)
            Prop: key Spa:Pod:Object:Param:Route:info (8), flags 00000004
              Struct: size 104
                Int 2
                String "port.type"
                String "analog"
                String "card.profile.port"
                String "0"
            Prop: key Spa:Pod:Object:Param:Route:profiles (9), flags 00000000
              Array: child.size 4, child.type Spa:Int
                Int 1
            Prop: key Spa:Pod:Object:Param:Route:devices (11), flags 00000000
              Array: child.size 4, child.type Spa:Int
                Int 0
*	  id:12 (Spa:Enum:ParamId:EnumRoute)
          Object: size 368, type Spa:Pod:Object:Param:Route (262153), id Spa:Enum:ParamId:EnumRoute (12)
            Prop: key Spa:Pod:Object:Param:Route:index (1), flags 00000000
              Int 1
            Prop: key Spa:Pod:Object:Param:Route:direction (2), flags 00000000
              Id 0        (Spa:Enum:Direction:Input)
            Prop: key Spa:Pod:Object:Param:Route:name (4), flags 00000000
              String "iec958-stereo-input"
            Prop: key Spa:Pod:Object:Param:Route:description (5), flags 00000000
              String "Digital Input (S/PDIF)"
            Prop: key Spa:Pod:Object:Param:Route:priority (6), flags 00000000
              Int 0
            Prop: key Spa:Pod:Object:Param:Route:available (7), flags 00000000
              Id 0        (Spa:Enum:ParamAvailability:unknown)
            Prop: key Spa:Pod:Object:Param:Route:info (8), flags 00000004
              Struct: size 104
                Int 2
                String "port.type"
                String "spdif"
                String "card.profile.port"
                String "1"
            Prop: key Spa:Pod:Object:Param:Route:profiles (9), flags 00000000
              Array: child.size 4, child.type Spa:Int
                Int 2
            Prop: key Spa:Pod:Object:Param:Route:devices (11), flags 00000000
              Array: child.size 4, child.type Spa:Int
                Int 2
*	  id:13 (Spa:Enum:ParamId:Route)
          Object: size 720, type Spa:Pod:Object:Param:Route (262153), id Spa:Enum:ParamId:Route (13)
            Prop: key Spa:Pod:Object:Param:Route:index (1), flags 00000000
              Int 0
            Prop: key Spa:Pod:Object:Param:Route:direction (2), flags 00000000
              Id 0        (Spa:Enum:Direction:Input)
            Prop: key Spa:Pod:Object:Param:Route:name (4), flags 00000000
              String "analog-input"
            Prop: key Spa:Pod:Object:Param:Route:description (5), flags 00000000
              String "Analog Input"
            Prop: key Spa:Pod:Object:Param:Route:priority (6), flags 00000000
              Int 10000
            Prop: key Spa:Pod:Object:Param:Route:available (7), flags 00000000
              Id 0        (Spa:Enum:ParamAvailability:unknown)
            Prop: key Spa:Pod:Object:Param:Route:info (8), flags 00000004
              Struct: size 184
                Int 4
                String "port.type"
                String "analog"
                String "card.profile.port"
                String "0"
                String "route.hw-mute"
                String "false"
                String "route.hw-volume"
                String "false"
            Prop: key Spa:Pod:Object:Param:Route:profiles (9), flags 00000000
              Array: child.size 4, child.type Spa:Int
                Int 1
            Prop: key Spa:Pod:Object:Param:Route:device (3), flags 00000000
              Int 0
            Prop: key Spa:Pod:Object:Param:Route:props (10), flags 00000000
              Object: size 200, type Spa:Pod:Object:Param:Props (262146), id Spa:Enum:ParamId:Route (13)
                Prop: key Spa:Pod:Object:Param:Props:mute (65540), flags 00000000
                  Bool false
                Prop: key Spa:Pod:Object:Param:Props:channelVolumes (65544), flags 00000000
                  Array: child.size 4, child.type Spa:Float
                    Float 1.000000
                    Float 1.000000
                Prop: key Spa:Pod:Object:Param:Props:volumeBase (65545), flags 00000001
                  Float 1.000000
                Prop: key Spa:Pod:Object:Param:Props:volumeStep (65546), flags 00000001
                  Float 0.000015
                Prop: key Spa:Pod:Object:Param:Props:channelMap (65547), flags 00000000
                  Array: child.size 4, child.type Spa:Id
                    Id 3        (Spa:Enum:AudioChannel:FL)
                    Id 4        (Spa:Enum:AudioChannel:FR)
                Prop: key Spa:Pod:Object:Param:Props:softVolumes (65552), flags 00000000
                  Array: child.size 4, child.type Spa:Float
                    Float 1.000000
                    Float 1.000000
                Prop: key Spa:Pod:Object:Param:Props:latencyOffsetNsec (65550), flags 00000000
                  Long 0
            Prop: key Spa:Pod:Object:Param:Route:devices (11), flags 00000000
              Array: child.size 4, child.type Spa:Int
                Int 0
            Prop: key Spa:Pod:Object:Param:Route:profile (12), flags 00000000
              Int 1
            Prop: key Spa:Pod:Object:Param:Route:save (13), flags 00000000
              Bool false
 	properties:
 		api.acp.auto-port = "false"
 		api.acp.auto-profile = "false"
 		api.alsa.card = "1"
 		api.alsa.card.longname = "Shenzhen Hollyland Technology Co.,Ltd Wireless Microphone at usb-3f980000.usb-1"
 		api.alsa.card.name = "Wireless Microphone"
 		api.alsa.path = "hw:1"
 		api.alsa.split-enable = "true"
 		api.alsa.use-acp = "true"
 		api.dbus.ReserveDevice1 = "Audio1"
 		api.dbus.ReserveDevice1.Priority = "-20"
 		device.api = "alsa"
 		device.bus = "usb"
 		device.bus-id = "usb-Shenzhen_Hollyland_Technology_Co._Ltd_Wireless_Microphone_Wireless_Microphone-01"
 		device.bus-path = "platform-3f980000.usb-usb-0:1.3:1.1"
 		device.description = "Wireless Microphone"
 		device.enum.api = "udev"
 		device.form-factor = "microphone"
 		device.icon-name = "audio-input-microphone-analog-usb"
 		device.name = "alsa_card.usb-Shenzhen_Hollyland_Technology_Co._Ltd_Wireless_Microphone_Wireless_Microphone-01"
 		device.nick = "Wireless Microphone"
 		device.plugged.usec = "10174885"
 		device.product.id = "0x0407"
 		device.product.name = "Wireless Microphone"
 		device.serial = "Shenzhen_Hollyland_Technology_Co._Ltd_Wireless_Microphone_Wireless_Microphone"
 		device.subsystem = "sound"
 		device.sysfs.path = "/devices/platform/soc/3f980000.usb/usb1/1-1/1-1.3/1-1.3:1.1/sound/card1"
 		device.vendor.id = "0x3547"
 		device.vendor.name = "Shenzhen Hollyland Technology Co.,Ltd"
 		media.class = "Audio/Device"
 		spa.object.id = "4"
 		factory.id = "15"
 		client.id = "49"
 		object.id = "33"
 		object.serial = "24064"
 		object.path = "alsa:acp:Microphone"
 		alsa.card = "1"
 		alsa.card_name = "Wireless Microphone"
 		alsa.long_card_name = "Shenzhen Hollyland Technology Co.,Ltd Wireless Microphone at usb-3f980000.usb-1"
 		alsa.driver_name = "snd_usb_audio"
 		alsa.mixer_name = "USB Mixer"
 		alsa.components = "USB3547:0407"
 		alsa.id = "Microphone"
 		device.string = "1"
added:
	id: 68
	permissions: rwxm-
	type: PipeWire:Interface:Node (version 3)
 	params:
*	  id:1 (Spa:Enum:ParamId:PropInfo)
          Object: size 152, type Spa:Pod:Object:Param:PropInfo (262145), id Spa:Enum:ParamId:PropInfo (1)
            Prop: key Spa:Pod:Object:Param:PropInfo:id (1), flags 00000000
              Id 257      (Spa:Pod:Object:Param:Props:device)
            Prop: key Spa:Pod:Object:Param:PropInfo:description (7), flags 00000000
              String "The ALSA device"
            Prop: key Spa:Pod:Object:Param:PropInfo:type (3), flags 00000000
              String "default"
*	  id:2 (Spa:Enum:ParamId:Props)
          Object: size 96, type Spa:Pod:Object:Param:Props (262146), id Spa:Enum:ParamId:Props (2)
            Prop: key Spa:Pod:Object:Param:Props:device (257), flags 00000000
              String "default"
*	  id:7 (Spa:Enum:ParamId:IO)
          Object: size 56, type Spa:Pod:Object:Param:IO (262150), id Spa:Enum:ParamId:IO (7)
            Prop: key Spa:Pod:Object:Param:IO:id (1), flags 00000000
              Id 3        (Spa:Enum:IO:Clock)
            Prop: key Spa:Pod:Object:Param:IO:size (2), flags 00000000
              Int 160
*	  id:7 (Spa:Enum:ParamId:IO)
          Object: size 56, type Spa:Pod:Object:Param:IO (262150), id Spa:Enum:ParamId:IO (7)
            Prop: key Spa:Pod:Object:Param:IO:id (1), flags 00000000
              Id 7        (Spa:Enum:IO:Position)
            Prop: key Spa:Pod:Object:Param:IO:size (2), flags 00000000
              Int 1688
 	input ports: 1/256
 	output ports: 1/256
 	state: "suspended"
 	properties:
 		factory.name = "api.alsa.seq.bridge"
 		node.name = "Midi-Bridge"
 		priority.driver = "1"
 		priority.session = "100"
 		factory.id = "11"
 		client.id = "49"
 		clock.quantum-limit = "8192"
 		node.loop.name = "data-loop.0"
 		device.api = "alsa"
 		media.class = "Midi/Bridge"
 		node.driver = "true"
 		object.id = "68"
 		object.serial = "24065"
added:
	id: 72
	permissions: r-xm-
	type: PipeWire:Interface:Port (version 3)
	direction: "input"
 	params:
*	  id:3 (Spa:Enum:ParamId:EnumFormat)
           application/control
                      types : (Int) {  }
*	  id:6 (Spa:Enum:ParamId:Meta)
          Object: size 56, type Spa:Pod:Object:Param:Meta (262149), id Spa:Enum:ParamId:Meta (6)
            Prop: key Spa:Pod:Object:Param:Meta:type (1), flags 00000000
              Id 1        (Spa:Pointer:Meta:Header)
            Prop: key Spa:Pod:Object:Param:Meta:size (2), flags 00000000
              Int 32
*	  id:7 (Spa:Enum:ParamId:IO)
          Object: size 56, type Spa:Pod:Object:Param:IO (262150), id Spa:Enum:ParamId:IO (7)
            Prop: key Spa:Pod:Object:Param:IO:id (1), flags 00000000
              Id 1        (Spa:Enum:IO:Buffers)
            Prop: key Spa:Pod:Object:Param:IO:size (2), flags 00000000
              Int 8
*	  id:7 (Spa:Enum:ParamId:IO)
          Object: size 56, type Spa:Pod:Object:Param:IO (262150), id Spa:Enum:ParamId:IO (7)
            Prop: key Spa:Pod:Object:Param:IO:id (1), flags 00000000
              Id 10       (Spa:Enum:IO:AsyncBuffers)
            Prop: key Spa:Pod:Object:Param:IO:size (2), flags 00000000
              Int 8
*	  id:15 (Spa:Enum:ParamId:Latency)
          Object: size 176, type Spa:Pod:Object:Param:Latency (262155), id Spa:Enum:ParamId:Latency (15)
            Prop: key Spa:Pod:Object:Param:Latency:direction (1), flags 00000000
              Id 0        (Spa:Enum:Direction:Input)
            Prop: key Spa:Pod:Object:Param:Latency:minQuantum (2), flags 00000000
              Float 1.000000
            Prop: key Spa:Pod:Object:Param:Latency:maxQuantum (3), flags 00000000
              Float 1.000000
            Prop: key Spa:Pod:Object:Param:Latency:minRate (4), flags 00000000
              Int 0
            Prop: key Spa:Pod:Object:Param:Latency:maxRate (5), flags 00000000
              Int 0
            Prop: key Spa:Pod:Object:Param:Latency:minNs (6), flags 00000000
              Long 0
            Prop: key Spa:Pod:Object:Param:Latency:maxNs (7), flags 00000000
              Long 0
*	  id:15 (Spa:Enum:ParamId:Latency)
          Object: size 176, type Spa:Pod:Object:Param:Latency (262155), id Spa:Enum:ParamId:Latency (15)
            Prop: key Spa:Pod:Object:Param:Latency:direction (1), flags 00000000
              Id 1        (Spa:Enum:Direction:Output)
            Prop: key Spa:Pod:Object:Param:Latency:minQuantum (2), flags 00000000
              Float 0.000000
            Prop: key Spa:Pod:Object:Param:Latency:maxQuantum (3), flags 00000000
              Float 0.000000
            Prop: key Spa:Pod:Object:Param:Latency:minRate (4), flags 00000000
              Int 0
            Prop: key Spa:Pod:Object:Param:Latency:maxRate (5), flags 00000000
              Int 0
            Prop: key Spa:Pod:Object:Param:Latency:minNs (6), flags 00000000
              Long 0
            Prop: key Spa:Pod:Object:Param:Latency:maxNs (7), flags 00000000
              Long 0
 	properties:
 		format.dsp = "32 bit raw UMP"
 		object.path = "alsa:seq:default:client_14:playback_0"
 		port.name = "Midi Through Port-0 (playback)"
 		port.alias = "Midi Through:Midi Through Port-0"
 		port.group = "client_14"
 		port.id = "0"
 		port.physical = "true"
 		port.terminal = "true"
 		port.direction = "in"
 		node.id = "68"
 		object.id = "72"
 		object.serial = "24066"
added:
	id: 55
	permissions: r-xm-
	type: PipeWire:Interface:Port (version 3)
	direction: "output"
 	params:
*	  id:3 (Spa:Enum:ParamId:EnumFormat)
           application/control
                      types : (Int) {  }
*	  id:6 (Spa:Enum:ParamId:Meta)
          Object: size 56, type Spa:Pod:Object:Param:Meta (262149), id Spa:Enum:ParamId:Meta (6)
            Prop: key Spa:Pod:Object:Param:Meta:type (1), flags 00000000
              Id 1        (Spa:Pointer:Meta:Header)
            Prop: key Spa:Pod:Object:Param:Meta:size (2), flags 00000000
              Int 32
*	  id:7 (Spa:Enum:ParamId:IO)
          Object: size 56, type Spa:Pod:Object:Param:IO (262150), id Spa:Enum:ParamId:IO (7)
            Prop: key Spa:Pod:Object:Param:IO:id (1), flags 00000000
              Id 1        (Spa:Enum:IO:Buffers)
            Prop: key Spa:Pod:Object:Param:IO:size (2), flags 00000000
              Int 8
*	  id:7 (Spa:Enum:ParamId:IO)
          Object: size 56, type Spa:Pod:Object:Param:IO (262150), id Spa:Enum:ParamId:IO (7)
            Prop: key Spa:Pod:Object:Param:IO:id (1), flags 00000000
              Id 10       (Spa:Enum:IO:AsyncBuffers)
            Prop: key Spa:Pod:Object:Param:IO:size (2), flags 00000000
              Int 8
*	  id:15 (Spa:Enum:ParamId:Latency)
          Object: size 176, type Spa:Pod:Object:Param:Latency (262155), id Spa:Enum:ParamId:Latency (15)
            Prop: key Spa:Pod:Object:Param:Latency:direction (1), flags 00000000
              Id 0        (Spa:Enum:Direction:Input)
            Prop: key Spa:Pod:Object:Param:Latency:minQuantum (2), flags 00000000
              Float 0.000000
            Prop: key Spa:Pod:Object:Param:Latency:maxQuantum (3), flags 00000000
              Float 0.000000
            Prop: key Spa:Pod:Object:Param:Latency:minRate (4), flags 00000000
              Int 0
            Prop: key Spa:Pod:Object:Param:Latency:maxRate (5), flags 00000000
              Int 0
            Prop: key Spa:Pod:Object:Param:Latency:minNs (6), flags 00000000
              Long 0
            Prop: key Spa:Pod:Object:Param:Latency:maxNs (7), flags 00000000
              Long 0
*	  id:15 (Spa:Enum:ParamId:Latency)
          Object: size 176, type Spa:Pod:Object:Param:Latency (262155), id Spa:Enum:ParamId:Latency (15)
            Prop: key Spa:Pod:Object:Param:Latency:direction (1), flags 00000000
              Id 1        (Spa:Enum:Direction:Output)
            Prop: key Spa:Pod:Object:Param:Latency:minQuantum (2), flags 00000000
              Float 1.000000
            Prop: key Spa:Pod:Object:Param:Latency:maxQuantum (3), flags 00000000
              Float 1.000000
            Prop: key Spa:Pod:Object:Param:Latency:minRate (4), flags 00000000
              Int 0
            Prop: key Spa:Pod:Object:Param:Latency:maxRate (5), flags 00000000
              Int 0
            Prop: key Spa:Pod:Object:Param:Latency:minNs (6), flags 00000000
              Long 0
            Prop: key Spa:Pod:Object:Param:Latency:maxNs (7), flags 00000000
              Long 0
 	properties:
 		format.dsp = "32 bit raw UMP"
 		object.path = "alsa:seq:default:client_14:capture_0"
 		port.name = "Midi Through Port-0 (capture)"
 		port.alias = "Midi Through:Midi Through Port-0"
 		port.group = "client_14"
 		port.id = "0"
 		port.physical = "true"
 		port.terminal = "true"
 		port.direction = "out"
 		node.id = "68"
 		object.id = "55"
 		object.serial = "24067"
added:
	id: 53
	permissions: rwxm-
	type: PipeWire:Interface:Node (version 3)
 	params:
*	  id:3 (Spa:Enum:ParamId:EnumFormat)
           audio/raw
                     format : (Id) S16LE
                       rate : (Int) 48000
                   channels : (Int) 2
                   position : (Array) < FL, FR >
*	  id:1 (Spa:Enum:ParamId:PropInfo)
          Object: size 104, type Spa:Pod:Object:Param:PropInfo (262145), id Spa:Enum:ParamId:PropInfo (1)
            Prop: key Spa:Pod:Object:Param:PropInfo:id (1), flags 00000000
              Id 65539    (Spa:Pod:Object:Param:Props:volume)
            Prop: key Spa:Pod:Object:Param:PropInfo:description (7), flags 00000000
              String "Volume"
            Prop: key Spa:Pod:Object:Param:PropInfo:type (3), flags 00000000
              Choice: type Spa:Enum:Choice:Range, flags 00000000 28 4
                Float 1.000000
                Float 0.000000
                Float 10.000000
*	  id:1 (Spa:Enum:ParamId:PropInfo)
          Object: size 104, type Spa:Pod:Object:Param:PropInfo (262145), id Spa:Enum:ParamId:PropInfo (1)
            Prop: key Spa:Pod:Object:Param:PropInfo:id (1), flags 00000000
              Id 65540    (Spa:Pod:Object:Param:Props:mute)
            Prop: key Spa:Pod:Object:Param:PropInfo:description (7), flags 00000000
              String "Mute"
            Prop: key Spa:Pod:Object:Param:PropInfo:type (3), flags 00000000
              Choice: type Spa:Enum:Choice:Enum, flags 00000000 28 4
                Bool false
                Bool false
                Bool true
*	  id:1 (Spa:Enum:ParamId:PropInfo)
          Object: size 136, type Spa:Pod:Object:Param:PropInfo (262145), id Spa:Enum:ParamId:PropInfo (1)
            Prop: key Spa:Pod:Object:Param:PropInfo:id (1), flags 00000000
              Id 65544    (Spa:Pod:Object:Param:Props:channelVolumes)
            Prop: key Spa:Pod:Object:Param:PropInfo:description (7), flags 00000000
              String "Channel Volumes"
            Prop: key Spa:Pod:Object:Param:PropInfo:type (3), flags 00000000
              Choice: type Spa:Enum:Choice:Range, flags 00000000 28 4
                Float 1.000000
                Float 0.000000
                Float 10.000000
            Prop: key Spa:Pod:Object:Param:PropInfo:container (5), flags 00000000
              Id 13       (Spa:Array)
*	  id:1 (Spa:Enum:ParamId:PropInfo)
          Object: size 112, type Spa:Pod:Object:Param:PropInfo (262145), id Spa:Enum:ParamId:PropInfo (1)
            Prop: key Spa:Pod:Object:Param:PropInfo:id (1), flags 00000000
              Id 65547    (Spa:Pod:Object:Param:Props:channelMap)
            Prop: key Spa:Pod:Object:Param:PropInfo:description (7), flags 00000000
              String "Channel Map"
            Prop: key Spa:Pod:Object:Param:PropInfo:type (3), flags 00000000
              Id 0        (Spa:)
            Prop: key Spa:Pod:Object:Param:PropInfo:container (5), flags 00000000
              Id 13       (Spa:Array)
*	  id:1 (Spa:Enum:ParamId:PropInfo)
          Object: size 112, type Spa:Pod:Object:Param:PropInfo (262145), id Spa:Enum:ParamId:PropInfo (1)
            Prop: key Spa:Pod:Object:Param:PropInfo:id (1), flags 00000000
              Id 65548    (Spa:Pod:Object:Param:Props:monitorMute)
            Prop: key Spa:Pod:Object:Param:PropInfo:description (7), flags 00000000
              String "Monitor Mute"
            Prop: key Spa:Pod:Object:Param:PropInfo:type (3), flags 00000000
              Choice: type Spa:Enum:Choice:Enum, flags 00000000 28 4
                Bool false
                Bool false
                Bool true
*	  id:1 (Spa:Enum:ParamId:PropInfo)
          Object: size 136, type Spa:Pod:Object:Param:PropInfo (262145), id Spa:Enum:ParamId:PropInfo (1)
            Prop: key Spa:Pod:Object:Param:PropInfo:id (1), flags 00000000
              Id 65549    (Spa:Pod:Object:Param:Props:monitorVolumes)
            Prop: key Spa:Pod:Object:Param:PropInfo:description (7), flags 00000000
              String "Monitor Volumes"
            Prop: key Spa:Pod:Object:Param:PropInfo:type (3), flags 00000000
              Choice: type Spa:Enum:Choice:Range, flags 00000000 28 4
                Float 1.000000
                Float 0.000000
                Float 10.000000
            Prop: key Spa:Pod:Object:Param:PropInfo:container (5), flags 00000000
              Id 13       (Spa:Array)
*	  id:1 (Spa:Enum:ParamId:PropInfo)
          Object: size 112, type Spa:Pod:Object:Param:PropInfo (262145), id Spa:Enum:ParamId:PropInfo (1)
            Prop: key Spa:Pod:Object:Param:PropInfo:id (1), flags 00000000
              Id 65551    (Spa:Pod:Object:Param:Props:softMute)
            Prop: key Spa:Pod:Object:Param:PropInfo:description (7), flags 00000000
              String "Soft Mute"
            Prop: key Spa:Pod:Object:Param:PropInfo:type (3), flags 00000000
              Choice: type Spa:Enum:Choice:Enum, flags 00000000 28 4
                Bool false
                Bool false
                Bool true
*	  id:1 (Spa:Enum:ParamId:PropInfo)
          Object: size 136, type Spa:Pod:Object:Param:PropInfo (262145), id Spa:Enum:ParamId:PropInfo (1)
            Prop: key Spa:Pod:Object:Param:PropInfo:id (1), flags 00000000
              Id 65552    (Spa:Pod:Object:Param:Props:softVolumes)
            Prop: key Spa:Pod:Object:Param:PropInfo:description (7), flags 00000000
              String "Soft Volumes"
            Prop: key Spa:Pod:Object:Param:PropInfo:type (3), flags 00000000
              Choice: type Spa:Enum:Choice:Range, flags 00000000 28 4
                Float 1.000000
                Float 0.000000
                Float 10.000000
            Prop: key Spa:Pod:Object:Param:PropInfo:container (5), flags 00000000
              Id 13       (Spa:Array)
*	  id:1 (Spa:Enum:ParamId:PropInfo)
          Object: size 160, type Spa:Pod:Object:Param:PropInfo (262145), id Spa:Enum:ParamId:PropInfo (1)
            Prop: key Spa:Pod:Object:Param:PropInfo:name (2), flags 00000000
              String "monitor.channel-volumes"
            Prop: key Spa:Pod:Object:Param:PropInfo:description (7), flags 00000000
              String "Monitor channel volume"
            Prop: key Spa:Pod:Object:Param:PropInfo:type (3), flags 00000000
              Choice: type Spa:Enum:Choice:Enum, flags 00000000 28 4
                Bool false
                Bool false
                Bool true
            Prop: key Spa:Pod:Object:Param:PropInfo:params (6), flags 00000000
              Bool true
*	  id:1 (Spa:Enum:ParamId:PropInfo)
          Object: size 160, type Spa:Pod:Object:Param:PropInfo (262145), id Spa:Enum:ParamId:PropInfo (1)
            Prop: key Spa:Pod:Object:Param:PropInfo:name (2), flags 00000000
              String "channelmix.disable"
            Prop: key Spa:Pod:Object:Param:PropInfo:description (7), flags 00000000
              String "Disable Channel mixing"
            Prop: key Spa:Pod:Object:Param:PropInfo:type (3), flags 00000000
              Choice: type Spa:Enum:Choice:Enum, flags 00000000 28 4
                Bool false
                Bool false
                Bool true
            Prop: key Spa:Pod:Object:Param:PropInfo:params (6), flags 00000000
              Bool true
*	  id:1 (Spa:Enum:ParamId:PropInfo)
          Object: size 160, type Spa:Pod:Object:Param:PropInfo (262145), id Spa:Enum:ParamId:PropInfo (1)
            Prop: key Spa:Pod:Object:Param:PropInfo:name (2), flags 00000000
              String "channelmix.min-volume"
            Prop: key Spa:Pod:Object:Param:PropInfo:description (7), flags 00000000
              String "Minimum volume level"
            Prop: key Spa:Pod:Object:Param:PropInfo:type (3), flags 00000000
              Choice: type Spa:Enum:Choice:Range, flags 00000000 28 4
                Float 0.000000
                Float 0.000000
                Float 10.000000
            Prop: key Spa:Pod:Object:Param:PropInfo:params (6), flags 00000000
              Bool true
*	  id:1 (Spa:Enum:ParamId:PropInfo)
          Object: size 160, type Spa:Pod:Object:Param:PropInfo (262145), id Spa:Enum:ParamId:PropInfo (1)
            Prop: key Spa:Pod:Object:Param:PropInfo:name (2), flags 00000000
              String "channelmix.max-volume"
            Prop: key Spa:Pod:Object:Param:PropInfo:description (7), flags 00000000
              String "Maximum volume level"
            Prop: key Spa:Pod:Object:Param:PropInfo:type (3), flags 00000000
              Choice: type Spa:Enum:Choice:Range, flags 00000000 28 4
                Float 10.000000
                Float 0.000000
                Float 10.000000
            Prop: key Spa:Pod:Object:Param:PropInfo:params (6), flags 00000000
              Bool true
*	  id:1 (Spa:Enum:ParamId:PropInfo)
          Object: size 160, type Spa:Pod:Object:Param:PropInfo (262145), id Spa:Enum:ParamId:PropInfo (1)
            Prop: key Spa:Pod:Object:Param:PropInfo:name (2), flags 00000000
              String "channelmix.normalize"
            Prop: key Spa:Pod:Object:Param:PropInfo:description (7), flags 00000000
              String "Normalize Volumes"
            Prop: key Spa:Pod:Object:Param:PropInfo:type (3), flags 00000000
              Choice: type Spa:Enum:Choice:Enum, flags 00000000 28 4
                Bool false
                Bool false
                Bool true
            Prop: key Spa:Pod:Object:Param:PropInfo:params (6), flags 00000000
              Bool true
*	  id:1 (Spa:Enum:ParamId:PropInfo)
          Object: size 160, type Spa:Pod:Object:Param:PropInfo (262145), id Spa:Enum:ParamId:PropInfo (1)
            Prop: key Spa:Pod:Object:Param:PropInfo:name (2), flags 00000000
              String "channelmix.mix-lfe"
            Prop: key Spa:Pod:Object:Param:PropInfo:description (7), flags 00000000
              String "Mix LFE into channels"
            Prop: key Spa:Pod:Object:Param:PropInfo:type (3), flags 00000000
              Choice: type Spa:Enum:Choice:Enum, flags 00000000 28 4
                Bool true
                Bool true
                Bool false
            Prop: key Spa:Pod:Object:Param:PropInfo:params (6), flags 00000000
              Bool true
*	  id:1 (Spa:Enum:ParamId:PropInfo)
          Object: size 152, type Spa:Pod:Object:Param:PropInfo (262145), id Spa:Enum:ParamId:PropInfo (1)
            Prop: key Spa:Pod:Object:Param:PropInfo:name (2), flags 00000000
              String "channelmix.upmix"
            Prop: key Spa:Pod:Object:Param:PropInfo:description (7), flags 00000000
              String "Enable upmixing"
            Prop: key Spa:Pod:Object:Param:PropInfo:type (3), flags 00000000
              Choice: type Spa:Enum:Choice:Enum, flags 00000000 28 4
                Bool true
                Bool true
                Bool false
            Prop: key Spa:Pod:Object:Param:PropInfo:params (6), flags 00000000
              Bool true
*	  id:1 (Spa:Enum:ParamId:PropInfo)
          Object: size 160, type Spa:Pod:Object:Param:PropInfo (262145), id Spa:Enum:ParamId:PropInfo (1)
            Prop: key Spa:Pod:Object:Param:PropInfo:name (2), flags 00000000
              String "channelmix.lfe-cutoff"
            Prop: key Spa:Pod:Object:Param:PropInfo:description (7), flags 00000000
              String "LFE cutoff frequency"
            Prop: key Spa:Pod:Object:Param:PropInfo:type (3), flags 00000000
              Choice: type Spa:Enum:Choice:Range, flags 00000000 28 4
                Float 0.000000
                Float 0.000000
                Float 1000.000000
            Prop: key Spa:Pod:Object:Param:PropInfo:params (6), flags 00000000
              Bool true
*	  id:1 (Spa:Enum:ParamId:PropInfo)
          Object: size 168, type Spa:Pod:Object:Param:PropInfo (262145), id Spa:Enum:ParamId:PropInfo (1)
            Prop: key Spa:Pod:Object:Param:PropInfo:name (2), flags 00000000
              String "channelmix.fc-cutoff"
            Prop: key Spa:Pod:Object:Param:PropInfo:description (7), flags 00000000
              String "FC cutoff frequency (Hz)"
            Prop: key Spa:Pod:Object:Param:PropInfo:type (3), flags 00000000
              Choice: type Spa:Enum:Choice:Range, flags 00000000 28 4
                Float 0.000000
                Float 0.000000
                Float 48000.000000
            Prop: key Spa:Pod:Object:Param:PropInfo:params (6), flags 00000000
              Bool true
*	  id:1 (Spa:Enum:ParamId:PropInfo)
          Object: size 168, type Spa:Pod:Object:Param:PropInfo (262145), id Spa:Enum:ParamId:PropInfo (1)
            Prop: key Spa:Pod:Object:Param:PropInfo:name (2), flags 00000000
              String "channelmix.rear-delay"
            Prop: key Spa:Pod:Object:Param:PropInfo:description (7), flags 00000000
              String "Rear channels delay (ms)"
            Prop: key Spa:Pod:Object:Param:PropInfo:type (3), flags 00000000
              Choice: type Spa:Enum:Choice:Range, flags 00000000 28 4
                Float 0.000000
                Float 0.000000
                Float 1000.000000
            Prop: key Spa:Pod:Object:Param:PropInfo:params (6), flags 00000000
              Bool true
*	  id:1 (Spa:Enum:ParamId:PropInfo)
          Object: size 152, type Spa:Pod:Object:Param:PropInfo (262145), id Spa:Enum:ParamId:PropInfo (1)
            Prop: key Spa:Pod:Object:Param:PropInfo:name (2), flags 00000000
              String "channelmix.stereo-widen"
            Prop: key Spa:Pod:Object:Param:PropInfo:description (7), flags 00000000
              String "Stereo widen"
            Prop: key Spa:Pod:Object:Param:PropInfo:type (3), flags 00000000
              Choice: type Spa:Enum:Choice:Range, flags 00000000 28 4
                Float 0.000000
                Float 0.000000
                Float 1.000000
            Prop: key Spa:Pod:Object:Param:PropInfo:params (6), flags 00000000
              Bool true
*	  id:1 (Spa:Enum:ParamId:PropInfo)
          Object: size 168, type Spa:Pod:Object:Param:PropInfo (262145), id Spa:Enum:ParamId:PropInfo (1)
            Prop: key Spa:Pod:Object:Param:PropInfo:name (2), flags 00000000
              String "channelmix.hilbert-taps"
            Prop: key Spa:Pod:Object:Param:PropInfo:description (7), flags 00000000
              String "Taps for phase shift of rear"
            Prop: key Spa:Pod:Object:Param:PropInfo:type (3), flags 00000000
              Choice: type Spa:Enum:Choice:Range, flags 00000000 28 4
                Int 0
                Int 0
                Int 255
            Prop: key Spa:Pod:Object:Param:PropInfo:params (6), flags 00000000
              Bool true
*	  id:1 (Spa:Enum:ParamId:PropInfo)
          Object: size 288, type Spa:Pod:Object:Param:PropInfo (262145), id Spa:Enum:ParamId:PropInfo (1)
            Prop: key Spa:Pod:Object:Param:PropInfo:name (2), flags 00000000
              String "channelmix.upmix-method"
            Prop: key Spa:Pod:Object:Param:PropInfo:description (7), flags 00000000
              String "Upmix method to use"
            Prop: key Spa:Pod:Object:Param:PropInfo:type (3), flags 00000000
              String "none"
            Prop: key Spa:Pod:Object:Param:PropInfo:params (6), flags 00000000
              Bool true
            Prop: key Spa:Pod:Object:Param:PropInfo:labels (4), flags 00000000
              Struct: size 136
                String "none"
                String "Disabled"
                String "simple"
                String "Simple upmixing"
                String "psd"
                String "Passive Surround Decoding"
*	  id:1 (Spa:Enum:ParamId:PropInfo)
          Object: size 120, type Spa:Pod:Object:Param:PropInfo (262145), id Spa:Enum:ParamId:PropInfo (1)
            Prop: key Spa:Pod:Object:Param:PropInfo:id (1), flags 00000000
              Id 268      (Spa:Pod:Object:Param:Props:rate)
            Prop: key Spa:Pod:Object:Param:PropInfo:description (7), flags 00000000
              String "Rate scaler"
            Prop: key Spa:Pod:Object:Param:PropInfo:type (3), flags 00000000
              Choice: type Spa:Enum:Choice:Range, flags 00000000 40 8
                Double 1.000000
                Double 0.000000
                Double 10.000000
*	  id:1 (Spa:Enum:ParamId:PropInfo)
          Object: size 184, type Spa:Pod:Object:Param:PropInfo (262145), id Spa:Enum:ParamId:PropInfo (1)
            Prop: key Spa:Pod:Object:Param:PropInfo:id (1), flags 00000000
              Id 269      (Spa:Pod:Object:Param:Props:quality)
            Prop: key Spa:Pod:Object:Param:PropInfo:name (2), flags 00000000
              String "resample.quality"
            Prop: key Spa:Pod:Object:Param:PropInfo:description (7), flags 00000000
              String "Resample Quality"
            Prop: key Spa:Pod:Object:Param:PropInfo:type (3), flags 00000000
              Choice: type Spa:Enum:Choice:Range, flags 00000000 28 4
                Int 4
                Int 0
                Int 14
            Prop: key Spa:Pod:Object:Param:PropInfo:params (6), flags 00000000
              Bool true
*	  id:1 (Spa:Enum:ParamId:PropInfo)
          Object: size 160, type Spa:Pod:Object:Param:PropInfo (262145), id Spa:Enum:ParamId:PropInfo (1)
            Prop: key Spa:Pod:Object:Param:PropInfo:name (2), flags 00000000
              String "resample.disable"
            Prop: key Spa:Pod:Object:Param:PropInfo:description (7), flags 00000000
              String "Disable Resampling"
            Prop: key Spa:Pod:Object:Param:PropInfo:type (3), flags 00000000
              Choice: type Spa:Enum:Choice:Enum, flags 00000000 28 4
                Bool false
                Bool false
                Bool true
            Prop: key Spa:Pod:Object:Param:PropInfo:params (6), flags 00000000
              Bool true
*	  id:1 (Spa:Enum:ParamId:PropInfo)
          Object: size 144, type Spa:Pod:Object:Param:PropInfo (262145), id Spa:Enum:ParamId:PropInfo (1)
            Prop: key Spa:Pod:Object:Param:PropInfo:name (2), flags 00000000
              String "dither.noise"
            Prop: key Spa:Pod:Object:Param:PropInfo:description (7), flags 00000000
              String "Add noise bits"
            Prop: key Spa:Pod:Object:Param:PropInfo:type (3), flags 00000000
              Choice: type Spa:Enum:Choice:Range, flags 00000000 28 4
                Int 0
                Int 0
                Int 16
            Prop: key Spa:Pod:Object:Param:PropInfo:params (6), flags 00000000
              Bool true
*	  id:1 (Spa:Enum:ParamId:PropInfo)
          Object: size 464, type Spa:Pod:Object:Param:PropInfo (262145), id Spa:Enum:ParamId:PropInfo (1)
            Prop: key Spa:Pod:Object:Param:PropInfo:name (2), flags 00000000
              String "dither.method"
            Prop: key Spa:Pod:Object:Param:PropInfo:description (7), flags 00000000
              String "The dithering method"
            Prop: key Spa:Pod:Object:Param:PropInfo:type (3), flags 00000000
              String "none"
            Prop: key Spa:Pod:Object:Param:PropInfo:params (6), flags 00000000
              Bool true
            Prop: key Spa:Pod:Object:Param:PropInfo:labels (4), flags 00000000
              Struct: size 320
                String "none"
                String "Disabled"
                String "rectangular"
                String "Rectangular dithering"
                String "triangular"
                String "Triangular dithering"
                String "triangular-hf"
                String "Sloped Triangular dithering"
                String "wannamaker3"
                String "Wannamaker 3 dithering"
                String "shaped5"
                String "Lipshitz 5 dithering"
*	  id:1 (Spa:Enum:ParamId:PropInfo)
          Object: size 128, type Spa:Pod:Object:Param:PropInfo (262145), id Spa:Enum:ParamId:PropInfo (1)
            Prop: key Spa:Pod:Object:Param:PropInfo:name (2), flags 00000000
              String "debug.wav-path"
            Prop: key Spa:Pod:Object:Param:PropInfo:description (7), flags 00000000
              String "Path to WAV file"
            Prop: key Spa:Pod:Object:Param:PropInfo:type (3), flags 00000000
              String ""
            Prop: key Spa:Pod:Object:Param:PropInfo:params (6), flags 00000000
              Bool true
*	  id:1 (Spa:Enum:ParamId:PropInfo)
          Object: size 160, type Spa:Pod:Object:Param:PropInfo (262145), id Spa:Enum:ParamId:PropInfo (1)
            Prop: key Spa:Pod:Object:Param:PropInfo:name (2), flags 00000000
              String "channelmix.lock-volumes"
            Prop: key Spa:Pod:Object:Param:PropInfo:description (7), flags 00000000
              String "Disable volume updates"
            Prop: key Spa:Pod:Object:Param:PropInfo:type (3), flags 00000000
              Choice: type Spa:Enum:Choice:Enum, flags 00000000 28 4
                Bool false
                Bool false
                Bool true
            Prop: key Spa:Pod:Object:Param:PropInfo:params (6), flags 00000000
              Bool true
*	  id:1 (Spa:Enum:ParamId:PropInfo)
          Object: size 184, type Spa:Pod:Object:Param:PropInfo (262145), id Spa:Enum:ParamId:PropInfo (1)
            Prop: key Spa:Pod:Object:Param:PropInfo:name (2), flags 00000000
              String "audioconvert.filter-graph.disable"
            Prop: key Spa:Pod:Object:Param:PropInfo:description (7), flags 00000000
              String "Disable Filter graph updates"
            Prop: key Spa:Pod:Object:Param:PropInfo:type (3), flags 00000000
              Choice: type Spa:Enum:Choice:Enum, flags 00000000 28 4
                Bool false
                Bool false
                Bool true
            Prop: key Spa:Pod:Object:Param:PropInfo:params (6), flags 00000000
              Bool true
*	  id:1 (Spa:Enum:ParamId:PropInfo)
          Object: size 144, type Spa:Pod:Object:Param:PropInfo (262145), id Spa:Enum:ParamId:PropInfo (1)
            Prop: key Spa:Pod:Object:Param:PropInfo:name (2), flags 00000000
              String "audioconvert.filter-graph"
            Prop: key Spa:Pod:Object:Param:PropInfo:description (7), flags 00000000
              String "A filter graph to load"
            Prop: key Spa:Pod:Object:Param:PropInfo:type (3), flags 00000000
              String ""
            Prop: key Spa:Pod:Object:Param:PropInfo:params (6), flags 00000000
              Bool true
*	  id:1 (Spa:Enum:ParamId:PropInfo)
          Object: size 184, type Spa:Pod:Object:Param:PropInfo (262145), id Spa:Enum:ParamId:PropInfo (1)
            Prop: key Spa:Pod:Object:Param:PropInfo:id (1), flags 00000000
              Id 257      (Spa:Pod:Object:Param:Props:device)
            Prop: key Spa:Pod:Object:Param:PropInfo:name (2), flags 00000000
              String "api.alsa.path"
            Prop: key Spa:Pod:Object:Param:PropInfo:description (7), flags 00000000
              String "The ALSA device"
            Prop: key Spa:Pod:Object:Param:PropInfo:type (3), flags 00000000
              String "front:1"
*	  id:1 (Spa:Enum:ParamId:PropInfo)
          Object: size 224, type Spa:Pod:Object:Param:PropInfo (262145), id Spa:Enum:ParamId:PropInfo (1)
            Prop: key Spa:Pod:Object:Param:PropInfo:id (1), flags 00000000
              Id 258      (Spa:Pod:Object:Param:Props:deviceName)
            Prop: key Spa:Pod:Object:Param:PropInfo:description (7), flags 00000000
              String "The ALSA device name"
            Prop: key Spa:Pod:Object:Param:PropInfo:type (3), flags 00000000
              String ""
*	  id:1 (Spa:Enum:ParamId:PropInfo)
          Object: size 224, type Spa:Pod:Object:Param:PropInfo (262145), id Spa:Enum:ParamId:PropInfo (1)
            Prop: key Spa:Pod:Object:Param:PropInfo:id (1), flags 00000000
              Id 261      (Spa:Pod:Object:Param:Props:cardName)
            Prop: key Spa:Pod:Object:Param:PropInfo:description (7), flags 00000000
              String "The ALSA card name"
            Prop: key Spa:Pod:Object:Param:PropInfo:type (3), flags 00000000
              String ""
*	  id:1 (Spa:Enum:ParamId:PropInfo)
          Object: size 128, type Spa:Pod:Object:Param:PropInfo (262145), id Spa:Enum:ParamId:PropInfo (1)
            Prop: key Spa:Pod:Object:Param:PropInfo:id (1), flags 00000000
              Id 65550    (Spa:Pod:Object:Param:Props:latencyOffsetNsec)
            Prop: key Spa:Pod:Object:Param:PropInfo:description (7), flags 00000000
              String "Latency offset (ns)"
            Prop: key Spa:Pod:Object:Param:PropInfo:type (3), flags 00000000
              Choice: type Spa:Enum:Choice:Range, flags 00000000 40 8
                Long 0
                Long 0
                Long 2000000000
*	  id:1 (Spa:Enum:ParamId:PropInfo)
          Object: size 120, type Spa:Pod:Object:Param:PropInfo (262145), id Spa:Enum:ParamId:PropInfo (1)
            Prop: key Spa:Pod:Object:Param:PropInfo:name (2), flags 00000000
              String "audio.channels"
            Prop: key Spa:Pod:Object:Param:PropInfo:description (7), flags 00000000
              String "Audio Channels"
            Prop: key Spa:Pod:Object:Param:PropInfo:type (3), flags 00000000
              Int 2
            Prop: key Spa:Pod:Object:Param:PropInfo:params (6), flags 00000000
              Bool true
*	  id:1 (Spa:Enum:ParamId:PropInfo)
          Object: size 120, type Spa:Pod:Object:Param:PropInfo (262145), id Spa:Enum:ParamId:PropInfo (1)
            Prop: key Spa:Pod:Object:Param:PropInfo:name (2), flags 00000000
              String "audio.rate"
            Prop: key Spa:Pod:Object:Param:PropInfo:description (7), flags 00000000
              String "Audio Rate"
            Prop: key Spa:Pod:Object:Param:PropInfo:type (3), flags 00000000
              Int 0
            Prop: key Spa:Pod:Object:Param:PropInfo:params (6), flags 00000000
              Bool true
*	  id:1 (Spa:Enum:ParamId:PropInfo)
          Object: size 120, type Spa:Pod:Object:Param:PropInfo (262145), id Spa:Enum:ParamId:PropInfo (1)
            Prop: key Spa:Pod:Object:Param:PropInfo:name (2), flags 00000000
              String "audio.format"
            Prop: key Spa:Pod:Object:Param:PropInfo:description (7), flags 00000000
              String "Audio Format"
            Prop: key Spa:Pod:Object:Param:PropInfo:type (3), flags 00000000
              String "S16LE"
            Prop: key Spa:Pod:Object:Param:PropInfo:params (6), flags 00000000
              Bool true
*	  id:1 (Spa:Enum:ParamId:PropInfo)
          Object: size 128, type Spa:Pod:Object:Param:PropInfo (262145), id Spa:Enum:ParamId:PropInfo (1)
            Prop: key Spa:Pod:Object:Param:PropInfo:name (2), flags 00000000
              String "audio.position"
            Prop: key Spa:Pod:Object:Param:PropInfo:description (7), flags 00000000
              String "Audio Position"
            Prop: key Spa:Pod:Object:Param:PropInfo:type (3), flags 00000000
              String "[ FL, FR ]"
            Prop: key Spa:Pod:Object:Param:PropInfo:params (6), flags 00000000
              Bool true
*	  id:1 (Spa:Enum:ParamId:PropInfo)
          Object: size 136, type Spa:Pod:Object:Param:PropInfo (262145), id Spa:Enum:ParamId:PropInfo (1)
            Prop: key Spa:Pod:Object:Param:PropInfo:name (2), flags 00000000
              String "audio.allowed-rates"
            Prop: key Spa:Pod:Object:Param:PropInfo:description (7), flags 00000000
              String "Audio Allowed Rates"
            Prop: key Spa:Pod:Object:Param:PropInfo:type (3), flags 00000000
              String "[  ]"
            Prop: key Spa:Pod:Object:Param:PropInfo:params (6), flags 00000000
              Bool true
*	  id:1 (Spa:Enum:ParamId:PropInfo)
          Object: size 152, type Spa:Pod:Object:Param:PropInfo (262145), id Spa:Enum:ParamId:PropInfo (1)
            Prop: key Spa:Pod:Object:Param:PropInfo:name (2), flags 00000000
              String "api.alsa.period-size"
            Prop: key Spa:Pod:Object:Param:PropInfo:description (7), flags 00000000
              String "Period Size"
            Prop: key Spa:Pod:Object:Param:PropInfo:type (3), flags 00000000
              Choice: type Spa:Enum:Choice:Range, flags 00000000 28 4
                Int 0
                Int 0
                Int 8192
            Prop: key Spa:Pod:Object:Param:PropInfo:params (6), flags 00000000
              Bool true
*	  id:1 (Spa:Enum:ParamId:PropInfo)
          Object: size 160, type Spa:Pod:Object:Param:PropInfo (262145), id Spa:Enum:ParamId:PropInfo (1)
            Prop: key Spa:Pod:Object:Param:PropInfo:name (2), flags 00000000
              String "api.alsa.period-num"
            Prop: key Spa:Pod:Object:Param:PropInfo:description (7), flags 00000000
              String "Number of Periods"
            Prop: key Spa:Pod:Object:Param:PropInfo:type (3), flags 00000000
              Choice: type Spa:Enum:Choice:Range, flags 00000000 28 4
                Int 0
                Int 0
                Int 1024
            Prop: key Spa:Pod:Object:Param:PropInfo:params (6), flags 00000000
              Bool true
*	  id:1 (Spa:Enum:ParamId:PropInfo)
          Object: size 152, type Spa:Pod:Object:Param:PropInfo (262145), id Spa:Enum:ParamId:PropInfo (1)
            Prop: key Spa:Pod:Object:Param:PropInfo:name (2), flags 00000000
              String "api.alsa.headroom"
            Prop: key Spa:Pod:Object:Param:PropInfo:description (7), flags 00000000
              String "Headroom"
            Prop: key Spa:Pod:Object:Param:PropInfo:type (3), flags 00000000
              Choice: type Spa:Enum:Choice:Range, flags 00000000 28 4
                Int 0
                Int 0
                Int 8192
            Prop: key Spa:Pod:Object:Param:PropInfo:params (6), flags 00000000
              Bool true
*	  id:1 (Spa:Enum:ParamId:PropInfo)
          Object: size 152, type Spa:Pod:Object:Param:PropInfo (262145), id Spa:Enum:ParamId:PropInfo (1)
            Prop: key Spa:Pod:Object:Param:PropInfo:name (2), flags 00000000
              String "api.alsa.start-delay"
            Prop: key Spa:Pod:Object:Param:PropInfo:description (7), flags 00000000
              String "Start Delay"
            Prop: key Spa:Pod:Object:Param:PropInfo:type (3), flags 00000000
              Choice: type Spa:Enum:Choice:Range, flags 00000000 28 4
                Int 0
                Int 0
                Int 8192
            Prop: key Spa:Pod:Object:Param:PropInfo:params (6), flags 00000000
              Bool true
*	  id:1 (Spa:Enum:ParamId:PropInfo)
          Object: size 152, type Spa:Pod:Object:Param:PropInfo (262145), id Spa:Enum:ParamId:PropInfo (1)
            Prop: key Spa:Pod:Object:Param:PropInfo:name (2), flags 00000000
              String "api.alsa.disable-mmap"
            Prop: key Spa:Pod:Object:Param:PropInfo:description (7), flags 00000000
              String "Disable MMAP"
            Prop: key Spa:Pod:Object:Param:PropInfo:type (3), flags 00000000
              Choice: type Spa:Enum:Choice:Enum, flags 00000000 28 4
                Bool false
                Bool false
                Bool true
            Prop: key Spa:Pod:Object:Param:PropInfo:params (6), flags 00000000
              Bool true
*	  id:1 (Spa:Enum:ParamId:PropInfo)
          Object: size 152, type Spa:Pod:Object:Param:PropInfo (262145), id Spa:Enum:ParamId:PropInfo (1)
            Prop: key Spa:Pod:Object:Param:PropInfo:name (2), flags 00000000
              String "api.alsa.disable-batch"
            Prop: key Spa:Pod:Object:Param:PropInfo:description (7), flags 00000000
              String "Disable Batch"
            Prop: key Spa:Pod:Object:Param:PropInfo:type (3), flags 00000000
              Choice: type Spa:Enum:Choice:Enum, flags 00000000 28 4
                Bool false
                Bool false
                Bool true
            Prop: key Spa:Pod:Object:Param:PropInfo:params (6), flags 00000000
              Bool true
*	  id:1 (Spa:Enum:ParamId:PropInfo)
          Object: size 168, type Spa:Pod:Object:Param:PropInfo (262145), id Spa:Enum:ParamId:PropInfo (1)
            Prop: key Spa:Pod:Object:Param:PropInfo:name (2), flags 00000000
              String "api.alsa.disable-tsched"
            Prop: key Spa:Pod:Object:Param:PropInfo:description (7), flags 00000000
              String "Disable timer based scheduling"
            Prop: key Spa:Pod:Object:Param:PropInfo:type (3), flags 00000000
              Choice: type Spa:Enum:Choice:Enum, flags 00000000 28 4
                Bool false
                Bool false
                Bool true
            Prop: key Spa:Pod:Object:Param:PropInfo:params (6), flags 00000000
              Bool true
*	  id:1 (Spa:Enum:ParamId:PropInfo)
          Object: size 168, type Spa:Pod:Object:Param:PropInfo (262145), id Spa:Enum:ParamId:PropInfo (1)
            Prop: key Spa:Pod:Object:Param:PropInfo:name (2), flags 00000000
              String "api.alsa.use-chmap"
            Prop: key Spa:Pod:Object:Param:PropInfo:description (7), flags 00000000
              String "Use the driver channelmap"
            Prop: key Spa:Pod:Object:Param:PropInfo:type (3), flags 00000000
              Choice: type Spa:Enum:Choice:Enum, flags 00000000 28 4
                Bool false
                Bool false
                Bool true
            Prop: key Spa:Pod:Object:Param:PropInfo:params (6), flags 00000000
              Bool true
*	  id:1 (Spa:Enum:ParamId:PropInfo)
          Object: size 160, type Spa:Pod:Object:Param:PropInfo (262145), id Spa:Enum:ParamId:PropInfo (1)
            Prop: key Spa:Pod:Object:Param:PropInfo:name (2), flags 00000000
              String "api.alsa.multi-rate"
            Prop: key Spa:Pod:Object:Param:PropInfo:description (7), flags 00000000
              String "Support multiple rates"
            Prop: key Spa:Pod:Object:Param:PropInfo:type (3), flags 00000000
              Choice: type Spa:Enum:Choice:Enum, flags 00000000 28 4
                Bool true
                Bool true
                Bool false
            Prop: key Spa:Pod:Object:Param:PropInfo:params (6), flags 00000000
              Bool true
*	  id:1 (Spa:Enum:ParamId:PropInfo)
          Object: size 160, type Spa:Pod:Object:Param:PropInfo (262145), id Spa:Enum:ParamId:PropInfo (1)
            Prop: key Spa:Pod:Object:Param:PropInfo:name (2), flags 00000000
              String "api.alsa.htimestamp"
            Prop: key Spa:Pod:Object:Param:PropInfo:description (7), flags 00000000
              String "Use hires timestamps"
            Prop: key Spa:Pod:Object:Param:PropInfo:type (3), flags 00000000
              Choice: type Spa:Enum:Choice:Enum, flags 00000000 28 4
                Bool false
                Bool false
                Bool true
            Prop: key Spa:Pod:Object:Param:PropInfo:params (6), flags 00000000
              Bool true
*	  id:1 (Spa:Enum:ParamId:PropInfo)
          Object: size 168, type Spa:Pod:Object:Param:PropInfo (262145), id Spa:Enum:ParamId:PropInfo (1)
            Prop: key Spa:Pod:Object:Param:PropInfo:name (2), flags 00000000
              String "latency.internal.rate"
            Prop: key Spa:Pod:Object:Param:PropInfo:description (7), flags 00000000
              String "Internal latency in samples"
            Prop: key Spa:Pod:Object:Param:PropInfo:type (3), flags 00000000
              Choice: type Spa:Enum:Choice:Range, flags 00000000 28 4
                Int 0
                Int 0
                Int 65536
            Prop: key Spa:Pod:Object:Param:PropInfo:params (6), flags 00000000
              Bool true
*	  id:1 (Spa:Enum:ParamId:PropInfo)
          Object: size 176, type Spa:Pod:Object:Param:PropInfo (262145), id Spa:Enum:ParamId:PropInfo (1)
            Prop: key Spa:Pod:Object:Param:PropInfo:name (2), flags 00000000
              String "latency.internal.ns"
            Prop: key Spa:Pod:Object:Param:PropInfo:description (7), flags 00000000
              String "Internal latency in nanoseconds"
            Prop: key Spa:Pod:Object:Param:PropInfo:type (3), flags 00000000
              Choice: type Spa:Enum:Choice:Range, flags 00000000 40 8
                Long 0
                Long 0
                Long 2000000000
            Prop: key Spa:Pod:Object:Param:PropInfo:params (6), flags 00000000
              Bool true
*	  id:1 (Spa:Enum:ParamId:PropInfo)
          Object: size 136, type Spa:Pod:Object:Param:PropInfo (262145), id Spa:Enum:ParamId:PropInfo (1)
            Prop: key Spa:Pod:Object:Param:PropInfo:name (2), flags 00000000
              String "clock.name"
            Prop: key Spa:Pod:Object:Param:PropInfo:description (7), flags 00000000
              String "The name of the clock"
            Prop: key Spa:Pod:Object:Param:PropInfo:type (3), flags 00000000
              String "api.alsa.c-1"
            Prop: key Spa:Pod:Object:Param:PropInfo:params (6), flags 00000000
              Bool true
*	  id:1 (Spa:Enum:ParamId:PropInfo)
          Object: size 184, type Spa:Pod:Object:Param:PropInfo (262145), id Spa:Enum:ParamId:PropInfo (1)
            Prop: key Spa:Pod:Object:Param:PropInfo:name (2), flags 00000000
              String "api.alsa.htimestamp.max-errors"
            Prop: key Spa:Pod:Object:Param:PropInfo:description (7), flags 00000000
              String "Max errors before disabling htimestamp"
            Prop: key Spa:Pod:Object:Param:PropInfo:type (3), flags 00000000
              Choice: type Spa:Enum:Choice:Range, flags 00000000 28 4
                Int 64
                Int 0
                Int 2147483647
            Prop: key Spa:Pod:Object:Param:PropInfo:params (6), flags 00000000
              Bool true
*	  id:2 (Spa:Enum:ParamId:Props)
          Object: size 1256, type Spa:Pod:Object:Param:Props (262146), id Spa:Enum:ParamId:Props (2)
            Prop: key Spa:Pod:Object:Param:Props:volume (65539), flags 00000000
              Float 1.000000
            Prop: key Spa:Pod:Object:Param:Props:mute (65540), flags 00000000
              Bool false
            Prop: key Spa:Pod:Object:Param:Props:channelVolumes (65544), flags 00000000
              Array: child.size 4, child.type Spa:Float
                Float 1.000000
                Float 1.000000
            Prop: key Spa:Pod:Object:Param:Props:channelMap (65547), flags 00000000
              Array: child.size 4, child.type Spa:Id
                Id 3        (Spa:Enum:AudioChannel:FL)
                Id 4        (Spa:Enum:AudioChannel:FR)
            Prop: key Spa:Pod:Object:Param:Props:softMute (65551), flags 00000000
              Bool false
            Prop: key Spa:Pod:Object:Param:Props:softVolumes (65552), flags 00000000
              Array: child.size 4, child.type Spa:Float
                Float 1.000000
                Float 1.000000
            Prop: key Spa:Pod:Object:Param:Props:monitorMute (65548), flags 00000000
              Bool false
            Prop: key Spa:Pod:Object:Param:Props:monitorVolumes (65549), flags 00000000
              Array: child.size 4, child.type Spa:Float
                Float 1.000000
                Float 1.000000
            Prop: key Spa:Pod:Object:Param:Props:params (524289), flags 00000000
              Struct: size 1008
                String "monitor.channel-volumes"
                Bool false
                String "channelmix.disable"
                Bool false
                String "channelmix.min-volume"
                Float 0.000000
                String "channelmix.max-volume"
                Float 10.000000
                String "channelmix.normalize"
                Bool false
                String "channelmix.mix-lfe"
                Bool true
                String "channelmix.upmix"
                Bool true
                String "channelmix.lfe-cutoff"
                Float 0.000000
                String "channelmix.fc-cutoff"
                Float 0.000000
                String "channelmix.rear-delay"
                Float 0.000000
                String "channelmix.stereo-widen"
                Float 0.000000
                String "channelmix.hilbert-taps"
                Int 0
                String "channelmix.upmix-method"
                String "none"
                String "resample.quality"
                Int 4
                String "resample.disable"
                Bool false
                String "dither.noise"
                Int 0
                String "dither.method"
                String "none"
                String "debug.wav-path"
                String ""
                String "channelmix.lock-volumes"
                Bool false
                String "audioconvert.filter-graph.disable"
                Bool false
                String "audioconvert.filter-graph"
                String ""
*	  id:2 (Spa:Enum:ParamId:Props)
          Object: size 1336, type Spa:Pod:Object:Param:Props (262146), id Spa:Enum:ParamId:Props (2)
            Prop: key Spa:Pod:Object:Param:Props:device (257), flags 00000000
              String "front:1"
            Prop: key Spa:Pod:Object:Param:Props:deviceName (258), flags 00000000
              String ""
            Prop: key Spa:Pod:Object:Param:Props:cardName (261), flags 00000000
              String ""
            Prop: key Spa:Pod:Object:Param:Props:latencyOffsetNsec (65550), flags 00000000
              Long 0
            Prop: key Spa:Pod:Object:Param:Props:params (524289), flags 00000000
              Struct: size 896
                String "audio.channels"
                Int 2
                String "audio.rate"
                Int 0
                String "audio.format"
                String "S16LE"
                String "audio.position"
                String "[ FL, FR ]"
                String "audio.allowed-rates"
                String "[  ]"
                String "api.alsa.period-size"
                Int 0
                String "api.alsa.period-num"
                Int 0
                String "api.alsa.headroom"
                Int 0
                String "api.alsa.start-delay"
                Int 0
                String "api.alsa.disable-mmap"
                Bool false
                String "api.alsa.disable-batch"
                Bool false
                String "api.alsa.disable-tsched"
                Bool false
                String "api.alsa.use-chmap"
                Bool false
                String "api.alsa.multi-rate"
                Bool true
                String "api.alsa.htimestamp"
                Bool false
                String "api.alsa.htimestamp.max-errors"
                Int 64
                String "latency.internal.rate"
                Int 0
                String "latency.internal.ns"
                Long 0
                String "clock.name"
                String "api.alsa.c-1"
*	  id:10 (Spa:Enum:ParamId:EnumPortConfig)
          Object: size 192, type Spa:Pod:Object:Param:PortConfig (262152), id Spa:Enum:ParamId:EnumPortConfig (10)
            Prop: key Spa:Pod:Object:Param:PortConfig:direction (1), flags 00000000
              Choice: type Spa:Enum:Choice:None, flags 00000000 20 4
                Id 1        (Spa:Enum:Direction:Output)
            Prop: key Spa:Pod:Object:Param:PortConfig:mode (2), flags 00000000
              Choice: type Spa:Enum:Choice:Enum, flags 00000000 32 4
                Id 0        (Spa:Enum:ParamPortConfigMode:none)
                Id 0        (Spa:Enum:ParamPortConfigMode:none)
                Id 3        (Spa:Enum:ParamPortConfigMode:dsp)
                Id 2        (Spa:Enum:ParamPortConfigMode:convert)
            Prop: key Spa:Pod:Object:Param:PortConfig:monitor (3), flags 00000000
              Choice: type Spa:Enum:Choice:Enum, flags 00000000 28 4
                Bool false
                Bool false
                Bool true
            Prop: key Spa:Pod:Object:Param:PortConfig:control (4), flags 00000000
              Choice: type Spa:Enum:Choice:Enum, flags 00000000 28 4
                Bool false
                Bool false
                Bool true
*	  id:11 (Spa:Enum:ParamId:PortConfig)
          Object: size 272, type Spa:Pod:Object:Param:PortConfig (262152), id Spa:Enum:ParamId:PortConfig (11)
            Prop: key Spa:Pod:Object:Param:PortConfig:direction (1), flags 00000000
              Choice: type Spa:Enum:Choice:None, flags 00000000 20 4
                Id 1        (Spa:Enum:Direction:Output)
            Prop: key Spa:Pod:Object:Param:PortConfig:mode (2), flags 00000000
              Id 3        (Spa:Enum:ParamPortConfigMode:dsp)
            Prop: key Spa:Pod:Object:Param:PortConfig:monitor (3), flags 00000000
              Bool true
            Prop: key Spa:Pod:Object:Param:PortConfig:control (4), flags 00000000
              Bool false
            Prop: key Spa:Pod:Object:Param:PortConfig:format (5), flags 00000000
              Object: size 136, type Spa:Pod:Object:Param:Format (262147), id Spa:Enum:ParamId:Buffers (5)
                Prop: key Spa:Pod:Object:Param:Format:mediaType (1), flags 00000000
                  Id 1        (Spa:Enum:MediaType:audio)
                Prop: key Spa:Pod:Object:Param:Format:mediaSubtype (2), flags 00000000
                  Id 1        (Spa:Enum:MediaSubtype:raw)
                Prop: key Spa:Pod:Object:Param:Format:Audio:format (65537), flags 00000000
                  Id 518      (Spa:Enum:AudioFormat:F32P)
                Prop: key Spa:Pod:Object:Param:Format:Audio:channels (65540), flags 00000000
                  Int 2
                Prop: key Spa:Pod:Object:Param:Format:Audio:position (65541), flags 00000000
                  Array: child.size 4, child.type Spa:Id
                    Id 3        (Spa:Enum:AudioChannel:FL)
                    Id 4        (Spa:Enum:AudioChannel:FR)
*	  id:15 (Spa:Enum:ParamId:Latency)
          Object: size 176, type Spa:Pod:Object:Param:Latency (262155), id Spa:Enum:ParamId:Latency (15)
            Prop: key Spa:Pod:Object:Param:Latency:direction (1), flags 00000000
              Id 0        (Spa:Enum:Direction:Input)
            Prop: key Spa:Pod:Object:Param:Latency:minQuantum (2), flags 00000000
              Float 0.000000
            Prop: key Spa:Pod:Object:Param:Latency:maxQuantum (3), flags 00000000
              Float 0.000000
            Prop: key Spa:Pod:Object:Param:Latency:minRate (4), flags 00000000
              Int 0
            Prop: key Spa:Pod:Object:Param:Latency:maxRate (5), flags 00000000
              Int 0
            Prop: key Spa:Pod:Object:Param:Latency:minNs (6), flags 00000000
              Long 0
            Prop: key Spa:Pod:Object:Param:Latency:maxNs (7), flags 00000000
              Long 0
*	  id:15 (Spa:Enum:ParamId:Latency)
          Object: size 176, type Spa:Pod:Object:Param:Latency (262155), id Spa:Enum:ParamId:Latency (15)
            Prop: key Spa:Pod:Object:Param:Latency:direction (1), flags 00000000
              Id 1        (Spa:Enum:Direction:Output)
            Prop: key Spa:Pod:Object:Param:Latency:minQuantum (2), flags 00000000
              Float 1.000000
            Prop: key Spa:Pod:Object:Param:Latency:maxQuantum (3), flags 00000000
              Float 1.000000
            Prop: key Spa:Pod:Object:Param:Latency:minRate (4), flags 00000000
              Int 0
            Prop: key Spa:Pod:Object:Param:Latency:maxRate (5), flags 00000000
              Int 0
            Prop: key Spa:Pod:Object:Param:Latency:minNs (6), flags 00000000
              Long 0
            Prop: key Spa:Pod:Object:Param:Latency:maxNs (7), flags 00000000
              Long 0
*	  id:16 (Spa:Enum:ParamId:ProcessLatency)
          Object: size 80, type Spa:Pod:Object:Param:ProcessLatency (262156), id Spa:Enum:ParamId:ProcessLatency (16)
            Prop: key Spa:Pod:Object:Param:ProcessLatency:quantum (1), flags 00000000
              Float 0.000000
            Prop: key Spa:Pod:Object:Param:ProcessLatency:rate (2), flags 00000000
              Int 0
            Prop: key Spa:Pod:Object:Param:ProcessLatency:ns (3), flags 00000000
              Long 0
 	input ports: 0/0
 	output ports: 2/65
 	state: "suspended"
 	properties:
 		alsa.card = "1"
 		alsa.card_name = "Wireless Microphone"
 		alsa.class = "generic"
 		alsa.components = "USB3547:0407"
 		alsa.device = "0"
 		alsa.driver_name = "snd_usb_audio"
 		alsa.id = "USB Audio"
 		alsa.long_card_name = "Shenzhen Hollyland Technology Co.,Ltd Wireless Microphone at usb-3f980000.usb-1"
 		alsa.mixer_name = "USB Mixer"
 		alsa.name = "USB Audio"
 		alsa.resolution_bits = "16"
 		alsa.subclass = "generic-mix"
 		alsa.subdevice = "0"
 		alsa.subdevice_name = "subdevice #0"
 		alsa.sync.id = "00000000:00000000:00000000:00000000"
 		api.alsa.card.longname = "Shenzhen Hollyland Technology Co.,Ltd Wireless Microphone at usb-3f980000.usb-1"
 		api.alsa.card.name = "Wireless Microphone"
 		api.alsa.path = "front:1"
 		api.alsa.pcm.card = "1"
 		api.alsa.pcm.stream = "capture"
 		audio.channels = "2"
 		audio.format = "S16LE"
 		audio.position = "FL,FR"
 		card.profile.device = "0"
 		device.api = "alsa"
 		device.class = "sound"
 		device.icon-name = "audio-card-analog"
 		device.id = "33"
 		device.profile.description = "Analog Stereo"
 		device.profile.name = "analog-stereo"
 		device.routes = "1"
 		factory.name = "api.alsa.pcm.source"
 		media.class = "Audio/Source"
 		node.description = "Wireless Microphone Analog Stereo"
 		node.name = "alsa_input.usb-Shenzhen_Hollyland_Technology_Co._Ltd_Wireless_Microphone_Wireless_Microphone-01.analog-stereo"
 		node.nick = "Wireless Microphone"
 		node.pause-on-idle = "false"
 		object.path = "alsa:acp:Microphone:0:capture"
 		port.group = "capture"
 		priority.driver = "2009"
 		priority.session = "2009"
 		factory.id = "19"
 		clock.quantum-limit = "8192"
 		client.id = "49"
 		node.driver = "true"
 		node.loop.name = "data-loop.0"
 		library.name = "audioconvert/libspa-audioconvert"
 		object.id = "53"
 		object.serial = "24068"
added:
	id: 47
	permissions: rwxm-
	type: PipeWire:Interface:Node (version 3)
 	params:
*	  id:1 (Spa:Enum:ParamId:PropInfo)
          Object: size 128, type Spa:Pod:Object:Param:PropInfo (262145), id Spa:Enum:ParamId:PropInfo (1)
            Prop: key Spa:Pod:Object:Param:PropInfo:id (1), flags 00000000
              Id 65550    (Spa:Pod:Object:Param:Props:latencyOffsetNsec)
            Prop: key Spa:Pod:Object:Param:PropInfo:description (7), flags 00000000
              String "Latency offset (ns)"
            Prop: key Spa:Pod:Object:Param:PropInfo:type (3), flags 00000000
              Choice: type Spa:Enum:Choice:Range, flags 00000000 40 8
                Long 0
                Long -9223372036854775808
                Long 9223372036854775807
*	  id:1 (Spa:Enum:ParamId:PropInfo)
          Object: size 96, type Spa:Pod:Object:Param:PropInfo (262145), id Spa:Enum:ParamId:PropInfo (1)
            Prop: key Spa:Pod:Object:Param:PropInfo:id (1), flags 00000000
              Id 258      (Spa:Pod:Object:Param:Props:deviceName)
            Prop: key Spa:Pod:Object:Param:PropInfo:description (7), flags 00000000
              String "Device name"
            Prop: key Spa:Pod:Object:Param:PropInfo:type (3), flags 00000000
              String "BLE MIDI 1"
*	  id:2 (Spa:Enum:ParamId:Props)
          Object: size 64, type Spa:Pod:Object:Param:Props (262146), id Spa:Enum:ParamId:Props (2)
            Prop: key Spa:Pod:Object:Param:Props:latencyOffsetNsec (65550), flags 00000000
              Long 0
            Prop: key Spa:Pod:Object:Param:Props:deviceName (258), flags 00000000
              String "BLE MIDI 1"
 	input ports: 1/1
 	output ports: 1/1
 	state: "suspended"
 	properties:
 		api.bluez5.role = "server"
 		api.glib.mainloop = "true"
 		factory.name = "api.bluez5.midi.node"
 		node.description = "BLE MIDI 1"
 		node.name = "bluez_midi.server"
 		factory.id = "14"
 		clock.quantum-limit = "8192"
 		node.loop.name = "data-loop.0"
 		device.api = "bluez5"
 		media.class = "Midi/Bridge"
 		object.id = "47"
 		object.serial = "24070"
 		client.id = "49"
added:
	id: 52
	permissions: r-xm-
	type: PipeWire:Interface:Port (version 3)
	direction: "input"
 	params:
*	  id:3 (Spa:Enum:ParamId:EnumFormat)
           application/control
                      types : (Int) {  }
*	  id:6 (Spa:Enum:ParamId:Meta)
          Object: size 56, type Spa:Pod:Object:Param:Meta (262149), id Spa:Enum:ParamId:Meta (6)
            Prop: key Spa:Pod:Object:Param:Meta:type (1), flags 00000000
              Id 1        (Spa:Pointer:Meta:Header)
            Prop: key Spa:Pod:Object:Param:Meta:size (2), flags 00000000
              Int 32
*	  id:7 (Spa:Enum:ParamId:IO)
          Object: size 56, type Spa:Pod:Object:Param:IO (262150), id Spa:Enum:ParamId:IO (7)
            Prop: key Spa:Pod:Object:Param:IO:id (1), flags 00000000
              Id 1        (Spa:Enum:IO:Buffers)
            Prop: key Spa:Pod:Object:Param:IO:size (2), flags 00000000
              Int 8
*	  id:7 (Spa:Enum:ParamId:IO)
          Object: size 56, type Spa:Pod:Object:Param:IO (262150), id Spa:Enum:ParamId:IO (7)
            Prop: key Spa:Pod:Object:Param:IO:id (1), flags 00000000
              Id 10       (Spa:Enum:IO:AsyncBuffers)
            Prop: key Spa:Pod:Object:Param:IO:size (2), flags 00000000
              Int 8
*	  id:15 (Spa:Enum:ParamId:Latency)
          Object: size 176, type Spa:Pod:Object:Param:Latency (262155), id Spa:Enum:ParamId:Latency (15)
            Prop: key Spa:Pod:Object:Param:Latency:direction (1), flags 00000000
              Id 0        (Spa:Enum:Direction:Input)
            Prop: key Spa:Pod:Object:Param:Latency:minQuantum (2), flags 00000000
              Float 1.000000
            Prop: key Spa:Pod:Object:Param:Latency:maxQuantum (3), flags 00000000
              Float 1.000000
            Prop: key Spa:Pod:Object:Param:Latency:minRate (4), flags 00000000
              Int 0
            Prop: key Spa:Pod:Object:Param:Latency:maxRate (5), flags 00000000
              Int 0
            Prop: key Spa:Pod:Object:Param:Latency:minNs (6), flags 00000000
              Long 0
            Prop: key Spa:Pod:Object:Param:Latency:maxNs (7), flags 00000000
              Long 0
 	properties:
 		format.dsp = "32 bit raw UMP"
 		port.name = "in"
 		port.alias = "in"
 		port.group = "group.0"
 		port.id = "0"
 		port.physical = "true"
 		port.terminal = "true"
 		port.direction = "in"
 		object.path = "bluez_midi.server:input_0"
 		node.id = "47"
 		object.id = "52"
 		object.serial = "24071"
added:
	id: 35
	permissions: r-xm-
	type: PipeWire:Interface:Port (version 3)
	direction: "output"
 	params:
*	  id:3 (Spa:Enum:ParamId:EnumFormat)
           application/control
                      types : (Int) {  }
*	  id:6 (Spa:Enum:ParamId:Meta)
          Object: size 56, type Spa:Pod:Object:Param:Meta (262149), id Spa:Enum:ParamId:Meta (6)
            Prop: key Spa:Pod:Object:Param:Meta:type (1), flags 00000000
              Id 1        (Spa:Pointer:Meta:Header)
            Prop: key Spa:Pod:Object:Param:Meta:size (2), flags 00000000
              Int 32
*	  id:7 (Spa:Enum:ParamId:IO)
          Object: size 56, type Spa:Pod:Object:Param:IO (262150), id Spa:Enum:ParamId:IO (7)
            Prop: key Spa:Pod:Object:Param:IO:id (1), flags 00000000
              Id 1        (Spa:Enum:IO:Buffers)
            Prop: key Spa:Pod:Object:Param:IO:size (2), flags 00000000
              Int 8
*	  id:7 (Spa:Enum:ParamId:IO)
          Object: size 56, type Spa:Pod:Object:Param:IO (262150), id Spa:Enum:ParamId:IO (7)
            Prop: key Spa:Pod:Object:Param:IO:id (1), flags 00000000
              Id 10       (Spa:Enum:IO:AsyncBuffers)
            Prop: key Spa:Pod:Object:Param:IO:size (2), flags 00000000
              Int 8
*	  id:15 (Spa:Enum:ParamId:Latency)
          Object: size 176, type Spa:Pod:Object:Param:Latency (262155), id Spa:Enum:ParamId:Latency (15)
            Prop: key Spa:Pod:Object:Param:Latency:direction (1), flags 00000000
              Id 1        (Spa:Enum:Direction:Output)
            Prop: key Spa:Pod:Object:Param:Latency:minQuantum (2), flags 00000000
              Float 1.000000
            Prop: key Spa:Pod:Object:Param:Latency:maxQuantum (3), flags 00000000
              Float 1.000000
            Prop: key Spa:Pod:Object:Param:Latency:minRate (4), flags 00000000
              Int 0
            Prop: key Spa:Pod:Object:Param:Latency:maxRate (5), flags 00000000
              Int 0
            Prop: key Spa:Pod:Object:Param:Latency:minNs (6), flags 00000000
              Long 0
            Prop: key Spa:Pod:Object:Param:Latency:maxNs (7), flags 00000000
              Long 0
 	properties:
 		format.dsp = "32 bit raw UMP"
 		port.name = "out"
 		port.alias = "out"
 		port.group = "group.0"
 		port.id = "0"
 		port.physical = "true"
 		port.terminal = "true"
 		port.direction = "out"
 		object.path = "bluez_midi.server:output_0"
 		node.id = "47"
 		object.id = "35"
 		object.serial = "24072"
added:
	id: 39
	permissions: rwxm-
	type: PipeWire:Interface:Device (version 3)
 	params:
 	properties:
 		api.v4l2.path = "/dev/video10"
 		device.api = "v4l2"
 		device.bus-path = "platform-3f00b840.mailbox"
 		device.capabilities = ":"
 		device.description = "bcm2835-codec-decode"
 		device.devids = "[ 20736 ]"
 		device.enum.api = "udev"
 		device.name = "v4l2_device.platform-3f00b840.mailbox"
 		device.plugged.usec = "10092291"
 		device.product.name = "bcm2835-codec-decode"
 		device.subsystem = "video4linux"
 		device.sysfs.path = "/devices/platform/soc/3f00b840.mailbox/bcm2835-codec/video4linux/video10"
 		media.class = "Video/Device"
 		factory.id = "15"
 		client.id = "49"
 		object.id = "39"
 		object.serial = "24073"
 		object.path = "v4l2:/dev/video10"
 		api.v4l2.cap.driver = "bcm2835-codec"
 		api.v4l2.cap.card = "bcm2835-codec-decode"
 		api.v4l2.cap.bus_info = "platform:bcm2835-codec"
 		api.v4l2.cap.version = "6.18.34"
 		api.v4l2.cap.capabilities = "84204000"
 		api.v4l2.cap.device-caps = "04204000"
added:
	id: 37
	permissions: rwxm-
	type: PipeWire:Interface:Device (version 3)
 	params:
 	properties:
 		api.v4l2.path = "/dev/video11"
 		device.api = "v4l2"
 		device.bus-path = "platform-3f00b840.mailbox"
 		device.capabilities = ":"
 		device.description = "bcm2835-codec-encode"
 		device.devids = "[ 20737 ]"
 		device.enum.api = "udev"
 		device.name = "v4l2_device.platform-3f00b840.mailbox"
 		device.plugged.usec = "10095521"
 		device.product.name = "bcm2835-codec-encode"
 		device.subsystem = "video4linux"
 		device.sysfs.path = "/devices/platform/soc/3f00b840.mailbox/bcm2835-codec/video4linux/video11"
 		media.class = "Video/Device"
 		factory.id = "15"
 		client.id = "49"
 		object.id = "37"
 		object.serial = "24074"
 		object.path = "v4l2:/dev/video11"
 		api.v4l2.cap.driver = "bcm2835-codec"
 		api.v4l2.cap.card = "bcm2835-codec-encode"
 		api.v4l2.cap.bus_info = "platform:bcm2835-codec"
 		api.v4l2.cap.version = "6.18.34"
 		api.v4l2.cap.capabilities = "84204000"
 		api.v4l2.cap.device-caps = "04204000"
added:
	id: 36
	permissions: rwxm-
	type: PipeWire:Interface:Device (version 3)
 	params:
 	properties:
 		api.v4l2.path = "/dev/video12"
 		device.api = "v4l2"
 		device.bus-path = "platform-3f00b840.mailbox"
 		device.capabilities = ":"
 		device.description = "bcm2835-codec-isp"
 		device.devids = "[ 20738 ]"
 		device.enum.api = "udev"
 		device.name = "v4l2_device.platform-3f00b840.mailbox"
 		device.plugged.usec = "10100702"
 		device.product.name = "bcm2835-codec-isp"
 		device.subsystem = "video4linux"
 		device.sysfs.path = "/devices/platform/soc/3f00b840.mailbox/bcm2835-codec/video4linux/video12"
 		media.class = "Video/Device"
 		factory.id = "15"
 		client.id = "49"
 		object.id = "36"
 		object.serial = "24075"
 		object.path = "v4l2:/dev/video12"
 		api.v4l2.cap.driver = "bcm2835-codec"
 		api.v4l2.cap.card = "bcm2835-codec-isp"
 		api.v4l2.cap.bus_info = "platform:bcm2835-codec"
 		api.v4l2.cap.version = "6.18.34"
 		api.v4l2.cap.capabilities = "84204000"
 		api.v4l2.cap.device-caps = "04204000"
added:
	id: 114
	permissions: rwxm-
	type: PipeWire:Interface:Device (version 3)
 	params:
 	properties:
 		api.v4l2.path = "/dev/video18"
 		device.api = "v4l2"
 		device.bus-path = "platform-3f00b840.mailbox"
 		device.capabilities = ":"
 		device.description = "bcm2835-codec-image_fx"
 		device.devids = "[ 20739 ]"
 		device.enum.api = "udev"
 		device.name = "v4l2_device.platform-3f00b840.mailbox"
 		device.plugged.usec = "10113528"
 		device.product.name = "bcm2835-codec-image_fx"
 		device.subsystem = "video4linux"
 		device.sysfs.path = "/devices/platform/soc/3f00b840.mailbox/bcm2835-codec/video4linux/video18"
 		media.class = "Video/Device"
 		factory.id = "15"
 		client.id = "49"
 		object.id = "114"
 		object.serial = "24076"
 		object.path = "v4l2:/dev/video18"
 		api.v4l2.cap.driver = "bcm2835-codec"
 		api.v4l2.cap.card = "bcm2835-codec-image_fx"
 		api.v4l2.cap.bus_info = "platform:bcm2835-codec"
 		api.v4l2.cap.version = "6.18.34"
 		api.v4l2.cap.capabilities = "84204000"
 		api.v4l2.cap.device-caps = "04204000"
added:
	id: 43
	permissions: rwxm-
	type: PipeWire:Interface:Device (version 3)
 	params:
 	properties:
 		api.v4l2.path = "/dev/video31"
 		device.api = "v4l2"
 		device.bus-path = "platform-3f00b840.mailbox"
 		device.capabilities = ":"
 		device.description = "bcm2835-codec-encode_image"
 		device.devids = "[ 20741 ]"
 		device.enum.api = "udev"
 		device.name = "v4l2_device.platform-3f00b840.mailbox"
 		device.plugged.usec = "10117345"
 		device.product.name = "bcm2835-codec-encode_image"
 		device.subsystem = "video4linux"
 		device.sysfs.path = "/devices/platform/soc/3f00b840.mailbox/bcm2835-codec/video4linux/video31"
 		media.class = "Video/Device"
 		factory.id = "15"
 		client.id = "49"
 		object.id = "43"
 		object.serial = "24077"
 		object.path = "v4l2:/dev/video31"
 		api.v4l2.cap.driver = "bcm2835-codec"
 		api.v4l2.cap.card = "bcm2835-codec-encode_image"
 		api.v4l2.cap.bus_info = "platform:bcm2835-codec"
 		api.v4l2.cap.version = "6.18.34"
 		api.v4l2.cap.capabilities = "84204000"
 		api.v4l2.cap.device-caps = "04204000"
added:
	id: 50
	permissions: rwxm-
	type: PipeWire:Interface:Device (version 3)
 	params:
 	properties:
 		api.v4l2.path = "/dev/video13"
 		device.api = "v4l2"
 		device.bus-path = "platform-3f00b840.mailbox"
 		device.capabilities = ":video_output:"
 		device.description = "bcm2835-isp"
 		device.devids = "[ 20740 ]"
 		device.enum.api = "udev"
 		device.name = "v4l2_device.platform-3f00b840.mailbox"
 		device.plugged.usec = "10114012"
 		device.product.name = "bcm2835-isp"
 		device.subsystem = "video4linux"
 		device.sysfs.path = "/devices/platform/soc/3f00b840.mailbox/bcm2835-isp/video4linux/video13"
 		media.class = "Video/Device"
 		factory.id = "15"
 		client.id = "49"
 		object.id = "50"
 		object.serial = "24078"
 		object.path = "v4l2:/dev/video13"
 		api.v4l2.cap.driver = "bcm2835-isp"
 		api.v4l2.cap.card = "bcm2835-isp"
 		api.v4l2.cap.bus_info = "platform:bcm2835-isp"
 		api.v4l2.cap.version = "6.18.34"
 		api.v4l2.cap.capabilities = "84200002"
 		api.v4l2.cap.device-caps = "04200002"
added:
	id: 38
	permissions: rwxm-
	type: PipeWire:Interface:Device (version 3)
 	params:
 	properties:
 		api.v4l2.path = "/dev/video14"
 		device.api = "v4l2"
 		device.bus-path = "platform-3f00b840.mailbox"
 		device.capabilities = ":capture:"
 		device.description = "bcm2835-isp"
 		device.devids = "[ 20742 ]"
 		device.enum.api = "udev"
 		device.name = "v4l2_device.platform-3f00b840.mailbox"
 		device.plugged.usec = "10117628"
 		device.product.name = "bcm2835-isp"
 		device.subsystem = "video4linux"
 		device.sysfs.path = "/devices/platform/soc/3f00b840.mailbox/bcm2835-isp/video4linux/video14"
 		media.class = "Video/Device"
 		factory.id = "15"
 		client.id = "49"
 		object.id = "38"
 		object.serial = "24079"
 		object.path = "v4l2:/dev/video14"
 		api.v4l2.cap.driver = "bcm2835-isp"
 		api.v4l2.cap.card = "bcm2835-isp"
 		api.v4l2.cap.bus_info = "platform:bcm2835-isp"
 		api.v4l2.cap.version = "6.18.34"
 		api.v4l2.cap.capabilities = "84200001"
 		api.v4l2.cap.device-caps = "04200001"
added:
	id: 80
	permissions: rwxm-
	type: PipeWire:Interface:Device (version 3)
 	params:
 	properties:
 		api.v4l2.path = "/dev/video15"
 		device.api = "v4l2"
 		device.bus-path = "platform-3f00b840.mailbox"
 		device.capabilities = ":capture:"
 		device.description = "bcm2835-isp"
 		device.devids = "[ 20743 ]"
 		device.enum.api = "udev"
 		device.name = "v4l2_device.platform-3f00b840.mailbox"
 		device.plugged.usec = "10126038"
 		device.product.name = "bcm2835-isp"
 		device.subsystem = "video4linux"
 		device.sysfs.path = "/devices/platform/soc/3f00b840.mailbox/bcm2835-isp/video4linux/video15"
 		media.class = "Video/Device"
 		factory.id = "15"
 		client.id = "49"
 		object.id = "80"
 		object.serial = "24080"
 		object.path = "v4l2:/dev/video15"
 		api.v4l2.cap.driver = "bcm2835-isp"
 		api.v4l2.cap.card = "bcm2835-isp"
 		api.v4l2.cap.bus_info = "platform:bcm2835-isp"
 		api.v4l2.cap.version = "6.18.34"
 		api.v4l2.cap.capabilities = "84200001"
 		api.v4l2.cap.device-caps = "04200001"
added:
	id: 77
	permissions: rwxm-
	type: PipeWire:Interface:Device (version 3)
 	params:
 	properties:
 		api.v4l2.path = "/dev/video16"
 		device.api = "v4l2"
 		device.bus-path = "platform-3f00b840.mailbox"
 		device.capabilities = ":"
 		device.description = "bcm2835-isp"
 		device.devids = "[ 20744 ]"
 		device.enum.api = "udev"
 		device.name = "v4l2_device.platform-3f00b840.mailbox"
 		device.plugged.usec = "10127204"
 		device.product.name = "bcm2835-isp"
 		device.subsystem = "video4linux"
 		device.sysfs.path = "/devices/platform/soc/3f00b840.mailbox/bcm2835-isp/video4linux/video16"
 		media.class = "Video/Device"
 		factory.id = "15"
 		client.id = "49"
 		object.id = "77"
 		object.serial = "24081"
 		object.path = "v4l2:/dev/video16"
 		api.v4l2.cap.driver = "bcm2835-isp"
 		api.v4l2.cap.card = "bcm2835-isp"
 		api.v4l2.cap.bus_info = "platform:bcm2835-isp"
 		api.v4l2.cap.version = "6.18.34"
 		api.v4l2.cap.capabilities = "84a00000"
 		api.v4l2.cap.device-caps = "04a00000"
added:
	id: 67
	permissions: rwxm-
	type: PipeWire:Interface:Device (version 3)
 	params:
 	properties:
 		api.v4l2.path = "/dev/video20"
 		device.api = "v4l2"
 		device.bus-path = "platform-3f00b840.mailbox"
 		device.capabilities = ":video_output:"
 		device.description = "bcm2835-isp"
 		device.devids = "[ 20745 ]"
 		device.enum.api = "udev"
 		device.name = "v4l2_device.platform-3f00b840.mailbox"
 		device.plugged.usec = "10139299"
 		device.product.name = "bcm2835-isp"
 		device.subsystem = "video4linux"
 		device.sysfs.path = "/devices/platform/soc/3f00b840.mailbox/bcm2835-isp/video4linux/video20"
 		media.class = "Video/Device"
 		factory.id = "15"
 		client.id = "49"
 		object.id = "67"
 		object.serial = "24082"
 		object.path = "v4l2:/dev/video20"
 		api.v4l2.cap.driver = "bcm2835-isp"
 		api.v4l2.cap.card = "bcm2835-isp"
 		api.v4l2.cap.bus_info = "platform:bcm2835-isp"
 		api.v4l2.cap.version = "6.18.34"
 		api.v4l2.cap.capabilities = "84200002"
 		api.v4l2.cap.device-caps = "04200002"
added:
	id: 58
	permissions: rwxm-
	type: PipeWire:Interface:Device (version 3)
 	params:
 	properties:
 		api.v4l2.path = "/dev/video21"
 		device.api = "v4l2"
 		device.bus-path = "platform-3f00b840.mailbox"
 		device.capabilities = ":capture:"
 		device.description = "bcm2835-isp"
 		device.devids = "[ 20746 ]"
 		device.enum.api = "udev"
 		device.name = "v4l2_device.platform-3f00b840.mailbox"
 		device.plugged.usec = "10139488"
 		device.product.name = "bcm2835-isp"
 		device.subsystem = "video4linux"
 		device.sysfs.path = "/devices/platform/soc/3f00b840.mailbox/bcm2835-isp/video4linux/video21"
 		media.class = "Video/Device"
 		factory.id = "15"
 		client.id = "49"
 		object.id = "58"
 		object.serial = "24083"
 		object.path = "v4l2:/dev/video21"
 		api.v4l2.cap.driver = "bcm2835-isp"
 		api.v4l2.cap.card = "bcm2835-isp"
 		api.v4l2.cap.bus_info = "platform:bcm2835-isp"
 		api.v4l2.cap.version = "6.18.34"
 		api.v4l2.cap.capabilities = "84200001"
 		api.v4l2.cap.device-caps = "04200001"
added:
	id: 69
	permissions: rwxm-
	type: PipeWire:Interface:Device (version 3)
 	params:
 	properties:
 		api.v4l2.path = "/dev/video22"
 		device.api = "v4l2"
 		device.bus-path = "platform-3f00b840.mailbox"
 		device.capabilities = ":capture:"
 		device.description = "bcm2835-isp"
 		device.devids = "[ 20747 ]"
 		device.enum.api = "udev"
 		device.name = "v4l2_device.platform-3f00b840.mailbox"
 		device.plugged.usec = "10139590"
 		device.product.name = "bcm2835-isp"
 		device.subsystem = "video4linux"
 		device.sysfs.path = "/devices/platform/soc/3f00b840.mailbox/bcm2835-isp/video4linux/video22"
 		media.class = "Video/Device"
 		factory.id = "15"
 		client.id = "49"
 		object.id = "69"
 		object.serial = "24084"
 		object.path = "v4l2:/dev/video22"
 		api.v4l2.cap.driver = "bcm2835-isp"
 		api.v4l2.cap.card = "bcm2835-isp"
 		api.v4l2.cap.bus_info = "platform:bcm2835-isp"
 		api.v4l2.cap.version = "6.18.34"
 		api.v4l2.cap.capabilities = "84200001"
 		api.v4l2.cap.device-caps = "04200001"
added:
	id: 79
	permissions: rwxm-
	type: PipeWire:Interface:Device (version 3)
 	params:
 	properties:
 		api.v4l2.path = "/dev/video23"
 		device.api = "v4l2"
 		device.bus-path = "platform-3f00b840.mailbox"
 		device.capabilities = ":"
 		device.description = "bcm2835-isp"
 		device.devids = "[ 20748 ]"
 		device.enum.api = "udev"
 		device.name = "v4l2_device.platform-3f00b840.mailbox"
 		device.plugged.usec = "10141898"
 		device.product.name = "bcm2835-isp"
 		device.subsystem = "video4linux"
 		device.sysfs.path = "/devices/platform/soc/3f00b840.mailbox/bcm2835-isp/video4linux/video23"
 		media.class = "Video/Device"
 		factory.id = "15"
 		client.id = "49"
 		object.id = "79"
 		object.serial = "24085"
 		object.path = "v4l2:/dev/video23"
 		api.v4l2.cap.driver = "bcm2835-isp"
 		api.v4l2.cap.card = "bcm2835-isp"
 		api.v4l2.cap.bus_info = "platform:bcm2835-isp"
 		api.v4l2.cap.version = "6.18.34"
 		api.v4l2.cap.capabilities = "84a00000"
 		api.v4l2.cap.device-caps = "04a00000"
added:
	id: 60
	permissions: rwxm-
	type: PipeWire:Interface:Node (version 3)
 	params:
*	  id:3 (Spa:Enum:ParamId:EnumFormat)
           audio/raw
                     format : (Id) { S16LE, U8 }
                       rate : (Int) [ 8000, 192000 ]
                   channels : (Int) 2
                   position : (Array) < FL, FR >
*	  id:1 (Spa:Enum:ParamId:PropInfo)
          Object: size 104, type Spa:Pod:Object:Param:PropInfo (262145), id Spa:Enum:ParamId:PropInfo (1)
            Prop: key Spa:Pod:Object:Param:PropInfo:id (1), flags 00000000
              Id 65539    (Spa:Pod:Object:Param:Props:volume)
            Prop: key Spa:Pod:Object:Param:PropInfo:description (7), flags 00000000
              String "Volume"
            Prop: key Spa:Pod:Object:Param:PropInfo:type (3), flags 00000000
              Choice: type Spa:Enum:Choice:Range, flags 00000000 28 4
                Float 1.000000
                Float 0.000000
                Float 10.000000
*	  id:1 (Spa:Enum:ParamId:PropInfo)
          Object: size 104, type Spa:Pod:Object:Param:PropInfo (262145), id Spa:Enum:ParamId:PropInfo (1)
            Prop: key Spa:Pod:Object:Param:PropInfo:id (1), flags 00000000
              Id 65540    (Spa:Pod:Object:Param:Props:mute)
            Prop: key Spa:Pod:Object:Param:PropInfo:description (7), flags 00000000
              String "Mute"
            Prop: key Spa:Pod:Object:Param:PropInfo:type (3), flags 00000000
              Choice: type Spa:Enum:Choice:Enum, flags 00000000 28 4
                Bool false
                Bool false
                Bool true
*	  id:1 (Spa:Enum:ParamId:PropInfo)
          Object: size 136, type Spa:Pod:Object:Param:PropInfo (262145), id Spa:Enum:ParamId:PropInfo (1)
            Prop: key Spa:Pod:Object:Param:PropInfo:id (1), flags 00000000
              Id 65544    (Spa:Pod:Object:Param:Props:channelVolumes)
            Prop: key Spa:Pod:Object:Param:PropInfo:description (7), flags 00000000
              String "Channel Volumes"
            Prop: key Spa:Pod:Object:Param:PropInfo:type (3), flags 00000000
              Choice: type Spa:Enum:Choice:Range, flags 00000000 28 4
                Float 1.000000
                Float 0.000000
                Float 10.000000
            Prop: key Spa:Pod:Object:Param:PropInfo:container (5), flags 00000000
              Id 13       (Spa:Array)
*	  id:1 (Spa:Enum:ParamId:PropInfo)
          Object: size 112, type Spa:Pod:Object:Param:PropInfo (262145), id Spa:Enum:ParamId:PropInfo (1)
            Prop: key Spa:Pod:Object:Param:PropInfo:id (1), flags 00000000
              Id 65547    (Spa:Pod:Object:Param:Props:channelMap)
            Prop: key Spa:Pod:Object:Param:PropInfo:description (7), flags 00000000
              String "Channel Map"
            Prop: key Spa:Pod:Object:Param:PropInfo:type (3), flags 00000000
              Id 0        (Spa:)
            Prop: key Spa:Pod:Object:Param:PropInfo:container (5), flags 00000000
              Id 13       (Spa:Array)
*	  id:1 (Spa:Enum:ParamId:PropInfo)
          Object: size 112, type Spa:Pod:Object:Param:PropInfo (262145), id Spa:Enum:ParamId:PropInfo (1)
            Prop: key Spa:Pod:Object:Param:PropInfo:id (1), flags 00000000
              Id 65548    (Spa:Pod:Object:Param:Props:monitorMute)
            Prop: key Spa:Pod:Object:Param:PropInfo:description (7), flags 00000000
              String "Monitor Mute"
            Prop: key Spa:Pod:Object:Param:PropInfo:type (3), flags 00000000
              Choice: type Spa:Enum:Choice:Enum, flags 00000000 28 4
                Bool false
                Bool false
                Bool true
*	  id:1 (Spa:Enum:ParamId:PropInfo)
          Object: size 136, type Spa:Pod:Object:Param:PropInfo (262145), id Spa:Enum:ParamId:PropInfo (1)
            Prop: key Spa:Pod:Object:Param:PropInfo:id (1), flags 00000000
              Id 65549    (Spa:Pod:Object:Param:Props:monitorVolumes)
            Prop: key Spa:Pod:Object:Param:PropInfo:description (7), flags 00000000
              String "Monitor Volumes"
            Prop: key Spa:Pod:Object:Param:PropInfo:type (3), flags 00000000
              Choice: type Spa:Enum:Choice:Range, flags 00000000 28 4
                Float 1.000000
                Float 0.000000
                Float 10.000000
            Prop: key Spa:Pod:Object:Param:PropInfo:container (5), flags 00000000
              Id 13       (Spa:Array)
*	  id:1 (Spa:Enum:ParamId:PropInfo)
          Object: size 112, type Spa:Pod:Object:Param:PropInfo (262145), id Spa:Enum:ParamId:PropInfo (1)
            Prop: key Spa:Pod:Object:Param:PropInfo:id (1), flags 00000000
              Id 65551    (Spa:Pod:Object:Param:Props:softMute)
            Prop: key Spa:Pod:Object:Param:PropInfo:description (7), flags 00000000
              String "Soft Mute"
            Prop: key Spa:Pod:Object:Param:PropInfo:type (3), flags 00000000
              Choice: type Spa:Enum:Choice:Enum, flags 00000000 28 4
                Bool false
                Bool false
                Bool true
*	  id:1 (Spa:Enum:ParamId:PropInfo)
          Object: size 136, type Spa:Pod:Object:Param:PropInfo (262145), id Spa:Enum:ParamId:PropInfo (1)
            Prop: key Spa:Pod:Object:Param:PropInfo:id (1), flags 00000000
              Id 65552    (Spa:Pod:Object:Param:Props:softVolumes)
            Prop: key Spa:Pod:Object:Param:PropInfo:description (7), flags 00000000
              String "Soft Volumes"
            Prop: key Spa:Pod:Object:Param:PropInfo:type (3), flags 00000000
              Choice: type Spa:Enum:Choice:Range, flags 00000000 28 4
                Float 1.000000
                Float 0.000000
                Float 10.000000
            Prop: key Spa:Pod:Object:Param:PropInfo:container (5), flags 00000000
              Id 13       (Spa:Array)
*	  id:1 (Spa:Enum:ParamId:PropInfo)
          Object: size 160, type Spa:Pod:Object:Param:PropInfo (262145), id Spa:Enum:ParamId:PropInfo (1)
            Prop: key Spa:Pod:Object:Param:PropInfo:name (2), flags 00000000
              String "monitor.channel-volumes"
            Prop: key Spa:Pod:Object:Param:PropInfo:description (7), flags 00000000
              String "Monitor channel volume"
            Prop: key Spa:Pod:Object:Param:PropInfo:type (3), flags 00000000
              Choice: type Spa:Enum:Choice:Enum, flags 00000000 28 4
                Bool false
                Bool false
                Bool true
            Prop: key Spa:Pod:Object:Param:PropInfo:params (6), flags 00000000
              Bool true
*	  id:1 (Spa:Enum:ParamId:PropInfo)
          Object: size 160, type Spa:Pod:Object:Param:PropInfo (262145), id Spa:Enum:ParamId:PropInfo (1)
            Prop: key Spa:Pod:Object:Param:PropInfo:name (2), flags 00000000
              String "channelmix.disable"
            Prop: key Spa:Pod:Object:Param:PropInfo:description (7), flags 00000000
              String "Disable Channel mixing"
            Prop: key Spa:Pod:Object:Param:PropInfo:type (3), flags 00000000
              Choice: type Spa:Enum:Choice:Enum, flags 00000000 28 4
                Bool false
                Bool false
                Bool true
            Prop: key Spa:Pod:Object:Param:PropInfo:params (6), flags 00000000
              Bool true
*	  id:1 (Spa:Enum:ParamId:PropInfo)
          Object: size 160, type Spa:Pod:Object:Param:PropInfo (262145), id Spa:Enum:ParamId:PropInfo (1)
            Prop: key Spa:Pod:Object:Param:PropInfo:name (2), flags 00000000
              String "channelmix.min-volume"
            Prop: key Spa:Pod:Object:Param:PropInfo:description (7), flags 00000000
              String "Minimum volume level"
            Prop: key Spa:Pod:Object:Param:PropInfo:type (3), flags 00000000
              Choice: type Spa:Enum:Choice:Range, flags 00000000 28 4
                Float 0.000000
                Float 0.000000
                Float 10.000000
            Prop: key Spa:Pod:Object:Param:PropInfo:params (6), flags 00000000
              Bool true
*	  id:1 (Spa:Enum:ParamId:PropInfo)
          Object: size 160, type Spa:Pod:Object:Param:PropInfo (262145), id Spa:Enum:ParamId:PropInfo (1)
            Prop: key Spa:Pod:Object:Param:PropInfo:name (2), flags 00000000
              String "channelmix.max-volume"
            Prop: key Spa:Pod:Object:Param:PropInfo:description (7), flags 00000000
              String "Maximum volume level"
            Prop: key Spa:Pod:Object:Param:PropInfo:type (3), flags 00000000
              Choice: type Spa:Enum:Choice:Range, flags 00000000 28 4
                Float 10.000000
                Float 0.000000
                Float 10.000000
            Prop: key Spa:Pod:Object:Param:PropInfo:params (6), flags 00000000
              Bool true
*	  id:1 (Spa:Enum:ParamId:PropInfo)
          Object: size 160, type Spa:Pod:Object:Param:PropInfo (262145), id Spa:Enum:ParamId:PropInfo (1)
            Prop: key Spa:Pod:Object:Param:PropInfo:name (2), flags 00000000
              String "channelmix.normalize"
            Prop: key Spa:Pod:Object:Param:PropInfo:description (7), flags 00000000
              String "Normalize Volumes"
            Prop: key Spa:Pod:Object:Param:PropInfo:type (3), flags 00000000
              Choice: type Spa:Enum:Choice:Enum, flags 00000000 28 4
                Bool false
                Bool false
                Bool true
            Prop: key Spa:Pod:Object:Param:PropInfo:params (6), flags 00000000
              Bool true
*	  id:1 (Spa:Enum:ParamId:PropInfo)
          Object: size 160, type Spa:Pod:Object:Param:PropInfo (262145), id Spa:Enum:ParamId:PropInfo (1)
            Prop: key Spa:Pod:Object:Param:PropInfo:name (2), flags 00000000
              String "channelmix.mix-lfe"
            Prop: key Spa:Pod:Object:Param:PropInfo:description (7), flags 00000000
              String "Mix LFE into channels"
            Prop: key Spa:Pod:Object:Param:PropInfo:type (3), flags 00000000
              Choice: type Spa:Enum:Choice:Enum, flags 00000000 28 4
                Bool true
                Bool true
                Bool false
            Prop: key Spa:Pod:Object:Param:PropInfo:params (6), flags 00000000
              Bool true
*	  id:1 (Spa:Enum:ParamId:PropInfo)
          Object: size 152, type Spa:Pod:Object:Param:PropInfo (262145), id Spa:Enum:ParamId:PropInfo (1)
            Prop: key Spa:Pod:Object:Param:PropInfo:name (2), flags 00000000
              String "channelmix.upmix"
            Prop: key Spa:Pod:Object:Param:PropInfo:description (7), flags 00000000
              String "Enable upmixing"
            Prop: key Spa:Pod:Object:Param:PropInfo:type (3), flags 00000000
              Choice: type Spa:Enum:Choice:Enum, flags 00000000 28 4
                Bool true
                Bool true
                Bool false
            Prop: key Spa:Pod:Object:Param:PropInfo:params (6), flags 00000000
              Bool true
*	  id:1 (Spa:Enum:ParamId:PropInfo)
          Object: size 160, type Spa:Pod:Object:Param:PropInfo (262145), id Spa:Enum:ParamId:PropInfo (1)
            Prop: key Spa:Pod:Object:Param:PropInfo:name (2), flags 00000000
              String "channelmix.lfe-cutoff"
            Prop: key Spa:Pod:Object:Param:PropInfo:description (7), flags 00000000
              String "LFE cutoff frequency"
            Prop: key Spa:Pod:Object:Param:PropInfo:type (3), flags 00000000
              Choice: type Spa:Enum:Choice:Range, flags 00000000 28 4
                Float 0.000000
                Float 0.000000
                Float 1000.000000
            Prop: key Spa:Pod:Object:Param:PropInfo:params (6), flags 00000000
              Bool true
*	  id:1 (Spa:Enum:ParamId:PropInfo)
          Object: size 168, type Spa:Pod:Object:Param:PropInfo (262145), id Spa:Enum:ParamId:PropInfo (1)
            Prop: key Spa:Pod:Object:Param:PropInfo:name (2), flags 00000000
              String "channelmix.fc-cutoff"
            Prop: key Spa:Pod:Object:Param:PropInfo:description (7), flags 00000000
              String "FC cutoff frequency (Hz)"
            Prop: key Spa:Pod:Object:Param:PropInfo:type (3), flags 00000000
              Choice: type Spa:Enum:Choice:Range, flags 00000000 28 4
                Float 0.000000
                Float 0.000000
                Float 48000.000000
            Prop: key Spa:Pod:Object:Param:PropInfo:params (6), flags 00000000
              Bool true
*	  id:1 (Spa:Enum:ParamId:PropInfo)
          Object: size 168, type Spa:Pod:Object:Param:PropInfo (262145), id Spa:Enum:ParamId:PropInfo (1)
            Prop: key Spa:Pod:Object:Param:PropInfo:name (2), flags 00000000
              String "channelmix.rear-delay"
            Prop: key Spa:Pod:Object:Param:PropInfo:description (7), flags 00000000
              String "Rear channels delay (ms)"
            Prop: key Spa:Pod:Object:Param:PropInfo:type (3), flags 00000000
              Choice: type Spa:Enum:Choice:Range, flags 00000000 28 4
                Float 0.000000
                Float 0.000000
                Float 1000.000000
            Prop: key Spa:Pod:Object:Param:PropInfo:params (6), flags 00000000
              Bool true
*	  id:1 (Spa:Enum:ParamId:PropInfo)
          Object: size 152, type Spa:Pod:Object:Param:PropInfo (262145), id Spa:Enum:ParamId:PropInfo (1)
            Prop: key Spa:Pod:Object:Param:PropInfo:name (2), flags 00000000
              String "channelmix.stereo-widen"
            Prop: key Spa:Pod:Object:Param:PropInfo:description (7), flags 00000000
              String "Stereo widen"
            Prop: key Spa:Pod:Object:Param:PropInfo:type (3), flags 00000000
              Choice: type Spa:Enum:Choice:Range, flags 00000000 28 4
                Float 0.000000
                Float 0.000000
                Float 1.000000
            Prop: key Spa:Pod:Object:Param:PropInfo:params (6), flags 00000000
              Bool true
*	  id:1 (Spa:Enum:ParamId:PropInfo)
          Object: size 168, type Spa:Pod:Object:Param:PropInfo (262145), id Spa:Enum:ParamId:PropInfo (1)
            Prop: key Spa:Pod:Object:Param:PropInfo:name (2), flags 00000000
              String "channelmix.hilbert-taps"
            Prop: key Spa:Pod:Object:Param:PropInfo:description (7), flags 00000000
              String "Taps for phase shift of rear"
            Prop: key Spa:Pod:Object:Param:PropInfo:type (3), flags 00000000
              Choice: type Spa:Enum:Choice:Range, flags 00000000 28 4
                Int 0
                Int 0
                Int 255
            Prop: key Spa:Pod:Object:Param:PropInfo:params (6), flags 00000000
              Bool true
*	  id:1 (Spa:Enum:ParamId:PropInfo)
          Object: size 288, type Spa:Pod:Object:Param:PropInfo (262145), id Spa:Enum:ParamId:PropInfo (1)
            Prop: key Spa:Pod:Object:Param:PropInfo:name (2), flags 00000000
              String "channelmix.upmix-method"
            Prop: key Spa:Pod:Object:Param:PropInfo:description (7), flags 00000000
              String "Upmix method to use"
            Prop: key Spa:Pod:Object:Param:PropInfo:type (3), flags 00000000
              String "none"
            Prop: key Spa:Pod:Object:Param:PropInfo:params (6), flags 00000000
              Bool true
            Prop: key Spa:Pod:Object:Param:PropInfo:labels (4), flags 00000000
              Struct: size 136
                String "none"
                String "Disabled"
                String "simple"
                String "Simple upmixing"
                String "psd"
                String "Passive Surround Decoding"
*	  id:1 (Spa:Enum:ParamId:PropInfo)
          Object: size 120, type Spa:Pod:Object:Param:PropInfo (262145), id Spa:Enum:ParamId:PropInfo (1)
            Prop: key Spa:Pod:Object:Param:PropInfo:id (1), flags 00000000
              Id 268      (Spa:Pod:Object:Param:Props:rate)
            Prop: key Spa:Pod:Object:Param:PropInfo:description (7), flags 00000000
              String "Rate scaler"
            Prop: key Spa:Pod:Object:Param:PropInfo:type (3), flags 00000000
              Choice: type Spa:Enum:Choice:Range, flags 00000000 40 8
                Double 1.000000
                Double 0.000000
                Double 10.000000
*	  id:1 (Spa:Enum:ParamId:PropInfo)
          Object: size 184, type Spa:Pod:Object:Param:PropInfo (262145), id Spa:Enum:ParamId:PropInfo (1)
            Prop: key Spa:Pod:Object:Param:PropInfo:id (1), flags 00000000
              Id 269      (Spa:Pod:Object:Param:Props:quality)
            Prop: key Spa:Pod:Object:Param:PropInfo:name (2), flags 00000000
              String "resample.quality"
            Prop: key Spa:Pod:Object:Param:PropInfo:description (7), flags 00000000
              String "Resample Quality"
            Prop: key Spa:Pod:Object:Param:PropInfo:type (3), flags 00000000
              Choice: type Spa:Enum:Choice:Range, flags 00000000 28 4
                Int 4
                Int 0
                Int 14
            Prop: key Spa:Pod:Object:Param:PropInfo:params (6), flags 00000000
              Bool true
*	  id:1 (Spa:Enum:ParamId:PropInfo)
          Object: size 160, type Spa:Pod:Object:Param:PropInfo (262145), id Spa:Enum:ParamId:PropInfo (1)
            Prop: key Spa:Pod:Object:Param:PropInfo:name (2), flags 00000000
              String "resample.disable"
            Prop: key Spa:Pod:Object:Param:PropInfo:description (7), flags 00000000
              String "Disable Resampling"
            Prop: key Spa:Pod:Object:Param:PropInfo:type (3), flags 00000000
              Choice: type Spa:Enum:Choice:Enum, flags 00000000 28 4
                Bool false
                Bool false
                Bool true
            Prop: key Spa:Pod:Object:Param:PropInfo:params (6), flags 00000000
              Bool true
*	  id:1 (Spa:Enum:ParamId:PropInfo)
          Object: size 144, type Spa:Pod:Object:Param:PropInfo (262145), id Spa:Enum:ParamId:PropInfo (1)
            Prop: key Spa:Pod:Object:Param:PropInfo:name (2), flags 00000000
              String "dither.noise"
            Prop: key Spa:Pod:Object:Param:PropInfo:description (7), flags 00000000
              String "Add noise bits"
            Prop: key Spa:Pod:Object:Param:PropInfo:type (3), flags 00000000
              Choice: type Spa:Enum:Choice:Range, flags 00000000 28 4
                Int 0
                Int 0
                Int 16
            Prop: key Spa:Pod:Object:Param:PropInfo:params (6), flags 00000000
              Bool true
*	  id:1 (Spa:Enum:ParamId:PropInfo)
          Object: size 464, type Spa:Pod:Object:Param:PropInfo (262145), id Spa:Enum:ParamId:PropInfo (1)
            Prop: key Spa:Pod:Object:Param:PropInfo:name (2), flags 00000000
              String "dither.method"
            Prop: key Spa:Pod:Object:Param:PropInfo:description (7), flags 00000000
              String "The dithering method"
            Prop: key Spa:Pod:Object:Param:PropInfo:type (3), flags 00000000
              String "none"
            Prop: key Spa:Pod:Object:Param:PropInfo:params (6), flags 00000000
              Bool true
            Prop: key Spa:Pod:Object:Param:PropInfo:labels (4), flags 00000000
              Struct: size 320
                String "none"
                String "Disabled"
                String "rectangular"
                String "Rectangular dithering"
                String "triangular"
                String "Triangular dithering"
                String "triangular-hf"
                String "Sloped Triangular dithering"
                String "wannamaker3"
                String "Wannamaker 3 dithering"
                String "shaped5"
                String "Lipshitz 5 dithering"
*	  id:1 (Spa:Enum:ParamId:PropInfo)
          Object: size 128, type Spa:Pod:Object:Param:PropInfo (262145), id Spa:Enum:ParamId:PropInfo (1)
            Prop: key Spa:Pod:Object:Param:PropInfo:name (2), flags 00000000
              String "debug.wav-path"
            Prop: key Spa:Pod:Object:Param:PropInfo:description (7), flags 00000000
              String "Path to WAV file"
            Prop: key Spa:Pod:Object:Param:PropInfo:type (3), flags 00000000
              String ""
            Prop: key Spa:Pod:Object:Param:PropInfo:params (6), flags 00000000
              Bool true
*	  id:1 (Spa:Enum:ParamId:PropInfo)
          Object: size 160, type Spa:Pod:Object:Param:PropInfo (262145), id Spa:Enum:ParamId:PropInfo (1)
            Prop: key Spa:Pod:Object:Param:PropInfo:name (2), flags 00000000
              String "channelmix.lock-volumes"
            Prop: key Spa:Pod:Object:Param:PropInfo:description (7), flags 00000000
              String "Disable volume updates"
            Prop: key Spa:Pod:Object:Param:PropInfo:type (3), flags 00000000
              Choice: type Spa:Enum:Choice:Enum, flags 00000000 28 4
                Bool false
                Bool false
                Bool true
            Prop: key Spa:Pod:Object:Param:PropInfo:params (6), flags 00000000
              Bool true
*	  id:1 (Spa:Enum:ParamId:PropInfo)
          Object: size 184, type Spa:Pod:Object:Param:PropInfo (262145), id Spa:Enum:ParamId:PropInfo (1)
            Prop: key Spa:Pod:Object:Param:PropInfo:name (2), flags 00000000
              String "audioconvert.filter-graph.disable"
            Prop: key Spa:Pod:Object:Param:PropInfo:description (7), flags 00000000
              String "Disable Filter graph updates"
            Prop: key Spa:Pod:Object:Param:PropInfo:type (3), flags 00000000
              Choice: type Spa:Enum:Choice:Enum, flags 00000000 28 4
                Bool false
                Bool false
                Bool true
            Prop: key Spa:Pod:Object:Param:PropInfo:params (6), flags 00000000
              Bool true
*	  id:1 (Spa:Enum:ParamId:PropInfo)
          Object: size 144, type Spa:Pod:Object:Param:PropInfo (262145), id Spa:Enum:ParamId:PropInfo (1)
            Prop: key Spa:Pod:Object:Param:PropInfo:name (2), flags 00000000
              String "audioconvert.filter-graph"
            Prop: key Spa:Pod:Object:Param:PropInfo:description (7), flags 00000000
              String "A filter graph to load"
            Prop: key Spa:Pod:Object:Param:PropInfo:type (3), flags 00000000
              String ""
            Prop: key Spa:Pod:Object:Param:PropInfo:params (6), flags 00000000
              Bool true
*	  id:1 (Spa:Enum:ParamId:PropInfo)
          Object: size 184, type Spa:Pod:Object:Param:PropInfo (262145), id Spa:Enum:ParamId:PropInfo (1)
            Prop: key Spa:Pod:Object:Param:PropInfo:id (1), flags 00000000
              Id 257      (Spa:Pod:Object:Param:Props:device)
            Prop: key Spa:Pod:Object:Param:PropInfo:name (2), flags 00000000
              String "api.alsa.path"
            Prop: key Spa:Pod:Object:Param:PropInfo:description (7), flags 00000000
              String "The ALSA device"
            Prop: key Spa:Pod:Object:Param:PropInfo:type (3), flags 00000000
              String "hw:0"
*	  id:1 (Spa:Enum:ParamId:PropInfo)
          Object: size 224, type Spa:Pod:Object:Param:PropInfo (262145), id Spa:Enum:ParamId:PropInfo (1)
            Prop: key Spa:Pod:Object:Param:PropInfo:id (1), flags 00000000
              Id 258      (Spa:Pod:Object:Param:Props:deviceName)
            Prop: key Spa:Pod:Object:Param:PropInfo:description (7), flags 00000000
              String "The ALSA device name"
            Prop: key Spa:Pod:Object:Param:PropInfo:type (3), flags 00000000
              String ""
*	  id:1 (Spa:Enum:ParamId:PropInfo)
          Object: size 224, type Spa:Pod:Object:Param:PropInfo (262145), id Spa:Enum:ParamId:PropInfo (1)
            Prop: key Spa:Pod:Object:Param:PropInfo:id (1), flags 00000000
              Id 261      (Spa:Pod:Object:Param:Props:cardName)
            Prop: key Spa:Pod:Object:Param:PropInfo:description (7), flags 00000000
              String "The ALSA card name"
            Prop: key Spa:Pod:Object:Param:PropInfo:type (3), flags 00000000
              String ""
*	  id:1 (Spa:Enum:ParamId:PropInfo)
          Object: size 128, type Spa:Pod:Object:Param:PropInfo (262145), id Spa:Enum:ParamId:PropInfo (1)
            Prop: key Spa:Pod:Object:Param:PropInfo:id (1), flags 00000000
              Id 65550    (Spa:Pod:Object:Param:Props:latencyOffsetNsec)
            Prop: key Spa:Pod:Object:Param:PropInfo:description (7), flags 00000000
              String "Latency offset (ns)"
            Prop: key Spa:Pod:Object:Param:PropInfo:type (3), flags 00000000
              Choice: type Spa:Enum:Choice:Range, flags 00000000 40 8
                Long 0
                Long 0
                Long 2000000000
*	  id:1 (Spa:Enum:ParamId:PropInfo)
          Object: size 120, type Spa:Pod:Object:Param:PropInfo (262145), id Spa:Enum:ParamId:PropInfo (1)
            Prop: key Spa:Pod:Object:Param:PropInfo:name (2), flags 00000000
              String "audio.channels"
            Prop: key Spa:Pod:Object:Param:PropInfo:description (7), flags 00000000
              String "Audio Channels"
            Prop: key Spa:Pod:Object:Param:PropInfo:type (3), flags 00000000
              Int 2
            Prop: key Spa:Pod:Object:Param:PropInfo:params (6), flags 00000000
              Bool true
*	  id:1 (Spa:Enum:ParamId:PropInfo)
          Object: size 120, type Spa:Pod:Object:Param:PropInfo (262145), id Spa:Enum:ParamId:PropInfo (1)
            Prop: key Spa:Pod:Object:Param:PropInfo:name (2), flags 00000000
              String "audio.rate"
            Prop: key Spa:Pod:Object:Param:PropInfo:description (7), flags 00000000
              String "Audio Rate"
            Prop: key Spa:Pod:Object:Param:PropInfo:type (3), flags 00000000
              Int 0
            Prop: key Spa:Pod:Object:Param:PropInfo:params (6), flags 00000000
              Bool true
*	  id:1 (Spa:Enum:ParamId:PropInfo)
          Object: size 120, type Spa:Pod:Object:Param:PropInfo (262145), id Spa:Enum:ParamId:PropInfo (1)
            Prop: key Spa:Pod:Object:Param:PropInfo:name (2), flags 00000000
              String "audio.format"
            Prop: key Spa:Pod:Object:Param:PropInfo:description (7), flags 00000000
              String "Audio Format"
            Prop: key Spa:Pod:Object:Param:PropInfo:type (3), flags 00000000
              String "UNKNOWN"
            Prop: key Spa:Pod:Object:Param:PropInfo:params (6), flags 00000000
              Bool true
*	  id:1 (Spa:Enum:ParamId:PropInfo)
          Object: size 128, type Spa:Pod:Object:Param:PropInfo (262145), id Spa:Enum:ParamId:PropInfo (1)
            Prop: key Spa:Pod:Object:Param:PropInfo:name (2), flags 00000000
              String "audio.position"
            Prop: key Spa:Pod:Object:Param:PropInfo:description (7), flags 00000000
              String "Audio Position"
            Prop: key Spa:Pod:Object:Param:PropInfo:type (3), flags 00000000
              String "[ FL, FR ]"
            Prop: key Spa:Pod:Object:Param:PropInfo:params (6), flags 00000000
              Bool true
*	  id:1 (Spa:Enum:ParamId:PropInfo)
          Object: size 136, type Spa:Pod:Object:Param:PropInfo (262145), id Spa:Enum:ParamId:PropInfo (1)
            Prop: key Spa:Pod:Object:Param:PropInfo:name (2), flags 00000000
              String "audio.allowed-rates"
            Prop: key Spa:Pod:Object:Param:PropInfo:description (7), flags 00000000
              String "Audio Allowed Rates"
            Prop: key Spa:Pod:Object:Param:PropInfo:type (3), flags 00000000
              String "[  ]"
            Prop: key Spa:Pod:Object:Param:PropInfo:params (6), flags 00000000
              Bool true
*	  id:1 (Spa:Enum:ParamId:PropInfo)
          Object: size 152, type Spa:Pod:Object:Param:PropInfo (262145), id Spa:Enum:ParamId:PropInfo (1)
            Prop: key Spa:Pod:Object:Param:PropInfo:name (2), flags 00000000
              String "api.alsa.period-size"
            Prop: key Spa:Pod:Object:Param:PropInfo:description (7), flags 00000000
              String "Period Size"
            Prop: key Spa:Pod:Object:Param:PropInfo:type (3), flags 00000000
              Choice: type Spa:Enum:Choice:Range, flags 00000000 28 4
                Int 0
                Int 0
                Int 8192
            Prop: key Spa:Pod:Object:Param:PropInfo:params (6), flags 00000000
              Bool true
*	  id:1 (Spa:Enum:ParamId:PropInfo)
          Object: size 160, type Spa:Pod:Object:Param:PropInfo (262145), id Spa:Enum:ParamId:PropInfo (1)
            Prop: key Spa:Pod:Object:Param:PropInfo:name (2), flags 00000000
              String "api.alsa.period-num"
            Prop: key Spa:Pod:Object:Param:PropInfo:description (7), flags 00000000
              String "Number of Periods"
            Prop: key Spa:Pod:Object:Param:PropInfo:type (3), flags 00000000
              Choice: type Spa:Enum:Choice:Range, flags 00000000 28 4
                Int 0
                Int 0
                Int 1024
            Prop: key Spa:Pod:Object:Param:PropInfo:params (6), flags 00000000
              Bool true
*	  id:1 (Spa:Enum:ParamId:PropInfo)
          Object: size 152, type Spa:Pod:Object:Param:PropInfo (262145), id Spa:Enum:ParamId:PropInfo (1)
            Prop: key Spa:Pod:Object:Param:PropInfo:name (2), flags 00000000
              String "api.alsa.headroom"
            Prop: key Spa:Pod:Object:Param:PropInfo:description (7), flags 00000000
              String "Headroom"
            Prop: key Spa:Pod:Object:Param:PropInfo:type (3), flags 00000000
              Choice: type Spa:Enum:Choice:Range, flags 00000000 28 4
                Int 0
                Int 0
                Int 8192
            Prop: key Spa:Pod:Object:Param:PropInfo:params (6), flags 00000000
              Bool true
*	  id:1 (Spa:Enum:ParamId:PropInfo)
          Object: size 152, type Spa:Pod:Object:Param:PropInfo (262145), id Spa:Enum:ParamId:PropInfo (1)
            Prop: key Spa:Pod:Object:Param:PropInfo:name (2), flags 00000000
              String "api.alsa.start-delay"
            Prop: key Spa:Pod:Object:Param:PropInfo:description (7), flags 00000000
              String "Start Delay"
            Prop: key Spa:Pod:Object:Param:PropInfo:type (3), flags 00000000
              Choice: type Spa:Enum:Choice:Range, flags 00000000 28 4
                Int 0
                Int 0
                Int 8192
            Prop: key Spa:Pod:Object:Param:PropInfo:params (6), flags 00000000
              Bool true
*	  id:1 (Spa:Enum:ParamId:PropInfo)
          Object: size 152, type Spa:Pod:Object:Param:PropInfo (262145), id Spa:Enum:ParamId:PropInfo (1)
            Prop: key Spa:Pod:Object:Param:PropInfo:name (2), flags 00000000
              String "api.alsa.disable-mmap"
            Prop: key Spa:Pod:Object:Param:PropInfo:description (7), flags 00000000
              String "Disable MMAP"
            Prop: key Spa:Pod:Object:Param:PropInfo:type (3), flags 00000000
              Choice: type Spa:Enum:Choice:Enum, flags 00000000 28 4
                Bool false
                Bool false
                Bool true
            Prop: key Spa:Pod:Object:Param:PropInfo:params (6), flags 00000000
              Bool true
*	  id:1 (Spa:Enum:ParamId:PropInfo)
          Object: size 152, type Spa:Pod:Object:Param:PropInfo (262145), id Spa:Enum:ParamId:PropInfo (1)
            Prop: key Spa:Pod:Object:Param:PropInfo:name (2), flags 00000000
              String "api.alsa.disable-batch"
            Prop: key Spa:Pod:Object:Param:PropInfo:description (7), flags 00000000
              String "Disable Batch"
            Prop: key Spa:Pod:Object:Param:PropInfo:type (3), flags 00000000
              Choice: type Spa:Enum:Choice:Enum, flags 00000000 28 4
                Bool false
                Bool false
                Bool true
            Prop: key Spa:Pod:Object:Param:PropInfo:params (6), flags 00000000
              Bool true
*	  id:1 (Spa:Enum:ParamId:PropInfo)
          Object: size 168, type Spa:Pod:Object:Param:PropInfo (262145), id Spa:Enum:ParamId:PropInfo (1)
            Prop: key Spa:Pod:Object:Param:PropInfo:name (2), flags 00000000
              String "api.alsa.disable-tsched"
            Prop: key Spa:Pod:Object:Param:PropInfo:description (7), flags 00000000
              String "Disable timer based scheduling"
            Prop: key Spa:Pod:Object:Param:PropInfo:type (3), flags 00000000
              Choice: type Spa:Enum:Choice:Enum, flags 00000000 28 4
                Bool false
                Bool false
                Bool true
            Prop: key Spa:Pod:Object:Param:PropInfo:params (6), flags 00000000
              Bool true
*	  id:1 (Spa:Enum:ParamId:PropInfo)
          Object: size 168, type Spa:Pod:Object:Param:PropInfo (262145), id Spa:Enum:ParamId:PropInfo (1)
            Prop: key Spa:Pod:Object:Param:PropInfo:name (2), flags 00000000
              String "api.alsa.use-chmap"
            Prop: key Spa:Pod:Object:Param:PropInfo:description (7), flags 00000000
              String "Use the driver channelmap"
            Prop: key Spa:Pod:Object:Param:PropInfo:type (3), flags 00000000
              Choice: type Spa:Enum:Choice:Enum, flags 00000000 28 4
                Bool false
                Bool false
                Bool true
            Prop: key Spa:Pod:Object:Param:PropInfo:params (6), flags 00000000
              Bool true
*	  id:1 (Spa:Enum:ParamId:PropInfo)
          Object: size 160, type Spa:Pod:Object:Param:PropInfo (262145), id Spa:Enum:ParamId:PropInfo (1)
            Prop: key Spa:Pod:Object:Param:PropInfo:name (2), flags 00000000
              String "api.alsa.multi-rate"
            Prop: key Spa:Pod:Object:Param:PropInfo:description (7), flags 00000000
              String "Support multiple rates"
            Prop: key Spa:Pod:Object:Param:PropInfo:type (3), flags 00000000
              Choice: type Spa:Enum:Choice:Enum, flags 00000000 28 4
                Bool true
                Bool true
                Bool false
            Prop: key Spa:Pod:Object:Param:PropInfo:params (6), flags 00000000
              Bool true
*	  id:1 (Spa:Enum:ParamId:PropInfo)
          Object: size 160, type Spa:Pod:Object:Param:PropInfo (262145), id Spa:Enum:ParamId:PropInfo (1)
            Prop: key Spa:Pod:Object:Param:PropInfo:name (2), flags 00000000
              String "api.alsa.htimestamp"
            Prop: key Spa:Pod:Object:Param:PropInfo:description (7), flags 00000000
              String "Use hires timestamps"
            Prop: key Spa:Pod:Object:Param:PropInfo:type (3), flags 00000000
              Choice: type Spa:Enum:Choice:Enum, flags 00000000 28 4
                Bool false
                Bool false
                Bool true
            Prop: key Spa:Pod:Object:Param:PropInfo:params (6), flags 00000000
              Bool true
*	  id:1 (Spa:Enum:ParamId:PropInfo)
          Object: size 168, type Spa:Pod:Object:Param:PropInfo (262145), id Spa:Enum:ParamId:PropInfo (1)
            Prop: key Spa:Pod:Object:Param:PropInfo:name (2), flags 00000000
              String "latency.internal.rate"
            Prop: key Spa:Pod:Object:Param:PropInfo:description (7), flags 00000000
              String "Internal latency in samples"
            Prop: key Spa:Pod:Object:Param:PropInfo:type (3), flags 00000000
              Choice: type Spa:Enum:Choice:Range, flags 00000000 28 4
                Int 0
                Int 0
                Int 65536
            Prop: key Spa:Pod:Object:Param:PropInfo:params (6), flags 00000000
              Bool true
*	  id:1 (Spa:Enum:ParamId:PropInfo)
          Object: size 176, type Spa:Pod:Object:Param:PropInfo (262145), id Spa:Enum:ParamId:PropInfo (1)
            Prop: key Spa:Pod:Object:Param:PropInfo:name (2), flags 00000000
              String "latency.internal.ns"
            Prop: key Spa:Pod:Object:Param:PropInfo:description (7), flags 00000000
              String "Internal latency in nanoseconds"
            Prop: key Spa:Pod:Object:Param:PropInfo:type (3), flags 00000000
              Choice: type Spa:Enum:Choice:Range, flags 00000000 40 8
                Long 0
                Long 0
                Long 2000000000
            Prop: key Spa:Pod:Object:Param:PropInfo:params (6), flags 00000000
              Bool true
*	  id:1 (Spa:Enum:ParamId:PropInfo)
          Object: size 136, type Spa:Pod:Object:Param:PropInfo (262145), id Spa:Enum:ParamId:PropInfo (1)
            Prop: key Spa:Pod:Object:Param:PropInfo:name (2), flags 00000000
              String "clock.name"
            Prop: key Spa:Pod:Object:Param:PropInfo:description (7), flags 00000000
              String "The name of the clock"
            Prop: key Spa:Pod:Object:Param:PropInfo:type (3), flags 00000000
              String "api.alsa.p-0"
            Prop: key Spa:Pod:Object:Param:PropInfo:params (6), flags 00000000
              Bool true
*	  id:1 (Spa:Enum:ParamId:PropInfo)
          Object: size 184, type Spa:Pod:Object:Param:PropInfo (262145), id Spa:Enum:ParamId:PropInfo (1)
            Prop: key Spa:Pod:Object:Param:PropInfo:name (2), flags 00000000
              String "api.alsa.htimestamp.max-errors"
            Prop: key Spa:Pod:Object:Param:PropInfo:description (7), flags 00000000
              String "Max errors before disabling htimestamp"
            Prop: key Spa:Pod:Object:Param:PropInfo:type (3), flags 00000000
              Choice: type Spa:Enum:Choice:Range, flags 00000000 28 4
                Int 64
                Int 0
                Int 2147483647
            Prop: key Spa:Pod:Object:Param:PropInfo:params (6), flags 00000000
              Bool true
*	  id:2 (Spa:Enum:ParamId:Props)
          Object: size 1256, type Spa:Pod:Object:Param:Props (262146), id Spa:Enum:ParamId:Props (2)
            Prop: key Spa:Pod:Object:Param:Props:volume (65539), flags 00000000
              Float 1.000000
            Prop: key Spa:Pod:Object:Param:Props:mute (65540), flags 00000000
              Bool false
            Prop: key Spa:Pod:Object:Param:Props:channelVolumes (65544), flags 00000000
              Array: child.size 4, child.type Spa:Float
                Float 0.614105
                Float 0.614105
            Prop: key Spa:Pod:Object:Param:Props:channelMap (65547), flags 00000000
              Array: child.size 4, child.type Spa:Id
                Id 3        (Spa:Enum:AudioChannel:FL)
                Id 4        (Spa:Enum:AudioChannel:FR)
            Prop: key Spa:Pod:Object:Param:Props:softMute (65551), flags 00000000
              Bool false
            Prop: key Spa:Pod:Object:Param:Props:softVolumes (65552), flags 00000000
              Array: child.size 4, child.type Spa:Float
                Float 1.000000
                Float 1.000000
            Prop: key Spa:Pod:Object:Param:Props:monitorMute (65548), flags 00000000
              Bool false
            Prop: key Spa:Pod:Object:Param:Props:monitorVolumes (65549), flags 00000000
              Array: child.size 4, child.type Spa:Float
                Float 1.000000
                Float 1.000000
            Prop: key Spa:Pod:Object:Param:Props:params (524289), flags 00000000
              Struct: size 1008
                String "monitor.channel-volumes"
                Bool false
                String "channelmix.disable"
                Bool false
                String "channelmix.min-volume"
                Float 0.000000
                String "channelmix.max-volume"
                Float 10.000000
                String "channelmix.normalize"
                Bool false
                String "channelmix.mix-lfe"
                Bool true
                String "channelmix.upmix"
                Bool true
                String "channelmix.lfe-cutoff"
                Float 0.000000
                String "channelmix.fc-cutoff"
                Float 0.000000
                String "channelmix.rear-delay"
                Float 0.000000
                String "channelmix.stereo-widen"
                Float 0.000000
                String "channelmix.hilbert-taps"
                Int 0
                String "channelmix.upmix-method"
                String "none"
                String "resample.quality"
                Int 4
                String "resample.disable"
                Bool false
                String "dither.noise"
                Int 0
                String "dither.method"
                String "none"
                String "debug.wav-path"
                String ""
                String "channelmix.lock-volumes"
                Bool false
                String "audioconvert.filter-graph.disable"
                Bool false
                String "audioconvert.filter-graph"
                String ""
*	  id:2 (Spa:Enum:ParamId:Props)
          Object: size 1336, type Spa:Pod:Object:Param:Props (262146), id Spa:Enum:ParamId:Props (2)
            Prop: key Spa:Pod:Object:Param:Props:device (257), flags 00000000
              String "hw:0"
            Prop: key Spa:Pod:Object:Param:Props:deviceName (258), flags 00000000
              String ""
            Prop: key Spa:Pod:Object:Param:Props:cardName (261), flags 00000000
              String ""
            Prop: key Spa:Pod:Object:Param:Props:latencyOffsetNsec (65550), flags 00000000
              Long 0
            Prop: key Spa:Pod:Object:Param:Props:params (524289), flags 00000000
              Struct: size 896
                String "audio.channels"
                Int 2
                String "audio.rate"
                Int 0
                String "audio.format"
                String "UNKNOWN"
                String "audio.position"
                String "[ FL, FR ]"
                String "audio.allowed-rates"
                String "[  ]"
                String "api.alsa.period-size"
                Int 0
                String "api.alsa.period-num"
                Int 0
                String "api.alsa.headroom"
                Int 0
                String "api.alsa.start-delay"
                Int 0
                String "api.alsa.disable-mmap"
                Bool false
                String "api.alsa.disable-batch"
                Bool false
                String "api.alsa.disable-tsched"
                Bool false
                String "api.alsa.use-chmap"
                Bool false
                String "api.alsa.multi-rate"
                Bool true
                String "api.alsa.htimestamp"
                Bool false
                String "api.alsa.htimestamp.max-errors"
                Int 64
                String "latency.internal.rate"
                Int 0
                String "latency.internal.ns"
                Long 0
                String "clock.name"
                String "api.alsa.p-0"
*	  id:10 (Spa:Enum:ParamId:EnumPortConfig)
          Object: size 192, type Spa:Pod:Object:Param:PortConfig (262152), id Spa:Enum:ParamId:EnumPortConfig (10)
            Prop: key Spa:Pod:Object:Param:PortConfig:direction (1), flags 00000000
              Choice: type Spa:Enum:Choice:None, flags 00000000 20 4
                Id 0        (Spa:Enum:Direction:Input)
            Prop: key Spa:Pod:Object:Param:PortConfig:mode (2), flags 00000000
              Choice: type Spa:Enum:Choice:Enum, flags 00000000 32 4
                Id 0        (Spa:Enum:ParamPortConfigMode:none)
                Id 0        (Spa:Enum:ParamPortConfigMode:none)
                Id 3        (Spa:Enum:ParamPortConfigMode:dsp)
                Id 2        (Spa:Enum:ParamPortConfigMode:convert)
            Prop: key Spa:Pod:Object:Param:PortConfig:monitor (3), flags 00000000
              Choice: type Spa:Enum:Choice:Enum, flags 00000000 28 4
                Bool false
                Bool false
                Bool true
            Prop: key Spa:Pod:Object:Param:PortConfig:control (4), flags 00000000
              Choice: type Spa:Enum:Choice:Enum, flags 00000000 28 4
                Bool false
                Bool false
                Bool true
*	  id:11 (Spa:Enum:ParamId:PortConfig)
          Object: size 272, type Spa:Pod:Object:Param:PortConfig (262152), id Spa:Enum:ParamId:PortConfig (11)
            Prop: key Spa:Pod:Object:Param:PortConfig:direction (1), flags 00000000
              Choice: type Spa:Enum:Choice:None, flags 00000000 20 4
                Id 0        (Spa:Enum:Direction:Input)
            Prop: key Spa:Pod:Object:Param:PortConfig:mode (2), flags 00000000
              Id 3        (Spa:Enum:ParamPortConfigMode:dsp)
            Prop: key Spa:Pod:Object:Param:PortConfig:monitor (3), flags 00000000
              Bool true
            Prop: key Spa:Pod:Object:Param:PortConfig:control (4), flags 00000000
              Bool false
            Prop: key Spa:Pod:Object:Param:PortConfig:format (5), flags 00000000
              Object: size 136, type Spa:Pod:Object:Param:Format (262147), id Spa:Enum:ParamId:Buffers (5)
                Prop: key Spa:Pod:Object:Param:Format:mediaType (1), flags 00000000
                  Id 1        (Spa:Enum:MediaType:audio)
                Prop: key Spa:Pod:Object:Param:Format:mediaSubtype (2), flags 00000000
                  Id 1        (Spa:Enum:MediaSubtype:raw)
                Prop: key Spa:Pod:Object:Param:Format:Audio:format (65537), flags 00000000
                  Id 518      (Spa:Enum:AudioFormat:F32P)
                Prop: key Spa:Pod:Object:Param:Format:Audio:channels (65540), flags 00000000
                  Int 2
                Prop: key Spa:Pod:Object:Param:Format:Audio:position (65541), flags 00000000
                  Array: child.size 4, child.type Spa:Id
                    Id 3        (Spa:Enum:AudioChannel:FL)
                    Id 4        (Spa:Enum:AudioChannel:FR)
*	  id:15 (Spa:Enum:ParamId:Latency)
          Object: size 176, type Spa:Pod:Object:Param:Latency (262155), id Spa:Enum:ParamId:Latency (15)
            Prop: key Spa:Pod:Object:Param:Latency:direction (1), flags 00000000
              Id 0        (Spa:Enum:Direction:Input)
            Prop: key Spa:Pod:Object:Param:Latency:minQuantum (2), flags 00000000
              Float 1.000000
            Prop: key Spa:Pod:Object:Param:Latency:maxQuantum (3), flags 00000000
              Float 1.000000
            Prop: key Spa:Pod:Object:Param:Latency:minRate (4), flags 00000000
              Int 0
            Prop: key Spa:Pod:Object:Param:Latency:maxRate (5), flags 00000000
              Int 0
            Prop: key Spa:Pod:Object:Param:Latency:minNs (6), flags 00000000
              Long 0
            Prop: key Spa:Pod:Object:Param:Latency:maxNs (7), flags 00000000
              Long 0
*	  id:15 (Spa:Enum:ParamId:Latency)
          Object: size 176, type Spa:Pod:Object:Param:Latency (262155), id Spa:Enum:ParamId:Latency (15)
            Prop: key Spa:Pod:Object:Param:Latency:direction (1), flags 00000000
              Id 1        (Spa:Enum:Direction:Output)
            Prop: key Spa:Pod:Object:Param:Latency:minQuantum (2), flags 00000000
              Float 0.000000
            Prop: key Spa:Pod:Object:Param:Latency:maxQuantum (3), flags 00000000
              Float 0.000000
            Prop: key Spa:Pod:Object:Param:Latency:minRate (4), flags 00000000
              Int 0
            Prop: key Spa:Pod:Object:Param:Latency:maxRate (5), flags 00000000
              Int 0
            Prop: key Spa:Pod:Object:Param:Latency:minNs (6), flags 00000000
              Long 0
            Prop: key Spa:Pod:Object:Param:Latency:maxNs (7), flags 00000000
              Long 0
*	  id:16 (Spa:Enum:ParamId:ProcessLatency)
          Object: size 80, type Spa:Pod:Object:Param:ProcessLatency (262156), id Spa:Enum:ParamId:ProcessLatency (16)
            Prop: key Spa:Pod:Object:Param:ProcessLatency:quantum (1), flags 00000000
              Float 0.000000
            Prop: key Spa:Pod:Object:Param:ProcessLatency:rate (2), flags 00000000
              Int 0
            Prop: key Spa:Pod:Object:Param:ProcessLatency:ns (3), flags 00000000
              Long 0
 	input ports: 2/65
 	output ports: 2/0
 	state: "suspended"
 	properties:
 		alsa.card = "0"
 		alsa.card_name = "bcm2835 Headphones"
 		alsa.class = "generic"
 		alsa.device = "0"
 		alsa.id = "bcm2835 Headphones"
 		alsa.long_card_name = "bcm2835 Headphones"
 		alsa.mixer_name = "Broadcom Mixer"
 		alsa.name = "bcm2835 Headphones"
 		alsa.resolution_bits = "16"
 		alsa.subclass = "generic-mix"
 		alsa.subdevice = "0"
 		alsa.subdevice_name = "subdevice #0"
 		alsa.sync.id = "00000000:00000000:00000000:00000000"
 		api.alsa.card.longname = "bcm2835 Headphones"
 		api.alsa.card.name = "bcm2835 Headphones"
 		api.alsa.path = "hw:0"
 		api.alsa.pcm.card = "0"
 		api.alsa.pcm.stream = "playback"
 		audio.channels = "2"
 		audio.position = "FL,FR"
 		card.profile.device = "1"
 		device.api = "alsa"
 		device.class = "sound"
 		device.icon-name = "audio-card-analog"
 		device.id = "45"
 		device.profile.description = "Stereo"
 		device.profile.name = "stereo-fallback"
 		device.routes = "1"
 		factory.name = "api.alsa.pcm.sink"
 		media.class = "Audio/Sink"
 		node.description = "Built-in Audio Stereo"
 		node.name = "alsa_output.platform-3f00b840.mailbox.stereo-fallback"
 		node.nick = "bcm2835 Headphones"
 		node.pause-on-idle = "false"
 		object.path = "alsa:acp:Headphones:1:playback"
 		port.group = "playback"
 		priority.driver = "1000"
 		priority.session = "1000"
 		factory.id = "19"
 		clock.quantum-limit = "8192"
 		client.id = "49"
 		node.driver = "true"
 		node.loop.name = "data-loop.0"
 		library.name = "audioconvert/libspa-audioconvert"
 		object.id = "60"
 		object.serial = "24086"
added:
	id: 51
	permissions: r-xm-
	type: PipeWire:Interface:Port (version 3)
	direction: "output"
 	params:
*	  id:3 (Spa:Enum:ParamId:EnumFormat)
           audio/dsp
                     format : (Id) F32P
*	  id:6 (Spa:Enum:ParamId:Meta)
          Object: size 56, type Spa:Pod:Object:Param:Meta (262149), id Spa:Enum:ParamId:Meta (6)
            Prop: key Spa:Pod:Object:Param:Meta:type (1), flags 00000000
              Id 1        (Spa:Pointer:Meta:Header)
            Prop: key Spa:Pod:Object:Param:Meta:size (2), flags 00000000
              Int 32
*	  id:7 (Spa:Enum:ParamId:IO)
          Object: size 56, type Spa:Pod:Object:Param:IO (262150), id Spa:Enum:ParamId:IO (7)
            Prop: key Spa:Pod:Object:Param:IO:id (1), flags 00000000
              Id 1        (Spa:Enum:IO:Buffers)
            Prop: key Spa:Pod:Object:Param:IO:size (2), flags 00000000
              Int 8
*	  id:7 (Spa:Enum:ParamId:IO)
          Object: size 56, type Spa:Pod:Object:Param:IO (262150), id Spa:Enum:ParamId:IO (7)
            Prop: key Spa:Pod:Object:Param:IO:id (1), flags 00000000
              Id 10       (Spa:Enum:IO:AsyncBuffers)
            Prop: key Spa:Pod:Object:Param:IO:size (2), flags 00000000
              Int 8
*	  id:15 (Spa:Enum:ParamId:Latency)
          Object: size 176, type Spa:Pod:Object:Param:Latency (262155), id Spa:Enum:ParamId:Latency (15)
            Prop: key Spa:Pod:Object:Param:Latency:direction (1), flags 00000000
              Id 0        (Spa:Enum:Direction:Input)
            Prop: key Spa:Pod:Object:Param:Latency:minQuantum (2), flags 00000000
              Float 0.000000
            Prop: key Spa:Pod:Object:Param:Latency:maxQuantum (3), flags 00000000
              Float 0.000000
            Prop: key Spa:Pod:Object:Param:Latency:minRate (4), flags 00000000
              Int 0
            Prop: key Spa:Pod:Object:Param:Latency:maxRate (5), flags 00000000
              Int 0
            Prop: key Spa:Pod:Object:Param:Latency:minNs (6), flags 00000000
              Long 0
            Prop: key Spa:Pod:Object:Param:Latency:maxNs (7), flags 00000000
              Long 0
*	  id:15 (Spa:Enum:ParamId:Latency)
          Object: size 176, type Spa:Pod:Object:Param:Latency (262155), id Spa:Enum:ParamId:Latency (15)
            Prop: key Spa:Pod:Object:Param:Latency:direction (1), flags 00000000
              Id 1        (Spa:Enum:Direction:Output)
            Prop: key Spa:Pod:Object:Param:Latency:minQuantum (2), flags 00000000
              Float 1.000000
            Prop: key Spa:Pod:Object:Param:Latency:maxQuantum (3), flags 00000000
              Float 1.000000
            Prop: key Spa:Pod:Object:Param:Latency:minRate (4), flags 00000000
              Int 0
            Prop: key Spa:Pod:Object:Param:Latency:maxRate (5), flags 00000000
              Int 0
            Prop: key Spa:Pod:Object:Param:Latency:minNs (6), flags 00000000
              Long 0
            Prop: key Spa:Pod:Object:Param:Latency:maxNs (7), flags 00000000
              Long 0
 	properties:
 		format.dsp = "32 bit float mono audio"
 		audio.channel = "FL"
 		port.group = "capture"
 		port.id = "0"
 		port.physical = "true"
 		port.terminal = "true"
 		port.direction = "out"
 		object.path = "alsa:acp:Microphone:0:capture:capture_0"
 		port.name = "capture_FL"
 		port.alias = "Wireless Microphone:capture_FL"
 		node.id = "53"
 		object.id = "51"
 		object.serial = "24087"
added:
	id: 42
	permissions: r-xm-
	type: PipeWire:Interface:Port (version 3)
	direction: "output"
 	params:
*	  id:3 (Spa:Enum:ParamId:EnumFormat)
           audio/dsp
                     format : (Id) F32P
*	  id:6 (Spa:Enum:ParamId:Meta)
          Object: size 56, type Spa:Pod:Object:Param:Meta (262149), id Spa:Enum:ParamId:Meta (6)
            Prop: key Spa:Pod:Object:Param:Meta:type (1), flags 00000000
              Id 1        (Spa:Pointer:Meta:Header)
            Prop: key Spa:Pod:Object:Param:Meta:size (2), flags 00000000
              Int 32
*	  id:7 (Spa:Enum:ParamId:IO)
          Object: size 56, type Spa:Pod:Object:Param:IO (262150), id Spa:Enum:ParamId:IO (7)
            Prop: key Spa:Pod:Object:Param:IO:id (1), flags 00000000
              Id 1        (Spa:Enum:IO:Buffers)
            Prop: key Spa:Pod:Object:Param:IO:size (2), flags 00000000
              Int 8
*	  id:7 (Spa:Enum:ParamId:IO)
          Object: size 56, type Spa:Pod:Object:Param:IO (262150), id Spa:Enum:ParamId:IO (7)
            Prop: key Spa:Pod:Object:Param:IO:id (1), flags 00000000
              Id 10       (Spa:Enum:IO:AsyncBuffers)
            Prop: key Spa:Pod:Object:Param:IO:size (2), flags 00000000
              Int 8
*	  id:15 (Spa:Enum:ParamId:Latency)
          Object: size 176, type Spa:Pod:Object:Param:Latency (262155), id Spa:Enum:ParamId:Latency (15)
            Prop: key Spa:Pod:Object:Param:Latency:direction (1), flags 00000000
              Id 0        (Spa:Enum:Direction:Input)
            Prop: key Spa:Pod:Object:Param:Latency:minQuantum (2), flags 00000000
              Float 0.000000
            Prop: key Spa:Pod:Object:Param:Latency:maxQuantum (3), flags 00000000
              Float 0.000000
            Prop: key Spa:Pod:Object:Param:Latency:minRate (4), flags 00000000
              Int 0
            Prop: key Spa:Pod:Object:Param:Latency:maxRate (5), flags 00000000
              Int 0
            Prop: key Spa:Pod:Object:Param:Latency:minNs (6), flags 00000000
              Long 0
            Prop: key Spa:Pod:Object:Param:Latency:maxNs (7), flags 00000000
              Long 0
*	  id:15 (Spa:Enum:ParamId:Latency)
          Object: size 176, type Spa:Pod:Object:Param:Latency (262155), id Spa:Enum:ParamId:Latency (15)
            Prop: key Spa:Pod:Object:Param:Latency:direction (1), flags 00000000
              Id 1        (Spa:Enum:Direction:Output)
            Prop: key Spa:Pod:Object:Param:Latency:minQuantum (2), flags 00000000
              Float 1.000000
            Prop: key Spa:Pod:Object:Param:Latency:maxQuantum (3), flags 00000000
              Float 1.000000
            Prop: key Spa:Pod:Object:Param:Latency:minRate (4), flags 00000000
              Int 0
            Prop: key Spa:Pod:Object:Param:Latency:maxRate (5), flags 00000000
              Int 0
            Prop: key Spa:Pod:Object:Param:Latency:minNs (6), flags 00000000
              Long 0
            Prop: key Spa:Pod:Object:Param:Latency:maxNs (7), flags 00000000
              Long 0
 	properties:
 		format.dsp = "32 bit float mono audio"
 		audio.channel = "FR"
 		port.group = "capture"
 		port.id = "1"
 		port.physical = "true"
 		port.terminal = "true"
 		port.direction = "out"
 		object.path = "alsa:acp:Microphone:0:capture:capture_1"
 		port.name = "capture_FR"
 		port.alias = "Wireless Microphone:capture_FR"
 		node.id = "53"
 		object.id = "42"
 		object.serial = "24088"
added:
	id: 46
	permissions: r-xm-
	type: PipeWire:Interface:Port (version 3)
	direction: "input"
 	params:
*	  id:3 (Spa:Enum:ParamId:EnumFormat)
           audio/dsp
                     format : (Id) F32P
*	  id:6 (Spa:Enum:ParamId:Meta)
          Object: size 56, type Spa:Pod:Object:Param:Meta (262149), id Spa:Enum:ParamId:Meta (6)
            Prop: key Spa:Pod:Object:Param:Meta:type (1), flags 00000000
              Id 1        (Spa:Pointer:Meta:Header)
            Prop: key Spa:Pod:Object:Param:Meta:size (2), flags 00000000
              Int 32
*	  id:7 (Spa:Enum:ParamId:IO)
          Object: size 56, type Spa:Pod:Object:Param:IO (262150), id Spa:Enum:ParamId:IO (7)
            Prop: key Spa:Pod:Object:Param:IO:id (1), flags 00000000
              Id 1        (Spa:Enum:IO:Buffers)
            Prop: key Spa:Pod:Object:Param:IO:size (2), flags 00000000
              Int 8
*	  id:7 (Spa:Enum:ParamId:IO)
          Object: size 56, type Spa:Pod:Object:Param:IO (262150), id Spa:Enum:ParamId:IO (7)
            Prop: key Spa:Pod:Object:Param:IO:id (1), flags 00000000
              Id 10       (Spa:Enum:IO:AsyncBuffers)
            Prop: key Spa:Pod:Object:Param:IO:size (2), flags 00000000
              Int 8
*	  id:15 (Spa:Enum:ParamId:Latency)
          Object: size 176, type Spa:Pod:Object:Param:Latency (262155), id Spa:Enum:ParamId:Latency (15)
            Prop: key Spa:Pod:Object:Param:Latency:direction (1), flags 00000000
              Id 0        (Spa:Enum:Direction:Input)
            Prop: key Spa:Pod:Object:Param:Latency:minQuantum (2), flags 00000000
              Float 1.000000
            Prop: key Spa:Pod:Object:Param:Latency:maxQuantum (3), flags 00000000
              Float 1.000000
            Prop: key Spa:Pod:Object:Param:Latency:minRate (4), flags 00000000
              Int 0
            Prop: key Spa:Pod:Object:Param:Latency:maxRate (5), flags 00000000
              Int 0
            Prop: key Spa:Pod:Object:Param:Latency:minNs (6), flags 00000000
              Long 0
            Prop: key Spa:Pod:Object:Param:Latency:maxNs (7), flags 00000000
              Long 0
*	  id:15 (Spa:Enum:ParamId:Latency)
          Object: size 176, type Spa:Pod:Object:Param:Latency (262155), id Spa:Enum:ParamId:Latency (15)
            Prop: key Spa:Pod:Object:Param:Latency:direction (1), flags 00000000
              Id 1        (Spa:Enum:Direction:Output)
            Prop: key Spa:Pod:Object:Param:Latency:minQuantum (2), flags 00000000
              Float 0.000000
            Prop: key Spa:Pod:Object:Param:Latency:maxQuantum (3), flags 00000000
              Float 0.000000
            Prop: key Spa:Pod:Object:Param:Latency:minRate (4), flags 00000000
              Int 0
            Prop: key Spa:Pod:Object:Param:Latency:maxRate (5), flags 00000000
              Int 0
            Prop: key Spa:Pod:Object:Param:Latency:minNs (6), flags 00000000
              Long 0
            Prop: key Spa:Pod:Object:Param:Latency:maxNs (7), flags 00000000
              Long 0
 	properties:
 		format.dsp = "32 bit float mono audio"
 		audio.channel = "FL"
 		port.group = "playback"
 		port.id = "0"
 		port.physical = "true"
 		port.terminal = "true"
 		port.direction = "in"
 		object.path = "alsa:acp:Headphones:1:playback:playback_0"
 		port.name = "playback_FL"
 		port.alias = "bcm2835 Headphones:playback_FL"
 		node.id = "60"
 		object.id = "46"
 		object.serial = "24089"
added:
	id: 44
	permissions: r-xm-
	type: PipeWire:Interface:Port (version 3)
	direction: "output"
 	params:
*	  id:3 (Spa:Enum:ParamId:EnumFormat)
           audio/dsp
                     format : (Id) F32P
*	  id:6 (Spa:Enum:ParamId:Meta)
          Object: size 56, type Spa:Pod:Object:Param:Meta (262149), id Spa:Enum:ParamId:Meta (6)
            Prop: key Spa:Pod:Object:Param:Meta:type (1), flags 00000000
              Id 1        (Spa:Pointer:Meta:Header)
            Prop: key Spa:Pod:Object:Param:Meta:size (2), flags 00000000
              Int 32
*	  id:7 (Spa:Enum:ParamId:IO)
          Object: size 56, type Spa:Pod:Object:Param:IO (262150), id Spa:Enum:ParamId:IO (7)
            Prop: key Spa:Pod:Object:Param:IO:id (1), flags 00000000
              Id 1        (Spa:Enum:IO:Buffers)
            Prop: key Spa:Pod:Object:Param:IO:size (2), flags 00000000
              Int 8
*	  id:7 (Spa:Enum:ParamId:IO)
          Object: size 56, type Spa:Pod:Object:Param:IO (262150), id Spa:Enum:ParamId:IO (7)
            Prop: key Spa:Pod:Object:Param:IO:id (1), flags 00000000
              Id 10       (Spa:Enum:IO:AsyncBuffers)
            Prop: key Spa:Pod:Object:Param:IO:size (2), flags 00000000
              Int 8
*	  id:15 (Spa:Enum:ParamId:Latency)
          Object: size 176, type Spa:Pod:Object:Param:Latency (262155), id Spa:Enum:ParamId:Latency (15)
            Prop: key Spa:Pod:Object:Param:Latency:direction (1), flags 00000000
              Id 0        (Spa:Enum:Direction:Input)
            Prop: key Spa:Pod:Object:Param:Latency:minQuantum (2), flags 00000000
              Float 0.000000
            Prop: key Spa:Pod:Object:Param:Latency:maxQuantum (3), flags 00000000
              Float 0.000000
            Prop: key Spa:Pod:Object:Param:Latency:minRate (4), flags 00000000
              Int 0
            Prop: key Spa:Pod:Object:Param:Latency:maxRate (5), flags 00000000
              Int 0
            Prop: key Spa:Pod:Object:Param:Latency:minNs (6), flags 00000000
              Long 0
            Prop: key Spa:Pod:Object:Param:Latency:maxNs (7), flags 00000000
              Long 0
*	  id:15 (Spa:Enum:ParamId:Latency)
          Object: size 176, type Spa:Pod:Object:Param:Latency (262155), id Spa:Enum:ParamId:Latency (15)
            Prop: key Spa:Pod:Object:Param:Latency:direction (1), flags 00000000
              Id 1        (Spa:Enum:Direction:Output)
            Prop: key Spa:Pod:Object:Param:Latency:minQuantum (2), flags 00000000
              Float 0.000000
            Prop: key Spa:Pod:Object:Param:Latency:maxQuantum (3), flags 00000000
              Float 0.000000
            Prop: key Spa:Pod:Object:Param:Latency:minRate (4), flags 00000000
              Int 0
            Prop: key Spa:Pod:Object:Param:Latency:maxRate (5), flags 00000000
              Int 0
            Prop: key Spa:Pod:Object:Param:Latency:minNs (6), flags 00000000
              Long 0
            Prop: key Spa:Pod:Object:Param:Latency:maxNs (7), flags 00000000
              Long 0
 	properties:
 		format.dsp = "32 bit float mono audio"
 		audio.channel = "FL"
 		port.monitor = "true"
 		port.group = "playback"
 		port.id = "0"
 		port.direction = "out"
 		object.path = "alsa:acp:Headphones:1:playback:monitor_0"
 		port.name = "monitor_FL"
 		port.alias = "bcm2835 Headphones:monitor_FL"
 		node.id = "60"
 		object.id = "44"
 		object.serial = "24090"
added:
	id: 54
	permissions: r-xm-
	type: PipeWire:Interface:Port (version 3)
	direction: "input"
 	params:
*	  id:3 (Spa:Enum:ParamId:EnumFormat)
           audio/dsp
                     format : (Id) F32P
*	  id:6 (Spa:Enum:ParamId:Meta)
          Object: size 56, type Spa:Pod:Object:Param:Meta (262149), id Spa:Enum:ParamId:Meta (6)
            Prop: key Spa:Pod:Object:Param:Meta:type (1), flags 00000000
              Id 1        (Spa:Pointer:Meta:Header)
            Prop: key Spa:Pod:Object:Param:Meta:size (2), flags 00000000
              Int 32
*	  id:7 (Spa:Enum:ParamId:IO)
          Object: size 56, type Spa:Pod:Object:Param:IO (262150), id Spa:Enum:ParamId:IO (7)
            Prop: key Spa:Pod:Object:Param:IO:id (1), flags 00000000
              Id 1        (Spa:Enum:IO:Buffers)
            Prop: key Spa:Pod:Object:Param:IO:size (2), flags 00000000
              Int 8
*	  id:7 (Spa:Enum:ParamId:IO)
          Object: size 56, type Spa:Pod:Object:Param:IO (262150), id Spa:Enum:ParamId:IO (7)
            Prop: key Spa:Pod:Object:Param:IO:id (1), flags 00000000
              Id 10       (Spa:Enum:IO:AsyncBuffers)
            Prop: key Spa:Pod:Object:Param:IO:size (2), flags 00000000
              Int 8
*	  id:15 (Spa:Enum:ParamId:Latency)
          Object: size 176, type Spa:Pod:Object:Param:Latency (262155), id Spa:Enum:ParamId:Latency (15)
            Prop: key Spa:Pod:Object:Param:Latency:direction (1), flags 00000000
              Id 0        (Spa:Enum:Direction:Input)
            Prop: key Spa:Pod:Object:Param:Latency:minQuantum (2), flags 00000000
              Float 1.000000
            Prop: key Spa:Pod:Object:Param:Latency:maxQuantum (3), flags 00000000
              Float 1.000000
            Prop: key Spa:Pod:Object:Param:Latency:minRate (4), flags 00000000
              Int 0
            Prop: key Spa:Pod:Object:Param:Latency:maxRate (5), flags 00000000
              Int 0
            Prop: key Spa:Pod:Object:Param:Latency:minNs (6), flags 00000000
              Long 0
            Prop: key Spa:Pod:Object:Param:Latency:maxNs (7), flags 00000000
              Long 0
*	  id:15 (Spa:Enum:ParamId:Latency)
          Object: size 176, type Spa:Pod:Object:Param:Latency (262155), id Spa:Enum:ParamId:Latency (15)
            Prop: key Spa:Pod:Object:Param:Latency:direction (1), flags 00000000
              Id 1        (Spa:Enum:Direction:Output)
            Prop: key Spa:Pod:Object:Param:Latency:minQuantum (2), flags 00000000
              Float 0.000000
            Prop: key Spa:Pod:Object:Param:Latency:maxQuantum (3), flags 00000000
              Float 0.000000
            Prop: key Spa:Pod:Object:Param:Latency:minRate (4), flags 00000000
              Int 0
            Prop: key Spa:Pod:Object:Param:Latency:maxRate (5), flags 00000000
              Int 0
            Prop: key Spa:Pod:Object:Param:Latency:minNs (6), flags 00000000
              Long 0
            Prop: key Spa:Pod:Object:Param:Latency:maxNs (7), flags 00000000
              Long 0
 	properties:
 		format.dsp = "32 bit float mono audio"
 		audio.channel = "FR"
 		port.group = "playback"
 		port.id = "1"
 		port.physical = "true"
 		port.terminal = "true"
 		port.direction = "in"
 		object.path = "alsa:acp:Headphones:1:playback:playback_1"
 		port.name = "playback_FR"
 		port.alias = "bcm2835 Headphones:playback_FR"
 		node.id = "60"
 		object.id = "54"
 		object.serial = "24091"
added:
	id: 59
	permissions: r-xm-
	type: PipeWire:Interface:Port (version 3)
	direction: "output"
 	params:
*	  id:3 (Spa:Enum:ParamId:EnumFormat)
           audio/dsp
                     format : (Id) F32P
*	  id:6 (Spa:Enum:ParamId:Meta)
          Object: size 56, type Spa:Pod:Object:Param:Meta (262149), id Spa:Enum:ParamId:Meta (6)
            Prop: key Spa:Pod:Object:Param:Meta:type (1), flags 00000000
              Id 1        (Spa:Pointer:Meta:Header)
            Prop: key Spa:Pod:Object:Param:Meta:size (2), flags 00000000
              Int 32
*	  id:7 (Spa:Enum:ParamId:IO)
          Object: size 56, type Spa:Pod:Object:Param:IO (262150), id Spa:Enum:ParamId:IO (7)
            Prop: key Spa:Pod:Object:Param:IO:id (1), flags 00000000
              Id 1        (Spa:Enum:IO:Buffers)
            Prop: key Spa:Pod:Object:Param:IO:size (2), flags 00000000
              Int 8
*	  id:7 (Spa:Enum:ParamId:IO)
          Object: size 56, type Spa:Pod:Object:Param:IO (262150), id Spa:Enum:ParamId:IO (7)
            Prop: key Spa:Pod:Object:Param:IO:id (1), flags 00000000
              Id 10       (Spa:Enum:IO:AsyncBuffers)
            Prop: key Spa:Pod:Object:Param:IO:size (2), flags 00000000
              Int 8
*	  id:15 (Spa:Enum:ParamId:Latency)
          Object: size 176, type Spa:Pod:Object:Param:Latency (262155), id Spa:Enum:ParamId:Latency (15)
            Prop: key Spa:Pod:Object:Param:Latency:direction (1), flags 00000000
              Id 0        (Spa:Enum:Direction:Input)
            Prop: key Spa:Pod:Object:Param:Latency:minQuantum (2), flags 00000000
              Float 0.000000
            Prop: key Spa:Pod:Object:Param:Latency:maxQuantum (3), flags 00000000
              Float 0.000000
            Prop: key Spa:Pod:Object:Param:Latency:minRate (4), flags 00000000
              Int 0
            Prop: key Spa:Pod:Object:Param:Latency:maxRate (5), flags 00000000
              Int 0
            Prop: key Spa:Pod:Object:Param:Latency:minNs (6), flags 00000000
              Long 0
            Prop: key Spa:Pod:Object:Param:Latency:maxNs (7), flags 00000000
              Long 0
*	  id:15 (Spa:Enum:ParamId:Latency)
          Object: size 176, type Spa:Pod:Object:Param:Latency (262155), id Spa:Enum:ParamId:Latency (15)
            Prop: key Spa:Pod:Object:Param:Latency:direction (1), flags 00000000
              Id 1        (Spa:Enum:Direction:Output)
            Prop: key Spa:Pod:Object:Param:Latency:minQuantum (2), flags 00000000
              Float 0.000000
            Prop: key Spa:Pod:Object:Param:Latency:maxQuantum (3), flags 00000000
              Float 0.000000
            Prop: key Spa:Pod:Object:Param:Latency:minRate (4), flags 00000000
              Int 0
            Prop: key Spa:Pod:Object:Param:Latency:maxRate (5), flags 00000000
              Int 0
            Prop: key Spa:Pod:Object:Param:Latency:minNs (6), flags 00000000
              Long 0
            Prop: key Spa:Pod:Object:Param:Latency:maxNs (7), flags 00000000
              Long 0
 	properties:
 		format.dsp = "32 bit float mono audio"
 		audio.channel = "FR"
 		port.monitor = "true"
 		port.group = "playback"
 		port.id = "1"
 		port.direction = "out"
 		object.path = "alsa:acp:Headphones:1:playback:monitor_1"
 		port.name = "monitor_FR"
 		port.alias = "bcm2835 Headphones:monitor_FR"
 		node.id = "60"
 		object.id = "59"
 		object.serial = "24092"
added:
	id: 63
	permissions: rwxm-
	type: PipeWire:Interface:Node (version 3)
 	params:
*	  id:1 (Spa:Enum:ParamId:PropInfo)
          Object: size 96, type Spa:Pod:Object:Param:PropInfo (262145), id Spa:Enum:ParamId:PropInfo (1)
            Prop: key Spa:Pod:Object:Param:PropInfo:id (1), flags 00000000
              Id 257      (Spa:Pod:Object:Param:Props:device)
            Prop: key Spa:Pod:Object:Param:PropInfo:description (7), flags 00000000
              String "The V4L2 device"
            Prop: key Spa:Pod:Object:Param:PropInfo:type (3), flags 00000000
              String "/dev/video14"
*	  id:1 (Spa:Enum:ParamId:PropInfo)
          Object: size 96, type Spa:Pod:Object:Param:PropInfo (262145), id Spa:Enum:ParamId:PropInfo (1)
            Prop: key Spa:Pod:Object:Param:PropInfo:id (1), flags 00000000
              Id 258      (Spa:Pod:Object:Param:Props:deviceName)
            Prop: key Spa:Pod:Object:Param:PropInfo:description (7), flags 00000000
              String "The V4L2 device name"
            Prop: key Spa:Pod:Object:Param:PropInfo:type (3), flags 00000000
              String ""
*	  id:1 (Spa:Enum:ParamId:PropInfo)
          Object: size 88, type Spa:Pod:Object:Param:PropInfo (262145), id Spa:Enum:ParamId:PropInfo (1)
            Prop: key Spa:Pod:Object:Param:PropInfo:id (1), flags 00000000
              Id 259      (Spa:Pod:Object:Param:Props:deviceFd)
            Prop: key Spa:Pod:Object:Param:PropInfo:description (7), flags 00000000
              String "The V4L2 fd"
            Prop: key Spa:Pod:Object:Param:PropInfo:type (3), flags 00000000
              Int 0
*	  id:2 (Spa:Enum:ParamId:Props)
          Object: size 88, type Spa:Pod:Object:Param:Props (262146), id Spa:Enum:ParamId:Props (2)
            Prop: key Spa:Pod:Object:Param:Props:device (257), flags 00000000
              String "/dev/video14"
            Prop: key Spa:Pod:Object:Param:Props:deviceName (258), flags 00000000
              String ""
            Prop: key Spa:Pod:Object:Param:Props:deviceFd (259), flags 00000000
              Int 0
*	  id:3 (Spa:Enum:ParamId:EnumFormat)
           video/raw
                     format : (Id) YUY2
                       size : (Rectangle) [ 64x64, 16384x16384, 16384x16384 ]
                  framerate : (Fraction) [ 1/1, 120/1 ]
*	  id:3 (Spa:Enum:ParamId:EnumFormat)
           video/raw
                     format : (Id) YVYU
                       size : (Rectangle) [ 64x64, 16384x16384, 16384x16384 ]
                  framerate : (Fraction) [ 1/1, 120/1 ]
*	  id:3 (Spa:Enum:ParamId:EnumFormat)
           video/raw
                     format : (Id) UNKNOWN
                       size : (Rectangle) [ 64x64, 16384x16384, 16384x16384 ]
                  framerate : (Fraction) [ 1/1, 120/1 ]
*	  id:3 (Spa:Enum:ParamId:EnumFormat)
           video/raw
                     format : (Id) UYVY
                       size : (Rectangle) [ 64x64, 16384x16384, 16384x16384 ]
                  framerate : (Fraction) [ 1/1, 120/1 ]
*	  id:3 (Spa:Enum:ParamId:EnumFormat)
           video/raw
                     format : (Id) I420
                       size : (Rectangle) [ 64x64, 16384x16384, 16384x16384 ]
                  framerate : (Fraction) [ 1/1, 120/1 ]
*	  id:3 (Spa:Enum:ParamId:EnumFormat)
           video/raw
                     format : (Id) YV12
                       size : (Rectangle) [ 64x64, 16384x16384, 16384x16384 ]
                  framerate : (Fraction) [ 1/1, 120/1 ]
*	  id:3 (Spa:Enum:ParamId:EnumFormat)
           video/raw
                     format : (Id) RGB
                       size : (Rectangle) [ 64x64, 16384x16384, 16384x16384 ]
                  framerate : (Fraction) [ 1/1, 120/1 ]
*	  id:3 (Spa:Enum:ParamId:EnumFormat)
           video/raw
                     format : (Id) BGR
                       size : (Rectangle) [ 64x64, 16384x16384, 16384x16384 ]
                  framerate : (Fraction) [ 1/1, 120/1 ]
*	  id:3 (Spa:Enum:ParamId:EnumFormat)
           video/raw
                     format : (Id) BGRx
                       size : (Rectangle) [ 64x64, 16384x16384, 16384x16384 ]
                  framerate : (Fraction) [ 1/1, 120/1 ]
*	  id:3 (Spa:Enum:ParamId:EnumFormat)
           video/raw
                     format : (Id) RGB16
                       size : (Rectangle) [ 64x64, 16384x16384, 16384x16384 ]
                  framerate : (Fraction) [ 1/1, 120/1 ]
*	  id:3 (Spa:Enum:ParamId:EnumFormat)
           video/raw
                     format : (Id) NV12
                       size : (Rectangle) [ 64x64, 16384x16384, 16384x16384 ]
                  framerate : (Fraction) [ 1/1, 120/1 ]
*	  id:3 (Spa:Enum:ParamId:EnumFormat)
           video/raw
                     format : (Id) NV21
                       size : (Rectangle) [ 64x64, 16384x16384, 16384x16384 ]
                  framerate : (Fraction) [ 1/1, 120/1 ]
 	input ports: 0/0
 	output ports: 1/1
 	state: "suspended"
 	properties:
 		api.v4l2.cap.bus_info = "platform:bcm2835-isp"
 		api.v4l2.cap.capabilities = "84200001"
 		api.v4l2.cap.card = "bcm2835-isp"
 		api.v4l2.cap.device-caps = "04200001"
 		api.v4l2.cap.driver = "bcm2835-isp"
 		api.v4l2.cap.version = "6.18.34"
 		api.v4l2.path = "/dev/video14"
 		device.api = "v4l2"
 		device.devids = "[ 20742 ]"
 		device.id = "38"
 		factory.name = "api.v4l2.source"
 		media.class = "Video/Source"
 		node.description = "bcm2835-isp (V4L2)"
 		node.name = "v4l2_input.platform-3f00b840.mailbox"
 		node.nick = "bcm2835-isp"
 		node.pause-on-idle = "false"
 		object.path = "v4l2:/dev/video14"
 		priority.session = "860"
 		factory.id = "11"
 		client.id = "49"
 		clock.quantum-limit = "8192"
 		node.loop.name = "data-loop.0"
 		media.role = "Camera"
 		node.driver = "true"
 		object.id = "63"
 		object.serial = "24093"
added:
	id: 96
	permissions: r-xm-
	type: PipeWire:Interface:Port (version 3)
	direction: "output"
 	params:
*	  id:3 (Spa:Enum:ParamId:EnumFormat)
           video/raw
                     format : (Id) YUY2
                       size : (Rectangle) [ 64x64, 16384x16384, 16384x16384 ]
                  framerate : (Fraction) [ 1/1, 120/1 ]
*	  id:3 (Spa:Enum:ParamId:EnumFormat)
           video/raw
                     format : (Id) YVYU
                       size : (Rectangle) [ 64x64, 16384x16384, 16384x16384 ]
                  framerate : (Fraction) [ 1/1, 120/1 ]
*	  id:3 (Spa:Enum:ParamId:EnumFormat)
           video/raw
                     format : (Id) UNKNOWN
                       size : (Rectangle) [ 64x64, 16384x16384, 16384x16384 ]
                  framerate : (Fraction) [ 1/1, 120/1 ]
*	  id:3 (Spa:Enum:ParamId:EnumFormat)
           video/raw
                     format : (Id) UYVY
                       size : (Rectangle) [ 64x64, 16384x16384, 16384x16384 ]
                  framerate : (Fraction) [ 1/1, 120/1 ]
*	  id:3 (Spa:Enum:ParamId:EnumFormat)
           video/raw
                     format : (Id) I420
                       size : (Rectangle) [ 64x64, 16384x16384, 16384x16384 ]
                  framerate : (Fraction) [ 1/1, 120/1 ]
*	  id:3 (Spa:Enum:ParamId:EnumFormat)
           video/raw
                     format : (Id) YV12
                       size : (Rectangle) [ 64x64, 16384x16384, 16384x16384 ]
                  framerate : (Fraction) [ 1/1, 120/1 ]
*	  id:3 (Spa:Enum:ParamId:EnumFormat)
           video/raw
                     format : (Id) RGB
                       size : (Rectangle) [ 64x64, 16384x16384, 16384x16384 ]
                  framerate : (Fraction) [ 1/1, 120/1 ]
*	  id:3 (Spa:Enum:ParamId:EnumFormat)
           video/raw
                     format : (Id) BGR
                       size : (Rectangle) [ 64x64, 16384x16384, 16384x16384 ]
                  framerate : (Fraction) [ 1/1, 120/1 ]
*	  id:3 (Spa:Enum:ParamId:EnumFormat)
           video/raw
                     format : (Id) BGRx
                       size : (Rectangle) [ 64x64, 16384x16384, 16384x16384 ]
                  framerate : (Fraction) [ 1/1, 120/1 ]
*	  id:3 (Spa:Enum:ParamId:EnumFormat)
           video/raw
                     format : (Id) RGB16
                       size : (Rectangle) [ 64x64, 16384x16384, 16384x16384 ]
                  framerate : (Fraction) [ 1/1, 120/1 ]
*	  id:3 (Spa:Enum:ParamId:EnumFormat)
           video/raw
                     format : (Id) NV12
                       size : (Rectangle) [ 64x64, 16384x16384, 16384x16384 ]
                  framerate : (Fraction) [ 1/1, 120/1 ]
*	  id:3 (Spa:Enum:ParamId:EnumFormat)
           video/raw
                     format : (Id) NV21
                       size : (Rectangle) [ 64x64, 16384x16384, 16384x16384 ]
                  framerate : (Fraction) [ 1/1, 120/1 ]
*	  id:6 (Spa:Enum:ParamId:Meta)
          Object: size 56, type Spa:Pod:Object:Param:Meta (262149), id Spa:Enum:ParamId:Meta (6)
            Prop: key Spa:Pod:Object:Param:Meta:type (1), flags 00000000
              Id 1        (Spa:Pointer:Meta:Header)
            Prop: key Spa:Pod:Object:Param:Meta:size (2), flags 00000000
              Int 32
*	  id:6 (Spa:Enum:ParamId:Meta)
          Object: size 56, type Spa:Pod:Object:Param:Meta (262149), id Spa:Enum:ParamId:Meta (6)
            Prop: key Spa:Pod:Object:Param:Meta:type (1), flags 00000000
              Id 8        (Spa:Pointer:Meta:VideoTransform)
            Prop: key Spa:Pod:Object:Param:Meta:size (2), flags 00000000
              Int 4
*	  id:7 (Spa:Enum:ParamId:IO)
          Object: size 56, type Spa:Pod:Object:Param:IO (262150), id Spa:Enum:ParamId:IO (7)
            Prop: key Spa:Pod:Object:Param:IO:id (1), flags 00000000
              Id 1        (Spa:Enum:IO:Buffers)
            Prop: key Spa:Pod:Object:Param:IO:size (2), flags 00000000
              Int 8
*	  id:7 (Spa:Enum:ParamId:IO)
          Object: size 56, type Spa:Pod:Object:Param:IO (262150), id Spa:Enum:ParamId:IO (7)
            Prop: key Spa:Pod:Object:Param:IO:id (1), flags 00000000
              Id 10       (Spa:Enum:IO:AsyncBuffers)
            Prop: key Spa:Pod:Object:Param:IO:size (2), flags 00000000
              Int 8
*	  id:15 (Spa:Enum:ParamId:Latency)
          Object: size 176, type Spa:Pod:Object:Param:Latency (262155), id Spa:Enum:ParamId:Latency (15)
            Prop: key Spa:Pod:Object:Param:Latency:direction (1), flags 00000000
              Id 0        (Spa:Enum:Direction:Input)
            Prop: key Spa:Pod:Object:Param:Latency:minQuantum (2), flags 00000000
              Float 0.000000
            Prop: key Spa:Pod:Object:Param:Latency:maxQuantum (3), flags 00000000
              Float 0.000000
            Prop: key Spa:Pod:Object:Param:Latency:minRate (4), flags 00000000
              Int 0
            Prop: key Spa:Pod:Object:Param:Latency:maxRate (5), flags 00000000
              Int 0
            Prop: key Spa:Pod:Object:Param:Latency:minNs (6), flags 00000000
              Long 0
            Prop: key Spa:Pod:Object:Param:Latency:maxNs (7), flags 00000000
              Long 0
*	  id:15 (Spa:Enum:ParamId:Latency)
          Object: size 176, type Spa:Pod:Object:Param:Latency (262155), id Spa:Enum:ParamId:Latency (15)
            Prop: key Spa:Pod:Object:Param:Latency:direction (1), flags 00000000
              Id 1        (Spa:Enum:Direction:Output)
            Prop: key Spa:Pod:Object:Param:Latency:minQuantum (2), flags 00000000
              Float 0.000000
            Prop: key Spa:Pod:Object:Param:Latency:maxQuantum (3), flags 00000000
              Float 0.000000
            Prop: key Spa:Pod:Object:Param:Latency:minRate (4), flags 00000000
              Int 0
            Prop: key Spa:Pod:Object:Param:Latency:maxRate (5), flags 00000000
              Int 0
            Prop: key Spa:Pod:Object:Param:Latency:minNs (6), flags 00000000
              Long 0
            Prop: key Spa:Pod:Object:Param:Latency:maxNs (7), flags 00000000
              Long 0
 	properties:
 		port.group = "stream.0"
 		port.id = "0"
 		port.physical = "true"
 		port.terminal = "true"
 		port.direction = "out"
 		object.path = "v4l2:/dev/video14:capture_0"
 		port.name = "capture_1"
 		port.alias = "bcm2835-isp:capture_1"
 		node.id = "63"
 		object.id = "96"
 		object.serial = "24094"
added:
	id: 57
	permissions: rwxm-
	type: PipeWire:Interface:Node (version 3)
 	params:
*	  id:1 (Spa:Enum:ParamId:PropInfo)
          Object: size 96, type Spa:Pod:Object:Param:PropInfo (262145), id Spa:Enum:ParamId:PropInfo (1)
            Prop: key Spa:Pod:Object:Param:PropInfo:id (1), flags 00000000
              Id 257      (Spa:Pod:Object:Param:Props:device)
            Prop: key Spa:Pod:Object:Param:PropInfo:description (7), flags 00000000
              String "The V4L2 device"
            Prop: key Spa:Pod:Object:Param:PropInfo:type (3), flags 00000000
              String "/dev/video15"
*	  id:1 (Spa:Enum:ParamId:PropInfo)
          Object: size 96, type Spa:Pod:Object:Param:PropInfo (262145), id Spa:Enum:ParamId:PropInfo (1)
            Prop: key Spa:Pod:Object:Param:PropInfo:id (1), flags 00000000
              Id 258      (Spa:Pod:Object:Param:Props:deviceName)
            Prop: key Spa:Pod:Object:Param:PropInfo:description (7), flags 00000000
              String "The V4L2 device name"
            Prop: key Spa:Pod:Object:Param:PropInfo:type (3), flags 00000000
              String ""
*	  id:1 (Spa:Enum:ParamId:PropInfo)
          Object: size 88, type Spa:Pod:Object:Param:PropInfo (262145), id Spa:Enum:ParamId:PropInfo (1)
            Prop: key Spa:Pod:Object:Param:PropInfo:id (1), flags 00000000
              Id 259      (Spa:Pod:Object:Param:Props:deviceFd)
            Prop: key Spa:Pod:Object:Param:PropInfo:description (7), flags 00000000
              String "The V4L2 fd"
            Prop: key Spa:Pod:Object:Param:PropInfo:type (3), flags 00000000
              Int 0
*	  id:2 (Spa:Enum:ParamId:Props)
          Object: size 88, type Spa:Pod:Object:Param:Props (262146), id Spa:Enum:ParamId:Props (2)
            Prop: key Spa:Pod:Object:Param:Props:device (257), flags 00000000
              String "/dev/video15"
            Prop: key Spa:Pod:Object:Param:Props:deviceName (258), flags 00000000
              String ""
            Prop: key Spa:Pod:Object:Param:Props:deviceFd (259), flags 00000000
              Int 0
*	  id:3 (Spa:Enum:ParamId:EnumFormat)
           video/raw
                     format : (Id) YUY2
                       size : (Rectangle) [ 64x64, 16384x16384, 16384x16384 ]
                  framerate : (Fraction) [ 1/1, 120/1 ]
*	  id:3 (Spa:Enum:ParamId:EnumFormat)
           video/raw
                     format : (Id) YVYU
                       size : (Rectangle) [ 64x64, 16384x16384, 16384x16384 ]
                  framerate : (Fraction) [ 1/1, 120/1 ]
*	  id:3 (Spa:Enum:ParamId:EnumFormat)
           video/raw
                     format : (Id) UNKNOWN
                       size : (Rectangle) [ 64x64, 16384x16384, 16384x16384 ]
                  framerate : (Fraction) [ 1/1, 120/1 ]
*	  id:3 (Spa:Enum:ParamId:EnumFormat)
           video/raw
                     format : (Id) UYVY
                       size : (Rectangle) [ 64x64, 16384x16384, 16384x16384 ]
                  framerate : (Fraction) [ 1/1, 120/1 ]
*	  id:3 (Spa:Enum:ParamId:EnumFormat)
           video/raw
                     format : (Id) I420
                       size : (Rectangle) [ 64x64, 16384x16384, 16384x16384 ]
                  framerate : (Fraction) [ 1/1, 120/1 ]
*	  id:3 (Spa:Enum:ParamId:EnumFormat)
           video/raw
                     format : (Id) YV12
                       size : (Rectangle) [ 64x64, 16384x16384, 16384x16384 ]
                  framerate : (Fraction) [ 1/1, 120/1 ]
*	  id:3 (Spa:Enum:ParamId:EnumFormat)
           video/raw
                     format : (Id) NV12
                       size : (Rectangle) [ 64x64, 16384x16384, 16384x16384 ]
                  framerate : (Fraction) [ 1/1, 120/1 ]
*	  id:3 (Spa:Enum:ParamId:EnumFormat)
           video/raw
                     format : (Id) NV21
                       size : (Rectangle) [ 64x64, 16384x16384, 16384x16384 ]
                  framerate : (Fraction) [ 1/1, 120/1 ]
 	input ports: 0/0
 	output ports: 1/1
 	state: "suspended"
 	properties:
 		api.v4l2.cap.bus_info = "platform:bcm2835-isp"
 		api.v4l2.cap.capabilities = "84200001"
 		api.v4l2.cap.card = "bcm2835-isp"
 		api.v4l2.cap.device-caps = "04200001"
 		api.v4l2.cap.driver = "bcm2835-isp"
 		api.v4l2.cap.version = "6.18.34"
 		api.v4l2.path = "/dev/video15"
 		device.api = "v4l2"
 		device.devids = "[ 20743 ]"
 		device.id = "80"
 		factory.name = "api.v4l2.source"
 		media.class = "Video/Source"
 		node.description = "bcm2835-isp (V4L2)"
 		node.name = "v4l2_input.platform-3f00b840.mailbox"
 		node.nick = "bcm2835-isp"
 		node.pause-on-idle = "false"
 		object.path = "v4l2:/dev/video15"
 		priority.session = "850"
 		factory.id = "11"
 		client.id = "49"
 		clock.quantum-limit = "8192"
 		node.loop.name = "data-loop.0"
 		media.role = "Camera"
 		node.driver = "true"
 		object.id = "57"
 		object.serial = "24095"
added:
	id: 70
	permissions: r-xm-
	type: PipeWire:Interface:Port (version 3)
	direction: "output"
 	params:
*	  id:3 (Spa:Enum:ParamId:EnumFormat)
           video/raw
                     format : (Id) YUY2
                       size : (Rectangle) [ 64x64, 16384x16384, 16384x16384 ]
                  framerate : (Fraction) [ 1/1, 120/1 ]
*	  id:3 (Spa:Enum:ParamId:EnumFormat)
           video/raw
                     format : (Id) YVYU
                       size : (Rectangle) [ 64x64, 16384x16384, 16384x16384 ]
                  framerate : (Fraction) [ 1/1, 120/1 ]
*	  id:3 (Spa:Enum:ParamId:EnumFormat)
           video/raw
                     format : (Id) UNKNOWN
                       size : (Rectangle) [ 64x64, 16384x16384, 16384x16384 ]
                  framerate : (Fraction) [ 1/1, 120/1 ]
*	  id:3 (Spa:Enum:ParamId:EnumFormat)
           video/raw
                     format : (Id) UYVY
                       size : (Rectangle) [ 64x64, 16384x16384, 16384x16384 ]
                  framerate : (Fraction) [ 1/1, 120/1 ]
*	  id:3 (Spa:Enum:ParamId:EnumFormat)
           video/raw
                     format : (Id) I420
                       size : (Rectangle) [ 64x64, 16384x16384, 16384x16384 ]
                  framerate : (Fraction) [ 1/1, 120/1 ]
*	  id:3 (Spa:Enum:ParamId:EnumFormat)
           video/raw
                     format : (Id) YV12
                       size : (Rectangle) [ 64x64, 16384x16384, 16384x16384 ]
                  framerate : (Fraction) [ 1/1, 120/1 ]
*	  id:3 (Spa:Enum:ParamId:EnumFormat)
           video/raw
                     format : (Id) NV12
                       size : (Rectangle) [ 64x64, 16384x16384, 16384x16384 ]
                  framerate : (Fraction) [ 1/1, 120/1 ]
*	  id:3 (Spa:Enum:ParamId:EnumFormat)
           video/raw
                     format : (Id) NV21
                       size : (Rectangle) [ 64x64, 16384x16384, 16384x16384 ]
                  framerate : (Fraction) [ 1/1, 120/1 ]
*	  id:6 (Spa:Enum:ParamId:Meta)
          Object: size 56, type Spa:Pod:Object:Param:Meta (262149), id Spa:Enum:ParamId:Meta (6)
            Prop: key Spa:Pod:Object:Param:Meta:type (1), flags 00000000
              Id 1        (Spa:Pointer:Meta:Header)
            Prop: key Spa:Pod:Object:Param:Meta:size (2), flags 00000000
              Int 32
*	  id:6 (Spa:Enum:ParamId:Meta)
          Object: size 56, type Spa:Pod:Object:Param:Meta (262149), id Spa:Enum:ParamId:Meta (6)
            Prop: key Spa:Pod:Object:Param:Meta:type (1), flags 00000000
              Id 8        (Spa:Pointer:Meta:VideoTransform)
            Prop: key Spa:Pod:Object:Param:Meta:size (2), flags 00000000
              Int 4
*	  id:7 (Spa:Enum:ParamId:IO)
          Object: size 56, type Spa:Pod:Object:Param:IO (262150), id Spa:Enum:ParamId:IO (7)
            Prop: key Spa:Pod:Object:Param:IO:id (1), flags 00000000
              Id 1        (Spa:Enum:IO:Buffers)
            Prop: key Spa:Pod:Object:Param:IO:size (2), flags 00000000
              Int 8
*	  id:7 (Spa:Enum:ParamId:IO)
          Object: size 56, type Spa:Pod:Object:Param:IO (262150), id Spa:Enum:ParamId:IO (7)
            Prop: key Spa:Pod:Object:Param:IO:id (1), flags 00000000
              Id 10       (Spa:Enum:IO:AsyncBuffers)
            Prop: key Spa:Pod:Object:Param:IO:size (2), flags 00000000
              Int 8
*	  id:15 (Spa:Enum:ParamId:Latency)
          Object: size 176, type Spa:Pod:Object:Param:Latency (262155), id Spa:Enum:ParamId:Latency (15)
            Prop: key Spa:Pod:Object:Param:Latency:direction (1), flags 00000000
              Id 0        (Spa:Enum:Direction:Input)
            Prop: key Spa:Pod:Object:Param:Latency:minQuantum (2), flags 00000000
              Float 0.000000
            Prop: key Spa:Pod:Object:Param:Latency:maxQuantum (3), flags 00000000
              Float 0.000000
            Prop: key Spa:Pod:Object:Param:Latency:minRate (4), flags 00000000
              Int 0
            Prop: key Spa:Pod:Object:Param:Latency:maxRate (5), flags 00000000
              Int 0
            Prop: key Spa:Pod:Object:Param:Latency:minNs (6), flags 00000000
              Long 0
            Prop: key Spa:Pod:Object:Param:Latency:maxNs (7), flags 00000000
              Long 0
*	  id:15 (Spa:Enum:ParamId:Latency)
          Object: size 176, type Spa:Pod:Object:Param:Latency (262155), id Spa:Enum:ParamId:Latency (15)
            Prop: key Spa:Pod:Object:Param:Latency:direction (1), flags 00000000
              Id 1        (Spa:Enum:Direction:Output)
            Prop: key Spa:Pod:Object:Param:Latency:minQuantum (2), flags 00000000
              Float 0.000000
            Prop: key Spa:Pod:Object:Param:Latency:maxQuantum (3), flags 00000000
              Float 0.000000
            Prop: key Spa:Pod:Object:Param:Latency:minRate (4), flags 00000000
              Int 0
            Prop: key Spa:Pod:Object:Param:Latency:maxRate (5), flags 00000000
              Int 0
            Prop: key Spa:Pod:Object:Param:Latency:minNs (6), flags 00000000
              Long 0
            Prop: key Spa:Pod:Object:Param:Latency:maxNs (7), flags 00000000
              Long 0
 	properties:
 		port.group = "stream.0"
 		port.id = "0"
 		port.physical = "true"
 		port.terminal = "true"
 		port.direction = "out"
 		object.path = "v4l2:/dev/video15:capture_0"
 		port.name = "capture_1"
 		port.alias = "bcm2835-isp:capture_1"
 		node.id = "57"
 		object.id = "70"
 		object.serial = "24096"
added:
	id: 155
	permissions: rwxm-
	type: PipeWire:Interface:Node (version 3)
 	params:
*	  id:1 (Spa:Enum:ParamId:PropInfo)
          Object: size 96, type Spa:Pod:Object:Param:PropInfo (262145), id Spa:Enum:ParamId:PropInfo (1)
            Prop: key Spa:Pod:Object:Param:PropInfo:id (1), flags 00000000
              Id 257      (Spa:Pod:Object:Param:Props:device)
            Prop: key Spa:Pod:Object:Param:PropInfo:description (7), flags 00000000
              String "The V4L2 device"
            Prop: key Spa:Pod:Object:Param:PropInfo:type (3), flags 00000000
              String "/dev/video21"
*	  id:1 (Spa:Enum:ParamId:PropInfo)
          Object: size 96, type Spa:Pod:Object:Param:PropInfo (262145), id Spa:Enum:ParamId:PropInfo (1)
            Prop: key Spa:Pod:Object:Param:PropInfo:id (1), flags 00000000
              Id 258      (Spa:Pod:Object:Param:Props:deviceName)
            Prop: key Spa:Pod:Object:Param:PropInfo:description (7), flags 00000000
              String "The V4L2 device name"
            Prop: key Spa:Pod:Object:Param:PropInfo:type (3), flags 00000000
              String ""
*	  id:1 (Spa:Enum:ParamId:PropInfo)
          Object: size 88, type Spa:Pod:Object:Param:PropInfo (262145), id Spa:Enum:ParamId:PropInfo (1)
            Prop: key Spa:Pod:Object:Param:PropInfo:id (1), flags 00000000
              Id 259      (Spa:Pod:Object:Param:Props:deviceFd)
            Prop: key Spa:Pod:Object:Param:PropInfo:description (7), flags 00000000
              String "The V4L2 fd"
            Prop: key Spa:Pod:Object:Param:PropInfo:type (3), flags 00000000
              Int 0
*	  id:2 (Spa:Enum:ParamId:Props)
          Object: size 88, type Spa:Pod:Object:Param:Props (262146), id Spa:Enum:ParamId:Props (2)
            Prop: key Spa:Pod:Object:Param:Props:device (257), flags 00000000
              String "/dev/video21"
            Prop: key Spa:Pod:Object:Param:Props:deviceName (258), flags 00000000
              String ""
            Prop: key Spa:Pod:Object:Param:Props:deviceFd (259), flags 00000000
              Int 0
*	  id:3 (Spa:Enum:ParamId:EnumFormat)
           video/raw
                     format : (Id) YUY2
                       size : (Rectangle) [ 64x64, 16384x16384, 16384x16384 ]
                  framerate : (Fraction) [ 1/1, 120/1 ]
*	  id:3 (Spa:Enum:ParamId:EnumFormat)
           video/raw
                     format : (Id) YVYU
                       size : (Rectangle) [ 64x64, 16384x16384, 16384x16384 ]
                  framerate : (Fraction) [ 1/1, 120/1 ]
*	  id:3 (Spa:Enum:ParamId:EnumFormat)
           video/raw
                     format : (Id) UNKNOWN
                       size : (Rectangle) [ 64x64, 16384x16384, 16384x16384 ]
                  framerate : (Fraction) [ 1/1, 120/1 ]
*	  id:3 (Spa:Enum:ParamId:EnumFormat)
           video/raw
                     format : (Id) UYVY
                       size : (Rectangle) [ 64x64, 16384x16384, 16384x16384 ]
                  framerate : (Fraction) [ 1/1, 120/1 ]
*	  id:3 (Spa:Enum:ParamId:EnumFormat)
           video/raw
                     format : (Id) I420
                       size : (Rectangle) [ 64x64, 16384x16384, 16384x16384 ]
                  framerate : (Fraction) [ 1/1, 120/1 ]
*	  id:3 (Spa:Enum:ParamId:EnumFormat)
           video/raw
                     format : (Id) YV12
                       size : (Rectangle) [ 64x64, 16384x16384, 16384x16384 ]
                  framerate : (Fraction) [ 1/1, 120/1 ]
*	  id:3 (Spa:Enum:ParamId:EnumFormat)
           video/raw
                     format : (Id) RGB
                       size : (Rectangle) [ 64x64, 16384x16384, 16384x16384 ]
                  framerate : (Fraction) [ 1/1, 120/1 ]
*	  id:3 (Spa:Enum:ParamId:EnumFormat)
           video/raw
                     format : (Id) BGR
                       size : (Rectangle) [ 64x64, 16384x16384, 16384x16384 ]
                  framerate : (Fraction) [ 1/1, 120/1 ]
*	  id:3 (Spa:Enum:ParamId:EnumFormat)
           video/raw
                     format : (Id) BGRx
                       size : (Rectangle) [ 64x64, 16384x16384, 16384x16384 ]
                  framerate : (Fraction) [ 1/1, 120/1 ]
*	  id:3 (Spa:Enum:ParamId:EnumFormat)
           video/raw
                     format : (Id) RGB16
                       size : (Rectangle) [ 64x64, 16384x16384, 16384x16384 ]
                  framerate : (Fraction) [ 1/1, 120/1 ]
*	  id:3 (Spa:Enum:ParamId:EnumFormat)
           video/raw
                     format : (Id) NV12
                       size : (Rectangle) [ 64x64, 16384x16384, 16384x16384 ]
                  framerate : (Fraction) [ 1/1, 120/1 ]
*	  id:3 (Spa:Enum:ParamId:EnumFormat)
           video/raw
                     format : (Id) NV21
                       size : (Rectangle) [ 64x64, 16384x16384, 16384x16384 ]
                  framerate : (Fraction) [ 1/1, 120/1 ]
 	input ports: 0/0
 	output ports: 1/1
 	state: "suspended"
 	properties:
 		api.v4l2.cap.bus_info = "platform:bcm2835-isp"
 		api.v4l2.cap.capabilities = "84200001"
 		api.v4l2.cap.card = "bcm2835-isp"
 		api.v4l2.cap.device-caps = "04200001"
 		api.v4l2.cap.driver = "bcm2835-isp"
 		api.v4l2.cap.version = "6.18.34"
 		api.v4l2.path = "/dev/video21"
 		device.api = "v4l2"
 		device.devids = "[ 20746 ]"
 		device.id = "58"
 		factory.name = "api.v4l2.source"
 		media.class = "Video/Source"
 		node.description = "bcm2835-isp (V4L2)"
 		node.name = "v4l2_input.platform-3f00b840.mailbox"
 		node.nick = "bcm2835-isp"
 		node.pause-on-idle = "false"
 		object.path = "v4l2:/dev/video21"
 		priority.session = "790"
 		factory.id = "11"
 		client.id = "49"
 		clock.quantum-limit = "8192"
 		node.loop.name = "data-loop.0"
 		media.role = "Camera"
 		node.driver = "true"
 		object.id = "155"
 		object.serial = "24097"
added:
	id: 130
	permissions: r-xm-
	type: PipeWire:Interface:Port (version 3)
	direction: "output"
 	params:
*	  id:3 (Spa:Enum:ParamId:EnumFormat)
           video/raw
                     format : (Id) YUY2
                       size : (Rectangle) [ 64x64, 16384x16384, 16384x16384 ]
                  framerate : (Fraction) [ 1/1, 120/1 ]
*	  id:3 (Spa:Enum:ParamId:EnumFormat)
           video/raw
                     format : (Id) YVYU
                       size : (Rectangle) [ 64x64, 16384x16384, 16384x16384 ]
                  framerate : (Fraction) [ 1/1, 120/1 ]
*	  id:3 (Spa:Enum:ParamId:EnumFormat)
           video/raw
                     format : (Id) UNKNOWN
                       size : (Rectangle) [ 64x64, 16384x16384, 16384x16384 ]
                  framerate : (Fraction) [ 1/1, 120/1 ]
*	  id:3 (Spa:Enum:ParamId:EnumFormat)
           video/raw
                     format : (Id) UYVY
                       size : (Rectangle) [ 64x64, 16384x16384, 16384x16384 ]
                  framerate : (Fraction) [ 1/1, 120/1 ]
*	  id:3 (Spa:Enum:ParamId:EnumFormat)
           video/raw
                     format : (Id) I420
                       size : (Rectangle) [ 64x64, 16384x16384, 16384x16384 ]
                  framerate : (Fraction) [ 1/1, 120/1 ]
*	  id:3 (Spa:Enum:ParamId:EnumFormat)
           video/raw
                     format : (Id) YV12
                       size : (Rectangle) [ 64x64, 16384x16384, 16384x16384 ]
                  framerate : (Fraction) [ 1/1, 120/1 ]
*	  id:3 (Spa:Enum:ParamId:EnumFormat)
           video/raw
                     format : (Id) RGB
                       size : (Rectangle) [ 64x64, 16384x16384, 16384x16384 ]
                  framerate : (Fraction) [ 1/1, 120/1 ]
*	  id:3 (Spa:Enum:ParamId:EnumFormat)
           video/raw
                     format : (Id) BGR
                       size : (Rectangle) [ 64x64, 16384x16384, 16384x16384 ]
                  framerate : (Fraction) [ 1/1, 120/1 ]
*	  id:3 (Spa:Enum:ParamId:EnumFormat)
           video/raw
                     format : (Id) BGRx
                       size : (Rectangle) [ 64x64, 16384x16384, 16384x16384 ]
                  framerate : (Fraction) [ 1/1, 120/1 ]
*	  id:3 (Spa:Enum:ParamId:EnumFormat)
           video/raw
                     format : (Id) RGB16
                       size : (Rectangle) [ 64x64, 16384x16384, 16384x16384 ]
                  framerate : (Fraction) [ 1/1, 120/1 ]
*	  id:3 (Spa:Enum:ParamId:EnumFormat)
           video/raw
                     format : (Id) NV12
                       size : (Rectangle) [ 64x64, 16384x16384, 16384x16384 ]
                  framerate : (Fraction) [ 1/1, 120/1 ]
*	  id:3 (Spa:Enum:ParamId:EnumFormat)
           video/raw
                     format : (Id) NV21
                       size : (Rectangle) [ 64x64, 16384x16384, 16384x16384 ]
                  framerate : (Fraction) [ 1/1, 120/1 ]
*	  id:6 (Spa:Enum:ParamId:Meta)
          Object: size 56, type Spa:Pod:Object:Param:Meta (262149), id Spa:Enum:ParamId:Meta (6)
            Prop: key Spa:Pod:Object:Param:Meta:type (1), flags 00000000
              Id 1        (Spa:Pointer:Meta:Header)
            Prop: key Spa:Pod:Object:Param:Meta:size (2), flags 00000000
              Int 32
*	  id:6 (Spa:Enum:ParamId:Meta)
          Object: size 56, type Spa:Pod:Object:Param:Meta (262149), id Spa:Enum:ParamId:Meta (6)
            Prop: key Spa:Pod:Object:Param:Meta:type (1), flags 00000000
              Id 8        (Spa:Pointer:Meta:VideoTransform)
            Prop: key Spa:Pod:Object:Param:Meta:size (2), flags 00000000
              Int 4
*	  id:7 (Spa:Enum:ParamId:IO)
          Object: size 56, type Spa:Pod:Object:Param:IO (262150), id Spa:Enum:ParamId:IO (7)
            Prop: key Spa:Pod:Object:Param:IO:id (1), flags 00000000
              Id 1        (Spa:Enum:IO:Buffers)
            Prop: key Spa:Pod:Object:Param:IO:size (2), flags 00000000
              Int 8
*	  id:7 (Spa:Enum:ParamId:IO)
          Object: size 56, type Spa:Pod:Object:Param:IO (262150), id Spa:Enum:ParamId:IO (7)
            Prop: key Spa:Pod:Object:Param:IO:id (1), flags 00000000
              Id 10       (Spa:Enum:IO:AsyncBuffers)
            Prop: key Spa:Pod:Object:Param:IO:size (2), flags 00000000
              Int 8
*	  id:15 (Spa:Enum:ParamId:Latency)
          Object: size 176, type Spa:Pod:Object:Param:Latency (262155), id Spa:Enum:ParamId:Latency (15)
            Prop: key Spa:Pod:Object:Param:Latency:direction (1), flags 00000000
              Id 0        (Spa:Enum:Direction:Input)
            Prop: key Spa:Pod:Object:Param:Latency:minQuantum (2), flags 00000000
              Float 0.000000
            Prop: key Spa:Pod:Object:Param:Latency:maxQuantum (3), flags 00000000
              Float 0.000000
            Prop: key Spa:Pod:Object:Param:Latency:minRate (4), flags 00000000
              Int 0
            Prop: key Spa:Pod:Object:Param:Latency:maxRate (5), flags 00000000
              Int 0
            Prop: key Spa:Pod:Object:Param:Latency:minNs (6), flags 00000000
              Long 0
            Prop: key Spa:Pod:Object:Param:Latency:maxNs (7), flags 00000000
              Long 0
*	  id:15 (Spa:Enum:ParamId:Latency)
          Object: size 176, type Spa:Pod:Object:Param:Latency (262155), id Spa:Enum:ParamId:Latency (15)
            Prop: key Spa:Pod:Object:Param:Latency:direction (1), flags 00000000
              Id 1        (Spa:Enum:Direction:Output)
            Prop: key Spa:Pod:Object:Param:Latency:minQuantum (2), flags 00000000
              Float 0.000000
            Prop: key Spa:Pod:Object:Param:Latency:maxQuantum (3), flags 00000000
              Float 0.000000
            Prop: key Spa:Pod:Object:Param:Latency:minRate (4), flags 00000000
              Int 0
            Prop: key Spa:Pod:Object:Param:Latency:maxRate (5), flags 00000000
              Int 0
            Prop: key Spa:Pod:Object:Param:Latency:minNs (6), flags 00000000
              Long 0
            Prop: key Spa:Pod:Object:Param:Latency:maxNs (7), flags 00000000
              Long 0
 	properties:
 		port.group = "stream.0"
 		port.id = "0"
 		port.physical = "true"
 		port.terminal = "true"
 		port.direction = "out"
 		object.path = "v4l2:/dev/video21:capture_0"
 		port.name = "capture_1"
 		port.alias = "bcm2835-isp:capture_1"
 		node.id = "155"
 		object.id = "130"
 		object.serial = "24098"
added:
	id: 105
	permissions: rwxm-
	type: PipeWire:Interface:Node (version 3)
 	params:
*	  id:1 (Spa:Enum:ParamId:PropInfo)
          Object: size 96, type Spa:Pod:Object:Param:PropInfo (262145), id Spa:Enum:ParamId:PropInfo (1)
            Prop: key Spa:Pod:Object:Param:PropInfo:id (1), flags 00000000
              Id 257      (Spa:Pod:Object:Param:Props:device)
            Prop: key Spa:Pod:Object:Param:PropInfo:description (7), flags 00000000
              String "The V4L2 device"
            Prop: key Spa:Pod:Object:Param:PropInfo:type (3), flags 00000000
              String "/dev/video22"
*	  id:1 (Spa:Enum:ParamId:PropInfo)
          Object: size 96, type Spa:Pod:Object:Param:PropInfo (262145), id Spa:Enum:ParamId:PropInfo (1)
            Prop: key Spa:Pod:Object:Param:PropInfo:id (1), flags 00000000
              Id 258      (Spa:Pod:Object:Param:Props:deviceName)
            Prop: key Spa:Pod:Object:Param:PropInfo:description (7), flags 00000000
              String "The V4L2 device name"
            Prop: key Spa:Pod:Object:Param:PropInfo:type (3), flags 00000000
              String ""
*	  id:1 (Spa:Enum:ParamId:PropInfo)
          Object: size 88, type Spa:Pod:Object:Param:PropInfo (262145), id Spa:Enum:ParamId:PropInfo (1)
            Prop: key Spa:Pod:Object:Param:PropInfo:id (1), flags 00000000
              Id 259      (Spa:Pod:Object:Param:Props:deviceFd)
            Prop: key Spa:Pod:Object:Param:PropInfo:description (7), flags 00000000
              String "The V4L2 fd"
            Prop: key Spa:Pod:Object:Param:PropInfo:type (3), flags 00000000
              Int 0
*	  id:2 (Spa:Enum:ParamId:Props)
          Object: size 88, type Spa:Pod:Object:Param:Props (262146), id Spa:Enum:ParamId:Props (2)
            Prop: key Spa:Pod:Object:Param:Props:device (257), flags 00000000
              String "/dev/video22"
            Prop: key Spa:Pod:Object:Param:Props:deviceName (258), flags 00000000
              String ""
            Prop: key Spa:Pod:Object:Param:Props:deviceFd (259), flags 00000000
              Int 0
*	  id:3 (Spa:Enum:ParamId:EnumFormat)
           video/raw
                     format : (Id) YUY2
                       size : (Rectangle) [ 64x64, 16384x16384, 16384x16384 ]
                  framerate : (Fraction) [ 1/1, 120/1 ]
*	  id:3 (Spa:Enum:ParamId:EnumFormat)
           video/raw
                     format : (Id) YVYU
                       size : (Rectangle) [ 64x64, 16384x16384, 16384x16384 ]
                  framerate : (Fraction) [ 1/1, 120/1 ]
*	  id:3 (Spa:Enum:ParamId:EnumFormat)
           video/raw
                     format : (Id) UNKNOWN
                       size : (Rectangle) [ 64x64, 16384x16384, 16384x16384 ]
                  framerate : (Fraction) [ 1/1, 120/1 ]
*	  id:3 (Spa:Enum:ParamId:EnumFormat)
           video/raw
                     format : (Id) UYVY
                       size : (Rectangle) [ 64x64, 16384x16384, 16384x16384 ]
                  framerate : (Fraction) [ 1/1, 120/1 ]
*	  id:3 (Spa:Enum:ParamId:EnumFormat)
           video/raw
                     format : (Id) I420
                       size : (Rectangle) [ 64x64, 16384x16384, 16384x16384 ]
                  framerate : (Fraction) [ 1/1, 120/1 ]
*	  id:3 (Spa:Enum:ParamId:EnumFormat)
           video/raw
                     format : (Id) YV12
                       size : (Rectangle) [ 64x64, 16384x16384, 16384x16384 ]
                  framerate : (Fraction) [ 1/1, 120/1 ]
*	  id:3 (Spa:Enum:ParamId:EnumFormat)
           video/raw
                     format : (Id) NV12
                       size : (Rectangle) [ 64x64, 16384x16384, 16384x16384 ]
                  framerate : (Fraction) [ 1/1, 120/1 ]
*	  id:3 (Spa:Enum:ParamId:EnumFormat)
           video/raw
                     format : (Id) NV21
                       size : (Rectangle) [ 64x64, 16384x16384, 16384x16384 ]
                  framerate : (Fraction) [ 1/1, 120/1 ]
 	input ports: 0/0
 	output ports: 1/1
 	state: "suspended"
 	properties:
 		api.v4l2.cap.bus_info = "platform:bcm2835-isp"
 		api.v4l2.cap.capabilities = "84200001"
 		api.v4l2.cap.card = "bcm2835-isp"
 		api.v4l2.cap.device-caps = "04200001"
 		api.v4l2.cap.driver = "bcm2835-isp"
 		api.v4l2.cap.version = "6.18.34"
 		api.v4l2.path = "/dev/video22"
 		device.api = "v4l2"
 		device.devids = "[ 20747 ]"
 		device.id = "69"
 		factory.name = "api.v4l2.source"
 		media.class = "Video/Source"
 		node.description = "bcm2835-isp (V4L2)"
 		node.name = "v4l2_input.platform-3f00b840.mailbox"
 		node.nick = "bcm2835-isp"
 		node.pause-on-idle = "false"
 		object.path = "v4l2:/dev/video22"
 		priority.session = "780"
 		factory.id = "11"
 		client.id = "49"
 		clock.quantum-limit = "8192"
 		node.loop.name = "data-loop.0"
 		media.role = "Camera"
 		node.driver = "true"
 		object.id = "105"
 		object.serial = "24099"
added:
	id: 151
	permissions: r-xm-
	type: PipeWire:Interface:Port (version 3)
	direction: "output"
 	params:
*	  id:3 (Spa:Enum:ParamId:EnumFormat)
           video/raw
                     format : (Id) YUY2
                       size : (Rectangle) [ 64x64, 16384x16384, 16384x16384 ]
                  framerate : (Fraction) [ 1/1, 120/1 ]
*	  id:3 (Spa:Enum:ParamId:EnumFormat)
           video/raw
                     format : (Id) YVYU
                       size : (Rectangle) [ 64x64, 16384x16384, 16384x16384 ]
                  framerate : (Fraction) [ 1/1, 120/1 ]
*	  id:3 (Spa:Enum:ParamId:EnumFormat)
           video/raw
                     format : (Id) UNKNOWN
                       size : (Rectangle) [ 64x64, 16384x16384, 16384x16384 ]
                  framerate : (Fraction) [ 1/1, 120/1 ]
*	  id:3 (Spa:Enum:ParamId:EnumFormat)
           video/raw
                     format : (Id) UYVY
                       size : (Rectangle) [ 64x64, 16384x16384, 16384x16384 ]
                  framerate : (Fraction) [ 1/1, 120/1 ]
*	  id:3 (Spa:Enum:ParamId:EnumFormat)
           video/raw
                     format : (Id) I420
                       size : (Rectangle) [ 64x64, 16384x16384, 16384x16384 ]
                  framerate : (Fraction) [ 1/1, 120/1 ]
*	  id:3 (Spa:Enum:ParamId:EnumFormat)
           video/raw
                     format : (Id) YV12
                       size : (Rectangle) [ 64x64, 16384x16384, 16384x16384 ]
                  framerate : (Fraction) [ 1/1, 120/1 ]
*	  id:3 (Spa:Enum:ParamId:EnumFormat)
           video/raw
                     format : (Id) NV12
                       size : (Rectangle) [ 64x64, 16384x16384, 16384x16384 ]
                  framerate : (Fraction) [ 1/1, 120/1 ]
*	  id:3 (Spa:Enum:ParamId:EnumFormat)
           video/raw
                     format : (Id) NV21
                       size : (Rectangle) [ 64x64, 16384x16384, 16384x16384 ]
                  framerate : (Fraction) [ 1/1, 120/1 ]
*	  id:6 (Spa:Enum:ParamId:Meta)
          Object: size 56, type Spa:Pod:Object:Param:Meta (262149), id Spa:Enum:ParamId:Meta (6)
            Prop: key Spa:Pod:Object:Param:Meta:type (1), flags 00000000
              Id 1        (Spa:Pointer:Meta:Header)
            Prop: key Spa:Pod:Object:Param:Meta:size (2), flags 00000000
              Int 32
*	  id:6 (Spa:Enum:ParamId:Meta)
          Object: size 56, type Spa:Pod:Object:Param:Meta (262149), id Spa:Enum:ParamId:Meta (6)
            Prop: key Spa:Pod:Object:Param:Meta:type (1), flags 00000000
              Id 8        (Spa:Pointer:Meta:VideoTransform)
            Prop: key Spa:Pod:Object:Param:Meta:size (2), flags 00000000
              Int 4
*	  id:7 (Spa:Enum:ParamId:IO)
          Object: size 56, type Spa:Pod:Object:Param:IO (262150), id Spa:Enum:ParamId:IO (7)
            Prop: key Spa:Pod:Object:Param:IO:id (1), flags 00000000
              Id 1        (Spa:Enum:IO:Buffers)
            Prop: key Spa:Pod:Object:Param:IO:size (2), flags 00000000
              Int 8
*	  id:7 (Spa:Enum:ParamId:IO)
          Object: size 56, type Spa:Pod:Object:Param:IO (262150), id Spa:Enum:ParamId:IO (7)
            Prop: key Spa:Pod:Object:Param:IO:id (1), flags 00000000
              Id 10       (Spa:Enum:IO:AsyncBuffers)
            Prop: key Spa:Pod:Object:Param:IO:size (2), flags 00000000
              Int 8
*	  id:15 (Spa:Enum:ParamId:Latency)
          Object: size 176, type Spa:Pod:Object:Param:Latency (262155), id Spa:Enum:ParamId:Latency (15)
            Prop: key Spa:Pod:Object:Param:Latency:direction (1), flags 00000000
              Id 0        (Spa:Enum:Direction:Input)
            Prop: key Spa:Pod:Object:Param:Latency:minQuantum (2), flags 00000000
              Float 0.000000
            Prop: key Spa:Pod:Object:Param:Latency:maxQuantum (3), flags 00000000
              Float 0.000000
            Prop: key Spa:Pod:Object:Param:Latency:minRate (4), flags 00000000
              Int 0
            Prop: key Spa:Pod:Object:Param:Latency:maxRate (5), flags 00000000
              Int 0
            Prop: key Spa:Pod:Object:Param:Latency:minNs (6), flags 00000000
              Long 0
            Prop: key Spa:Pod:Object:Param:Latency:maxNs (7), flags 00000000
              Long 0
*	  id:15 (Spa:Enum:ParamId:Latency)
          Object: size 176, type Spa:Pod:Object:Param:Latency (262155), id Spa:Enum:ParamId:Latency (15)
            Prop: key Spa:Pod:Object:Param:Latency:direction (1), flags 00000000
              Id 1        (Spa:Enum:Direction:Output)
            Prop: key Spa:Pod:Object:Param:Latency:minQuantum (2), flags 00000000
              Float 0.000000
            Prop: key Spa:Pod:Object:Param:Latency:maxQuantum (3), flags 00000000
              Float 0.000000
            Prop: key Spa:Pod:Object:Param:Latency:minRate (4), flags 00000000
              Int 0
            Prop: key Spa:Pod:Object:Param:Latency:maxRate (5), flags 00000000
              Int 0
            Prop: key Spa:Pod:Object:Param:Latency:minNs (6), flags 00000000
              Long 0
            Prop: key Spa:Pod:Object:Param:Latency:maxNs (7), flags 00000000
              Long 0
 	properties:
 		port.group = "stream.0"
 		port.id = "0"
 		port.physical = "true"
 		port.terminal = "true"
 		port.direction = "out"
 		object.path = "v4l2:/dev/video22:capture_0"
 		port.name = "capture_1"
 		port.alias = "bcm2835-isp:capture_1"
 		node.id = "105"
 		object.id = "151"
 		object.serial = "24100"
added:
	id: 158
	permissions: rwxm-
	type: PipeWire:Interface:Client (version 3)
 	properties:
 		pipewire.protocol = "protocol-native"
 		core.name = "pipewire-admin-90067"
 		pipewire.sec.socket = "pipewire-0-manager"
 		pipewire.sec.pid = "90067"
 		pipewire.sec.uid = "1000"
 		pipewire.sec.gid = "1000"
 		module.id = "2"
 		object.id = "158"
 		object.serial = "27855"
 		remote.intention = "manager"
 		application.name = "pw-dump"
 		application.process.binary = "pw-dump"
 		application.language = "en_GB.UTF-8"
 		application.process.id = "90067"
 		application.process.user = "admin"
 		application.process.host = "larkbridge"
 		log.level = "0"
 		cpu.max-align = "16"
 		default.clock.rate = "48000"
 		default.clock.quantum = "1024"
 		default.clock.min-quantum = "32"
 		default.clock.max-quantum = "2048"
 		default.clock.quantum-limit = "8192"
 		default.clock.quantum-floor = "4"
 		default.video.width = "640"
 		default.video.height = "480"
 		default.video.rate.num = "25"
 		default.video.rate.denom = "1"
 		clock.power-of-two-quantum = "true"
 		link.max-buffers = "64"
 		mem.warn-mlock = "false"
 		mem.allow-mlock = "true"
 		settings.check-quantum = "false"
 		settings.check-rate = "false"
 		core.version = "1.4.2"
 		pipewire.access = "unrestricted"
removed:
	id: 158
added:
	id: 158
	permissions: rwxm-
	type: PipeWire:Interface:Client (version 3)
 	properties:
 		pipewire.protocol = "protocol-native"
 		core.name = "pipewire-admin-90071"
 		pipewire.sec.socket = "pipewire-0"
 		pipewire.sec.pid = "90071"
 		pipewire.sec.uid = "1000"
 		pipewire.sec.gid = "1000"
 		module.id = "2"
 		object.id = "158"
 		object.serial = "27856"
 		application.name = "pw-link"
 		application.process.binary = "pw-link"
 		application.language = "en_GB.UTF-8"
 		application.process.id = "90071"
 		application.process.user = "admin"
 		application.process.host = "larkbridge"
 		log.level = "0"
 		cpu.max-align = "16"
 		default.clock.rate = "48000"
 		default.clock.quantum = "1024"
 		default.clock.min-quantum = "32"
 		default.clock.max-quantum = "2048"
 		default.clock.quantum-limit = "8192"
 		default.clock.quantum-floor = "4"
 		default.video.width = "640"
 		default.video.height = "480"
 		default.video.rate.num = "25"
 		default.video.rate.denom = "1"
 		clock.power-of-two-quantum = "true"
 		link.max-buffers = "64"
 		mem.warn-mlock = "false"
 		mem.allow-mlock = "true"
 		settings.check-quantum = "false"
 		settings.check-rate = "false"
 		core.version = "1.4.2"
 		pipewire.access = "unrestricted"
removed:
	id: 158
added:
	id: 158
	permissions: rwxm-
	type: PipeWire:Interface:Client (version 3)
 	properties:
 		pipewire.protocol = "protocol-native"
 		core.name = "pipewire-admin-90084"
 		pipewire.sec.socket = "pipewire-0-manager"
 		pipewire.sec.pid = "90084"
 		pipewire.sec.uid = "1000"
 		pipewire.sec.gid = "1000"
 		module.id = "2"
 		object.id = "158"
 		object.serial = "27857"
 		remote.intention = "manager"
 		application.name = "pw-dump"
 		application.process.binary = "pw-dump"
 		application.language = "en_GB.UTF-8"
 		application.process.id = "90084"
 		application.process.user = "admin"
 		application.process.host = "larkbridge"
 		log.level = "0"
 		cpu.max-align = "16"
 		default.clock.rate = "48000"
 		default.clock.quantum = "1024"
 		default.clock.min-quantum = "32"
 		default.clock.max-quantum = "2048"
 		default.clock.quantum-limit = "8192"
 		default.clock.quantum-floor = "4"
 		default.video.width = "640"
 		default.video.height = "480"
 		default.video.rate.num = "25"
 		default.video.rate.denom = "1"
 		clock.power-of-two-quantum = "true"
 		link.max-buffers = "64"
 		mem.warn-mlock = "false"
 		mem.allow-mlock = "true"
 		settings.check-quantum = "false"
 		settings.check-rate = "false"
 		core.version = "1.4.2"
 		pipewire.access = "unrestricted"
removed:
	id: 158
added:
	id: 158
	permissions: rwxm-
	type: PipeWire:Interface:Client (version 3)
 	properties:
 		pipewire.protocol = "protocol-native"
 		core.name = "pipewire-admin-90086"
 		pipewire.sec.socket = "pipewire-0"
 		pipewire.sec.pid = "90086"
 		pipewire.sec.uid = "1000"
 		pipewire.sec.gid = "1000"
 		module.id = "2"
 		object.id = "158"
 		object.serial = "27858"
 		application.name = "pw-link"
 		application.process.binary = "pw-link"
 		application.language = "en_GB.UTF-8"
 		application.process.id = "90086"
 		application.process.user = "admin"
 		application.process.host = "larkbridge"
 		log.level = "0"
 		cpu.max-align = "16"
 		default.clock.rate = "48000"
 		default.clock.quantum = "1024"
 		default.clock.min-quantum = "32"
 		default.clock.max-quantum = "2048"
 		default.clock.quantum-limit = "8192"
 		default.clock.quantum-floor = "4"
 		default.video.width = "640"
 		default.video.height = "480"
 		default.video.rate.num = "25"
 		default.video.rate.denom = "1"
 		clock.power-of-two-quantum = "true"
 		link.max-buffers = "64"
 		mem.warn-mlock = "false"
 		mem.allow-mlock = "true"
 		settings.check-quantum = "false"
 		settings.check-rate = "false"
 		core.version = "1.4.2"
 		pipewire.access = "unrestricted"
removed:
	id: 158
added:
	id: 158
	permissions: rwxm-
	type: PipeWire:Interface:Client (version 3)
 	properties:
 		pipewire.protocol = "protocol-native"
 		core.name = "pipewire-admin-90099"
 		pipewire.sec.socket = "pipewire-0-manager"
 		pipewire.sec.pid = "90099"
 		pipewire.sec.uid = "1000"
 		pipewire.sec.gid = "1000"
 		module.id = "2"
 		object.id = "158"
 		object.serial = "27859"
 		remote.intention = "manager"
 		application.name = "pw-dump"
 		application.process.binary = "pw-dump"
 		application.language = "en_GB.UTF-8"
 		application.process.id = "90099"
 		application.process.user = "admin"
 		application.process.host = "larkbridge"
 		log.level = "0"
 		cpu.max-align = "16"
 		default.clock.rate = "48000"
 		default.clock.quantum = "1024"
 		default.clock.min-quantum = "32"
 		default.clock.max-quantum = "2048"
 		default.clock.quantum-limit = "8192"
 		default.clock.quantum-floor = "4"
 		default.video.width = "640"
 		default.video.height = "480"
 		default.video.rate.num = "25"
 		default.video.rate.denom = "1"
 		clock.power-of-two-quantum = "true"
 		link.max-buffers = "64"
 		mem.warn-mlock = "false"
 		mem.allow-mlock = "true"
 		settings.check-quantum = "false"
 		settings.check-rate = "false"
 		core.version = "1.4.2"
 		pipewire.access = "unrestricted"
removed:
	id: 158
added:
	id: 158
	permissions: rwxm-
	type: PipeWire:Interface:Client (version 3)
 	properties:
 		pipewire.protocol = "protocol-native"
 		core.name = "pipewire-admin-90101"
 		pipewire.sec.socket = "pipewire-0"
 		pipewire.sec.pid = "90101"
 		pipewire.sec.uid = "1000"
 		pipewire.sec.gid = "1000"
 		module.id = "2"
 		object.id = "158"
 		object.serial = "27860"
 		application.name = "pw-link"
 		application.process.binary = "pw-link"
 		application.language = "en_GB.UTF-8"
 		application.process.id = "90101"
 		application.process.user = "admin"
 		application.process.host = "larkbridge"
 		log.level = "0"
 		cpu.max-align = "16"
 		default.clock.rate = "48000"
 		default.clock.quantum = "1024"
 		default.clock.min-quantum = "32"
 		default.clock.max-quantum = "2048"
 		default.clock.quantum-limit = "8192"
 		default.clock.quantum-floor = "4"
 		default.video.width = "640"
 		default.video.height = "480"
 		default.video.rate.num = "25"
 		default.video.rate.denom = "1"
 		clock.power-of-two-quantum = "true"
 		link.max-buffers = "64"
 		mem.warn-mlock = "false"
 		mem.allow-mlock = "true"
 		settings.check-quantum = "false"
 		settings.check-rate = "false"
 		core.version = "1.4.2"
 		pipewire.access = "unrestricted"
removed:
	id: 158
added:
	id: 158
	permissions: rwxm-
	type: PipeWire:Interface:Client (version 3)
 	properties:
 		pipewire.protocol = "protocol-native"
 		core.name = "pipewire-admin-90114"
 		pipewire.sec.socket = "pipewire-0-manager"
 		pipewire.sec.pid = "90114"
 		pipewire.sec.uid = "1000"
 		pipewire.sec.gid = "1000"
 		module.id = "2"
 		object.id = "158"
 		object.serial = "27861"
 		remote.intention = "manager"
 		application.name = "pw-dump"
 		application.process.binary = "pw-dump"
 		application.language = "en_GB.UTF-8"
 		application.process.id = "90114"
 		application.process.user = "admin"
 		application.process.host = "larkbridge"
 		log.level = "0"
 		cpu.max-align = "16"
 		default.clock.rate = "48000"
 		default.clock.quantum = "1024"
 		default.clock.min-quantum = "32"
 		default.clock.max-quantum = "2048"
 		default.clock.quantum-limit = "8192"
 		default.clock.quantum-floor = "4"
 		default.video.width = "640"
 		default.video.height = "480"
 		default.video.rate.num = "25"
 		default.video.rate.denom = "1"
 		clock.power-of-two-quantum = "true"
 		link.max-buffers = "64"
 		mem.warn-mlock = "false"
 		mem.allow-mlock = "true"
 		settings.check-quantum = "false"
 		settings.check-rate = "false"
 		core.version = "1.4.2"
 		pipewire.access = "unrestricted"
removed:
	id: 158
added:
	id: 158
	permissions: rwxm-
	type: PipeWire:Interface:Client (version 3)
 	properties:
 		pipewire.protocol = "protocol-native"
 		core.name = "pipewire-admin-90116"
 		pipewire.sec.socket = "pipewire-0"
 		pipewire.sec.pid = "90116"
 		pipewire.sec.uid = "1000"
 		pipewire.sec.gid = "1000"
 		module.id = "2"
 		object.id = "158"
 		object.serial = "27862"
 		application.name = "pw-link"
 		application.process.binary = "pw-link"
 		application.language = "en_GB.UTF-8"
 		application.process.id = "90116"
 		application.process.user = "admin"
 		application.process.host = "larkbridge"
 		log.level = "0"
 		cpu.max-align = "16"
 		default.clock.rate = "48000"
 		default.clock.quantum = "1024"
 		default.clock.min-quantum = "32"
 		default.clock.max-quantum = "2048"
 		default.clock.quantum-limit = "8192"
 		default.clock.quantum-floor = "4"
 		default.video.width = "640"
 		default.video.height = "480"
 		default.video.rate.num = "25"
 		default.video.rate.denom = "1"
 		clock.power-of-two-quantum = "true"
 		link.max-buffers = "64"
 		mem.warn-mlock = "false"
 		mem.allow-mlock = "true"
 		settings.check-quantum = "false"
 		settings.check-rate = "false"
 		core.version = "1.4.2"
 		pipewire.access = "unrestricted"
removed:
	id: 158
added:
	id: 158
	permissions: rwxm-
	type: PipeWire:Interface:Client (version 3)
 	properties:
 		pipewire.protocol = "protocol-native"
 		core.name = "pipewire-admin-90129"
 		pipewire.sec.socket = "pipewire-0-manager"
 		pipewire.sec.pid = "90129"
 		pipewire.sec.uid = "1000"
 		pipewire.sec.gid = "1000"
 		module.id = "2"
 		object.id = "158"
 		object.serial = "27863"
 		remote.intention = "manager"
 		application.name = "pw-dump"
 		application.process.binary = "pw-dump"
 		application.language = "en_GB.UTF-8"
 		application.process.id = "90129"
 		application.process.user = "admin"
 		application.process.host = "larkbridge"
 		log.level = "0"
 		cpu.max-align = "16"
 		default.clock.rate = "48000"
 		default.clock.quantum = "1024"
 		default.clock.min-quantum = "32"
 		default.clock.max-quantum = "2048"
 		default.clock.quantum-limit = "8192"
 		default.clock.quantum-floor = "4"
 		default.video.width = "640"
 		default.video.height = "480"
 		default.video.rate.num = "25"
 		default.video.rate.denom = "1"
 		clock.power-of-two-quantum = "true"
 		link.max-buffers = "64"
 		mem.warn-mlock = "false"
 		mem.allow-mlock = "true"
 		settings.check-quantum = "false"
 		settings.check-rate = "false"
 		core.version = "1.4.2"
 		pipewire.access = "unrestricted"
removed:
	id: 158
added:
	id: 158
	permissions: rwxm-
	type: PipeWire:Interface:Client (version 3)
 	properties:
 		pipewire.protocol = "protocol-native"
 		core.name = "pipewire-admin-90131"
 		pipewire.sec.socket = "pipewire-0"
 		pipewire.sec.pid = "90131"
 		pipewire.sec.uid = "1000"
 		pipewire.sec.gid = "1000"
 		module.id = "2"
 		object.id = "158"
 		object.serial = "27864"
 		application.name = "pw-link"
 		application.process.binary = "pw-link"
 		application.language = "en_GB.UTF-8"
 		application.process.id = "90131"
 		application.process.user = "admin"
 		application.process.host = "larkbridge"
 		log.level = "0"
 		cpu.max-align = "16"
 		default.clock.rate = "48000"
 		default.clock.quantum = "1024"
 		default.clock.min-quantum = "32"
 		default.clock.max-quantum = "2048"
 		default.clock.quantum-limit = "8192"
 		default.clock.quantum-floor = "4"
 		default.video.width = "640"
 		default.video.height = "480"
 		default.video.rate.num = "25"
 		default.video.rate.denom = "1"
 		clock.power-of-two-quantum = "true"
 		link.max-buffers = "64"
 		mem.warn-mlock = "false"
 		mem.allow-mlock = "true"
 		settings.check-quantum = "false"
 		settings.check-rate = "false"
 		core.version = "1.4.2"
 		pipewire.access = "unrestricted"
removed:
	id: 158
added:
	id: 158
	permissions: rwxm-
	type: PipeWire:Interface:Client (version 3)
 	properties:
 		pipewire.protocol = "protocol-native"
 		core.name = "pipewire-admin-90146"
 		pipewire.sec.socket = "pipewire-0-manager"
 		pipewire.sec.pid = "90146"
 		pipewire.sec.uid = "1000"
 		pipewire.sec.gid = "1000"
 		module.id = "2"
 		object.id = "158"
 		object.serial = "27865"
 		remote.intention = "manager"
 		application.name = "pw-dump"
 		application.process.binary = "pw-dump"
 		application.language = "en_GB.UTF-8"
 		application.process.id = "90146"
 		application.process.user = "admin"
 		application.process.host = "larkbridge"
 		log.level = "0"
 		cpu.max-align = "16"
 		default.clock.rate = "48000"
 		default.clock.quantum = "1024"
 		default.clock.min-quantum = "32"
 		default.clock.max-quantum = "2048"
 		default.clock.quantum-limit = "8192"
 		default.clock.quantum-floor = "4"
 		default.video.width = "640"
 		default.video.height = "480"
 		default.video.rate.num = "25"
 		default.video.rate.denom = "1"
 		clock.power-of-two-quantum = "true"
 		link.max-buffers = "64"
 		mem.warn-mlock = "false"
 		mem.allow-mlock = "true"
 		settings.check-quantum = "false"
 		settings.check-rate = "false"
 		core.version = "1.4.2"
 		pipewire.access = "unrestricted"
removed:
	id: 158
added:
	id: 158
	permissions: rwxm-
	type: PipeWire:Interface:Client (version 3)
 	properties:
 		pipewire.protocol = "protocol-native"
 		core.name = "pipewire-admin-90148"
 		pipewire.sec.socket = "pipewire-0"
 		pipewire.sec.pid = "90148"
 		pipewire.sec.uid = "1000"
 		pipewire.sec.gid = "1000"
 		module.id = "2"
 		object.id = "158"
 		object.serial = "27866"
 		application.name = "pw-link"
 		application.process.binary = "pw-link"
 		application.language = "en_GB.UTF-8"
 		application.process.id = "90148"
 		application.process.user = "admin"
 		application.process.host = "larkbridge"
 		log.level = "0"
 		cpu.max-align = "16"
 		default.clock.rate = "48000"
 		default.clock.quantum = "1024"
 		default.clock.min-quantum = "32"
 		default.clock.max-quantum = "2048"
 		default.clock.quantum-limit = "8192"
 		default.clock.quantum-floor = "4"
 		default.video.width = "640"
 		default.video.height = "480"
 		default.video.rate.num = "25"
 		default.video.rate.denom = "1"
 		clock.power-of-two-quantum = "true"
 		link.max-buffers = "64"
 		mem.warn-mlock = "false"
 		mem.allow-mlock = "true"
 		settings.check-quantum = "false"
 		settings.check-rate = "false"
 		core.version = "1.4.2"
 		pipewire.access = "unrestricted"
removed:
	id: 158
added:
	id: 158
	permissions: rwxm-
	type: PipeWire:Interface:Client (version 3)
 	properties:
 		pipewire.protocol = "protocol-native"
 		core.name = "pipewire-admin-90161"
 		pipewire.sec.socket = "pipewire-0-manager"
 		pipewire.sec.pid = "90161"
 		pipewire.sec.uid = "1000"
 		pipewire.sec.gid = "1000"
 		module.id = "2"
 		object.id = "158"
 		object.serial = "27867"
 		remote.intention = "manager"
 		application.name = "pw-dump"
 		application.process.binary = "pw-dump"
 		application.language = "en_GB.UTF-8"
 		application.process.id = "90161"
 		application.process.user = "admin"
 		application.process.host = "larkbridge"
 		log.level = "0"
 		cpu.max-align = "16"
 		default.clock.rate = "48000"
 		default.clock.quantum = "1024"
 		default.clock.min-quantum = "32"
 		default.clock.max-quantum = "2048"
 		default.clock.quantum-limit = "8192"
 		default.clock.quantum-floor = "4"
 		default.video.width = "640"
 		default.video.height = "480"
 		default.video.rate.num = "25"
 		default.video.rate.denom = "1"
 		clock.power-of-two-quantum = "true"
 		link.max-buffers = "64"
 		mem.warn-mlock = "false"
 		mem.allow-mlock = "true"
 		settings.check-quantum = "false"
 		settings.check-rate = "false"
 		core.version = "1.4.2"
 		pipewire.access = "unrestricted"
removed:
	id: 158
added:
	id: 158
	permissions: rwxm-
	type: PipeWire:Interface:Client (version 3)
 	properties:
 		pipewire.protocol = "protocol-native"
 		core.name = "pipewire-admin-90163"
 		pipewire.sec.socket = "pipewire-0"
 		pipewire.sec.pid = "90163"
 		pipewire.sec.uid = "1000"
 		pipewire.sec.gid = "1000"
 		module.id = "2"
 		object.id = "158"
 		object.serial = "27868"
 		application.name = "pw-link"
 		application.process.binary = "pw-link"
 		application.language = "en_GB.UTF-8"
 		application.process.id = "90163"
 		application.process.user = "admin"
 		application.process.host = "larkbridge"
 		log.level = "0"
 		cpu.max-align = "16"
 		default.clock.rate = "48000"
 		default.clock.quantum = "1024"
 		default.clock.min-quantum = "32"
 		default.clock.max-quantum = "2048"
 		default.clock.quantum-limit = "8192"
 		default.clock.quantum-floor = "4"
 		default.video.width = "640"
 		default.video.height = "480"
 		default.video.rate.num = "25"
 		default.video.rate.denom = "1"
 		clock.power-of-two-quantum = "true"
 		link.max-buffers = "64"
 		mem.warn-mlock = "false"
 		mem.allow-mlock = "true"
 		settings.check-quantum = "false"
 		settings.check-rate = "false"
 		core.version = "1.4.2"
 		pipewire.access = "unrestricted"
removed:
	id: 158
added:
	id: 158
	permissions: rwxm-
	type: PipeWire:Interface:Client (version 3)
 	properties:
 		pipewire.protocol = "protocol-native"
 		core.name = "pipewire-admin-90180"
 		pipewire.sec.socket = "pipewire-0-manager"
 		pipewire.sec.pid = "90180"
 		pipewire.sec.uid = "1000"
 		pipewire.sec.gid = "1000"
 		module.id = "2"
 		object.id = "158"
 		object.serial = "27869"
 		remote.intention = "manager"
 		application.name = "pw-dump"
 		application.process.binary = "pw-dump"
 		application.language = "en_GB.UTF-8"
 		application.process.id = "90180"
 		application.process.user = "admin"
 		application.process.host = "larkbridge"
 		log.level = "0"
 		cpu.max-align = "16"
 		default.clock.rate = "48000"
 		default.clock.quantum = "1024"
 		default.clock.min-quantum = "32"
 		default.clock.max-quantum = "2048"
 		default.clock.quantum-limit = "8192"
 		default.clock.quantum-floor = "4"
 		default.video.width = "640"
 		default.video.height = "480"
 		default.video.rate.num = "25"
 		default.video.rate.denom = "1"
 		clock.power-of-two-quantum = "true"
 		link.max-buffers = "64"
 		mem.warn-mlock = "false"
 		mem.allow-mlock = "true"
 		settings.check-quantum = "false"
 		settings.check-rate = "false"
 		core.version = "1.4.2"
 		pipewire.access = "unrestricted"
removed:
	id: 158
added:
	id: 158
	permissions: rwxm-
	type: PipeWire:Interface:Client (version 3)
 	properties:
 		pipewire.protocol = "protocol-native"
 		core.name = "pipewire-admin-90182"
 		pipewire.sec.socket = "pipewire-0"
 		pipewire.sec.pid = "90182"
 		pipewire.sec.uid = "1000"
 		pipewire.sec.gid = "1000"
 		module.id = "2"
 		object.id = "158"
 		object.serial = "27870"
 		application.name = "pw-link"
 		application.process.binary = "pw-link"
 		application.language = "en_GB.UTF-8"
 		application.process.id = "90182"
 		application.process.user = "admin"
 		application.process.host = "larkbridge"
 		log.level = "0"
 		cpu.max-align = "16"
 		default.clock.rate = "48000"
 		default.clock.quantum = "1024"
 		default.clock.min-quantum = "32"
 		default.clock.max-quantum = "2048"
 		default.clock.quantum-limit = "8192"
 		default.clock.quantum-floor = "4"
 		default.video.width = "640"
 		default.video.height = "480"
 		default.video.rate.num = "25"
 		default.video.rate.denom = "1"
 		clock.power-of-two-quantum = "true"
 		link.max-buffers = "64"
 		mem.warn-mlock = "false"
 		mem.allow-mlock = "true"
 		settings.check-quantum = "false"
 		settings.check-rate = "false"
 		core.version = "1.4.2"
 		pipewire.access = "unrestricted"
removed:
	id: 158
added:
	id: 158
	permissions: rwxm-
	type: PipeWire:Interface:Client (version 3)
 	properties:
 		pipewire.protocol = "protocol-native"
 		core.name = "pipewire-admin-90195"
 		pipewire.sec.socket = "pipewire-0-manager"
 		pipewire.sec.pid = "90195"
 		pipewire.sec.uid = "1000"
 		pipewire.sec.gid = "1000"
 		module.id = "2"
 		object.id = "158"
 		object.serial = "27871"
 		remote.intention = "manager"
 		application.name = "pw-dump"
 		application.process.binary = "pw-dump"
 		application.language = "en_GB.UTF-8"
 		application.process.id = "90195"
 		application.process.user = "admin"
 		application.process.host = "larkbridge"
 		log.level = "0"
 		cpu.max-align = "16"
 		default.clock.rate = "48000"
 		default.clock.quantum = "1024"
 		default.clock.min-quantum = "32"
 		default.clock.max-quantum = "2048"
 		default.clock.quantum-limit = "8192"
 		default.clock.quantum-floor = "4"
 		default.video.width = "640"
 		default.video.height = "480"
 		default.video.rate.num = "25"
 		default.video.rate.denom = "1"
 		clock.power-of-two-quantum = "true"
 		link.max-buffers = "64"
 		mem.warn-mlock = "false"
 		mem.allow-mlock = "true"
 		settings.check-quantum = "false"
 		settings.check-rate = "false"
 		core.version = "1.4.2"
 		pipewire.access = "unrestricted"
removed:
	id: 158
added:
	id: 158
	permissions: rwxm-
	type: PipeWire:Interface:Client (version 3)
 	properties:
 		pipewire.protocol = "protocol-native"
 		core.name = "pipewire-admin-90197"
 		pipewire.sec.socket = "pipewire-0"
 		pipewire.sec.pid = "90197"
 		pipewire.sec.uid = "1000"
 		pipewire.sec.gid = "1000"
 		module.id = "2"
 		object.id = "158"
 		object.serial = "27872"
 		application.name = "pw-link"
 		application.process.binary = "pw-link"
 		application.language = "en_GB.UTF-8"
 		application.process.id = "90197"
 		application.process.user = "admin"
 		application.process.host = "larkbridge"
 		log.level = "0"
 		cpu.max-align = "16"
 		default.clock.rate = "48000"
 		default.clock.quantum = "1024"
 		default.clock.min-quantum = "32"
 		default.clock.max-quantum = "2048"
 		default.clock.quantum-limit = "8192"
 		default.clock.quantum-floor = "4"
 		default.video.width = "640"
 		default.video.height = "480"
 		default.video.rate.num = "25"
 		default.video.rate.denom = "1"
 		clock.power-of-two-quantum = "true"
 		link.max-buffers = "64"
 		mem.warn-mlock = "false"
 		mem.allow-mlock = "true"
 		settings.check-quantum = "false"
 		settings.check-rate = "false"
 		core.version = "1.4.2"
 		pipewire.access = "unrestricted"
removed:
	id: 158
added:
	id: 158
	permissions: rwxm-
	type: PipeWire:Interface:Client (version 3)
 	properties:
 		pipewire.protocol = "protocol-native"
 		core.name = "pipewire-admin-90210"
 		pipewire.sec.socket = "pipewire-0-manager"
 		pipewire.sec.pid = "90210"
 		pipewire.sec.uid = "1000"
 		pipewire.sec.gid = "1000"
 		module.id = "2"
 		object.id = "158"
 		object.serial = "27873"
 		remote.intention = "manager"
 		application.name = "pw-dump"
 		application.process.binary = "pw-dump"
 		application.language = "en_GB.UTF-8"
 		application.process.id = "90210"
 		application.process.user = "admin"
 		application.process.host = "larkbridge"
 		log.level = "0"
 		cpu.max-align = "16"
 		default.clock.rate = "48000"
 		default.clock.quantum = "1024"
 		default.clock.min-quantum = "32"
 		default.clock.max-quantum = "2048"
 		default.clock.quantum-limit = "8192"
 		default.clock.quantum-floor = "4"
 		default.video.width = "640"
 		default.video.height = "480"
 		default.video.rate.num = "25"
 		default.video.rate.denom = "1"
 		clock.power-of-two-quantum = "true"
 		link.max-buffers = "64"
 		mem.warn-mlock = "false"
 		mem.allow-mlock = "true"
 		settings.check-quantum = "false"
 		settings.check-rate = "false"
 		core.version = "1.4.2"
 		pipewire.access = "unrestricted"
removed:
	id: 158
added:
	id: 158
	permissions: rwxm-
	type: PipeWire:Interface:Client (version 3)
 	properties:
 		pipewire.protocol = "protocol-native"
 		core.name = "pipewire-admin-90212"
 		pipewire.sec.socket = "pipewire-0"
 		pipewire.sec.pid = "90212"
 		pipewire.sec.uid = "1000"
 		pipewire.sec.gid = "1000"
 		module.id = "2"
 		object.id = "158"
 		object.serial = "27874"
 		application.name = "pw-link"
 		application.process.binary = "pw-link"
 		application.language = "en_GB.UTF-8"
 		application.process.id = "90212"
 		application.process.user = "admin"
 		application.process.host = "larkbridge"
 		log.level = "0"
 		cpu.max-align = "16"
 		default.clock.rate = "48000"
 		default.clock.quantum = "1024"
 		default.clock.min-quantum = "32"
 		default.clock.max-quantum = "2048"
 		default.clock.quantum-limit = "8192"
 		default.clock.quantum-floor = "4"
 		default.video.width = "640"
 		default.video.height = "480"
 		default.video.rate.num = "25"
 		default.video.rate.denom = "1"
 		clock.power-of-two-quantum = "true"
 		link.max-buffers = "64"
 		mem.warn-mlock = "false"
 		mem.allow-mlock = "true"
 		settings.check-quantum = "false"
 		settings.check-rate = "false"
 		core.version = "1.4.2"
 		pipewire.access = "unrestricted"
removed:
	id: 158
added:
	id: 158
	permissions: rwxm-
	type: PipeWire:Interface:Client (version 3)
 	properties:
 		pipewire.protocol = "protocol-native"
 		core.name = "pipewire-admin-90228"
 		pipewire.sec.socket = "pipewire-0-manager"
 		pipewire.sec.pid = "90228"
 		pipewire.sec.uid = "1000"
 		pipewire.sec.gid = "1000"
 		module.id = "2"
 		object.id = "158"
 		object.serial = "27875"
 		remote.intention = "manager"
 		application.name = "pw-dump"
 		application.process.binary = "pw-dump"
 		application.language = "en_GB.UTF-8"
 		application.process.id = "90228"
 		application.process.user = "admin"
 		application.process.host = "larkbridge"
 		log.level = "0"
 		cpu.max-align = "16"
 		default.clock.rate = "48000"
 		default.clock.quantum = "1024"
 		default.clock.min-quantum = "32"
 		default.clock.max-quantum = "2048"
 		default.clock.quantum-limit = "8192"
 		default.clock.quantum-floor = "4"
 		default.video.width = "640"
 		default.video.height = "480"
 		default.video.rate.num = "25"
 		default.video.rate.denom = "1"
 		clock.power-of-two-quantum = "true"
 		link.max-buffers = "64"
 		mem.warn-mlock = "false"
 		mem.allow-mlock = "true"
 		settings.check-quantum = "false"
 		settings.check-rate = "false"
 		core.version = "1.4.2"
 		pipewire.access = "unrestricted"
removed:
	id: 158
added:
	id: 158
	permissions: rwxm-
	type: PipeWire:Interface:Client (version 3)
 	properties:
 		pipewire.protocol = "protocol-native"
 		core.name = "pipewire-admin-90230"
 		pipewire.sec.socket = "pipewire-0"
 		pipewire.sec.pid = "90230"
 		pipewire.sec.uid = "1000"
 		pipewire.sec.gid = "1000"
 		module.id = "2"
 		object.id = "158"
 		object.serial = "27876"
 		application.name = "pw-link"
 		application.process.binary = "pw-link"
 		application.language = "en_GB.UTF-8"
 		application.process.id = "90230"
 		application.process.user = "admin"
 		application.process.host = "larkbridge"
 		log.level = "0"
 		cpu.max-align = "16"
 		default.clock.rate = "48000"
 		default.clock.quantum = "1024"
 		default.clock.min-quantum = "32"
 		default.clock.max-quantum = "2048"
 		default.clock.quantum-limit = "8192"
 		default.clock.quantum-floor = "4"
 		default.video.width = "640"
 		default.video.height = "480"
 		default.video.rate.num = "25"
 		default.video.rate.denom = "1"
 		clock.power-of-two-quantum = "true"
 		link.max-buffers = "64"
 		mem.warn-mlock = "false"
 		mem.allow-mlock = "true"
 		settings.check-quantum = "false"
 		settings.check-rate = "false"
 		core.version = "1.4.2"
 		pipewire.access = "unrestricted"
removed:
	id: 158
added:
	id: 158
	permissions: rwxm-
	type: PipeWire:Interface:Client (version 3)
 	properties:
 		pipewire.protocol = "protocol-native"
 		core.name = "pipewire-admin-90243"
 		pipewire.sec.socket = "pipewire-0-manager"
 		pipewire.sec.pid = "90243"
 		pipewire.sec.uid = "1000"
 		pipewire.sec.gid = "1000"
 		module.id = "2"
 		object.id = "158"
 		object.serial = "27877"
 		remote.intention = "manager"
 		application.name = "pw-dump"
 		application.process.binary = "pw-dump"
 		application.language = "en_GB.UTF-8"
 		application.process.id = "90243"
 		application.process.user = "admin"
 		application.process.host = "larkbridge"
 		log.level = "0"
 		cpu.max-align = "16"
 		default.clock.rate = "48000"
 		default.clock.quantum = "1024"
 		default.clock.min-quantum = "32"
 		default.clock.max-quantum = "2048"
 		default.clock.quantum-limit = "8192"
 		default.clock.quantum-floor = "4"
 		default.video.width = "640"
 		default.video.height = "480"
 		default.video.rate.num = "25"
 		default.video.rate.denom = "1"
 		clock.power-of-two-quantum = "true"
 		link.max-buffers = "64"
 		mem.warn-mlock = "false"
 		mem.allow-mlock = "true"
 		settings.check-quantum = "false"
 		settings.check-rate = "false"
 		core.version = "1.4.2"
 		pipewire.access = "unrestricted"
removed:
	id: 158
added:
	id: 158
	permissions: rwxm-
	type: PipeWire:Interface:Client (version 3)
 	properties:
 		pipewire.protocol = "protocol-native"
 		core.name = "pipewire-admin-90245"
 		pipewire.sec.socket = "pipewire-0"
 		pipewire.sec.pid = "90245"
 		pipewire.sec.uid = "1000"
 		pipewire.sec.gid = "1000"
 		module.id = "2"
 		object.id = "158"
 		object.serial = "27878"
 		application.name = "pw-link"
 		application.process.binary = "pw-link"
 		application.language = "en_GB.UTF-8"
 		application.process.id = "90245"
 		application.process.user = "admin"
 		application.process.host = "larkbridge"
 		log.level = "0"
 		cpu.max-align = "16"
 		default.clock.rate = "48000"
 		default.clock.quantum = "1024"
 		default.clock.min-quantum = "32"
 		default.clock.max-quantum = "2048"
 		default.clock.quantum-limit = "8192"
 		default.clock.quantum-floor = "4"
 		default.video.width = "640"
 		default.video.height = "480"
 		default.video.rate.num = "25"
 		default.video.rate.denom = "1"
 		clock.power-of-two-quantum = "true"
 		link.max-buffers = "64"
 		mem.warn-mlock = "false"
 		mem.allow-mlock = "true"
 		settings.check-quantum = "false"
 		settings.check-rate = "false"
 		core.version = "1.4.2"
 		pipewire.access = "unrestricted"
removed:
	id: 158
added:
	id: 158
	permissions: rwxm-
	type: PipeWire:Interface:Client (version 3)
 	properties:
 		pipewire.protocol = "protocol-native"
 		core.name = "pipewire-admin-90258"
 		pipewire.sec.socket = "pipewire-0-manager"
 		pipewire.sec.pid = "90258"
 		pipewire.sec.uid = "1000"
 		pipewire.sec.gid = "1000"
 		module.id = "2"
 		object.id = "158"
 		object.serial = "27879"
 		remote.intention = "manager"
 		application.name = "pw-dump"
 		application.process.binary = "pw-dump"
 		application.language = "en_GB.UTF-8"
 		application.process.id = "90258"
 		application.process.user = "admin"
 		application.process.host = "larkbridge"
 		log.level = "0"
 		cpu.max-align = "16"
 		default.clock.rate = "48000"
 		default.clock.quantum = "1024"
 		default.clock.min-quantum = "32"
 		default.clock.max-quantum = "2048"
 		default.clock.quantum-limit = "8192"
 		default.clock.quantum-floor = "4"
 		default.video.width = "640"
 		default.video.height = "480"
 		default.video.rate.num = "25"
 		default.video.rate.denom = "1"
 		clock.power-of-two-quantum = "true"
 		link.max-buffers = "64"
 		mem.warn-mlock = "false"
 		mem.allow-mlock = "true"
 		settings.check-quantum = "false"
 		settings.check-rate = "false"
 		core.version = "1.4.2"
 		pipewire.access = "unrestricted"
removed:
	id: 158
added:
	id: 158
	permissions: rwxm-
	type: PipeWire:Interface:Client (version 3)
 	properties:
 		pipewire.protocol = "protocol-native"
 		core.name = "pipewire-admin-90260"
 		pipewire.sec.socket = "pipewire-0"
 		pipewire.sec.pid = "90260"
 		pipewire.sec.uid = "1000"
 		pipewire.sec.gid = "1000"
 		module.id = "2"
 		object.id = "158"
 		object.serial = "27880"
 		application.name = "pw-link"
 		application.process.binary = "pw-link"
 		application.language = "en_GB.UTF-8"
 		application.process.id = "90260"
 		application.process.user = "admin"
 		application.process.host = "larkbridge"
 		log.level = "0"
 		cpu.max-align = "16"
 		default.clock.rate = "48000"
 		default.clock.quantum = "1024"
 		default.clock.min-quantum = "32"
 		default.clock.max-quantum = "2048"
 		default.clock.quantum-limit = "8192"
 		default.clock.quantum-floor = "4"
 		default.video.width = "640"
 		default.video.height = "480"
 		default.video.rate.num = "25"
 		default.video.rate.denom = "1"
 		clock.power-of-two-quantum = "true"
 		link.max-buffers = "64"
 		mem.warn-mlock = "false"
 		mem.allow-mlock = "true"
 		settings.check-quantum = "false"
 		settings.check-rate = "false"
 		core.version = "1.4.2"
 		pipewire.access = "unrestricted"
removed:
	id: 158
added:
	id: 158
	permissions: rwxm-
	type: PipeWire:Interface:Client (version 3)
 	properties:
 		pipewire.protocol = "protocol-native"
 		core.name = "pipewire-admin-90273"
 		pipewire.sec.socket = "pipewire-0-manager"
 		pipewire.sec.pid = "90273"
 		pipewire.sec.uid = "1000"
 		pipewire.sec.gid = "1000"
 		module.id = "2"
 		object.id = "158"
 		object.serial = "27881"
 		remote.intention = "manager"
 		application.name = "pw-dump"
 		application.process.binary = "pw-dump"
 		application.language = "en_GB.UTF-8"
 		application.process.id = "90273"
 		application.process.user = "admin"
 		application.process.host = "larkbridge"
 		log.level = "0"
 		cpu.max-align = "16"
 		default.clock.rate = "48000"
 		default.clock.quantum = "1024"
 		default.clock.min-quantum = "32"
 		default.clock.max-quantum = "2048"
 		default.clock.quantum-limit = "8192"
 		default.clock.quantum-floor = "4"
 		default.video.width = "640"
 		default.video.height = "480"
 		default.video.rate.num = "25"
 		default.video.rate.denom = "1"
 		clock.power-of-two-quantum = "true"
 		link.max-buffers = "64"
 		mem.warn-mlock = "false"
 		mem.allow-mlock = "true"
 		settings.check-quantum = "false"
 		settings.check-rate = "false"
 		core.version = "1.4.2"
 		pipewire.access = "unrestricted"
removed:
	id: 158
removed:
	id: 158
added:
	id: 158
	permissions: rwxm-
	type: PipeWire:Interface:Client (version 3)
 	properties:
 		pipewire.protocol = "protocol-native"
 		core.name = "pipewire-admin-90292"
 		pipewire.sec.socket = "pipewire-0-manager"
 		pipewire.sec.pid = "90292"
 		pipewire.sec.uid = "1000"
 		pipewire.sec.gid = "1000"
 		module.id = "2"
 		object.id = "158"
 		object.serial = "27883"
 		remote.intention = "manager"
 		application.name = "pw-dump"
 		application.process.binary = "pw-dump"
 		application.language = "en_GB.UTF-8"
 		application.process.id = "90292"
 		application.process.user = "admin"
 		application.process.host = "larkbridge"
 		log.level = "0"
 		cpu.max-align = "16"
 		default.clock.rate = "48000"
 		default.clock.quantum = "1024"
 		default.clock.min-quantum = "32"
 		default.clock.max-quantum = "2048"
 		default.clock.quantum-limit = "8192"
 		default.clock.quantum-floor = "4"
 		default.video.width = "640"
 		default.video.height = "480"
 		default.video.rate.num = "25"
 		default.video.rate.denom = "1"
 		clock.power-of-two-quantum = "true"
 		link.max-buffers = "64"
 		mem.warn-mlock = "false"
 		mem.allow-mlock = "true"
 		settings.check-quantum = "false"
 		settings.check-rate = "false"
 		core.version = "1.4.2"
 		pipewire.access = "unrestricted"
removed:
	id: 158
added:
	id: 158
	permissions: rwxm-
	type: PipeWire:Interface:Client (version 3)
 	properties:
 		pipewire.protocol = "protocol-native"
 		core.name = "pipewire-admin-90294"
 		pipewire.sec.socket = "pipewire-0"
 		pipewire.sec.pid = "90294"
 		pipewire.sec.uid = "1000"
 		pipewire.sec.gid = "1000"
 		module.id = "2"
 		object.id = "158"
 		object.serial = "27884"
 		application.name = "pw-link"
 		application.process.binary = "pw-link"
 		application.language = "en_GB.UTF-8"
 		application.process.id = "90294"
 		application.process.user = "admin"
 		application.process.host = "larkbridge"
 		log.level = "0"
 		cpu.max-align = "16"
 		default.clock.rate = "48000"
 		default.clock.quantum = "1024"
 		default.clock.min-quantum = "32"
 		default.clock.max-quantum = "2048"
 		default.clock.quantum-limit = "8192"
 		default.clock.quantum-floor = "4"
 		default.video.width = "640"
 		default.video.height = "480"
 		default.video.rate.num = "25"
 		default.video.rate.denom = "1"
 		clock.power-of-two-quantum = "true"
 		link.max-buffers = "64"
 		mem.warn-mlock = "false"
 		mem.allow-mlock = "true"
 		settings.check-quantum = "false"
 		settings.check-rate = "false"
 		core.version = "1.4.2"
 		pipewire.access = "unrestricted"
removed:
	id: 158
added:
	id: 158
	permissions: rwxm-
	type: PipeWire:Interface:Client (version 3)
 	properties:
 		pipewire.protocol = "protocol-native"
 		core.name = "pipewire-admin-90309"
 		pipewire.sec.socket = "pipewire-0-manager"
 		pipewire.sec.pid = "90309"
 		pipewire.sec.uid = "1000"
 		pipewire.sec.gid = "1000"
 		module.id = "2"
 		object.id = "158"
 		object.serial = "27885"
 		remote.intention = "manager"
 		application.name = "pw-dump"
 		application.process.binary = "pw-dump"
 		application.language = "en_GB.UTF-8"
 		application.process.id = "90309"
 		application.process.user = "admin"
 		application.process.host = "larkbridge"
 		log.level = "0"
 		cpu.max-align = "16"
 		default.clock.rate = "48000"
 		default.clock.quantum = "1024"
 		default.clock.min-quantum = "32"
 		default.clock.max-quantum = "2048"
 		default.clock.quantum-limit = "8192"
 		default.clock.quantum-floor = "4"
 		default.video.width = "640"
 		default.video.height = "480"
 		default.video.rate.num = "25"
 		default.video.rate.denom = "1"
 		clock.power-of-two-quantum = "true"
 		link.max-buffers = "64"
 		mem.warn-mlock = "false"
 		mem.allow-mlock = "true"
 		settings.check-quantum = "false"
 		settings.check-rate = "false"
 		core.version = "1.4.2"
 		pipewire.access = "unrestricted"
removed:
	id: 158
added:
	id: 158
	permissions: rwxm-
	type: PipeWire:Interface:Client (version 3)
 	properties:
 		pipewire.protocol = "protocol-native"
 		core.name = "pipewire-admin-90311"
 		pipewire.sec.socket = "pipewire-0"
 		pipewire.sec.pid = "90311"
 		pipewire.sec.uid = "1000"
 		pipewire.sec.gid = "1000"
 		module.id = "2"
 		object.id = "158"
 		object.serial = "27886"
 		application.name = "pw-link"
 		application.process.binary = "pw-link"
 		application.language = "en_GB.UTF-8"
 		application.process.id = "90311"
 		application.process.user = "admin"
 		application.process.host = "larkbridge"
 		log.level = "0"
 		cpu.max-align = "16"
 		default.clock.rate = "48000"
 		default.clock.quantum = "1024"
 		default.clock.min-quantum = "32"
 		default.clock.max-quantum = "2048"
 		default.clock.quantum-limit = "8192"
 		default.clock.quantum-floor = "4"
 		default.video.width = "640"
 		default.video.height = "480"
 		default.video.rate.num = "25"
 		default.video.rate.denom = "1"
 		clock.power-of-two-quantum = "true"
 		link.max-buffers = "64"
 		mem.warn-mlock = "false"
 		mem.allow-mlock = "true"
 		settings.check-quantum = "false"
 		settings.check-rate = "false"
 		core.version = "1.4.2"
 		pipewire.access = "unrestricted"
removed:
	id: 158
added:
	id: 158
	permissions: rwxm-
	type: PipeWire:Interface:Client (version 3)
 	properties:
 		pipewire.protocol = "protocol-native"
 		core.name = "pipewire-admin-90324"
 		pipewire.sec.socket = "pipewire-0-manager"
 		pipewire.sec.pid = "90324"
 		pipewire.sec.uid = "1000"
 		pipewire.sec.gid = "1000"
 		module.id = "2"
 		object.id = "158"
 		object.serial = "27887"
 		remote.intention = "manager"
 		application.name = "pw-dump"
 		application.process.binary = "pw-dump"
 		application.language = "en_GB.UTF-8"
 		application.process.id = "90324"
 		application.process.user = "admin"
 		application.process.host = "larkbridge"
 		log.level = "0"
 		cpu.max-align = "16"
 		default.clock.rate = "48000"
 		default.clock.quantum = "1024"
 		default.clock.min-quantum = "32"
 		default.clock.max-quantum = "2048"
 		default.clock.quantum-limit = "8192"
 		default.clock.quantum-floor = "4"
 		default.video.width = "640"
 		default.video.height = "480"
 		default.video.rate.num = "25"
 		default.video.rate.denom = "1"
 		clock.power-of-two-quantum = "true"
 		link.max-buffers = "64"
 		mem.warn-mlock = "false"
 		mem.allow-mlock = "true"
 		settings.check-quantum = "false"
 		settings.check-rate = "false"
 		core.version = "1.4.2"
 		pipewire.access = "unrestricted"
removed:
	id: 158
added:
	id: 158
	permissions: rwxm-
	type: PipeWire:Interface:Client (version 3)
 	properties:
 		pipewire.protocol = "protocol-native"
 		core.name = "pipewire-admin-90326"
 		pipewire.sec.socket = "pipewire-0"
 		pipewire.sec.pid = "90326"
 		pipewire.sec.uid = "1000"
 		pipewire.sec.gid = "1000"
 		module.id = "2"
 		object.id = "158"
 		object.serial = "27888"
 		application.name = "pw-link"
 		application.process.binary = "pw-link"
 		application.language = "en_GB.UTF-8"
 		application.process.id = "90326"
 		application.process.user = "admin"
 		application.process.host = "larkbridge"
 		log.level = "0"
 		cpu.max-align = "16"
 		default.clock.rate = "48000"
 		default.clock.quantum = "1024"
 		default.clock.min-quantum = "32"
 		default.clock.max-quantum = "2048"
 		default.clock.quantum-limit = "8192"
 		default.clock.quantum-floor = "4"
 		default.video.width = "640"
 		default.video.height = "480"
 		default.video.rate.num = "25"
 		default.video.rate.denom = "1"
 		clock.power-of-two-quantum = "true"
 		link.max-buffers = "64"
 		mem.warn-mlock = "false"
 		mem.allow-mlock = "true"
 		settings.check-quantum = "false"
 		settings.check-rate = "false"
 		core.version = "1.4.2"
 		pipewire.access = "unrestricted"
removed:
	id: 158
added:
	id: 158
	permissions: rwxm-
	type: PipeWire:Interface:Client (version 3)
 	properties:
 		pipewire.protocol = "protocol-native"
 		core.name = "pipewire-admin-90339"
 		pipewire.sec.socket = "pipewire-0-manager"
 		pipewire.sec.pid = "90339"
 		pipewire.sec.uid = "1000"
 		pipewire.sec.gid = "1000"
 		module.id = "2"
 		object.id = "158"
 		object.serial = "27889"
 		remote.intention = "manager"
 		application.name = "pw-dump"
 		application.process.binary = "pw-dump"
 		application.language = "en_GB.UTF-8"
 		application.process.id = "90339"
 		application.process.user = "admin"
 		application.process.host = "larkbridge"
 		log.level = "0"
 		cpu.max-align = "16"
 		default.clock.rate = "48000"
 		default.clock.quantum = "1024"
 		default.clock.min-quantum = "32"
 		default.clock.max-quantum = "2048"
 		default.clock.quantum-limit = "8192"
 		default.clock.quantum-floor = "4"
 		default.video.width = "640"
 		default.video.height = "480"
 		default.video.rate.num = "25"
 		default.video.rate.denom = "1"
 		clock.power-of-two-quantum = "true"
 		link.max-buffers = "64"
 		mem.warn-mlock = "false"
 		mem.allow-mlock = "true"
 		settings.check-quantum = "false"
 		settings.check-rate = "false"
 		core.version = "1.4.2"
 		pipewire.access = "unrestricted"
removed:
	id: 158
added:
	id: 158
	permissions: rwxm-
	type: PipeWire:Interface:Client (version 3)
 	properties:
 		pipewire.protocol = "protocol-native"
 		core.name = "pipewire-admin-90341"
 		pipewire.sec.socket = "pipewire-0"
 		pipewire.sec.pid = "90341"
 		pipewire.sec.uid = "1000"
 		pipewire.sec.gid = "1000"
 		module.id = "2"
 		object.id = "158"
 		object.serial = "27890"
 		application.name = "pw-link"
 		application.process.binary = "pw-link"
 		application.language = "en_GB.UTF-8"
 		application.process.id = "90341"
 		application.process.user = "admin"
 		application.process.host = "larkbridge"
 		log.level = "0"
 		cpu.max-align = "16"
 		default.clock.rate = "48000"
 		default.clock.quantum = "1024"
 		default.clock.min-quantum = "32"
 		default.clock.max-quantum = "2048"
 		default.clock.quantum-limit = "8192"
 		default.clock.quantum-floor = "4"
 		default.video.width = "640"
 		default.video.height = "480"
 		default.video.rate.num = "25"
 		default.video.rate.denom = "1"
 		clock.power-of-two-quantum = "true"
 		link.max-buffers = "64"
 		mem.warn-mlock = "false"
 		mem.allow-mlock = "true"
 		settings.check-quantum = "false"
 		settings.check-rate = "false"
 		core.version = "1.4.2"
 		pipewire.access = "unrestricted"
removed:
	id: 158
added:
	id: 158
	permissions: rwxm-
	type: PipeWire:Interface:Client (version 3)
 	properties:
 		pipewire.protocol = "protocol-native"
 		core.name = "pipewire-admin-90354"
 		pipewire.sec.socket = "pipewire-0-manager"
 		pipewire.sec.pid = "90354"
 		pipewire.sec.uid = "1000"
 		pipewire.sec.gid = "1000"
 		module.id = "2"
 		object.id = "158"
 		object.serial = "27891"
 		remote.intention = "manager"
 		application.name = "pw-dump"
 		application.process.binary = "pw-dump"
 		application.language = "en_GB.UTF-8"
 		application.process.id = "90354"
 		application.process.user = "admin"
 		application.process.host = "larkbridge"
 		log.level = "0"
 		cpu.max-align = "16"
 		default.clock.rate = "48000"
 		default.clock.quantum = "1024"
 		default.clock.min-quantum = "32"
 		default.clock.max-quantum = "2048"
 		default.clock.quantum-limit = "8192"
 		default.clock.quantum-floor = "4"
 		default.video.width = "640"
 		default.video.height = "480"
 		default.video.rate.num = "25"
 		default.video.rate.denom = "1"
 		clock.power-of-two-quantum = "true"
 		link.max-buffers = "64"
 		mem.warn-mlock = "false"
 		mem.allow-mlock = "true"
 		settings.check-quantum = "false"
 		settings.check-rate = "false"
 		core.version = "1.4.2"
 		pipewire.access = "unrestricted"
removed:
	id: 158
added:
	id: 158
	permissions: rwxm-
	type: PipeWire:Interface:Client (version 3)
 	properties:
 		pipewire.protocol = "protocol-native"
 		core.name = "pipewire-admin-90356"
 		pipewire.sec.socket = "pipewire-0"
 		pipewire.sec.pid = "90356"
 		pipewire.sec.uid = "1000"
 		pipewire.sec.gid = "1000"
 		module.id = "2"
 		object.id = "158"
 		object.serial = "27892"
 		application.name = "pw-link"
 		application.process.binary = "pw-link"
 		application.language = "en_GB.UTF-8"
 		application.process.id = "90356"
 		application.process.user = "admin"
 		application.process.host = "larkbridge"
 		log.level = "0"
 		cpu.max-align = "16"
 		default.clock.rate = "48000"
 		default.clock.quantum = "1024"
 		default.clock.min-quantum = "32"
 		default.clock.max-quantum = "2048"
 		default.clock.quantum-limit = "8192"
 		default.clock.quantum-floor = "4"
 		default.video.width = "640"
 		default.video.height = "480"
 		default.video.rate.num = "25"
 		default.video.rate.denom = "1"
 		clock.power-of-two-quantum = "true"
 		link.max-buffers = "64"
 		mem.warn-mlock = "false"
 		mem.allow-mlock = "true"
 		settings.check-quantum = "false"
 		settings.check-rate = "false"
 		core.version = "1.4.2"
 		pipewire.access = "unrestricted"
removed:
	id: 158
added:
	id: 158
	permissions: rwxm-
	type: PipeWire:Interface:Client (version 3)
 	properties:
 		pipewire.protocol = "protocol-native"
 		core.name = "pipewire-admin-90369"
 		pipewire.sec.socket = "pipewire-0-manager"
 		pipewire.sec.pid = "90369"
 		pipewire.sec.uid = "1000"
 		pipewire.sec.gid = "1000"
 		module.id = "2"
 		object.id = "158"
 		object.serial = "27893"
 		remote.intention = "manager"
 		application.name = "pw-dump"
 		application.process.binary = "pw-dump"
 		application.language = "en_GB.UTF-8"
 		application.process.id = "90369"
 		application.process.user = "admin"
 		application.process.host = "larkbridge"
 		log.level = "0"
 		cpu.max-align = "16"
 		default.clock.rate = "48000"
 		default.clock.quantum = "1024"
 		default.clock.min-quantum = "32"
 		default.clock.max-quantum = "2048"
 		default.clock.quantum-limit = "8192"
 		default.clock.quantum-floor = "4"
 		default.video.width = "640"
 		default.video.height = "480"
 		default.video.rate.num = "25"
 		default.video.rate.denom = "1"
 		clock.power-of-two-quantum = "true"
 		link.max-buffers = "64"
 		mem.warn-mlock = "false"
 		mem.allow-mlock = "true"
 		settings.check-quantum = "false"
 		settings.check-rate = "false"
 		core.version = "1.4.2"
 		pipewire.access = "unrestricted"
removed:
	id: 158
added:
	id: 158
	permissions: rwxm-
	type: PipeWire:Interface:Client (version 3)
 	properties:
 		pipewire.protocol = "protocol-native"
 		core.name = "pipewire-admin-90371"
 		pipewire.sec.socket = "pipewire-0"
 		pipewire.sec.pid = "90371"
 		pipewire.sec.uid = "1000"
 		pipewire.sec.gid = "1000"
 		module.id = "2"
 		object.id = "158"
 		object.serial = "27894"
 		application.name = "pw-link"
 		application.process.binary = "pw-link"
 		application.language = "en_GB.UTF-8"
 		application.process.id = "90371"
 		application.process.user = "admin"
 		application.process.host = "larkbridge"
 		log.level = "0"
 		cpu.max-align = "16"
 		default.clock.rate = "48000"
 		default.clock.quantum = "1024"
 		default.clock.min-quantum = "32"
 		default.clock.max-quantum = "2048"
 		default.clock.quantum-limit = "8192"
 		default.clock.quantum-floor = "4"
 		default.video.width = "640"
 		default.video.height = "480"
 		default.video.rate.num = "25"
 		default.video.rate.denom = "1"
 		clock.power-of-two-quantum = "true"
 		link.max-buffers = "64"
 		mem.warn-mlock = "false"
 		mem.allow-mlock = "true"
 		settings.check-quantum = "false"
 		settings.check-rate = "false"
 		core.version = "1.4.2"
 		pipewire.access = "unrestricted"
removed:
	id: 158
added:
	id: 158
	permissions: rwxm-
	type: PipeWire:Interface:Client (version 3)
 	properties:
 		pipewire.protocol = "protocol-native"
 		core.name = "pipewire-admin-90386"
 		pipewire.sec.socket = "pipewire-0-manager"
 		pipewire.sec.pid = "90386"
 		pipewire.sec.uid = "1000"
 		pipewire.sec.gid = "1000"
 		module.id = "2"
 		object.id = "158"
 		object.serial = "27895"
 		remote.intention = "manager"
 		application.name = "pw-dump"
 		application.process.binary = "pw-dump"
 		application.language = "en_GB.UTF-8"
 		application.process.id = "90386"
 		application.process.user = "admin"
 		application.process.host = "larkbridge"
 		log.level = "0"
 		cpu.max-align = "16"
 		default.clock.rate = "48000"
 		default.clock.quantum = "1024"
 		default.clock.min-quantum = "32"
 		default.clock.max-quantum = "2048"
 		default.clock.quantum-limit = "8192"
 		default.clock.quantum-floor = "4"
 		default.video.width = "640"
 		default.video.height = "480"
 		default.video.rate.num = "25"
 		default.video.rate.denom = "1"
 		clock.power-of-two-quantum = "true"
 		link.max-buffers = "64"
 		mem.warn-mlock = "false"
 		mem.allow-mlock = "true"
 		settings.check-quantum = "false"
 		settings.check-rate = "false"
 		core.version = "1.4.2"
 		pipewire.access = "unrestricted"
removed:
	id: 158
added:
	id: 158
	permissions: rwxm-
	type: PipeWire:Interface:Client (version 3)
 	properties:
 		pipewire.protocol = "protocol-native"
 		core.name = "pipewire-admin-90388"
 		pipewire.sec.socket = "pipewire-0"
 		pipewire.sec.pid = "90388"
 		pipewire.sec.uid = "1000"
 		pipewire.sec.gid = "1000"
 		module.id = "2"
 		object.id = "158"
 		object.serial = "27896"
 		application.name = "pw-link"
 		application.process.binary = "pw-link"
 		application.language = "en_GB.UTF-8"
 		application.process.id = "90388"
 		application.process.user = "admin"
 		application.process.host = "larkbridge"
 		log.level = "0"
 		cpu.max-align = "16"
 		default.clock.rate = "48000"
 		default.clock.quantum = "1024"
 		default.clock.min-quantum = "32"
 		default.clock.max-quantum = "2048"
 		default.clock.quantum-limit = "8192"
 		default.clock.quantum-floor = "4"
 		default.video.width = "640"
 		default.video.height = "480"
 		default.video.rate.num = "25"
 		default.video.rate.denom = "1"
 		clock.power-of-two-quantum = "true"
 		link.max-buffers = "64"
 		mem.warn-mlock = "false"
 		mem.allow-mlock = "true"
 		settings.check-quantum = "false"
 		settings.check-rate = "false"
 		core.version = "1.4.2"
 		pipewire.access = "unrestricted"
removed:
	id: 158
added:
	id: 158
	permissions: rwxm-
	type: PipeWire:Interface:Client (version 3)
 	properties:
 		pipewire.protocol = "protocol-native"
 		core.name = "pipewire-admin-90405"
 		pipewire.sec.socket = "pipewire-0-manager"
 		pipewire.sec.pid = "90405"
 		pipewire.sec.uid = "1000"
 		pipewire.sec.gid = "1000"
 		module.id = "2"
 		object.id = "158"
 		object.serial = "27897"
 		remote.intention = "manager"
 		application.name = "pw-dump"
 		application.process.binary = "pw-dump"
 		application.language = "en_GB.UTF-8"
 		application.process.id = "90405"
 		application.process.user = "admin"
 		application.process.host = "larkbridge"
 		log.level = "0"
 		cpu.max-align = "16"
 		default.clock.rate = "48000"
 		default.clock.quantum = "1024"
 		default.clock.min-quantum = "32"
 		default.clock.max-quantum = "2048"
 		default.clock.quantum-limit = "8192"
 		default.clock.quantum-floor = "4"
 		default.video.width = "640"
 		default.video.height = "480"
 		default.video.rate.num = "25"
 		default.video.rate.denom = "1"
 		clock.power-of-two-quantum = "true"
 		link.max-buffers = "64"
 		mem.warn-mlock = "false"
 		mem.allow-mlock = "true"
 		settings.check-quantum = "false"
 		settings.check-rate = "false"
 		core.version = "1.4.2"
 		pipewire.access = "unrestricted"
removed:
	id: 158
added:
	id: 158
	permissions: rwxm-
	type: PipeWire:Interface:Client (version 3)
 	properties:
 		pipewire.protocol = "protocol-native"
 		core.name = "pipewire-admin-90407"
 		pipewire.sec.socket = "pipewire-0"
 		pipewire.sec.pid = "90407"
 		pipewire.sec.uid = "1000"
 		pipewire.sec.gid = "1000"
 		module.id = "2"
 		object.id = "158"
 		object.serial = "27898"
 		application.name = "pw-link"
 		application.process.binary = "pw-link"
 		application.language = "en_GB.UTF-8"
 		application.process.id = "90407"
 		application.process.user = "admin"
 		application.process.host = "larkbridge"
 		log.level = "0"
 		cpu.max-align = "16"
 		default.clock.rate = "48000"
 		default.clock.quantum = "1024"
 		default.clock.min-quantum = "32"
 		default.clock.max-quantum = "2048"
 		default.clock.quantum-limit = "8192"
 		default.clock.quantum-floor = "4"
 		default.video.width = "640"
 		default.video.height = "480"
 		default.video.rate.num = "25"
 		default.video.rate.denom = "1"
 		clock.power-of-two-quantum = "true"
 		link.max-buffers = "64"
 		mem.warn-mlock = "false"
 		mem.allow-mlock = "true"
 		settings.check-quantum = "false"
 		settings.check-rate = "false"
 		core.version = "1.4.2"
 		pipewire.access = "unrestricted"
removed:
	id: 158
added:
	id: 158
	permissions: rwxm-
	type: PipeWire:Interface:Client (version 3)
 	properties:
 		pipewire.protocol = "protocol-native"
 		core.name = "pipewire-admin-90420"
 		pipewire.sec.socket = "pipewire-0-manager"
 		pipewire.sec.pid = "90420"
 		pipewire.sec.uid = "1000"
 		pipewire.sec.gid = "1000"
 		module.id = "2"
 		object.id = "158"
 		object.serial = "27899"
 		remote.intention = "manager"
 		application.name = "pw-dump"
 		application.process.binary = "pw-dump"
 		application.language = "en_GB.UTF-8"
 		application.process.id = "90420"
 		application.process.user = "admin"
 		application.process.host = "larkbridge"
 		log.level = "0"
 		cpu.max-align = "16"
 		default.clock.rate = "48000"
 		default.clock.quantum = "1024"
 		default.clock.min-quantum = "32"
 		default.clock.max-quantum = "2048"
 		default.clock.quantum-limit = "8192"
 		default.clock.quantum-floor = "4"
 		default.video.width = "640"
 		default.video.height = "480"
 		default.video.rate.num = "25"
 		default.video.rate.denom = "1"
 		clock.power-of-two-quantum = "true"
 		link.max-buffers = "64"
 		mem.warn-mlock = "false"
 		mem.allow-mlock = "true"
 		settings.check-quantum = "false"
 		settings.check-rate = "false"
 		core.version = "1.4.2"
 		pipewire.access = "unrestricted"
removed:
	id: 158
added:
	id: 158
	permissions: rwxm-
	type: PipeWire:Interface:Client (version 3)
 	properties:
 		pipewire.protocol = "protocol-native"
 		core.name = "pipewire-admin-90425"
 		pipewire.sec.socket = "pipewire-0"
 		pipewire.sec.pid = "90425"
 		pipewire.sec.uid = "1000"
 		pipewire.sec.gid = "1000"
 		module.id = "2"
 		object.id = "158"
 		object.serial = "27900"
 		application.name = "pw-link"
 		application.process.binary = "pw-link"
 		application.language = "en_GB.UTF-8"
 		application.process.id = "90425"
 		application.process.user = "admin"
 		application.process.host = "larkbridge"
 		log.level = "0"
 		cpu.max-align = "16"
 		default.clock.rate = "48000"
 		default.clock.quantum = "1024"
 		default.clock.min-quantum = "32"
 		default.clock.max-quantum = "2048"
 		default.clock.quantum-limit = "8192"
 		default.clock.quantum-floor = "4"
 		default.video.width = "640"
 		default.video.height = "480"
 		default.video.rate.num = "25"
 		default.video.rate.denom = "1"
 		clock.power-of-two-quantum = "true"
 		link.max-buffers = "64"
 		mem.warn-mlock = "false"
 		mem.allow-mlock = "true"
 		settings.check-quantum = "false"
 		settings.check-rate = "false"
 		core.version = "1.4.2"
 		pipewire.access = "unrestricted"
removed:
	id: 158
added:
	id: 158
	permissions: rwxm-
	type: PipeWire:Interface:Client (version 3)
 	properties:
 		pipewire.protocol = "protocol-native"
 		core.name = "pipewire-admin-90448"
 		pipewire.sec.socket = "pipewire-0-manager"
 		pipewire.sec.pid = "90448"
 		pipewire.sec.uid = "1000"
 		pipewire.sec.gid = "1000"
 		module.id = "2"
 		object.id = "158"
 		object.serial = "27901"
 		remote.intention = "manager"
 		application.name = "pw-dump"
 		application.process.binary = "pw-dump"
 		application.language = "en_GB.UTF-8"
 		application.process.id = "90448"
 		application.process.user = "admin"
 		application.process.host = "larkbridge"
 		log.level = "0"
 		cpu.max-align = "16"
 		default.clock.rate = "48000"
 		default.clock.quantum = "1024"
 		default.clock.min-quantum = "32"
 		default.clock.max-quantum = "2048"
 		default.clock.quantum-limit = "8192"
 		default.clock.quantum-floor = "4"
 		default.video.width = "640"
 		default.video.height = "480"
 		default.video.rate.num = "25"
 		default.video.rate.denom = "1"
 		clock.power-of-two-quantum = "true"
 		link.max-buffers = "64"
 		mem.warn-mlock = "false"
 		mem.allow-mlock = "true"
 		settings.check-quantum = "false"
 		settings.check-rate = "false"
 		core.version = "1.4.2"
 		pipewire.access = "unrestricted"
removed:
	id: 158
added:
	id: 158
	permissions: rwxm-
	type: PipeWire:Interface:Client (version 3)
 	properties:
 		pipewire.protocol = "protocol-native"
 		core.name = "pipewire-admin-90454"
 		pipewire.sec.socket = "pipewire-0"
 		pipewire.sec.pid = "90454"
 		pipewire.sec.uid = "1000"
 		pipewire.sec.gid = "1000"
 		module.id = "2"
 		object.id = "158"
 		object.serial = "27902"
 		application.name = "pw-link"
 		application.process.binary = "pw-link"
 		application.language = "en_GB.UTF-8"
 		application.process.id = "90454"
 		application.process.user = "admin"
 		application.process.host = "larkbridge"
 		log.level = "0"
 		cpu.max-align = "16"
 		default.clock.rate = "48000"
 		default.clock.quantum = "1024"
 		default.clock.min-quantum = "32"
 		default.clock.max-quantum = "2048"
 		default.clock.quantum-limit = "8192"
 		default.clock.quantum-floor = "4"
 		default.video.width = "640"
 		default.video.height = "480"
 		default.video.rate.num = "25"
 		default.video.rate.denom = "1"
 		clock.power-of-two-quantum = "true"
 		link.max-buffers = "64"
 		mem.warn-mlock = "false"
 		mem.allow-mlock = "true"
 		settings.check-quantum = "false"
 		settings.check-rate = "false"
 		core.version = "1.4.2"
 		pipewire.access = "unrestricted"
removed:
	id: 158
added:
	id: 158
	permissions: rwxm-
	type: PipeWire:Interface:Client (version 3)
 	properties:
 		pipewire.protocol = "protocol-native"
 		core.name = "pipewire-admin-90463"
 		pipewire.sec.socket = "pipewire-0-manager"
 		pipewire.sec.pid = "90463"
 		pipewire.sec.uid = "1000"
 		pipewire.sec.gid = "1000"
 		module.id = "2"
 		object.id = "158"
 		object.serial = "27903"
 		remote.intention = "manager"
 		application.name = "pw-dump"
 		application.process.binary = "pw-dump"
 		application.language = "en_GB.UTF-8"
 		application.process.id = "90463"
 		application.process.user = "admin"
 		application.process.host = "larkbridge"
 		log.level = "0"
 		cpu.max-align = "16"
 		default.clock.rate = "48000"
 		default.clock.quantum = "1024"
 		default.clock.min-quantum = "32"
 		default.clock.max-quantum = "2048"
 		default.clock.quantum-limit = "8192"
 		default.clock.quantum-floor = "4"
 		default.video.width = "640"
 		default.video.height = "480"
 		default.video.rate.num = "25"
 		default.video.rate.denom = "1"
 		clock.power-of-two-quantum = "true"
 		link.max-buffers = "64"
 		mem.warn-mlock = "false"
 		mem.allow-mlock = "true"
 		settings.check-quantum = "false"
 		settings.check-rate = "false"
 		core.version = "1.4.2"
 		pipewire.access = "unrestricted"
removed:
	id: 158
added:
	id: 158
	permissions: rwxm-
	type: PipeWire:Interface:Client (version 3)
 	properties:
 		pipewire.protocol = "protocol-native"
 		core.name = "pipewire-admin-90470"
 		pipewire.sec.socket = "pipewire-0"
 		pipewire.sec.pid = "90470"
 		pipewire.sec.uid = "1000"
 		pipewire.sec.gid = "1000"
 		module.id = "2"
 		object.id = "158"
 		object.serial = "27904"
 		application.name = "pw-link"
 		application.process.binary = "pw-link"
 		application.language = "en_GB.UTF-8"
 		application.process.id = "90470"
 		application.process.user = "admin"
 		application.process.host = "larkbridge"
 		log.level = "0"
 		cpu.max-align = "16"
 		default.clock.rate = "48000"
 		default.clock.quantum = "1024"
 		default.clock.min-quantum = "32"
 		default.clock.max-quantum = "2048"
 		default.clock.quantum-limit = "8192"
 		default.clock.quantum-floor = "4"
 		default.video.width = "640"
 		default.video.height = "480"
 		default.video.rate.num = "25"
 		default.video.rate.denom = "1"
 		clock.power-of-two-quantum = "true"
 		link.max-buffers = "64"
 		mem.warn-mlock = "false"
 		mem.allow-mlock = "true"
 		settings.check-quantum = "false"
 		settings.check-rate = "false"
 		core.version = "1.4.2"
 		pipewire.access = "unrestricted"
removed:
	id: 158
added:
	id: 158
	permissions: rwxm-
	type: PipeWire:Interface:Client (version 3)
 	properties:
 		pipewire.protocol = "protocol-native"
 		core.name = "pipewire-admin-90484"
 		pipewire.sec.socket = "pipewire-0-manager"
 		pipewire.sec.pid = "90484"
 		pipewire.sec.uid = "1000"
 		pipewire.sec.gid = "1000"
 		module.id = "2"
 		object.id = "158"
 		object.serial = "27905"
 		remote.intention = "manager"
 		application.name = "pw-dump"
 		application.process.binary = "pw-dump"
 		application.language = "en_GB.UTF-8"
 		application.process.id = "90484"
 		application.process.user = "admin"
 		application.process.host = "larkbridge"
 		log.level = "0"
 		cpu.max-align = "16"
 		default.clock.rate = "48000"
 		default.clock.quantum = "1024"
 		default.clock.min-quantum = "32"
 		default.clock.max-quantum = "2048"
 		default.clock.quantum-limit = "8192"
 		default.clock.quantum-floor = "4"
 		default.video.width = "640"
 		default.video.height = "480"
 		default.video.rate.num = "25"
 		default.video.rate.denom = "1"
 		clock.power-of-two-quantum = "true"
 		link.max-buffers = "64"
 		mem.warn-mlock = "false"
 		mem.allow-mlock = "true"
 		settings.check-quantum = "false"
 		settings.check-rate = "false"
 		core.version = "1.4.2"
 		pipewire.access = "unrestricted"
removed:
	id: 158
added:
	id: 158
	permissions: rwxm-
	type: PipeWire:Interface:Client (version 3)
 	properties:
 		pipewire.protocol = "protocol-native"
 		core.name = "pipewire-admin-90487"
 		pipewire.sec.socket = "pipewire-0"
 		pipewire.sec.pid = "90487"
 		pipewire.sec.uid = "1000"
 		pipewire.sec.gid = "1000"
 		module.id = "2"
 		object.id = "158"
 		object.serial = "27906"
 		application.name = "pw-link"
 		application.process.binary = "pw-link"
 		application.language = "en_GB.UTF-8"
 		application.process.id = "90487"
 		application.process.user = "admin"
 		application.process.host = "larkbridge"
 		log.level = "0"
 		cpu.max-align = "16"
 		default.clock.rate = "48000"
 		default.clock.quantum = "1024"
 		default.clock.min-quantum = "32"
 		default.clock.max-quantum = "2048"
 		default.clock.quantum-limit = "8192"
 		default.clock.quantum-floor = "4"
 		default.video.width = "640"
 		default.video.height = "480"
 		default.video.rate.num = "25"
 		default.video.rate.denom = "1"
 		clock.power-of-two-quantum = "true"
 		link.max-buffers = "64"
 		mem.warn-mlock = "false"
 		mem.allow-mlock = "true"
 		settings.check-quantum = "false"
 		settings.check-rate = "false"
 		core.version = "1.4.2"
 		pipewire.access = "unrestricted"
removed:
	id: 158
added:
	id: 158
	permissions: rwxm-
	type: PipeWire:Interface:Client (version 3)
 	properties:
 		pipewire.protocol = "protocol-native"
 		core.name = "pipewire-admin-90500"
 		pipewire.sec.socket = "pipewire-0-manager"
 		pipewire.sec.pid = "90500"
 		pipewire.sec.uid = "1000"
 		pipewire.sec.gid = "1000"
 		module.id = "2"
 		object.id = "158"
 		object.serial = "27907"
 		remote.intention = "manager"
 		application.name = "pw-dump"
 		application.process.binary = "pw-dump"
 		application.language = "en_GB.UTF-8"
 		application.process.id = "90500"
 		application.process.user = "admin"
 		application.process.host = "larkbridge"
 		log.level = "0"
 		cpu.max-align = "16"
 		default.clock.rate = "48000"
 		default.clock.quantum = "1024"
 		default.clock.min-quantum = "32"
 		default.clock.max-quantum = "2048"
 		default.clock.quantum-limit = "8192"
 		default.clock.quantum-floor = "4"
 		default.video.width = "640"
 		default.video.height = "480"
 		default.video.rate.num = "25"
 		default.video.rate.denom = "1"
 		clock.power-of-two-quantum = "true"
 		link.max-buffers = "64"
 		mem.warn-mlock = "false"
 		mem.allow-mlock = "true"
 		settings.check-quantum = "false"
 		settings.check-rate = "false"
 		core.version = "1.4.2"
 		pipewire.access = "unrestricted"
removed:
	id: 158
added:
	id: 158
	permissions: rwxm-
	type: PipeWire:Interface:Client (version 3)
 	properties:
 		pipewire.protocol = "protocol-native"
 		core.name = "pipewire-admin-90502"
 		pipewire.sec.socket = "pipewire-0"
 		pipewire.sec.pid = "90502"
 		pipewire.sec.uid = "1000"
 		pipewire.sec.gid = "1000"
 		module.id = "2"
 		object.id = "158"
 		object.serial = "27908"
 		application.name = "pw-link"
 		application.process.binary = "pw-link"
 		application.language = "en_GB.UTF-8"
 		application.process.id = "90502"
 		application.process.user = "admin"
 		application.process.host = "larkbridge"
 		log.level = "0"
 		cpu.max-align = "16"
 		default.clock.rate = "48000"
 		default.clock.quantum = "1024"
 		default.clock.min-quantum = "32"
 		default.clock.max-quantum = "2048"
 		default.clock.quantum-limit = "8192"
 		default.clock.quantum-floor = "4"
 		default.video.width = "640"
 		default.video.height = "480"
 		default.video.rate.num = "25"
 		default.video.rate.denom = "1"
 		clock.power-of-two-quantum = "true"
 		link.max-buffers = "64"
 		mem.warn-mlock = "false"
 		mem.allow-mlock = "true"
 		settings.check-quantum = "false"
 		settings.check-rate = "false"
 		core.version = "1.4.2"
 		pipewire.access = "unrestricted"
removed:
	id: 158
added:
	id: 158
	permissions: rwxm-
	type: PipeWire:Interface:Client (version 3)
 	properties:
 		pipewire.protocol = "protocol-native"
 		core.name = "pipewire-admin-90515"
 		pipewire.sec.socket = "pipewire-0-manager"
 		pipewire.sec.pid = "90515"
 		pipewire.sec.uid = "1000"
 		pipewire.sec.gid = "1000"
 		module.id = "2"
 		object.id = "158"
 		object.serial = "27909"
 		remote.intention = "manager"
 		application.name = "pw-dump"
 		application.process.binary = "pw-dump"
 		application.language = "en_GB.UTF-8"
 		application.process.id = "90515"
 		application.process.user = "admin"
 		application.process.host = "larkbridge"
 		log.level = "0"
 		cpu.max-align = "16"
 		default.clock.rate = "48000"
 		default.clock.quantum = "1024"
 		default.clock.min-quantum = "32"
 		default.clock.max-quantum = "2048"
 		default.clock.quantum-limit = "8192"
 		default.clock.quantum-floor = "4"
 		default.video.width = "640"
 		default.video.height = "480"
 		default.video.rate.num = "25"
 		default.video.rate.denom = "1"
 		clock.power-of-two-quantum = "true"
 		link.max-buffers = "64"
 		mem.warn-mlock = "false"
 		mem.allow-mlock = "true"
 		settings.check-quantum = "false"
 		settings.check-rate = "false"
 		core.version = "1.4.2"
 		pipewire.access = "unrestricted"
removed:
	id: 158
added:
	id: 158
	permissions: rwxm-
	type: PipeWire:Interface:Client (version 3)
 	properties:
 		pipewire.protocol = "protocol-native"
 		core.name = "pipewire-admin-90517"
 		pipewire.sec.socket = "pipewire-0"
 		pipewire.sec.pid = "90517"
 		pipewire.sec.uid = "1000"
 		pipewire.sec.gid = "1000"
 		module.id = "2"
 		object.id = "158"
 		object.serial = "27910"
 		application.name = "pw-link"
 		application.process.binary = "pw-link"
 		application.language = "en_GB.UTF-8"
 		application.process.id = "90517"
 		application.process.user = "admin"
 		application.process.host = "larkbridge"
 		log.level = "0"
 		cpu.max-align = "16"
 		default.clock.rate = "48000"
 		default.clock.quantum = "1024"
 		default.clock.min-quantum = "32"
 		default.clock.max-quantum = "2048"
 		default.clock.quantum-limit = "8192"
 		default.clock.quantum-floor = "4"
 		default.video.width = "640"
 		default.video.height = "480"
 		default.video.rate.num = "25"
 		default.video.rate.denom = "1"
 		clock.power-of-two-quantum = "true"
 		link.max-buffers = "64"
 		mem.warn-mlock = "false"
 		mem.allow-mlock = "true"
 		settings.check-quantum = "false"
 		settings.check-rate = "false"
 		core.version = "1.4.2"
 		pipewire.access = "unrestricted"
removed:
	id: 158
added:
	id: 158
	permissions: rwxm-
	type: PipeWire:Interface:Client (version 3)
 	properties:
 		pipewire.protocol = "protocol-native"
 		core.name = "pipewire-admin-90534"
 		pipewire.sec.socket = "pipewire-0-manager"
 		pipewire.sec.pid = "90534"
 		pipewire.sec.uid = "1000"
 		pipewire.sec.gid = "1000"
 		module.id = "2"
 		object.id = "158"
 		object.serial = "27911"
 		remote.intention = "manager"
 		application.name = "pw-dump"
 		application.process.binary = "pw-dump"
 		application.language = "en_GB.UTF-8"
 		application.process.id = "90534"
 		application.process.user = "admin"
 		application.process.host = "larkbridge"
 		log.level = "0"
 		cpu.max-align = "16"
 		default.clock.rate = "48000"
 		default.clock.quantum = "1024"
 		default.clock.min-quantum = "32"
 		default.clock.max-quantum = "2048"
 		default.clock.quantum-limit = "8192"
 		default.clock.quantum-floor = "4"
 		default.video.width = "640"
 		default.video.height = "480"
 		default.video.rate.num = "25"
 		default.video.rate.denom = "1"
 		clock.power-of-two-quantum = "true"
 		link.max-buffers = "64"
 		mem.warn-mlock = "false"
 		mem.allow-mlock = "true"
 		settings.check-quantum = "false"
 		settings.check-rate = "false"
 		core.version = "1.4.2"
 		pipewire.access = "unrestricted"
removed:
	id: 158
added:
	id: 158
	permissions: rwxm-
	type: PipeWire:Interface:Client (version 3)
 	properties:
 		pipewire.protocol = "protocol-native"
 		core.name = "pipewire-admin-90536"
 		pipewire.sec.socket = "pipewire-0"
 		pipewire.sec.pid = "90536"
 		pipewire.sec.uid = "1000"
 		pipewire.sec.gid = "1000"
 		module.id = "2"
 		object.id = "158"
 		object.serial = "27912"
 		application.name = "pw-link"
 		application.process.binary = "pw-link"
 		application.language = "en_GB.UTF-8"
 		application.process.id = "90536"
 		application.process.user = "admin"
 		application.process.host = "larkbridge"
 		log.level = "0"
 		cpu.max-align = "16"
 		default.clock.rate = "48000"
 		default.clock.quantum = "1024"
 		default.clock.min-quantum = "32"
 		default.clock.max-quantum = "2048"
 		default.clock.quantum-limit = "8192"
 		default.clock.quantum-floor = "4"
 		default.video.width = "640"
 		default.video.height = "480"
 		default.video.rate.num = "25"
 		default.video.rate.denom = "1"
 		clock.power-of-two-quantum = "true"
 		link.max-buffers = "64"
 		mem.warn-mlock = "false"
 		mem.allow-mlock = "true"
 		settings.check-quantum = "false"
 		settings.check-rate = "false"
 		core.version = "1.4.2"
 		pipewire.access = "unrestricted"
removed:
	id: 158
added:
	id: 158
	permissions: rwxm-
	type: PipeWire:Interface:Client (version 3)
 	properties:
 		pipewire.protocol = "protocol-native"
 		core.name = "pipewire-admin-90549"
 		pipewire.sec.socket = "pipewire-0-manager"
 		pipewire.sec.pid = "90549"
 		pipewire.sec.uid = "1000"
 		pipewire.sec.gid = "1000"
 		module.id = "2"
 		object.id = "158"
 		object.serial = "27913"
 		remote.intention = "manager"
 		application.name = "pw-dump"
 		application.process.binary = "pw-dump"
 		application.language = "en_GB.UTF-8"
 		application.process.id = "90549"
 		application.process.user = "admin"
 		application.process.host = "larkbridge"
 		log.level = "0"
 		cpu.max-align = "16"
 		default.clock.rate = "48000"
 		default.clock.quantum = "1024"
 		default.clock.min-quantum = "32"
 		default.clock.max-quantum = "2048"
 		default.clock.quantum-limit = "8192"
 		default.clock.quantum-floor = "4"
 		default.video.width = "640"
 		default.video.height = "480"
 		default.video.rate.num = "25"
 		default.video.rate.denom = "1"
 		clock.power-of-two-quantum = "true"
 		link.max-buffers = "64"
 		mem.warn-mlock = "false"
 		mem.allow-mlock = "true"
 		settings.check-quantum = "false"
 		settings.check-rate = "false"
 		core.version = "1.4.2"
 		pipewire.access = "unrestricted"
removed:
	id: 158
added:
	id: 158
	permissions: rwxm-
	type: PipeWire:Interface:Client (version 3)
 	properties:
 		pipewire.protocol = "protocol-native"
 		core.name = "pipewire-admin-90552"
 		pipewire.sec.socket = "pipewire-0"
 		pipewire.sec.pid = "90552"
 		pipewire.sec.uid = "1000"
 		pipewire.sec.gid = "1000"
 		module.id = "2"
 		object.id = "158"
 		object.serial = "27914"
 		application.name = "pw-link"
 		application.process.binary = "pw-link"
 		application.language = "en_GB.UTF-8"
 		application.process.id = "90552"
 		application.process.user = "admin"
 		application.process.host = "larkbridge"
 		log.level = "0"
 		cpu.max-align = "16"
 		default.clock.rate = "48000"
 		default.clock.quantum = "1024"
 		default.clock.min-quantum = "32"
 		default.clock.max-quantum = "2048"
 		default.clock.quantum-limit = "8192"
 		default.clock.quantum-floor = "4"
 		default.video.width = "640"
 		default.video.height = "480"
 		default.video.rate.num = "25"
 		default.video.rate.denom = "1"
 		clock.power-of-two-quantum = "true"
 		link.max-buffers = "64"
 		mem.warn-mlock = "false"
 		mem.allow-mlock = "true"
 		settings.check-quantum = "false"
 		settings.check-rate = "false"
 		core.version = "1.4.2"
 		pipewire.access = "unrestricted"
removed:
	id: 158
added:
	id: 158
	permissions: rwxm-
	type: PipeWire:Interface:Client (version 3)
 	properties:
 		pipewire.protocol = "protocol-native"
 		core.name = "pipewire-admin-90567"
 		pipewire.sec.socket = "pipewire-0-manager"
 		pipewire.sec.pid = "90567"
 		pipewire.sec.uid = "1000"
 		pipewire.sec.gid = "1000"
 		module.id = "2"
 		object.id = "158"
 		object.serial = "27915"
 		remote.intention = "manager"
 		application.name = "pw-dump"
 		application.process.binary = "pw-dump"
 		application.language = "en_GB.UTF-8"
 		application.process.id = "90567"
 		application.process.user = "admin"
 		application.process.host = "larkbridge"
 		log.level = "0"
 		cpu.max-align = "16"
 		default.clock.rate = "48000"
 		default.clock.quantum = "1024"
 		default.clock.min-quantum = "32"
 		default.clock.max-quantum = "2048"
 		default.clock.quantum-limit = "8192"
 		default.clock.quantum-floor = "4"
 		default.video.width = "640"
 		default.video.height = "480"
 		default.video.rate.num = "25"
 		default.video.rate.denom = "1"
 		clock.power-of-two-quantum = "true"
 		link.max-buffers = "64"
 		mem.warn-mlock = "false"
 		mem.allow-mlock = "true"
 		settings.check-quantum = "false"
 		settings.check-rate = "false"
 		core.version = "1.4.2"
 		pipewire.access = "unrestricted"
removed:
	id: 158
added:
	id: 158
	permissions: rwxm-
	type: PipeWire:Interface:Client (version 3)
 	properties:
 		pipewire.protocol = "protocol-native"
 		core.name = "pipewire-admin-90569"
 		pipewire.sec.socket = "pipewire-0"
 		pipewire.sec.pid = "90569"
 		pipewire.sec.uid = "1000"
 		pipewire.sec.gid = "1000"
 		module.id = "2"
 		object.id = "158"
 		object.serial = "27916"
 		application.name = "pw-link"
 		application.process.binary = "pw-link"
 		application.language = "en_GB.UTF-8"
 		application.process.id = "90569"
 		application.process.user = "admin"
 		application.process.host = "larkbridge"
 		log.level = "0"
 		cpu.max-align = "16"
 		default.clock.rate = "48000"
 		default.clock.quantum = "1024"
 		default.clock.min-quantum = "32"
 		default.clock.max-quantum = "2048"
 		default.clock.quantum-limit = "8192"
 		default.clock.quantum-floor = "4"
 		default.video.width = "640"
 		default.video.height = "480"
 		default.video.rate.num = "25"
 		default.video.rate.denom = "1"
 		clock.power-of-two-quantum = "true"
 		link.max-buffers = "64"
 		mem.warn-mlock = "false"
 		mem.allow-mlock = "true"
 		settings.check-quantum = "false"
 		settings.check-rate = "false"
 		core.version = "1.4.2"
 		pipewire.access = "unrestricted"
removed:
	id: 158
added:
	id: 158
	permissions: rwxm-
	type: PipeWire:Interface:Client (version 3)
 	properties:
 		pipewire.protocol = "protocol-native"
 		core.name = "pipewire-admin-90582"
 		pipewire.sec.socket = "pipewire-0-manager"
 		pipewire.sec.pid = "90582"
 		pipewire.sec.uid = "1000"
 		pipewire.sec.gid = "1000"
 		module.id = "2"
 		object.id = "158"
 		object.serial = "27917"
 		remote.intention = "manager"
 		application.name = "pw-dump"
 		application.process.binary = "pw-dump"
 		application.language = "en_GB.UTF-8"
 		application.process.id = "90582"
 		application.process.user = "admin"
 		application.process.host = "larkbridge"
 		log.level = "0"
 		cpu.max-align = "16"
 		default.clock.rate = "48000"
 		default.clock.quantum = "1024"
 		default.clock.min-quantum = "32"
 		default.clock.max-quantum = "2048"
 		default.clock.quantum-limit = "8192"
 		default.clock.quantum-floor = "4"
 		default.video.width = "640"
 		default.video.height = "480"
 		default.video.rate.num = "25"
 		default.video.rate.denom = "1"
 		clock.power-of-two-quantum = "true"
 		link.max-buffers = "64"
 		mem.warn-mlock = "false"
 		mem.allow-mlock = "true"
 		settings.check-quantum = "false"
 		settings.check-rate = "false"
 		core.version = "1.4.2"
 		pipewire.access = "unrestricted"
removed:
	id: 158
added:
	id: 158
	permissions: rwxm-
	type: PipeWire:Interface:Client (version 3)
 	properties:
 		pipewire.protocol = "protocol-native"
 		core.name = "pipewire-admin-90584"
 		pipewire.sec.socket = "pipewire-0"
 		pipewire.sec.pid = "90584"
 		pipewire.sec.uid = "1000"
 		pipewire.sec.gid = "1000"
 		module.id = "2"
 		object.id = "158"
 		object.serial = "27918"
 		application.name = "pw-link"
 		application.process.binary = "pw-link"
 		application.language = "en_GB.UTF-8"
 		application.process.id = "90584"
 		application.process.user = "admin"
 		application.process.host = "larkbridge"
 		log.level = "0"
 		cpu.max-align = "16"
 		default.clock.rate = "48000"
 		default.clock.quantum = "1024"
 		default.clock.min-quantum = "32"
 		default.clock.max-quantum = "2048"
 		default.clock.quantum-limit = "8192"
 		default.clock.quantum-floor = "4"
 		default.video.width = "640"
 		default.video.height = "480"
 		default.video.rate.num = "25"
 		default.video.rate.denom = "1"
 		clock.power-of-two-quantum = "true"
 		link.max-buffers = "64"
 		mem.warn-mlock = "false"
 		mem.allow-mlock = "true"
 		settings.check-quantum = "false"
 		settings.check-rate = "false"
 		core.version = "1.4.2"
 		pipewire.access = "unrestricted"
removed:
	id: 158
added:
	id: 158
	permissions: rwxm-
	type: PipeWire:Interface:Client (version 3)
 	properties:
 		pipewire.protocol = "protocol-native"
 		core.name = "pipewire-admin-90597"
 		pipewire.sec.socket = "pipewire-0-manager"
 		pipewire.sec.pid = "90597"
 		pipewire.sec.uid = "1000"
 		pipewire.sec.gid = "1000"
 		module.id = "2"
 		object.id = "158"
 		object.serial = "27919"
 		remote.intention = "manager"
 		application.name = "pw-dump"
 		application.process.binary = "pw-dump"
 		application.language = "en_GB.UTF-8"
 		application.process.id = "90597"
 		application.process.user = "admin"
 		application.process.host = "larkbridge"
 		log.level = "0"
 		cpu.max-align = "16"
 		default.clock.rate = "48000"
 		default.clock.quantum = "1024"
 		default.clock.min-quantum = "32"
 		default.clock.max-quantum = "2048"
 		default.clock.quantum-limit = "8192"
 		default.clock.quantum-floor = "4"
 		default.video.width = "640"
 		default.video.height = "480"
 		default.video.rate.num = "25"
 		default.video.rate.denom = "1"
 		clock.power-of-two-quantum = "true"
 		link.max-buffers = "64"
 		mem.warn-mlock = "false"
 		mem.allow-mlock = "true"
 		settings.check-quantum = "false"
 		settings.check-rate = "false"
 		core.version = "1.4.2"
 		pipewire.access = "unrestricted"
removed:
	id: 158
added:
	id: 158
	permissions: rwxm-
	type: PipeWire:Interface:Client (version 3)
 	properties:
 		pipewire.protocol = "protocol-native"
 		core.name = "pipewire-admin-90599"
 		pipewire.sec.socket = "pipewire-0"
 		pipewire.sec.pid = "90599"
 		pipewire.sec.uid = "1000"
 		pipewire.sec.gid = "1000"
 		module.id = "2"
 		object.id = "158"
 		object.serial = "27920"
 		application.name = "pw-link"
 		application.process.binary = "pw-link"
 		application.language = "en_GB.UTF-8"
 		application.process.id = "90599"
 		application.process.user = "admin"
 		application.process.host = "larkbridge"
 		log.level = "0"
 		cpu.max-align = "16"
 		default.clock.rate = "48000"
 		default.clock.quantum = "1024"
 		default.clock.min-quantum = "32"
 		default.clock.max-quantum = "2048"
 		default.clock.quantum-limit = "8192"
 		default.clock.quantum-floor = "4"
 		default.video.width = "640"
 		default.video.height = "480"
 		default.video.rate.num = "25"
 		default.video.rate.denom = "1"
 		clock.power-of-two-quantum = "true"
 		link.max-buffers = "64"
 		mem.warn-mlock = "false"
 		mem.allow-mlock = "true"
 		settings.check-quantum = "false"
 		settings.check-rate = "false"
 		core.version = "1.4.2"
 		pipewire.access = "unrestricted"
removed:
	id: 158
added:
	id: 158
	permissions: rwxm-
	type: PipeWire:Interface:Client (version 3)
 	properties:
 		pipewire.protocol = "protocol-native"
 		core.name = "pipewire-admin-90612"
 		pipewire.sec.socket = "pipewire-0-manager"
 		pipewire.sec.pid = "90612"
 		pipewire.sec.uid = "1000"
 		pipewire.sec.gid = "1000"
 		module.id = "2"
 		object.id = "158"
 		object.serial = "27921"
 		remote.intention = "manager"
 		application.name = "pw-dump"
 		application.process.binary = "pw-dump"
 		application.language = "en_GB.UTF-8"
 		application.process.id = "90612"
 		application.process.user = "admin"
 		application.process.host = "larkbridge"
 		log.level = "0"
 		cpu.max-align = "16"
 		default.clock.rate = "48000"
 		default.clock.quantum = "1024"
 		default.clock.min-quantum = "32"
 		default.clock.max-quantum = "2048"
 		default.clock.quantum-limit = "8192"
 		default.clock.quantum-floor = "4"
 		default.video.width = "640"
 		default.video.height = "480"
 		default.video.rate.num = "25"
 		default.video.rate.denom = "1"
 		clock.power-of-two-quantum = "true"
 		link.max-buffers = "64"
 		mem.warn-mlock = "false"
 		mem.allow-mlock = "true"
 		settings.check-quantum = "false"
 		settings.check-rate = "false"
 		core.version = "1.4.2"
 		pipewire.access = "unrestricted"
removed:
	id: 158
added:
	id: 158
	permissions: rwxm-
	type: PipeWire:Interface:Client (version 3)
 	properties:
 		pipewire.protocol = "protocol-native"
 		core.name = "pipewire-admin-90614"
 		pipewire.sec.socket = "pipewire-0"
 		pipewire.sec.pid = "90614"
 		pipewire.sec.uid = "1000"
 		pipewire.sec.gid = "1000"
 		module.id = "2"
 		object.id = "158"
 		object.serial = "27922"
 		application.name = "pw-link"
 		application.process.binary = "pw-link"
 		application.language = "en_GB.UTF-8"
 		application.process.id = "90614"
 		application.process.user = "admin"
 		application.process.host = "larkbridge"
 		log.level = "0"
 		cpu.max-align = "16"
 		default.clock.rate = "48000"
 		default.clock.quantum = "1024"
 		default.clock.min-quantum = "32"
 		default.clock.max-quantum = "2048"
 		default.clock.quantum-limit = "8192"
 		default.clock.quantum-floor = "4"
 		default.video.width = "640"
 		default.video.height = "480"
 		default.video.rate.num = "25"
 		default.video.rate.denom = "1"
 		clock.power-of-two-quantum = "true"
 		link.max-buffers = "64"
 		mem.warn-mlock = "false"
 		mem.allow-mlock = "true"
 		settings.check-quantum = "false"
 		settings.check-rate = "false"
 		core.version = "1.4.2"
 		pipewire.access = "unrestricted"
removed:
	id: 158
added:
	id: 158
	permissions: rwxm-
	type: PipeWire:Interface:Client (version 3)
 	properties:
 		pipewire.protocol = "protocol-native"
 		core.name = "pipewire-admin-90627"
 		pipewire.sec.socket = "pipewire-0-manager"
 		pipewire.sec.pid = "90627"
 		pipewire.sec.uid = "1000"
 		pipewire.sec.gid = "1000"
 		module.id = "2"
 		object.id = "158"
 		object.serial = "27923"
 		remote.intention = "manager"
 		application.name = "pw-dump"
 		application.process.binary = "pw-dump"
 		application.language = "en_GB.UTF-8"
 		application.process.id = "90627"
 		application.process.user = "admin"
 		application.process.host = "larkbridge"
 		log.level = "0"
 		cpu.max-align = "16"
 		default.clock.rate = "48000"
 		default.clock.quantum = "1024"
 		default.clock.min-quantum = "32"
 		default.clock.max-quantum = "2048"
 		default.clock.quantum-limit = "8192"
 		default.clock.quantum-floor = "4"
 		default.video.width = "640"
 		default.video.height = "480"
 		default.video.rate.num = "25"
 		default.video.rate.denom = "1"
 		clock.power-of-two-quantum = "true"
 		link.max-buffers = "64"
 		mem.warn-mlock = "false"
 		mem.allow-mlock = "true"
 		settings.check-quantum = "false"
 		settings.check-rate = "false"
 		core.version = "1.4.2"
 		pipewire.access = "unrestricted"
removed:
	id: 158
removed:
	id: 158
added:
	id: 158
	permissions: rwxm-
	type: PipeWire:Interface:Client (version 3)
 	properties:
 		pipewire.protocol = "protocol-native"
 		core.name = "pipewire-admin-90648"
 		pipewire.sec.socket = "pipewire-0-manager"
 		pipewire.sec.pid = "90648"
 		pipewire.sec.uid = "1000"
 		pipewire.sec.gid = "1000"
 		module.id = "2"
 		object.id = "158"
 		object.serial = "27925"
 		remote.intention = "manager"
 		application.name = "pw-dump"
 		application.process.binary = "pw-dump"
 		application.language = "en_GB.UTF-8"
 		application.process.id = "90648"
 		application.process.user = "admin"
 		application.process.host = "larkbridge"
 		log.level = "0"
 		cpu.max-align = "16"
 		default.clock.rate = "48000"
 		default.clock.quantum = "1024"
 		default.clock.min-quantum = "32"
 		default.clock.max-quantum = "2048"
 		default.clock.quantum-limit = "8192"
 		default.clock.quantum-floor = "4"
 		default.video.width = "640"
 		default.video.height = "480"
 		default.video.rate.num = "25"
 		default.video.rate.denom = "1"
 		clock.power-of-two-quantum = "true"
 		link.max-buffers = "64"
 		mem.warn-mlock = "false"
 		mem.allow-mlock = "true"
 		settings.check-quantum = "false"
 		settings.check-rate = "false"
 		core.version = "1.4.2"
 		pipewire.access = "unrestricted"
removed:
	id: 158
added:
	id: 158
	permissions: rwxm-
	type: PipeWire:Interface:Client (version 3)
 	properties:
 		pipewire.protocol = "protocol-native"
 		core.name = "pipewire-admin-90650"
 		pipewire.sec.socket = "pipewire-0"
 		pipewire.sec.pid = "90650"
 		pipewire.sec.uid = "1000"
 		pipewire.sec.gid = "1000"
 		module.id = "2"
 		object.id = "158"
 		object.serial = "27926"
 		application.name = "pw-link"
 		application.process.binary = "pw-link"
 		application.language = "en_GB.UTF-8"
 		application.process.id = "90650"
 		application.process.user = "admin"
 		application.process.host = "larkbridge"
 		log.level = "0"
 		cpu.max-align = "16"
 		default.clock.rate = "48000"
 		default.clock.quantum = "1024"
 		default.clock.min-quantum = "32"
 		default.clock.max-quantum = "2048"
 		default.clock.quantum-limit = "8192"
 		default.clock.quantum-floor = "4"
 		default.video.width = "640"
 		default.video.height = "480"
 		default.video.rate.num = "25"
 		default.video.rate.denom = "1"
 		clock.power-of-two-quantum = "true"
 		link.max-buffers = "64"
 		mem.warn-mlock = "false"
 		mem.allow-mlock = "true"
 		settings.check-quantum = "false"
 		settings.check-rate = "false"
 		core.version = "1.4.2"
 		pipewire.access = "unrestricted"
removed:
	id: 158
added:
	id: 158
	permissions: rwxm-
	type: PipeWire:Interface:Client (version 3)
 	properties:
 		pipewire.protocol = "protocol-native"
 		core.name = "pipewire-admin-90663"
 		pipewire.sec.socket = "pipewire-0-manager"
 		pipewire.sec.pid = "90663"
 		pipewire.sec.uid = "1000"
 		pipewire.sec.gid = "1000"
 		module.id = "2"
 		object.id = "158"
 		object.serial = "27927"
 		remote.intention = "manager"
 		application.name = "pw-dump"
 		application.process.binary = "pw-dump"
 		application.language = "en_GB.UTF-8"
 		application.process.id = "90663"
 		application.process.user = "admin"
 		application.process.host = "larkbridge"
 		log.level = "0"
 		cpu.max-align = "16"
 		default.clock.rate = "48000"
 		default.clock.quantum = "1024"
 		default.clock.min-quantum = "32"
 		default.clock.max-quantum = "2048"
 		default.clock.quantum-limit = "8192"
 		default.clock.quantum-floor = "4"
 		default.video.width = "640"
 		default.video.height = "480"
 		default.video.rate.num = "25"
 		default.video.rate.denom = "1"
 		clock.power-of-two-quantum = "true"
 		link.max-buffers = "64"
 		mem.warn-mlock = "false"
 		mem.allow-mlock = "true"
 		settings.check-quantum = "false"
 		settings.check-rate = "false"
 		core.version = "1.4.2"
 		pipewire.access = "unrestricted"
removed:
	id: 158
added:
	id: 158
	permissions: rwxm-
	type: PipeWire:Interface:Client (version 3)
 	properties:
 		pipewire.protocol = "protocol-native"
 		core.name = "pipewire-admin-90665"
 		pipewire.sec.socket = "pipewire-0"
 		pipewire.sec.pid = "90665"
 		pipewire.sec.uid = "1000"
 		pipewire.sec.gid = "1000"
 		module.id = "2"
 		object.id = "158"
 		object.serial = "27928"
 		application.name = "pw-link"
 		application.process.binary = "pw-link"
 		application.language = "en_GB.UTF-8"
 		application.process.id = "90665"
 		application.process.user = "admin"
 		application.process.host = "larkbridge"
 		log.level = "0"
 		cpu.max-align = "16"
 		default.clock.rate = "48000"
 		default.clock.quantum = "1024"
 		default.clock.min-quantum = "32"
 		default.clock.max-quantum = "2048"
 		default.clock.quantum-limit = "8192"
 		default.clock.quantum-floor = "4"
 		default.video.width = "640"
 		default.video.height = "480"
 		default.video.rate.num = "25"
 		default.video.rate.denom = "1"
 		clock.power-of-two-quantum = "true"
 		link.max-buffers = "64"
 		mem.warn-mlock = "false"
 		mem.allow-mlock = "true"
 		settings.check-quantum = "false"
 		settings.check-rate = "false"
 		core.version = "1.4.2"
 		pipewire.access = "unrestricted"
removed:
	id: 158
added:
	id: 158
	permissions: rwxm-
	type: PipeWire:Interface:Client (version 3)
 	properties:
 		pipewire.protocol = "protocol-native"
 		core.name = "pipewire-admin-90678"
 		pipewire.sec.socket = "pipewire-0-manager"
 		pipewire.sec.pid = "90678"
 		pipewire.sec.uid = "1000"
 		pipewire.sec.gid = "1000"
 		module.id = "2"
 		object.id = "158"
 		object.serial = "27929"
 		remote.intention = "manager"
 		application.name = "pw-dump"
 		application.process.binary = "pw-dump"
 		application.language = "en_GB.UTF-8"
 		application.process.id = "90678"
 		application.process.user = "admin"
 		application.process.host = "larkbridge"
 		log.level = "0"
 		cpu.max-align = "16"
 		default.clock.rate = "48000"
 		default.clock.quantum = "1024"
 		default.clock.min-quantum = "32"
 		default.clock.max-quantum = "2048"
 		default.clock.quantum-limit = "8192"
 		default.clock.quantum-floor = "4"
 		default.video.width = "640"
 		default.video.height = "480"
 		default.video.rate.num = "25"
 		default.video.rate.denom = "1"
 		clock.power-of-two-quantum = "true"
 		link.max-buffers = "64"
 		mem.warn-mlock = "false"
 		mem.allow-mlock = "true"
 		settings.check-quantum = "false"
 		settings.check-rate = "false"
 		core.version = "1.4.2"
 		pipewire.access = "unrestricted"
removed:
	id: 158
added:
	id: 158
	permissions: rwxm-
	type: PipeWire:Interface:Client (version 3)
 	properties:
 		pipewire.protocol = "protocol-native"
 		core.name = "pipewire-admin-90680"
 		pipewire.sec.socket = "pipewire-0"
 		pipewire.sec.pid = "90680"
 		pipewire.sec.uid = "1000"
 		pipewire.sec.gid = "1000"
 		module.id = "2"
 		object.id = "158"
 		object.serial = "27930"
 		application.name = "pw-link"
 		application.process.binary = "pw-link"
 		application.language = "en_GB.UTF-8"
 		application.process.id = "90680"
 		application.process.user = "admin"
 		application.process.host = "larkbridge"
 		log.level = "0"
 		cpu.max-align = "16"
 		default.clock.rate = "48000"
 		default.clock.quantum = "1024"
 		default.clock.min-quantum = "32"
 		default.clock.max-quantum = "2048"
 		default.clock.quantum-limit = "8192"
 		default.clock.quantum-floor = "4"
 		default.video.width = "640"
 		default.video.height = "480"
 		default.video.rate.num = "25"
 		default.video.rate.denom = "1"
 		clock.power-of-two-quantum = "true"
 		link.max-buffers = "64"
 		mem.warn-mlock = "false"
 		mem.allow-mlock = "true"
 		settings.check-quantum = "false"
 		settings.check-rate = "false"
 		core.version = "1.4.2"
 		pipewire.access = "unrestricted"
removed:
	id: 158
added:
	id: 158
	permissions: rwxm-
	type: PipeWire:Interface:Client (version 3)
 	properties:
 		pipewire.protocol = "protocol-native"
 		core.name = "pipewire-admin-90693"
 		pipewire.sec.socket = "pipewire-0-manager"
 		pipewire.sec.pid = "90693"
 		pipewire.sec.uid = "1000"
 		pipewire.sec.gid = "1000"
 		module.id = "2"
 		object.id = "158"
 		object.serial = "27931"
 		remote.intention = "manager"
 		application.name = "pw-dump"
 		application.process.binary = "pw-dump"
 		application.language = "en_GB.UTF-8"
 		application.process.id = "90693"
 		application.process.user = "admin"
 		application.process.host = "larkbridge"
 		log.level = "0"
 		cpu.max-align = "16"
 		default.clock.rate = "48000"
 		default.clock.quantum = "1024"
 		default.clock.min-quantum = "32"
 		default.clock.max-quantum = "2048"
 		default.clock.quantum-limit = "8192"
 		default.clock.quantum-floor = "4"
 		default.video.width = "640"
 		default.video.height = "480"
 		default.video.rate.num = "25"
 		default.video.rate.denom = "1"
 		clock.power-of-two-quantum = "true"
 		link.max-buffers = "64"
 		mem.warn-mlock = "false"
 		mem.allow-mlock = "true"
 		settings.check-quantum = "false"
 		settings.check-rate = "false"
 		core.version = "1.4.2"
 		pipewire.access = "unrestricted"
removed:
	id: 158
added:
	id: 158
	permissions: rwxm-
	type: PipeWire:Interface:Client (version 3)
 	properties:
 		pipewire.protocol = "protocol-native"
 		core.name = "pipewire-admin-90695"
 		pipewire.sec.socket = "pipewire-0"
 		pipewire.sec.pid = "90695"
 		pipewire.sec.uid = "1000"
 		pipewire.sec.gid = "1000"
 		module.id = "2"
 		object.id = "158"
 		object.serial = "27932"
 		application.name = "pw-link"
 		application.process.binary = "pw-link"
 		application.language = "en_GB.UTF-8"
 		application.process.id = "90695"
 		application.process.user = "admin"
 		application.process.host = "larkbridge"
 		log.level = "0"
 		cpu.max-align = "16"
 		default.clock.rate = "48000"
 		default.clock.quantum = "1024"
 		default.clock.min-quantum = "32"
 		default.clock.max-quantum = "2048"
 		default.clock.quantum-limit = "8192"
 		default.clock.quantum-floor = "4"
 		default.video.width = "640"
 		default.video.height = "480"
 		default.video.rate.num = "25"
 		default.video.rate.denom = "1"
 		clock.power-of-two-quantum = "true"
 		link.max-buffers = "64"
 		mem.warn-mlock = "false"
 		mem.allow-mlock = "true"
 		settings.check-quantum = "false"
 		settings.check-rate = "false"
 		core.version = "1.4.2"
 		pipewire.access = "unrestricted"
removed:
	id: 158
added:
	id: 158
	permissions: rwxm-
	type: PipeWire:Interface:Client (version 3)
 	properties:
 		pipewire.protocol = "protocol-native"
 		core.name = "pipewire-admin-90708"
 		pipewire.sec.socket = "pipewire-0-manager"
 		pipewire.sec.pid = "90708"
 		pipewire.sec.uid = "1000"
 		pipewire.sec.gid = "1000"
 		module.id = "2"
 		object.id = "158"
 		object.serial = "27933"
 		remote.intention = "manager"
 		application.name = "pw-dump"
 		application.process.binary = "pw-dump"
 		application.language = "en_GB.UTF-8"
 		application.process.id = "90708"
 		application.process.user = "admin"
 		application.process.host = "larkbridge"
 		log.level = "0"
 		cpu.max-align = "16"
 		default.clock.rate = "48000"
 		default.clock.quantum = "1024"
 		default.clock.min-quantum = "32"
 		default.clock.max-quantum = "2048"
 		default.clock.quantum-limit = "8192"
 		default.clock.quantum-floor = "4"
 		default.video.width = "640"
 		default.video.height = "480"
 		default.video.rate.num = "25"
 		default.video.rate.denom = "1"
 		clock.power-of-two-quantum = "true"
 		link.max-buffers = "64"
 		mem.warn-mlock = "false"
 		mem.allow-mlock = "true"
 		settings.check-quantum = "false"
 		settings.check-rate = "false"
 		core.version = "1.4.2"
 		pipewire.access = "unrestricted"
removed:
	id: 158
added:
	id: 158
	permissions: rwxm-
	type: PipeWire:Interface:Client (version 3)
 	properties:
 		pipewire.protocol = "protocol-native"
 		core.name = "pipewire-admin-90710"
 		pipewire.sec.socket = "pipewire-0"
 		pipewire.sec.pid = "90710"
 		pipewire.sec.uid = "1000"
 		pipewire.sec.gid = "1000"
 		module.id = "2"
 		object.id = "158"
 		object.serial = "27934"
 		application.name = "pw-link"
 		application.process.binary = "pw-link"
 		application.language = "en_GB.UTF-8"
 		application.process.id = "90710"
 		application.process.user = "admin"
 		application.process.host = "larkbridge"
 		log.level = "0"
 		cpu.max-align = "16"
 		default.clock.rate = "48000"
 		default.clock.quantum = "1024"
 		default.clock.min-quantum = "32"
 		default.clock.max-quantum = "2048"
 		default.clock.quantum-limit = "8192"
 		default.clock.quantum-floor = "4"
 		default.video.width = "640"
 		default.video.height = "480"
 		default.video.rate.num = "25"
 		default.video.rate.denom = "1"
 		clock.power-of-two-quantum = "true"
 		link.max-buffers = "64"
 		mem.warn-mlock = "false"
 		mem.allow-mlock = "true"
 		settings.check-quantum = "false"
 		settings.check-rate = "false"
 		core.version = "1.4.2"
 		pipewire.access = "unrestricted"
removed:
	id: 158
added:
	id: 158
	permissions: rwxm-
	type: PipeWire:Interface:Client (version 3)
 	properties:
 		pipewire.protocol = "protocol-native"
 		core.name = "pipewire-admin-90725"
 		pipewire.sec.socket = "pipewire-0-manager"
 		pipewire.sec.pid = "90725"
 		pipewire.sec.uid = "1000"
 		pipewire.sec.gid = "1000"
 		module.id = "2"
 		object.id = "158"
 		object.serial = "27935"
 		remote.intention = "manager"
 		application.name = "pw-dump"
 		application.process.binary = "pw-dump"
 		application.language = "en_GB.UTF-8"
 		application.process.id = "90725"
 		application.process.user = "admin"
 		application.process.host = "larkbridge"
 		log.level = "0"
 		cpu.max-align = "16"
 		default.clock.rate = "48000"
 		default.clock.quantum = "1024"
 		default.clock.min-quantum = "32"
 		default.clock.max-quantum = "2048"
 		default.clock.quantum-limit = "8192"
 		default.clock.quantum-floor = "4"
 		default.video.width = "640"
 		default.video.height = "480"
 		default.video.rate.num = "25"
 		default.video.rate.denom = "1"
 		clock.power-of-two-quantum = "true"
 		link.max-buffers = "64"
 		mem.warn-mlock = "false"
 		mem.allow-mlock = "true"
 		settings.check-quantum = "false"
 		settings.check-rate = "false"
 		core.version = "1.4.2"
 		pipewire.access = "unrestricted"
removed:
	id: 158
added:
	id: 158
	permissions: rwxm-
	type: PipeWire:Interface:Client (version 3)
 	properties:
 		pipewire.protocol = "protocol-native"
 		core.name = "pipewire-admin-90727"
 		pipewire.sec.socket = "pipewire-0"
 		pipewire.sec.pid = "90727"
 		pipewire.sec.uid = "1000"
 		pipewire.sec.gid = "1000"
 		module.id = "2"
 		object.id = "158"
 		object.serial = "27936"
 		application.name = "pw-link"
 		application.process.binary = "pw-link"
 		application.language = "en_GB.UTF-8"
 		application.process.id = "90727"
 		application.process.user = "admin"
 		application.process.host = "larkbridge"
 		log.level = "0"
 		cpu.max-align = "16"
 		default.clock.rate = "48000"
 		default.clock.quantum = "1024"
 		default.clock.min-quantum = "32"
 		default.clock.max-quantum = "2048"
 		default.clock.quantum-limit = "8192"
 		default.clock.quantum-floor = "4"
 		default.video.width = "640"
 		default.video.height = "480"
 		default.video.rate.num = "25"
 		default.video.rate.denom = "1"
 		clock.power-of-two-quantum = "true"
 		link.max-buffers = "64"
 		mem.warn-mlock = "false"
 		mem.allow-mlock = "true"
 		settings.check-quantum = "false"
 		settings.check-rate = "false"
 		core.version = "1.4.2"
 		pipewire.access = "unrestricted"
removed:
	id: 158
added:
	id: 158
	permissions: rwxm-
	type: PipeWire:Interface:Client (version 3)
 	properties:
 		pipewire.protocol = "protocol-native"
 		core.name = "pipewire-admin-90740"
 		pipewire.sec.socket = "pipewire-0-manager"
 		pipewire.sec.pid = "90740"
 		pipewire.sec.uid = "1000"
 		pipewire.sec.gid = "1000"
 		module.id = "2"
 		object.id = "158"
 		object.serial = "27937"
 		remote.intention = "manager"
 		application.name = "pw-dump"
 		application.process.binary = "pw-dump"
 		application.language = "en_GB.UTF-8"
 		application.process.id = "90740"
 		application.process.user = "admin"
 		application.process.host = "larkbridge"
 		log.level = "0"
 		cpu.max-align = "16"
 		default.clock.rate = "48000"
 		default.clock.quantum = "1024"
 		default.clock.min-quantum = "32"
 		default.clock.max-quantum = "2048"
 		default.clock.quantum-limit = "8192"
 		default.clock.quantum-floor = "4"
 		default.video.width = "640"
 		default.video.height = "480"
 		default.video.rate.num = "25"
 		default.video.rate.denom = "1"
 		clock.power-of-two-quantum = "true"
 		link.max-buffers = "64"
 		mem.warn-mlock = "false"
 		mem.allow-mlock = "true"
 		settings.check-quantum = "false"
 		settings.check-rate = "false"
 		core.version = "1.4.2"
 		pipewire.access = "unrestricted"
removed:
	id: 158
added:
	id: 158
	permissions: rwxm-
	type: PipeWire:Interface:Client (version 3)
 	properties:
 		pipewire.protocol = "protocol-native"
 		core.name = "pipewire-admin-90742"
 		pipewire.sec.socket = "pipewire-0"
 		pipewire.sec.pid = "90742"
 		pipewire.sec.uid = "1000"
 		pipewire.sec.gid = "1000"
 		module.id = "2"
 		object.id = "158"
 		object.serial = "27938"
 		application.name = "pw-link"
 		application.process.binary = "pw-link"
 		application.language = "en_GB.UTF-8"
 		application.process.id = "90742"
 		application.process.user = "admin"
 		application.process.host = "larkbridge"
 		log.level = "0"
 		cpu.max-align = "16"
 		default.clock.rate = "48000"
 		default.clock.quantum = "1024"
 		default.clock.min-quantum = "32"
 		default.clock.max-quantum = "2048"
 		default.clock.quantum-limit = "8192"
 		default.clock.quantum-floor = "4"
 		default.video.width = "640"
 		default.video.height = "480"
 		default.video.rate.num = "25"
 		default.video.rate.denom = "1"
 		clock.power-of-two-quantum = "true"
 		link.max-buffers = "64"
 		mem.warn-mlock = "false"
 		mem.allow-mlock = "true"
 		settings.check-quantum = "false"
 		settings.check-rate = "false"
 		core.version = "1.4.2"
 		pipewire.access = "unrestricted"
removed:
	id: 158
added:
	id: 158
	permissions: rwxm-
	type: PipeWire:Interface:Client (version 3)
 	properties:
 		pipewire.protocol = "protocol-native"
 		core.name = "pipewire-admin-90759"
 		pipewire.sec.socket = "pipewire-0-manager"
 		pipewire.sec.pid = "90759"
 		pipewire.sec.uid = "1000"
 		pipewire.sec.gid = "1000"
 		module.id = "2"
 		object.id = "158"
 		object.serial = "27939"
 		remote.intention = "manager"
 		application.name = "pw-dump"
 		application.process.binary = "pw-dump"
 		application.language = "en_GB.UTF-8"
 		application.process.id = "90759"
 		application.process.user = "admin"
 		application.process.host = "larkbridge"
 		log.level = "0"
 		cpu.max-align = "16"
 		default.clock.rate = "48000"
 		default.clock.quantum = "1024"
 		default.clock.min-quantum = "32"
 		default.clock.max-quantum = "2048"
 		default.clock.quantum-limit = "8192"
 		default.clock.quantum-floor = "4"
 		default.video.width = "640"
 		default.video.height = "480"
 		default.video.rate.num = "25"
 		default.video.rate.denom = "1"
 		clock.power-of-two-quantum = "true"
 		link.max-buffers = "64"
 		mem.warn-mlock = "false"
 		mem.allow-mlock = "true"
 		settings.check-quantum = "false"
 		settings.check-rate = "false"
 		core.version = "1.4.2"
 		pipewire.access = "unrestricted"
removed:
	id: 158
added:
	id: 158
	permissions: rwxm-
	type: PipeWire:Interface:Client (version 3)
 	properties:
 		pipewire.protocol = "protocol-native"
 		core.name = "pipewire-admin-90761"
 		pipewire.sec.socket = "pipewire-0"
 		pipewire.sec.pid = "90761"
 		pipewire.sec.uid = "1000"
 		pipewire.sec.gid = "1000"
 		module.id = "2"
 		object.id = "158"
 		object.serial = "27940"
 		application.name = "pw-link"
 		application.process.binary = "pw-link"
 		application.language = "en_GB.UTF-8"
 		application.process.id = "90761"
 		application.process.user = "admin"
 		application.process.host = "larkbridge"
 		log.level = "0"
 		cpu.max-align = "16"
 		default.clock.rate = "48000"
 		default.clock.quantum = "1024"
 		default.clock.min-quantum = "32"
 		default.clock.max-quantum = "2048"
 		default.clock.quantum-limit = "8192"
 		default.clock.quantum-floor = "4"
 		default.video.width = "640"
 		default.video.height = "480"
 		default.video.rate.num = "25"
 		default.video.rate.denom = "1"
 		clock.power-of-two-quantum = "true"
 		link.max-buffers = "64"
 		mem.warn-mlock = "false"
 		mem.allow-mlock = "true"
 		settings.check-quantum = "false"
 		settings.check-rate = "false"
 		core.version = "1.4.2"
 		pipewire.access = "unrestricted"
removed:
	id: 158
added:
	id: 158
	permissions: rwxm-
	type: PipeWire:Interface:Client (version 3)
 	properties:
 		pipewire.protocol = "protocol-native"
 		core.name = "pipewire-admin-90774"
 		pipewire.sec.socket = "pipewire-0-manager"
 		pipewire.sec.pid = "90774"
 		pipewire.sec.uid = "1000"
 		pipewire.sec.gid = "1000"
 		module.id = "2"
 		object.id = "158"
 		object.serial = "27941"
 		remote.intention = "manager"
 		application.name = "pw-dump"
 		application.process.binary = "pw-dump"
 		application.language = "en_GB.UTF-8"
 		application.process.id = "90774"
 		application.process.user = "admin"
 		application.process.host = "larkbridge"
 		log.level = "0"
 		cpu.max-align = "16"
 		default.clock.rate = "48000"
 		default.clock.quantum = "1024"
 		default.clock.min-quantum = "32"
 		default.clock.max-quantum = "2048"
 		default.clock.quantum-limit = "8192"
 		default.clock.quantum-floor = "4"
 		default.video.width = "640"
 		default.video.height = "480"
 		default.video.rate.num = "25"
 		default.video.rate.denom = "1"
 		clock.power-of-two-quantum = "true"
 		link.max-buffers = "64"
 		mem.warn-mlock = "false"
 		mem.allow-mlock = "true"
 		settings.check-quantum = "false"
 		settings.check-rate = "false"
 		core.version = "1.4.2"
 		pipewire.access = "unrestricted"
removed:
	id: 158
added:
	id: 158
	permissions: rwxm-
	type: PipeWire:Interface:Client (version 3)
 	properties:
 		pipewire.protocol = "protocol-native"
 		core.name = "pipewire-admin-90776"
 		pipewire.sec.socket = "pipewire-0"
 		pipewire.sec.pid = "90776"
 		pipewire.sec.uid = "1000"
 		pipewire.sec.gid = "1000"
 		module.id = "2"
 		object.id = "158"
 		object.serial = "27942"
 		application.name = "pw-link"
 		application.process.binary = "pw-link"
 		application.language = "en_GB.UTF-8"
 		application.process.id = "90776"
 		application.process.user = "admin"
 		application.process.host = "larkbridge"
 		log.level = "0"
 		cpu.max-align = "16"
 		default.clock.rate = "48000"
 		default.clock.quantum = "1024"
 		default.clock.min-quantum = "32"
 		default.clock.max-quantum = "2048"
 		default.clock.quantum-limit = "8192"
 		default.clock.quantum-floor = "4"
 		default.video.width = "640"
 		default.video.height = "480"
 		default.video.rate.num = "25"
 		default.video.rate.denom = "1"
 		clock.power-of-two-quantum = "true"
 		link.max-buffers = "64"
 		mem.warn-mlock = "false"
 		mem.allow-mlock = "true"
 		settings.check-quantum = "false"
 		settings.check-rate = "false"
 		core.version = "1.4.2"
 		pipewire.access = "unrestricted"
removed:
	id: 158
added:
	id: 158
	permissions: rwxm-
	type: PipeWire:Interface:Client (version 3)
 	properties:
 		pipewire.protocol = "protocol-native"
 		core.name = "pipewire-admin-90789"
 		pipewire.sec.socket = "pipewire-0-manager"
 		pipewire.sec.pid = "90789"
 		pipewire.sec.uid = "1000"
 		pipewire.sec.gid = "1000"
 		module.id = "2"
 		object.id = "158"
 		object.serial = "27943"
 		remote.intention = "manager"
 		application.name = "pw-dump"
 		application.process.binary = "pw-dump"
 		application.language = "en_GB.UTF-8"
 		application.process.id = "90789"
 		application.process.user = "admin"
 		application.process.host = "larkbridge"
 		log.level = "0"
 		cpu.max-align = "16"
 		default.clock.rate = "48000"
 		default.clock.quantum = "1024"
 		default.clock.min-quantum = "32"
 		default.clock.max-quantum = "2048"
 		default.clock.quantum-limit = "8192"
 		default.clock.quantum-floor = "4"
 		default.video.width = "640"
 		default.video.height = "480"
 		default.video.rate.num = "25"
 		default.video.rate.denom = "1"
 		clock.power-of-two-quantum = "true"
 		link.max-buffers = "64"
 		mem.warn-mlock = "false"
 		mem.allow-mlock = "true"
 		settings.check-quantum = "false"
 		settings.check-rate = "false"
 		core.version = "1.4.2"
 		pipewire.access = "unrestricted"
removed:
	id: 158
added:
	id: 158
	permissions: rwxm-
	type: PipeWire:Interface:Client (version 3)
 	properties:
 		pipewire.protocol = "protocol-native"
 		core.name = "pipewire-admin-90791"
 		pipewire.sec.socket = "pipewire-0"
 		pipewire.sec.pid = "90791"
 		pipewire.sec.uid = "1000"
 		pipewire.sec.gid = "1000"
 		module.id = "2"
 		object.id = "158"
 		object.serial = "27944"
 		application.name = "pw-link"
 		application.process.binary = "pw-link"
 		application.language = "en_GB.UTF-8"
 		application.process.id = "90791"
 		application.process.user = "admin"
 		application.process.host = "larkbridge"
 		log.level = "0"
 		cpu.max-align = "16"
 		default.clock.rate = "48000"
 		default.clock.quantum = "1024"
 		default.clock.min-quantum = "32"
 		default.clock.max-quantum = "2048"
 		default.clock.quantum-limit = "8192"
 		default.clock.quantum-floor = "4"
 		default.video.width = "640"
 		default.video.height = "480"
 		default.video.rate.num = "25"
 		default.video.rate.denom = "1"
 		clock.power-of-two-quantum = "true"
 		link.max-buffers = "64"
 		mem.warn-mlock = "false"
 		mem.allow-mlock = "true"
 		settings.check-quantum = "false"
 		settings.check-rate = "false"
 		core.version = "1.4.2"
 		pipewire.access = "unrestricted"
removed:
	id: 158
added:
	id: 158
	permissions: rwxm-
	type: PipeWire:Interface:Client (version 3)
 	properties:
 		pipewire.protocol = "protocol-native"
 		core.name = "pipewire-admin-90806"
 		pipewire.sec.socket = "pipewire-0-manager"
 		pipewire.sec.pid = "90806"
 		pipewire.sec.uid = "1000"
 		pipewire.sec.gid = "1000"
 		module.id = "2"
 		object.id = "158"
 		object.serial = "27945"
 		remote.intention = "manager"
 		application.name = "pw-dump"
 		application.process.binary = "pw-dump"
 		application.language = "en_GB.UTF-8"
 		application.process.id = "90806"
 		application.process.user = "admin"
 		application.process.host = "larkbridge"
 		log.level = "0"
 		cpu.max-align = "16"
 		default.clock.rate = "48000"
 		default.clock.quantum = "1024"
 		default.clock.min-quantum = "32"
 		default.clock.max-quantum = "2048"
 		default.clock.quantum-limit = "8192"
 		default.clock.quantum-floor = "4"
 		default.video.width = "640"
 		default.video.height = "480"
 		default.video.rate.num = "25"
 		default.video.rate.denom = "1"
 		clock.power-of-two-quantum = "true"
 		link.max-buffers = "64"
 		mem.warn-mlock = "false"
 		mem.allow-mlock = "true"
 		settings.check-quantum = "false"
 		settings.check-rate = "false"
 		core.version = "1.4.2"
 		pipewire.access = "unrestricted"
removed:
	id: 158
added:
	id: 158
	permissions: rwxm-
	type: PipeWire:Interface:Client (version 3)
 	properties:
 		pipewire.protocol = "protocol-native"
 		core.name = "pipewire-admin-90808"
 		pipewire.sec.socket = "pipewire-0"
 		pipewire.sec.pid = "90808"
 		pipewire.sec.uid = "1000"
 		pipewire.sec.gid = "1000"
 		module.id = "2"
 		object.id = "158"
 		object.serial = "27946"
 		application.name = "pw-link"
 		application.process.binary = "pw-link"
 		application.language = "en_GB.UTF-8"
 		application.process.id = "90808"
 		application.process.user = "admin"
 		application.process.host = "larkbridge"
 		log.level = "0"
 		cpu.max-align = "16"
 		default.clock.rate = "48000"
 		default.clock.quantum = "1024"
 		default.clock.min-quantum = "32"
 		default.clock.max-quantum = "2048"
 		default.clock.quantum-limit = "8192"
 		default.clock.quantum-floor = "4"
 		default.video.width = "640"
 		default.video.height = "480"
 		default.video.rate.num = "25"
 		default.video.rate.denom = "1"
 		clock.power-of-two-quantum = "true"
 		link.max-buffers = "64"
 		mem.warn-mlock = "false"
 		mem.allow-mlock = "true"
 		settings.check-quantum = "false"
 		settings.check-rate = "false"
 		core.version = "1.4.2"
 		pipewire.access = "unrestricted"
removed:
	id: 158
added:
	id: 158
	permissions: rwxm-
	type: PipeWire:Interface:Client (version 3)
 	properties:
 		pipewire.protocol = "protocol-native"
 		core.name = "pipewire-admin-90821"
 		pipewire.sec.socket = "pipewire-0-manager"
 		pipewire.sec.pid = "90821"
 		pipewire.sec.uid = "1000"
 		pipewire.sec.gid = "1000"
 		module.id = "2"
 		object.id = "158"
 		object.serial = "27947"
 		remote.intention = "manager"
 		application.name = "pw-dump"
 		application.process.binary = "pw-dump"
 		application.language = "en_GB.UTF-8"
 		application.process.id = "90821"
 		application.process.user = "admin"
 		application.process.host = "larkbridge"
 		log.level = "0"
 		cpu.max-align = "16"
 		default.clock.rate = "48000"
 		default.clock.quantum = "1024"
 		default.clock.min-quantum = "32"
 		default.clock.max-quantum = "2048"
 		default.clock.quantum-limit = "8192"
 		default.clock.quantum-floor = "4"
 		default.video.width = "640"
 		default.video.height = "480"
 		default.video.rate.num = "25"
 		default.video.rate.denom = "1"
 		clock.power-of-two-quantum = "true"
 		link.max-buffers = "64"
 		mem.warn-mlock = "false"
 		mem.allow-mlock = "true"
 		settings.check-quantum = "false"
 		settings.check-rate = "false"
 		core.version = "1.4.2"
 		pipewire.access = "unrestricted"
removed:
	id: 158
added:
	id: 158
	permissions: rwxm-
	type: PipeWire:Interface:Client (version 3)
 	properties:
 		pipewire.protocol = "protocol-native"
 		core.name = "pipewire-admin-90826"
 		pipewire.sec.socket = "pipewire-0"
 		pipewire.sec.pid = "90826"
 		pipewire.sec.uid = "1000"
 		pipewire.sec.gid = "1000"
 		module.id = "2"
 		object.id = "158"
 		object.serial = "27948"
 		application.name = "pw-link"
 		application.process.binary = "pw-link"
 		application.language = "en_GB.UTF-8"
 		application.process.id = "90826"
 		application.process.user = "admin"
 		application.process.host = "larkbridge"
 		log.level = "0"
 		cpu.max-align = "16"
 		default.clock.rate = "48000"
 		default.clock.quantum = "1024"
 		default.clock.min-quantum = "32"
 		default.clock.max-quantum = "2048"
 		default.clock.quantum-limit = "8192"
 		default.clock.quantum-floor = "4"
 		default.video.width = "640"
 		default.video.height = "480"
 		default.video.rate.num = "25"
 		default.video.rate.denom = "1"
 		clock.power-of-two-quantum = "true"
 		link.max-buffers = "64"
 		mem.warn-mlock = "false"
 		mem.allow-mlock = "true"
 		settings.check-quantum = "false"
 		settings.check-rate = "false"
 		core.version = "1.4.2"
 		pipewire.access = "unrestricted"
removed:
	id: 158
added:
	id: 158
	permissions: rwxm-
	type: PipeWire:Interface:Client (version 3)
 	properties:
 		pipewire.protocol = "protocol-native"
 		core.name = "pipewire-admin-90836"
 		pipewire.sec.socket = "pipewire-0-manager"
 		pipewire.sec.pid = "90836"
 		pipewire.sec.uid = "1000"
 		pipewire.sec.gid = "1000"
 		module.id = "2"
 		object.id = "158"
 		object.serial = "27949"
 		remote.intention = "manager"
 		application.name = "pw-dump"
 		application.process.binary = "pw-dump"
 		application.language = "en_GB.UTF-8"
 		application.process.id = "90836"
 		application.process.user = "admin"
 		application.process.host = "larkbridge"
 		log.level = "0"
 		cpu.max-align = "16"
 		default.clock.rate = "48000"
 		default.clock.quantum = "1024"
 		default.clock.min-quantum = "32"
 		default.clock.max-quantum = "2048"
 		default.clock.quantum-limit = "8192"
 		default.clock.quantum-floor = "4"
 		default.video.width = "640"
 		default.video.height = "480"
 		default.video.rate.num = "25"
 		default.video.rate.denom = "1"
 		clock.power-of-two-quantum = "true"
 		link.max-buffers = "64"
 		mem.warn-mlock = "false"
 		mem.allow-mlock = "true"
 		settings.check-quantum = "false"
 		settings.check-rate = "false"
 		core.version = "1.4.2"
 		pipewire.access = "unrestricted"
removed:
	id: 158
added:
	id: 158
	permissions: rwxm-
	type: PipeWire:Interface:Client (version 3)
 	properties:
 		pipewire.protocol = "protocol-native"
 		core.name = "pipewire-admin-90842"
 		pipewire.sec.socket = "pipewire-0"
 		pipewire.sec.pid = "90842"
 		pipewire.sec.uid = "1000"
 		pipewire.sec.gid = "1000"
 		module.id = "2"
 		object.id = "158"
 		object.serial = "27950"
 		application.name = "pw-link"
 		application.process.binary = "pw-link"
 		application.language = "en_GB.UTF-8"
 		application.process.id = "90842"
 		application.process.user = "admin"
 		application.process.host = "larkbridge"
 		log.level = "0"
 		cpu.max-align = "16"
 		default.clock.rate = "48000"
 		default.clock.quantum = "1024"
 		default.clock.min-quantum = "32"
 		default.clock.max-quantum = "2048"
 		default.clock.quantum-limit = "8192"
 		default.clock.quantum-floor = "4"
 		default.video.width = "640"
 		default.video.height = "480"
 		default.video.rate.num = "25"
 		default.video.rate.denom = "1"
 		clock.power-of-two-quantum = "true"
 		link.max-buffers = "64"
 		mem.warn-mlock = "false"
 		mem.allow-mlock = "true"
 		settings.check-quantum = "false"
 		settings.check-rate = "false"
 		core.version = "1.4.2"
 		pipewire.access = "unrestricted"
removed:
	id: 158
added:
	id: 158
	permissions: rwxm-
	type: PipeWire:Interface:Client (version 3)
 	properties:
 		pipewire.protocol = "protocol-native"
 		core.name = "pipewire-admin-90851"
 		pipewire.sec.socket = "pipewire-0-manager"
 		pipewire.sec.pid = "90851"
 		pipewire.sec.uid = "1000"
 		pipewire.sec.gid = "1000"
 		module.id = "2"
 		object.id = "158"
 		object.serial = "27951"
 		remote.intention = "manager"
 		application.name = "pw-dump"
 		application.process.binary = "pw-dump"
 		application.language = "en_GB.UTF-8"
 		application.process.id = "90851"
 		application.process.user = "admin"
 		application.process.host = "larkbridge"
 		log.level = "0"
 		cpu.max-align = "16"
 		default.clock.rate = "48000"
 		default.clock.quantum = "1024"
 		default.clock.min-quantum = "32"
 		default.clock.max-quantum = "2048"
 		default.clock.quantum-limit = "8192"
 		default.clock.quantum-floor = "4"
 		default.video.width = "640"
 		default.video.height = "480"
 		default.video.rate.num = "25"
 		default.video.rate.denom = "1"
 		clock.power-of-two-quantum = "true"
 		link.max-buffers = "64"
 		mem.warn-mlock = "false"
 		mem.allow-mlock = "true"
 		settings.check-quantum = "false"
 		settings.check-rate = "false"
 		core.version = "1.4.2"
 		pipewire.access = "unrestricted"
removed:
	id: 158
added:
	id: 158
	permissions: rwxm-
	type: PipeWire:Interface:Client (version 3)
 	properties:
 		pipewire.protocol = "protocol-native"
 		core.name = "pipewire-admin-90858"
 		pipewire.sec.socket = "pipewire-0"
 		pipewire.sec.pid = "90858"
 		pipewire.sec.uid = "1000"
 		pipewire.sec.gid = "1000"
 		module.id = "2"
 		object.id = "158"
 		object.serial = "27952"
 		application.name = "pw-link"
 		application.process.binary = "pw-link"
 		application.language = "en_GB.UTF-8"
 		application.process.id = "90858"
 		application.process.user = "admin"
 		application.process.host = "larkbridge"
 		log.level = "0"
 		cpu.max-align = "16"
 		default.clock.rate = "48000"
 		default.clock.quantum = "1024"
 		default.clock.min-quantum = "32"
 		default.clock.max-quantum = "2048"
 		default.clock.quantum-limit = "8192"
 		default.clock.quantum-floor = "4"
 		default.video.width = "640"
 		default.video.height = "480"
 		default.video.rate.num = "25"
 		default.video.rate.denom = "1"
 		clock.power-of-two-quantum = "true"
 		link.max-buffers = "64"
 		mem.warn-mlock = "false"
 		mem.allow-mlock = "true"
 		settings.check-quantum = "false"
 		settings.check-rate = "false"
 		core.version = "1.4.2"
 		pipewire.access = "unrestricted"
removed:
	id: 158
added:
	id: 158
	permissions: rwxm-
	type: PipeWire:Interface:Client (version 3)
 	properties:
 		pipewire.protocol = "protocol-native"
 		core.name = "pipewire-admin-90873"
 		pipewire.sec.socket = "pipewire-0-manager"
 		pipewire.sec.pid = "90873"
 		pipewire.sec.uid = "1000"
 		pipewire.sec.gid = "1000"
 		module.id = "2"
 		object.id = "158"
 		object.serial = "27953"
 		remote.intention = "manager"
 		application.name = "pw-dump"
 		application.process.binary = "pw-dump"
 		application.language = "en_GB.UTF-8"
 		application.process.id = "90873"
 		application.process.user = "admin"
 		application.process.host = "larkbridge"
 		log.level = "0"
 		cpu.max-align = "16"
 		default.clock.rate = "48000"
 		default.clock.quantum = "1024"
 		default.clock.min-quantum = "32"
 		default.clock.max-quantum = "2048"
 		default.clock.quantum-limit = "8192"
 		default.clock.quantum-floor = "4"
 		default.video.width = "640"
 		default.video.height = "480"
 		default.video.rate.num = "25"
 		default.video.rate.denom = "1"
 		clock.power-of-two-quantum = "true"
 		link.max-buffers = "64"
 		mem.warn-mlock = "false"
 		mem.allow-mlock = "true"
 		settings.check-quantum = "false"
 		settings.check-rate = "false"
 		core.version = "1.4.2"
 		pipewire.access = "unrestricted"
removed:
	id: 158
removed:
	id: 158
added:
	id: 158
	permissions: rwxm-
	type: PipeWire:Interface:Client (version 3)
 	properties:
 		pipewire.protocol = "protocol-native"
 		core.name = "pipewire-admin-90892"
 		pipewire.sec.socket = "pipewire-0-manager"
 		pipewire.sec.pid = "90892"
 		pipewire.sec.uid = "1000"
 		pipewire.sec.gid = "1000"
 		module.id = "2"
 		object.id = "158"
 		object.serial = "27955"
 		remote.intention = "manager"
 		application.name = "pw-dump"
 		application.process.binary = "pw-dump"
 		application.language = "en_GB.UTF-8"
 		application.process.id = "90892"
 		application.process.user = "admin"
 		application.process.host = "larkbridge"
 		log.level = "0"
 		cpu.max-align = "16"
 		default.clock.rate = "48000"
 		default.clock.quantum = "1024"
 		default.clock.min-quantum = "32"
 		default.clock.max-quantum = "2048"
 		default.clock.quantum-limit = "8192"
 		default.clock.quantum-floor = "4"
 		default.video.width = "640"
 		default.video.height = "480"
 		default.video.rate.num = "25"
 		default.video.rate.denom = "1"
 		clock.power-of-two-quantum = "true"
 		link.max-buffers = "64"
 		mem.warn-mlock = "false"
 		mem.allow-mlock = "true"
 		settings.check-quantum = "false"
 		settings.check-rate = "false"
 		core.version = "1.4.2"
 		pipewire.access = "unrestricted"
removed:
	id: 158
added:
	id: 158
	permissions: rwxm-
	type: PipeWire:Interface:Client (version 3)
 	properties:
 		pipewire.protocol = "protocol-native"
 		core.name = "pipewire-admin-90894"
 		pipewire.sec.socket = "pipewire-0"
 		pipewire.sec.pid = "90894"
 		pipewire.sec.uid = "1000"
 		pipewire.sec.gid = "1000"
 		module.id = "2"
 		object.id = "158"
 		object.serial = "27956"
 		application.name = "pw-link"
 		application.process.binary = "pw-link"
 		application.language = "en_GB.UTF-8"
 		application.process.id = "90894"
 		application.process.user = "admin"
 		application.process.host = "larkbridge"
 		log.level = "0"
 		cpu.max-align = "16"
 		default.clock.rate = "48000"
 		default.clock.quantum = "1024"
 		default.clock.min-quantum = "32"
 		default.clock.max-quantum = "2048"
 		default.clock.quantum-limit = "8192"
 		default.clock.quantum-floor = "4"
 		default.video.width = "640"
 		default.video.height = "480"
 		default.video.rate.num = "25"
 		default.video.rate.denom = "1"
 		clock.power-of-two-quantum = "true"
 		link.max-buffers = "64"
 		mem.warn-mlock = "false"
 		mem.allow-mlock = "true"
 		settings.check-quantum = "false"
 		settings.check-rate = "false"
 		core.version = "1.4.2"
 		pipewire.access = "unrestricted"
removed:
	id: 158
added:
	id: 158
	permissions: rwxm-
	type: PipeWire:Interface:Client (version 3)
 	properties:
 		pipewire.protocol = "protocol-native"
 		core.name = "pipewire-admin-90907"
 		pipewire.sec.socket = "pipewire-0-manager"
 		pipewire.sec.pid = "90907"
 		pipewire.sec.uid = "1000"
 		pipewire.sec.gid = "1000"
 		module.id = "2"
 		object.id = "158"
 		object.serial = "27957"
 		remote.intention = "manager"
 		application.name = "pw-dump"
 		application.process.binary = "pw-dump"
 		application.language = "en_GB.UTF-8"
 		application.process.id = "90907"
 		application.process.user = "admin"
 		application.process.host = "larkbridge"
 		log.level = "0"
 		cpu.max-align = "16"
 		default.clock.rate = "48000"
 		default.clock.quantum = "1024"
 		default.clock.min-quantum = "32"
 		default.clock.max-quantum = "2048"
 		default.clock.quantum-limit = "8192"
 		default.clock.quantum-floor = "4"
 		default.video.width = "640"
 		default.video.height = "480"
 		default.video.rate.num = "25"
 		default.video.rate.denom = "1"
 		clock.power-of-two-quantum = "true"
 		link.max-buffers = "64"
 		mem.warn-mlock = "false"
 		mem.allow-mlock = "true"
 		settings.check-quantum = "false"
 		settings.check-rate = "false"
 		core.version = "1.4.2"
 		pipewire.access = "unrestricted"
removed:
	id: 158
added:
	id: 158
	permissions: rwxm-
	type: PipeWire:Interface:Client (version 3)
 	properties:
 		pipewire.protocol = "protocol-native"
 		core.name = "pipewire-admin-90909"
 		pipewire.sec.socket = "pipewire-0"
 		pipewire.sec.pid = "90909"
 		pipewire.sec.uid = "1000"
 		pipewire.sec.gid = "1000"
 		module.id = "2"
 		object.id = "158"
 		object.serial = "27958"
 		application.name = "pw-link"
 		application.process.binary = "pw-link"
 		application.language = "en_GB.UTF-8"
 		application.process.id = "90909"
 		application.process.user = "admin"
 		application.process.host = "larkbridge"
 		log.level = "0"
 		cpu.max-align = "16"
 		default.clock.rate = "48000"
 		default.clock.quantum = "1024"
 		default.clock.min-quantum = "32"
 		default.clock.max-quantum = "2048"
 		default.clock.quantum-limit = "8192"
 		default.clock.quantum-floor = "4"
 		default.video.width = "640"
 		default.video.height = "480"
 		default.video.rate.num = "25"
 		default.video.rate.denom = "1"
 		clock.power-of-two-quantum = "true"
 		link.max-buffers = "64"
 		mem.warn-mlock = "false"
 		mem.allow-mlock = "true"
 		settings.check-quantum = "false"
 		settings.check-rate = "false"
 		core.version = "1.4.2"
 		pipewire.access = "unrestricted"
removed:
	id: 158
added:
	id: 158
	permissions: rwxm-
	type: PipeWire:Interface:Client (version 3)
 	properties:
 		pipewire.protocol = "protocol-native"
 		core.name = "pipewire-admin-90922"
 		pipewire.sec.socket = "pipewire-0-manager"
 		pipewire.sec.pid = "90922"
 		pipewire.sec.uid = "1000"
 		pipewire.sec.gid = "1000"
 		module.id = "2"
 		object.id = "158"
 		object.serial = "27959"
 		remote.intention = "manager"
 		application.name = "pw-dump"
 		application.process.binary = "pw-dump"
 		application.language = "en_GB.UTF-8"
 		application.process.id = "90922"
 		application.process.user = "admin"
 		application.process.host = "larkbridge"
 		log.level = "0"
 		cpu.max-align = "16"
 		default.clock.rate = "48000"
 		default.clock.quantum = "1024"
 		default.clock.min-quantum = "32"
 		default.clock.max-quantum = "2048"
 		default.clock.quantum-limit = "8192"
 		default.clock.quantum-floor = "4"
 		default.video.width = "640"
 		default.video.height = "480"
 		default.video.rate.num = "25"
 		default.video.rate.denom = "1"
 		clock.power-of-two-quantum = "true"
 		link.max-buffers = "64"
 		mem.warn-mlock = "false"
 		mem.allow-mlock = "true"
 		settings.check-quantum = "false"
 		settings.check-rate = "false"
 		core.version = "1.4.2"
 		pipewire.access = "unrestricted"
removed:
	id: 158
added:
	id: 158
	permissions: rwxm-
	type: PipeWire:Interface:Client (version 3)
 	properties:
 		pipewire.protocol = "protocol-native"
 		core.name = "pipewire-admin-90924"
 		pipewire.sec.socket = "pipewire-0"
 		pipewire.sec.pid = "90924"
 		pipewire.sec.uid = "1000"
 		pipewire.sec.gid = "1000"
 		module.id = "2"
 		object.id = "158"
 		object.serial = "27960"
 		application.name = "pw-link"
 		application.process.binary = "pw-link"
 		application.language = "en_GB.UTF-8"
 		application.process.id = "90924"
 		application.process.user = "admin"
 		application.process.host = "larkbridge"
 		log.level = "0"
 		cpu.max-align = "16"
 		default.clock.rate = "48000"
 		default.clock.quantum = "1024"
 		default.clock.min-quantum = "32"
 		default.clock.max-quantum = "2048"
 		default.clock.quantum-limit = "8192"
 		default.clock.quantum-floor = "4"
 		default.video.width = "640"
 		default.video.height = "480"
 		default.video.rate.num = "25"
 		default.video.rate.denom = "1"
 		clock.power-of-two-quantum = "true"
 		link.max-buffers = "64"
 		mem.warn-mlock = "false"
 		mem.allow-mlock = "true"
 		settings.check-quantum = "false"
 		settings.check-rate = "false"
 		core.version = "1.4.2"
 		pipewire.access = "unrestricted"
removed:
	id: 158
added:
	id: 158
	permissions: rwxm-
	type: PipeWire:Interface:Client (version 3)
 	properties:
 		pipewire.protocol = "protocol-native"
 		core.name = "pipewire-admin-90940"
 		pipewire.sec.socket = "pipewire-0-manager"
 		pipewire.sec.pid = "90940"
 		pipewire.sec.uid = "1000"
 		pipewire.sec.gid = "1000"
 		module.id = "2"
 		object.id = "158"
 		object.serial = "27961"
 		remote.intention = "manager"
 		application.name = "pw-dump"
 		application.process.binary = "pw-dump"
 		application.language = "en_GB.UTF-8"
 		application.process.id = "90940"
 		application.process.user = "admin"
 		application.process.host = "larkbridge"
 		log.level = "0"
 		cpu.max-align = "16"
 		default.clock.rate = "48000"
 		default.clock.quantum = "1024"
 		default.clock.min-quantum = "32"
 		default.clock.max-quantum = "2048"
 		default.clock.quantum-limit = "8192"
 		default.clock.quantum-floor = "4"
 		default.video.width = "640"
 		default.video.height = "480"
 		default.video.rate.num = "25"
 		default.video.rate.denom = "1"
 		clock.power-of-two-quantum = "true"
 		link.max-buffers = "64"
 		mem.warn-mlock = "false"
 		mem.allow-mlock = "true"
 		settings.check-quantum = "false"
 		settings.check-rate = "false"
 		core.version = "1.4.2"
 		pipewire.access = "unrestricted"
removed:
	id: 158
removed:
	id: 158
added:
	id: 158
	permissions: rwxm-
	type: PipeWire:Interface:Client (version 3)
 	properties:
 		pipewire.protocol = "protocol-native"
 		core.name = "pipewire-admin-90958"
 		pipewire.sec.socket = "pipewire-0-manager"
 		pipewire.sec.pid = "90958"
 		pipewire.sec.uid = "1000"
 		pipewire.sec.gid = "1000"
 		module.id = "2"
 		object.id = "158"
 		object.serial = "27963"
 		remote.intention = "manager"
 		application.name = "pw-dump"
 		application.process.binary = "pw-dump"
 		application.language = "en_GB.UTF-8"
 		application.process.id = "90958"
 		application.process.user = "admin"
 		application.process.host = "larkbridge"
 		log.level = "0"
 		cpu.max-align = "16"
 		default.clock.rate = "48000"
 		default.clock.quantum = "1024"
 		default.clock.min-quantum = "32"
 		default.clock.max-quantum = "2048"
 		default.clock.quantum-limit = "8192"
 		default.clock.quantum-floor = "4"
 		default.video.width = "640"
 		default.video.height = "480"
 		default.video.rate.num = "25"
 		default.video.rate.denom = "1"
 		clock.power-of-two-quantum = "true"
 		link.max-buffers = "64"
 		mem.warn-mlock = "false"
 		mem.allow-mlock = "true"
 		settings.check-quantum = "false"
 		settings.check-rate = "false"
 		core.version = "1.4.2"
 		pipewire.access = "unrestricted"
removed:
	id: 158
added:
	id: 158
	permissions: rwxm-
	type: PipeWire:Interface:Client (version 3)
 	properties:
 		pipewire.protocol = "protocol-native"
 		core.name = "pipewire-admin-90960"
 		pipewire.sec.socket = "pipewire-0"
 		pipewire.sec.pid = "90960"
 		pipewire.sec.uid = "1000"
 		pipewire.sec.gid = "1000"
 		module.id = "2"
 		object.id = "158"
 		object.serial = "27964"
 		application.name = "pw-link"
 		application.process.binary = "pw-link"
 		application.language = "en_GB.UTF-8"
 		application.process.id = "90960"
 		application.process.user = "admin"
 		application.process.host = "larkbridge"
 		log.level = "0"
 		cpu.max-align = "16"
 		default.clock.rate = "48000"
 		default.clock.quantum = "1024"
 		default.clock.min-quantum = "32"
 		default.clock.max-quantum = "2048"
 		default.clock.quantum-limit = "8192"
 		default.clock.quantum-floor = "4"
 		default.video.width = "640"
 		default.video.height = "480"
 		default.video.rate.num = "25"
 		default.video.rate.denom = "1"
 		clock.power-of-two-quantum = "true"
 		link.max-buffers = "64"
 		mem.warn-mlock = "false"
 		mem.allow-mlock = "true"
 		settings.check-quantum = "false"
 		settings.check-rate = "false"
 		core.version = "1.4.2"
 		pipewire.access = "unrestricted"
removed:
	id: 158
added:
	id: 158
	permissions: rwxm-
	type: PipeWire:Interface:Client (version 3)
 	properties:
 		pipewire.protocol = "protocol-native"
 		core.name = "pipewire-admin-90979"
 		pipewire.sec.socket = "pipewire-0-manager"
 		pipewire.sec.pid = "90979"
 		pipewire.sec.uid = "1000"
 		pipewire.sec.gid = "1000"
 		module.id = "2"
 		object.id = "158"
 		object.serial = "27965"
 		remote.intention = "manager"
 		application.name = "pw-dump"
 		application.process.binary = "pw-dump"
 		application.language = "en_GB.UTF-8"
 		application.process.id = "90979"
 		application.process.user = "admin"
 		application.process.host = "larkbridge"
 		log.level = "0"
 		cpu.max-align = "16"
 		default.clock.rate = "48000"
 		default.clock.quantum = "1024"
 		default.clock.min-quantum = "32"
 		default.clock.max-quantum = "2048"
 		default.clock.quantum-limit = "8192"
 		default.clock.quantum-floor = "4"
 		default.video.width = "640"
 		default.video.height = "480"
 		default.video.rate.num = "25"
 		default.video.rate.denom = "1"
 		clock.power-of-two-quantum = "true"
 		link.max-buffers = "64"
 		mem.warn-mlock = "false"
 		mem.allow-mlock = "true"
 		settings.check-quantum = "false"
 		settings.check-rate = "false"
 		core.version = "1.4.2"
 		pipewire.access = "unrestricted"
removed:
	id: 158
added:
	id: 158
	permissions: rwxm-
	type: PipeWire:Interface:Client (version 3)
 	properties:
 		pipewire.protocol = "protocol-native"
 		core.name = "pipewire-admin-90981"
 		pipewire.sec.socket = "pipewire-0"
 		pipewire.sec.pid = "90981"
 		pipewire.sec.uid = "1000"
 		pipewire.sec.gid = "1000"
 		module.id = "2"
 		object.id = "158"
 		object.serial = "27966"
 		application.name = "pw-link"
 		application.process.binary = "pw-link"
 		application.language = "en_GB.UTF-8"
 		application.process.id = "90981"
 		application.process.user = "admin"
 		application.process.host = "larkbridge"
 		log.level = "0"
 		cpu.max-align = "16"
 		default.clock.rate = "48000"
 		default.clock.quantum = "1024"
 		default.clock.min-quantum = "32"
 		default.clock.max-quantum = "2048"
 		default.clock.quantum-limit = "8192"
 		default.clock.quantum-floor = "4"
 		default.video.width = "640"
 		default.video.height = "480"
 		default.video.rate.num = "25"
 		default.video.rate.denom = "1"
 		clock.power-of-two-quantum = "true"
 		link.max-buffers = "64"
 		mem.warn-mlock = "false"
 		mem.allow-mlock = "true"
 		settings.check-quantum = "false"
 		settings.check-rate = "false"
 		core.version = "1.4.2"
 		pipewire.access = "unrestricted"
removed:
	id: 158
added:
	id: 158
	permissions: rwxm-
	type: PipeWire:Interface:Client (version 3)
 	properties:
 		pipewire.protocol = "protocol-native"
 		core.name = "pipewire-admin-90994"
 		pipewire.sec.socket = "pipewire-0-manager"
 		pipewire.sec.pid = "90994"
 		pipewire.sec.uid = "1000"
 		pipewire.sec.gid = "1000"
 		module.id = "2"
 		object.id = "158"
 		object.serial = "27967"
 		remote.intention = "manager"
 		application.name = "pw-dump"
 		application.process.binary = "pw-dump"
 		application.language = "en_GB.UTF-8"
 		application.process.id = "90994"
 		application.process.user = "admin"
 		application.process.host = "larkbridge"
 		log.level = "0"
 		cpu.max-align = "16"
 		default.clock.rate = "48000"
 		default.clock.quantum = "1024"
 		default.clock.min-quantum = "32"
 		default.clock.max-quantum = "2048"
 		default.clock.quantum-limit = "8192"
 		default.clock.quantum-floor = "4"
 		default.video.width = "640"
 		default.video.height = "480"
 		default.video.rate.num = "25"
 		default.video.rate.denom = "1"
 		clock.power-of-two-quantum = "true"
 		link.max-buffers = "64"
 		mem.warn-mlock = "false"
 		mem.allow-mlock = "true"
 		settings.check-quantum = "false"
 		settings.check-rate = "false"
 		core.version = "1.4.2"
 		pipewire.access = "unrestricted"
removed:
	id: 158
added:
	id: 158
	permissions: rwxm-
	type: PipeWire:Interface:Client (version 3)
 	properties:
 		pipewire.protocol = "protocol-native"
 		core.name = "pipewire-admin-90996"
 		pipewire.sec.socket = "pipewire-0"
 		pipewire.sec.pid = "90996"
 		pipewire.sec.uid = "1000"
 		pipewire.sec.gid = "1000"
 		module.id = "2"
 		object.id = "158"
 		object.serial = "27968"
 		application.name = "pw-link"
 		application.process.binary = "pw-link"
 		application.language = "en_GB.UTF-8"
 		application.process.id = "90996"
 		application.process.user = "admin"
 		application.process.host = "larkbridge"
 		log.level = "0"
 		cpu.max-align = "16"
 		default.clock.rate = "48000"
 		default.clock.quantum = "1024"
 		default.clock.min-quantum = "32"
 		default.clock.max-quantum = "2048"
 		default.clock.quantum-limit = "8192"
 		default.clock.quantum-floor = "4"
 		default.video.width = "640"
 		default.video.height = "480"
 		default.video.rate.num = "25"
 		default.video.rate.denom = "1"
 		clock.power-of-two-quantum = "true"
 		link.max-buffers = "64"
 		mem.warn-mlock = "false"
 		mem.allow-mlock = "true"
 		settings.check-quantum = "false"
 		settings.check-rate = "false"
 		core.version = "1.4.2"
 		pipewire.access = "unrestricted"
removed:
	id: 158
added:
	id: 158
	permissions: rwxm-
	type: PipeWire:Interface:Client (version 3)
 	properties:
 		pipewire.protocol = "protocol-native"
 		core.name = "pipewire-admin-91009"
 		pipewire.sec.socket = "pipewire-0-manager"
 		pipewire.sec.pid = "91009"
 		pipewire.sec.uid = "1000"
 		pipewire.sec.gid = "1000"
 		module.id = "2"
 		object.id = "158"
 		object.serial = "27969"
 		remote.intention = "manager"
 		application.name = "pw-dump"
 		application.process.binary = "pw-dump"
 		application.language = "en_GB.UTF-8"
 		application.process.id = "91009"
 		application.process.user = "admin"
 		application.process.host = "larkbridge"
 		log.level = "0"
 		cpu.max-align = "16"
 		default.clock.rate = "48000"
 		default.clock.quantum = "1024"
 		default.clock.min-quantum = "32"
 		default.clock.max-quantum = "2048"
 		default.clock.quantum-limit = "8192"
 		default.clock.quantum-floor = "4"
 		default.video.width = "640"
 		default.video.height = "480"
 		default.video.rate.num = "25"
 		default.video.rate.denom = "1"
 		clock.power-of-two-quantum = "true"
 		link.max-buffers = "64"
 		mem.warn-mlock = "false"
 		mem.allow-mlock = "true"
 		settings.check-quantum = "false"
 		settings.check-rate = "false"
 		core.version = "1.4.2"
 		pipewire.access = "unrestricted"
removed:
	id: 158
added:
	id: 158
	permissions: rwxm-
	type: PipeWire:Interface:Client (version 3)
 	properties:
 		pipewire.protocol = "protocol-native"
 		core.name = "pipewire-admin-91011"
 		pipewire.sec.socket = "pipewire-0"
 		pipewire.sec.pid = "91011"
 		pipewire.sec.uid = "1000"
 		pipewire.sec.gid = "1000"
 		module.id = "2"
 		object.id = "158"
 		object.serial = "27970"
 		application.name = "pw-link"
 		application.process.binary = "pw-link"
 		application.language = "en_GB.UTF-8"
 		application.process.id = "91011"
 		application.process.user = "admin"
 		application.process.host = "larkbridge"
 		log.level = "0"
 		cpu.max-align = "16"
 		default.clock.rate = "48000"
 		default.clock.quantum = "1024"
 		default.clock.min-quantum = "32"
 		default.clock.max-quantum = "2048"
 		default.clock.quantum-limit = "8192"
 		default.clock.quantum-floor = "4"
 		default.video.width = "640"
 		default.video.height = "480"
 		default.video.rate.num = "25"
 		default.video.rate.denom = "1"
 		clock.power-of-two-quantum = "true"
 		link.max-buffers = "64"
 		mem.warn-mlock = "false"
 		mem.allow-mlock = "true"
 		settings.check-quantum = "false"
 		settings.check-rate = "false"
 		core.version = "1.4.2"
 		pipewire.access = "unrestricted"
removed:
	id: 158
added:
	id: 158
	permissions: rwxm-
	type: PipeWire:Interface:Client (version 3)
 	properties:
 		pipewire.protocol = "protocol-native"
 		core.name = "pipewire-admin-91024"
 		pipewire.sec.socket = "pipewire-0-manager"
 		pipewire.sec.pid = "91024"
 		pipewire.sec.uid = "1000"
 		pipewire.sec.gid = "1000"
 		module.id = "2"
 		object.id = "158"
 		object.serial = "27971"
 		remote.intention = "manager"
 		application.name = "pw-dump"
 		application.process.binary = "pw-dump"
 		application.language = "en_GB.UTF-8"
 		application.process.id = "91024"
 		application.process.user = "admin"
 		application.process.host = "larkbridge"
 		log.level = "0"
 		cpu.max-align = "16"
 		default.clock.rate = "48000"
 		default.clock.quantum = "1024"
 		default.clock.min-quantum = "32"
 		default.clock.max-quantum = "2048"
 		default.clock.quantum-limit = "8192"
 		default.clock.quantum-floor = "4"
 		default.video.width = "640"
 		default.video.height = "480"
 		default.video.rate.num = "25"
 		default.video.rate.denom = "1"
 		clock.power-of-two-quantum = "true"
 		link.max-buffers = "64"
 		mem.warn-mlock = "false"
 		mem.allow-mlock = "true"
 		settings.check-quantum = "false"
 		settings.check-rate = "false"
 		core.version = "1.4.2"
 		pipewire.access = "unrestricted"
removed:
	id: 158
added:
	id: 158
	permissions: rwxm-
	type: PipeWire:Interface:Client (version 3)
 	properties:
 		pipewire.protocol = "protocol-native"
 		core.name = "pipewire-admin-91026"
 		pipewire.sec.socket = "pipewire-0"
 		pipewire.sec.pid = "91026"
 		pipewire.sec.uid = "1000"
 		pipewire.sec.gid = "1000"
 		module.id = "2"
 		object.id = "158"
 		object.serial = "27972"
 		application.name = "pw-link"
 		application.process.binary = "pw-link"
 		application.language = "en_GB.UTF-8"
 		application.process.id = "91026"
 		application.process.user = "admin"
 		application.process.host = "larkbridge"
 		log.level = "0"
 		cpu.max-align = "16"
 		default.clock.rate = "48000"
 		default.clock.quantum = "1024"
 		default.clock.min-quantum = "32"
 		default.clock.max-quantum = "2048"
 		default.clock.quantum-limit = "8192"
 		default.clock.quantum-floor = "4"
 		default.video.width = "640"
 		default.video.height = "480"
 		default.video.rate.num = "25"
 		default.video.rate.denom = "1"
 		clock.power-of-two-quantum = "true"
 		link.max-buffers = "64"
 		mem.warn-mlock = "false"
 		mem.allow-mlock = "true"
 		settings.check-quantum = "false"
 		settings.check-rate = "false"
 		core.version = "1.4.2"
 		pipewire.access = "unrestricted"
removed:
	id: 158
added:
	id: 158
	permissions: rwxm-
	type: PipeWire:Interface:Client (version 3)
 	properties:
 		pipewire.protocol = "protocol-native"
 		core.name = "pipewire-admin-91039"
 		pipewire.sec.socket = "pipewire-0-manager"
 		pipewire.sec.pid = "91039"
 		pipewire.sec.uid = "1000"
 		pipewire.sec.gid = "1000"
 		module.id = "2"
 		object.id = "158"
 		object.serial = "27973"
 		remote.intention = "manager"
 		application.name = "pw-dump"
 		application.process.binary = "pw-dump"
 		application.language = "en_GB.UTF-8"
 		application.process.id = "91039"
 		application.process.user = "admin"
 		application.process.host = "larkbridge"
 		log.level = "0"
 		cpu.max-align = "16"
 		default.clock.rate = "48000"
 		default.clock.quantum = "1024"
 		default.clock.min-quantum = "32"
 		default.clock.max-quantum = "2048"
 		default.clock.quantum-limit = "8192"
 		default.clock.quantum-floor = "4"
 		default.video.width = "640"
 		default.video.height = "480"
 		default.video.rate.num = "25"
 		default.video.rate.denom = "1"
 		clock.power-of-two-quantum = "true"
 		link.max-buffers = "64"
 		mem.warn-mlock = "false"
 		mem.allow-mlock = "true"
 		settings.check-quantum = "false"
 		settings.check-rate = "false"
 		core.version = "1.4.2"
 		pipewire.access = "unrestricted"
removed:
	id: 158
added:
	id: 158
	permissions: rwxm-
	type: PipeWire:Interface:Client (version 3)
 	properties:
 		pipewire.protocol = "protocol-native"
 		core.name = "pipewire-admin-91041"
 		pipewire.sec.socket = "pipewire-0"
 		pipewire.sec.pid = "91041"
 		pipewire.sec.uid = "1000"
 		pipewire.sec.gid = "1000"
 		module.id = "2"
 		object.id = "158"
 		object.serial = "27974"
 		application.name = "pw-link"
 		application.process.binary = "pw-link"
 		application.language = "en_GB.UTF-8"
 		application.process.id = "91041"
 		application.process.user = "admin"
 		application.process.host = "larkbridge"
 		log.level = "0"
 		cpu.max-align = "16"
 		default.clock.rate = "48000"
 		default.clock.quantum = "1024"
 		default.clock.min-quantum = "32"
 		default.clock.max-quantum = "2048"
 		default.clock.quantum-limit = "8192"
 		default.clock.quantum-floor = "4"
 		default.video.width = "640"
 		default.video.height = "480"
 		default.video.rate.num = "25"
 		default.video.rate.denom = "1"
 		clock.power-of-two-quantum = "true"
 		link.max-buffers = "64"
 		mem.warn-mlock = "false"
 		mem.allow-mlock = "true"
 		settings.check-quantum = "false"
 		settings.check-rate = "false"
 		core.version = "1.4.2"
 		pipewire.access = "unrestricted"
removed:
	id: 158
added:
	id: 158
	permissions: rwxm-
	type: PipeWire:Interface:Client (version 3)
 	properties:
 		pipewire.protocol = "protocol-native"
 		core.name = "pipewire-admin-91056"
 		pipewire.sec.socket = "pipewire-0-manager"
 		pipewire.sec.pid = "91056"
 		pipewire.sec.uid = "1000"
 		pipewire.sec.gid = "1000"
 		module.id = "2"
 		object.id = "158"
 		object.serial = "27975"
 		remote.intention = "manager"
 		application.name = "pw-dump"
 		application.process.binary = "pw-dump"
 		application.language = "en_GB.UTF-8"
 		application.process.id = "91056"
 		application.process.user = "admin"
 		application.process.host = "larkbridge"
 		log.level = "0"
 		cpu.max-align = "16"
 		default.clock.rate = "48000"
 		default.clock.quantum = "1024"
 		default.clock.min-quantum = "32"
 		default.clock.max-quantum = "2048"
 		default.clock.quantum-limit = "8192"
 		default.clock.quantum-floor = "4"
 		default.video.width = "640"
 		default.video.height = "480"
 		default.video.rate.num = "25"
 		default.video.rate.denom = "1"
 		clock.power-of-two-quantum = "true"
 		link.max-buffers = "64"
 		mem.warn-mlock = "false"
 		mem.allow-mlock = "true"
 		settings.check-quantum = "false"
 		settings.check-rate = "false"
 		core.version = "1.4.2"
 		pipewire.access = "unrestricted"
removed:
	id: 158
added:
	id: 158
	permissions: rwxm-
	type: PipeWire:Interface:Client (version 3)
 	properties:
 		pipewire.protocol = "protocol-native"
 		core.name = "pipewire-admin-91058"
 		pipewire.sec.socket = "pipewire-0"
 		pipewire.sec.pid = "91058"
 		pipewire.sec.uid = "1000"
 		pipewire.sec.gid = "1000"
 		module.id = "2"
 		object.id = "158"
 		object.serial = "27976"
 		application.name = "pw-link"
 		application.process.binary = "pw-link"
 		application.language = "en_GB.UTF-8"
 		application.process.id = "91058"
 		application.process.user = "admin"
 		application.process.host = "larkbridge"
 		log.level = "0"
 		cpu.max-align = "16"
 		default.clock.rate = "48000"
 		default.clock.quantum = "1024"
 		default.clock.min-quantum = "32"
 		default.clock.max-quantum = "2048"
 		default.clock.quantum-limit = "8192"
 		default.clock.quantum-floor = "4"
 		default.video.width = "640"
 		default.video.height = "480"
 		default.video.rate.num = "25"
 		default.video.rate.denom = "1"
 		clock.power-of-two-quantum = "true"
 		link.max-buffers = "64"
 		mem.warn-mlock = "false"
 		mem.allow-mlock = "true"
 		settings.check-quantum = "false"
 		settings.check-rate = "false"
 		core.version = "1.4.2"
 		pipewire.access = "unrestricted"
removed:
	id: 158
added:
	id: 158
	permissions: rwxm-
	type: PipeWire:Interface:Client (version 3)
 	properties:
 		pipewire.protocol = "protocol-native"
 		core.name = "pipewire-admin-91071"
 		pipewire.sec.socket = "pipewire-0-manager"
 		pipewire.sec.pid = "91071"
 		pipewire.sec.uid = "1000"
 		pipewire.sec.gid = "1000"
 		module.id = "2"
 		object.id = "158"
 		object.serial = "27977"
 		remote.intention = "manager"
 		application.name = "pw-dump"
 		application.process.binary = "pw-dump"
 		application.language = "en_GB.UTF-8"
 		application.process.id = "91071"
 		application.process.user = "admin"
 		application.process.host = "larkbridge"
 		log.level = "0"
 		cpu.max-align = "16"
 		default.clock.rate = "48000"
 		default.clock.quantum = "1024"
 		default.clock.min-quantum = "32"
 		default.clock.max-quantum = "2048"
 		default.clock.quantum-limit = "8192"
 		default.clock.quantum-floor = "4"
 		default.video.width = "640"
 		default.video.height = "480"
 		default.video.rate.num = "25"
 		default.video.rate.denom = "1"
 		clock.power-of-two-quantum = "true"
 		link.max-buffers = "64"
 		mem.warn-mlock = "false"
 		mem.allow-mlock = "true"
 		settings.check-quantum = "false"
 		settings.check-rate = "false"
 		core.version = "1.4.2"
 		pipewire.access = "unrestricted"
removed:
	id: 158
added:
	id: 158
	permissions: rwxm-
	type: PipeWire:Interface:Client (version 3)
 	properties:
 		pipewire.protocol = "protocol-native"
 		core.name = "pipewire-admin-91073"
 		pipewire.sec.socket = "pipewire-0"
 		pipewire.sec.pid = "91073"
 		pipewire.sec.uid = "1000"
 		pipewire.sec.gid = "1000"
 		module.id = "2"
 		object.id = "158"
 		object.serial = "27978"
 		application.name = "pw-link"
 		application.process.binary = "pw-link"
 		application.language = "en_GB.UTF-8"
 		application.process.id = "91073"
 		application.process.user = "admin"
 		application.process.host = "larkbridge"
 		log.level = "0"
 		cpu.max-align = "16"
 		default.clock.rate = "48000"
 		default.clock.quantum = "1024"
 		default.clock.min-quantum = "32"
 		default.clock.max-quantum = "2048"
 		default.clock.quantum-limit = "8192"
 		default.clock.quantum-floor = "4"
 		default.video.width = "640"
 		default.video.height = "480"
 		default.video.rate.num = "25"
 		default.video.rate.denom = "1"
 		clock.power-of-two-quantum = "true"
 		link.max-buffers = "64"
 		mem.warn-mlock = "false"
 		mem.allow-mlock = "true"
 		settings.check-quantum = "false"
 		settings.check-rate = "false"
 		core.version = "1.4.2"
 		pipewire.access = "unrestricted"
removed:
	id: 158
added:
	id: 158
	permissions: rwxm-
	type: PipeWire:Interface:Client (version 3)
 	properties:
 		pipewire.protocol = "protocol-native"
 		core.name = "pipewire-admin-91090"
 		pipewire.sec.socket = "pipewire-0-manager"
 		pipewire.sec.pid = "91090"
 		pipewire.sec.uid = "1000"
 		pipewire.sec.gid = "1000"
 		module.id = "2"
 		object.id = "158"
 		object.serial = "27979"
 		remote.intention = "manager"
 		application.name = "pw-dump"
 		application.process.binary = "pw-dump"
 		application.language = "en_GB.UTF-8"
 		application.process.id = "91090"
 		application.process.user = "admin"
 		application.process.host = "larkbridge"
 		log.level = "0"
 		cpu.max-align = "16"
 		default.clock.rate = "48000"
 		default.clock.quantum = "1024"
 		default.clock.min-quantum = "32"
 		default.clock.max-quantum = "2048"
 		default.clock.quantum-limit = "8192"
 		default.clock.quantum-floor = "4"
 		default.video.width = "640"
 		default.video.height = "480"
 		default.video.rate.num = "25"
 		default.video.rate.denom = "1"
 		clock.power-of-two-quantum = "true"
 		link.max-buffers = "64"
 		mem.warn-mlock = "false"
 		mem.allow-mlock = "true"
 		settings.check-quantum = "false"
 		settings.check-rate = "false"
 		core.version = "1.4.2"
 		pipewire.access = "unrestricted"
removed:
	id: 158
added:
	id: 158
	permissions: rwxm-
	type: PipeWire:Interface:Client (version 3)
 	properties:
 		pipewire.protocol = "protocol-native"
 		core.name = "pipewire-admin-91092"
 		pipewire.sec.socket = "pipewire-0"
 		pipewire.sec.pid = "91092"
 		pipewire.sec.uid = "1000"
 		pipewire.sec.gid = "1000"
 		module.id = "2"
 		object.id = "158"
 		object.serial = "27980"
 		application.name = "pw-link"
 		application.process.binary = "pw-link"
 		application.language = "en_GB.UTF-8"
 		application.process.id = "91092"
 		application.process.user = "admin"
 		application.process.host = "larkbridge"
 		log.level = "0"
 		cpu.max-align = "16"
 		default.clock.rate = "48000"
 		default.clock.quantum = "1024"
 		default.clock.min-quantum = "32"
 		default.clock.max-quantum = "2048"
 		default.clock.quantum-limit = "8192"
 		default.clock.quantum-floor = "4"
 		default.video.width = "640"
 		default.video.height = "480"
 		default.video.rate.num = "25"
 		default.video.rate.denom = "1"
 		clock.power-of-two-quantum = "true"
 		link.max-buffers = "64"
 		mem.warn-mlock = "false"
 		mem.allow-mlock = "true"
 		settings.check-quantum = "false"
 		settings.check-rate = "false"
 		core.version = "1.4.2"
 		pipewire.access = "unrestricted"
removed:
	id: 158
added:
	id: 158
	permissions: rwxm-
	type: PipeWire:Interface:Client (version 3)
 	properties:
 		pipewire.protocol = "protocol-native"
 		core.name = "pipewire-admin-91105"
 		pipewire.sec.socket = "pipewire-0-manager"
 		pipewire.sec.pid = "91105"
 		pipewire.sec.uid = "1000"
 		pipewire.sec.gid = "1000"
 		module.id = "2"
 		object.id = "158"
 		object.serial = "27981"
 		remote.intention = "manager"
 		application.name = "pw-dump"
 		application.process.binary = "pw-dump"
 		application.language = "en_GB.UTF-8"
 		application.process.id = "91105"
 		application.process.user = "admin"
 		application.process.host = "larkbridge"
 		log.level = "0"
 		cpu.max-align = "16"
 		default.clock.rate = "48000"
 		default.clock.quantum = "1024"
 		default.clock.min-quantum = "32"
 		default.clock.max-quantum = "2048"
 		default.clock.quantum-limit = "8192"
 		default.clock.quantum-floor = "4"
 		default.video.width = "640"
 		default.video.height = "480"
 		default.video.rate.num = "25"
 		default.video.rate.denom = "1"
 		clock.power-of-two-quantum = "true"
 		link.max-buffers = "64"
 		mem.warn-mlock = "false"
 		mem.allow-mlock = "true"
 		settings.check-quantum = "false"
 		settings.check-rate = "false"
 		core.version = "1.4.2"
 		pipewire.access = "unrestricted"
removed:
	id: 158
added:
	id: 158
	permissions: rwxm-
	type: PipeWire:Interface:Client (version 3)
 	properties:
 		pipewire.protocol = "protocol-native"
 		core.name = "pipewire-admin-91107"
 		pipewire.sec.socket = "pipewire-0"
 		pipewire.sec.pid = "91107"
 		pipewire.sec.uid = "1000"
 		pipewire.sec.gid = "1000"
 		module.id = "2"
 		object.id = "158"
 		object.serial = "27982"
 		application.name = "pw-link"
 		application.process.binary = "pw-link"
 		application.language = "en_GB.UTF-8"
 		application.process.id = "91107"
 		application.process.user = "admin"
 		application.process.host = "larkbridge"
 		log.level = "0"
 		cpu.max-align = "16"
 		default.clock.rate = "48000"
 		default.clock.quantum = "1024"
 		default.clock.min-quantum = "32"
 		default.clock.max-quantum = "2048"
 		default.clock.quantum-limit = "8192"
 		default.clock.quantum-floor = "4"
 		default.video.width = "640"
 		default.video.height = "480"
 		default.video.rate.num = "25"
 		default.video.rate.denom = "1"
 		clock.power-of-two-quantum = "true"
 		link.max-buffers = "64"
 		mem.warn-mlock = "false"
 		mem.allow-mlock = "true"
 		settings.check-quantum = "false"
 		settings.check-rate = "false"
 		core.version = "1.4.2"
 		pipewire.access = "unrestricted"
removed:
	id: 158
added:
	id: 158
	permissions: rwxm-
	type: PipeWire:Interface:Client (version 3)
 	properties:
 		pipewire.protocol = "protocol-native"
 		core.name = "pipewire-admin-91120"
 		pipewire.sec.socket = "pipewire-0-manager"
 		pipewire.sec.pid = "91120"
 		pipewire.sec.uid = "1000"
 		pipewire.sec.gid = "1000"
 		module.id = "2"
 		object.id = "158"
 		object.serial = "27983"
 		remote.intention = "manager"
 		application.name = "pw-dump"
 		application.process.binary = "pw-dump"
 		application.language = "en_GB.UTF-8"
 		application.process.id = "91120"
 		application.process.user = "admin"
 		application.process.host = "larkbridge"
 		log.level = "0"
 		cpu.max-align = "16"
 		default.clock.rate = "48000"
 		default.clock.quantum = "1024"
 		default.clock.min-quantum = "32"
 		default.clock.max-quantum = "2048"
 		default.clock.quantum-limit = "8192"
 		default.clock.quantum-floor = "4"
 		default.video.width = "640"
 		default.video.height = "480"
 		default.video.rate.num = "25"
 		default.video.rate.denom = "1"
 		clock.power-of-two-quantum = "true"
 		link.max-buffers = "64"
 		mem.warn-mlock = "false"
 		mem.allow-mlock = "true"
 		settings.check-quantum = "false"
 		settings.check-rate = "false"
 		core.version = "1.4.2"
 		pipewire.access = "unrestricted"
removed:
	id: 158
added:
	id: 158
	permissions: rwxm-
	type: PipeWire:Interface:Client (version 3)
 	properties:
 		pipewire.protocol = "protocol-native"
 		core.name = "pipewire-admin-91122"
 		pipewire.sec.socket = "pipewire-0"
 		pipewire.sec.pid = "91122"
 		pipewire.sec.uid = "1000"
 		pipewire.sec.gid = "1000"
 		module.id = "2"
 		object.id = "158"
 		object.serial = "27984"
 		application.name = "pw-link"
 		application.process.binary = "pw-link"
 		application.language = "en_GB.UTF-8"
 		application.process.id = "91122"
 		application.process.user = "admin"
 		application.process.host = "larkbridge"
 		log.level = "0"
 		cpu.max-align = "16"
 		default.clock.rate = "48000"
 		default.clock.quantum = "1024"
 		default.clock.min-quantum = "32"
 		default.clock.max-quantum = "2048"
 		default.clock.quantum-limit = "8192"
 		default.clock.quantum-floor = "4"
 		default.video.width = "640"
 		default.video.height = "480"
 		default.video.rate.num = "25"
 		default.video.rate.denom = "1"
 		clock.power-of-two-quantum = "true"
 		link.max-buffers = "64"
 		mem.warn-mlock = "false"
 		mem.allow-mlock = "true"
 		settings.check-quantum = "false"
 		settings.check-rate = "false"
 		core.version = "1.4.2"
 		pipewire.access = "unrestricted"
removed:
	id: 158
added:
	id: 158
	permissions: rwxm-
	type: PipeWire:Interface:Client (version 3)
 	properties:
 		pipewire.protocol = "protocol-native"
 		core.name = "pipewire-admin-91137"
 		pipewire.sec.socket = "pipewire-0-manager"
 		pipewire.sec.pid = "91137"
 		pipewire.sec.uid = "1000"
 		pipewire.sec.gid = "1000"
 		module.id = "2"
 		object.id = "158"
 		object.serial = "27985"
 		remote.intention = "manager"
 		application.name = "pw-dump"
 		application.process.binary = "pw-dump"
 		application.language = "en_GB.UTF-8"
 		application.process.id = "91137"
 		application.process.user = "admin"
 		application.process.host = "larkbridge"
 		log.level = "0"
 		cpu.max-align = "16"
 		default.clock.rate = "48000"
 		default.clock.quantum = "1024"
 		default.clock.min-quantum = "32"
 		default.clock.max-quantum = "2048"
 		default.clock.quantum-limit = "8192"
 		default.clock.quantum-floor = "4"
 		default.video.width = "640"
 		default.video.height = "480"
 		default.video.rate.num = "25"
 		default.video.rate.denom = "1"
 		clock.power-of-two-quantum = "true"
 		link.max-buffers = "64"
 		mem.warn-mlock = "false"
 		mem.allow-mlock = "true"
 		settings.check-quantum = "false"
 		settings.check-rate = "false"
 		core.version = "1.4.2"
 		pipewire.access = "unrestricted"
removed:
	id: 158
added:
	id: 158
	permissions: rwxm-
	type: PipeWire:Interface:Client (version 3)
 	properties:
 		pipewire.protocol = "protocol-native"
 		core.name = "pipewire-admin-91139"
 		pipewire.sec.socket = "pipewire-0"
 		pipewire.sec.pid = "91139"
 		pipewire.sec.uid = "1000"
 		pipewire.sec.gid = "1000"
 		module.id = "2"
 		object.id = "158"
 		object.serial = "27986"
 		application.name = "pw-link"
 		application.process.binary = "pw-link"
 		application.language = "en_GB.UTF-8"
 		application.process.id = "91139"
 		application.process.user = "admin"
 		application.process.host = "larkbridge"
 		log.level = "0"
 		cpu.max-align = "16"
 		default.clock.rate = "48000"
 		default.clock.quantum = "1024"
 		default.clock.min-quantum = "32"
 		default.clock.max-quantum = "2048"
 		default.clock.quantum-limit = "8192"
 		default.clock.quantum-floor = "4"
 		default.video.width = "640"
 		default.video.height = "480"
 		default.video.rate.num = "25"
 		default.video.rate.denom = "1"
 		clock.power-of-two-quantum = "true"
 		link.max-buffers = "64"
 		mem.warn-mlock = "false"
 		mem.allow-mlock = "true"
 		settings.check-quantum = "false"
 		settings.check-rate = "false"
 		core.version = "1.4.2"
 		pipewire.access = "unrestricted"
removed:
	id: 158
added:
	id: 158
	permissions: rwxm-
	type: PipeWire:Interface:Client (version 3)
 	properties:
 		pipewire.protocol = "protocol-native"
 		core.name = "pipewire-admin-91152"
 		pipewire.sec.socket = "pipewire-0-manager"
 		pipewire.sec.pid = "91152"
 		pipewire.sec.uid = "1000"
 		pipewire.sec.gid = "1000"
 		module.id = "2"
 		object.id = "158"
 		object.serial = "27987"
 		remote.intention = "manager"
 		application.name = "pw-dump"
 		application.process.binary = "pw-dump"
 		application.language = "en_GB.UTF-8"
 		application.process.id = "91152"
 		application.process.user = "admin"
 		application.process.host = "larkbridge"
 		log.level = "0"
 		cpu.max-align = "16"
 		default.clock.rate = "48000"
 		default.clock.quantum = "1024"
 		default.clock.min-quantum = "32"
 		default.clock.max-quantum = "2048"
 		default.clock.quantum-limit = "8192"
 		default.clock.quantum-floor = "4"
 		default.video.width = "640"
 		default.video.height = "480"
 		default.video.rate.num = "25"
 		default.video.rate.denom = "1"
 		clock.power-of-two-quantum = "true"
 		link.max-buffers = "64"
 		mem.warn-mlock = "false"
 		mem.allow-mlock = "true"
 		settings.check-quantum = "false"
 		settings.check-rate = "false"
 		core.version = "1.4.2"
 		pipewire.access = "unrestricted"
removed:
	id: 158
added:
	id: 158
	permissions: rwxm-
	type: PipeWire:Interface:Client (version 3)
 	properties:
 		pipewire.protocol = "protocol-native"
 		core.name = "pipewire-admin-91154"
 		pipewire.sec.socket = "pipewire-0"
 		pipewire.sec.pid = "91154"
 		pipewire.sec.uid = "1000"
 		pipewire.sec.gid = "1000"
 		module.id = "2"
 		object.id = "158"
 		object.serial = "27988"
 		application.name = "pw-link"
 		application.process.binary = "pw-link"
 		application.language = "en_GB.UTF-8"
 		application.process.id = "91154"
 		application.process.user = "admin"
 		application.process.host = "larkbridge"
 		log.level = "0"
 		cpu.max-align = "16"
 		default.clock.rate = "48000"
 		default.clock.quantum = "1024"
 		default.clock.min-quantum = "32"
 		default.clock.max-quantum = "2048"
 		default.clock.quantum-limit = "8192"
 		default.clock.quantum-floor = "4"
 		default.video.width = "640"
 		default.video.height = "480"
 		default.video.rate.num = "25"
 		default.video.rate.denom = "1"
 		clock.power-of-two-quantum = "true"
 		link.max-buffers = "64"
 		mem.warn-mlock = "false"
 		mem.allow-mlock = "true"
 		settings.check-quantum = "false"
 		settings.check-rate = "false"
 		core.version = "1.4.2"
 		pipewire.access = "unrestricted"
removed:
	id: 158
added:
	id: 158
	permissions: rwxm-
	type: PipeWire:Interface:Client (version 3)
 	properties:
 		pipewire.protocol = "protocol-native"
 		core.name = "pipewire-admin-91167"
 		pipewire.sec.socket = "pipewire-0-manager"
 		pipewire.sec.pid = "91167"
 		pipewire.sec.uid = "1000"
 		pipewire.sec.gid = "1000"
 		module.id = "2"
 		object.id = "158"
 		object.serial = "27989"
 		remote.intention = "manager"
 		application.name = "pw-dump"
 		application.process.binary = "pw-dump"
 		application.language = "en_GB.UTF-8"
 		application.process.id = "91167"
 		application.process.user = "admin"
 		application.process.host = "larkbridge"
 		log.level = "0"
 		cpu.max-align = "16"
 		default.clock.rate = "48000"
 		default.clock.quantum = "1024"
 		default.clock.min-quantum = "32"
 		default.clock.max-quantum = "2048"
 		default.clock.quantum-limit = "8192"
 		default.clock.quantum-floor = "4"
 		default.video.width = "640"
 		default.video.height = "480"
 		default.video.rate.num = "25"
 		default.video.rate.denom = "1"
 		clock.power-of-two-quantum = "true"
 		link.max-buffers = "64"
 		mem.warn-mlock = "false"
 		mem.allow-mlock = "true"
 		settings.check-quantum = "false"
 		settings.check-rate = "false"
 		core.version = "1.4.2"
 		pipewire.access = "unrestricted"
removed:
	id: 158
added:
	id: 158
	permissions: rwxm-
	type: PipeWire:Interface:Client (version 3)
 	properties:
 		pipewire.protocol = "protocol-native"
 		core.name = "pipewire-admin-91169"
 		pipewire.sec.socket = "pipewire-0"
 		pipewire.sec.pid = "91169"
 		pipewire.sec.uid = "1000"
 		pipewire.sec.gid = "1000"
 		module.id = "2"
 		object.id = "158"
 		object.serial = "27990"
 		application.name = "pw-link"
 		application.process.binary = "pw-link"
 		application.language = "en_GB.UTF-8"
 		application.process.id = "91169"
 		application.process.user = "admin"
 		application.process.host = "larkbridge"
 		log.level = "0"
 		cpu.max-align = "16"
 		default.clock.rate = "48000"
 		default.clock.quantum = "1024"
 		default.clock.min-quantum = "32"
 		default.clock.max-quantum = "2048"
 		default.clock.quantum-limit = "8192"
 		default.clock.quantum-floor = "4"
 		default.video.width = "640"
 		default.video.height = "480"
 		default.video.rate.num = "25"
 		default.video.rate.denom = "1"
 		clock.power-of-two-quantum = "true"
 		link.max-buffers = "64"
 		mem.warn-mlock = "false"
 		mem.allow-mlock = "true"
 		settings.check-quantum = "false"
 		settings.check-rate = "false"
 		core.version = "1.4.2"
 		pipewire.access = "unrestricted"
removed:
	id: 158
added:
	id: 158
	permissions: rwxm-
	type: PipeWire:Interface:Client (version 3)
 	properties:
 		pipewire.protocol = "protocol-native"
 		core.name = "pipewire-admin-91183"
 		pipewire.sec.socket = "pipewire-0-manager"
 		pipewire.sec.pid = "91183"
 		pipewire.sec.uid = "1000"
 		pipewire.sec.gid = "1000"
 		module.id = "2"
 		object.id = "158"
 		object.serial = "27991"
 		remote.intention = "manager"
 		application.name = "pw-dump"
 		application.process.binary = "pw-dump"
 		application.language = "en_GB.UTF-8"
 		application.process.id = "91183"
 		application.process.user = "admin"
 		application.process.host = "larkbridge"
 		log.level = "0"
 		cpu.max-align = "16"
 		default.clock.rate = "48000"
 		default.clock.quantum = "1024"
 		default.clock.min-quantum = "32"
 		default.clock.max-quantum = "2048"
 		default.clock.quantum-limit = "8192"
 		default.clock.quantum-floor = "4"
 		default.video.width = "640"
 		default.video.height = "480"
 		default.video.rate.num = "25"
 		default.video.rate.denom = "1"
 		clock.power-of-two-quantum = "true"
 		link.max-buffers = "64"
 		mem.warn-mlock = "false"
 		mem.allow-mlock = "true"
 		settings.check-quantum = "false"
 		settings.check-rate = "false"
 		core.version = "1.4.2"
 		pipewire.access = "unrestricted"
removed:
	id: 158
added:
	id: 158
	permissions: rwxm-
	type: PipeWire:Interface:Client (version 3)
 	properties:
 		pipewire.protocol = "protocol-native"
 		core.name = "pipewire-admin-91185"
 		pipewire.sec.socket = "pipewire-0"
 		pipewire.sec.pid = "91185"
 		pipewire.sec.uid = "1000"
 		pipewire.sec.gid = "1000"
 		module.id = "2"
 		object.id = "158"
 		object.serial = "27992"
 		application.name = "pw-link"
 		application.process.binary = "pw-link"
 		application.language = "en_GB.UTF-8"
 		application.process.id = "91185"
 		application.process.user = "admin"
 		application.process.host = "larkbridge"
 		log.level = "0"
 		cpu.max-align = "16"
 		default.clock.rate = "48000"
 		default.clock.quantum = "1024"
 		default.clock.min-quantum = "32"
 		default.clock.max-quantum = "2048"
 		default.clock.quantum-limit = "8192"
 		default.clock.quantum-floor = "4"
 		default.video.width = "640"
 		default.video.height = "480"
 		default.video.rate.num = "25"
 		default.video.rate.denom = "1"
 		clock.power-of-two-quantum = "true"
 		link.max-buffers = "64"
 		mem.warn-mlock = "false"
 		mem.allow-mlock = "true"
 		settings.check-quantum = "false"
 		settings.check-rate = "false"
 		core.version = "1.4.2"
 		pipewire.access = "unrestricted"
removed:
	id: 158
added:
	id: 158
	permissions: rwxm-
	type: PipeWire:Interface:Client (version 3)
 	properties:
 		pipewire.protocol = "protocol-native"
 		core.name = "pipewire-admin-91202"
 		pipewire.sec.socket = "pipewire-0-manager"
 		pipewire.sec.pid = "91202"
 		pipewire.sec.uid = "1000"
 		pipewire.sec.gid = "1000"
 		module.id = "2"
 		object.id = "158"
 		object.serial = "27993"
 		remote.intention = "manager"
 		application.name = "pw-dump"
 		application.process.binary = "pw-dump"
 		application.language = "en_GB.UTF-8"
 		application.process.id = "91202"
 		application.process.user = "admin"
 		application.process.host = "larkbridge"
 		log.level = "0"
 		cpu.max-align = "16"
 		default.clock.rate = "48000"
 		default.clock.quantum = "1024"
 		default.clock.min-quantum = "32"
 		default.clock.max-quantum = "2048"
 		default.clock.quantum-limit = "8192"
 		default.clock.quantum-floor = "4"
 		default.video.width = "640"
 		default.video.height = "480"
 		default.video.rate.num = "25"
 		default.video.rate.denom = "1"
 		clock.power-of-two-quantum = "true"
 		link.max-buffers = "64"
 		mem.warn-mlock = "false"
 		mem.allow-mlock = "true"
 		settings.check-quantum = "false"
 		settings.check-rate = "false"
 		core.version = "1.4.2"
 		pipewire.access = "unrestricted"
removed:
	id: 158
added:
	id: 158
	permissions: rwxm-
	type: PipeWire:Interface:Client (version 3)
 	properties:
 		pipewire.protocol = "protocol-native"
 		core.name = "pipewire-admin-91204"
 		pipewire.sec.socket = "pipewire-0"
 		pipewire.sec.pid = "91204"
 		pipewire.sec.uid = "1000"
 		pipewire.sec.gid = "1000"
 		module.id = "2"
 		object.id = "158"
 		object.serial = "27994"
 		application.name = "pw-link"
 		application.process.binary = "pw-link"
 		application.language = "en_GB.UTF-8"
 		application.process.id = "91204"
 		application.process.user = "admin"
 		application.process.host = "larkbridge"
 		log.level = "0"
 		cpu.max-align = "16"
 		default.clock.rate = "48000"
 		default.clock.quantum = "1024"
 		default.clock.min-quantum = "32"
 		default.clock.max-quantum = "2048"
 		default.clock.quantum-limit = "8192"
 		default.clock.quantum-floor = "4"
 		default.video.width = "640"
 		default.video.height = "480"
 		default.video.rate.num = "25"
 		default.video.rate.denom = "1"
 		clock.power-of-two-quantum = "true"
 		link.max-buffers = "64"
 		mem.warn-mlock = "false"
 		mem.allow-mlock = "true"
 		settings.check-quantum = "false"
 		settings.check-rate = "false"
 		core.version = "1.4.2"
 		pipewire.access = "unrestricted"
removed:
	id: 158
added:
	id: 158
	permissions: rwxm-
	type: PipeWire:Interface:Client (version 3)
 	properties:
 		pipewire.protocol = "protocol-native"
 		core.name = "pipewire-admin-91219"
 		pipewire.sec.socket = "pipewire-0-manager"
 		pipewire.sec.pid = "91219"
 		pipewire.sec.uid = "1000"
 		pipewire.sec.gid = "1000"
 		module.id = "2"
 		object.id = "158"
 		object.serial = "27995"
 		remote.intention = "manager"
 		application.name = "pw-dump"
 		application.process.binary = "pw-dump"
 		application.language = "en_GB.UTF-8"
 		application.process.id = "91219"
 		application.process.user = "admin"
 		application.process.host = "larkbridge"
 		log.level = "0"
 		cpu.max-align = "16"
 		default.clock.rate = "48000"
 		default.clock.quantum = "1024"
 		default.clock.min-quantum = "32"
 		default.clock.max-quantum = "2048"
 		default.clock.quantum-limit = "8192"
 		default.clock.quantum-floor = "4"
 		default.video.width = "640"
 		default.video.height = "480"
 		default.video.rate.num = "25"
 		default.video.rate.denom = "1"
 		clock.power-of-two-quantum = "true"
 		link.max-buffers = "64"
 		mem.warn-mlock = "false"
 		mem.allow-mlock = "true"
 		settings.check-quantum = "false"
 		settings.check-rate = "false"
 		core.version = "1.4.2"
 		pipewire.access = "unrestricted"
removed:
	id: 158
removed:
	id: 158
added:
	id: 158
	permissions: rwxm-
	type: PipeWire:Interface:Client (version 3)
 	properties:
 		pipewire.protocol = "protocol-native"
 		core.name = "pipewire-admin-91234"
 		pipewire.sec.socket = "pipewire-0-manager"
 		pipewire.sec.pid = "91234"
 		pipewire.sec.uid = "1000"
 		pipewire.sec.gid = "1000"
 		module.id = "2"
 		object.id = "158"
 		object.serial = "27997"
 		remote.intention = "manager"
 		application.name = "pw-dump"
 		application.process.binary = "pw-dump"
 		application.language = "en_GB.UTF-8"
 		application.process.id = "91234"
 		application.process.user = "admin"
 		application.process.host = "larkbridge"
 		log.level = "0"
 		cpu.max-align = "16"
 		default.clock.rate = "48000"
 		default.clock.quantum = "1024"
 		default.clock.min-quantum = "32"
 		default.clock.max-quantum = "2048"
 		default.clock.quantum-limit = "8192"
 		default.clock.quantum-floor = "4"
 		default.video.width = "640"
 		default.video.height = "480"
 		default.video.rate.num = "25"
 		default.video.rate.denom = "1"
 		clock.power-of-two-quantum = "true"
 		link.max-buffers = "64"
 		mem.warn-mlock = "false"
 		mem.allow-mlock = "true"
 		settings.check-quantum = "false"
 		settings.check-rate = "false"
 		core.version = "1.4.2"
 		pipewire.access = "unrestricted"
removed:
	id: 158
added:
	id: 158
	permissions: rwxm-
	type: PipeWire:Interface:Client (version 3)
 	properties:
 		pipewire.protocol = "protocol-native"
 		core.name = "pipewire-admin-91240"
 		pipewire.sec.socket = "pipewire-0"
 		pipewire.sec.pid = "91240"
 		pipewire.sec.uid = "1000"
 		pipewire.sec.gid = "1000"
 		module.id = "2"
 		object.id = "158"
 		object.serial = "27998"
 		application.name = "pw-link"
 		application.process.binary = "pw-link"
 		application.language = "en_GB.UTF-8"
 		application.process.id = "91240"
 		application.process.user = "admin"
 		application.process.host = "larkbridge"
 		log.level = "0"
 		cpu.max-align = "16"
 		default.clock.rate = "48000"
 		default.clock.quantum = "1024"
 		default.clock.min-quantum = "32"
 		default.clock.max-quantum = "2048"
 		default.clock.quantum-limit = "8192"
 		default.clock.quantum-floor = "4"
 		default.video.width = "640"
 		default.video.height = "480"
 		default.video.rate.num = "25"
 		default.video.rate.denom = "1"
 		clock.power-of-two-quantum = "true"
 		link.max-buffers = "64"
 		mem.warn-mlock = "false"
 		mem.allow-mlock = "true"
 		settings.check-quantum = "false"
 		settings.check-rate = "false"
 		core.version = "1.4.2"
 		pipewire.access = "unrestricted"
removed:
	id: 158
added:
	id: 158
	permissions: rwxm-
	type: PipeWire:Interface:Client (version 3)
 	properties:
 		pipewire.protocol = "protocol-native"
 		core.name = "pipewire-admin-91249"
 		pipewire.sec.socket = "pipewire-0-manager"
 		pipewire.sec.pid = "91249"
 		pipewire.sec.uid = "1000"
 		pipewire.sec.gid = "1000"
 		module.id = "2"
 		object.id = "158"
 		object.serial = "27999"
 		remote.intention = "manager"
 		application.name = "pw-dump"
 		application.process.binary = "pw-dump"
 		application.language = "en_GB.UTF-8"
 		application.process.id = "91249"
 		application.process.user = "admin"
 		application.process.host = "larkbridge"
 		log.level = "0"
 		cpu.max-align = "16"
 		default.clock.rate = "48000"
 		default.clock.quantum = "1024"
 		default.clock.min-quantum = "32"
 		default.clock.max-quantum = "2048"
 		default.clock.quantum-limit = "8192"
 		default.clock.quantum-floor = "4"
 		default.video.width = "640"
 		default.video.height = "480"
 		default.video.rate.num = "25"
 		default.video.rate.denom = "1"
 		clock.power-of-two-quantum = "true"
 		link.max-buffers = "64"
 		mem.warn-mlock = "false"
 		mem.allow-mlock = "true"
 		settings.check-quantum = "false"
 		settings.check-rate = "false"
 		core.version = "1.4.2"
 		pipewire.access = "unrestricted"
removed:
	id: 158
added:
	id: 158
	permissions: rwxm-
	type: PipeWire:Interface:Client (version 3)
 	properties:
 		pipewire.protocol = "protocol-native"
 		core.name = "pipewire-admin-91256"
 		pipewire.sec.socket = "pipewire-0"
 		pipewire.sec.pid = "91256"
 		pipewire.sec.uid = "1000"
 		pipewire.sec.gid = "1000"
 		module.id = "2"
 		object.id = "158"
 		object.serial = "28000"
 		application.name = "pw-link"
 		application.process.binary = "pw-link"
 		application.language = "en_GB.UTF-8"
 		application.process.id = "91256"
 		application.process.user = "admin"
 		application.process.host = "larkbridge"
 		log.level = "0"
 		cpu.max-align = "16"
 		default.clock.rate = "48000"
 		default.clock.quantum = "1024"
 		default.clock.min-quantum = "32"
 		default.clock.max-quantum = "2048"
 		default.clock.quantum-limit = "8192"
 		default.clock.quantum-floor = "4"
 		default.video.width = "640"
 		default.video.height = "480"
 		default.video.rate.num = "25"
 		default.video.rate.denom = "1"
 		clock.power-of-two-quantum = "true"
 		link.max-buffers = "64"
 		mem.warn-mlock = "false"
 		mem.allow-mlock = "true"
 		settings.check-quantum = "false"
 		settings.check-rate = "false"
 		core.version = "1.4.2"
 		pipewire.access = "unrestricted"
removed:
	id: 158
added:
	id: 158
	permissions: rwxm-
	type: PipeWire:Interface:Client (version 3)
 	properties:
 		pipewire.protocol = "protocol-native"
 		core.name = "pipewire-admin-91267"
 		pipewire.sec.socket = "pipewire-0-manager"
 		pipewire.sec.pid = "91267"
 		pipewire.sec.uid = "1000"
 		pipewire.sec.gid = "1000"
 		module.id = "2"
 		object.id = "158"
 		object.serial = "28001"
 		remote.intention = "manager"
 		application.name = "pw-dump"
 		application.process.binary = "pw-dump"
 		application.language = "en_GB.UTF-8"
 		application.process.id = "91267"
 		application.process.user = "admin"
 		application.process.host = "larkbridge"
 		log.level = "0"
 		cpu.max-align = "16"
 		default.clock.rate = "48000"
 		default.clock.quantum = "1024"
 		default.clock.min-quantum = "32"
 		default.clock.max-quantum = "2048"
 		default.clock.quantum-limit = "8192"
 		default.clock.quantum-floor = "4"
 		default.video.width = "640"
 		default.video.height = "480"
 		default.video.rate.num = "25"
 		default.video.rate.denom = "1"
 		clock.power-of-two-quantum = "true"
 		link.max-buffers = "64"
 		mem.warn-mlock = "false"
 		mem.allow-mlock = "true"
 		settings.check-quantum = "false"
 		settings.check-rate = "false"
 		core.version = "1.4.2"
 		pipewire.access = "unrestricted"
removed:
	id: 158
added:
	id: 158
	permissions: rwxm-
	type: PipeWire:Interface:Client (version 3)
 	properties:
 		pipewire.protocol = "protocol-native"
 		core.name = "pipewire-admin-91271"
 		pipewire.sec.socket = "pipewire-0"
 		pipewire.sec.pid = "91271"
 		pipewire.sec.uid = "1000"
 		pipewire.sec.gid = "1000"
 		module.id = "2"
 		object.id = "158"
 		object.serial = "28002"
 		application.name = "pw-link"
 		application.process.binary = "pw-link"
 		application.language = "en_GB.UTF-8"
 		application.process.id = "91271"
 		application.process.user = "admin"
 		application.process.host = "larkbridge"
 		log.level = "0"
 		cpu.max-align = "16"
 		default.clock.rate = "48000"
 		default.clock.quantum = "1024"
 		default.clock.min-quantum = "32"
 		default.clock.max-quantum = "2048"
 		default.clock.quantum-limit = "8192"
 		default.clock.quantum-floor = "4"
 		default.video.width = "640"
 		default.video.height = "480"
 		default.video.rate.num = "25"
 		default.video.rate.denom = "1"
 		clock.power-of-two-quantum = "true"
 		link.max-buffers = "64"
 		mem.warn-mlock = "false"
 		mem.allow-mlock = "true"
 		settings.check-quantum = "false"
 		settings.check-rate = "false"
 		core.version = "1.4.2"
 		pipewire.access = "unrestricted"
removed:
	id: 158
added:
	id: 158
	permissions: rwxm-
	type: PipeWire:Interface:Client (version 3)
 	properties:
 		pipewire.protocol = "protocol-native"
 		core.name = "pipewire-admin-91284"
 		pipewire.sec.socket = "pipewire-0-manager"
 		pipewire.sec.pid = "91284"
 		pipewire.sec.uid = "1000"
 		pipewire.sec.gid = "1000"
 		module.id = "2"
 		object.id = "158"
 		object.serial = "28003"
 		remote.intention = "manager"
 		application.name = "pw-dump"
 		application.process.binary = "pw-dump"
 		application.language = "en_GB.UTF-8"
 		application.process.id = "91284"
 		application.process.user = "admin"
 		application.process.host = "larkbridge"
 		log.level = "0"
 		cpu.max-align = "16"
 		default.clock.rate = "48000"
 		default.clock.quantum = "1024"
 		default.clock.min-quantum = "32"
 		default.clock.max-quantum = "2048"
 		default.clock.quantum-limit = "8192"
 		default.clock.quantum-floor = "4"
 		default.video.width = "640"
 		default.video.height = "480"
 		default.video.rate.num = "25"
 		default.video.rate.denom = "1"
 		clock.power-of-two-quantum = "true"
 		link.max-buffers = "64"
 		mem.warn-mlock = "false"
 		mem.allow-mlock = "true"
 		settings.check-quantum = "false"
 		settings.check-rate = "false"
 		core.version = "1.4.2"
 		pipewire.access = "unrestricted"
removed:
	id: 158
added:
	id: 158
	permissions: rwxm-
	type: PipeWire:Interface:Client (version 3)
 	properties:
 		pipewire.protocol = "protocol-native"
 		core.name = "pipewire-admin-91286"
 		pipewire.sec.socket = "pipewire-0"
 		pipewire.sec.pid = "91286"
 		pipewire.sec.uid = "1000"
 		pipewire.sec.gid = "1000"
 		module.id = "2"
 		object.id = "158"
 		object.serial = "28004"
 		application.name = "pw-link"
 		application.process.binary = "pw-link"
 		application.language = "en_GB.UTF-8"
 		application.process.id = "91286"
 		application.process.user = "admin"
 		application.process.host = "larkbridge"
 		log.level = "0"
 		cpu.max-align = "16"
 		default.clock.rate = "48000"
 		default.clock.quantum = "1024"
 		default.clock.min-quantum = "32"
 		default.clock.max-quantum = "2048"
 		default.clock.quantum-limit = "8192"
 		default.clock.quantum-floor = "4"
 		default.video.width = "640"
 		default.video.height = "480"
 		default.video.rate.num = "25"
 		default.video.rate.denom = "1"
 		clock.power-of-two-quantum = "true"
 		link.max-buffers = "64"
 		mem.warn-mlock = "false"
 		mem.allow-mlock = "true"
 		settings.check-quantum = "false"
 		settings.check-rate = "false"
 		core.version = "1.4.2"
 		pipewire.access = "unrestricted"
removed:
	id: 158
added:
	id: 158
	permissions: rwxm-
	type: PipeWire:Interface:Client (version 3)
 	properties:
 		pipewire.protocol = "protocol-native"
 		core.name = "pipewire-admin-91301"
 		pipewire.sec.socket = "pipewire-0-manager"
 		pipewire.sec.pid = "91301"
 		pipewire.sec.uid = "1000"
 		pipewire.sec.gid = "1000"
 		module.id = "2"
 		object.id = "158"
 		object.serial = "28005"
 		remote.intention = "manager"
 		application.name = "pw-dump"
 		application.process.binary = "pw-dump"
 		application.language = "en_GB.UTF-8"
 		application.process.id = "91301"
 		application.process.user = "admin"
 		application.process.host = "larkbridge"
 		log.level = "0"
 		cpu.max-align = "16"
 		default.clock.rate = "48000"
 		default.clock.quantum = "1024"
 		default.clock.min-quantum = "32"
 		default.clock.max-quantum = "2048"
 		default.clock.quantum-limit = "8192"
 		default.clock.quantum-floor = "4"
 		default.video.width = "640"
 		default.video.height = "480"
 		default.video.rate.num = "25"
 		default.video.rate.denom = "1"
 		clock.power-of-two-quantum = "true"
 		link.max-buffers = "64"
 		mem.warn-mlock = "false"
 		mem.allow-mlock = "true"
 		settings.check-quantum = "false"
 		settings.check-rate = "false"
 		core.version = "1.4.2"
 		pipewire.access = "unrestricted"
removed:
	id: 158
added:
	id: 158
	permissions: rwxm-
	type: PipeWire:Interface:Client (version 3)
 	properties:
 		pipewire.protocol = "protocol-native"
 		core.name = "pipewire-admin-91303"
 		pipewire.sec.socket = "pipewire-0"
 		pipewire.sec.pid = "91303"
 		pipewire.sec.uid = "1000"
 		pipewire.sec.gid = "1000"
 		module.id = "2"
 		object.id = "158"
 		object.serial = "28006"
 		application.name = "pw-link"
 		application.process.binary = "pw-link"
 		application.language = "en_GB.UTF-8"
 		application.process.id = "91303"
 		application.process.user = "admin"
 		application.process.host = "larkbridge"
 		log.level = "0"
 		cpu.max-align = "16"
 		default.clock.rate = "48000"
 		default.clock.quantum = "1024"
 		default.clock.min-quantum = "32"
 		default.clock.max-quantum = "2048"
 		default.clock.quantum-limit = "8192"
 		default.clock.quantum-floor = "4"
 		default.video.width = "640"
 		default.video.height = "480"
 		default.video.rate.num = "25"
 		default.video.rate.denom = "1"
 		clock.power-of-two-quantum = "true"
 		link.max-buffers = "64"
 		mem.warn-mlock = "false"
 		mem.allow-mlock = "true"
 		settings.check-quantum = "false"
 		settings.check-rate = "false"
 		core.version = "1.4.2"
 		pipewire.access = "unrestricted"
removed:
	id: 158
added:
	id: 158
	permissions: rwxm-
	type: PipeWire:Interface:Client (version 3)
 	properties:
 		pipewire.protocol = "protocol-native"
 		core.name = "pipewire-admin-91320"
 		pipewire.sec.socket = "pipewire-0-manager"
 		pipewire.sec.pid = "91320"
 		pipewire.sec.uid = "1000"
 		pipewire.sec.gid = "1000"
 		module.id = "2"
 		object.id = "158"
 		object.serial = "28007"
 		remote.intention = "manager"
 		application.name = "pw-dump"
 		application.process.binary = "pw-dump"
 		application.language = "en_GB.UTF-8"
 		application.process.id = "91320"
 		application.process.user = "admin"
 		application.process.host = "larkbridge"
 		log.level = "0"
 		cpu.max-align = "16"
 		default.clock.rate = "48000"
 		default.clock.quantum = "1024"
 		default.clock.min-quantum = "32"
 		default.clock.max-quantum = "2048"
 		default.clock.quantum-limit = "8192"
 		default.clock.quantum-floor = "4"
 		default.video.width = "640"
 		default.video.height = "480"
 		default.video.rate.num = "25"
 		default.video.rate.denom = "1"
 		clock.power-of-two-quantum = "true"
 		link.max-buffers = "64"
 		mem.warn-mlock = "false"
 		mem.allow-mlock = "true"
 		settings.check-quantum = "false"
 		settings.check-rate = "false"
 		core.version = "1.4.2"
 		pipewire.access = "unrestricted"
removed:
	id: 158
added:
	id: 158
	permissions: rwxm-
	type: PipeWire:Interface:Client (version 3)
 	properties:
 		pipewire.protocol = "protocol-native"
 		core.name = "pipewire-admin-91322"
 		pipewire.sec.socket = "pipewire-0"
 		pipewire.sec.pid = "91322"
 		pipewire.sec.uid = "1000"
 		pipewire.sec.gid = "1000"
 		module.id = "2"
 		object.id = "158"
 		object.serial = "28008"
 		application.name = "pw-link"
 		application.process.binary = "pw-link"
 		application.language = "en_GB.UTF-8"
 		application.process.id = "91322"
 		application.process.user = "admin"
 		application.process.host = "larkbridge"
 		log.level = "0"
 		cpu.max-align = "16"
 		default.clock.rate = "48000"
 		default.clock.quantum = "1024"
 		default.clock.min-quantum = "32"
 		default.clock.max-quantum = "2048"
 		default.clock.quantum-limit = "8192"
 		default.clock.quantum-floor = "4"
 		default.video.width = "640"
 		default.video.height = "480"
 		default.video.rate.num = "25"
 		default.video.rate.denom = "1"
 		clock.power-of-two-quantum = "true"
 		link.max-buffers = "64"
 		mem.warn-mlock = "false"
 		mem.allow-mlock = "true"
 		settings.check-quantum = "false"
 		settings.check-rate = "false"
 		core.version = "1.4.2"
 		pipewire.access = "unrestricted"
removed:
	id: 158
added:
	id: 158
	permissions: rwxm-
	type: PipeWire:Interface:Client (version 3)
 	properties:
 		pipewire.protocol = "protocol-native"
 		core.name = "pipewire-admin-91335"
 		pipewire.sec.socket = "pipewire-0-manager"
 		pipewire.sec.pid = "91335"
 		pipewire.sec.uid = "1000"
 		pipewire.sec.gid = "1000"
 		module.id = "2"
 		object.id = "158"
 		object.serial = "28009"
 		remote.intention = "manager"
 		application.name = "pw-dump"
 		application.process.binary = "pw-dump"
 		application.language = "en_GB.UTF-8"
 		application.process.id = "91335"
 		application.process.user = "admin"
 		application.process.host = "larkbridge"
 		log.level = "0"
 		cpu.max-align = "16"
 		default.clock.rate = "48000"
 		default.clock.quantum = "1024"
 		default.clock.min-quantum = "32"
 		default.clock.max-quantum = "2048"
 		default.clock.quantum-limit = "8192"
 		default.clock.quantum-floor = "4"
 		default.video.width = "640"
 		default.video.height = "480"
 		default.video.rate.num = "25"
 		default.video.rate.denom = "1"
 		clock.power-of-two-quantum = "true"
 		link.max-buffers = "64"
 		mem.warn-mlock = "false"
 		mem.allow-mlock = "true"
 		settings.check-quantum = "false"
 		settings.check-rate = "false"
 		core.version = "1.4.2"
 		pipewire.access = "unrestricted"
removed:
	id: 158
added:
	id: 158
	permissions: rwxm-
	type: PipeWire:Interface:Client (version 3)
 	properties:
 		pipewire.protocol = "protocol-native"
 		core.name = "pipewire-admin-91337"
 		pipewire.sec.socket = "pipewire-0"
 		pipewire.sec.pid = "91337"
 		pipewire.sec.uid = "1000"
 		pipewire.sec.gid = "1000"
 		module.id = "2"
 		object.id = "158"
 		object.serial = "28010"
 		application.name = "pw-link"
 		application.process.binary = "pw-link"
 		application.language = "en_GB.UTF-8"
 		application.process.id = "91337"
 		application.process.user = "admin"
 		application.process.host = "larkbridge"
 		log.level = "0"
 		cpu.max-align = "16"
 		default.clock.rate = "48000"
 		default.clock.quantum = "1024"
 		default.clock.min-quantum = "32"
 		default.clock.max-quantum = "2048"
 		default.clock.quantum-limit = "8192"
 		default.clock.quantum-floor = "4"
 		default.video.width = "640"
 		default.video.height = "480"
 		default.video.rate.num = "25"
 		default.video.rate.denom = "1"
 		clock.power-of-two-quantum = "true"
 		link.max-buffers = "64"
 		mem.warn-mlock = "false"
 		mem.allow-mlock = "true"
 		settings.check-quantum = "false"
 		settings.check-rate = "false"
 		core.version = "1.4.2"
 		pipewire.access = "unrestricted"
removed:
	id: 158
added:
	id: 158
	permissions: rwxm-
	type: PipeWire:Interface:Client (version 3)
 	properties:
 		pipewire.protocol = "protocol-native"
 		core.name = "pipewire-admin-91350"
 		pipewire.sec.socket = "pipewire-0-manager"
 		pipewire.sec.pid = "91350"
 		pipewire.sec.uid = "1000"
 		pipewire.sec.gid = "1000"
 		module.id = "2"
 		object.id = "158"
 		object.serial = "28011"
 		remote.intention = "manager"
 		application.name = "pw-dump"
 		application.process.binary = "pw-dump"
 		application.language = "en_GB.UTF-8"
 		application.process.id = "91350"
 		application.process.user = "admin"
 		application.process.host = "larkbridge"
 		log.level = "0"
 		cpu.max-align = "16"
 		default.clock.rate = "48000"
 		default.clock.quantum = "1024"
 		default.clock.min-quantum = "32"
 		default.clock.max-quantum = "2048"
 		default.clock.quantum-limit = "8192"
 		default.clock.quantum-floor = "4"
 		default.video.width = "640"
 		default.video.height = "480"
 		default.video.rate.num = "25"
 		default.video.rate.denom = "1"
 		clock.power-of-two-quantum = "true"
 		link.max-buffers = "64"
 		mem.warn-mlock = "false"
 		mem.allow-mlock = "true"
 		settings.check-quantum = "false"
 		settings.check-rate = "false"
 		core.version = "1.4.2"
 		pipewire.access = "unrestricted"
removed:
	id: 158
added:
	id: 158
	permissions: rwxm-
	type: PipeWire:Interface:Client (version 3)
 	properties:
 		pipewire.protocol = "protocol-native"
 		core.name = "pipewire-admin-91352"
 		pipewire.sec.socket = "pipewire-0"
 		pipewire.sec.pid = "91352"
 		pipewire.sec.uid = "1000"
 		pipewire.sec.gid = "1000"
 		module.id = "2"
 		object.id = "158"
 		object.serial = "28012"
 		application.name = "pw-link"
 		application.process.binary = "pw-link"
 		application.language = "en_GB.UTF-8"
 		application.process.id = "91352"
 		application.process.user = "admin"
 		application.process.host = "larkbridge"
 		log.level = "0"
 		cpu.max-align = "16"
 		default.clock.rate = "48000"
 		default.clock.quantum = "1024"
 		default.clock.min-quantum = "32"
 		default.clock.max-quantum = "2048"
 		default.clock.quantum-limit = "8192"
 		default.clock.quantum-floor = "4"
 		default.video.width = "640"
 		default.video.height = "480"
 		default.video.rate.num = "25"
 		default.video.rate.denom = "1"
 		clock.power-of-two-quantum = "true"
 		link.max-buffers = "64"
 		mem.warn-mlock = "false"
 		mem.allow-mlock = "true"
 		settings.check-quantum = "false"
 		settings.check-rate = "false"
 		core.version = "1.4.2"
 		pipewire.access = "unrestricted"
removed:
	id: 158
added:
	id: 158
	permissions: rwxm-
	type: PipeWire:Interface:Client (version 3)
 	properties:
 		pipewire.protocol = "protocol-native"
 		core.name = "pipewire-admin-91365"
 		pipewire.sec.socket = "pipewire-0-manager"
 		pipewire.sec.pid = "91365"
 		pipewire.sec.uid = "1000"
 		pipewire.sec.gid = "1000"
 		module.id = "2"
 		object.id = "158"
 		object.serial = "28013"
 		remote.intention = "manager"
 		application.name = "pw-dump"
 		application.process.binary = "pw-dump"
 		application.language = "en_GB.UTF-8"
 		application.process.id = "91365"
 		application.process.user = "admin"
 		application.process.host = "larkbridge"
 		log.level = "0"
 		cpu.max-align = "16"
 		default.clock.rate = "48000"
 		default.clock.quantum = "1024"
 		default.clock.min-quantum = "32"
 		default.clock.max-quantum = "2048"
 		default.clock.quantum-limit = "8192"
 		default.clock.quantum-floor = "4"
 		default.video.width = "640"
 		default.video.height = "480"
 		default.video.rate.num = "25"
 		default.video.rate.denom = "1"
 		clock.power-of-two-quantum = "true"
 		link.max-buffers = "64"
 		mem.warn-mlock = "false"
 		mem.allow-mlock = "true"
 		settings.check-quantum = "false"
 		settings.check-rate = "false"
 		core.version = "1.4.2"
 		pipewire.access = "unrestricted"
removed:
	id: 158
added:
	id: 158
	permissions: rwxm-
	type: PipeWire:Interface:Client (version 3)
 	properties:
 		pipewire.protocol = "protocol-native"
 		core.name = "pipewire-admin-91367"
 		pipewire.sec.socket = "pipewire-0"
 		pipewire.sec.pid = "91367"
 		pipewire.sec.uid = "1000"
 		pipewire.sec.gid = "1000"
 		module.id = "2"
 		object.id = "158"
 		object.serial = "28014"
 		application.name = "pw-link"
 		application.process.binary = "pw-link"
 		application.language = "en_GB.UTF-8"
 		application.process.id = "91367"
 		application.process.user = "admin"
 		application.process.host = "larkbridge"
 		log.level = "0"
 		cpu.max-align = "16"
 		default.clock.rate = "48000"
 		default.clock.quantum = "1024"
 		default.clock.min-quantum = "32"
 		default.clock.max-quantum = "2048"
 		default.clock.quantum-limit = "8192"
 		default.clock.quantum-floor = "4"
 		default.video.width = "640"
 		default.video.height = "480"
 		default.video.rate.num = "25"
 		default.video.rate.denom = "1"
 		clock.power-of-two-quantum = "true"
 		link.max-buffers = "64"
 		mem.warn-mlock = "false"
 		mem.allow-mlock = "true"
 		settings.check-quantum = "false"
 		settings.check-rate = "false"
 		core.version = "1.4.2"
 		pipewire.access = "unrestricted"
removed:
	id: 158
added:
	id: 158
	permissions: rwxm-
	type: PipeWire:Interface:Client (version 3)
 	properties:
 		pipewire.protocol = "protocol-native"
 		core.name = "pipewire-admin-91382"
 		pipewire.sec.socket = "pipewire-0-manager"
 		pipewire.sec.pid = "91382"
 		pipewire.sec.uid = "1000"
 		pipewire.sec.gid = "1000"
 		module.id = "2"
 		object.id = "158"
 		object.serial = "28015"
 		remote.intention = "manager"
 		application.name = "pw-dump"
 		application.process.binary = "pw-dump"
 		application.language = "en_GB.UTF-8"
 		application.process.id = "91382"
 		application.process.user = "admin"
 		application.process.host = "larkbridge"
 		log.level = "0"
 		cpu.max-align = "16"
 		default.clock.rate = "48000"
 		default.clock.quantum = "1024"
 		default.clock.min-quantum = "32"
 		default.clock.max-quantum = "2048"
 		default.clock.quantum-limit = "8192"
 		default.clock.quantum-floor = "4"
 		default.video.width = "640"
 		default.video.height = "480"
 		default.video.rate.num = "25"
 		default.video.rate.denom = "1"
 		clock.power-of-two-quantum = "true"
 		link.max-buffers = "64"
 		mem.warn-mlock = "false"
 		mem.allow-mlock = "true"
 		settings.check-quantum = "false"
 		settings.check-rate = "false"
 		core.version = "1.4.2"
 		pipewire.access = "unrestricted"
removed:
	id: 158
added:
	id: 158
	permissions: rwxm-
	type: PipeWire:Interface:Client (version 3)
 	properties:
 		pipewire.protocol = "protocol-native"
 		core.name = "pipewire-admin-91384"
 		pipewire.sec.socket = "pipewire-0"
 		pipewire.sec.pid = "91384"
 		pipewire.sec.uid = "1000"
 		pipewire.sec.gid = "1000"
 		module.id = "2"
 		object.id = "158"
 		object.serial = "28016"
 		application.name = "pw-link"
 		application.process.binary = "pw-link"
 		application.language = "en_GB.UTF-8"
 		application.process.id = "91384"
 		application.process.user = "admin"
 		application.process.host = "larkbridge"
 		log.level = "0"
 		cpu.max-align = "16"
 		default.clock.rate = "48000"
 		default.clock.quantum = "1024"
 		default.clock.min-quantum = "32"
 		default.clock.max-quantum = "2048"
 		default.clock.quantum-limit = "8192"
 		default.clock.quantum-floor = "4"
 		default.video.width = "640"
 		default.video.height = "480"
 		default.video.rate.num = "25"
 		default.video.rate.denom = "1"
 		clock.power-of-two-quantum = "true"
 		link.max-buffers = "64"
 		mem.warn-mlock = "false"
 		mem.allow-mlock = "true"
 		settings.check-quantum = "false"
 		settings.check-rate = "false"
 		core.version = "1.4.2"
 		pipewire.access = "unrestricted"
removed:
	id: 158
added:
	id: 158
	permissions: rwxm-
	type: PipeWire:Interface:Client (version 3)
 	properties:
 		pipewire.protocol = "protocol-native"
 		core.name = "pipewire-admin-91397"
 		pipewire.sec.socket = "pipewire-0-manager"
 		pipewire.sec.pid = "91397"
 		pipewire.sec.uid = "1000"
 		pipewire.sec.gid = "1000"
 		module.id = "2"
 		object.id = "158"
 		object.serial = "28017"
 		remote.intention = "manager"
 		application.name = "pw-dump"
 		application.process.binary = "pw-dump"
 		application.language = "en_GB.UTF-8"
 		application.process.id = "91397"
 		application.process.user = "admin"
 		application.process.host = "larkbridge"
 		log.level = "0"
 		cpu.max-align = "16"
 		default.clock.rate = "48000"
 		default.clock.quantum = "1024"
 		default.clock.min-quantum = "32"
 		default.clock.max-quantum = "2048"
 		default.clock.quantum-limit = "8192"
 		default.clock.quantum-floor = "4"
 		default.video.width = "640"
 		default.video.height = "480"
 		default.video.rate.num = "25"
 		default.video.rate.denom = "1"
 		clock.power-of-two-quantum = "true"
 		link.max-buffers = "64"
 		mem.warn-mlock = "false"
 		mem.allow-mlock = "true"
 		settings.check-quantum = "false"
 		settings.check-rate = "false"
 		core.version = "1.4.2"
 		pipewire.access = "unrestricted"
removed:
	id: 158
added:
	id: 158
	permissions: rwxm-
	type: PipeWire:Interface:Client (version 3)
 	properties:
 		pipewire.protocol = "protocol-native"
 		core.name = "pipewire-admin-91399"
 		pipewire.sec.socket = "pipewire-0"
 		pipewire.sec.pid = "91399"
 		pipewire.sec.uid = "1000"
 		pipewire.sec.gid = "1000"
 		module.id = "2"
 		object.id = "158"
 		object.serial = "28018"
 		application.name = "pw-link"
 		application.process.binary = "pw-link"
 		application.language = "en_GB.UTF-8"
 		application.process.id = "91399"
 		application.process.user = "admin"
 		application.process.host = "larkbridge"
 		log.level = "0"
 		cpu.max-align = "16"
 		default.clock.rate = "48000"
 		default.clock.quantum = "1024"
 		default.clock.min-quantum = "32"
 		default.clock.max-quantum = "2048"
 		default.clock.quantum-limit = "8192"
 		default.clock.quantum-floor = "4"
 		default.video.width = "640"
 		default.video.height = "480"
 		default.video.rate.num = "25"
 		default.video.rate.denom = "1"
 		clock.power-of-two-quantum = "true"
 		link.max-buffers = "64"
 		mem.warn-mlock = "false"
 		mem.allow-mlock = "true"
 		settings.check-quantum = "false"
 		settings.check-rate = "false"
 		core.version = "1.4.2"
 		pipewire.access = "unrestricted"
removed:
	id: 158
