2026-08-24T18:56:14,244453285-04:00
{"state":"CALL_DOWN","call":false,"output":{"desired":"wired:alsa_output.platform-3f00b840.mailbox.stereo-fallback","chosen":"wired:alsa_output.platform-3f00b840.mailbox.stereo-fallback","reason":"desired output is available","candidates":[{"id":"wired:alsa_output.platform-3f00b840.mailbox.stereo-fallback","present":true,"connected":true,"adapter":null,"adapter_address":null,"setup_state":"ready"},{"id":"a2dp:C9:5C:FD:6E:28:46","present":false,"connected":false,"adapter":"hci1","adapter_address":"A0:AD:9F:73:6C:24","setup_state":"ready"},{"id":"a2dp:50:D7:1B:74:34:D6","present":false,"connected":false,"adapter":"hci1","adapter_address":"A0:AD:9F:73:6C:24","setup_state":"ready"},{"id":"a2dp:98:47:44:CD:73:DE","present":false,"connected":false,"adapter":"hci0","adapter_address":"B8:27:EB:43:8D:51","setup_state":"needs_setup"}]}}
/org/bluez/hci0/dev_98_47_44_CD_73_DE b true
/org/bluez/hci1/dev_98_47_44_CD_73_DE absent
2026-08-24T18:56:15,384239417-04:00
{"state":"CALL_DOWN","call":false,"output":{"desired":"wired:alsa_output.platform-3f00b840.mailbox.stereo-fallback","chosen":"wired:alsa_output.platform-3f00b840.mailbox.stereo-fallback","reason":"desired output is available","candidates":[{"id":"wired:alsa_output.platform-3f00b840.mailbox.stereo-fallback","present":true,"connected":true,"adapter":null,"adapter_address":null,"setup_state":"ready"},{"id":"a2dp:C9:5C:FD:6E:28:46","present":false,"connected":false,"adapter":"hci1","adapter_address":"A0:AD:9F:73:6C:24","setup_state":"ready"},{"id":"a2dp:50:D7:1B:74:34:D6","present":false,"connected":false,"adapter":"hci1","adapter_address":"A0:AD:9F:73:6C:24","setup_state":"ready"},{"id":"a2dp:98:47:44:CD:73:DE","present":false,"connected":false,"adapter":"hci0","adapter_address":"B8:27:EB:43:8D:51","setup_state":"needs_setup"}]}}
/org/bluez/hci0/dev_98_47_44_CD_73_DE b true
/org/bluez/hci1/dev_98_47_44_CD_73_DE absent
2026-08-24T18:56:16,456371802-04:00
{"state":"CALL_DOWN","call":false,"output":{"desired":"wired:alsa_output.platform-3f00b840.mailbox.stereo-fallback","chosen":"wired:alsa_output.platform-3f00b840.mailbox.stereo-fallback","reason":"desired output is available","candidates":[{"id":"wired:alsa_output.platform-3f00b840.mailbox.stereo-fallback","present":true,"connected":true,"adapter":null,"adapter_address":null,"setup_state":"ready"},{"id":"a2dp:C9:5C:FD:6E:28:46","present":false,"connected":false,"adapter":"hci1","adapter_address":"A0:AD:9F:73:6C:24","setup_state":"ready"},{"id":"a2dp:50:D7:1B:74:34:D6","present":false,"connected":false,"adapter":"hci1","adapter_address":"A0:AD:9F:73:6C:24","setup_state":"ready"},{"id":"a2dp:98:47:44:CD:73:DE","present":false,"connected":false,"adapter":"hci0","adapter_address":"B8:27:EB:43:8D:51","setup_state":"needs_setup"}]}}
/org/bluez/hci0/dev_98_47_44_CD_73_DE b true
/org/bluez/hci1/dev_98_47_44_CD_73_DE absent
2026-08-24T18:56:17,528474030-04:00
{"state":"CALL_DOWN","call":false,"output":{"desired":"wired:alsa_output.platform-3f00b840.mailbox.stereo-fallback","chosen":"wired:alsa_output.platform-3f00b840.mailbox.stereo-fallback","reason":"desired output is available","candidates":[{"id":"wired:alsa_output.platform-3f00b840.mailbox.stereo-fallback","present":true,"connected":true,"adapter":null,"adapter_address":null,"setup_state":"ready"},{"id":"a2dp:C9:5C:FD:6E:28:46","present":false,"connected":false,"adapter":"hci1","adapter_address":"A0:AD:9F:73:6C:24","setup_state":"ready"},{"id":"a2dp:50:D7:1B:74:34:D6","present":false,"connected":false,"adapter":"hci1","adapter_address":"A0:AD:9F:73:6C:24","setup_state":"ready"},{"id":"a2dp:98:47:44:CD:73:DE","present":false,"connected":false,"adapter":"hci0","adapter_address":"B8:27:EB:43:8D:51","setup_state":"needs_setup"}]}}
/org/bluez/hci0/dev_98_47_44_CD_73_DE b true
/org/bluez/hci1/dev_98_47_44_CD_73_DE absent
2026-08-24T18:56:18,601212504-04:00
{"state":"CALL_DOWN","call":false,"output":{"desired":"wired:alsa_output.platform-3f00b840.mailbox.stereo-fallback","chosen":"wired:alsa_output.platform-3f00b840.mailbox.stereo-fallback","reason":"desired output is available","candidates":[{"id":"wired:alsa_output.platform-3f00b840.mailbox.stereo-fallback","present":true,"connected":true,"adapter":null,"adapter_address":null,"setup_state":"ready"},{"id":"a2dp:C9:5C:FD:6E:28:46","present":false,"connected":false,"adapter":"hci1","adapter_address":"A0:AD:9F:73:6C:24","setup_state":"ready"},{"id":"a2dp:50:D7:1B:74:34:D6","present":false,"connected":false,"adapter":"hci1","adapter_address":"A0:AD:9F:73:6C:24","setup_state":"ready"},{"id":"a2dp:98:47:44:CD:73:DE","present":false,"connected":false,"adapter":"hci0","adapter_address":"B8:27:EB:43:8D:51","setup_state":"needs_setup"}]}}
/org/bluez/hci0/dev_98_47_44_CD_73_DE b true
/org/bluez/hci1/dev_98_47_44_CD_73_DE absent
2026-08-24T18:56:19,673948165-04:00
{"state":"CALL_DOWN","call":false,"output":{"desired":"wired:alsa_output.platform-3f00b840.mailbox.stereo-fallback","chosen":"wired:alsa_output.platform-3f00b840.mailbox.stereo-fallback","reason":"desired output is available","candidates":[{"id":"wired:alsa_output.platform-3f00b840.mailbox.stereo-fallback","present":true,"connected":true,"adapter":null,"adapter_address":null,"setup_state":"ready"},{"id":"a2dp:C9:5C:FD:6E:28:46","present":false,"connected":false,"adapter":"hci1","adapter_address":"A0:AD:9F:73:6C:24","setup_state":"ready"},{"id":"a2dp:50:D7:1B:74:34:D6","present":false,"connected":false,"adapter":"hci1","adapter_address":"A0:AD:9F:73:6C:24","setup_state":"ready"},{"id":"a2dp:98:47:44:CD:73:DE","present":false,"connected":false,"adapter":"hci0","adapter_address":"B8:27:EB:43:8D:51","setup_state":"needs_setup"}]}}
/org/bluez/hci0/dev_98_47_44_CD_73_DE b true
/org/bluez/hci1/dev_98_47_44_CD_73_DE absent
2026-08-24T18:56:20,746691429-04:00
{"state":"CALL_DOWN","call":false,"output":{"desired":"wired:alsa_output.platform-3f00b840.mailbox.stereo-fallback","chosen":"wired:alsa_output.platform-3f00b840.mailbox.stereo-fallback","reason":"desired output is available","candidates":[{"id":"wired:alsa_output.platform-3f00b840.mailbox.stereo-fallback","present":true,"connected":true,"adapter":null,"adapter_address":null,"setup_state":"ready"},{"id":"a2dp:C9:5C:FD:6E:28:46","present":false,"connected":false,"adapter":"hci1","adapter_address":"A0:AD:9F:73:6C:24","setup_state":"ready"},{"id":"a2dp:50:D7:1B:74:34:D6","present":false,"connected":false,"adapter":"hci1","adapter_address":"A0:AD:9F:73:6C:24","setup_state":"ready"},{"id":"a2dp:98:47:44:CD:73:DE","present":false,"connected":false,"adapter":"hci0","adapter_address":"B8:27:EB:43:8D:51","setup_state":"needs_setup"}]}}
/org/bluez/hci0/dev_98_47_44_CD_73_DE b true
/org/bluez/hci1/dev_98_47_44_CD_73_DE absent
2026-08-24T18:56:21,819860002-04:00
{"state":"CALL_DOWN","call":false,"output":{"desired":"wired:alsa_output.platform-3f00b840.mailbox.stereo-fallback","chosen":"wired:alsa_output.platform-3f00b840.mailbox.stereo-fallback","reason":"desired output is available","candidates":[{"id":"wired:alsa_output.platform-3f00b840.mailbox.stereo-fallback","present":true,"connected":true,"adapter":null,"adapter_address":null,"setup_state":"ready"},{"id":"a2dp:C9:5C:FD:6E:28:46","present":false,"connected":false,"adapter":"hci1","adapter_address":"A0:AD:9F:73:6C:24","setup_state":"ready"},{"id":"a2dp:50:D7:1B:74:34:D6","present":false,"connected":false,"adapter":"hci1","adapter_address":"A0:AD:9F:73:6C:24","setup_state":"ready"},{"id":"a2dp:98:47:44:CD:73:DE","present":false,"connected":false,"adapter":"hci0","adapter_address":"B8:27:EB:43:8D:51","setup_state":"needs_setup"}]}}
/org/bluez/hci0/dev_98_47_44_CD_73_DE b true
/org/bluez/hci1/dev_98_47_44_CD_73_DE absent
2026-08-24T18:56:22,892742691-04:00
{"state":"CALL_DOWN","call":false,"output":{"desired":"wired:alsa_output.platform-3f00b840.mailbox.stereo-fallback","chosen":"wired:alsa_output.platform-3f00b840.mailbox.stereo-fallback","reason":"desired output is available","candidates":[{"id":"wired:alsa_output.platform-3f00b840.mailbox.stereo-fallback","present":true,"connected":true,"adapter":null,"adapter_address":null,"setup_state":"ready"},{"id":"a2dp:C9:5C:FD:6E:28:46","present":false,"connected":false,"adapter":"hci1","adapter_address":"A0:AD:9F:73:6C:24","setup_state":"ready"},{"id":"a2dp:50:D7:1B:74:34:D6","present":false,"connected":false,"adapter":"hci1","adapter_address":"A0:AD:9F:73:6C:24","setup_state":"ready"},{"id":"a2dp:98:47:44:CD:73:DE","present":false,"connected":false,"adapter":"hci0","adapter_address":"B8:27:EB:43:8D:51","setup_state":"needs_setup"}]}}
/org/bluez/hci0/dev_98_47_44_CD_73_DE b true
/org/bluez/hci1/dev_98_47_44_CD_73_DE absent
2026-08-24T18:56:23,965560016-04:00
{"state":"CALL_DOWN","call":false,"output":{"desired":"wired:alsa_output.platform-3f00b840.mailbox.stereo-fallback","chosen":"wired:alsa_output.platform-3f00b840.mailbox.stereo-fallback","reason":"desired output is available","candidates":[{"id":"wired:alsa_output.platform-3f00b840.mailbox.stereo-fallback","present":true,"connected":true,"adapter":null,"adapter_address":null,"setup_state":"ready"},{"id":"a2dp:C9:5C:FD:6E:28:46","present":false,"connected":false,"adapter":"hci1","adapter_address":"A0:AD:9F:73:6C:24","setup_state":"ready"},{"id":"a2dp:50:D7:1B:74:34:D6","present":false,"connected":false,"adapter":"hci1","adapter_address":"A0:AD:9F:73:6C:24","setup_state":"ready"},{"id":"a2dp:98:47:44:CD:73:DE","present":false,"connected":false,"adapter":"hci0","adapter_address":"B8:27:EB:43:8D:51","setup_state":"needs_setup"}]}}
/org/bluez/hci0/dev_98_47_44_CD_73_DE b true
/org/bluez/hci1/dev_98_47_44_CD_73_DE absent
2026-08-24T18:56:25,038515255-04:00
{"state":"CALL_DOWN","call":false,"output":{"desired":"wired:alsa_output.platform-3f00b840.mailbox.stereo-fallback","chosen":"wired:alsa_output.platform-3f00b840.mailbox.stereo-fallback","reason":"desired output is available","candidates":[{"id":"wired:alsa_output.platform-3f00b840.mailbox.stereo-fallback","present":true,"connected":true,"adapter":null,"adapter_address":null,"setup_state":"ready"},{"id":"a2dp:C9:5C:FD:6E:28:46","present":false,"connected":false,"adapter":"hci1","adapter_address":"A0:AD:9F:73:6C:24","setup_state":"ready"},{"id":"a2dp:50:D7:1B:74:34:D6","present":false,"connected":false,"adapter":"hci1","adapter_address":"A0:AD:9F:73:6C:24","setup_state":"ready"},{"id":"a2dp:98:47:44:CD:73:DE","present":false,"connected":false,"adapter":"hci0","adapter_address":"B8:27:EB:43:8D:51","setup_state":"needs_setup"}]}}
/org/bluez/hci0/dev_98_47_44_CD_73_DE b true
/org/bluez/hci1/dev_98_47_44_CD_73_DE absent
2026-08-24T18:56:26,110984090-04:00
{"state":"CALL_DOWN","call":false,"output":{"desired":"wired:alsa_output.platform-3f00b840.mailbox.stereo-fallback","chosen":"wired:alsa_output.platform-3f00b840.mailbox.stereo-fallback","reason":"desired output is available","candidates":[{"id":"wired:alsa_output.platform-3f00b840.mailbox.stereo-fallback","present":true,"connected":true,"adapter":null,"adapter_address":null,"setup_state":"ready"},{"id":"a2dp:C9:5C:FD:6E:28:46","present":false,"connected":false,"adapter":"hci1","adapter_address":"A0:AD:9F:73:6C:24","setup_state":"ready"},{"id":"a2dp:50:D7:1B:74:34:D6","present":false,"connected":false,"adapter":"hci1","adapter_address":"A0:AD:9F:73:6C:24","setup_state":"ready"},{"id":"a2dp:98:47:44:CD:73:DE","present":false,"connected":false,"adapter":"hci0","adapter_address":"B8:27:EB:43:8D:51","setup_state":"needs_setup"}]}}
/org/bluez/hci0/dev_98_47_44_CD_73_DE b true
/org/bluez/hci1/dev_98_47_44_CD_73_DE absent
2026-08-24T18:56:27,183566674-04:00
{"state":"CALL_DOWN","call":false,"output":{"desired":"wired:alsa_output.platform-3f00b840.mailbox.stereo-fallback","chosen":"wired:alsa_output.platform-3f00b840.mailbox.stereo-fallback","reason":"desired output is available","candidates":[{"id":"wired:alsa_output.platform-3f00b840.mailbox.stereo-fallback","present":true,"connected":true,"adapter":null,"adapter_address":null,"setup_state":"ready"},{"id":"a2dp:C9:5C:FD:6E:28:46","present":false,"connected":false,"adapter":"hci1","adapter_address":"A0:AD:9F:73:6C:24","setup_state":"ready"},{"id":"a2dp:50:D7:1B:74:34:D6","present":false,"connected":false,"adapter":"hci1","adapter_address":"A0:AD:9F:73:6C:24","setup_state":"ready"},{"id":"a2dp:98:47:44:CD:73:DE","present":false,"connected":false,"adapter":"hci0","adapter_address":"B8:27:EB:43:8D:51","setup_state":"needs_setup"}]}}
/org/bluez/hci0/dev_98_47_44_CD_73_DE b true
/org/bluez/hci1/dev_98_47_44_CD_73_DE absent
2026-08-24T18:56:28,256357068-04:00
{"state":"CALL_DOWN","call":false,"output":{"desired":"wired:alsa_output.platform-3f00b840.mailbox.stereo-fallback","chosen":"wired:alsa_output.platform-3f00b840.mailbox.stereo-fallback","reason":"desired output is available","candidates":[{"id":"wired:alsa_output.platform-3f00b840.mailbox.stereo-fallback","present":true,"connected":true,"adapter":null,"adapter_address":null,"setup_state":"ready"},{"id":"a2dp:C9:5C:FD:6E:28:46","present":false,"connected":false,"adapter":"hci1","adapter_address":"A0:AD:9F:73:6C:24","setup_state":"ready"},{"id":"a2dp:50:D7:1B:74:34:D6","present":false,"connected":false,"adapter":"hci1","adapter_address":"A0:AD:9F:73:6C:24","setup_state":"ready"},{"id":"a2dp:98:47:44:CD:73:DE","present":false,"connected":false,"adapter":"hci0","adapter_address":"B8:27:EB:43:8D:51","setup_state":"needs_setup"}]}}
/org/bluez/hci0/dev_98_47_44_CD_73_DE b true
/org/bluez/hci1/dev_98_47_44_CD_73_DE absent
2026-08-24T18:56:29,329256680-04:00
{"state":"CALL_DOWN","call":false,"output":{"desired":"wired:alsa_output.platform-3f00b840.mailbox.stereo-fallback","chosen":"wired:alsa_output.platform-3f00b840.mailbox.stereo-fallback","reason":"desired output is available","candidates":[{"id":"wired:alsa_output.platform-3f00b840.mailbox.stereo-fallback","present":true,"connected":true,"adapter":null,"adapter_address":null,"setup_state":"ready"},{"id":"a2dp:C9:5C:FD:6E:28:46","present":false,"connected":false,"adapter":"hci1","adapter_address":"A0:AD:9F:73:6C:24","setup_state":"ready"},{"id":"a2dp:50:D7:1B:74:34:D6","present":false,"connected":false,"adapter":"hci1","adapter_address":"A0:AD:9F:73:6C:24","setup_state":"ready"},{"id":"a2dp:98:47:44:CD:73:DE","present":false,"connected":false,"adapter":"hci0","adapter_address":"B8:27:EB:43:8D:51","setup_state":"needs_setup"}]}}
/org/bluez/hci0/dev_98_47_44_CD_73_DE b true
/org/bluez/hci1/dev_98_47_44_CD_73_DE absent
2026-08-24T18:56:30,402263113-04:00
{"state":"CALL_DOWN","call":false,"output":{"desired":"wired:alsa_output.platform-3f00b840.mailbox.stereo-fallback","chosen":"wired:alsa_output.platform-3f00b840.mailbox.stereo-fallback","reason":"desired output is available","candidates":[{"id":"wired:alsa_output.platform-3f00b840.mailbox.stereo-fallback","present":true,"connected":true,"adapter":null,"adapter_address":null,"setup_state":"ready"},{"id":"a2dp:C9:5C:FD:6E:28:46","present":false,"connected":false,"adapter":"hci1","adapter_address":"A0:AD:9F:73:6C:24","setup_state":"ready"},{"id":"a2dp:50:D7:1B:74:34:D6","present":false,"connected":false,"adapter":"hci1","adapter_address":"A0:AD:9F:73:6C:24","setup_state":"ready"},{"id":"a2dp:98:47:44:CD:73:DE","present":false,"connected":false,"adapter":"hci0","adapter_address":"B8:27:EB:43:8D:51","setup_state":"needs_setup"}]}}
/org/bluez/hci0/dev_98_47_44_CD_73_DE b true
/org/bluez/hci1/dev_98_47_44_CD_73_DE absent
2026-08-24T18:56:31,474881632-04:00
{"state":"CALL_DOWN","call":false,"output":{"desired":"wired:alsa_output.platform-3f00b840.mailbox.stereo-fallback","chosen":"wired:alsa_output.platform-3f00b840.mailbox.stereo-fallback","reason":"desired output is available","candidates":[{"id":"wired:alsa_output.platform-3f00b840.mailbox.stereo-fallback","present":true,"connected":true,"adapter":null,"adapter_address":null,"setup_state":"ready"},{"id":"a2dp:C9:5C:FD:6E:28:46","present":false,"connected":false,"adapter":"hci1","adapter_address":"A0:AD:9F:73:6C:24","setup_state":"ready"},{"id":"a2dp:50:D7:1B:74:34:D6","present":false,"connected":false,"adapter":"hci1","adapter_address":"A0:AD:9F:73:6C:24","setup_state":"ready"},{"id":"a2dp:98:47:44:CD:73:DE","present":false,"connected":false,"adapter":"hci0","adapter_address":"B8:27:EB:43:8D:51","setup_state":"needs_setup"}]}}
/org/bluez/hci0/dev_98_47_44_CD_73_DE b true
/org/bluez/hci1/dev_98_47_44_CD_73_DE absent
2026-08-24T18:56:32,547970147-04:00
{"state":"CALL_DOWN","call":false,"output":{"desired":"wired:alsa_output.platform-3f00b840.mailbox.stereo-fallback","chosen":"wired:alsa_output.platform-3f00b840.mailbox.stereo-fallback","reason":"desired output is available","candidates":[{"id":"wired:alsa_output.platform-3f00b840.mailbox.stereo-fallback","present":true,"connected":true,"adapter":null,"adapter_address":null,"setup_state":"ready"},{"id":"a2dp:C9:5C:FD:6E:28:46","present":false,"connected":false,"adapter":"hci1","adapter_address":"A0:AD:9F:73:6C:24","setup_state":"ready"},{"id":"a2dp:50:D7:1B:74:34:D6","present":false,"connected":false,"adapter":"hci1","adapter_address":"A0:AD:9F:73:6C:24","setup_state":"ready"},{"id":"a2dp:98:47:44:CD:73:DE","present":false,"connected":false,"adapter":"hci0","adapter_address":"B8:27:EB:43:8D:51","setup_state":"needs_setup"}]}}
/org/bluez/hci0/dev_98_47_44_CD_73_DE b true
/org/bluez/hci1/dev_98_47_44_CD_73_DE absent
2026-08-24T18:56:33,620515591-04:00
{"state":"CALL_DOWN","call":false,"output":{"desired":"wired:alsa_output.platform-3f00b840.mailbox.stereo-fallback","chosen":"wired:alsa_output.platform-3f00b840.mailbox.stereo-fallback","reason":"desired output is available","candidates":[{"id":"wired:alsa_output.platform-3f00b840.mailbox.stereo-fallback","present":true,"connected":true,"adapter":null,"adapter_address":null,"setup_state":"ready"},{"id":"a2dp:C9:5C:FD:6E:28:46","present":false,"connected":false,"adapter":"hci1","adapter_address":"A0:AD:9F:73:6C:24","setup_state":"ready"},{"id":"a2dp:50:D7:1B:74:34:D6","present":false,"connected":false,"adapter":"hci1","adapter_address":"A0:AD:9F:73:6C:24","setup_state":"ready"},{"id":"a2dp:98:47:44:CD:73:DE","present":false,"connected":false,"adapter":"hci0","adapter_address":"B8:27:EB:43:8D:51","setup_state":"needs_setup"}]}}
/org/bluez/hci0/dev_98_47_44_CD_73_DE b true
/org/bluez/hci1/dev_98_47_44_CD_73_DE absent
2026-08-24T18:56:34,693254107-04:00
{"state":"CALL_DOWN","call":false,"output":{"desired":"wired:alsa_output.platform-3f00b840.mailbox.stereo-fallback","chosen":"wired:alsa_output.platform-3f00b840.mailbox.stereo-fallback","reason":"desired output is available","candidates":[{"id":"wired:alsa_output.platform-3f00b840.mailbox.stereo-fallback","present":true,"connected":true,"adapter":null,"adapter_address":null,"setup_state":"ready"},{"id":"a2dp:C9:5C:FD:6E:28:46","present":false,"connected":false,"adapter":"hci1","adapter_address":"A0:AD:9F:73:6C:24","setup_state":"ready"},{"id":"a2dp:50:D7:1B:74:34:D6","present":false,"connected":false,"adapter":"hci1","adapter_address":"A0:AD:9F:73:6C:24","setup_state":"ready"},{"id":"a2dp:98:47:44:CD:73:DE","present":false,"connected":false,"adapter":"hci0","adapter_address":"B8:27:EB:43:8D:51","setup_state":"needs_setup"}]}}
/org/bluez/hci0/dev_98_47_44_CD_73_DE b true
/org/bluez/hci1/dev_98_47_44_CD_73_DE absent
2026-08-24T18:56:35,766434129-04:00
{"state":"CALL_DOWN","call":false,"output":{"desired":"wired:alsa_output.platform-3f00b840.mailbox.stereo-fallback","chosen":"wired:alsa_output.platform-3f00b840.mailbox.stereo-fallback","reason":"desired output is available","candidates":[{"id":"wired:alsa_output.platform-3f00b840.mailbox.stereo-fallback","present":true,"connected":true,"adapter":null,"adapter_address":null,"setup_state":"ready"},{"id":"a2dp:C9:5C:FD:6E:28:46","present":false,"connected":false,"adapter":"hci1","adapter_address":"A0:AD:9F:73:6C:24","setup_state":"ready"},{"id":"a2dp:50:D7:1B:74:34:D6","present":false,"connected":false,"adapter":"hci1","adapter_address":"A0:AD:9F:73:6C:24","setup_state":"ready"},{"id":"a2dp:98:47:44:CD:73:DE","present":false,"connected":false,"adapter":"hci0","adapter_address":"B8:27:EB:43:8D:51","setup_state":"needs_setup"}]}}
/org/bluez/hci0/dev_98_47_44_CD_73_DE b true
/org/bluez/hci1/dev_98_47_44_CD_73_DE absent
2026-08-24T18:56:36,839141394-04:00
{"state":"CALL_DOWN","call":false,"output":{"desired":"wired:alsa_output.platform-3f00b840.mailbox.stereo-fallback","chosen":"wired:alsa_output.platform-3f00b840.mailbox.stereo-fallback","reason":"desired output is available","candidates":[{"id":"wired:alsa_output.platform-3f00b840.mailbox.stereo-fallback","present":true,"connected":true,"adapter":null,"adapter_address":null,"setup_state":"ready"},{"id":"a2dp:C9:5C:FD:6E:28:46","present":false,"connected":false,"adapter":"hci1","adapter_address":"A0:AD:9F:73:6C:24","setup_state":"ready"},{"id":"a2dp:50:D7:1B:74:34:D6","present":false,"connected":false,"adapter":"hci1","adapter_address":"A0:AD:9F:73:6C:24","setup_state":"ready"},{"id":"a2dp:98:47:44:CD:73:DE","present":false,"connected":false,"adapter":"hci0","adapter_address":"B8:27:EB:43:8D:51","setup_state":"needs_setup"}]}}
/org/bluez/hci0/dev_98_47_44_CD_73_DE b true
/org/bluez/hci1/dev_98_47_44_CD_73_DE absent
2026-08-24T18:56:37,911970896-04:00
{"state":"CALL_DOWN","call":false,"output":{"desired":"wired:alsa_output.platform-3f00b840.mailbox.stereo-fallback","chosen":"wired:alsa_output.platform-3f00b840.mailbox.stereo-fallback","reason":"desired output is available","candidates":[{"id":"wired:alsa_output.platform-3f00b840.mailbox.stereo-fallback","present":true,"connected":true,"adapter":null,"adapter_address":null,"setup_state":"ready"},{"id":"a2dp:C9:5C:FD:6E:28:46","present":false,"connected":false,"adapter":"hci1","adapter_address":"A0:AD:9F:73:6C:24","setup_state":"ready"},{"id":"a2dp:50:D7:1B:74:34:D6","present":false,"connected":false,"adapter":"hci1","adapter_address":"A0:AD:9F:73:6C:24","setup_state":"ready"},{"id":"a2dp:98:47:44:CD:73:DE","present":false,"connected":false,"adapter":"hci0","adapter_address":"B8:27:EB:43:8D:51","setup_state":"needs_setup"}]}}
/org/bluez/hci0/dev_98_47_44_CD_73_DE b true
/org/bluez/hci1/dev_98_47_44_CD_73_DE absent
2026-08-24T18:56:38,985058886-04:00
{"state":"CALL_DOWN","call":false,"output":{"desired":"wired:alsa_output.platform-3f00b840.mailbox.stereo-fallback","chosen":"wired:alsa_output.platform-3f00b840.mailbox.stereo-fallback","reason":"desired output is available","candidates":[{"id":"wired:alsa_output.platform-3f00b840.mailbox.stereo-fallback","present":true,"connected":true,"adapter":null,"adapter_address":null,"setup_state":"ready"},{"id":"a2dp:C9:5C:FD:6E:28:46","present":false,"connected":false,"adapter":"hci1","adapter_address":"A0:AD:9F:73:6C:24","setup_state":"ready"},{"id":"a2dp:50:D7:1B:74:34:D6","present":false,"connected":false,"adapter":"hci1","adapter_address":"A0:AD:9F:73:6C:24","setup_state":"ready"},{"id":"a2dp:98:47:44:CD:73:DE","present":false,"connected":false,"adapter":"hci0","adapter_address":"B8:27:EB:43:8D:51","setup_state":"needs_setup"}]}}
/org/bluez/hci0/dev_98_47_44_CD_73_DE b true
/org/bluez/hci1/dev_98_47_44_CD_73_DE absent
2026-08-24T18:56:40,058261198-04:00
{"state":"CALL_DOWN","call":false,"output":{"desired":"wired:alsa_output.platform-3f00b840.mailbox.stereo-fallback","chosen":"wired:alsa_output.platform-3f00b840.mailbox.stereo-fallback","reason":"desired output is available","candidates":[{"id":"wired:alsa_output.platform-3f00b840.mailbox.stereo-fallback","present":true,"connected":true,"adapter":null,"adapter_address":null,"setup_state":"ready"},{"id":"a2dp:C9:5C:FD:6E:28:46","present":false,"connected":false,"adapter":"hci1","adapter_address":"A0:AD:9F:73:6C:24","setup_state":"ready"},{"id":"a2dp:50:D7:1B:74:34:D6","present":false,"connected":false,"adapter":"hci1","adapter_address":"A0:AD:9F:73:6C:24","setup_state":"ready"},{"id":"a2dp:98:47:44:CD:73:DE","present":false,"connected":false,"adapter":"hci0","adapter_address":"B8:27:EB:43:8D:51","setup_state":"needs_setup"}]}}
/org/bluez/hci0/dev_98_47_44_CD_73_DE b true
/org/bluez/hci1/dev_98_47_44_CD_73_DE absent
2026-08-24T18:56:41,130914449-04:00
{"state":"CALL_DOWN","call":false,"output":{"desired":"wired:alsa_output.platform-3f00b840.mailbox.stereo-fallback","chosen":"wired:alsa_output.platform-3f00b840.mailbox.stereo-fallback","reason":"desired output is available","candidates":[{"id":"wired:alsa_output.platform-3f00b840.mailbox.stereo-fallback","present":true,"connected":true,"adapter":null,"adapter_address":null,"setup_state":"ready"},{"id":"a2dp:C9:5C:FD:6E:28:46","present":false,"connected":false,"adapter":"hci1","adapter_address":"A0:AD:9F:73:6C:24","setup_state":"ready"},{"id":"a2dp:50:D7:1B:74:34:D6","present":false,"connected":false,"adapter":"hci1","adapter_address":"A0:AD:9F:73:6C:24","setup_state":"ready"},{"id":"a2dp:98:47:44:CD:73:DE","present":false,"connected":false,"adapter":"hci0","adapter_address":"B8:27:EB:43:8D:51","setup_state":"needs_setup"}]}}
/org/bluez/hci0/dev_98_47_44_CD_73_DE b true
/org/bluez/hci1/dev_98_47_44_CD_73_DE absent
2026-08-24T18:56:42,204188269-04:00
{"state":"CALL_DOWN","call":false,"output":{"desired":"wired:alsa_output.platform-3f00b840.mailbox.stereo-fallback","chosen":"wired:alsa_output.platform-3f00b840.mailbox.stereo-fallback","reason":"desired output is available","candidates":[{"id":"wired:alsa_output.platform-3f00b840.mailbox.stereo-fallback","present":true,"connected":true,"adapter":null,"adapter_address":null,"setup_state":"ready"},{"id":"a2dp:C9:5C:FD:6E:28:46","present":false,"connected":false,"adapter":"hci1","adapter_address":"A0:AD:9F:73:6C:24","setup_state":"ready"},{"id":"a2dp:50:D7:1B:74:34:D6","present":false,"connected":false,"adapter":"hci1","adapter_address":"A0:AD:9F:73:6C:24","setup_state":"ready"},{"id":"a2dp:98:47:44:CD:73:DE","present":false,"connected":false,"adapter":"hci0","adapter_address":"B8:27:EB:43:8D:51","setup_state":"needs_setup"}]}}
/org/bluez/hci0/dev_98_47_44_CD_73_DE b true
/org/bluez/hci1/dev_98_47_44_CD_73_DE absent
2026-08-24T18:56:43,276925321-04:00
{"state":"CALL_DOWN","call":false,"output":{"desired":"wired:alsa_output.platform-3f00b840.mailbox.stereo-fallback","chosen":"wired:alsa_output.platform-3f00b840.mailbox.stereo-fallback","reason":"desired output is available","candidates":[{"id":"wired:alsa_output.platform-3f00b840.mailbox.stereo-fallback","present":true,"connected":true,"adapter":null,"adapter_address":null,"setup_state":"ready"},{"id":"a2dp:C9:5C:FD:6E:28:46","present":false,"connected":false,"adapter":"hci1","adapter_address":"A0:AD:9F:73:6C:24","setup_state":"ready"},{"id":"a2dp:50:D7:1B:74:34:D6","present":false,"connected":false,"adapter":"hci1","adapter_address":"A0:AD:9F:73:6C:24","setup_state":"ready"},{"id":"a2dp:98:47:44:CD:73:DE","present":false,"connected":false,"adapter":"hci0","adapter_address":"B8:27:EB:43:8D:51","setup_state":"needs_setup"}]}}
/org/bluez/hci0/dev_98_47_44_CD_73_DE b true
/org/bluez/hci1/dev_98_47_44_CD_73_DE absent
2026-08-24T18:56:44,349066855-04:00
{"state":"CALL_DOWN","call":false,"output":{"desired":"wired:alsa_output.platform-3f00b840.mailbox.stereo-fallback","chosen":"wired:alsa_output.platform-3f00b840.mailbox.stereo-fallback","reason":"desired output is available","candidates":[{"id":"wired:alsa_output.platform-3f00b840.mailbox.stereo-fallback","present":true,"connected":true,"adapter":null,"adapter_address":null,"setup_state":"ready"},{"id":"a2dp:C9:5C:FD:6E:28:46","present":false,"connected":false,"adapter":"hci1","adapter_address":"A0:AD:9F:73:6C:24","setup_state":"ready"},{"id":"a2dp:50:D7:1B:74:34:D6","present":false,"connected":false,"adapter":"hci1","adapter_address":"A0:AD:9F:73:6C:24","setup_state":"ready"},{"id":"a2dp:98:47:44:CD:73:DE","present":false,"connected":false,"adapter":"hci0","adapter_address":"B8:27:EB:43:8D:51","setup_state":"needs_setup"}]}}
/org/bluez/hci0/dev_98_47_44_CD_73_DE b true
/org/bluez/hci1/dev_98_47_44_CD_73_DE absent
2026-08-24T18:56:45,422254163-04:00
{"state":"CALL_DOWN","call":false,"output":{"desired":"wired:alsa_output.platform-3f00b840.mailbox.stereo-fallback","chosen":"wired:alsa_output.platform-3f00b840.mailbox.stereo-fallback","reason":"desired output is available","candidates":[{"id":"wired:alsa_output.platform-3f00b840.mailbox.stereo-fallback","present":true,"connected":true,"adapter":null,"adapter_address":null,"setup_state":"ready"},{"id":"a2dp:C9:5C:FD:6E:28:46","present":false,"connected":false,"adapter":"hci1","adapter_address":"A0:AD:9F:73:6C:24","setup_state":"ready"},{"id":"a2dp:50:D7:1B:74:34:D6","present":false,"connected":false,"adapter":"hci1","adapter_address":"A0:AD:9F:73:6C:24","setup_state":"ready"},{"id":"a2dp:98:47:44:CD:73:DE","present":false,"connected":false,"adapter":"hci0","adapter_address":"B8:27:EB:43:8D:51","setup_state":"needs_setup"}]}}
/org/bluez/hci0/dev_98_47_44_CD_73_DE b true
/org/bluez/hci1/dev_98_47_44_CD_73_DE absent
2026-08-24T18:56:46,495158972-04:00
{"state":"CALL_DOWN","call":false,"output":{"desired":"wired:alsa_output.platform-3f00b840.mailbox.stereo-fallback","chosen":"wired:alsa_output.platform-3f00b840.mailbox.stereo-fallback","reason":"desired output is available","candidates":[{"id":"wired:alsa_output.platform-3f00b840.mailbox.stereo-fallback","present":true,"connected":true,"adapter":null,"adapter_address":null,"setup_state":"ready"},{"id":"a2dp:C9:5C:FD:6E:28:46","present":false,"connected":false,"adapter":"hci1","adapter_address":"A0:AD:9F:73:6C:24","setup_state":"ready"},{"id":"a2dp:50:D7:1B:74:34:D6","present":false,"connected":false,"adapter":"hci1","adapter_address":"A0:AD:9F:73:6C:24","setup_state":"ready"},{"id":"a2dp:98:47:44:CD:73:DE","present":false,"connected":false,"adapter":"hci0","adapter_address":"B8:27:EB:43:8D:51","setup_state":"needs_setup"}]}}
/org/bluez/hci0/dev_98_47_44_CD_73_DE b true
/org/bluez/hci1/dev_98_47_44_CD_73_DE absent
2026-08-24T18:56:47,567860396-04:00
{"state":"CALL_DOWN","call":false,"output":{"desired":"wired:alsa_output.platform-3f00b840.mailbox.stereo-fallback","chosen":"wired:alsa_output.platform-3f00b840.mailbox.stereo-fallback","reason":"desired output is available","candidates":[{"id":"wired:alsa_output.platform-3f00b840.mailbox.stereo-fallback","present":true,"connected":true,"adapter":null,"adapter_address":null,"setup_state":"ready"},{"id":"a2dp:C9:5C:FD:6E:28:46","present":false,"connected":false,"adapter":"hci1","adapter_address":"A0:AD:9F:73:6C:24","setup_state":"ready"},{"id":"a2dp:50:D7:1B:74:34:D6","present":false,"connected":false,"adapter":"hci1","adapter_address":"A0:AD:9F:73:6C:24","setup_state":"ready"},{"id":"a2dp:98:47:44:CD:73:DE","present":false,"connected":false,"adapter":"hci0","adapter_address":"B8:27:EB:43:8D:51","setup_state":"needs_setup"}]}}
/org/bluez/hci0/dev_98_47_44_CD_73_DE b true
/org/bluez/hci1/dev_98_47_44_CD_73_DE absent
2026-08-24T18:56:48,640478278-04:00
{"state":"CALL_DOWN","call":false,"output":{"desired":"wired:alsa_output.platform-3f00b840.mailbox.stereo-fallback","chosen":"wired:alsa_output.platform-3f00b840.mailbox.stereo-fallback","reason":"desired output is available","candidates":[{"id":"wired:alsa_output.platform-3f00b840.mailbox.stereo-fallback","present":true,"connected":true,"adapter":null,"adapter_address":null,"setup_state":"ready"},{"id":"a2dp:C9:5C:FD:6E:28:46","present":false,"connected":false,"adapter":"hci1","adapter_address":"A0:AD:9F:73:6C:24","setup_state":"ready"},{"id":"a2dp:50:D7:1B:74:34:D6","present":false,"connected":false,"adapter":"hci1","adapter_address":"A0:AD:9F:73:6C:24","setup_state":"ready"},{"id":"a2dp:98:47:44:CD:73:DE","present":false,"connected":false,"adapter":"hci0","adapter_address":"B8:27:EB:43:8D:51","setup_state":"needs_setup"}]}}
/org/bluez/hci0/dev_98_47_44_CD_73_DE b true
/org/bluez/hci1/dev_98_47_44_CD_73_DE absent
2026-08-24T18:56:49,712671006-04:00
{"state":"CALL_DOWN","call":false,"output":{"desired":"wired:alsa_output.platform-3f00b840.mailbox.stereo-fallback","chosen":"wired:alsa_output.platform-3f00b840.mailbox.stereo-fallback","reason":"desired output is available","candidates":[{"id":"wired:alsa_output.platform-3f00b840.mailbox.stereo-fallback","present":true,"connected":true,"adapter":null,"adapter_address":null,"setup_state":"ready"},{"id":"a2dp:C9:5C:FD:6E:28:46","present":false,"connected":false,"adapter":"hci1","adapter_address":"A0:AD:9F:73:6C:24","setup_state":"ready"},{"id":"a2dp:50:D7:1B:74:34:D6","present":false,"connected":false,"adapter":"hci1","adapter_address":"A0:AD:9F:73:6C:24","setup_state":"ready"},{"id":"a2dp:98:47:44:CD:73:DE","present":false,"connected":false,"adapter":"hci0","adapter_address":"B8:27:EB:43:8D:51","setup_state":"needs_setup"}]}}
/org/bluez/hci0/dev_98_47_44_CD_73_DE b true
/org/bluez/hci1/dev_98_47_44_CD_73_DE absent
2026-08-24T18:56:50,785714822-04:00
{"state":"CALL_DOWN","call":false,"output":{"desired":"wired:alsa_output.platform-3f00b840.mailbox.stereo-fallback","chosen":"wired:alsa_output.platform-3f00b840.mailbox.stereo-fallback","reason":"desired output is available","candidates":[{"id":"wired:alsa_output.platform-3f00b840.mailbox.stereo-fallback","present":true,"connected":true,"adapter":null,"adapter_address":null,"setup_state":"ready"},{"id":"a2dp:C9:5C:FD:6E:28:46","present":false,"connected":false,"adapter":"hci1","adapter_address":"A0:AD:9F:73:6C:24","setup_state":"ready"},{"id":"a2dp:50:D7:1B:74:34:D6","present":false,"connected":false,"adapter":"hci1","adapter_address":"A0:AD:9F:73:6C:24","setup_state":"ready"},{"id":"a2dp:98:47:44:CD:73:DE","present":false,"connected":false,"adapter":"hci0","adapter_address":"B8:27:EB:43:8D:51","setup_state":"needs_setup"}]}}
/org/bluez/hci0/dev_98_47_44_CD_73_DE b true
/org/bluez/hci1/dev_98_47_44_CD_73_DE absent
2026-08-24T18:56:51,858963012-04:00
{"state":"CALL_DOWN","call":false,"output":{"desired":"wired:alsa_output.platform-3f00b840.mailbox.stereo-fallback","chosen":"wired:alsa_output.platform-3f00b840.mailbox.stereo-fallback","reason":"desired output is available","candidates":[{"id":"wired:alsa_output.platform-3f00b840.mailbox.stereo-fallback","present":true,"connected":true,"adapter":null,"adapter_address":null,"setup_state":"ready"},{"id":"a2dp:C9:5C:FD:6E:28:46","present":false,"connected":false,"adapter":"hci1","adapter_address":"A0:AD:9F:73:6C:24","setup_state":"ready"},{"id":"a2dp:50:D7:1B:74:34:D6","present":false,"connected":false,"adapter":"hci1","adapter_address":"A0:AD:9F:73:6C:24","setup_state":"ready"},{"id":"a2dp:98:47:44:CD:73:DE","present":false,"connected":false,"adapter":"hci0","adapter_address":"B8:27:EB:43:8D:51","setup_state":"needs_setup"}]}}
/org/bluez/hci0/dev_98_47_44_CD_73_DE b true
/org/bluez/hci1/dev_98_47_44_CD_73_DE absent
2026-08-24T18:56:52,931932035-04:00
{"state":"CALL_DOWN","call":false,"output":{"desired":"wired:alsa_output.platform-3f00b840.mailbox.stereo-fallback","chosen":"wired:alsa_output.platform-3f00b840.mailbox.stereo-fallback","reason":"desired output is available","candidates":[{"id":"wired:alsa_output.platform-3f00b840.mailbox.stereo-fallback","present":true,"connected":true,"adapter":null,"adapter_address":null,"setup_state":"ready"},{"id":"a2dp:C9:5C:FD:6E:28:46","present":false,"connected":false,"adapter":"hci1","adapter_address":"A0:AD:9F:73:6C:24","setup_state":"ready"},{"id":"a2dp:50:D7:1B:74:34:D6","present":false,"connected":false,"adapter":"hci1","adapter_address":"A0:AD:9F:73:6C:24","setup_state":"ready"},{"id":"a2dp:98:47:44:CD:73:DE","present":false,"connected":false,"adapter":"hci0","adapter_address":"B8:27:EB:43:8D:51","setup_state":"needs_setup"}]}}
/org/bluez/hci0/dev_98_47_44_CD_73_DE b true
/org/bluez/hci1/dev_98_47_44_CD_73_DE absent
2026-08-24T18:56:54,005084859-04:00
{"state":"CALL_DOWN","call":false,"output":{"desired":"wired:alsa_output.platform-3f00b840.mailbox.stereo-fallback","chosen":"wired:alsa_output.platform-3f00b840.mailbox.stereo-fallback","reason":"desired output is available","candidates":[{"id":"wired:alsa_output.platform-3f00b840.mailbox.stereo-fallback","present":true,"connected":true,"adapter":null,"adapter_address":null,"setup_state":"ready"},{"id":"a2dp:C9:5C:FD:6E:28:46","present":false,"connected":false,"adapter":"hci1","adapter_address":"A0:AD:9F:73:6C:24","setup_state":"ready"},{"id":"a2dp:50:D7:1B:74:34:D6","present":false,"connected":false,"adapter":"hci1","adapter_address":"A0:AD:9F:73:6C:24","setup_state":"ready"},{"id":"a2dp:98:47:44:CD:73:DE","present":false,"connected":false,"adapter":"hci0","adapter_address":"B8:27:EB:43:8D:51","setup_state":"needs_setup"}]}}
/org/bluez/hci0/dev_98_47_44_CD_73_DE b true
/org/bluez/hci1/dev_98_47_44_CD_73_DE absent
2026-08-24T18:56:55,078495702-04:00
{"state":"CALL_DOWN","call":false,"output":{"desired":"wired:alsa_output.platform-3f00b840.mailbox.stereo-fallback","chosen":"wired:alsa_output.platform-3f00b840.mailbox.stereo-fallback","reason":"desired output is available","candidates":[{"id":"wired:alsa_output.platform-3f00b840.mailbox.stereo-fallback","present":true,"connected":true,"adapter":null,"adapter_address":null,"setup_state":"ready"},{"id":"a2dp:C9:5C:FD:6E:28:46","present":false,"connected":false,"adapter":"hci1","adapter_address":"A0:AD:9F:73:6C:24","setup_state":"ready"},{"id":"a2dp:50:D7:1B:74:34:D6","present":false,"connected":false,"adapter":"hci1","adapter_address":"A0:AD:9F:73:6C:24","setup_state":"ready"},{"id":"a2dp:98:47:44:CD:73:DE","present":false,"connected":false,"adapter":"hci0","adapter_address":"B8:27:EB:43:8D:51","setup_state":"needs_setup"}]}}
/org/bluez/hci0/dev_98_47_44_CD_73_DE b true
/org/bluez/hci1/dev_98_47_44_CD_73_DE absent
2026-08-24T18:56:56,150956289-04:00
{"state":"CALL_DOWN","call":false,"output":{"desired":"wired:alsa_output.platform-3f00b840.mailbox.stereo-fallback","chosen":"wired:alsa_output.platform-3f00b840.mailbox.stereo-fallback","reason":"desired output is available","candidates":[{"id":"wired:alsa_output.platform-3f00b840.mailbox.stereo-fallback","present":true,"connected":true,"adapter":null,"adapter_address":null,"setup_state":"ready"},{"id":"a2dp:C9:5C:FD:6E:28:46","present":false,"connected":false,"adapter":"hci1","adapter_address":"A0:AD:9F:73:6C:24","setup_state":"ready"},{"id":"a2dp:50:D7:1B:74:34:D6","present":false,"connected":false,"adapter":"hci1","adapter_address":"A0:AD:9F:73:6C:24","setup_state":"ready"},{"id":"a2dp:98:47:44:CD:73:DE","present":false,"connected":false,"adapter":"hci0","adapter_address":"B8:27:EB:43:8D:51","setup_state":"needs_setup"}]}}
/org/bluez/hci0/dev_98_47_44_CD_73_DE b true
/org/bluez/hci1/dev_98_47_44_CD_73_DE absent
2026-08-24T18:56:57,223878903-04:00
{"state":"CALL_DOWN","call":false,"output":{"desired":"wired:alsa_output.platform-3f00b840.mailbox.stereo-fallback","chosen":"wired:alsa_output.platform-3f00b840.mailbox.stereo-fallback","reason":"desired output is available","candidates":[{"id":"wired:alsa_output.platform-3f00b840.mailbox.stereo-fallback","present":true,"connected":true,"adapter":null,"adapter_address":null,"setup_state":"ready"},{"id":"a2dp:C9:5C:FD:6E:28:46","present":false,"connected":false,"adapter":"hci1","adapter_address":"A0:AD:9F:73:6C:24","setup_state":"ready"},{"id":"a2dp:50:D7:1B:74:34:D6","present":false,"connected":false,"adapter":"hci1","adapter_address":"A0:AD:9F:73:6C:24","setup_state":"ready"},{"id":"a2dp:98:47:44:CD:73:DE","present":false,"connected":false,"adapter":"hci0","adapter_address":"B8:27:EB:43:8D:51","setup_state":"needs_setup"}]}}
/org/bluez/hci0/dev_98_47_44_CD_73_DE b true
/org/bluez/hci1/dev_98_47_44_CD_73_DE absent
2026-08-24T18:56:58,296986412-04:00
{"state":"CALL_DOWN","call":false,"output":{"desired":"wired:alsa_output.platform-3f00b840.mailbox.stereo-fallback","chosen":"wired:alsa_output.platform-3f00b840.mailbox.stereo-fallback","reason":"desired output is available","candidates":[{"id":"wired:alsa_output.platform-3f00b840.mailbox.stereo-fallback","present":true,"connected":true,"adapter":null,"adapter_address":null,"setup_state":"ready"},{"id":"a2dp:C9:5C:FD:6E:28:46","present":false,"connected":false,"adapter":"hci1","adapter_address":"A0:AD:9F:73:6C:24","setup_state":"ready"},{"id":"a2dp:50:D7:1B:74:34:D6","present":false,"connected":false,"adapter":"hci1","adapter_address":"A0:AD:9F:73:6C:24","setup_state":"ready"},{"id":"a2dp:98:47:44:CD:73:DE","present":false,"connected":false,"adapter":"hci0","adapter_address":"B8:27:EB:43:8D:51","setup_state":"needs_setup"}]}}
/org/bluez/hci0/dev_98_47_44_CD_73_DE b true
/org/bluez/hci1/dev_98_47_44_CD_73_DE absent
2026-08-24T18:56:59,371095582-04:00
{"state":"CALL_DOWN","call":false,"output":{"desired":"wired:alsa_output.platform-3f00b840.mailbox.stereo-fallback","chosen":"wired:alsa_output.platform-3f00b840.mailbox.stereo-fallback","reason":"desired output is available","candidates":[{"id":"wired:alsa_output.platform-3f00b840.mailbox.stereo-fallback","present":true,"connected":true,"adapter":null,"adapter_address":null,"setup_state":"ready"},{"id":"a2dp:C9:5C:FD:6E:28:46","present":false,"connected":false,"adapter":"hci1","adapter_address":"A0:AD:9F:73:6C:24","setup_state":"ready"},{"id":"a2dp:50:D7:1B:74:34:D6","present":false,"connected":false,"adapter":"hci1","adapter_address":"A0:AD:9F:73:6C:24","setup_state":"ready"},{"id":"a2dp:98:47:44:CD:73:DE","present":false,"connected":false,"adapter":"hci0","adapter_address":"B8:27:EB:43:8D:51","setup_state":"needs_setup"}]}}
/org/bluez/hci0/dev_98_47_44_CD_73_DE b true
/org/bluez/hci1/dev_98_47_44_CD_73_DE absent
2026-08-24T18:57:00,450118995-04:00
{"state":"CALL_DOWN","call":false,"output":{"desired":"wired:alsa_output.platform-3f00b840.mailbox.stereo-fallback","chosen":"wired:alsa_output.platform-3f00b840.mailbox.stereo-fallback","reason":"desired output is available","candidates":[{"id":"wired:alsa_output.platform-3f00b840.mailbox.stereo-fallback","present":true,"connected":true,"adapter":null,"adapter_address":null,"setup_state":"ready"},{"id":"a2dp:C9:5C:FD:6E:28:46","present":false,"connected":false,"adapter":"hci1","adapter_address":"A0:AD:9F:73:6C:24","setup_state":"ready"},{"id":"a2dp:50:D7:1B:74:34:D6","present":false,"connected":false,"adapter":"hci1","adapter_address":"A0:AD:9F:73:6C:24","setup_state":"ready"},{"id":"a2dp:98:47:44:CD:73:DE","present":false,"connected":false,"adapter":"hci0","adapter_address":"B8:27:EB:43:8D:51","setup_state":"needs_setup"}]}}
/org/bluez/hci0/dev_98_47_44_CD_73_DE b true
/org/bluez/hci1/dev_98_47_44_CD_73_DE absent
2026-08-24T18:57:01,527983038-04:00
{"state":"CALL_DOWN","call":false,"output":{"desired":"wired:alsa_output.platform-3f00b840.mailbox.stereo-fallback","chosen":"wired:alsa_output.platform-3f00b840.mailbox.stereo-fallback","reason":"desired output is available","candidates":[{"id":"wired:alsa_output.platform-3f00b840.mailbox.stereo-fallback","present":true,"connected":true,"adapter":null,"adapter_address":null,"setup_state":"ready"},{"id":"a2dp:C9:5C:FD:6E:28:46","present":false,"connected":false,"adapter":"hci1","adapter_address":"A0:AD:9F:73:6C:24","setup_state":"ready"},{"id":"a2dp:50:D7:1B:74:34:D6","present":false,"connected":false,"adapter":"hci1","adapter_address":"A0:AD:9F:73:6C:24","setup_state":"ready"},{"id":"a2dp:98:47:44:CD:73:DE","present":false,"connected":false,"adapter":"hci0","adapter_address":"B8:27:EB:43:8D:51","setup_state":"needs_setup"}]}}
/org/bluez/hci0/dev_98_47_44_CD_73_DE b true
/org/bluez/hci1/dev_98_47_44_CD_73_DE absent
2026-08-24T18:57:02,602157778-04:00
{"state":"CALL_DOWN","call":false,"output":{"desired":"wired:alsa_output.platform-3f00b840.mailbox.stereo-fallback","chosen":"wired:alsa_output.platform-3f00b840.mailbox.stereo-fallback","reason":"desired output is available","candidates":[{"id":"wired:alsa_output.platform-3f00b840.mailbox.stereo-fallback","present":true,"connected":true,"adapter":null,"adapter_address":null,"setup_state":"ready"},{"id":"a2dp:C9:5C:FD:6E:28:46","present":false,"connected":false,"adapter":"hci1","adapter_address":"A0:AD:9F:73:6C:24","setup_state":"ready"},{"id":"a2dp:50:D7:1B:74:34:D6","present":false,"connected":false,"adapter":"hci1","adapter_address":"A0:AD:9F:73:6C:24","setup_state":"ready"},{"id":"a2dp:98:47:44:CD:73:DE","present":false,"connected":false,"adapter":"hci0","adapter_address":"B8:27:EB:43:8D:51","setup_state":"needs_setup"}]}}
/org/bluez/hci0/dev_98_47_44_CD_73_DE b true
/org/bluez/hci1/dev_98_47_44_CD_73_DE absent
2026-08-24T18:57:03,706503498-04:00
{"state":"CALL_DOWN","call":false,"output":{"desired":"wired:alsa_output.platform-3f00b840.mailbox.stereo-fallback","chosen":"wired:alsa_output.platform-3f00b840.mailbox.stereo-fallback","reason":"desired output is available","candidates":[{"id":"wired:alsa_output.platform-3f00b840.mailbox.stereo-fallback","present":true,"connected":true,"adapter":null,"adapter_address":null,"setup_state":"ready"},{"id":"a2dp:C9:5C:FD:6E:28:46","present":false,"connected":false,"adapter":"hci1","adapter_address":"A0:AD:9F:73:6C:24","setup_state":"ready"},{"id":"a2dp:50:D7:1B:74:34:D6","present":false,"connected":false,"adapter":"hci1","adapter_address":"A0:AD:9F:73:6C:24","setup_state":"ready"},{"id":"a2dp:98:47:44:CD:73:DE","present":false,"connected":false,"adapter":"hci0","adapter_address":"B8:27:EB:43:8D:51","setup_state":"needs_setup"}]}}
/org/bluez/hci0/dev_98_47_44_CD_73_DE b true
/org/bluez/hci1/dev_98_47_44_CD_73_DE absent
2026-08-24T18:57:04,787533512-04:00
{"state":"CALL_DOWN","call":false,"output":{"desired":"wired:alsa_output.platform-3f00b840.mailbox.stereo-fallback","chosen":"wired:alsa_output.platform-3f00b840.mailbox.stereo-fallback","reason":"desired output is available","candidates":[{"id":"wired:alsa_output.platform-3f00b840.mailbox.stereo-fallback","present":true,"connected":true,"adapter":null,"adapter_address":null,"setup_state":"ready"},{"id":"a2dp:C9:5C:FD:6E:28:46","present":false,"connected":false,"adapter":"hci1","adapter_address":"A0:AD:9F:73:6C:24","setup_state":"ready"},{"id":"a2dp:50:D7:1B:74:34:D6","present":false,"connected":false,"adapter":"hci1","adapter_address":"A0:AD:9F:73:6C:24","setup_state":"ready"},{"id":"a2dp:98:47:44:CD:73:DE","present":false,"connected":false,"adapter":"hci0","adapter_address":"B8:27:EB:43:8D:51","setup_state":"needs_setup"}]}}
/org/bluez/hci0/dev_98_47_44_CD_73_DE b true
/org/bluez/hci1/dev_98_47_44_CD_73_DE absent
2026-08-24T18:57:05,871142834-04:00
{"state":"CALL_DOWN","call":false,"output":{"desired":"wired:alsa_output.platform-3f00b840.mailbox.stereo-fallback","chosen":"wired:alsa_output.platform-3f00b840.mailbox.stereo-fallback","reason":"desired output is available","candidates":[{"id":"wired:alsa_output.platform-3f00b840.mailbox.stereo-fallback","present":true,"connected":true,"adapter":null,"adapter_address":null,"setup_state":"ready"},{"id":"a2dp:C9:5C:FD:6E:28:46","present":false,"connected":false,"adapter":"hci1","adapter_address":"A0:AD:9F:73:6C:24","setup_state":"ready"},{"id":"a2dp:50:D7:1B:74:34:D6","present":false,"connected":false,"adapter":"hci1","adapter_address":"A0:AD:9F:73:6C:24","setup_state":"ready"},{"id":"a2dp:98:47:44:CD:73:DE","present":false,"connected":false,"adapter":"hci0","adapter_address":"B8:27:EB:43:8D:51","setup_state":"needs_setup"}]}}
/org/bluez/hci0/dev_98_47_44_CD_73_DE b true
/org/bluez/hci1/dev_98_47_44_CD_73_DE b false
2026-08-24T18:57:06,944972886-04:00
{"state":"CALL_DOWN","call":false,"output":{"desired":"wired:alsa_output.platform-3f00b840.mailbox.stereo-fallback","chosen":"wired:alsa_output.platform-3f00b840.mailbox.stereo-fallback","reason":"desired output is available","candidates":[{"id":"wired:alsa_output.platform-3f00b840.mailbox.stereo-fallback","present":true,"connected":true,"adapter":null,"adapter_address":null,"setup_state":"ready"},{"id":"a2dp:C9:5C:FD:6E:28:46","present":false,"connected":false,"adapter":"hci1","adapter_address":"A0:AD:9F:73:6C:24","setup_state":"ready"},{"id":"a2dp:50:D7:1B:74:34:D6","present":false,"connected":false,"adapter":"hci1","adapter_address":"A0:AD:9F:73:6C:24","setup_state":"ready"},{"id":"a2dp:98:47:44:CD:73:DE","present":false,"connected":false,"adapter":"hci0","adapter_address":"B8:27:EB:43:8D:51","setup_state":"needs_setup"}]}}
/org/bluez/hci0/dev_98_47_44_CD_73_DE b true
/org/bluez/hci1/dev_98_47_44_CD_73_DE b false
2026-08-24T18:57:08,031861251-04:00
{"state":"CALL_DOWN","call":false,"output":{"desired":"wired:alsa_output.platform-3f00b840.mailbox.stereo-fallback","chosen":"wired:alsa_output.platform-3f00b840.mailbox.stereo-fallback","reason":"desired output is available","candidates":[{"id":"wired:alsa_output.platform-3f00b840.mailbox.stereo-fallback","present":true,"connected":true,"adapter":null,"adapter_address":null,"setup_state":"ready"},{"id":"a2dp:C9:5C:FD:6E:28:46","present":false,"connected":false,"adapter":"hci1","adapter_address":"A0:AD:9F:73:6C:24","setup_state":"ready"},{"id":"a2dp:50:D7:1B:74:34:D6","present":false,"connected":false,"adapter":"hci1","adapter_address":"A0:AD:9F:73:6C:24","setup_state":"ready"},{"id":"a2dp:98:47:44:CD:73:DE","present":false,"connected":false,"adapter":"hci0","adapter_address":"B8:27:EB:43:8D:51","setup_state":"needs_setup"}]}}
/org/bluez/hci0/dev_98_47_44_CD_73_DE b true
/org/bluez/hci1/dev_98_47_44_CD_73_DE b false
2026-08-24T18:57:09,106183538-04:00
{"state":"CALL_DOWN","call":false,"output":{"desired":"wired:alsa_output.platform-3f00b840.mailbox.stereo-fallback","chosen":"wired:alsa_output.platform-3f00b840.mailbox.stereo-fallback","reason":"desired output is available","candidates":[{"id":"wired:alsa_output.platform-3f00b840.mailbox.stereo-fallback","present":true,"connected":true,"adapter":null,"adapter_address":null,"setup_state":"ready"},{"id":"a2dp:C9:5C:FD:6E:28:46","present":false,"connected":false,"adapter":"hci1","adapter_address":"A0:AD:9F:73:6C:24","setup_state":"ready"},{"id":"a2dp:50:D7:1B:74:34:D6","present":false,"connected":false,"adapter":"hci1","adapter_address":"A0:AD:9F:73:6C:24","setup_state":"ready"},{"id":"a2dp:98:47:44:CD:73:DE","present":false,"connected":false,"adapter":"hci0","adapter_address":"B8:27:EB:43:8D:51","setup_state":"needs_setup"}]}}
/org/bluez/hci0/dev_98_47_44_CD_73_DE b true
/org/bluez/hci1/dev_98_47_44_CD_73_DE b false
2026-08-24T18:57:10,191514827-04:00
{"state":"CALL_DOWN","call":false,"output":{"desired":"wired:alsa_output.platform-3f00b840.mailbox.stereo-fallback","chosen":"wired:alsa_output.platform-3f00b840.mailbox.stereo-fallback","reason":"desired output is available","candidates":[{"id":"wired:alsa_output.platform-3f00b840.mailbox.stereo-fallback","present":true,"connected":true,"adapter":null,"adapter_address":null,"setup_state":"ready"},{"id":"a2dp:C9:5C:FD:6E:28:46","present":false,"connected":false,"adapter":"hci1","adapter_address":"A0:AD:9F:73:6C:24","setup_state":"ready"},{"id":"a2dp:50:D7:1B:74:34:D6","present":false,"connected":false,"adapter":"hci1","adapter_address":"A0:AD:9F:73:6C:24","setup_state":"ready"},{"id":"a2dp:98:47:44:CD:73:DE","present":false,"connected":false,"adapter":"hci0","adapter_address":"B8:27:EB:43:8D:51","setup_state":"needs_setup"}]}}
/org/bluez/hci0/dev_98_47_44_CD_73_DE b true
/org/bluez/hci1/dev_98_47_44_CD_73_DE b false
2026-08-24T18:57:11,265538834-04:00
{"state":"CALL_DOWN","call":false,"output":{"desired":"wired:alsa_output.platform-3f00b840.mailbox.stereo-fallback","chosen":"wired:alsa_output.platform-3f00b840.mailbox.stereo-fallback","reason":"desired output is available","candidates":[{"id":"wired:alsa_output.platform-3f00b840.mailbox.stereo-fallback","present":true,"connected":true,"adapter":null,"adapter_address":null,"setup_state":"ready"},{"id":"a2dp:C9:5C:FD:6E:28:46","present":false,"connected":false,"adapter":"hci1","adapter_address":"A0:AD:9F:73:6C:24","setup_state":"ready"},{"id":"a2dp:50:D7:1B:74:34:D6","present":false,"connected":false,"adapter":"hci1","adapter_address":"A0:AD:9F:73:6C:24","setup_state":"ready"},{"id":"a2dp:98:47:44:CD:73:DE","present":false,"connected":false,"adapter":"hci0","adapter_address":"B8:27:EB:43:8D:51","setup_state":"needs_setup"}]}}
/org/bluez/hci0/dev_98_47_44_CD_73_DE b true
/org/bluez/hci1/dev_98_47_44_CD_73_DE b false
2026-08-24T18:57:12,339866640-04:00
{"state":"CALL_DOWN","call":false,"output":{"desired":"wired:alsa_output.platform-3f00b840.mailbox.stereo-fallback","chosen":"wired:alsa_output.platform-3f00b840.mailbox.stereo-fallback","reason":"desired output is available","candidates":[{"id":"wired:alsa_output.platform-3f00b840.mailbox.stereo-fallback","present":true,"connected":true,"adapter":null,"adapter_address":null,"setup_state":"ready"},{"id":"a2dp:C9:5C:FD:6E:28:46","present":false,"connected":false,"adapter":"hci1","adapter_address":"A0:AD:9F:73:6C:24","setup_state":"ready"},{"id":"a2dp:50:D7:1B:74:34:D6","present":false,"connected":false,"adapter":"hci1","adapter_address":"A0:AD:9F:73:6C:24","setup_state":"ready"},{"id":"a2dp:98:47:44:CD:73:DE","present":false,"connected":false,"adapter":"hci0","adapter_address":"B8:27:EB:43:8D:51","setup_state":"needs_setup"}]}}
/org/bluez/hci0/dev_98_47_44_CD_73_DE b true
/org/bluez/hci1/dev_98_47_44_CD_73_DE b false
2026-08-24T18:57:13,413613876-04:00
{"state":"CALL_DOWN","call":false,"output":{"desired":"wired:alsa_output.platform-3f00b840.mailbox.stereo-fallback","chosen":"wired:alsa_output.platform-3f00b840.mailbox.stereo-fallback","reason":"desired output is available","candidates":[{"id":"wired:alsa_output.platform-3f00b840.mailbox.stereo-fallback","present":true,"connected":true,"adapter":null,"adapter_address":null,"setup_state":"ready"},{"id":"a2dp:C9:5C:FD:6E:28:46","present":false,"connected":false,"adapter":"hci1","adapter_address":"A0:AD:9F:73:6C:24","setup_state":"ready"},{"id":"a2dp:50:D7:1B:74:34:D6","present":false,"connected":false,"adapter":"hci1","adapter_address":"A0:AD:9F:73:6C:24","setup_state":"ready"},{"id":"a2dp:98:47:44:CD:73:DE","present":false,"connected":false,"adapter":"hci0","adapter_address":"B8:27:EB:43:8D:51","setup_state":"needs_setup"}]}}
/org/bluez/hci0/dev_98_47_44_CD_73_DE b true
/org/bluez/hci1/dev_98_47_44_CD_73_DE b false
2026-08-24T18:57:14,489210111-04:00
{"state":"CALL_DOWN","call":false,"output":{"desired":"wired:alsa_output.platform-3f00b840.mailbox.stereo-fallback","chosen":"wired:alsa_output.platform-3f00b840.mailbox.stereo-fallback","reason":"desired output is available","candidates":[{"id":"wired:alsa_output.platform-3f00b840.mailbox.stereo-fallback","present":true,"connected":true,"adapter":null,"adapter_address":null,"setup_state":"ready"},{"id":"a2dp:C9:5C:FD:6E:28:46","present":false,"connected":false,"adapter":"hci1","adapter_address":"A0:AD:9F:73:6C:24","setup_state":"ready"},{"id":"a2dp:50:D7:1B:74:34:D6","present":false,"connected":false,"adapter":"hci1","adapter_address":"A0:AD:9F:73:6C:24","setup_state":"ready"},{"id":"a2dp:98:47:44:CD:73:DE","present":false,"connected":false,"adapter":"hci0","adapter_address":"B8:27:EB:43:8D:51","setup_state":"needs_setup"}]}}
/org/bluez/hci0/dev_98_47_44_CD_73_DE b true
/org/bluez/hci1/dev_98_47_44_CD_73_DE b false
2026-08-24T18:57:15,574848270-04:00
{"state":"CALL_DOWN","call":false,"output":{"desired":"wired:alsa_output.platform-3f00b840.mailbox.stereo-fallback","chosen":"wired:alsa_output.platform-3f00b840.mailbox.stereo-fallback","reason":"desired output is available","candidates":[{"id":"wired:alsa_output.platform-3f00b840.mailbox.stereo-fallback","present":true,"connected":true,"adapter":null,"adapter_address":null,"setup_state":"ready"},{"id":"a2dp:C9:5C:FD:6E:28:46","present":false,"connected":false,"adapter":"hci1","adapter_address":"A0:AD:9F:73:6C:24","setup_state":"ready"},{"id":"a2dp:50:D7:1B:74:34:D6","present":false,"connected":false,"adapter":"hci1","adapter_address":"A0:AD:9F:73:6C:24","setup_state":"ready"},{"id":"a2dp:98:47:44:CD:73:DE","present":false,"connected":false,"adapter":"hci0","adapter_address":"B8:27:EB:43:8D:51","setup_state":"needs_setup"}]}}
/org/bluez/hci0/dev_98_47_44_CD_73_DE b true
/org/bluez/hci1/dev_98_47_44_CD_73_DE b false
2026-08-24T18:57:16,652051683-04:00
{"state":"CALL_DOWN","call":false,"output":{"desired":"wired:alsa_output.platform-3f00b840.mailbox.stereo-fallback","chosen":"wired:alsa_output.platform-3f00b840.mailbox.stereo-fallback","reason":"desired output is available","candidates":[{"id":"wired:alsa_output.platform-3f00b840.mailbox.stereo-fallback","present":true,"connected":true,"adapter":null,"adapter_address":null,"setup_state":"ready"},{"id":"a2dp:C9:5C:FD:6E:28:46","present":false,"connected":false,"adapter":"hci1","adapter_address":"A0:AD:9F:73:6C:24","setup_state":"ready"},{"id":"a2dp:50:D7:1B:74:34:D6","present":false,"connected":false,"adapter":"hci1","adapter_address":"A0:AD:9F:73:6C:24","setup_state":"ready"},{"id":"a2dp:98:47:44:CD:73:DE","present":false,"connected":false,"adapter":"hci0","adapter_address":"B8:27:EB:43:8D:51","setup_state":"needs_setup"}]}}
/org/bluez/hci0/dev_98_47_44_CD_73_DE b true
/org/bluez/hci1/dev_98_47_44_CD_73_DE b false
2026-08-24T18:57:17,725613241-04:00
{"state":"CALL_DOWN","call":false,"output":{"desired":"wired:alsa_output.platform-3f00b840.mailbox.stereo-fallback","chosen":"wired:alsa_output.platform-3f00b840.mailbox.stereo-fallback","reason":"desired output is available","candidates":[{"id":"wired:alsa_output.platform-3f00b840.mailbox.stereo-fallback","present":true,"connected":true,"adapter":null,"adapter_address":null,"setup_state":"ready"},{"id":"a2dp:C9:5C:FD:6E:28:46","present":false,"connected":false,"adapter":"hci1","adapter_address":"A0:AD:9F:73:6C:24","setup_state":"ready"},{"id":"a2dp:50:D7:1B:74:34:D6","present":false,"connected":false,"adapter":"hci1","adapter_address":"A0:AD:9F:73:6C:24","setup_state":"ready"},{"id":"a2dp:98:47:44:CD:73:DE","present":false,"connected":false,"adapter":"hci0","adapter_address":"B8:27:EB:43:8D:51","setup_state":"needs_setup"}]}}
/org/bluez/hci0/dev_98_47_44_CD_73_DE b true
/org/bluez/hci1/dev_98_47_44_CD_73_DE b false
2026-08-24T18:57:18,799901043-04:00
{"state":"CALL_DOWN","call":false,"output":{"desired":"wired:alsa_output.platform-3f00b840.mailbox.stereo-fallback","chosen":"wired:alsa_output.platform-3f00b840.mailbox.stereo-fallback","reason":"desired output is available","candidates":[{"id":"wired:alsa_output.platform-3f00b840.mailbox.stereo-fallback","present":true,"connected":true,"adapter":null,"adapter_address":null,"setup_state":"ready"},{"id":"a2dp:C9:5C:FD:6E:28:46","present":false,"connected":false,"adapter":"hci1","adapter_address":"A0:AD:9F:73:6C:24","setup_state":"ready"},{"id":"a2dp:50:D7:1B:74:34:D6","present":false,"connected":false,"adapter":"hci1","adapter_address":"A0:AD:9F:73:6C:24","setup_state":"ready"},{"id":"a2dp:98:47:44:CD:73:DE","present":false,"connected":false,"adapter":"hci0","adapter_address":"B8:27:EB:43:8D:51","setup_state":"needs_setup"}]}}
/org/bluez/hci0/dev_98_47_44_CD_73_DE b true
/org/bluez/hci1/dev_98_47_44_CD_73_DE b false
2026-08-24T18:57:19,872412345-04:00
{"state":"CALL_DOWN","call":false,"output":{"desired":"wired:alsa_output.platform-3f00b840.mailbox.stereo-fallback","chosen":"wired:alsa_output.platform-3f00b840.mailbox.stereo-fallback","reason":"desired output is available","candidates":[{"id":"wired:alsa_output.platform-3f00b840.mailbox.stereo-fallback","present":true,"connected":true,"adapter":null,"adapter_address":null,"setup_state":"ready"},{"id":"a2dp:C9:5C:FD:6E:28:46","present":false,"connected":false,"adapter":"hci1","adapter_address":"A0:AD:9F:73:6C:24","setup_state":"ready"},{"id":"a2dp:50:D7:1B:74:34:D6","present":false,"connected":false,"adapter":"hci1","adapter_address":"A0:AD:9F:73:6C:24","setup_state":"ready"},{"id":"a2dp:98:47:44:CD:73:DE","present":false,"connected":false,"adapter":"hci0","adapter_address":"B8:27:EB:43:8D:51","setup_state":"needs_setup"}]}}
/org/bluez/hci0/dev_98_47_44_CD_73_DE b true
/org/bluez/hci1/dev_98_47_44_CD_73_DE b false
2026-08-24T18:57:20,944992031-04:00
{"state":"CALL_DOWN","call":false,"output":{"desired":"wired:alsa_output.platform-3f00b840.mailbox.stereo-fallback","chosen":"wired:alsa_output.platform-3f00b840.mailbox.stereo-fallback","reason":"desired output is available","candidates":[{"id":"wired:alsa_output.platform-3f00b840.mailbox.stereo-fallback","present":true,"connected":true,"adapter":null,"adapter_address":null,"setup_state":"ready"},{"id":"a2dp:C9:5C:FD:6E:28:46","present":false,"connected":false,"adapter":"hci1","adapter_address":"A0:AD:9F:73:6C:24","setup_state":"ready"},{"id":"a2dp:50:D7:1B:74:34:D6","present":false,"connected":false,"adapter":"hci1","adapter_address":"A0:AD:9F:73:6C:24","setup_state":"ready"},{"id":"a2dp:98:47:44:CD:73:DE","present":false,"connected":false,"adapter":"hci0","adapter_address":"B8:27:EB:43:8D:51","setup_state":"needs_setup"}]}}
/org/bluez/hci0/dev_98_47_44_CD_73_DE b true
/org/bluez/hci1/dev_98_47_44_CD_73_DE b false
2026-08-24T18:57:22,017385102-04:00
{"state":"CALL_DOWN","call":false,"output":{"desired":"wired:alsa_output.platform-3f00b840.mailbox.stereo-fallback","chosen":"wired:alsa_output.platform-3f00b840.mailbox.stereo-fallback","reason":"desired output is available","candidates":[{"id":"wired:alsa_output.platform-3f00b840.mailbox.stereo-fallback","present":true,"connected":true,"adapter":null,"adapter_address":null,"setup_state":"ready"},{"id":"a2dp:C9:5C:FD:6E:28:46","present":false,"connected":false,"adapter":"hci1","adapter_address":"A0:AD:9F:73:6C:24","setup_state":"ready"},{"id":"a2dp:50:D7:1B:74:34:D6","present":false,"connected":false,"adapter":"hci1","adapter_address":"A0:AD:9F:73:6C:24","setup_state":"ready"},{"id":"a2dp:98:47:44:CD:73:DE","present":false,"connected":false,"adapter":"hci0","adapter_address":"B8:27:EB:43:8D:51","setup_state":"needs_setup"}]}}
/org/bluez/hci0/dev_98_47_44_CD_73_DE b true
/org/bluez/hci1/dev_98_47_44_CD_73_DE b false
2026-08-24T18:57:23,090360149-04:00
{"state":"CALL_DOWN","call":false,"output":{"desired":"wired:alsa_output.platform-3f00b840.mailbox.stereo-fallback","chosen":"wired:alsa_output.platform-3f00b840.mailbox.stereo-fallback","reason":"desired output is available","candidates":[{"id":"wired:alsa_output.platform-3f00b840.mailbox.stereo-fallback","present":true,"connected":true,"adapter":null,"adapter_address":null,"setup_state":"ready"},{"id":"a2dp:C9:5C:FD:6E:28:46","present":false,"connected":false,"adapter":"hci1","adapter_address":"A0:AD:9F:73:6C:24","setup_state":"ready"},{"id":"a2dp:50:D7:1B:74:34:D6","present":false,"connected":false,"adapter":"hci1","adapter_address":"A0:AD:9F:73:6C:24","setup_state":"ready"},{"id":"a2dp:98:47:44:CD:73:DE","present":false,"connected":false,"adapter":"hci0","adapter_address":"B8:27:EB:43:8D:51","setup_state":"needs_setup"}]}}
/org/bluez/hci0/dev_98_47_44_CD_73_DE b true
/org/bluez/hci1/dev_98_47_44_CD_73_DE b false
2026-08-24T18:57:24,162816917-04:00
{"state":"CALL_DOWN","call":false,"output":{"desired":"wired:alsa_output.platform-3f00b840.mailbox.stereo-fallback","chosen":"wired:alsa_output.platform-3f00b840.mailbox.stereo-fallback","reason":"desired output is available","candidates":[{"id":"wired:alsa_output.platform-3f00b840.mailbox.stereo-fallback","present":true,"connected":true,"adapter":null,"adapter_address":null,"setup_state":"ready"},{"id":"a2dp:C9:5C:FD:6E:28:46","present":false,"connected":false,"adapter":"hci1","adapter_address":"A0:AD:9F:73:6C:24","setup_state":"ready"},{"id":"a2dp:50:D7:1B:74:34:D6","present":false,"connected":false,"adapter":"hci1","adapter_address":"A0:AD:9F:73:6C:24","setup_state":"ready"},{"id":"a2dp:98:47:44:CD:73:DE","present":false,"connected":false,"adapter":"hci0","adapter_address":"B8:27:EB:43:8D:51","setup_state":"needs_setup"}]}}
/org/bluez/hci0/dev_98_47_44_CD_73_DE b true
/org/bluez/hci1/dev_98_47_44_CD_73_DE b false
2026-08-24T18:57:25,235625088-04:00
{"state":"CALL_DOWN","call":false,"output":{"desired":"wired:alsa_output.platform-3f00b840.mailbox.stereo-fallback","chosen":"wired:alsa_output.platform-3f00b840.mailbox.stereo-fallback","reason":"desired output is available","candidates":[{"id":"wired:alsa_output.platform-3f00b840.mailbox.stereo-fallback","present":true,"connected":true,"adapter":null,"adapter_address":null,"setup_state":"ready"},{"id":"a2dp:C9:5C:FD:6E:28:46","present":false,"connected":false,"adapter":"hci1","adapter_address":"A0:AD:9F:73:6C:24","setup_state":"ready"},{"id":"a2dp:50:D7:1B:74:34:D6","present":false,"connected":false,"adapter":"hci1","adapter_address":"A0:AD:9F:73:6C:24","setup_state":"ready"},{"id":"a2dp:98:47:44:CD:73:DE","present":false,"connected":false,"adapter":"hci0","adapter_address":"B8:27:EB:43:8D:51","setup_state":"needs_setup"}]}}
/org/bluez/hci0/dev_98_47_44_CD_73_DE b true
/org/bluez/hci1/dev_98_47_44_CD_73_DE b false
2026-08-24T18:57:26,308489613-04:00
{"state":"CALL_DOWN","call":false,"output":{"desired":"wired:alsa_output.platform-3f00b840.mailbox.stereo-fallback","chosen":"wired:alsa_output.platform-3f00b840.mailbox.stereo-fallback","reason":"desired output is available","candidates":[{"id":"wired:alsa_output.platform-3f00b840.mailbox.stereo-fallback","present":true,"connected":true,"adapter":null,"adapter_address":null,"setup_state":"ready"},{"id":"a2dp:C9:5C:FD:6E:28:46","present":false,"connected":false,"adapter":"hci1","adapter_address":"A0:AD:9F:73:6C:24","setup_state":"ready"},{"id":"a2dp:50:D7:1B:74:34:D6","present":false,"connected":false,"adapter":"hci1","adapter_address":"A0:AD:9F:73:6C:24","setup_state":"ready"},{"id":"a2dp:98:47:44:CD:73:DE","present":false,"connected":false,"adapter":"hci0","adapter_address":"B8:27:EB:43:8D:51","setup_state":"needs_setup"}]}}
/org/bluez/hci0/dev_98_47_44_CD_73_DE b true
/org/bluez/hci1/dev_98_47_44_CD_73_DE b false
2026-08-24T18:57:27,381764135-04:00
{"state":"CALL_DOWN","call":false,"output":{"desired":"wired:alsa_output.platform-3f00b840.mailbox.stereo-fallback","chosen":"wired:alsa_output.platform-3f00b840.mailbox.stereo-fallback","reason":"desired output is available","candidates":[{"id":"wired:alsa_output.platform-3f00b840.mailbox.stereo-fallback","present":true,"connected":true,"adapter":null,"adapter_address":null,"setup_state":"ready"},{"id":"a2dp:C9:5C:FD:6E:28:46","present":false,"connected":false,"adapter":"hci1","adapter_address":"A0:AD:9F:73:6C:24","setup_state":"ready"},{"id":"a2dp:50:D7:1B:74:34:D6","present":false,"connected":false,"adapter":"hci1","adapter_address":"A0:AD:9F:73:6C:24","setup_state":"ready"},{"id":"a2dp:98:47:44:CD:73:DE","present":false,"connected":false,"adapter":"hci0","adapter_address":"B8:27:EB:43:8D:51","setup_state":"needs_setup"}]}}
/org/bluez/hci0/dev_98_47_44_CD_73_DE b true
/org/bluez/hci1/dev_98_47_44_CD_73_DE b false
2026-08-24T18:57:28,454466212-04:00
{"state":"CALL_DOWN","call":false,"output":{"desired":"wired:alsa_output.platform-3f00b840.mailbox.stereo-fallback","chosen":"wired:alsa_output.platform-3f00b840.mailbox.stereo-fallback","reason":"desired output is available","candidates":[{"id":"wired:alsa_output.platform-3f00b840.mailbox.stereo-fallback","present":true,"connected":true,"adapter":null,"adapter_address":null,"setup_state":"ready"},{"id":"a2dp:C9:5C:FD:6E:28:46","present":false,"connected":false,"adapter":"hci1","adapter_address":"A0:AD:9F:73:6C:24","setup_state":"ready"},{"id":"a2dp:50:D7:1B:74:34:D6","present":false,"connected":false,"adapter":"hci1","adapter_address":"A0:AD:9F:73:6C:24","setup_state":"ready"},{"id":"a2dp:98:47:44:CD:73:DE","present":false,"connected":false,"adapter":"hci0","adapter_address":"B8:27:EB:43:8D:51","setup_state":"needs_setup"}]}}
/org/bluez/hci0/dev_98_47_44_CD_73_DE b true
/org/bluez/hci1/dev_98_47_44_CD_73_DE b false
2026-08-24T18:57:29,526925164-04:00
{"state":"CALL_DOWN","call":false,"output":{"desired":"wired:alsa_output.platform-3f00b840.mailbox.stereo-fallback","chosen":"wired:alsa_output.platform-3f00b840.mailbox.stereo-fallback","reason":"desired output is available","candidates":[{"id":"wired:alsa_output.platform-3f00b840.mailbox.stereo-fallback","present":true,"connected":true,"adapter":null,"adapter_address":null,"setup_state":"ready"},{"id":"a2dp:C9:5C:FD:6E:28:46","present":false,"connected":false,"adapter":"hci1","adapter_address":"A0:AD:9F:73:6C:24","setup_state":"ready"},{"id":"a2dp:50:D7:1B:74:34:D6","present":false,"connected":false,"adapter":"hci1","adapter_address":"A0:AD:9F:73:6C:24","setup_state":"ready"},{"id":"a2dp:98:47:44:CD:73:DE","present":false,"connected":false,"adapter":"hci0","adapter_address":"B8:27:EB:43:8D:51","setup_state":"needs_setup"}]}}
/org/bluez/hci0/dev_98_47_44_CD_73_DE b true
/org/bluez/hci1/dev_98_47_44_CD_73_DE b false
2026-08-24T18:57:30,610412180-04:00
{"state":"CALL_DOWN","call":false,"output":{"desired":"wired:alsa_output.platform-3f00b840.mailbox.stereo-fallback","chosen":"wired:alsa_output.platform-3f00b840.mailbox.stereo-fallback","reason":"desired output is available","candidates":[{"id":"wired:alsa_output.platform-3f00b840.mailbox.stereo-fallback","present":true,"connected":true,"adapter":null,"adapter_address":null,"setup_state":"ready"},{"id":"a2dp:C9:5C:FD:6E:28:46","present":false,"connected":false,"adapter":"hci1","adapter_address":"A0:AD:9F:73:6C:24","setup_state":"ready"},{"id":"a2dp:50:D7:1B:74:34:D6","present":false,"connected":false,"adapter":"hci1","adapter_address":"A0:AD:9F:73:6C:24","setup_state":"ready"},{"id":"a2dp:98:47:44:CD:73:DE","present":false,"connected":false,"adapter":"hci0","adapter_address":"B8:27:EB:43:8D:51","setup_state":"needs_setup"}]}}
/org/bluez/hci0/dev_98_47_44_CD_73_DE b true
/org/bluez/hci1/dev_98_47_44_CD_73_DE b false
2026-08-24T18:57:31,682976651-04:00
{"state":"CALL_DOWN","call":false,"output":{"desired":"wired:alsa_output.platform-3f00b840.mailbox.stereo-fallback","chosen":"wired:alsa_output.platform-3f00b840.mailbox.stereo-fallback","reason":"desired output is available","candidates":[{"id":"wired:alsa_output.platform-3f00b840.mailbox.stereo-fallback","present":true,"connected":true,"adapter":null,"adapter_address":null,"setup_state":"ready"},{"id":"a2dp:C9:5C:FD:6E:28:46","present":false,"connected":false,"adapter":"hci1","adapter_address":"A0:AD:9F:73:6C:24","setup_state":"ready"},{"id":"a2dp:50:D7:1B:74:34:D6","present":false,"connected":false,"adapter":"hci1","adapter_address":"A0:AD:9F:73:6C:24","setup_state":"ready"},{"id":"a2dp:98:47:44:CD:73:DE","present":false,"connected":false,"adapter":"hci0","adapter_address":"B8:27:EB:43:8D:51","setup_state":"needs_setup"}]}}
/org/bluez/hci0/dev_98_47_44_CD_73_DE b true
/org/bluez/hci1/dev_98_47_44_CD_73_DE b false
2026-08-24T18:57:32,755430029-04:00
{"state":"CALL_DOWN","call":false,"output":{"desired":"wired:alsa_output.platform-3f00b840.mailbox.stereo-fallback","chosen":"wired:alsa_output.platform-3f00b840.mailbox.stereo-fallback","reason":"desired output is available","candidates":[{"id":"wired:alsa_output.platform-3f00b840.mailbox.stereo-fallback","present":true,"connected":true,"adapter":null,"adapter_address":null,"setup_state":"ready"},{"id":"a2dp:C9:5C:FD:6E:28:46","present":false,"connected":false,"adapter":"hci1","adapter_address":"A0:AD:9F:73:6C:24","setup_state":"ready"},{"id":"a2dp:50:D7:1B:74:34:D6","present":false,"connected":false,"adapter":"hci1","adapter_address":"A0:AD:9F:73:6C:24","setup_state":"ready"},{"id":"a2dp:98:47:44:CD:73:DE","present":false,"connected":false,"adapter":"hci0","adapter_address":"B8:27:EB:43:8D:51","setup_state":"needs_setup"}]}}
/org/bluez/hci0/dev_98_47_44_CD_73_DE b true
/org/bluez/hci1/dev_98_47_44_CD_73_DE b false
2026-08-24T18:57:33,828229498-04:00
{"state":"CALL_DOWN","call":false,"output":{"desired":"wired:alsa_output.platform-3f00b840.mailbox.stereo-fallback","chosen":"wired:alsa_output.platform-3f00b840.mailbox.stereo-fallback","reason":"desired output is available","candidates":[{"id":"wired:alsa_output.platform-3f00b840.mailbox.stereo-fallback","present":true,"connected":true,"adapter":null,"adapter_address":null,"setup_state":"ready"},{"id":"a2dp:C9:5C:FD:6E:28:46","present":false,"connected":false,"adapter":"hci1","adapter_address":"A0:AD:9F:73:6C:24","setup_state":"ready"},{"id":"a2dp:50:D7:1B:74:34:D6","present":false,"connected":false,"adapter":"hci1","adapter_address":"A0:AD:9F:73:6C:24","setup_state":"ready"},{"id":"a2dp:98:47:44:CD:73:DE","present":false,"connected":false,"adapter":"hci0","adapter_address":"B8:27:EB:43:8D:51","setup_state":"needs_setup"}]}}
/org/bluez/hci0/dev_98_47_44_CD_73_DE b true
/org/bluez/hci1/dev_98_47_44_CD_73_DE b false
2026-08-24T18:57:34,901251725-04:00
{"state":"CALL_DOWN","call":false,"output":{"desired":"wired:alsa_output.platform-3f00b840.mailbox.stereo-fallback","chosen":"wired:alsa_output.platform-3f00b840.mailbox.stereo-fallback","reason":"desired output is available","candidates":[{"id":"wired:alsa_output.platform-3f00b840.mailbox.stereo-fallback","present":true,"connected":true,"adapter":null,"adapter_address":null,"setup_state":"ready"},{"id":"a2dp:C9:5C:FD:6E:28:46","present":false,"connected":false,"adapter":"hci1","adapter_address":"A0:AD:9F:73:6C:24","setup_state":"ready"},{"id":"a2dp:50:D7:1B:74:34:D6","present":false,"connected":false,"adapter":"hci1","adapter_address":"A0:AD:9F:73:6C:24","setup_state":"ready"},{"id":"a2dp:98:47:44:CD:73:DE","present":false,"connected":false,"adapter":"hci0","adapter_address":"B8:27:EB:43:8D:51","setup_state":"needs_setup"}]}}
/org/bluez/hci0/dev_98_47_44_CD_73_DE b true
/org/bluez/hci1/dev_98_47_44_CD_73_DE b false
2026-08-24T18:57:35,973445206-04:00
{"state":"CALL_DOWN","call":false,"output":{"desired":"wired:alsa_output.platform-3f00b840.mailbox.stereo-fallback","chosen":"wired:alsa_output.platform-3f00b840.mailbox.stereo-fallback","reason":"desired output is available","candidates":[{"id":"wired:alsa_output.platform-3f00b840.mailbox.stereo-fallback","present":true,"connected":true,"adapter":null,"adapter_address":null,"setup_state":"ready"},{"id":"a2dp:C9:5C:FD:6E:28:46","present":false,"connected":false,"adapter":"hci1","adapter_address":"A0:AD:9F:73:6C:24","setup_state":"ready"},{"id":"a2dp:50:D7:1B:74:34:D6","present":false,"connected":false,"adapter":"hci1","adapter_address":"A0:AD:9F:73:6C:24","setup_state":"ready"},{"id":"a2dp:98:47:44:CD:73:DE","present":false,"connected":false,"adapter":"hci0","adapter_address":"B8:27:EB:43:8D:51","setup_state":"needs_setup"}]}}
/org/bluez/hci0/dev_98_47_44_CD_73_DE b true
/org/bluez/hci1/dev_98_47_44_CD_73_DE b false
2026-08-24T18:57:37,047070293-04:00
{"state":"CALL_DOWN","call":false,"output":{"desired":"wired:alsa_output.platform-3f00b840.mailbox.stereo-fallback","chosen":"wired:alsa_output.platform-3f00b840.mailbox.stereo-fallback","reason":"desired output is available","candidates":[{"id":"wired:alsa_output.platform-3f00b840.mailbox.stereo-fallback","present":true,"connected":true,"adapter":null,"adapter_address":null,"setup_state":"ready"},{"id":"a2dp:C9:5C:FD:6E:28:46","present":false,"connected":false,"adapter":"hci1","adapter_address":"A0:AD:9F:73:6C:24","setup_state":"ready"},{"id":"a2dp:50:D7:1B:74:34:D6","present":false,"connected":false,"adapter":"hci1","adapter_address":"A0:AD:9F:73:6C:24","setup_state":"ready"},{"id":"a2dp:98:47:44:CD:73:DE","present":false,"connected":false,"adapter":"hci0","adapter_address":"B8:27:EB:43:8D:51","setup_state":"needs_setup"}]}}
/org/bluez/hci0/dev_98_47_44_CD_73_DE b true
/org/bluez/hci1/dev_98_47_44_CD_73_DE b false
2026-08-24T18:57:38,119573668-04:00
{"state":"CALL_DOWN","call":false,"output":{"desired":"wired:alsa_output.platform-3f00b840.mailbox.stereo-fallback","chosen":"wired:alsa_output.platform-3f00b840.mailbox.stereo-fallback","reason":"desired output is available","candidates":[{"id":"wired:alsa_output.platform-3f00b840.mailbox.stereo-fallback","present":true,"connected":true,"adapter":null,"adapter_address":null,"setup_state":"ready"},{"id":"a2dp:C9:5C:FD:6E:28:46","present":false,"connected":false,"adapter":"hci1","adapter_address":"A0:AD:9F:73:6C:24","setup_state":"ready"},{"id":"a2dp:50:D7:1B:74:34:D6","present":false,"connected":false,"adapter":"hci1","adapter_address":"A0:AD:9F:73:6C:24","setup_state":"ready"},{"id":"a2dp:98:47:44:CD:73:DE","present":false,"connected":false,"adapter":"hci0","adapter_address":"B8:27:EB:43:8D:51","setup_state":"needs_setup"}]}}
/org/bluez/hci0/dev_98_47_44_CD_73_DE b true
/org/bluez/hci1/dev_98_47_44_CD_73_DE b false
2026-08-24T18:57:39,192512455-04:00
{"state":"CALL_DOWN","call":false,"output":{"desired":"wired:alsa_output.platform-3f00b840.mailbox.stereo-fallback","chosen":"wired:alsa_output.platform-3f00b840.mailbox.stereo-fallback","reason":"desired output is available","candidates":[{"id":"wired:alsa_output.platform-3f00b840.mailbox.stereo-fallback","present":true,"connected":true,"adapter":null,"adapter_address":null,"setup_state":"ready"},{"id":"a2dp:C9:5C:FD:6E:28:46","present":false,"connected":false,"adapter":"hci1","adapter_address":"A0:AD:9F:73:6C:24","setup_state":"ready"},{"id":"a2dp:50:D7:1B:74:34:D6","present":false,"connected":false,"adapter":"hci1","adapter_address":"A0:AD:9F:73:6C:24","setup_state":"ready"},{"id":"a2dp:98:47:44:CD:73:DE","present":false,"connected":false,"adapter":"hci0","adapter_address":"B8:27:EB:43:8D:51","setup_state":"needs_setup"}]}}
/org/bluez/hci0/dev_98_47_44_CD_73_DE b true
/org/bluez/hci1/dev_98_47_44_CD_73_DE b false
2026-08-24T18:57:40,264974683-04:00
{"state":"CALL_DOWN","call":false,"output":{"desired":"wired:alsa_output.platform-3f00b840.mailbox.stereo-fallback","chosen":"wired:alsa_output.platform-3f00b840.mailbox.stereo-fallback","reason":"desired output is available","candidates":[{"id":"wired:alsa_output.platform-3f00b840.mailbox.stereo-fallback","present":true,"connected":true,"adapter":null,"adapter_address":null,"setup_state":"ready"},{"id":"a2dp:C9:5C:FD:6E:28:46","present":false,"connected":false,"adapter":"hci1","adapter_address":"A0:AD:9F:73:6C:24","setup_state":"ready"},{"id":"a2dp:50:D7:1B:74:34:D6","present":false,"connected":false,"adapter":"hci1","adapter_address":"A0:AD:9F:73:6C:24","setup_state":"ready"},{"id":"a2dp:98:47:44:CD:73:DE","present":false,"connected":false,"adapter":"hci0","adapter_address":"B8:27:EB:43:8D:51","setup_state":"needs_setup"}]}}
/org/bluez/hci0/dev_98_47_44_CD_73_DE b true
/org/bluez/hci1/dev_98_47_44_CD_73_DE b false
2026-08-24T18:57:41,337430972-04:00
{"state":"CALL_DOWN","call":false,"output":{"desired":"wired:alsa_output.platform-3f00b840.mailbox.stereo-fallback","chosen":"wired:alsa_output.platform-3f00b840.mailbox.stereo-fallback","reason":"desired output is available","candidates":[{"id":"wired:alsa_output.platform-3f00b840.mailbox.stereo-fallback","present":true,"connected":true,"adapter":null,"adapter_address":null,"setup_state":"ready"},{"id":"a2dp:C9:5C:FD:6E:28:46","present":false,"connected":false,"adapter":"hci1","adapter_address":"A0:AD:9F:73:6C:24","setup_state":"ready"},{"id":"a2dp:50:D7:1B:74:34:D6","present":false,"connected":false,"adapter":"hci1","adapter_address":"A0:AD:9F:73:6C:24","setup_state":"ready"},{"id":"a2dp:98:47:44:CD:73:DE","present":false,"connected":false,"adapter":"hci0","adapter_address":"B8:27:EB:43:8D:51","setup_state":"needs_setup"}]}}
/org/bluez/hci0/dev_98_47_44_CD_73_DE b true
/org/bluez/hci1/dev_98_47_44_CD_73_DE b false
2026-08-24T18:57:42,410299654-04:00
{"state":"CALL_DOWN","call":false,"output":{"desired":"wired:alsa_output.platform-3f00b840.mailbox.stereo-fallback","chosen":"wired:alsa_output.platform-3f00b840.mailbox.stereo-fallback","reason":"desired output is available","candidates":[{"id":"wired:alsa_output.platform-3f00b840.mailbox.stereo-fallback","present":true,"connected":true,"adapter":null,"adapter_address":null,"setup_state":"ready"},{"id":"a2dp:C9:5C:FD:6E:28:46","present":false,"connected":false,"adapter":"hci1","adapter_address":"A0:AD:9F:73:6C:24","setup_state":"ready"},{"id":"a2dp:50:D7:1B:74:34:D6","present":false,"connected":false,"adapter":"hci1","adapter_address":"A0:AD:9F:73:6C:24","setup_state":"ready"},{"id":"a2dp:98:47:44:CD:73:DE","present":false,"connected":false,"adapter":"hci0","adapter_address":"B8:27:EB:43:8D:51","setup_state":"needs_setup"}]}}
/org/bluez/hci0/dev_98_47_44_CD_73_DE b true
/org/bluez/hci1/dev_98_47_44_CD_73_DE b false
2026-08-24T18:57:43,482742401-04:00
{"state":"CALL_DOWN","call":false,"output":{"desired":"wired:alsa_output.platform-3f00b840.mailbox.stereo-fallback","chosen":"wired:alsa_output.platform-3f00b840.mailbox.stereo-fallback","reason":"desired output is available","candidates":[{"id":"wired:alsa_output.platform-3f00b840.mailbox.stereo-fallback","present":true,"connected":true,"adapter":null,"adapter_address":null,"setup_state":"ready"},{"id":"a2dp:C9:5C:FD:6E:28:46","present":false,"connected":false,"adapter":"hci1","adapter_address":"A0:AD:9F:73:6C:24","setup_state":"ready"},{"id":"a2dp:50:D7:1B:74:34:D6","present":false,"connected":false,"adapter":"hci1","adapter_address":"A0:AD:9F:73:6C:24","setup_state":"ready"},{"id":"a2dp:98:47:44:CD:73:DE","present":false,"connected":false,"adapter":"hci0","adapter_address":"B8:27:EB:43:8D:51","setup_state":"needs_setup"}]}}
/org/bluez/hci0/dev_98_47_44_CD_73_DE b true
/org/bluez/hci1/dev_98_47_44_CD_73_DE b false
2026-08-24T18:57:44,555412697-04:00
{"state":"CALL_DOWN","call":false,"output":{"desired":"wired:alsa_output.platform-3f00b840.mailbox.stereo-fallback","chosen":"wired:alsa_output.platform-3f00b840.mailbox.stereo-fallback","reason":"desired output is available","candidates":[{"id":"wired:alsa_output.platform-3f00b840.mailbox.stereo-fallback","present":true,"connected":true,"adapter":null,"adapter_address":null,"setup_state":"ready"},{"id":"a2dp:C9:5C:FD:6E:28:46","present":false,"connected":false,"adapter":"hci1","adapter_address":"A0:AD:9F:73:6C:24","setup_state":"ready"},{"id":"a2dp:50:D7:1B:74:34:D6","present":false,"connected":false,"adapter":"hci1","adapter_address":"A0:AD:9F:73:6C:24","setup_state":"ready"},{"id":"a2dp:98:47:44:CD:73:DE","present":false,"connected":false,"adapter":"hci0","adapter_address":"B8:27:EB:43:8D:51","setup_state":"needs_setup"}]}}
/org/bluez/hci0/dev_98_47_44_CD_73_DE b true
/org/bluez/hci1/dev_98_47_44_CD_73_DE b false
2026-08-24T18:57:45,628286794-04:00
{"state":"CALL_DOWN","call":false,"output":{"desired":"wired:alsa_output.platform-3f00b840.mailbox.stereo-fallback","chosen":"wired:alsa_output.platform-3f00b840.mailbox.stereo-fallback","reason":"desired output is available","candidates":[{"id":"wired:alsa_output.platform-3f00b840.mailbox.stereo-fallback","present":true,"connected":true,"adapter":null,"adapter_address":null,"setup_state":"ready"},{"id":"a2dp:C9:5C:FD:6E:28:46","present":false,"connected":false,"adapter":"hci1","adapter_address":"A0:AD:9F:73:6C:24","setup_state":"ready"},{"id":"a2dp:50:D7:1B:74:34:D6","present":false,"connected":false,"adapter":"hci1","adapter_address":"A0:AD:9F:73:6C:24","setup_state":"ready"},{"id":"a2dp:98:47:44:CD:73:DE","present":false,"connected":false,"adapter":"hci0","adapter_address":"B8:27:EB:43:8D:51","setup_state":"needs_setup"}]}}
/org/bluez/hci0/dev_98_47_44_CD_73_DE b true
/org/bluez/hci1/dev_98_47_44_CD_73_DE b false
2026-08-24T18:57:46,700675060-04:00
{"state":"CALL_DOWN","call":false,"output":{"desired":"wired:alsa_output.platform-3f00b840.mailbox.stereo-fallback","chosen":"wired:alsa_output.platform-3f00b840.mailbox.stereo-fallback","reason":"desired output is available","candidates":[{"id":"wired:alsa_output.platform-3f00b840.mailbox.stereo-fallback","present":true,"connected":true,"adapter":null,"adapter_address":null,"setup_state":"ready"},{"id":"a2dp:C9:5C:FD:6E:28:46","present":false,"connected":false,"adapter":"hci1","adapter_address":"A0:AD:9F:73:6C:24","setup_state":"ready"},{"id":"a2dp:50:D7:1B:74:34:D6","present":false,"connected":false,"adapter":"hci1","adapter_address":"A0:AD:9F:73:6C:24","setup_state":"ready"},{"id":"a2dp:98:47:44:CD:73:DE","present":false,"connected":false,"adapter":"hci0","adapter_address":"B8:27:EB:43:8D:51","setup_state":"needs_setup"}]}}
/org/bluez/hci0/dev_98_47_44_CD_73_DE b true
/org/bluez/hci1/dev_98_47_44_CD_73_DE absent
2026-08-24T18:57:47,773776915-04:00
{"state":"CALL_DOWN","call":false,"output":{"desired":"wired:alsa_output.platform-3f00b840.mailbox.stereo-fallback","chosen":"wired:alsa_output.platform-3f00b840.mailbox.stereo-fallback","reason":"desired output is available","candidates":[{"id":"wired:alsa_output.platform-3f00b840.mailbox.stereo-fallback","present":true,"connected":true,"adapter":null,"adapter_address":null,"setup_state":"ready"},{"id":"a2dp:C9:5C:FD:6E:28:46","present":false,"connected":false,"adapter":"hci1","adapter_address":"A0:AD:9F:73:6C:24","setup_state":"ready"},{"id":"a2dp:50:D7:1B:74:34:D6","present":false,"connected":false,"adapter":"hci1","adapter_address":"A0:AD:9F:73:6C:24","setup_state":"ready"},{"id":"a2dp:98:47:44:CD:73:DE","present":false,"connected":false,"adapter":"hci0","adapter_address":"B8:27:EB:43:8D:51","setup_state":"needs_setup"}]}}
/org/bluez/hci0/dev_98_47_44_CD_73_DE b true
/org/bluez/hci1/dev_98_47_44_CD_73_DE absent
2026-08-24T18:57:48,846554188-04:00
{"state":"CALL_DOWN","call":false,"output":{"desired":"wired:alsa_output.platform-3f00b840.mailbox.stereo-fallback","chosen":"wired:alsa_output.platform-3f00b840.mailbox.stereo-fallback","reason":"desired output is available","candidates":[{"id":"wired:alsa_output.platform-3f00b840.mailbox.stereo-fallback","present":true,"connected":true,"adapter":null,"adapter_address":null,"setup_state":"ready"},{"id":"a2dp:C9:5C:FD:6E:28:46","present":false,"connected":false,"adapter":"hci1","adapter_address":"A0:AD:9F:73:6C:24","setup_state":"ready"},{"id":"a2dp:50:D7:1B:74:34:D6","present":false,"connected":false,"adapter":"hci1","adapter_address":"A0:AD:9F:73:6C:24","setup_state":"ready"},{"id":"a2dp:98:47:44:CD:73:DE","present":false,"connected":false,"adapter":"hci0","adapter_address":"B8:27:EB:43:8D:51","setup_state":"needs_setup"}]}}
/org/bluez/hci0/dev_98_47_44_CD_73_DE b true
/org/bluez/hci1/dev_98_47_44_CD_73_DE absent
2026-08-24T18:57:49,919008702-04:00
{"state":"CALL_DOWN","call":false,"output":{"desired":"wired:alsa_output.platform-3f00b840.mailbox.stereo-fallback","chosen":"wired:alsa_output.platform-3f00b840.mailbox.stereo-fallback","reason":"desired output is available","candidates":[{"id":"wired:alsa_output.platform-3f00b840.mailbox.stereo-fallback","present":true,"connected":true,"adapter":null,"adapter_address":null,"setup_state":"ready"},{"id":"a2dp:C9:5C:FD:6E:28:46","present":false,"connected":false,"adapter":"hci1","adapter_address":"A0:AD:9F:73:6C:24","setup_state":"ready"},{"id":"a2dp:50:D7:1B:74:34:D6","present":false,"connected":false,"adapter":"hci1","adapter_address":"A0:AD:9F:73:6C:24","setup_state":"ready"},{"id":"a2dp:98:47:44:CD:73:DE","present":false,"connected":false,"adapter":"hci0","adapter_address":"B8:27:EB:43:8D:51","setup_state":"needs_setup"}]}}
/org/bluez/hci0/dev_98_47_44_CD_73_DE b true
/org/bluez/hci1/dev_98_47_44_CD_73_DE absent
2026-08-24T18:57:50,991624933-04:00
{"state":"CALL_DOWN","call":false,"output":{"desired":"wired:alsa_output.platform-3f00b840.mailbox.stereo-fallback","chosen":"wired:alsa_output.platform-3f00b840.mailbox.stereo-fallback","reason":"desired output is available","candidates":[{"id":"wired:alsa_output.platform-3f00b840.mailbox.stereo-fallback","present":true,"connected":true,"adapter":null,"adapter_address":null,"setup_state":"ready"},{"id":"a2dp:C9:5C:FD:6E:28:46","present":false,"connected":false,"adapter":"hci1","adapter_address":"A0:AD:9F:73:6C:24","setup_state":"ready"},{"id":"a2dp:50:D7:1B:74:34:D6","present":false,"connected":false,"adapter":"hci1","adapter_address":"A0:AD:9F:73:6C:24","setup_state":"ready"},{"id":"a2dp:98:47:44:CD:73:DE","present":false,"connected":false,"adapter":"hci0","adapter_address":"B8:27:EB:43:8D:51","setup_state":"needs_setup"}]}}
/org/bluez/hci0/dev_98_47_44_CD_73_DE b true
/org/bluez/hci1/dev_98_47_44_CD_73_DE absent
2026-08-24T18:57:52,064843920-04:00
{"state":"CALL_DOWN","call":false,"output":{"desired":"wired:alsa_output.platform-3f00b840.mailbox.stereo-fallback","chosen":"wired:alsa_output.platform-3f00b840.mailbox.stereo-fallback","reason":"desired output is available","candidates":[{"id":"wired:alsa_output.platform-3f00b840.mailbox.stereo-fallback","present":true,"connected":true,"adapter":null,"adapter_address":null,"setup_state":"ready"},{"id":"a2dp:C9:5C:FD:6E:28:46","present":false,"connected":false,"adapter":"hci1","adapter_address":"A0:AD:9F:73:6C:24","setup_state":"ready"},{"id":"a2dp:50:D7:1B:74:34:D6","present":false,"connected":false,"adapter":"hci1","adapter_address":"A0:AD:9F:73:6C:24","setup_state":"ready"},{"id":"a2dp:98:47:44:CD:73:DE","present":false,"connected":false,"adapter":"hci0","adapter_address":"B8:27:EB:43:8D:51","setup_state":"needs_setup"}]}}
/org/bluez/hci0/dev_98_47_44_CD_73_DE b true
/org/bluez/hci1/dev_98_47_44_CD_73_DE absent
2026-08-24T18:57:53,138669153-04:00
{"state":"CALL_DOWN","call":false,"output":{"desired":"wired:alsa_output.platform-3f00b840.mailbox.stereo-fallback","chosen":"wired:alsa_output.platform-3f00b840.mailbox.stereo-fallback","reason":"desired output is available","candidates":[{"id":"wired:alsa_output.platform-3f00b840.mailbox.stereo-fallback","present":true,"connected":true,"adapter":null,"adapter_address":null,"setup_state":"ready"},{"id":"a2dp:C9:5C:FD:6E:28:46","present":false,"connected":false,"adapter":"hci1","adapter_address":"A0:AD:9F:73:6C:24","setup_state":"ready"},{"id":"a2dp:50:D7:1B:74:34:D6","present":false,"connected":false,"adapter":"hci1","adapter_address":"A0:AD:9F:73:6C:24","setup_state":"ready"},{"id":"a2dp:98:47:44:CD:73:DE","present":false,"connected":false,"adapter":"hci0","adapter_address":"B8:27:EB:43:8D:51","setup_state":"needs_setup"}]}}
/org/bluez/hci0/dev_98_47_44_CD_73_DE b true
/org/bluez/hci1/dev_98_47_44_CD_73_DE absent
2026-08-24T18:57:54,221762460-04:00
{"state":"CALL_DOWN","call":false,"output":{"desired":"wired:alsa_output.platform-3f00b840.mailbox.stereo-fallback","chosen":"wired:alsa_output.platform-3f00b840.mailbox.stereo-fallback","reason":"desired output is available","candidates":[{"id":"wired:alsa_output.platform-3f00b840.mailbox.stereo-fallback","present":true,"connected":true,"adapter":null,"adapter_address":null,"setup_state":"ready"},{"id":"a2dp:C9:5C:FD:6E:28:46","present":false,"connected":false,"adapter":"hci1","adapter_address":"A0:AD:9F:73:6C:24","setup_state":"ready"},{"id":"a2dp:50:D7:1B:74:34:D6","present":false,"connected":false,"adapter":"hci1","adapter_address":"A0:AD:9F:73:6C:24","setup_state":"ready"},{"id":"a2dp:98:47:44:CD:73:DE","present":false,"connected":false,"adapter":"hci0","adapter_address":"B8:27:EB:43:8D:51","setup_state":"needs_setup"}]}}
/org/bluez/hci0/dev_98_47_44_CD_73_DE b true
/org/bluez/hci1/dev_98_47_44_CD_73_DE absent
2026-08-24T18:57:55,295261184-04:00
{"state":"CALL_DOWN","call":false,"output":{"desired":"wired:alsa_output.platform-3f00b840.mailbox.stereo-fallback","chosen":"wired:alsa_output.platform-3f00b840.mailbox.stereo-fallback","reason":"desired output is available","candidates":[{"id":"wired:alsa_output.platform-3f00b840.mailbox.stereo-fallback","present":true,"connected":true,"adapter":null,"adapter_address":null,"setup_state":"ready"},{"id":"a2dp:C9:5C:FD:6E:28:46","present":false,"connected":false,"adapter":"hci1","adapter_address":"A0:AD:9F:73:6C:24","setup_state":"ready"},{"id":"a2dp:50:D7:1B:74:34:D6","present":false,"connected":false,"adapter":"hci1","adapter_address":"A0:AD:9F:73:6C:24","setup_state":"ready"},{"id":"a2dp:98:47:44:CD:73:DE","present":false,"connected":false,"adapter":"hci0","adapter_address":"B8:27:EB:43:8D:51","setup_state":"needs_setup"}]}}
/org/bluez/hci0/dev_98_47_44_CD_73_DE b true
/org/bluez/hci1/dev_98_47_44_CD_73_DE absent
2026-08-24T18:57:56,383702377-04:00
{"state":"CALL_DOWN","call":false,"output":{"desired":"wired:alsa_output.platform-3f00b840.mailbox.stereo-fallback","chosen":"wired:alsa_output.platform-3f00b840.mailbox.stereo-fallback","reason":"desired output is available","candidates":[{"id":"wired:alsa_output.platform-3f00b840.mailbox.stereo-fallback","present":true,"connected":true,"adapter":null,"adapter_address":null,"setup_state":"ready"},{"id":"a2dp:C9:5C:FD:6E:28:46","present":false,"connected":false,"adapter":"hci1","adapter_address":"A0:AD:9F:73:6C:24","setup_state":"ready"},{"id":"a2dp:50:D7:1B:74:34:D6","present":false,"connected":false,"adapter":"hci1","adapter_address":"A0:AD:9F:73:6C:24","setup_state":"ready"},{"id":"a2dp:98:47:44:CD:73:DE","present":false,"connected":false,"adapter":"hci0","adapter_address":"B8:27:EB:43:8D:51","setup_state":"needs_setup"}]}}
/org/bluez/hci0/dev_98_47_44_CD_73_DE b true
/org/bluez/hci1/dev_98_47_44_CD_73_DE absent
2026-08-24T18:57:57,456511832-04:00
{"state":"CALL_DOWN","call":false,"output":{"desired":"wired:alsa_output.platform-3f00b840.mailbox.stereo-fallback","chosen":"wired:alsa_output.platform-3f00b840.mailbox.stereo-fallback","reason":"desired output is available","candidates":[{"id":"wired:alsa_output.platform-3f00b840.mailbox.stereo-fallback","present":true,"connected":true,"adapter":null,"adapter_address":null,"setup_state":"ready"},{"id":"a2dp:C9:5C:FD:6E:28:46","present":false,"connected":false,"adapter":"hci1","adapter_address":"A0:AD:9F:73:6C:24","setup_state":"ready"},{"id":"a2dp:50:D7:1B:74:34:D6","present":false,"connected":false,"adapter":"hci1","adapter_address":"A0:AD:9F:73:6C:24","setup_state":"ready"},{"id":"a2dp:98:47:44:CD:73:DE","present":false,"connected":false,"adapter":"hci0","adapter_address":"B8:27:EB:43:8D:51","setup_state":"needs_setup"}]}}
/org/bluez/hci0/dev_98_47_44_CD_73_DE b true
/org/bluez/hci1/dev_98_47_44_CD_73_DE absent
2026-08-24T18:57:58,541132159-04:00
{"state":"CALL_DOWN","call":false,"output":{"desired":"wired:alsa_output.platform-3f00b840.mailbox.stereo-fallback","chosen":"wired:alsa_output.platform-3f00b840.mailbox.stereo-fallback","reason":"desired output is available","candidates":[{"id":"wired:alsa_output.platform-3f00b840.mailbox.stereo-fallback","present":true,"connected":true,"adapter":null,"adapter_address":null,"setup_state":"ready"},{"id":"a2dp:C9:5C:FD:6E:28:46","present":false,"connected":false,"adapter":"hci1","adapter_address":"A0:AD:9F:73:6C:24","setup_state":"ready"},{"id":"a2dp:50:D7:1B:74:34:D6","present":false,"connected":false,"adapter":"hci1","adapter_address":"A0:AD:9F:73:6C:24","setup_state":"ready"},{"id":"a2dp:98:47:44:CD:73:DE","present":false,"connected":false,"adapter":"hci0","adapter_address":"B8:27:EB:43:8D:51","setup_state":"needs_setup"}]}}
/org/bluez/hci0/dev_98_47_44_CD_73_DE b true
/org/bluez/hci1/dev_98_47_44_CD_73_DE absent
2026-08-24T18:57:59,614025624-04:00
{"state":"CALL_DOWN","call":false,"output":{"desired":"wired:alsa_output.platform-3f00b840.mailbox.stereo-fallback","chosen":"wired:alsa_output.platform-3f00b840.mailbox.stereo-fallback","reason":"desired output is available","candidates":[{"id":"wired:alsa_output.platform-3f00b840.mailbox.stereo-fallback","present":true,"connected":true,"adapter":null,"adapter_address":null,"setup_state":"ready"},{"id":"a2dp:C9:5C:FD:6E:28:46","present":false,"connected":false,"adapter":"hci1","adapter_address":"A0:AD:9F:73:6C:24","setup_state":"ready"},{"id":"a2dp:50:D7:1B:74:34:D6","present":false,"connected":false,"adapter":"hci1","adapter_address":"A0:AD:9F:73:6C:24","setup_state":"ready"},{"id":"a2dp:98:47:44:CD:73:DE","present":false,"connected":false,"adapter":"hci0","adapter_address":"B8:27:EB:43:8D:51","setup_state":"needs_setup"}]}}
/org/bluez/hci0/dev_98_47_44_CD_73_DE b true
/org/bluez/hci1/dev_98_47_44_CD_73_DE absent
2026-08-24T18:58:00,698781678-04:00
{"state":"CALL_DOWN","call":false,"output":{"desired":"wired:alsa_output.platform-3f00b840.mailbox.stereo-fallback","chosen":"wired:alsa_output.platform-3f00b840.mailbox.stereo-fallback","reason":"desired output is available","candidates":[{"id":"wired:alsa_output.platform-3f00b840.mailbox.stereo-fallback","present":true,"connected":true,"adapter":null,"adapter_address":null,"setup_state":"ready"},{"id":"a2dp:C9:5C:FD:6E:28:46","present":false,"connected":false,"adapter":"hci1","adapter_address":"A0:AD:9F:73:6C:24","setup_state":"ready"},{"id":"a2dp:50:D7:1B:74:34:D6","present":false,"connected":false,"adapter":"hci1","adapter_address":"A0:AD:9F:73:6C:24","setup_state":"ready"},{"id":"a2dp:98:47:44:CD:73:DE","present":false,"connected":false,"adapter":"hci0","adapter_address":"B8:27:EB:43:8D:51","setup_state":"needs_setup"}]}}
/org/bluez/hci0/dev_98_47_44_CD_73_DE b true
/org/bluez/hci1/dev_98_47_44_CD_73_DE absent
2026-08-24T18:58:01,771111498-04:00
{"state":"CALL_DOWN","call":false,"output":{"desired":"wired:alsa_output.platform-3f00b840.mailbox.stereo-fallback","chosen":"wired:alsa_output.platform-3f00b840.mailbox.stereo-fallback","reason":"desired output is available","candidates":[{"id":"wired:alsa_output.platform-3f00b840.mailbox.stereo-fallback","present":true,"connected":true,"adapter":null,"adapter_address":null,"setup_state":"ready"},{"id":"a2dp:C9:5C:FD:6E:28:46","present":false,"connected":false,"adapter":"hci1","adapter_address":"A0:AD:9F:73:6C:24","setup_state":"ready"},{"id":"a2dp:50:D7:1B:74:34:D6","present":false,"connected":false,"adapter":"hci1","adapter_address":"A0:AD:9F:73:6C:24","setup_state":"ready"},{"id":"a2dp:98:47:44:CD:73:DE","present":false,"connected":false,"adapter":"hci0","adapter_address":"B8:27:EB:43:8D:51","setup_state":"needs_setup"}]}}
/org/bluez/hci0/dev_98_47_44_CD_73_DE b true
/org/bluez/hci1/dev_98_47_44_CD_73_DE absent
2026-08-24T18:58:02,854551882-04:00
{"state":"CALL_DOWN","call":false,"output":{"desired":"wired:alsa_output.platform-3f00b840.mailbox.stereo-fallback","chosen":"wired:alsa_output.platform-3f00b840.mailbox.stereo-fallback","reason":"desired output is available","candidates":[{"id":"wired:alsa_output.platform-3f00b840.mailbox.stereo-fallback","present":true,"connected":true,"adapter":null,"adapter_address":null,"setup_state":"ready"},{"id":"a2dp:C9:5C:FD:6E:28:46","present":false,"connected":false,"adapter":"hci1","adapter_address":"A0:AD:9F:73:6C:24","setup_state":"ready"},{"id":"a2dp:50:D7:1B:74:34:D6","present":false,"connected":false,"adapter":"hci1","adapter_address":"A0:AD:9F:73:6C:24","setup_state":"ready"},{"id":"a2dp:98:47:44:CD:73:DE","present":false,"connected":false,"adapter":"hci0","adapter_address":"B8:27:EB:43:8D:51","setup_state":"needs_setup"}]}}
/org/bluez/hci0/dev_98_47_44_CD_73_DE b true
/org/bluez/hci1/dev_98_47_44_CD_73_DE absent
2026-08-24T18:58:03,927648415-04:00
{"state":"CALL_DOWN","call":false,"output":{"desired":"wired:alsa_output.platform-3f00b840.mailbox.stereo-fallback","chosen":"wired:alsa_output.platform-3f00b840.mailbox.stereo-fallback","reason":"desired output is available","candidates":[{"id":"wired:alsa_output.platform-3f00b840.mailbox.stereo-fallback","present":true,"connected":true,"adapter":null,"adapter_address":null,"setup_state":"ready"},{"id":"a2dp:C9:5C:FD:6E:28:46","present":false,"connected":false,"adapter":"hci1","adapter_address":"A0:AD:9F:73:6C:24","setup_state":"ready"},{"id":"a2dp:50:D7:1B:74:34:D6","present":false,"connected":false,"adapter":"hci1","adapter_address":"A0:AD:9F:73:6C:24","setup_state":"ready"},{"id":"a2dp:98:47:44:CD:73:DE","present":false,"connected":false,"adapter":"hci0","adapter_address":"B8:27:EB:43:8D:51","setup_state":"needs_setup"}]}}
/org/bluez/hci0/dev_98_47_44_CD_73_DE b true
/org/bluez/hci1/dev_98_47_44_CD_73_DE absent
2026-08-24T18:58:05,000325836-04:00
{"state":"CALL_DOWN","call":false,"output":{"desired":"wired:alsa_output.platform-3f00b840.mailbox.stereo-fallback","chosen":"wired:alsa_output.platform-3f00b840.mailbox.stereo-fallback","reason":"desired output is available","candidates":[{"id":"wired:alsa_output.platform-3f00b840.mailbox.stereo-fallback","present":true,"connected":true,"adapter":null,"adapter_address":null,"setup_state":"ready"},{"id":"a2dp:C9:5C:FD:6E:28:46","present":false,"connected":false,"adapter":"hci1","adapter_address":"A0:AD:9F:73:6C:24","setup_state":"ready"},{"id":"a2dp:50:D7:1B:74:34:D6","present":false,"connected":false,"adapter":"hci1","adapter_address":"A0:AD:9F:73:6C:24","setup_state":"ready"},{"id":"a2dp:98:47:44:CD:73:DE","present":false,"connected":false,"adapter":"hci0","adapter_address":"B8:27:EB:43:8D:51","setup_state":"needs_setup"}]}}
/org/bluez/hci0/dev_98_47_44_CD_73_DE b true
/org/bluez/hci1/dev_98_47_44_CD_73_DE absent
2026-08-24T18:58:06,073343046-04:00
{"state":"CALL_DOWN","call":false,"output":{"desired":"wired:alsa_output.platform-3f00b840.mailbox.stereo-fallback","chosen":"wired:alsa_output.platform-3f00b840.mailbox.stereo-fallback","reason":"desired output is available","candidates":[{"id":"wired:alsa_output.platform-3f00b840.mailbox.stereo-fallback","present":true,"connected":true,"adapter":null,"adapter_address":null,"setup_state":"ready"},{"id":"a2dp:C9:5C:FD:6E:28:46","present":false,"connected":false,"adapter":"hci1","adapter_address":"A0:AD:9F:73:6C:24","setup_state":"ready"},{"id":"a2dp:50:D7:1B:74:34:D6","present":false,"connected":false,"adapter":"hci1","adapter_address":"A0:AD:9F:73:6C:24","setup_state":"ready"},{"id":"a2dp:98:47:44:CD:73:DE","present":false,"connected":false,"adapter":"hci0","adapter_address":"B8:27:EB:43:8D:51","setup_state":"needs_setup"}]}}
/org/bluez/hci0/dev_98_47_44_CD_73_DE b true
/org/bluez/hci1/dev_98_47_44_CD_73_DE absent
2026-08-24T18:58:07,146489578-04:00
{"state":"CALL_DOWN","call":false,"output":{"desired":"wired:alsa_output.platform-3f00b840.mailbox.stereo-fallback","chosen":"wired:alsa_output.platform-3f00b840.mailbox.stereo-fallback","reason":"desired output is available","candidates":[{"id":"wired:alsa_output.platform-3f00b840.mailbox.stereo-fallback","present":true,"connected":true,"adapter":null,"adapter_address":null,"setup_state":"ready"},{"id":"a2dp:C9:5C:FD:6E:28:46","present":false,"connected":false,"adapter":"hci1","adapter_address":"A0:AD:9F:73:6C:24","setup_state":"ready"},{"id":"a2dp:50:D7:1B:74:34:D6","present":false,"connected":false,"adapter":"hci1","adapter_address":"A0:AD:9F:73:6C:24","setup_state":"ready"},{"id":"a2dp:98:47:44:CD:73:DE","present":false,"connected":false,"adapter":"hci0","adapter_address":"B8:27:EB:43:8D:51","setup_state":"needs_setup"}]}}
/org/bluez/hci0/dev_98_47_44_CD_73_DE b true
/org/bluez/hci1/dev_98_47_44_CD_73_DE absent
2026-08-24T18:58:08,219367048-04:00
{"state":"CALL_DOWN","call":false,"output":{"desired":"wired:alsa_output.platform-3f00b840.mailbox.stereo-fallback","chosen":"wired:alsa_output.platform-3f00b840.mailbox.stereo-fallback","reason":"desired output is available","candidates":[{"id":"wired:alsa_output.platform-3f00b840.mailbox.stereo-fallback","present":true,"connected":true,"adapter":null,"adapter_address":null,"setup_state":"ready"},{"id":"a2dp:C9:5C:FD:6E:28:46","present":false,"connected":false,"adapter":"hci1","adapter_address":"A0:AD:9F:73:6C:24","setup_state":"ready"},{"id":"a2dp:50:D7:1B:74:34:D6","present":false,"connected":false,"adapter":"hci1","adapter_address":"A0:AD:9F:73:6C:24","setup_state":"ready"},{"id":"a2dp:98:47:44:CD:73:DE","present":false,"connected":false,"adapter":"hci0","adapter_address":"B8:27:EB:43:8D:51","setup_state":"needs_setup"}]}}
/org/bluez/hci0/dev_98_47_44_CD_73_DE b true
/org/bluez/hci1/dev_98_47_44_CD_73_DE absent
2026-08-24T18:58:09,292934618-04:00
{"state":"CALL_DOWN","call":false,"output":{"desired":"wired:alsa_output.platform-3f00b840.mailbox.stereo-fallback","chosen":"wired:alsa_output.platform-3f00b840.mailbox.stereo-fallback","reason":"desired output is available","candidates":[{"id":"wired:alsa_output.platform-3f00b840.mailbox.stereo-fallback","present":true,"connected":true,"adapter":null,"adapter_address":null,"setup_state":"ready"},{"id":"a2dp:C9:5C:FD:6E:28:46","present":false,"connected":false,"adapter":"hci1","adapter_address":"A0:AD:9F:73:6C:24","setup_state":"ready"},{"id":"a2dp:50:D7:1B:74:34:D6","present":false,"connected":false,"adapter":"hci1","adapter_address":"A0:AD:9F:73:6C:24","setup_state":"ready"},{"id":"a2dp:98:47:44:CD:73:DE","present":false,"connected":false,"adapter":"hci0","adapter_address":"B8:27:EB:43:8D:51","setup_state":"needs_setup"}]}}
/org/bluez/hci0/dev_98_47_44_CD_73_DE b true
/org/bluez/hci1/dev_98_47_44_CD_73_DE absent
2026-08-24T18:58:10,365534067-04:00
{"state":"CALL_DOWN","call":false,"output":{"desired":"wired:alsa_output.platform-3f00b840.mailbox.stereo-fallback","chosen":"wired:alsa_output.platform-3f00b840.mailbox.stereo-fallback","reason":"desired output is available","candidates":[{"id":"wired:alsa_output.platform-3f00b840.mailbox.stereo-fallback","present":true,"connected":true,"adapter":null,"adapter_address":null,"setup_state":"ready"},{"id":"a2dp:C9:5C:FD:6E:28:46","present":false,"connected":false,"adapter":"hci1","adapter_address":"A0:AD:9F:73:6C:24","setup_state":"ready"},{"id":"a2dp:50:D7:1B:74:34:D6","present":false,"connected":false,"adapter":"hci1","adapter_address":"A0:AD:9F:73:6C:24","setup_state":"ready"},{"id":"a2dp:98:47:44:CD:73:DE","present":false,"connected":false,"adapter":"hci0","adapter_address":"B8:27:EB:43:8D:51","setup_state":"needs_setup"}]}}
/org/bluez/hci0/dev_98_47_44_CD_73_DE b true
/org/bluez/hci1/dev_98_47_44_CD_73_DE absent
2026-08-24T18:58:11,438671534-04:00
{"state":"CALL_DOWN","call":false,"output":{"desired":"wired:alsa_output.platform-3f00b840.mailbox.stereo-fallback","chosen":"wired:alsa_output.platform-3f00b840.mailbox.stereo-fallback","reason":"desired output is available","candidates":[{"id":"wired:alsa_output.platform-3f00b840.mailbox.stereo-fallback","present":true,"connected":true,"adapter":null,"adapter_address":null,"setup_state":"ready"},{"id":"a2dp:C9:5C:FD:6E:28:46","present":false,"connected":false,"adapter":"hci1","adapter_address":"A0:AD:9F:73:6C:24","setup_state":"ready"},{"id":"a2dp:50:D7:1B:74:34:D6","present":false,"connected":false,"adapter":"hci1","adapter_address":"A0:AD:9F:73:6C:24","setup_state":"ready"},{"id":"a2dp:98:47:44:CD:73:DE","present":false,"connected":false,"adapter":"hci0","adapter_address":"B8:27:EB:43:8D:51","setup_state":"needs_setup"}]}}
/org/bluez/hci0/dev_98_47_44_CD_73_DE b true
/org/bluez/hci1/dev_98_47_44_CD_73_DE absent
2026-08-24T18:58:12,511841656-04:00
{"state":"CALL_DOWN","call":false,"output":{"desired":"wired:alsa_output.platform-3f00b840.mailbox.stereo-fallback","chosen":"wired:alsa_output.platform-3f00b840.mailbox.stereo-fallback","reason":"desired output is available","candidates":[{"id":"wired:alsa_output.platform-3f00b840.mailbox.stereo-fallback","present":true,"connected":true,"adapter":null,"adapter_address":null,"setup_state":"ready"},{"id":"a2dp:C9:5C:FD:6E:28:46","present":false,"connected":false,"adapter":"hci1","adapter_address":"A0:AD:9F:73:6C:24","setup_state":"ready"},{"id":"a2dp:50:D7:1B:74:34:D6","present":false,"connected":false,"adapter":"hci1","adapter_address":"A0:AD:9F:73:6C:24","setup_state":"ready"},{"id":"a2dp:98:47:44:CD:73:DE","present":false,"connected":false,"adapter":"hci0","adapter_address":"B8:27:EB:43:8D:51","setup_state":"needs_setup"}]}}
/org/bluez/hci0/dev_98_47_44_CD_73_DE b true
/org/bluez/hci1/dev_98_47_44_CD_73_DE absent
2026-08-24T18:58:13,584504333-04:00
{"state":"CALL_DOWN","call":false,"output":{"desired":"wired:alsa_output.platform-3f00b840.mailbox.stereo-fallback","chosen":"wired:alsa_output.platform-3f00b840.mailbox.stereo-fallback","reason":"desired output is available","candidates":[{"id":"wired:alsa_output.platform-3f00b840.mailbox.stereo-fallback","present":true,"connected":true,"adapter":null,"adapter_address":null,"setup_state":"ready"},{"id":"a2dp:C9:5C:FD:6E:28:46","present":false,"connected":false,"adapter":"hci1","adapter_address":"A0:AD:9F:73:6C:24","setup_state":"ready"},{"id":"a2dp:50:D7:1B:74:34:D6","present":false,"connected":false,"adapter":"hci1","adapter_address":"A0:AD:9F:73:6C:24","setup_state":"ready"},{"id":"a2dp:98:47:44:CD:73:DE","present":false,"connected":false,"adapter":"hci0","adapter_address":"B8:27:EB:43:8D:51","setup_state":"needs_setup"}]}}
/org/bluez/hci0/dev_98_47_44_CD_73_DE b true
/org/bluez/hci1/dev_98_47_44_CD_73_DE absent
2026-08-24T18:58:14,657465601-04:00
{"state":"CALL_DOWN","call":false,"output":{"desired":"wired:alsa_output.platform-3f00b840.mailbox.stereo-fallback","chosen":"wired:alsa_output.platform-3f00b840.mailbox.stereo-fallback","reason":"desired output is available","candidates":[{"id":"wired:alsa_output.platform-3f00b840.mailbox.stereo-fallback","present":true,"connected":true,"adapter":null,"adapter_address":null,"setup_state":"ready"},{"id":"a2dp:C9:5C:FD:6E:28:46","present":false,"connected":false,"adapter":"hci1","adapter_address":"A0:AD:9F:73:6C:24","setup_state":"ready"},{"id":"a2dp:50:D7:1B:74:34:D6","present":false,"connected":false,"adapter":"hci1","adapter_address":"A0:AD:9F:73:6C:24","setup_state":"ready"},{"id":"a2dp:98:47:44:CD:73:DE","present":false,"connected":false,"adapter":"hci0","adapter_address":"B8:27:EB:43:8D:51","setup_state":"needs_setup"}]}}
/org/bluez/hci0/dev_98_47_44_CD_73_DE b true
/org/bluez/hci1/dev_98_47_44_CD_73_DE absent
2026-08-24T18:58:15,730144058-04:00
{"state":"CALL_DOWN","call":false,"output":{"desired":"wired:alsa_output.platform-3f00b840.mailbox.stereo-fallback","chosen":"wired:alsa_output.platform-3f00b840.mailbox.stereo-fallback","reason":"desired output is available","candidates":[{"id":"wired:alsa_output.platform-3f00b840.mailbox.stereo-fallback","present":true,"connected":true,"adapter":null,"adapter_address":null,"setup_state":"ready"},{"id":"a2dp:C9:5C:FD:6E:28:46","present":false,"connected":false,"adapter":"hci1","adapter_address":"A0:AD:9F:73:6C:24","setup_state":"ready"},{"id":"a2dp:50:D7:1B:74:34:D6","present":false,"connected":false,"adapter":"hci1","adapter_address":"A0:AD:9F:73:6C:24","setup_state":"ready"},{"id":"a2dp:98:47:44:CD:73:DE","present":false,"connected":false,"adapter":"hci0","adapter_address":"B8:27:EB:43:8D:51","setup_state":"needs_setup"}]}}
/org/bluez/hci0/dev_98_47_44_CD_73_DE b true
/org/bluez/hci1/dev_98_47_44_CD_73_DE absent
2026-08-24T18:58:16,803041523-04:00
{"state":"CALL_DOWN","call":false,"output":{"desired":"wired:alsa_output.platform-3f00b840.mailbox.stereo-fallback","chosen":"wired:alsa_output.platform-3f00b840.mailbox.stereo-fallback","reason":"desired output is available","candidates":[{"id":"wired:alsa_output.platform-3f00b840.mailbox.stereo-fallback","present":true,"connected":true,"adapter":null,"adapter_address":null,"setup_state":"ready"},{"id":"a2dp:C9:5C:FD:6E:28:46","present":false,"connected":false,"adapter":"hci1","adapter_address":"A0:AD:9F:73:6C:24","setup_state":"ready"},{"id":"a2dp:50:D7:1B:74:34:D6","present":false,"connected":false,"adapter":"hci1","adapter_address":"A0:AD:9F:73:6C:24","setup_state":"ready"},{"id":"a2dp:98:47:44:CD:73:DE","present":false,"connected":false,"adapter":"hci0","adapter_address":"B8:27:EB:43:8D:51","setup_state":"needs_setup"}]}}
/org/bluez/hci0/dev_98_47_44_CD_73_DE b true
/org/bluez/hci1/dev_98_47_44_CD_73_DE absent
2026-08-24T18:58:17,875967061-04:00
{"state":"CALL_DOWN","call":false,"output":{"desired":"wired:alsa_output.platform-3f00b840.mailbox.stereo-fallback","chosen":"wired:alsa_output.platform-3f00b840.mailbox.stereo-fallback","reason":"desired output is available","candidates":[{"id":"wired:alsa_output.platform-3f00b840.mailbox.stereo-fallback","present":true,"connected":true,"adapter":null,"adapter_address":null,"setup_state":"ready"},{"id":"a2dp:C9:5C:FD:6E:28:46","present":false,"connected":false,"adapter":"hci1","adapter_address":"A0:AD:9F:73:6C:24","setup_state":"ready"},{"id":"a2dp:50:D7:1B:74:34:D6","present":false,"connected":false,"adapter":"hci1","adapter_address":"A0:AD:9F:73:6C:24","setup_state":"ready"},{"id":"a2dp:98:47:44:CD:73:DE","present":false,"connected":false,"adapter":"hci0","adapter_address":"B8:27:EB:43:8D:51","setup_state":"needs_setup"}]}}
/org/bluez/hci0/dev_98_47_44_CD_73_DE b true
/org/bluez/hci1/dev_98_47_44_CD_73_DE absent
2026-08-24T18:58:18,948956504-04:00
{"state":"CALL_DOWN","call":false,"output":{"desired":"wired:alsa_output.platform-3f00b840.mailbox.stereo-fallback","chosen":"wired:alsa_output.platform-3f00b840.mailbox.stereo-fallback","reason":"desired output is available","candidates":[{"id":"wired:alsa_output.platform-3f00b840.mailbox.stereo-fallback","present":true,"connected":true,"adapter":null,"adapter_address":null,"setup_state":"ready"},{"id":"a2dp:C9:5C:FD:6E:28:46","present":false,"connected":false,"adapter":"hci1","adapter_address":"A0:AD:9F:73:6C:24","setup_state":"ready"},{"id":"a2dp:50:D7:1B:74:34:D6","present":false,"connected":false,"adapter":"hci1","adapter_address":"A0:AD:9F:73:6C:24","setup_state":"ready"},{"id":"a2dp:98:47:44:CD:73:DE","present":false,"connected":false,"adapter":"hci0","adapter_address":"B8:27:EB:43:8D:51","setup_state":"needs_setup"}]}}
/org/bluez/hci0/dev_98_47_44_CD_73_DE b true
/org/bluez/hci1/dev_98_47_44_CD_73_DE absent
2026-08-24T18:58:20,021981519-04:00
{"state":"CALL_DOWN","call":false,"output":{"desired":"wired:alsa_output.platform-3f00b840.mailbox.stereo-fallback","chosen":"wired:alsa_output.platform-3f00b840.mailbox.stereo-fallback","reason":"desired output is available","candidates":[{"id":"wired:alsa_output.platform-3f00b840.mailbox.stereo-fallback","present":true,"connected":true,"adapter":null,"adapter_address":null,"setup_state":"ready"},{"id":"a2dp:C9:5C:FD:6E:28:46","present":false,"connected":false,"adapter":"hci1","adapter_address":"A0:AD:9F:73:6C:24","setup_state":"ready"},{"id":"a2dp:50:D7:1B:74:34:D6","present":false,"connected":false,"adapter":"hci1","adapter_address":"A0:AD:9F:73:6C:24","setup_state":"ready"},{"id":"a2dp:98:47:44:CD:73:DE","present":false,"connected":false,"adapter":"hci0","adapter_address":"B8:27:EB:43:8D:51","setup_state":"needs_setup"}]}}
/org/bluez/hci0/dev_98_47_44_CD_73_DE b true
/org/bluez/hci1/dev_98_47_44_CD_73_DE absent
2026-08-24T18:58:21,095141012-04:00
{"state":"CALL_DOWN","call":false,"output":{"desired":"wired:alsa_output.platform-3f00b840.mailbox.stereo-fallback","chosen":"wired:alsa_output.platform-3f00b840.mailbox.stereo-fallback","reason":"desired output is available","candidates":[{"id":"wired:alsa_output.platform-3f00b840.mailbox.stereo-fallback","present":true,"connected":true,"adapter":null,"adapter_address":null,"setup_state":"ready"},{"id":"a2dp:C9:5C:FD:6E:28:46","present":false,"connected":false,"adapter":"hci1","adapter_address":"A0:AD:9F:73:6C:24","setup_state":"ready"},{"id":"a2dp:50:D7:1B:74:34:D6","present":false,"connected":false,"adapter":"hci1","adapter_address":"A0:AD:9F:73:6C:24","setup_state":"ready"},{"id":"a2dp:98:47:44:CD:73:DE","present":false,"connected":false,"adapter":"hci0","adapter_address":"B8:27:EB:43:8D:51","setup_state":"needs_setup"}]}}
/org/bluez/hci0/dev_98_47_44_CD_73_DE b true
/org/bluez/hci1/dev_98_47_44_CD_73_DE absent
2026-08-24T18:58:22,168098109-04:00
{"state":"CALL_DOWN","call":false,"output":{"desired":"wired:alsa_output.platform-3f00b840.mailbox.stereo-fallback","chosen":"wired:alsa_output.platform-3f00b840.mailbox.stereo-fallback","reason":"desired output is available","candidates":[{"id":"wired:alsa_output.platform-3f00b840.mailbox.stereo-fallback","present":true,"connected":true,"adapter":null,"adapter_address":null,"setup_state":"ready"},{"id":"a2dp:C9:5C:FD:6E:28:46","present":false,"connected":false,"adapter":"hci1","adapter_address":"A0:AD:9F:73:6C:24","setup_state":"ready"},{"id":"a2dp:50:D7:1B:74:34:D6","present":false,"connected":false,"adapter":"hci1","adapter_address":"A0:AD:9F:73:6C:24","setup_state":"ready"},{"id":"a2dp:98:47:44:CD:73:DE","present":false,"connected":false,"adapter":"hci0","adapter_address":"B8:27:EB:43:8D:51","setup_state":"needs_setup"}]}}
/org/bluez/hci0/dev_98_47_44_CD_73_DE b true
/org/bluez/hci1/dev_98_47_44_CD_73_DE absent
2026-08-24T18:58:23,240682969-04:00
{"state":"CALL_DOWN","call":false,"output":{"desired":"wired:alsa_output.platform-3f00b840.mailbox.stereo-fallback","chosen":"wired:alsa_output.platform-3f00b840.mailbox.stereo-fallback","reason":"desired output is available","candidates":[{"id":"wired:alsa_output.platform-3f00b840.mailbox.stereo-fallback","present":true,"connected":true,"adapter":null,"adapter_address":null,"setup_state":"ready"},{"id":"a2dp:C9:5C:FD:6E:28:46","present":false,"connected":false,"adapter":"hci1","adapter_address":"A0:AD:9F:73:6C:24","setup_state":"ready"},{"id":"a2dp:50:D7:1B:74:34:D6","present":false,"connected":false,"adapter":"hci1","adapter_address":"A0:AD:9F:73:6C:24","setup_state":"ready"},{"id":"a2dp:98:47:44:CD:73:DE","present":false,"connected":false,"adapter":"hci0","adapter_address":"B8:27:EB:43:8D:51","setup_state":"needs_setup"}]}}
/org/bluez/hci0/dev_98_47_44_CD_73_DE b true
/org/bluez/hci1/dev_98_47_44_CD_73_DE absent
2026-08-24T18:58:24,313955428-04:00
{"state":"CALL_DOWN","call":false,"output":{"desired":"wired:alsa_output.platform-3f00b840.mailbox.stereo-fallback","chosen":"wired:alsa_output.platform-3f00b840.mailbox.stereo-fallback","reason":"desired output is available","candidates":[{"id":"wired:alsa_output.platform-3f00b840.mailbox.stereo-fallback","present":true,"connected":true,"adapter":null,"adapter_address":null,"setup_state":"ready"},{"id":"a2dp:C9:5C:FD:6E:28:46","present":false,"connected":false,"adapter":"hci1","adapter_address":"A0:AD:9F:73:6C:24","setup_state":"ready"},{"id":"a2dp:50:D7:1B:74:34:D6","present":false,"connected":false,"adapter":"hci1","adapter_address":"A0:AD:9F:73:6C:24","setup_state":"ready"},{"id":"a2dp:98:47:44:CD:73:DE","present":false,"connected":false,"adapter":"hci0","adapter_address":"B8:27:EB:43:8D:51","setup_state":"needs_setup"}]}}
/org/bluez/hci0/dev_98_47_44_CD_73_DE b true
/org/bluez/hci1/dev_98_47_44_CD_73_DE absent
2026-08-24T18:58:25,387011534-04:00
{"state":"CALL_DOWN","call":false,"output":{"desired":"wired:alsa_output.platform-3f00b840.mailbox.stereo-fallback","chosen":"wired:alsa_output.platform-3f00b840.mailbox.stereo-fallback","reason":"desired output is available","candidates":[{"id":"wired:alsa_output.platform-3f00b840.mailbox.stereo-fallback","present":true,"connected":true,"adapter":null,"adapter_address":null,"setup_state":"ready"},{"id":"a2dp:C9:5C:FD:6E:28:46","present":false,"connected":false,"adapter":"hci1","adapter_address":"A0:AD:9F:73:6C:24","setup_state":"ready"},{"id":"a2dp:50:D7:1B:74:34:D6","present":false,"connected":false,"adapter":"hci1","adapter_address":"A0:AD:9F:73:6C:24","setup_state":"ready"},{"id":"a2dp:98:47:44:CD:73:DE","present":false,"connected":false,"adapter":"hci0","adapter_address":"B8:27:EB:43:8D:51","setup_state":"needs_setup"}]}}
/org/bluez/hci0/dev_98_47_44_CD_73_DE b true
/org/bluez/hci1/dev_98_47_44_CD_73_DE absent
2026-08-24T18:58:26,459712381-04:00
{"state":"CALL_DOWN","call":false,"output":{"desired":"wired:alsa_output.platform-3f00b840.mailbox.stereo-fallback","chosen":"wired:alsa_output.platform-3f00b840.mailbox.stereo-fallback","reason":"desired output is available","candidates":[{"id":"wired:alsa_output.platform-3f00b840.mailbox.stereo-fallback","present":true,"connected":true,"adapter":null,"adapter_address":null,"setup_state":"ready"},{"id":"a2dp:C9:5C:FD:6E:28:46","present":false,"connected":false,"adapter":"hci1","adapter_address":"A0:AD:9F:73:6C:24","setup_state":"ready"},{"id":"a2dp:50:D7:1B:74:34:D6","present":false,"connected":false,"adapter":"hci1","adapter_address":"A0:AD:9F:73:6C:24","setup_state":"ready"},{"id":"a2dp:98:47:44:CD:73:DE","present":false,"connected":false,"adapter":"hci0","adapter_address":"B8:27:EB:43:8D:51","setup_state":"needs_setup"}]}}
/org/bluez/hci0/dev_98_47_44_CD_73_DE b true
/org/bluez/hci1/dev_98_47_44_CD_73_DE absent
2026-08-24T18:58:27,532461196-04:00
{"state":"CALL_DOWN","call":false,"output":{"desired":"wired:alsa_output.platform-3f00b840.mailbox.stereo-fallback","chosen":"wired:alsa_output.platform-3f00b840.mailbox.stereo-fallback","reason":"desired output is available","candidates":[{"id":"wired:alsa_output.platform-3f00b840.mailbox.stereo-fallback","present":true,"connected":true,"adapter":null,"adapter_address":null,"setup_state":"ready"},{"id":"a2dp:C9:5C:FD:6E:28:46","present":false,"connected":false,"adapter":"hci1","adapter_address":"A0:AD:9F:73:6C:24","setup_state":"ready"},{"id":"a2dp:50:D7:1B:74:34:D6","present":false,"connected":false,"adapter":"hci1","adapter_address":"A0:AD:9F:73:6C:24","setup_state":"ready"},{"id":"a2dp:98:47:44:CD:73:DE","present":false,"connected":false,"adapter":"hci0","adapter_address":"B8:27:EB:43:8D:51","setup_state":"needs_setup"}]}}
/org/bluez/hci0/dev_98_47_44_CD_73_DE b true
/org/bluez/hci1/dev_98_47_44_CD_73_DE absent
2026-08-24T18:58:28,605202666-04:00
{"state":"CALL_DOWN","call":false,"output":{"desired":"wired:alsa_output.platform-3f00b840.mailbox.stereo-fallback","chosen":"wired:alsa_output.platform-3f00b840.mailbox.stereo-fallback","reason":"desired output is available","candidates":[{"id":"wired:alsa_output.platform-3f00b840.mailbox.stereo-fallback","present":true,"connected":true,"adapter":null,"adapter_address":null,"setup_state":"ready"},{"id":"a2dp:C9:5C:FD:6E:28:46","present":false,"connected":false,"adapter":"hci1","adapter_address":"A0:AD:9F:73:6C:24","setup_state":"ready"},{"id":"a2dp:50:D7:1B:74:34:D6","present":false,"connected":false,"adapter":"hci1","adapter_address":"A0:AD:9F:73:6C:24","setup_state":"ready"},{"id":"a2dp:98:47:44:CD:73:DE","present":false,"connected":false,"adapter":"hci0","adapter_address":"B8:27:EB:43:8D:51","setup_state":"needs_setup"}]}}
/org/bluez/hci0/dev_98_47_44_CD_73_DE b true
/org/bluez/hci1/dev_98_47_44_CD_73_DE absent
2026-08-24T18:58:29,678373300-04:00
{"state":"CALL_DOWN","call":false,"output":{"desired":"wired:alsa_output.platform-3f00b840.mailbox.stereo-fallback","chosen":"wired:alsa_output.platform-3f00b840.mailbox.stereo-fallback","reason":"desired output is available","candidates":[{"id":"wired:alsa_output.platform-3f00b840.mailbox.stereo-fallback","present":true,"connected":true,"adapter":null,"adapter_address":null,"setup_state":"ready"},{"id":"a2dp:C9:5C:FD:6E:28:46","present":false,"connected":false,"adapter":"hci1","adapter_address":"A0:AD:9F:73:6C:24","setup_state":"ready"},{"id":"a2dp:50:D7:1B:74:34:D6","present":false,"connected":false,"adapter":"hci1","adapter_address":"A0:AD:9F:73:6C:24","setup_state":"ready"},{"id":"a2dp:98:47:44:CD:73:DE","present":false,"connected":false,"adapter":"hci0","adapter_address":"B8:27:EB:43:8D:51","setup_state":"needs_setup"}]}}
/org/bluez/hci0/dev_98_47_44_CD_73_DE b true
/org/bluez/hci1/dev_98_47_44_CD_73_DE absent
2026-08-24T18:58:30,751239665-04:00
{"state":"CALL_DOWN","call":false,"output":{"desired":"wired:alsa_output.platform-3f00b840.mailbox.stereo-fallback","chosen":"wired:alsa_output.platform-3f00b840.mailbox.stereo-fallback","reason":"desired output is available","candidates":[{"id":"wired:alsa_output.platform-3f00b840.mailbox.stereo-fallback","present":true,"connected":true,"adapter":null,"adapter_address":null,"setup_state":"ready"},{"id":"a2dp:C9:5C:FD:6E:28:46","present":false,"connected":false,"adapter":"hci1","adapter_address":"A0:AD:9F:73:6C:24","setup_state":"ready"},{"id":"a2dp:50:D7:1B:74:34:D6","present":false,"connected":false,"adapter":"hci1","adapter_address":"A0:AD:9F:73:6C:24","setup_state":"ready"},{"id":"a2dp:98:47:44:CD:73:DE","present":false,"connected":false,"adapter":"hci0","adapter_address":"B8:27:EB:43:8D:51","setup_state":"needs_setup"}]}}
/org/bluez/hci0/dev_98_47_44_CD_73_DE b true
/org/bluez/hci1/dev_98_47_44_CD_73_DE absent
2026-08-24T18:58:31,824377069-04:00
{"state":"CALL_DOWN","call":false,"output":{"desired":"wired:alsa_output.platform-3f00b840.mailbox.stereo-fallback","chosen":"wired:alsa_output.platform-3f00b840.mailbox.stereo-fallback","reason":"desired output is available","candidates":[{"id":"wired:alsa_output.platform-3f00b840.mailbox.stereo-fallback","present":true,"connected":true,"adapter":null,"adapter_address":null,"setup_state":"ready"},{"id":"a2dp:C9:5C:FD:6E:28:46","present":false,"connected":false,"adapter":"hci1","adapter_address":"A0:AD:9F:73:6C:24","setup_state":"ready"},{"id":"a2dp:50:D7:1B:74:34:D6","present":false,"connected":false,"adapter":"hci1","adapter_address":"A0:AD:9F:73:6C:24","setup_state":"ready"},{"id":"a2dp:98:47:44:CD:73:DE","present":false,"connected":false,"adapter":"hci0","adapter_address":"B8:27:EB:43:8D:51","setup_state":"needs_setup"}]}}
/org/bluez/hci0/dev_98_47_44_CD_73_DE b true
/org/bluez/hci1/dev_98_47_44_CD_73_DE absent
2026-08-24T18:58:32,897379682-04:00
{"state":"CALL_DOWN","call":false,"output":{"desired":"wired:alsa_output.platform-3f00b840.mailbox.stereo-fallback","chosen":"wired:alsa_output.platform-3f00b840.mailbox.stereo-fallback","reason":"desired output is available","candidates":[{"id":"wired:alsa_output.platform-3f00b840.mailbox.stereo-fallback","present":true,"connected":true,"adapter":null,"adapter_address":null,"setup_state":"ready"},{"id":"a2dp:C9:5C:FD:6E:28:46","present":false,"connected":false,"adapter":"hci1","adapter_address":"A0:AD:9F:73:6C:24","setup_state":"ready"},{"id":"a2dp:50:D7:1B:74:34:D6","present":false,"connected":false,"adapter":"hci1","adapter_address":"A0:AD:9F:73:6C:24","setup_state":"ready"},{"id":"a2dp:98:47:44:CD:73:DE","present":false,"connected":false,"adapter":"hci0","adapter_address":"B8:27:EB:43:8D:51","setup_state":"needs_setup"}]}}
/org/bluez/hci0/dev_98_47_44_CD_73_DE b true
/org/bluez/hci1/dev_98_47_44_CD_73_DE absent
2026-08-24T18:58:33,970070368-04:00
{"state":"CALL_DOWN","call":false,"output":{"desired":"wired:alsa_output.platform-3f00b840.mailbox.stereo-fallback","chosen":"wired:alsa_output.platform-3f00b840.mailbox.stereo-fallback","reason":"desired output is available","candidates":[{"id":"wired:alsa_output.platform-3f00b840.mailbox.stereo-fallback","present":true,"connected":true,"adapter":null,"adapter_address":null,"setup_state":"ready"},{"id":"a2dp:C9:5C:FD:6E:28:46","present":false,"connected":false,"adapter":"hci1","adapter_address":"A0:AD:9F:73:6C:24","setup_state":"ready"},{"id":"a2dp:50:D7:1B:74:34:D6","present":false,"connected":false,"adapter":"hci1","adapter_address":"A0:AD:9F:73:6C:24","setup_state":"ready"},{"id":"a2dp:98:47:44:CD:73:DE","present":false,"connected":false,"adapter":"hci0","adapter_address":"B8:27:EB:43:8D:51","setup_state":"needs_setup"}]}}
/org/bluez/hci0/dev_98_47_44_CD_73_DE b true
/org/bluez/hci1/dev_98_47_44_CD_73_DE absent
2026-08-24T18:58:35,042780065-04:00
{"state":"CALL_DOWN","call":false,"output":{"desired":"wired:alsa_output.platform-3f00b840.mailbox.stereo-fallback","chosen":"wired:alsa_output.platform-3f00b840.mailbox.stereo-fallback","reason":"desired output is available","candidates":[{"id":"wired:alsa_output.platform-3f00b840.mailbox.stereo-fallback","present":true,"connected":true,"adapter":null,"adapter_address":null,"setup_state":"ready"},{"id":"a2dp:C9:5C:FD:6E:28:46","present":false,"connected":false,"adapter":"hci1","adapter_address":"A0:AD:9F:73:6C:24","setup_state":"ready"},{"id":"a2dp:50:D7:1B:74:34:D6","present":false,"connected":false,"adapter":"hci1","adapter_address":"A0:AD:9F:73:6C:24","setup_state":"ready"},{"id":"a2dp:98:47:44:CD:73:DE","present":false,"connected":false,"adapter":"hci0","adapter_address":"B8:27:EB:43:8D:51","setup_state":"needs_setup"}]}}
/org/bluez/hci0/dev_98_47_44_CD_73_DE b true
/org/bluez/hci1/dev_98_47_44_CD_73_DE absent
2026-08-24T18:58:36,115708197-04:00
{"state":"CALL_DOWN","call":false,"output":{"desired":"wired:alsa_output.platform-3f00b840.mailbox.stereo-fallback","chosen":"wired:alsa_output.platform-3f00b840.mailbox.stereo-fallback","reason":"desired output is available","candidates":[{"id":"wired:alsa_output.platform-3f00b840.mailbox.stereo-fallback","present":true,"connected":true,"adapter":null,"adapter_address":null,"setup_state":"ready"},{"id":"a2dp:C9:5C:FD:6E:28:46","present":false,"connected":false,"adapter":"hci1","adapter_address":"A0:AD:9F:73:6C:24","setup_state":"ready"},{"id":"a2dp:50:D7:1B:74:34:D6","present":false,"connected":false,"adapter":"hci1","adapter_address":"A0:AD:9F:73:6C:24","setup_state":"ready"},{"id":"a2dp:98:47:44:CD:73:DE","present":false,"connected":false,"adapter":"hci0","adapter_address":"B8:27:EB:43:8D:51","setup_state":"needs_setup"}]}}
/org/bluez/hci0/dev_98_47_44_CD_73_DE b true
/org/bluez/hci1/dev_98_47_44_CD_73_DE absent
2026-08-24T18:58:37,188711172-04:00
{"state":"CALL_DOWN","call":false,"output":{"desired":"wired:alsa_output.platform-3f00b840.mailbox.stereo-fallback","chosen":"wired:alsa_output.platform-3f00b840.mailbox.stereo-fallback","reason":"desired output is available","candidates":[{"id":"wired:alsa_output.platform-3f00b840.mailbox.stereo-fallback","present":true,"connected":true,"adapter":null,"adapter_address":null,"setup_state":"ready"},{"id":"a2dp:C9:5C:FD:6E:28:46","present":false,"connected":false,"adapter":"hci1","adapter_address":"A0:AD:9F:73:6C:24","setup_state":"ready"},{"id":"a2dp:50:D7:1B:74:34:D6","present":false,"connected":false,"adapter":"hci1","adapter_address":"A0:AD:9F:73:6C:24","setup_state":"ready"},{"id":"a2dp:98:47:44:CD:73:DE","present":false,"connected":false,"adapter":"hci0","adapter_address":"B8:27:EB:43:8D:51","setup_state":"needs_setup"}]}}
/org/bluez/hci0/dev_98_47_44_CD_73_DE b true
/org/bluez/hci1/dev_98_47_44_CD_73_DE absent
2026-08-24T18:58:38,261676543-04:00
{"state":"CALL_DOWN","call":false,"output":{"desired":"wired:alsa_output.platform-3f00b840.mailbox.stereo-fallback","chosen":"wired:alsa_output.platform-3f00b840.mailbox.stereo-fallback","reason":"desired output is available","candidates":[{"id":"wired:alsa_output.platform-3f00b840.mailbox.stereo-fallback","present":true,"connected":true,"adapter":null,"adapter_address":null,"setup_state":"ready"},{"id":"a2dp:C9:5C:FD:6E:28:46","present":false,"connected":false,"adapter":"hci1","adapter_address":"A0:AD:9F:73:6C:24","setup_state":"ready"},{"id":"a2dp:50:D7:1B:74:34:D6","present":false,"connected":false,"adapter":"hci1","adapter_address":"A0:AD:9F:73:6C:24","setup_state":"ready"},{"id":"a2dp:98:47:44:CD:73:DE","present":false,"connected":false,"adapter":"hci0","adapter_address":"B8:27:EB:43:8D:51","setup_state":"needs_setup"}]}}
/org/bluez/hci0/dev_98_47_44_CD_73_DE b true
/org/bluez/hci1/dev_98_47_44_CD_73_DE absent
2026-08-24T18:58:39,334839359-04:00
{"state":"CALL_DOWN","call":false,"output":{"desired":"wired:alsa_output.platform-3f00b840.mailbox.stereo-fallback","chosen":"wired:alsa_output.platform-3f00b840.mailbox.stereo-fallback","reason":"desired output is available","candidates":[{"id":"wired:alsa_output.platform-3f00b840.mailbox.stereo-fallback","present":true,"connected":true,"adapter":null,"adapter_address":null,"setup_state":"ready"},{"id":"a2dp:C9:5C:FD:6E:28:46","present":false,"connected":false,"adapter":"hci1","adapter_address":"A0:AD:9F:73:6C:24","setup_state":"ready"},{"id":"a2dp:50:D7:1B:74:34:D6","present":false,"connected":false,"adapter":"hci1","adapter_address":"A0:AD:9F:73:6C:24","setup_state":"ready"},{"id":"a2dp:98:47:44:CD:73:DE","present":false,"connected":false,"adapter":"hci0","adapter_address":"B8:27:EB:43:8D:51","setup_state":"needs_setup"}]}}
/org/bluez/hci0/dev_98_47_44_CD_73_DE b true
/org/bluez/hci1/dev_98_47_44_CD_73_DE absent
2026-08-24T18:58:40,408697068-04:00
{"state":"CALL_DOWN","call":false,"output":{"desired":"wired:alsa_output.platform-3f00b840.mailbox.stereo-fallback","chosen":"wired:alsa_output.platform-3f00b840.mailbox.stereo-fallback","reason":"desired output is available","candidates":[{"id":"wired:alsa_output.platform-3f00b840.mailbox.stereo-fallback","present":true,"connected":true,"adapter":null,"adapter_address":null,"setup_state":"ready"},{"id":"a2dp:C9:5C:FD:6E:28:46","present":false,"connected":false,"adapter":"hci1","adapter_address":"A0:AD:9F:73:6C:24","setup_state":"ready"},{"id":"a2dp:50:D7:1B:74:34:D6","present":false,"connected":false,"adapter":"hci1","adapter_address":"A0:AD:9F:73:6C:24","setup_state":"ready"},{"id":"a2dp:98:47:44:CD:73:DE","present":false,"connected":false,"adapter":"hci0","adapter_address":"B8:27:EB:43:8D:51","setup_state":"needs_setup"}]}}
/org/bluez/hci0/dev_98_47_44_CD_73_DE b true
/org/bluez/hci1/dev_98_47_44_CD_73_DE absent
2026-08-24T18:58:41,481784155-04:00
{"state":"CALL_DOWN","call":false,"output":{"desired":"wired:alsa_output.platform-3f00b840.mailbox.stereo-fallback","chosen":"wired:alsa_output.platform-3f00b840.mailbox.stereo-fallback","reason":"desired output is available","candidates":[{"id":"wired:alsa_output.platform-3f00b840.mailbox.stereo-fallback","present":true,"connected":true,"adapter":null,"adapter_address":null,"setup_state":"ready"},{"id":"a2dp:C9:5C:FD:6E:28:46","present":false,"connected":false,"adapter":"hci1","adapter_address":"A0:AD:9F:73:6C:24","setup_state":"ready"},{"id":"a2dp:50:D7:1B:74:34:D6","present":false,"connected":false,"adapter":"hci1","adapter_address":"A0:AD:9F:73:6C:24","setup_state":"ready"},{"id":"a2dp:98:47:44:CD:73:DE","present":false,"connected":false,"adapter":"hci0","adapter_address":"B8:27:EB:43:8D:51","setup_state":"needs_setup"}]}}
/org/bluez/hci0/dev_98_47_44_CD_73_DE b true
/org/bluez/hci1/dev_98_47_44_CD_73_DE absent
2026-08-24T18:58:42,554716763-04:00
{"state":"CALL_DOWN","call":false,"output":{"desired":"wired:alsa_output.platform-3f00b840.mailbox.stereo-fallback","chosen":"wired:alsa_output.platform-3f00b840.mailbox.stereo-fallback","reason":"desired output is available","candidates":[{"id":"wired:alsa_output.platform-3f00b840.mailbox.stereo-fallback","present":true,"connected":true,"adapter":null,"adapter_address":null,"setup_state":"ready"},{"id":"a2dp:C9:5C:FD:6E:28:46","present":false,"connected":false,"adapter":"hci1","adapter_address":"A0:AD:9F:73:6C:24","setup_state":"ready"},{"id":"a2dp:50:D7:1B:74:34:D6","present":false,"connected":false,"adapter":"hci1","adapter_address":"A0:AD:9F:73:6C:24","setup_state":"ready"},{"id":"a2dp:98:47:44:CD:73:DE","present":false,"connected":false,"adapter":"hci0","adapter_address":"B8:27:EB:43:8D:51","setup_state":"needs_setup"}]}}
/org/bluez/hci0/dev_98_47_44_CD_73_DE b true
/org/bluez/hci1/dev_98_47_44_CD_73_DE absent
2026-08-24T18:58:43,627476559-04:00
{"state":"CALL_DOWN","call":false,"output":{"desired":"wired:alsa_output.platform-3f00b840.mailbox.stereo-fallback","chosen":"wired:alsa_output.platform-3f00b840.mailbox.stereo-fallback","reason":"desired output is available","candidates":[{"id":"wired:alsa_output.platform-3f00b840.mailbox.stereo-fallback","present":true,"connected":true,"adapter":null,"adapter_address":null,"setup_state":"ready"},{"id":"a2dp:C9:5C:FD:6E:28:46","present":false,"connected":false,"adapter":"hci1","adapter_address":"A0:AD:9F:73:6C:24","setup_state":"ready"},{"id":"a2dp:50:D7:1B:74:34:D6","present":false,"connected":false,"adapter":"hci1","adapter_address":"A0:AD:9F:73:6C:24","setup_state":"ready"},{"id":"a2dp:98:47:44:CD:73:DE","present":false,"connected":false,"adapter":"hci0","adapter_address":"B8:27:EB:43:8D:51","setup_state":"needs_setup"}]}}
/org/bluez/hci0/dev_98_47_44_CD_73_DE b true
/org/bluez/hci1/dev_98_47_44_CD_73_DE absent
2026-08-24T18:58:44,700444114-04:00
{"state":"CALL_DOWN","call":false,"output":{"desired":"wired:alsa_output.platform-3f00b840.mailbox.stereo-fallback","chosen":"wired:alsa_output.platform-3f00b840.mailbox.stereo-fallback","reason":"desired output is available","candidates":[{"id":"wired:alsa_output.platform-3f00b840.mailbox.stereo-fallback","present":true,"connected":true,"adapter":null,"adapter_address":null,"setup_state":"ready"},{"id":"a2dp:C9:5C:FD:6E:28:46","present":false,"connected":false,"adapter":"hci1","adapter_address":"A0:AD:9F:73:6C:24","setup_state":"ready"},{"id":"a2dp:50:D7:1B:74:34:D6","present":false,"connected":false,"adapter":"hci1","adapter_address":"A0:AD:9F:73:6C:24","setup_state":"ready"},{"id":"a2dp:98:47:44:CD:73:DE","present":false,"connected":false,"adapter":"hci0","adapter_address":"B8:27:EB:43:8D:51","setup_state":"needs_setup"}]}}
/org/bluez/hci0/dev_98_47_44_CD_73_DE b true
/org/bluez/hci1/dev_98_47_44_CD_73_DE absent
2026-08-24T18:58:45,773727968-04:00
{"state":"CALL_DOWN","call":false,"output":{"desired":"wired:alsa_output.platform-3f00b840.mailbox.stereo-fallback","chosen":"wired:alsa_output.platform-3f00b840.mailbox.stereo-fallback","reason":"desired output is available","candidates":[{"id":"wired:alsa_output.platform-3f00b840.mailbox.stereo-fallback","present":true,"connected":true,"adapter":null,"adapter_address":null,"setup_state":"ready"},{"id":"a2dp:C9:5C:FD:6E:28:46","present":false,"connected":false,"adapter":"hci1","adapter_address":"A0:AD:9F:73:6C:24","setup_state":"ready"},{"id":"a2dp:50:D7:1B:74:34:D6","present":false,"connected":false,"adapter":"hci1","adapter_address":"A0:AD:9F:73:6C:24","setup_state":"ready"},{"id":"a2dp:98:47:44:CD:73:DE","present":false,"connected":false,"adapter":"hci0","adapter_address":"B8:27:EB:43:8D:51","setup_state":"needs_setup"}]}}
/org/bluez/hci0/dev_98_47_44_CD_73_DE b true
/org/bluez/hci1/dev_98_47_44_CD_73_DE absent
2026-08-24T18:58:46,859777064-04:00
{"state":"CALL_DOWN","call":false,"output":{"desired":"wired:alsa_output.platform-3f00b840.mailbox.stereo-fallback","chosen":"wired:alsa_output.platform-3f00b840.mailbox.stereo-fallback","reason":"desired output is available","candidates":[{"id":"wired:alsa_output.platform-3f00b840.mailbox.stereo-fallback","present":true,"connected":true,"adapter":null,"adapter_address":null,"setup_state":"ready"},{"id":"a2dp:C9:5C:FD:6E:28:46","present":false,"connected":false,"adapter":"hci1","adapter_address":"A0:AD:9F:73:6C:24","setup_state":"ready"},{"id":"a2dp:50:D7:1B:74:34:D6","present":false,"connected":false,"adapter":"hci1","adapter_address":"A0:AD:9F:73:6C:24","setup_state":"ready"},{"id":"a2dp:98:47:44:CD:73:DE","present":false,"connected":false,"adapter":"hci0","adapter_address":"B8:27:EB:43:8D:51","setup_state":"needs_setup"}]}}
/org/bluez/hci0/dev_98_47_44_CD_73_DE b true
/org/bluez/hci1/dev_98_47_44_CD_73_DE absent
2026-08-24T18:58:47,933252739-04:00
{"state":"CALL_DOWN","call":false,"output":{"desired":"wired:alsa_output.platform-3f00b840.mailbox.stereo-fallback","chosen":"wired:alsa_output.platform-3f00b840.mailbox.stereo-fallback","reason":"desired output is available","candidates":[{"id":"wired:alsa_output.platform-3f00b840.mailbox.stereo-fallback","present":true,"connected":true,"adapter":null,"adapter_address":null,"setup_state":"ready"},{"id":"a2dp:C9:5C:FD:6E:28:46","present":false,"connected":false,"adapter":"hci1","adapter_address":"A0:AD:9F:73:6C:24","setup_state":"ready"},{"id":"a2dp:50:D7:1B:74:34:D6","present":false,"connected":false,"adapter":"hci1","adapter_address":"A0:AD:9F:73:6C:24","setup_state":"ready"},{"id":"a2dp:98:47:44:CD:73:DE","present":false,"connected":false,"adapter":"hci0","adapter_address":"B8:27:EB:43:8D:51","setup_state":"needs_setup"}]}}
/org/bluez/hci0/dev_98_47_44_CD_73_DE b true
/org/bluez/hci1/dev_98_47_44_CD_73_DE absent
2026-08-24T18:58:49,021556457-04:00
{"state":"CALL_DOWN","call":false,"output":{"desired":"wired:alsa_output.platform-3f00b840.mailbox.stereo-fallback","chosen":"wired:alsa_output.platform-3f00b840.mailbox.stereo-fallback","reason":"desired output is available","candidates":[{"id":"wired:alsa_output.platform-3f00b840.mailbox.stereo-fallback","present":true,"connected":true,"adapter":null,"adapter_address":null,"setup_state":"ready"},{"id":"a2dp:C9:5C:FD:6E:28:46","present":false,"connected":false,"adapter":"hci1","adapter_address":"A0:AD:9F:73:6C:24","setup_state":"ready"},{"id":"a2dp:50:D7:1B:74:34:D6","present":false,"connected":false,"adapter":"hci1","adapter_address":"A0:AD:9F:73:6C:24","setup_state":"ready"},{"id":"a2dp:98:47:44:CD:73:DE","present":false,"connected":false,"adapter":"hci0","adapter_address":"B8:27:EB:43:8D:51","setup_state":"needs_setup"}]}}
/org/bluez/hci0/dev_98_47_44_CD_73_DE b true
/org/bluez/hci1/dev_98_47_44_CD_73_DE absent
2026-08-24T18:58:50,094724737-04:00
{"state":"CALL_DOWN","call":false,"output":{"desired":"wired:alsa_output.platform-3f00b840.mailbox.stereo-fallback","chosen":"wired:alsa_output.platform-3f00b840.mailbox.stereo-fallback","reason":"desired output is available","candidates":[{"id":"wired:alsa_output.platform-3f00b840.mailbox.stereo-fallback","present":true,"connected":true,"adapter":null,"adapter_address":null,"setup_state":"ready"},{"id":"a2dp:C9:5C:FD:6E:28:46","present":false,"connected":false,"adapter":"hci1","adapter_address":"A0:AD:9F:73:6C:24","setup_state":"ready"},{"id":"a2dp:50:D7:1B:74:34:D6","present":false,"connected":false,"adapter":"hci1","adapter_address":"A0:AD:9F:73:6C:24","setup_state":"ready"},{"id":"a2dp:98:47:44:CD:73:DE","present":false,"connected":false,"adapter":"hci0","adapter_address":"B8:27:EB:43:8D:51","setup_state":"needs_setup"}]}}
/org/bluez/hci0/dev_98_47_44_CD_73_DE b true
/org/bluez/hci1/dev_98_47_44_CD_73_DE absent
2026-08-24T18:58:51,177816868-04:00
{"state":"CALL_DOWN","call":false,"output":{"desired":"wired:alsa_output.platform-3f00b840.mailbox.stereo-fallback","chosen":"wired:alsa_output.platform-3f00b840.mailbox.stereo-fallback","reason":"desired output is available","candidates":[{"id":"wired:alsa_output.platform-3f00b840.mailbox.stereo-fallback","present":true,"connected":true,"adapter":null,"adapter_address":null,"setup_state":"ready"},{"id":"a2dp:C9:5C:FD:6E:28:46","present":false,"connected":false,"adapter":"hci1","adapter_address":"A0:AD:9F:73:6C:24","setup_state":"ready"},{"id":"a2dp:50:D7:1B:74:34:D6","present":false,"connected":false,"adapter":"hci1","adapter_address":"A0:AD:9F:73:6C:24","setup_state":"ready"},{"id":"a2dp:98:47:44:CD:73:DE","present":false,"connected":false,"adapter":"hci0","adapter_address":"B8:27:EB:43:8D:51","setup_state":"needs_setup"}]}}
/org/bluez/hci0/dev_98_47_44_CD_73_DE b true
/org/bluez/hci1/dev_98_47_44_CD_73_DE absent
2026-08-24T18:58:52,251145147-04:00
{"state":"CALL_DOWN","call":false,"output":{"desired":"wired:alsa_output.platform-3f00b840.mailbox.stereo-fallback","chosen":"wired:alsa_output.platform-3f00b840.mailbox.stereo-fallback","reason":"desired output is available","candidates":[{"id":"wired:alsa_output.platform-3f00b840.mailbox.stereo-fallback","present":true,"connected":true,"adapter":null,"adapter_address":null,"setup_state":"ready"},{"id":"a2dp:C9:5C:FD:6E:28:46","present":false,"connected":false,"adapter":"hci1","adapter_address":"A0:AD:9F:73:6C:24","setup_state":"ready"},{"id":"a2dp:50:D7:1B:74:34:D6","present":false,"connected":false,"adapter":"hci1","adapter_address":"A0:AD:9F:73:6C:24","setup_state":"ready"},{"id":"a2dp:98:47:44:CD:73:DE","present":false,"connected":false,"adapter":"hci0","adapter_address":"B8:27:EB:43:8D:51","setup_state":"needs_setup"}]}}
/org/bluez/hci0/dev_98_47_44_CD_73_DE b true
/org/bluez/hci1/dev_98_47_44_CD_73_DE absent
2026-08-24T18:58:53,335641487-04:00
{"state":"CALL_DOWN","call":false,"output":{"desired":"wired:alsa_output.platform-3f00b840.mailbox.stereo-fallback","chosen":"wired:alsa_output.platform-3f00b840.mailbox.stereo-fallback","reason":"desired output is available","candidates":[{"id":"wired:alsa_output.platform-3f00b840.mailbox.stereo-fallback","present":true,"connected":true,"adapter":null,"adapter_address":null,"setup_state":"ready"},{"id":"a2dp:C9:5C:FD:6E:28:46","present":false,"connected":false,"adapter":"hci1","adapter_address":"A0:AD:9F:73:6C:24","setup_state":"ready"},{"id":"a2dp:50:D7:1B:74:34:D6","present":false,"connected":false,"adapter":"hci1","adapter_address":"A0:AD:9F:73:6C:24","setup_state":"ready"},{"id":"a2dp:98:47:44:CD:73:DE","present":false,"connected":false,"adapter":"hci0","adapter_address":"B8:27:EB:43:8D:51","setup_state":"needs_setup"}]}}
/org/bluez/hci0/dev_98_47_44_CD_73_DE b true
/org/bluez/hci1/dev_98_47_44_CD_73_DE absent
2026-08-24T18:58:54,408280289-04:00
{"state":"CALL_DOWN","call":false,"output":{"desired":"wired:alsa_output.platform-3f00b840.mailbox.stereo-fallback","chosen":"wired:alsa_output.platform-3f00b840.mailbox.stereo-fallback","reason":"desired output is available","candidates":[{"id":"wired:alsa_output.platform-3f00b840.mailbox.stereo-fallback","present":true,"connected":true,"adapter":null,"adapter_address":null,"setup_state":"ready"},{"id":"a2dp:C9:5C:FD:6E:28:46","present":false,"connected":false,"adapter":"hci1","adapter_address":"A0:AD:9F:73:6C:24","setup_state":"ready"},{"id":"a2dp:50:D7:1B:74:34:D6","present":false,"connected":false,"adapter":"hci1","adapter_address":"A0:AD:9F:73:6C:24","setup_state":"ready"},{"id":"a2dp:98:47:44:CD:73:DE","present":false,"connected":false,"adapter":"hci0","adapter_address":"B8:27:EB:43:8D:51","setup_state":"needs_setup"}]}}
/org/bluez/hci0/dev_98_47_44_CD_73_DE b true
/org/bluez/hci1/dev_98_47_44_CD_73_DE absent
2026-08-24T18:58:55,491051638-04:00
{"state":"CALL_DOWN","call":false,"output":{"desired":"wired:alsa_output.platform-3f00b840.mailbox.stereo-fallback","chosen":"wired:alsa_output.platform-3f00b840.mailbox.stereo-fallback","reason":"desired output is available","candidates":[{"id":"wired:alsa_output.platform-3f00b840.mailbox.stereo-fallback","present":true,"connected":true,"adapter":null,"adapter_address":null,"setup_state":"ready"},{"id":"a2dp:C9:5C:FD:6E:28:46","present":false,"connected":false,"adapter":"hci1","adapter_address":"A0:AD:9F:73:6C:24","setup_state":"ready"},{"id":"a2dp:50:D7:1B:74:34:D6","present":false,"connected":false,"adapter":"hci1","adapter_address":"A0:AD:9F:73:6C:24","setup_state":"ready"},{"id":"a2dp:98:47:44:CD:73:DE","present":false,"connected":false,"adapter":"hci0","adapter_address":"B8:27:EB:43:8D:51","setup_state":"needs_setup"}]}}
/org/bluez/hci0/dev_98_47_44_CD_73_DE b true
/org/bluez/hci1/dev_98_47_44_CD_73_DE absent
2026-08-24T18:58:56,563974708-04:00
{"state":"CALL_DOWN","call":false,"output":{"desired":"wired:alsa_output.platform-3f00b840.mailbox.stereo-fallback","chosen":"wired:alsa_output.platform-3f00b840.mailbox.stereo-fallback","reason":"desired output is available","candidates":[{"id":"wired:alsa_output.platform-3f00b840.mailbox.stereo-fallback","present":true,"connected":true,"adapter":null,"adapter_address":null,"setup_state":"ready"},{"id":"a2dp:C9:5C:FD:6E:28:46","present":false,"connected":false,"adapter":"hci1","adapter_address":"A0:AD:9F:73:6C:24","setup_state":"ready"},{"id":"a2dp:50:D7:1B:74:34:D6","present":false,"connected":false,"adapter":"hci1","adapter_address":"A0:AD:9F:73:6C:24","setup_state":"ready"},{"id":"a2dp:98:47:44:CD:73:DE","present":false,"connected":false,"adapter":"hci0","adapter_address":"B8:27:EB:43:8D:51","setup_state":"needs_setup"}]}}
/org/bluez/hci0/dev_98_47_44_CD_73_DE b true
/org/bluez/hci1/dev_98_47_44_CD_73_DE absent
2026-08-24T18:58:57,636776320-04:00
{"state":"CALL_DOWN","call":false,"output":{"desired":"wired:alsa_output.platform-3f00b840.mailbox.stereo-fallback","chosen":"wired:alsa_output.platform-3f00b840.mailbox.stereo-fallback","reason":"desired output is available","candidates":[{"id":"wired:alsa_output.platform-3f00b840.mailbox.stereo-fallback","present":true,"connected":true,"adapter":null,"adapter_address":null,"setup_state":"ready"},{"id":"a2dp:C9:5C:FD:6E:28:46","present":false,"connected":false,"adapter":"hci1","adapter_address":"A0:AD:9F:73:6C:24","setup_state":"ready"},{"id":"a2dp:50:D7:1B:74:34:D6","present":false,"connected":false,"adapter":"hci1","adapter_address":"A0:AD:9F:73:6C:24","setup_state":"ready"},{"id":"a2dp:98:47:44:CD:73:DE","present":false,"connected":false,"adapter":"hci0","adapter_address":"B8:27:EB:43:8D:51","setup_state":"needs_setup"}]}}
/org/bluez/hci0/dev_98_47_44_CD_73_DE b true
/org/bluez/hci1/dev_98_47_44_CD_73_DE absent
2026-08-24T18:58:58,709363662-04:00
{"state":"CALL_DOWN","call":false,"output":{"desired":"wired:alsa_output.platform-3f00b840.mailbox.stereo-fallback","chosen":"wired:alsa_output.platform-3f00b840.mailbox.stereo-fallback","reason":"desired output is available","candidates":[{"id":"wired:alsa_output.platform-3f00b840.mailbox.stereo-fallback","present":true,"connected":true,"adapter":null,"adapter_address":null,"setup_state":"ready"},{"id":"a2dp:C9:5C:FD:6E:28:46","present":false,"connected":false,"adapter":"hci1","adapter_address":"A0:AD:9F:73:6C:24","setup_state":"ready"},{"id":"a2dp:50:D7:1B:74:34:D6","present":false,"connected":false,"adapter":"hci1","adapter_address":"A0:AD:9F:73:6C:24","setup_state":"ready"},{"id":"a2dp:98:47:44:CD:73:DE","present":false,"connected":false,"adapter":"hci0","adapter_address":"B8:27:EB:43:8D:51","setup_state":"needs_setup"}]}}
/org/bluez/hci0/dev_98_47_44_CD_73_DE b true
/org/bluez/hci1/dev_98_47_44_CD_73_DE absent
2026-08-24T18:58:59,782148242-04:00
{"state":"CALL_DOWN","call":false,"output":{"desired":"wired:alsa_output.platform-3f00b840.mailbox.stereo-fallback","chosen":"wired:alsa_output.platform-3f00b840.mailbox.stereo-fallback","reason":"desired output is available","candidates":[{"id":"wired:alsa_output.platform-3f00b840.mailbox.stereo-fallback","present":true,"connected":true,"adapter":null,"adapter_address":null,"setup_state":"ready"},{"id":"a2dp:C9:5C:FD:6E:28:46","present":false,"connected":false,"adapter":"hci1","adapter_address":"A0:AD:9F:73:6C:24","setup_state":"ready"},{"id":"a2dp:50:D7:1B:74:34:D6","present":false,"connected":false,"adapter":"hci1","adapter_address":"A0:AD:9F:73:6C:24","setup_state":"ready"},{"id":"a2dp:98:47:44:CD:73:DE","present":false,"connected":false,"adapter":"hci0","adapter_address":"B8:27:EB:43:8D:51","setup_state":"needs_setup"}]}}
/org/bluez/hci0/dev_98_47_44_CD_73_DE b true
/org/bluez/hci1/dev_98_47_44_CD_73_DE absent
2026-08-24T18:59:00,855182194-04:00
{"state":"CALL_DOWN","call":false,"output":{"desired":"wired:alsa_output.platform-3f00b840.mailbox.stereo-fallback","chosen":"wired:alsa_output.platform-3f00b840.mailbox.stereo-fallback","reason":"desired output is available","candidates":[{"id":"wired:alsa_output.platform-3f00b840.mailbox.stereo-fallback","present":true,"connected":true,"adapter":null,"adapter_address":null,"setup_state":"ready"},{"id":"a2dp:C9:5C:FD:6E:28:46","present":false,"connected":false,"adapter":"hci1","adapter_address":"A0:AD:9F:73:6C:24","setup_state":"ready"},{"id":"a2dp:50:D7:1B:74:34:D6","present":false,"connected":false,"adapter":"hci1","adapter_address":"A0:AD:9F:73:6C:24","setup_state":"ready"},{"id":"a2dp:98:47:44:CD:73:DE","present":false,"connected":false,"adapter":"hci0","adapter_address":"B8:27:EB:43:8D:51","setup_state":"needs_setup"}]}}
/org/bluez/hci0/dev_98_47_44_CD_73_DE b true
/org/bluez/hci1/dev_98_47_44_CD_73_DE absent
2026-08-24T18:59:01,928600207-04:00
{"state":"CALL_DOWN","call":false,"output":{"desired":"wired:alsa_output.platform-3f00b840.mailbox.stereo-fallback","chosen":"wired:alsa_output.platform-3f00b840.mailbox.stereo-fallback","reason":"desired output is available","candidates":[{"id":"wired:alsa_output.platform-3f00b840.mailbox.stereo-fallback","present":true,"connected":true,"adapter":null,"adapter_address":null,"setup_state":"ready"},{"id":"a2dp:C9:5C:FD:6E:28:46","present":false,"connected":false,"adapter":"hci1","adapter_address":"A0:AD:9F:73:6C:24","setup_state":"ready"},{"id":"a2dp:50:D7:1B:74:34:D6","present":false,"connected":false,"adapter":"hci1","adapter_address":"A0:AD:9F:73:6C:24","setup_state":"ready"},{"id":"a2dp:98:47:44:CD:73:DE","present":false,"connected":false,"adapter":"hci0","adapter_address":"B8:27:EB:43:8D:51","setup_state":"needs_setup"}]}}
/org/bluez/hci0/dev_98_47_44_CD_73_DE b true
/org/bluez/hci1/dev_98_47_44_CD_73_DE absent
2026-08-24T18:59:03,001142859-04:00
{"state":"CALL_DOWN","call":false,"output":{"desired":"wired:alsa_output.platform-3f00b840.mailbox.stereo-fallback","chosen":"wired:alsa_output.platform-3f00b840.mailbox.stereo-fallback","reason":"desired output is available","candidates":[{"id":"wired:alsa_output.platform-3f00b840.mailbox.stereo-fallback","present":true,"connected":true,"adapter":null,"adapter_address":null,"setup_state":"ready"},{"id":"a2dp:C9:5C:FD:6E:28:46","present":false,"connected":false,"adapter":"hci1","adapter_address":"A0:AD:9F:73:6C:24","setup_state":"ready"},{"id":"a2dp:50:D7:1B:74:34:D6","present":false,"connected":false,"adapter":"hci1","adapter_address":"A0:AD:9F:73:6C:24","setup_state":"ready"},{"id":"a2dp:98:47:44:CD:73:DE","present":false,"connected":false,"adapter":"hci0","adapter_address":"B8:27:EB:43:8D:51","setup_state":"needs_setup"}]}}
/org/bluez/hci0/dev_98_47_44_CD_73_DE b true
/org/bluez/hci1/dev_98_47_44_CD_73_DE absent
2026-08-24T18:59:04,073957853-04:00
{"state":"CALL_DOWN","call":false,"output":{"desired":"wired:alsa_output.platform-3f00b840.mailbox.stereo-fallback","chosen":"wired:alsa_output.platform-3f00b840.mailbox.stereo-fallback","reason":"desired output is available","candidates":[{"id":"wired:alsa_output.platform-3f00b840.mailbox.stereo-fallback","present":true,"connected":true,"adapter":null,"adapter_address":null,"setup_state":"ready"},{"id":"a2dp:C9:5C:FD:6E:28:46","present":false,"connected":false,"adapter":"hci1","adapter_address":"A0:AD:9F:73:6C:24","setup_state":"ready"},{"id":"a2dp:50:D7:1B:74:34:D6","present":false,"connected":false,"adapter":"hci1","adapter_address":"A0:AD:9F:73:6C:24","setup_state":"ready"},{"id":"a2dp:98:47:44:CD:73:DE","present":false,"connected":false,"adapter":"hci0","adapter_address":"B8:27:EB:43:8D:51","setup_state":"needs_setup"}]}}
/org/bluez/hci0/dev_98_47_44_CD_73_DE b true
/org/bluez/hci1/dev_98_47_44_CD_73_DE absent
2026-08-24T18:59:05,146745711-04:00
{"state":"CALL_DOWN","call":false,"output":{"desired":"wired:alsa_output.platform-3f00b840.mailbox.stereo-fallback","chosen":"wired:alsa_output.platform-3f00b840.mailbox.stereo-fallback","reason":"desired output is available","candidates":[{"id":"wired:alsa_output.platform-3f00b840.mailbox.stereo-fallback","present":true,"connected":true,"adapter":null,"adapter_address":null,"setup_state":"ready"},{"id":"a2dp:C9:5C:FD:6E:28:46","present":false,"connected":false,"adapter":"hci1","adapter_address":"A0:AD:9F:73:6C:24","setup_state":"ready"},{"id":"a2dp:50:D7:1B:74:34:D6","present":false,"connected":false,"adapter":"hci1","adapter_address":"A0:AD:9F:73:6C:24","setup_state":"ready"},{"id":"a2dp:98:47:44:CD:73:DE","present":false,"connected":false,"adapter":"hci0","adapter_address":"B8:27:EB:43:8D:51","setup_state":"needs_setup"}]}}
/org/bluez/hci0/dev_98_47_44_CD_73_DE b true
/org/bluez/hci1/dev_98_47_44_CD_73_DE absent
2026-08-24T18:59:06,219507215-04:00
{"state":"CALL_DOWN","call":false,"output":{"desired":"wired:alsa_output.platform-3f00b840.mailbox.stereo-fallback","chosen":"wired:alsa_output.platform-3f00b840.mailbox.stereo-fallback","reason":"desired output is available","candidates":[{"id":"wired:alsa_output.platform-3f00b840.mailbox.stereo-fallback","present":true,"connected":true,"adapter":null,"adapter_address":null,"setup_state":"ready"},{"id":"a2dp:C9:5C:FD:6E:28:46","present":false,"connected":false,"adapter":"hci1","adapter_address":"A0:AD:9F:73:6C:24","setup_state":"ready"},{"id":"a2dp:50:D7:1B:74:34:D6","present":false,"connected":false,"adapter":"hci1","adapter_address":"A0:AD:9F:73:6C:24","setup_state":"ready"},{"id":"a2dp:98:47:44:CD:73:DE","present":false,"connected":false,"adapter":"hci0","adapter_address":"B8:27:EB:43:8D:51","setup_state":"needs_setup"}]}}
/org/bluez/hci0/dev_98_47_44_CD_73_DE b true
/org/bluez/hci1/dev_98_47_44_CD_73_DE absent
2026-08-24T18:59:07,291750961-04:00
{"state":"CALL_DOWN","call":false,"output":{"desired":"wired:alsa_output.platform-3f00b840.mailbox.stereo-fallback","chosen":"wired:alsa_output.platform-3f00b840.mailbox.stereo-fallback","reason":"desired output is available","candidates":[{"id":"wired:alsa_output.platform-3f00b840.mailbox.stereo-fallback","present":true,"connected":true,"adapter":null,"adapter_address":null,"setup_state":"ready"},{"id":"a2dp:C9:5C:FD:6E:28:46","present":false,"connected":false,"adapter":"hci1","adapter_address":"A0:AD:9F:73:6C:24","setup_state":"ready"},{"id":"a2dp:50:D7:1B:74:34:D6","present":false,"connected":false,"adapter":"hci1","adapter_address":"A0:AD:9F:73:6C:24","setup_state":"ready"},{"id":"a2dp:98:47:44:CD:73:DE","present":false,"connected":false,"adapter":"hci0","adapter_address":"B8:27:EB:43:8D:51","setup_state":"needs_setup"}]}}
/org/bluez/hci0/dev_98_47_44_CD_73_DE b true
/org/bluez/hci1/dev_98_47_44_CD_73_DE absent
2026-08-24T18:59:08,364171215-04:00
{"state":"CALL_DOWN","call":false,"output":{"desired":"wired:alsa_output.platform-3f00b840.mailbox.stereo-fallback","chosen":"wired:alsa_output.platform-3f00b840.mailbox.stereo-fallback","reason":"desired output is available","candidates":[{"id":"wired:alsa_output.platform-3f00b840.mailbox.stereo-fallback","present":true,"connected":true,"adapter":null,"adapter_address":null,"setup_state":"ready"},{"id":"a2dp:C9:5C:FD:6E:28:46","present":false,"connected":false,"adapter":"hci1","adapter_address":"A0:AD:9F:73:6C:24","setup_state":"ready"},{"id":"a2dp:50:D7:1B:74:34:D6","present":false,"connected":false,"adapter":"hci1","adapter_address":"A0:AD:9F:73:6C:24","setup_state":"ready"},{"id":"a2dp:98:47:44:CD:73:DE","present":false,"connected":false,"adapter":"hci0","adapter_address":"B8:27:EB:43:8D:51","setup_state":"needs_setup"}]}}
/org/bluez/hci0/dev_98_47_44_CD_73_DE b true
/org/bluez/hci1/dev_98_47_44_CD_73_DE absent
2026-08-24T18:59:09,437175581-04:00
{"state":"CALL_DOWN","call":false,"output":{"desired":"wired:alsa_output.platform-3f00b840.mailbox.stereo-fallback","chosen":"wired:alsa_output.platform-3f00b840.mailbox.stereo-fallback","reason":"desired output is available","candidates":[{"id":"wired:alsa_output.platform-3f00b840.mailbox.stereo-fallback","present":true,"connected":true,"adapter":null,"adapter_address":null,"setup_state":"ready"},{"id":"a2dp:C9:5C:FD:6E:28:46","present":false,"connected":false,"adapter":"hci1","adapter_address":"A0:AD:9F:73:6C:24","setup_state":"ready"},{"id":"a2dp:50:D7:1B:74:34:D6","present":false,"connected":false,"adapter":"hci1","adapter_address":"A0:AD:9F:73:6C:24","setup_state":"ready"},{"id":"a2dp:98:47:44:CD:73:DE","present":false,"connected":false,"adapter":"hci0","adapter_address":"B8:27:EB:43:8D:51","setup_state":"needs_setup"}]}}
/org/bluez/hci0/dev_98_47_44_CD_73_DE b true
/org/bluez/hci1/dev_98_47_44_CD_73_DE absent
2026-08-24T18:59:10,510307810-04:00
{"state":"CALL_DOWN","call":false,"output":{"desired":"wired:alsa_output.platform-3f00b840.mailbox.stereo-fallback","chosen":"wired:alsa_output.platform-3f00b840.mailbox.stereo-fallback","reason":"desired output is available","candidates":[{"id":"wired:alsa_output.platform-3f00b840.mailbox.stereo-fallback","present":true,"connected":true,"adapter":null,"adapter_address":null,"setup_state":"ready"},{"id":"a2dp:C9:5C:FD:6E:28:46","present":false,"connected":false,"adapter":"hci1","adapter_address":"A0:AD:9F:73:6C:24","setup_state":"ready"},{"id":"a2dp:50:D7:1B:74:34:D6","present":false,"connected":false,"adapter":"hci1","adapter_address":"A0:AD:9F:73:6C:24","setup_state":"ready"},{"id":"a2dp:98:47:44:CD:73:DE","present":false,"connected":false,"adapter":"hci0","adapter_address":"B8:27:EB:43:8D:51","setup_state":"needs_setup"}]}}
/org/bluez/hci0/dev_98_47_44_CD_73_DE b true
/org/bluez/hci1/dev_98_47_44_CD_73_DE absent
2026-08-24T18:59:11,583146914-04:00
{"state":"CALL_DOWN","call":false,"output":{"desired":"wired:alsa_output.platform-3f00b840.mailbox.stereo-fallback","chosen":"wired:alsa_output.platform-3f00b840.mailbox.stereo-fallback","reason":"desired output is available","candidates":[{"id":"wired:alsa_output.platform-3f00b840.mailbox.stereo-fallback","present":true,"connected":true,"adapter":null,"adapter_address":null,"setup_state":"ready"},{"id":"a2dp:C9:5C:FD:6E:28:46","present":false,"connected":false,"adapter":"hci1","adapter_address":"A0:AD:9F:73:6C:24","setup_state":"ready"},{"id":"a2dp:50:D7:1B:74:34:D6","present":false,"connected":false,"adapter":"hci1","adapter_address":"A0:AD:9F:73:6C:24","setup_state":"ready"},{"id":"a2dp:98:47:44:CD:73:DE","present":false,"connected":false,"adapter":"hci0","adapter_address":"B8:27:EB:43:8D:51","setup_state":"needs_setup"}]}}
/org/bluez/hci0/dev_98_47_44_CD_73_DE b true
/org/bluez/hci1/dev_98_47_44_CD_73_DE absent
2026-08-24T18:59:12,656226799-04:00
{"state":"CALL_DOWN","call":false,"output":{"desired":"wired:alsa_output.platform-3f00b840.mailbox.stereo-fallback","chosen":"wired:alsa_output.platform-3f00b840.mailbox.stereo-fallback","reason":"desired output is available","candidates":[{"id":"wired:alsa_output.platform-3f00b840.mailbox.stereo-fallback","present":true,"connected":true,"adapter":null,"adapter_address":null,"setup_state":"ready"},{"id":"a2dp:C9:5C:FD:6E:28:46","present":false,"connected":false,"adapter":"hci1","adapter_address":"A0:AD:9F:73:6C:24","setup_state":"ready"},{"id":"a2dp:50:D7:1B:74:34:D6","present":false,"connected":false,"adapter":"hci1","adapter_address":"A0:AD:9F:73:6C:24","setup_state":"ready"},{"id":"a2dp:98:47:44:CD:73:DE","present":false,"connected":false,"adapter":"hci0","adapter_address":"B8:27:EB:43:8D:51","setup_state":"needs_setup"}]}}
/org/bluez/hci0/dev_98_47_44_CD_73_DE b true
/org/bluez/hci1/dev_98_47_44_CD_73_DE absent
