2026-08-25T16:04:40,858709616-04:00
uid=1000(admin) gid=1000(admin) groups=1000(admin),4(adm),20(dialout),24(cdrom),27(sudo),29(audio),44(video),46(plugdev),60(games),100(users),102(netdev),103(bluetooth),986(gpio),988(i2c),989(spi),992(render),996(input),999(systemd-journal),1001(lpadmin)
/dev/mmcblk0p2 ext4 ro,relatime
active
inactive
active
inactive
active
active
active
--- bridge-status ---
{
  "timestamp": 1787688278.9174833,
  "state": "CALL_DOWN",
  "generation": 1,
  "call": {
    "hfp_nodes_present": false,
    "raw_hfp_nodes_present": false,
    "controller_binding_accepted": true,
    "controller_binding_error": null
  },
  "endpoints": {
    "lark": "alsa_input.usb-Shenzhen_Hollyland_Technology_Co._Ltd_Wireless_Microphone_Wireless_Microphone-01.analog-stereo",
    "hfp_source": null,
    "hfp_sink": null,
    "wired_output": "alsa_output.platform-3f00b840.mailbox.stereo-fallback"
  },
  "aec": {
    "enabled": false,
    "method": "webrtc",
    "rate": 48000,
    "channels": 1,
    "node_latency_frames": 1920,
    "play_delay_frames": null,
    "verified": false,
    "module_backend": null,
    "owner_pid": null
  },
  "wired_output_volume": {
    "required": true,
    "target": null,
    "desired": 0.85,
    "observed": null,
    "verified": false,
    "error": null
  },
  "graph": {
    "expected_links": [],
    "missing_links": [],
    "unexpected_links": []
  },
  "attempts": 0,
  "last_failure": null,
  "config_path": "/home/admin/rpi-lark-bridge/config/bridge.toml",
  "controllers": {
    "policy": "transitional",
    "transitional_uart_call": false,
    "ready": true,
    "call": {
      "required": true,
      "configured": true,
      "configured_address": "A0:AD:9F:73:6C:24",
      "expected_bus": "USB",
      "expected_usb_id": "0b05:1bf6",
      "expected_product": "ASUS USB-BT500",
      "observed_address": "A0:AD:9F:73:6C:24",
      "observed_bus": "USB",
      "observed_usb_id": "0b05:1bf6",
      "hci": "hci0",
      "bluez_path": "/org/bluez/hci0",
      "sysfs_path": "1-1.5",
      "usb_parent": "1-1.5",
      "usb_interface": "1-1.5:1.0",
      "driver": "btusb",
      "product": "Bluetooth Controller",
      "manufacturer": "Realtek",
      "rfkill_index": 3,
      "ready": true,
      "reason": null,
      "error": null
    },
    "output": {
      "required": false,
      "configured": false,
      "configured_address": null,
      "expected_bus": null,
      "expected_usb_id": null,
      "expected_product": null,
      "observed_address": null,
      "observed_bus": null,
      "observed_usb_id": null,
      "hci": null,
      "bluez_path": null,
      "sysfs_path": null,
      "usb_parent": null,
      "usb_interface": null,
      "driver": null,
      "product": null,
      "manufacturer": null,
      "rfkill_index": null,
      "ready": true,
      "reason": "wired-output",
      "error": null
    }
  },
  "system": {
    "temperature_c": 44.55,
    "mem_available_kib": 732828,
    "throttled": "throttled=0x0",
    "arm_clock": "frequency(48)=1200000000"
  },
  "output": {
    "candidates": [
      {
        "id": "wired:alsa_output.platform-3f00b840.mailbox.stereo-fallback",
        "kind": "wired",
        "label": "Built-in Audio Stereo",
        "node": "alsa_output.platform-3f00b840.mailbox.stereo-fallback",
        "present": true,
        "connected": true,
        "adapter": null,
        "adapter_address": null,
        "address": null,
        "setup_state": "ready"
      },
      {
        "id": "a2dp:C9:5C:FD:6E:28:46",
        "kind": "a2dp",
        "label": "Boombox",
        "node": null,
        "present": false,
        "connected": false,
        "adapter": "hci0",
        "adapter_address": "A0:AD:9F:73:6C:24",
        "address": "C9:5C:FD:6E:28:46",
        "setup_state": "needs_setup"
      },
      {
        "id": "a2dp:50:D7:1B:74:34:D6",
        "kind": "a2dp",
        "label": "iWorld",
        "node": null,
        "present": false,
        "connected": false,
        "adapter": "hci0",
        "adapter_address": "A0:AD:9F:73:6C:24",
        "address": "50:D7:1B:74:34:D6",
        "setup_state": "needs_setup"
      },
      {
        "id": "a2dp:98:47:44:CD:73:DE",
        "kind": "a2dp",
        "label": "Soundcore Space A40",
        "node": null,
        "present": false,
        "connected": false,
        "adapter": "hci0",
        "adapter_address": "A0:AD:9F:73:6C:24",
        "address": "98:47:44:CD:73:DE",
        "setup_state": "needs_setup"
      }
    ],
    "chosen": {
      "id": "wired:alsa_output.platform-3f00b840.mailbox.stereo-fallback",
      "kind": "wired",
      "label": "Built-in Audio Stereo",
      "node": "alsa_output.platform-3f00b840.mailbox.stereo-fallback",
      "present": true,
      "connected": true,
      "adapter": null,
      "adapter_address": null,
      "address": null,
      "setup_state": "ready"
    },
    "reason": "desired output is available",
    "desired_id": "wired:alsa_output.platform-3f00b840.mailbox.stereo-fallback",
    "desired_available": true
  },
  "mode": "bluetooth-wired"
}
--- storage-health ---
{"config_slot":"b","config_source":"slot-b","mount":"/dev/mmcblk0p3 mounted ext4,rw","pairing_action":"live-valid","pairing_slot":null,"persistent":true,"reasons":[],"schema":1,"seed_action":"existing","state":"READY"}
--- active-config-sha256 ---
3e7eaba97b35100e6e7230838fb255173789ef21934f36e8021f9a63909eaa68  /home/admin/rpi-lark-bridge/config/bridge.toml
--- durable-configs ---
7a0ea39c6144d352e889d4f541adf9afcbcffa5e78f3036b4e9ddda22c7bbde2  /var/lib/larkbridge-persist/config/slot-a/bridge.toml
4ace27f7e31658cedfee7c306b4af0dfd108c2bdee51ceee868e4bd4415445ef  /var/lib/larkbridge-persist/config/slot-b/bridge.toml
--- a40-hci0 ---
NAME               TYPE      SIGNATURE RESULT/VALUE                                                                                                                                                                                                                                                                                                                                                                                                                                                                                                                                                                                                FLAGS
.CancelPairing     method    -         -                                                                                                                                                                                                                                                                                                                                                                                                                                                                                                                                                                                                           -
.Connect           method    -         -                                                                                                                                                                                                                                                                                                                                                                                                                                                                                                                                                                                                           -
.ConnectProfile    method    s         -                                                                                                                                                                                                                                                                                                                                                                                                                                                                                                                                                                                                           -
.Disconnect        method    -         -                                                                                                                                                                                                                                                                                                                                                                                                                                                                                                                                                                                                           -
.DisconnectProfile method    s         -                                                                                                                                                                                                                                                                                                                                                                                                                                                                                                                                                                                                           -
.Pair              method    -         -                                                                                                                                                                                                                                                                                                                                                                                                                                                                                                                                                                                                           -
.Adapter           property  o         "/org/bluez/hci0"                                                                                                                                                                                                                                                                                                                                                                                                                                                                                                                                                                                           emits-change
.Address           property  s         "98:47:44:CD:73:DE"                                                                                                                                                                                                                                                                                                                                                                                                                                                                                                                                                                                         emits-change
.AddressType       property  s         "public"                                                                                                                                                                                                                                                                                                                                                                                                                                                                                                                                                                                                    emits-change
.AdvertisingData   property  a{yv}     -                                                                                                                                                                                                                                                                                                                                                                                                                                                                                                                                                                                                           emits-change
.AdvertisingFlags  property  ay        -                                                                                                                                                                                                                                                                                                                                                                                                                                                                                                                                                                                                           emits-change
.Alias             property  s         "Soundcore Space A40"                                                                                                                                                                                                                                                                                                                                                                                                                                                                                                                                                                                       emits-change writable
.Appearance        property  q         -                                                                                                                                                                                                                                                                                                                                                                                                                                                                                                                                                                                                           emits-change
.Blocked           property  b         false                                                                                                                                                                                                                                                                                                                                                                                                                                                                                                                                                                                                       emits-change writable
.Bonded            property  b         true                                                                                                                                                                                                                                                                                                                                                                                                                                                                                                                                                                                                        emits-change
.Class             property  u         2393092                                                                                                                                                                                                                                                                                                                                                                                                                                                                                                                                                                                                     emits-change
.Connected         property  b         false                                                                                                                                                                                                                                                                                                                                                                                                                                                                                                                                                                                                       emits-change
.Icon              property  s         "audio-headset"                                                                                                                                                                                                                                                                                                                                                                                                                                                                                                                                                                                             emits-change
.LegacyPairing     property  b         false                                                                                                                                                                                                                                                                                                                                                                                                                                                                                                                                                                                                       emits-change
.ManufacturerData  property  a{qv}     -                                                                                                                                                                                                                                                                                                                                                                                                                                                                                                                                                                                                           emits-change
.Modalias          property  s         -                                                                                                                                                                                                                                                                                                                                                                                                                                                                                                                                                                                                           emits-change
.Name              property  s         "Soundcore Space A40"                                                                                                                                                                                                                                                                                                                                                                                                                                                                                                                                                                                       emits-change
.Paired            property  b         true                                                                                                                                                                                                                                                                                                                                                                                                                                                                                                                                                                                                        emits-change
.RSSI              property  n         -                                                                                                                                                                                                                                                                                                                                                                                                                                                                                                                                                                                                           emits-change
.ServiceData       property  a{sv}     -                                                                                                                                                                                                                                                                                                                                                                                                                                                                                                                                                                                                           emits-change
.ServicesResolved  property  b         false                                                                                                                                                                                                                                                                                                                                                                                                                                                                                                                                                                                                       emits-change
.Sets              property  a{oa{sv}} -                                                                                                                                                                                                                                                                                                                                                                                                                                                                                                                                                                                                           emits-change
.Trusted           property  b         true                                                                                                                                                                                                                                                                                                                                                                                                                                                                                                                                                                                                        emits-change writable
.TxPower           property  n         -                                                                                                                                                                                                                                                                                                                                                                                                                                                                                                                                                                                                           emits-change
.UUIDs             property  as        15 "00001000-0000-1000-8000-00805f9b34fb" "00001101-0000-1000-8000-00805f9b34fb" "0000110b-0000-1000-8000-00805f9b34fb" "0000110c-0000-1000-8000-00805f9b34fb" "0000110e-0000-1000-8000-00805f9b34fb" "0000110f-0000-1000-8000-00805f9b34fb" "0000111e-0000-1000-8000-00805f9b34fb" "0000112e-0000-1000-8000-00805f9b34fb" "00001133-0000-1000-8000-00805f9b34fb" "00001200-0000-1000-8000-00805f9b34fb" "00001203-0000-1000-8000-00805f9b34fb" "00007034-0000-1000-8000-00805f9b34fb" "00007056-0000-1000-8000-00805f9b34fb" "0cf12d31-fac3-4553-bd80-d6832e7b3936" "df21fe2c-2515-4fdb-8886-f12c4d67927c" emits-change
.WakeAllowed       property  b         -                                                                                                                                                                                                                                                                                                                                                                                                                                                                                                                                                                                                           emits-change writable
--- a40-hci1 ---
NAME TYPE SIGNATURE RESULT/VALUE FLAGS
--- bluez-tree ---
└─ /org
  └─ /org/bluez
    ├─ /org/bluez/hci0
    │ ├─ /org/bluez/hci0/dev_50_D7_1B_74_34_D6
    │ ├─ /org/bluez/hci0/dev_5C_33_7B_CB_BF_C5
    │ ├─ /org/bluez/hci0/dev_98_47_44_CD_73_DE
    │ └─ /org/bluez/hci0/dev_C9_5C_FD_6E_28_46
    ├─ /org/bluez/hci2
    │ ├─ /org/bluez/hci2/dev_50_D7_1B_74_34_D6
    │ ├─ /org/bluez/hci2/dev_5C_33_7B_CB_BF_C5
    │ └─ /org/bluez/hci2/dev_98_47_44_CD_73_DE
    └─ /org/bluez/test
--- pipewire-status ---
PipeWire 'pipewire-0' [1.4.2, admin@larkbridge, cookie:1142510819]
 └─ Clients:
        34. pipewire                            [1.4.2, admin@larkbridge, pid:580]
        62. WirePlumber [export]                [1.4.2, admin@larkbridge, pid:1360]
        79. WirePlumber                         [1.4.2, admin@larkbridge, pid:1360]
        81. wpctl                               [1.4.2, admin@larkbridge, pid:32444]

Audio
 ├─ Devices:
 │      59. alsa_card.usb-Shenzhen_Hollyland_Technology_Co._Ltd_Wireless_Microphone_Wireless_Microphone-01 [alsa]
 │      60. alsa_card.platform-3f902000.hdmi    [alsa]
 │      61. alsa_card.platform-3f00b840.mailbox [alsa]
 │  
 ├─ Sinks:
 │  *   71. alsa_output.platform-3f00b840.mailbox.stereo-fallback [vol: 0.85]
 │  
 ├─ Sources:
 │  *   55. alsa_input.usb-Shenzhen_Hollyland_Technology_Co._Ltd_Wireless_Microphone_Wireless_Microphone-01.analog-stereo [vol: 1.00]
 │  
 ├─ Filters:
 │  
 └─ Streams:

Video
 ├─ Devices:
 │      35. v4l2_device.platform-3f00b840.mailbox [v4l2]
 │      44. v4l2_device.platform-3f00b840.mailbox [v4l2]
 │      46. v4l2_device.platform-3f00b840.mailbox [v4l2]
 │      47. v4l2_device.platform-3f00b840.mailbox [v4l2]
 │      48. v4l2_device.platform-3f00b840.mailbox [v4l2]
 │      63. v4l2_device.platform-3f00b840.mailbox [v4l2]
 │      64. v4l2_device.platform-3f00b840.mailbox [v4l2]
 │      65. v4l2_device.platform-3f00b840.mailbox [v4l2]
 │      66. v4l2_device.platform-3f00b840.mailbox [v4l2]
 │      67. v4l2_device.platform-3f00b840.mailbox [v4l2]
 │      68. v4l2_device.platform-3f00b840.mailbox [v4l2]
 │      69. v4l2_device.platform-3f00b840.mailbox [v4l2]
 │      70. v4l2_device.platform-3f00b840.mailbox [v4l2]
 │  
 ├─ Sinks:
 │  
 ├─ Sources:
 │  *   33. v4l2_input.platform-3f00b840.mailbox
 │      37. v4l2_input.platform-3f00b840.mailbox
 │      39. v4l2_input.platform-3f00b840.mailbox
 │      41. v4l2_input.platform-3f00b840.mailbox
 │  
 ├─ Filters:
 │  
 └─ Streams:

Settings
 └─ Default Configured Devices:
--- pipewire-graph ---
[
  {
    "id": 0,
    "type": "PipeWire:Interface:Core",
    "version": 4,
    "permissions": [ "r", "x", "m" ],
    "info": {
      "cookie": 1142510819,
      "user-name": "admin",
      "host-name": "larkbridge",
      "version": "1.4.2",
      "name": "pipewire-0",
      "change-mask": [ "props" ],
      "props": {
        "application.language": "en_GB.UTF-8",
        "application.name": "pipewire",
        "application.process.binary": "pipewire",
        "application.process.host": "larkbridge",
        "application.process.id": 572,
        "application.process.user": "admin",
        "clock.power-of-two-quantum": true,
        "config.name": "pipewire.conf",
        "core.daemon": true,
        "core.name": "pipewire-0",
        "cpu.max-align": 16,
        "default.clock.allowed-rates": "[ 48000 ]",
        "default.clock.max-quantum": 2048,
        "default.clock.min-quantum": 256,
        "default.clock.quantum": 2048,
        "default.clock.quantum-floor": 4,
        "default.clock.quantum-limit": 8192,
        "default.clock.rate": 48000,
        "default.video.height": 480,
        "default.video.rate.denom": 1,
        "default.video.rate.num": 25,
        "default.video.width": 640,
        "link.max-buffers": 16,
        "log.level": 2,
        "mem.allow-mlock": true,
        "mem.warn-mlock": false,
        "object.id": 0,
        "object.serial": 0,
        "resample.disable": false,
        "resample.quality": 4,
        "settings.check-quantum": false,
        "settings.check-rate": false
      }
    }
  },
  {
    "id": 1,
    "type": "PipeWire:Interface:Module",
    "version": 3,
    "permissions": [ "r", "m" ],
    "info": {
      "name": "libpipewire-module-rt",
      "filename": "/usr/lib/aarch64-linux-gnu/pipewire-0.3/libpipewire-module-rt.so",
      "args": "{\n            nice.level    = -11\n            rt.prio       = 88\n            #rt.time.soft = -1\n            #rt.time.hard = -1\n            #uclamp.min = 0\n            #uclamp.max = 1024\n        }",
      "change-mask": [ "props" ],
      "props": {
        "module.author": "Wim Taymans <wim.taymans@gmail.com>",
        "module.description": "Use realtime thread scheduling, falling back to RTKit",
        "module.name": "libpipewire-module-rt",
        "module.usage": "( nice.level=<priority: default 20(don't change)> ) ( rt.prio=<priority: default 83> ) ( rt.time.soft=<in usec: default -1> ) ( rt.time.hard=<in usec: default -1> ) ( rlimits.enabled=<default true> ) ( rtportal.enabled=<default true> ) ( rtkit.enabled=<default true> ) ( uclamp.min=<default 0> ) ( uclamp.max=<default 1024> )",
        "module.version": "1.4.2",
        "nice.level": -11,
        "object.id": 1,
        "object.serial": 1,
        "rt.prio": 88
      }
    }
  },
  {
    "id": 3,
    "type": "PipeWire:Interface:SecurityContext",
    "version": 3,
    "permissions": [ "r", "w", "x" ],
    "props": {
      "object.serial": 3
    }
  },
  {
    "id": 2,
    "type": "PipeWire:Interface:Module",
    "version": 3,
    "permissions": [ "r", "m" ],
    "info": {
      "name": "libpipewire-module-protocol-native",
      "filename": "/usr/lib/aarch64-linux-gnu/pipewire-0.3/libpipewire-module-protocol-native.so",
      "args": "{\n            # List of server Unix sockets, and optionally permissions\n            #sockets = [ { name = \"pipewire-0\" }, { name = \"pipewire-0-manager\" } ]\n        }",
      "change-mask": [ "props" ],
      "props": {
        "module.author": "Wim Taymans <wim.taymans@gmail.com>",
        "module.description": "Native protocol using unix sockets",
        "module.name": "libpipewire-module-protocol-native",
        "module.version": "1.4.2",
        "object.id": 2,
        "object.serial": 2
      }
    }
  },
  {
    "id": 5,
    "type": "PipeWire:Interface:Profiler",
    "version": 3,
    "permissions": [ "r" ],
    "props": {
      "object.serial": 5
    }
  },
  {
    "id": 4,
    "type": "PipeWire:Interface:Module",
    "version": 3,
    "permissions": [ "r", "m" ],
    "info": {
      "name": "libpipewire-module-profiler",
      "filename": "/usr/lib/aarch64-linux-gnu/pipewire-0.3/libpipewire-module-profiler.so",
      "args": "{\n            #profile.interval.ms = 0\n        }",
      "change-mask": [ "props" ],
      "props": {
        "module.author": "Wim Taymans <wim.taymans@gmail.com>",
        "module.description": "Generate Profiling data",
        "module.name": "libpipewire-module-profiler",
        "module.usage": "( profile.interval.ms=<minimum interval for sampling data (in ms) ) ",
        "module.version": "1.4.2",
        "object.id": 4,
        "object.serial": 4
      }
    }
  },
  {
    "id": 6,
    "type": "PipeWire:Interface:Module",
    "version": 3,
    "permissions": [ "r", "m" ],
    "info": {
      "name": "libpipewire-module-metadata",
      "filename": "/usr/lib/aarch64-linux-gnu/pipewire-0.3/libpipewire-module-metadata.so",
      "args": null,
      "change-mask": [ "props" ],
      "props": {
        "module.author": "Wim Taymans <wim.taymans@gmail.com>",
        "module.description": "Allow clients to create metadata store",
        "module.name": "libpipewire-module-metadata",
        "module.version": "1.4.2",
        "object.id": 6,
        "object.serial": 6
      }
    }
  },
  {
    "id": 7,
    "type": "PipeWire:Interface:Factory",
    "version": 3,
    "permissions": [ "r", "m" ],
    "info": {
      "name": "metadata",
      "type": "PipeWire:Interface:Metadata",
      "version": 3,
      "change-mask": [ "props" ],
      "props": {
        "factory.name": "metadata",
        "factory.type.name": "PipeWire:Interface:Metadata",
        "factory.type.version": 3,
        "factory.usage": "(metadata.name = <name> ) (metadata.values = [    { ( id = <int> ) key = <string> ( type = <string> ) value = <json> }    ...  ] )",
        "module.id": 6,
        "object.id": 7,
        "object.serial": 7
      }
    }
  },
  {
    "id": 8,
    "type": "PipeWire:Interface:Module",
    "version": 3,
    "permissions": [ "r", "m" ],
    "info": {
      "name": "libpipewire-module-spa-device-factory",
      "filename": "/usr/lib/aarch64-linux-gnu/pipewire-0.3/libpipewire-module-spa-device-factory.so",
      "args": null,
      "change-mask": [ "props" ],
      "props": {
        "module.author": "Wim Taymans <wim.taymans@gmail.com>",
        "module.description": "Provide a factory to make SPA devices",
        "module.name": "libpipewire-module-spa-device-factory",
        "module.version": "1.4.2",
        "object.id": 8,
        "object.serial": 8
      }
    }
  },
  {
    "id": 9,
    "type": "PipeWire:Interface:Factory",
    "version": 3,
    "permissions": [ "r", "m" ],
    "info": {
      "name": "spa-device-factory",
      "type": "PipeWire:Interface:Device",
      "version": 3,
      "change-mask": [ "props" ],
      "props": {
        "factory.name": "spa-device-factory",
        "factory.type.name": "PipeWire:Interface:Device",
        "factory.type.version": 3,
        "module.id": 8,
        "object.id": 9,
        "object.serial": 9
      }
    }
  },
  {
    "id": 10,
    "type": "PipeWire:Interface:Module",
    "version": 3,
    "permissions": [ "r", "m" ],
    "info": {
      "name": "libpipewire-module-spa-node-factory",
      "filename": "/usr/lib/aarch64-linux-gnu/pipewire-0.3/libpipewire-module-spa-node-factory.so",
      "args": null,
      "change-mask": [ "props" ],
      "props": {
        "module.author": "Wim Taymans <wim.taymans@gmail.com>",
        "module.description": "Provide a factory to make SPA nodes",
        "module.name": "libpipewire-module-spa-node-factory",
        "module.version": "1.4.2",
        "object.id": 10,
        "object.serial": 10
      }
    }
  },
  {
    "id": 11,
    "type": "PipeWire:Interface:Factory",
    "version": 3,
    "permissions": [ "r", "m" ],
    "info": {
      "name": "spa-node-factory",
      "type": "PipeWire:Interface:Node",
      "version": 3,
      "change-mask": [ "props" ],
      "props": {
        "factory.name": "spa-node-factory",
        "factory.type.name": "PipeWire:Interface:Node",
        "factory.type.version": 3,
        "module.id": 10,
        "object.id": 11,
        "object.serial": 11
      }
    }
  },
  {
    "id": 12,
    "type": "PipeWire:Interface:Module",
    "version": 3,
    "permissions": [ "r", "m" ],
    "info": {
      "name": "libpipewire-module-client-node",
      "filename": "/usr/lib/aarch64-linux-gnu/pipewire-0.3/libpipewire-module-client-node.so",
      "args": null,
      "change-mask": [ "props" ],
      "props": {
        "module.author": "Wim Taymans <wim.taymans@gmail.com>",
        "module.description": "Allow clients to create and control remote nodes",
        "module.name": "libpipewire-module-client-node",
        "module.version": "1.4.2",
        "object.id": 12,
        "object.serial": 12
      }
    }
  },
  {
    "id": 13,
    "type": "PipeWire:Interface:Factory",
    "version": 3,
    "permissions": [ "r", "m" ],
    "info": {
      "name": "client-node",
      "type": "PipeWire:Interface:ClientNode",
      "version": 6,
      "change-mask": [ "props" ],
      "props": {
        "factory.name": "client-node",
        "factory.type.name": "PipeWire:Interface:ClientNode",
        "factory.type.version": 6,
        "module.id": 12,
        "object.id": 13,
        "object.serial": 13
      }
    }
  },
  {
    "id": 14,
    "type": "PipeWire:Interface:Module",
    "version": 3,
    "permissions": [ "r", "m" ],
    "info": {
      "name": "libpipewire-module-client-device",
      "filename": "/usr/lib/aarch64-linux-gnu/pipewire-0.3/libpipewire-module-client-device.so",
      "args": null,
      "change-mask": [ "props" ],
      "props": {
        "module.author": "Wim Taymans <wim.taymans@gmail.com>",
        "module.description": "Allow clients to create and control remote devices",
        "module.name": "libpipewire-module-client-device",
        "module.version": "1.4.2",
        "object.id": 14,
        "object.serial": 14
      }
    }
  },
  {
    "id": 15,
    "type": "PipeWire:Interface:Factory",
    "version": 3,
    "permissions": [ "r", "m" ],
    "info": {
      "name": "client-device",
      "type": "Spa:Pointer:Interface:Device",
      "version": 0,
      "change-mask": [ "props" ],
      "props": {
        "factory.name": "client-device",
        "factory.type.name": "Spa:Pointer:Interface:Device",
        "factory.type.version": 0,
        "factory.usage": "[device.name=<string>]",
        "module.id": 14,
        "object.id": 15,
        "object.serial": 15
      }
    }
  },
  {
    "id": 16,
    "type": "PipeWire:Interface:Module",
    "version": 3,
    "permissions": [ "r", "m" ],
    "info": {
      "name": "libpipewire-module-portal",
      "filename": "/usr/lib/aarch64-linux-gnu/pipewire-0.3/libpipewire-module-portal.so",
      "args": null,
      "change-mask": [ "props" ],
      "props": {
        "module.name": "libpipewire-module-portal",
        "object.id": 16,
        "object.serial": 16
      }
    }
  },
  {
    "id": 17,
    "type": "PipeWire:Interface:Module",
    "version": 3,
    "permissions": [ "r", "m" ],
    "info": {
      "name": "libpipewire-module-access",
      "filename": "/usr/lib/aarch64-linux-gnu/pipewire-0.3/libpipewire-module-access.so",
      "args": "{\n            # Socket-specific access permissions\n            #access.socket = { pipewire-0 = \"default\", pipewire-0-manager = \"unrestricted\" }\n\n            # Deprecated legacy mode (not socket-based),\n            # for now enabled by default if access.socket is not specified\n            #access.legacy = true\n        }",
      "change-mask": [ "props" ],
      "props": {
        "module.author": "Wim Taymans <wim.taymans@gmail.com>",
        "module.description": "Perform access check",
        "module.name": "libpipewire-module-access",
        "module.usage": "( access.socket={ <socket>=<access>, ... } ) ( access.legacy=true ) ",
        "module.version": "1.4.2",
        "object.id": 17,
        "object.serial": 17
      }
    }
  },
  {
    "id": 18,
    "type": "PipeWire:Interface:Module",
    "version": 3,
    "permissions": [ "r", "m" ],
    "info": {
      "name": "libpipewire-module-adapter",
      "filename": "/usr/lib/aarch64-linux-gnu/pipewire-0.3/libpipewire-module-adapter.so",
      "args": null,
      "change-mask": [ "props" ],
      "props": {
        "module.author": "Wim Taymans <wim.taymans@gmail.com>",
        "module.description": "Manage adapter nodes",
        "module.name": "libpipewire-module-adapter",
        "module.version": "1.4.2",
        "object.id": 18,
        "object.serial": 18
      }
    }
  },
  {
    "id": 19,
    "type": "PipeWire:Interface:Factory",
    "version": 3,
    "permissions": [ "r", "m" ],
    "info": {
      "name": "adapter",
      "type": "PipeWire:Interface:Node",
      "version": 3,
      "change-mask": [ "props" ],
      "props": {
        "factory.name": "adapter",
        "factory.type.name": "PipeWire:Interface:Node",
        "factory.type.version": 3,
        "factory.usage": "factory.name=<factory-name> (library.name=<library-name>) node.name=<string> ",
        "module.id": 18,
        "object.id": 19,
        "object.serial": 19
      }
    }
  },
  {
    "id": 20,
    "type": "PipeWire:Interface:Module",
    "version": 3,
    "permissions": [ "r", "m" ],
    "info": {
      "name": "libpipewire-module-link-factory",
      "filename": "/usr/lib/aarch64-linux-gnu/pipewire-0.3/libpipewire-module-link-factory.so",
      "args": "{\n            #allow.link.passive = false\n\t}",
      "change-mask": [ "props" ],
      "props": {
        "module.author": "Wim Taymans <wim.taymans@gmail.com>",
        "module.description": "Allow clients to create links",
        "module.name": "libpipewire-module-link-factory",
        "module.usage": "( allow.link.passive=<bool, default false> ) ",
        "module.version": "1.4.2",
        "object.id": 20,
        "object.serial": 20
      }
    }
  },
  {
    "id": 21,
    "type": "PipeWire:Interface:Factory",
    "version": 3,
    "permissions": [ "r", "m" ],
    "info": {
      "name": "link-factory",
      "type": "PipeWire:Interface:Link",
      "version": 3,
      "change-mask": [ "props" ],
      "props": {
        "factory.name": "link-factory",
        "factory.type.name": "PipeWire:Interface:Link",
        "factory.type.version": 3,
        "factory.usage": "(link.output.node=<output-node>) (link.output.port=<output-port>) (link.input.node=<input-node>) (link.input.port=<input-port>) (object.linger=<bool>) (link.passive=<bool>)",
        "module.id": 20,
        "object.id": 21,
        "object.serial": 21
      }
    }
  },
  {
    "id": 22,
    "type": "PipeWire:Interface:Module",
    "version": 3,
    "permissions": [ "r", "m" ],
    "info": {
      "name": "libpipewire-module-session-manager",
      "filename": "/usr/lib/aarch64-linux-gnu/pipewire-0.3/libpipewire-module-session-manager.so",
      "args": null,
      "change-mask": [ "props" ],
      "props": {
        "module.author": "George Kiagiadakis <george.kiagiadakis@collabora.com>",
        "module.description": "Implements objects for session management",
        "module.name": "libpipewire-module-session-manager",
        "module.version": "1.4.2",
        "object.id": 22,
        "object.serial": 22
      }
    }
  },
  {
    "id": 23,
    "type": "PipeWire:Interface:Factory",
    "version": 3,
    "permissions": [ "r", "m" ],
    "info": {
      "name": "client-endpoint",
      "type": "PipeWire:Interface:ClientEndpoint",
      "version": 0,
      "change-mask": [ "props" ],
      "props": {
        "factory.name": "client-endpoint",
        "factory.type.name": "PipeWire:Interface:ClientEndpoint",
        "factory.type.version": 0,
        "module.id": 22,
        "object.id": 23,
        "object.serial": 23
      }
    }
  },
  {
    "id": 24,
    "type": "PipeWire:Interface:Factory",
    "version": 3,
    "permissions": [ "r", "m" ],
    "info": {
      "name": "client-session",
      "type": "PipeWire:Interface:ClientSession",
      "version": 0,
      "change-mask": [ "props" ],
      "props": {
        "factory.name": "client-session",
        "factory.type.name": "PipeWire:Interface:ClientSession",
        "factory.type.version": 0,
        "module.id": 22,
        "object.id": 24,
        "object.serial": 24
      }
    }
  },
  {
    "id": 25,
    "type": "PipeWire:Interface:Factory",
    "version": 3,
    "permissions": [ "r", "m" ],
    "info": {
      "name": "session",
      "type": "PipeWire:Interface:Session",
      "version": 0,
      "change-mask": [ "props" ],
      "props": {
        "factory.name": "session",
        "factory.type.name": "PipeWire:Interface:Session",
        "factory.type.version": 0,
        "module.id": 22,
        "object.id": 25,
        "object.serial": 25
      }
    }
  },
  {
    "id": 26,
    "type": "PipeWire:Interface:Factory",
    "version": 3,
    "permissions": [ "r", "m" ],
    "info": {
      "name": "endpoint",
      "type": "PipeWire:Interface:Endpoint",
      "version": 0,
      "change-mask": [ "props" ],
      "props": {
        "factory.name": "endpoint",
        "factory.type.name": "PipeWire:Interface:Endpoint",
        "factory.type.version": 0,
        "module.id": 22,
        "object.id": 26,
        "object.serial": 26
      }
    }
  },
  {
    "id": 27,
    "type": "PipeWire:Interface:Factory",
    "version": 3,
    "permissions": [ "r", "m" ],
    "info": {
      "name": "endpoint-stream",
      "type": "PipeWire:Interface:EndpointStream",
      "version": 0,
      "change-mask": [ "props" ],
      "props": {
        "factory.name": "endpoint-stream",
        "factory.type.name": "PipeWire:Interface:EndpointStream",
        "factory.type.version": 0,
        "module.id": 22,
        "object.id": 27,
        "object.serial": 27
      }
    }
  },
  {
    "id": 28,
    "type": "PipeWire:Interface:Factory",
    "version": 3,
    "permissions": [ "r", "m" ],
    "info": {
      "name": "endpoint-link",
      "type": "PipeWire:Interface:EndpointLink",
      "version": 0,
      "change-mask": [ "props" ],
      "props": {
        "factory.name": "endpoint-link",
        "factory.type.name": "PipeWire:Interface:EndpointLink",
        "factory.type.version": 0,
        "module.id": 22,
        "object.id": 28,
        "object.serial": 28
      }
    }
  },
  {
    "id": 29,
    "type": "PipeWire:Interface:Module",
    "version": 3,
    "permissions": [ "r", "m" ],
    "info": {
      "name": "libpipewire-module-jackdbus-detect",
      "filename": "/usr/lib/aarch64-linux-gnu/pipewire-0.3/libpipewire-module-jackdbus-detect.so",
      "args": "{\n            #jack.library     = libjack.so.0\n            #jack.server      = null\n            #jack.client-name = PipeWire\n            #jack.connect     = true\n            #tunnel.mode      = duplex  # source|sink|duplex\n            source.props = {\n                #audio.channels = 2\n\t\t#midi.ports = 1\n                #audio.position = [ FL FR ]\n                # extra sink properties\n            }\n            sink.props = {\n                #audio.channels = 2\n\t\t#midi.ports = 1\n                #audio.position = [ FL FR ]\n                # extra sink properties\n            }\n        }",
      "change-mask": [ "props" ],
      "props": {
        "module.name": "libpipewire-module-jackdbus-detect",
        "object.id": 29,
        "object.serial": 29
      }
    }
  },
  {
    "id": 30,
    "type": "PipeWire:Interface:Node",
    "version": 3,
    "permissions": [ "r", "w", "x", "m" ],
    "info": {
      "max-input-ports": 0,
      "max-output-ports": 0,
      "change-mask": [ "input-ports", "output-ports", "state", "props", "params" ],
      "n-input-ports": 0,
      "n-output-ports": 0,
      "state": "suspended",
      "error": null,
      "props": {
        "clock.id": "monotonic",
        "clock.name": "clock.system.monotonic",
        "clock.quantum-limit": 8192,
        "factory.id": 11,
        "factory.name": "support.node.driver",
        "node.driver": true,
        "node.group": "pipewire.dummy",
        "node.loop.name": "data-loop.0",
        "node.name": "Dummy-Driver",
        "node.sync-group": "sync.dummy",
        "object.id": 30,
        "object.serial": 30,
        "priority.driver": 200000
      },
      "params": {
      }
    }
  },
  {
    "id": 31,
    "type": "PipeWire:Interface:Node",
    "version": 3,
    "permissions": [ "r", "w", "x", "m" ],
    "info": {
      "max-input-ports": 0,
      "max-output-ports": 0,
      "change-mask": [ "input-ports", "output-ports", "state", "props", "params" ],
      "n-input-ports": 0,
      "n-output-ports": 0,
      "state": "suspended",
      "error": null,
      "props": {
        "clock.id": "monotonic",
        "clock.name": "clock.system.monotonic",
        "clock.quantum-limit": 8192,
        "factory.id": 11,
        "factory.name": "support.node.driver",
        "node.driver": true,
        "node.freewheel": true,
        "node.group": "pipewire.freewheel",
        "node.loop.name": "data-loop.0",
        "node.name": "Freewheel-Driver",
        "node.sync-group": "sync.dummy",
        "object.id": 31,
        "object.serial": 31,
        "priority.driver": 190000
      },
      "params": {
      }
    }
  },
  {
    "id": 32,
    "type": "PipeWire:Interface:Metadata",
    "version": 3,
    "permissions": [ "r", "w", "x" ],
    "props": {
      "metadata.name": "settings",
      "object.serial": 32
    },
    "metadata": [
      { "subject": 0, "key": "log.level", "type": "", "value": 2 },
      { "subject": 0, "key": "clock.rate", "type": "", "value": 48000 },
      { "subject": 0, "key": "clock.allowed-rates", "type": "", "value": "[ 48000 ]" },
      { "subject": 0, "key": "clock.quantum", "type": "", "value": 2048 },
      { "subject": 0, "key": "clock.min-quantum", "type": "", "value": 256 },
      { "subject": 0, "key": "clock.max-quantum", "type": "", "value": 2048 },
      { "subject": 0, "key": "clock.force-quantum", "type": "", "value": 0 },
      { "subject": 0, "key": "clock.force-rate", "type": "", "value": 0 }
    ]
  },
  {
    "id": 34,
    "type": "PipeWire:Interface:Client",
    "version": 3,
    "permissions": [ "r", "w", "x", "m" ],
    "info": {
      "change-mask": [ "props" ],
      "props": {
        "application.language": "en_GB.UTF-8",
        "application.name": "pipewire",
        "application.process.binary": "pipewire",
        "application.process.host": "larkbridge",
        "application.process.id": 580,
        "application.process.user": "admin",
        "clock.power-of-two-quantum": true,
        "config.name": "pipewire-pulse.conf",
        "core.name": "pipewire-admin-580",
        "core.version": "1.4.2",
        "cpu.max-align": 16,
        "default.clock.max-quantum": 2048,
        "default.clock.min-quantum": 32,
        "default.clock.quantum": 1024,
        "default.clock.quantum-floor": 4,
        "default.clock.quantum-limit": 8192,
        "default.clock.rate": 48000,
        "default.video.height": 480,
        "default.video.rate.denom": 1,
        "default.video.rate.num": 25,
        "default.video.width": 640,
        "link.max-buffers": 64,
        "log.level": 2,
        "mem.allow-mlock": true,
        "mem.warn-mlock": false,
        "module.id": 2,
        "object.id": 34,
        "object.serial": 34,
        "pipewire.access": "unrestricted",
        "pipewire.protocol": "protocol-native",
        "pipewire.sec.gid": 1000,
        "pipewire.sec.pid": 580,
        "pipewire.sec.socket": "pipewire-0",
        "pipewire.sec.uid": 1000,
        "settings.check-quantum": false,
        "settings.check-rate": false
      }
    }
  },
  {
    "id": 79,
    "type": "PipeWire:Interface:Client",
    "version": 3,
    "permissions": [ "r", "w", "x", "m" ],
    "info": {
      "change-mask": [ "props" ],
      "props": {
        "application.language": "en_GB.UTF-8",
        "application.name": "WirePlumber",
        "application.process.binary": "wireplumber",
        "application.process.host": "larkbridge",
        "application.process.id": 1360,
        "application.process.user": "admin",
        "application.version": "0.5.8",
        "clock.power-of-two-quantum": true,
        "config.name": "null",
        "context.modules.allow-empty": true,
        "core.name": "pipewire-admin-1360",
        "core.version": "1.4.2",
        "cpu.max-align": 16,
        "default.clock.max-quantum": 2048,
        "default.clock.min-quantum": 32,
        "default.clock.quantum": 1024,
        "default.clock.quantum-floor": 4,
        "default.clock.quantum-limit": 8192,
        "default.clock.rate": 48000,
        "default.video.height": 480,
        "default.video.rate.denom": 1,
        "default.video.rate.num": 25,
        "default.video.width": 640,
        "link.max-buffers": 64,
        "log.level": 2,
        "mem.allow-mlock": true,
        "mem.warn-mlock": false,
        "module.id": 2,
        "object.id": 79,
        "object.serial": 204,
        "pipewire.access": "unrestricted",
        "pipewire.protocol": "protocol-native",
        "pipewire.sec.gid": 1000,
        "pipewire.sec.pid": 1360,
        "pipewire.sec.socket": "pipewire-0-manager",
        "pipewire.sec.uid": 1000,
        "remote.name": "[pipewire-0-manager,pipewire-0]",
        "session.services": "[midi, policy.device.profile, video-capture, policy.device.routes, policy.linking.role-based, policy.default-nodes, audio, api.alsa, api.libcamera, api.v4l2, bluetooth.audio, api.bluez, api.alsa-seq, bluetooth.midi, policy.linking.standard]",
        "settings.check-quantum": false,
        "settings.check-rate": false,
        "wireplumber.daemon": true,
        "wireplumber.profile": "main"
      }
    }
  },
  {
    "id": 80,
    "type": "PipeWire:Interface:Metadata",
    "version": 3,
    "permissions": [ "r", "w", "x" ],
    "props": {
      "client.id": 79,
      "factory.id": 7,
      "metadata.name": "schema-sm-settings",
      "module.id": 6,
      "object.serial": 205
    },
    "metadata": [
      { "subject": 0, "key": "bluetooth.use-persistent-storage", "type": "Spa:String:JSON", "value": { "description": "Whether to use persistent BT storage or not", "type": "bool", "default": true } },
      { "subject": 0, "key": "bluetooth.autoswitch-to-headset-profile", "type": "Spa:String:JSON", "value": { "description": "Whether to autoswitch to BT headset profile or not", "type": "bool", "default": true } },
      { "subject": 0, "key": "device.restore-profile", "type": "Spa:String:JSON", "value": { "description": "Whether to restore device profile or not", "type": "bool", "default": true } },
      { "subject": 0, "key": "device.restore-routes", "type": "Spa:String:JSON", "value": { "description": "Whether to restore device routes or not", "type": "bool", "default": true } },
      { "subject": 0, "key": "device.routes.default-sink-volume", "type": "Spa:String:JSON", "value": { "description": "The default volume for sink devices", "type": "float", "default": 0.064000, "min": 0.000000, "max": 1.000000 } },
      { "subject": 0, "key": "device.routes.default-source-volume", "type": "Spa:String:JSON", "value": { "description": "The default volume for source devices", "type": "float", "default": 1.000000, "min": 0.000000, "max": 1.000000 } },
      { "subject": 0, "key": "linking.role-based.duck-level", "type": "Spa:String:JSON", "value": { "description": "The volume level to apply when ducking (= reducing volume for a higher priority stream to be audible) in the role-based linking policy", "type": "float", "default": 0.300000, "min": 0.000000, "max": 1.000000 } },
      { "subject": 0, "key": "linking.allow-moving-streams", "type": "Spa:String:JSON", "value": { "description": "Whether to allow metadata to move streams at runtime or not", "type": "bool", "default": true } },
      { "subject": 0, "key": "linking.follow-default-target", "type": "Spa:String:JSON", "value": { "description": "Whether to allow streams follow the default device or not", "type": "bool", "default": true } },
      { "subject": 0, "key": "monitor.camera-discovery-timeout", "type": "Spa:String:JSON", "value": { "description": "The camera discovery timeout in milliseconds", "type": "int", "default": 1000, "min": 0, "max": 60000 } },
      { "subject": 0, "key": "node.features.audio.no-dsp", "type": "Spa:String:JSON", "value": { "description": "Whether to never convert audio to F32 format or not", "type": "bool", "default": false } },
      { "subject": 0, "key": "node.features.audio.monitor-ports", "type": "Spa:String:JSON", "value": { "description": "Whether to enable monitor ports on audio nodes or not", "type": "bool", "default": true } },
      { "subject": 0, "key": "node.features.audio.control-port", "type": "Spa:String:JSON", "value": { "description": "Whether to enable control ports on audio nodes or not", "type": "bool", "default": false } },
      { "subject": 0, "key": "node.stream.restore-props", "type": "Spa:String:JSON", "value": { "description": "Whether to restore properties on stream nodes or not", "type": "bool", "default": true } },
      { "subject": 0, "key": "node.stream.restore-target", "type": "Spa:String:JSON", "value": { "description": "Whether to restore target on stream nodes or not", "type": "bool", "default": true } },
      { "subject": 0, "key": "node.stream.default-playback-volume", "type": "Spa:String:JSON", "value": { "description": "The default volume for playback nodes", "type": "float", "default": 1.000000, "min": 0.000000, "max": 1.000000 } },
      { "subject": 0, "key": "node.stream.default-capture-volume", "type": "Spa:String:JSON", "value": { "description": "The default volume for capture nodes", "type": "float", "default": 1.000000, "min": 0.000000, "max": 1.000000 } },
      { "subject": 0, "key": "node.stream.default-media-role", "type": "Spa:String:JSON", "value": { "description": "A media.role to assign on streams that have none specified", "type": "string", "default": "null" } },
      { "subject": 0, "key": "node.filter.forward-format", "type": "Spa:String:JSON", "value": { "description": "Whether to forward format on filter nodes or not", "type": "bool", "default": false } },
      { "subject": 0, "key": "node.restore-default-targets", "type": "Spa:String:JSON", "value": { "description": "Whether to restore default targets or not", "type": "bool", "default": true } }
    ]
  },
  {
    "id": 78,
    "type": "PipeWire:Interface:Metadata",
    "version": 3,
    "permissions": [ "r", "w", "x" ],
    "props": {
      "client.id": 79,
      "factory.id": 7,
      "metadata.name": "sm-settings",
      "module.id": 6,
      "object.serial": 207
    },
    "metadata": [
      { "subject": 0, "key": "bluetooth.use-persistent-storage", "type": "Spa:String:JSON", "value": true },
      { "subject": 0, "key": "bluetooth.autoswitch-to-headset-profile", "type": "Spa:String:JSON", "value": false },
      { "subject": 0, "key": "device.restore-profile", "type": "Spa:String:JSON", "value": true },
      { "subject": 0, "key": "device.restore-routes", "type": "Spa:String:JSON", "value": true },
      { "subject": 0, "key": "device.routes.default-sink-volume", "type": "Spa:String:JSON", "value": 0.064000 },
      { "subject": 0, "key": "device.routes.default-source-volume", "type": "Spa:String:JSON", "value": 1.000000 },
      { "subject": 0, "key": "linking.role-based.duck-level", "type": "Spa:String:JSON", "value": 0.300000 },
      { "subject": 0, "key": "linking.allow-moving-streams", "type": "Spa:String:JSON", "value": true },
      { "subject": 0, "key": "linking.follow-default-target", "type": "Spa:String:JSON", "value": true },
      { "subject": 0, "key": "monitor.camera-discovery-timeout", "type": "Spa:String:JSON", "value": 1000 },
      { "subject": 0, "key": "node.features.audio.no-dsp", "type": "Spa:String:JSON", "value": false },
      { "subject": 0, "key": "node.features.audio.monitor-ports", "type": "Spa:String:JSON", "value": true },
      { "subject": 0, "key": "node.features.audio.control-port", "type": "Spa:String:JSON", "value": false },
      { "subject": 0, "key": "node.stream.restore-props", "type": "Spa:String:JSON", "value": true },
      { "subject": 0, "key": "node.stream.restore-target", "type": "Spa:String:JSON", "value": true },
      { "subject": 0, "key": "node.stream.default-playback-volume", "type": "Spa:String:JSON", "value": 1.000000 },
      { "subject": 0, "key": "node.stream.default-capture-volume", "type": "Spa:String:JSON", "value": 1.000000 },
      { "subject": 0, "key": "node.stream.default-media-role", "type": "Spa:String:JSON", "value": "null" },
      { "subject": 0, "key": "node.filter.forward-format", "type": "Spa:String:JSON", "value": false },
      { "subject": 0, "key": "node.restore-default-targets", "type": "Spa:String:JSON", "value": true }
    ]
  },
  {
    "id": 76,
    "type": "PipeWire:Interface:Metadata",
    "version": 3,
    "permissions": [ "r", "w", "x" ],
    "props": {
      "client.id": 79,
      "factory.id": 7,
      "metadata.name": "default",
      "module.id": 6,
      "object.serial": 209
    },
    "metadata": [
      { "subject": 0, "key": "default.audio.sink", "type": "Spa:String:JSON", "value": { "name": "alsa_output.platform-3f00b840.mailbox.stereo-fallback" } },
      { "subject": 0, "key": "default.audio.source", "type": "Spa:String:JSON", "value": { "name": "alsa_input.usb-Shenzhen_Hollyland_Technology_Co._Ltd_Wireless_Microphone_Wireless_Microphone-01.analog-stereo" } },
      { "subject": 0, "key": "default.video.source", "type": "Spa:String:JSON", "value": { "name": "v4l2_input.platform-3f00b840.mailbox" } }
    ]
  },
  {
    "id": 62,
    "type": "PipeWire:Interface:Client",
    "version": 3,
    "permissions": [ "r", "w", "x", "m" ],
    "info": {
      "change-mask": [ "props" ],
      "props": {
        "application.language": "en_GB.UTF-8",
        "application.name": "WirePlumber [export]",
        "application.process.binary": "wireplumber",
        "application.process.host": "larkbridge",
        "application.process.id": 1360,
        "application.process.user": "admin",
        "application.version": "0.5.8",
        "clock.power-of-two-quantum": true,
        "config.name": "null",
        "context.modules.allow-empty": true,
        "core.name": "pipewire-admin-1360",
        "core.version": "1.4.2",
        "cpu.max-align": 16,
        "default.clock.max-quantum": 2048,
        "default.clock.min-quantum": 32,
        "default.clock.quantum": 1024,
        "default.clock.quantum-floor": 4,
        "default.clock.quantum-limit": 8192,
        "default.clock.rate": 48000,
        "default.video.height": 480,
        "default.video.rate.denom": 1,
        "default.video.rate.num": 25,
        "default.video.width": 640,
        "link.max-buffers": 64,
        "log.level": 2,
        "mem.allow-mlock": true,
        "mem.warn-mlock": false,
        "module.id": 2,
        "object.id": 62,
        "object.serial": 216,
        "pipewire.access": "unrestricted",
        "pipewire.protocol": "protocol-native",
        "pipewire.sec.gid": 1000,
        "pipewire.sec.pid": 1360,
        "pipewire.sec.socket": "pipewire-0-manager",
        "pipewire.sec.uid": 1000,
        "remote.name": "[pipewire-0-manager,pipewire-0]",
        "settings.check-quantum": false,
        "settings.check-rate": false,
        "wireplumber.daemon": true,
        "wireplumber.export-core": true,
        "wireplumber.profile": "main"
      }
    }
  },
  {
    "id": 61,
    "type": "PipeWire:Interface:Device",
    "version": 3,
    "permissions": [ "r", "w", "x", "m" ],
    "info": {
      "change-mask": [ "props", "params" ],
      "props": {
        "alsa.card": 0,
        "alsa.card_name": "bcm2835 Headphones",
        "alsa.id": "Headphones",
        "alsa.long_card_name": "bcm2835 Headphones",
        "alsa.mixer_name": "Broadcom Mixer",
        "api.acp.auto-port": false,
        "api.acp.auto-profile": false,
        "api.alsa.card": 0,
        "api.alsa.card.longname": "bcm2835 Headphones",
        "api.alsa.card.name": "bcm2835 Headphones",
        "api.alsa.path": "hw:0",
        "api.alsa.split-enable": true,
        "api.alsa.use-acp": true,
        "api.dbus.ReserveDevice1": "Audio0",
        "api.dbus.ReserveDevice1.Priority": -20,
        "client.id": 62,
        "device.api": "alsa",
        "device.bus-path": "platform-3f00b840.mailbox",
        "device.description": "Built-in Audio",
        "device.enum.api": "udev",
        "device.form-factor": "internal",
        "device.icon-name": "audio-card-analog",
        "device.name": "alsa_card.platform-3f00b840.mailbox",
        "device.nick": "bcm2835 Headphones",
        "device.plugged.usec": 9804380,
        "device.string": 0,
        "device.subsystem": "sound",
        "device.sysfs.path": "/devices/platform/soc/3f00b840.mailbox/bcm2835-audio/sound/card0",
        "factory.id": 15,
        "media.class": "Audio/Device",
        "object.id": 61,
        "object.path": "alsa:acp:Headphones",
        "object.serial": 217,
        "spa.object.id": 2
      },
      "params": {
        "EnumProfile": [
          {
            "index": 0,
            "name": "off",
            "description": "Off",
            "priority": 0,
            "available": "yes",
            "classes": [
              0
            ]
          },
          {
            "index": 1,
            "name": "output:stereo-fallback",
            "description": "Stereo Output",
            "priority": 5100,
            "available": "unknown",
            "classes": [
              1,
              [
                "Audio/Sink",
                1,
                "card.profile.devices",
                [ 1 ]
              ]
            ]
          },
          {
            "index": 2,
            "name": "pro-audio",
            "description": "Pro Audio",
            "priority": 1,
            "available": "yes",
            "classes": [
              1,
              [
                "Audio/Sink",
                1,
                "card.profile.devices",
                [ 0 ]
              ]
            ]
          }
        ],
        "Profile": [
          {
            "index": 1,
            "name": "output:stereo-fallback",
            "description": "Stereo Output",
            "priority": 5100,
            "available": "unknown",
            "classes": [
              1,
              [
                "Audio/Sink",
                1,
                "card.profile.devices",
                [ 1 ]
              ]
            ],
            "save": false
          }
        ],
        "EnumRoute": [
          {
            "index": 0,
            "direction": "Output",
            "name": "analog-output",
            "description": "Analog Output",
            "priority": 9900,
            "available": "unknown",
            "info": [
              2,
              "port.type",
              "analog",
              "card.profile.port",
              "0"
            ],
            "profiles": [ 1 ],
            "devices": [ 1 ]
          }
        ],
        "Route": [
          {
            "index": 0,
            "direction": "Output",
            "name": "analog-output",
            "description": "Analog Output",
            "priority": 9900,
            "available": "unknown",
            "info": [
              4,
              "port.type",
              "analog",
              "card.profile.port",
              "0",
              "route.hw-mute",
              "true",
              "route.hw-volume",
              "true"
            ],
            "profiles": [ 1 ],
            "device": 1,
            "props": {
              "mute": false,
              "channelVolumes": [ 0.614105, 0.614105 ],
              "volumeBase": 0.630959,
              "volumeStep": 0.000015,
              "channelMap": [ "FL", "FR" ],
              "softVolumes": [ 1.000000, 1.000000 ],
              "latencyOffsetNsec": 0
            },
            "devices": [ 1 ],
            "profile": 1,
            "save": true
          }
        ]
      }
    }
  },
  {
    "id": 60,
    "type": "PipeWire:Interface:Device",
    "version": 3,
    "permissions": [ "r", "w", "x", "m" ],
    "info": {
      "change-mask": [ "props", "params" ],
      "props": {
        "alsa.card": 2,
        "alsa.card_name": "vc4-hdmi",
        "alsa.driver_name": "vc4",
        "alsa.id": "vc4hdmi",
        "alsa.long_card_name": "vc4-hdmi",
        "api.acp.auto-port": false,
        "api.acp.auto-profile": false,
        "api.alsa.card": 2,
        "api.alsa.card.longname": "vc4-hdmi",
        "api.alsa.card.name": "vc4-hdmi",
        "api.alsa.path": "hw:2",
        "api.alsa.split-enable": true,
        "api.alsa.use-acp": true,
        "api.dbus.ReserveDevice1": "Audio2",
        "api.dbus.ReserveDevice1.Priority": -20,
        "client.id": 62,
        "device.api": "alsa",
        "device.bus-path": "platform-3f902000.hdmi",
        "device.description": "Built-in Audio",
        "device.enum.api": "udev",
        "device.form-factor": "internal",
        "device.icon-name": "audio-card-analog",
        "device.name": "alsa_card.platform-3f902000.hdmi",
        "device.nick": "vc4-hdmi",
        "device.plugged.usec": 11016331,
        "device.string": 2,
        "device.subsystem": "sound",
        "device.sysfs.path": "/devices/platform/soc/3f902000.hdmi/sound/card2",
        "factory.id": 15,
        "media.class": "Audio/Device",
        "object.id": 60,
        "object.path": "alsa:acp:vc4hdmi",
        "object.serial": 218,
        "spa.object.id": 6
      },
      "params": {
        "EnumProfile": [
          {
            "index": 0,
            "name": "off",
            "description": "Off",
            "priority": 0,
            "available": "yes",
            "classes": [
              0
            ]
          },
          {
            "index": 1,
            "name": "pro-audio",
            "description": "Pro Audio",
            "priority": 1,
            "available": "yes",
            "classes": [
              1,
              [
                "Audio/Sink",
                1,
                "card.profile.devices",
                [ 0 ]
              ]
            ]
          }
        ],
        "Profile": [
          {
            "index": 0,
            "name": "off",
            "description": "Off",
            "priority": 0,
            "available": "yes",
            "classes": [
              0
            ],
            "save": false
          }
        ],
        "EnumRoute": [
        ],
        "Route": [
        ]
      }
    }
  },
  {
    "id": 59,
    "type": "PipeWire:Interface:Device",
    "version": 3,
    "permissions": [ "r", "w", "x", "m" ],
    "info": {
      "change-mask": [ "props", "params" ],
      "props": {
        "alsa.card": 1,
        "alsa.card_name": "Wireless Microphone",
        "alsa.components": "USB3547:0407",
        "alsa.driver_name": "snd_usb_audio",
        "alsa.id": "Microphone",
        "alsa.long_card_name": "Shenzhen Hollyland Technology Co.,Ltd Wireless Microphone at usb-3f980000.usb-1",
        "alsa.mixer_name": "USB Mixer",
        "api.acp.auto-port": false,
        "api.acp.auto-profile": false,
        "api.alsa.card": 1,
        "api.alsa.card.longname": "Shenzhen Hollyland Technology Co.,Ltd Wireless Microphone at usb-3f980000.usb-1",
        "api.alsa.card.name": "Wireless Microphone",
        "api.alsa.path": "hw:1",
        "api.alsa.split-enable": true,
        "api.alsa.use-acp": true,
        "api.dbus.ReserveDevice1": "Audio1",
        "api.dbus.ReserveDevice1.Priority": -20,
        "client.id": 62,
        "device.api": "alsa",
        "device.bus": "usb",
        "device.bus-id": "usb-Shenzhen_Hollyland_Technology_Co._Ltd_Wireless_Microphone_Wireless_Microphone-01",
        "device.bus-path": "platform-3f980000.usb-usb-0:1.3:1.1",
        "device.description": "Wireless Microphone",
        "device.enum.api": "udev",
        "device.form-factor": "microphone",
        "device.icon-name": "audio-input-microphone-analog-usb",
        "device.name": "alsa_card.usb-Shenzhen_Hollyland_Technology_Co._Ltd_Wireless_Microphone_Wireless_Microphone-01",
        "device.nick": "Wireless Microphone",
        "device.plugged.usec": 10112605,
        "device.product.id": "0x0407",
        "device.product.name": "Wireless Microphone",
        "device.serial": "Shenzhen_Hollyland_Technology_Co._Ltd_Wireless_Microphone_Wireless_Microphone",
        "device.string": 1,
        "device.subsystem": "sound",
        "device.sysfs.path": "/devices/platform/soc/3f980000.usb/usb1/1-1/1-1.3/1-1.3:1.1/sound/card1",
        "device.vendor.id": "0x3547",
        "device.vendor.name": "Shenzhen Hollyland Technology Co.,Ltd",
        "factory.id": 15,
        "media.class": "Audio/Device",
        "object.id": 59,
        "object.path": "alsa:acp:Microphone",
        "object.serial": 219,
        "spa.object.id": 4
      },
      "params": {
        "EnumProfile": [
          {
            "index": 0,
            "name": "off",
            "description": "Off",
            "priority": 0,
            "available": "yes",
            "classes": [
              0
            ]
          },
          {
            "index": 1,
            "name": "input:analog-stereo",
            "description": "Analog Stereo Input",
            "priority": 65,
            "available": "unknown",
            "classes": [
              1,
              [
                "Audio/Source",
                1,
                "card.profile.devices",
                [ 0 ]
              ]
            ]
          },
          {
            "index": 2,
            "name": "input:iec958-stereo",
            "description": "Digital Stereo (IEC958) Input",
            "priority": 55,
            "available": "unknown",
            "classes": [
              1,
              [
                "Audio/Source",
                1,
                "card.profile.devices",
                [ 2 ]
              ]
            ]
          },
          {
            "index": 3,
            "name": "pro-audio",
            "description": "Pro Audio",
            "priority": 1,
            "available": "yes",
            "classes": [
              1,
              [
                "Audio/Source",
                1,
                "card.profile.devices",
                [ 1 ]
              ]
            ]
          }
        ],
        "Profile": [
          {
            "index": 1,
            "name": "input:analog-stereo",
            "description": "Analog Stereo Input",
            "priority": 65,
            "available": "unknown",
            "classes": [
              1,
              [
                "Audio/Source",
                1,
                "card.profile.devices",
                [ 0 ]
              ]
            ],
            "save": false
          }
        ],
        "EnumRoute": [
          {
            "index": 0,
            "direction": "Input",
            "name": "analog-input",
            "description": "Analog Input",
            "priority": 10000,
            "available": "unknown",
            "info": [
              2,
              "port.type",
              "analog",
              "card.profile.port",
              "0"
            ],
            "profiles": [ 1 ],
            "devices": [ 0 ]
          },
          {
            "index": 1,
            "direction": "Input",
            "name": "iec958-stereo-input",
            "description": "Digital Input (S/PDIF)",
            "priority": 0,
            "available": "unknown",
            "info": [
              2,
              "port.type",
              "spdif",
              "card.profile.port",
              "1"
            ],
            "profiles": [ 2 ],
            "devices": [ 2 ]
          }
        ],
        "Route": [
          {
            "index": 0,
            "direction": "Input",
            "name": "analog-input",
            "description": "Analog Input",
            "priority": 10000,
            "available": "unknown",
            "info": [
              4,
              "port.type",
              "analog",
              "card.profile.port",
              "0",
              "route.hw-mute",
              "false",
              "route.hw-volume",
              "false"
            ],
            "profiles": [ 1 ],
            "device": 0,
            "props": {
              "mute": false,
              "channelVolumes": [ 1.000000, 1.000000 ],
              "volumeBase": 1.000000,
              "volumeStep": 0.000015,
              "channelMap": [ "FL", "FR" ],
              "softVolumes": [ 1.000000, 1.000000 ],
              "latencyOffsetNsec": 0
            },
            "devices": [ 0 ],
            "profile": 1,
            "save": false
          }
        ]
      }
    }
  },
  {
    "id": 58,
    "type": "PipeWire:Interface:Node",
    "version": 3,
    "permissions": [ "r", "w", "x", "m" ],
    "info": {
      "max-input-ports": 256,
      "max-output-ports": 256,
      "change-mask": [ "input-ports", "output-ports", "state", "props", "params" ],
      "n-input-ports": 1,
      "n-output-ports": 1,
      "state": "suspended",
      "error": null,
      "props": {
        "client.id": 62,
        "clock.quantum-limit": 8192,
        "device.api": "alsa",
        "factory.id": 11,
        "factory.name": "api.alsa.seq.bridge",
        "media.class": "Midi/Bridge",
        "node.driver": true,
        "node.loop.name": "data-loop.0",
        "node.name": "Midi-Bridge",
        "object.id": 58,
        "object.serial": 220,
        "priority.driver": 1,
        "priority.session": 100
      },
      "params": {
        "PropInfo": [
          {
            "id": "device",
            "description": "The ALSA device",
            "type": "default"
          }
        ],
        "Props": [
          {
            "device": "default"
          }
        ],
        "IO": [
          {
            "id": "Clock",
            "size": 160
          },
          {
            "id": "Position",
            "size": 1688
          }
        ]
      }
    }
  },
  {
    "id": 57,
    "type": "PipeWire:Interface:Port",
    "version": 3,
    "permissions": [ "r", "x", "m" ],
    "info": {
      "direction": "input",
      "change-mask": [ "props", "params" ],
      "props": {
        "format.dsp": "32 bit raw UMP",
        "node.id": 58,
        "object.id": 57,
        "object.path": "alsa:seq:default:client_14:playback_0",
        "object.serial": 221,
        "port.alias": "Midi Through:Midi Through Port-0",
        "port.direction": "in",
        "port.group": "client_14",
        "port.id": 0,
        "port.name": "Midi Through Port-0 (playback)",
        "port.physical": true,
        "port.terminal": true
      },
      "params": {
        "EnumFormat": [
          {
            "mediaType": "application",
            "mediaSubtype": "control",
            "types": {
              "default": 16
            }
          }
        ],
        "Meta": [
          {
            "type": "Header",
            "size": 32
          }
        ],
        "IO": [
          {
            "id": "Buffers",
            "size": 8
          },
          {
            "id": "AsyncBuffers",
            "size": 8
          }
        ],
        "Format": [ ],
        "Buffers": [ ],
        "Latency": [
          {
            "direction": "Input",
            "minQuantum": 1.000000,
            "maxQuantum": 1.000000,
            "minRate": 0,
            "maxRate": 0,
            "minNs": 0,
            "maxNs": 0
          },
          {
            "direction": "Output",
            "minQuantum": 0.000000,
            "maxQuantum": 0.000000,
            "minRate": 0,
            "maxRate": 0,
            "minNs": 0,
            "maxNs": 0
          }
        ]
      }
    }
  },
  {
    "id": 56,
    "type": "PipeWire:Interface:Port",
    "version": 3,
    "permissions": [ "r", "x", "m" ],
    "info": {
      "direction": "output",
      "change-mask": [ "props", "params" ],
      "props": {
        "format.dsp": "32 bit raw UMP",
        "node.id": 58,
        "object.id": 56,
        "object.path": "alsa:seq:default:client_14:capture_0",
        "object.serial": 222,
        "port.alias": "Midi Through:Midi Through Port-0",
        "port.direction": "out",
        "port.group": "client_14",
        "port.id": 0,
        "port.name": "Midi Through Port-0 (capture)",
        "port.physical": true,
        "port.terminal": true
      },
      "params": {
        "EnumFormat": [
          {
            "mediaType": "application",
            "mediaSubtype": "control",
            "types": {
              "default": 16
            }
          }
        ],
        "Meta": [
          {
            "type": "Header",
            "size": 32
          }
        ],
        "IO": [
          {
            "id": "Buffers",
            "size": 8
          },
          {
            "id": "AsyncBuffers",
            "size": 8
          }
        ],
        "Format": [ ],
        "Buffers": [ ],
        "Latency": [
          {
            "direction": "Input",
            "minQuantum": 0.000000,
            "maxQuantum": 0.000000,
            "minRate": 0,
            "maxRate": 0,
            "minNs": 0,
            "maxNs": 0
          },
          {
            "direction": "Output",
            "minQuantum": 1.000000,
            "maxQuantum": 1.000000,
            "minRate": 0,
            "maxRate": 0,
            "minNs": 0,
            "maxNs": 0
          }
        ]
      }
    }
  },
  {
    "id": 55,
    "type": "PipeWire:Interface:Node",
    "version": 3,
    "permissions": [ "r", "w", "x", "m" ],
    "info": {
      "max-input-ports": 0,
      "max-output-ports": 65,
      "change-mask": [ "input-ports", "output-ports", "state", "props", "params" ],
      "n-input-ports": 0,
      "n-output-ports": 2,
      "state": "suspended",
      "error": null,
      "props": {
        "alsa.card": 1,
        "alsa.card_name": "Wireless Microphone",
        "alsa.class": "generic",
        "alsa.components": "USB3547:0407",
        "alsa.device": 0,
        "alsa.driver_name": "snd_usb_audio",
        "alsa.id": "USB Audio",
        "alsa.long_card_name": "Shenzhen Hollyland Technology Co.,Ltd Wireless Microphone at usb-3f980000.usb-1",
        "alsa.mixer_name": "USB Mixer",
        "alsa.name": "USB Audio",
        "alsa.resolution_bits": 16,
        "alsa.subclass": "generic-mix",
        "alsa.subdevice": 0,
        "alsa.subdevice_name": "subdevice #0",
        "alsa.sync.id": "00000000:00000000:00000000:00000000",
        "api.alsa.card.longname": "Shenzhen Hollyland Technology Co.,Ltd Wireless Microphone at usb-3f980000.usb-1",
        "api.alsa.card.name": "Wireless Microphone",
        "api.alsa.path": "front:1",
        "api.alsa.pcm.card": 1,
        "api.alsa.pcm.stream": "capture",
        "audio.channels": 2,
        "audio.format": "S16LE",
        "audio.position": "FL,FR",
        "card.profile.device": 0,
        "client.id": 62,
        "clock.quantum-limit": 8192,
        "device.api": "alsa",
        "device.class": "sound",
        "device.icon-name": "audio-card-analog",
        "device.id": 59,
        "device.profile.description": "Analog Stereo",
        "device.profile.name": "analog-stereo",
        "device.routes": 1,
        "factory.id": 19,
        "factory.name": "api.alsa.pcm.source",
        "library.name": "audioconvert/libspa-audioconvert",
        "media.class": "Audio/Source",
        "node.description": "Wireless Microphone Analog Stereo",
        "node.driver": true,
        "node.loop.name": "data-loop.0",
        "node.name": "alsa_input.usb-Shenzhen_Hollyland_Technology_Co._Ltd_Wireless_Microphone_Wireless_Microphone-01.analog-stereo",
        "node.nick": "Wireless Microphone",
        "node.pause-on-idle": false,
        "object.id": 55,
        "object.path": "alsa:acp:Microphone:0:capture",
        "object.serial": 223,
        "port.group": "capture",
        "priority.driver": 2009,
        "priority.session": 2009
      },
      "params": {
        "EnumFormat": [
          {
            "mediaType": "audio",
            "mediaSubtype": "raw",
            "format": "S16LE",
            "rate": 48000,
            "channels": 2,
            "position": [ "FL", "FR" ]
          }
        ],
        "PropInfo": [
          {
            "id": "volume",
            "description": "Volume",
            "type": { "default": 1.000000, "min": 0.000000, "max": 10.000000 }
          },
          {
            "id": "mute",
            "description": "Mute",
            "type": {
              "default": false,
              "alt1": false,
              "alt2": true
            }
          },
          {
            "id": "channelVolumes",
            "description": "Channel Volumes",
            "type": { "default": 1.000000, "min": 0.000000, "max": 10.000000 },
            "container": "Array"
          },
          {
            "id": "channelMap",
            "description": "Channel Map",
            "type": "",
            "container": "Array"
          },
          {
            "id": "monitorMute",
            "description": "Monitor Mute",
            "type": {
              "default": false,
              "alt1": false,
              "alt2": true
            }
          },
          {
            "id": "monitorVolumes",
            "description": "Monitor Volumes",
            "type": { "default": 1.000000, "min": 0.000000, "max": 10.000000 },
            "container": "Array"
          },
          {
            "id": "softMute",
            "description": "Soft Mute",
            "type": {
              "default": false,
              "alt1": false,
              "alt2": true
            }
          },
          {
            "id": "softVolumes",
            "description": "Soft Volumes",
            "type": { "default": 1.000000, "min": 0.000000, "max": 10.000000 },
            "container": "Array"
          },
          {
            "name": "monitor.channel-volumes",
            "description": "Monitor channel volume",
            "type": {
              "default": false,
              "alt1": false,
              "alt2": true
            },
            "params": true
          },
          {
            "name": "channelmix.disable",
            "description": "Disable Channel mixing",
            "type": {
              "default": false,
              "alt1": false,
              "alt2": true
            },
            "params": true
          },
          {
            "name": "channelmix.min-volume",
            "description": "Minimum volume level",
            "type": { "default": 0.000000, "min": 0.000000, "max": 10.000000 },
            "params": true
          },
          {
            "name": "channelmix.max-volume",
            "description": "Maximum volume level",
            "type": { "default": 10.000000, "min": 0.000000, "max": 10.000000 },
            "params": true
          },
          {
            "name": "channelmix.normalize",
            "description": "Normalize Volumes",
            "type": {
              "default": false,
              "alt1": false,
              "alt2": true
            },
            "params": true
          },
          {
            "name": "channelmix.mix-lfe",
            "description": "Mix LFE into channels",
            "type": {
              "default": true,
              "alt1": true,
              "alt2": false
            },
            "params": true
          },
          {
            "name": "channelmix.upmix",
            "description": "Enable upmixing",
            "type": {
              "default": true,
              "alt1": true,
              "alt2": false
            },
            "params": true
          },
          {
            "name": "channelmix.lfe-cutoff",
            "description": "LFE cutoff frequency",
            "type": { "default": 0.000000, "min": 0.000000, "max": 1000.000000 },
            "params": true
          },
          {
            "name": "channelmix.fc-cutoff",
            "description": "FC cutoff frequency (Hz)",
            "type": { "default": 0.000000, "min": 0.000000, "max": 48000.000000 },
            "params": true
          },
          {
            "name": "channelmix.rear-delay",
            "description": "Rear channels delay (ms)",
            "type": { "default": 0.000000, "min": 0.000000, "max": 1000.000000 },
            "params": true
          },
          {
            "name": "channelmix.stereo-widen",
            "description": "Stereo widen",
            "type": { "default": 0.000000, "min": 0.000000, "max": 1.000000 },
            "params": true
          },
          {
            "name": "channelmix.hilbert-taps",
            "description": "Taps for phase shift of rear",
            "type": { "default": 0, "min": 0, "max": 255 },
            "params": true
          },
          {
            "name": "channelmix.upmix-method",
            "description": "Upmix method to use",
            "type": "none",
            "params": true,
            "labels": [
              "none",
              "Disabled",
              "simple",
              "Simple upmixing",
              "psd",
              "Passive Surround Decoding"
            ]
          },
          {
            "id": "rate",
            "description": "Rate scaler",
            "type": { "default": 1.000000, "min": 0.000000, "max": 10.000000 }
          },
          {
            "id": "quality",
            "name": "resample.quality",
            "description": "Resample Quality",
            "type": { "default": 4, "min": 0, "max": 14 },
            "params": true
          },
          {
            "name": "resample.disable",
            "description": "Disable Resampling",
            "type": {
              "default": false,
              "alt1": false,
              "alt2": true
            },
            "params": true
          },
          {
            "name": "dither.noise",
            "description": "Add noise bits",
            "type": { "default": 0, "min": 0, "max": 16 },
            "params": true
          },
          {
            "name": "dither.method",
            "description": "The dithering method",
            "type": "none",
            "params": true,
            "labels": [
              "none",
              "Disabled",
              "rectangular",
              "Rectangular dithering",
              "triangular",
              "Triangular dithering",
              "triangular-hf",
              "Sloped Triangular dithering",
              "wannamaker3",
              "Wannamaker 3 dithering",
              "shaped5",
              "Lipshitz 5 dithering"
            ]
          },
          {
            "name": "debug.wav-path",
            "description": "Path to WAV file",
            "type": "",
            "params": true
          },
          {
            "name": "channelmix.lock-volumes",
            "description": "Disable volume updates",
            "type": {
              "default": false,
              "alt1": false,
              "alt2": true
            },
            "params": true
          },
          {
            "name": "audioconvert.filter-graph.disable",
            "description": "Disable Filter graph updates",
            "type": {
              "default": false,
              "alt1": false,
              "alt2": true
            },
            "params": true
          },
          {
            "name": "audioconvert.filter-graph",
            "description": "A filter graph to load",
            "type": "",
            "params": true
          },
          {
            "id": "device",
            "name": "api.alsa.path",
            "description": "The ALSA device",
            "type": "front:1"
          },
          {
            "id": "deviceName",
            "description": "The ALSA device name",
            "type": ""
          },
          {
            "id": "cardName",
            "description": "The ALSA card name",
            "type": ""
          },
          {
            "id": "latencyOffsetNsec",
            "description": "Latency offset (ns)",
            "type": { "default": 0, "min": 0, "max": 2000000000 }
          },
          {
            "name": "audio.channels",
            "description": "Audio Channels",
            "type": 2,
            "params": true
          },
          {
            "name": "audio.rate",
            "description": "Audio Rate",
            "type": 0,
            "params": true
          },
          {
            "name": "audio.format",
            "description": "Audio Format",
            "type": "S16LE",
            "params": true
          },
          {
            "name": "audio.position",
            "description": "Audio Position",
            "type": "[ FL, FR ]",
            "params": true
          },
          {
            "name": "audio.allowed-rates",
            "description": "Audio Allowed Rates",
            "type": "[  ]",
            "params": true
          },
          {
            "name": "api.alsa.period-size",
            "description": "Period Size",
            "type": { "default": 0, "min": 0, "max": 8192 },
            "params": true
          },
          {
            "name": "api.alsa.period-num",
            "description": "Number of Periods",
            "type": { "default": 0, "min": 0, "max": 1024 },
            "params": true
          },
          {
            "name": "api.alsa.headroom",
            "description": "Headroom",
            "type": { "default": 0, "min": 0, "max": 8192 },
            "params": true
          },
          {
            "name": "api.alsa.start-delay",
            "description": "Start Delay",
            "type": { "default": 0, "min": 0, "max": 8192 },
            "params": true
          },
          {
            "name": "api.alsa.disable-mmap",
            "description": "Disable MMAP",
            "type": {
              "default": false,
              "alt1": false,
              "alt2": true
            },
            "params": true
          },
          {
            "name": "api.alsa.disable-batch",
            "description": "Disable Batch",
            "type": {
              "default": false,
              "alt1": false,
              "alt2": true
            },
            "params": true
          },
          {
            "name": "api.alsa.disable-tsched",
            "description": "Disable timer based scheduling",
            "type": {
              "default": false,
              "alt1": false,
              "alt2": true
            },
            "params": true
          },
          {
            "name": "api.alsa.use-chmap",
            "description": "Use the driver channelmap",
            "type": {
              "default": false,
              "alt1": false,
              "alt2": true
            },
            "params": true
          },
          {
            "name": "api.alsa.multi-rate",
            "description": "Support multiple rates",
            "type": {
              "default": true,
              "alt1": true,
              "alt2": false
            },
            "params": true
          },
          {
            "name": "api.alsa.htimestamp",
            "description": "Use hires timestamps",
            "type": {
              "default": false,
              "alt1": false,
              "alt2": true
            },
            "params": true
          },
          {
            "name": "latency.internal.rate",
            "description": "Internal latency in samples",
            "type": { "default": 0, "min": 0, "max": 65536 },
            "params": true
          },
          {
            "name": "latency.internal.ns",
            "description": "Internal latency in nanoseconds",
            "type": { "default": 0, "min": 0, "max": 2000000000 },
            "params": true
          },
          {
            "name": "clock.name",
            "description": "The name of the clock",
            "type": "api.alsa.c-1",
            "params": true
          },
          {
            "name": "api.alsa.htimestamp.max-errors",
            "description": "Max errors before disabling htimestamp",
            "type": { "default": 64, "min": 0, "max": 2147483647 },
            "params": true
          }
        ],
        "Props": [
          {
            "volume": 1.000000,
            "mute": false,
            "channelVolumes": [ 1.000000, 1.000000 ],
            "channelMap": [ "FL", "FR" ],
            "softMute": false,
            "softVolumes": [ 1.000000, 1.000000 ],
            "monitorMute": false,
            "monitorVolumes": [ 1.000000, 1.000000 ],
            "params": [
              "monitor.channel-volumes",
              false,
              "channelmix.disable",
              false,
              "channelmix.min-volume",
              0.000000,
              "channelmix.max-volume",
              10.000000,
              "channelmix.normalize",
              false,
              "channelmix.mix-lfe",
              true,
              "channelmix.upmix",
              true,
              "channelmix.lfe-cutoff",
              0.000000,
              "channelmix.fc-cutoff",
              0.000000,
              "channelmix.rear-delay",
              0.000000,
              "channelmix.stereo-widen",
              0.000000,
              "channelmix.hilbert-taps",
              0,
              "channelmix.upmix-method",
              "none",
              "resample.quality",
              4,
              "resample.disable",
              false,
              "dither.noise",
              0,
              "dither.method",
              "none",
              "debug.wav-path",
              "",
              "channelmix.lock-volumes",
              false,
              "audioconvert.filter-graph.disable",
              false,
              "audioconvert.filter-graph",
              ""
            ]
          },
          {
            "device": "front:1",
            "deviceName": "",
            "cardName": "",
            "latencyOffsetNsec": 0,
            "params": [
              "audio.channels",
              2,
              "audio.rate",
              0,
              "audio.format",
              "S16LE",
              "audio.position",
              "[ FL, FR ]",
              "audio.allowed-rates",
              "[  ]",
              "api.alsa.period-size",
              0,
              "api.alsa.period-num",
              0,
              "api.alsa.headroom",
              0,
              "api.alsa.start-delay",
              0,
              "api.alsa.disable-mmap",
              false,
              "api.alsa.disable-batch",
              false,
              "api.alsa.disable-tsched",
              false,
              "api.alsa.use-chmap",
              false,
              "api.alsa.multi-rate",
              true,
              "api.alsa.htimestamp",
              false,
              "api.alsa.htimestamp.max-errors",
              64,
              "latency.internal.rate",
              0,
              "latency.internal.ns",
              0,
              "clock.name",
              "api.alsa.c-1"
            ]
          }
        ],
        "Format": [ ],
        "EnumPortConfig": [
          {
            "direction": "Output",
            "mode": {
              "default": "none",
              "alt1": "none",
              "alt2": "dsp",
              "alt3": "convert"
            },
            "monitor": {
              "default": false,
              "alt1": false,
              "alt2": true
            },
            "control": {
              "default": false,
              "alt1": false,
              "alt2": true
            }
          }
        ],
        "PortConfig": [
          {
            "direction": "Output",
            "mode": "dsp",
            "monitor": true,
            "control": false,
            "format": {
              "mediaType": "audio",
              "mediaSubtype": "raw",
              "format": "F32P",
              "channels": 2,
              "position": [ "FL", "FR" ]
            }
          }
        ],
        "Latency": [
          {
            "direction": "Input",
            "minQuantum": 0.000000,
            "maxQuantum": 0.000000,
            "minRate": 0,
            "maxRate": 0,
            "minNs": 0,
            "maxNs": 0
          },
          {
            "direction": "Output",
            "minQuantum": 1.000000,
            "maxQuantum": 1.000000,
            "minRate": 0,
            "maxRate": 0,
            "minNs": 0,
            "maxNs": 0
          }
        ],
        "ProcessLatency": [
          {
            "quantum": 0.000000,
            "rate": 0,
            "ns": 0
          }
        ],
        "Tag": [
        ]
      }
    }
  },
  {
    "id": 43,
    "type": "PipeWire:Interface:Node",
    "version": 3,
    "permissions": [ "r", "w", "x", "m" ],
    "info": {
      "max-input-ports": 1,
      "max-output-ports": 1,
      "change-mask": [ "input-ports", "output-ports", "state", "props", "params" ],
      "n-input-ports": 1,
      "n-output-ports": 1,
      "state": "suspended",
      "error": null,
      "props": {
        "api.bluez5.role": "server",
        "api.glib.mainloop": true,
        "client.id": 62,
        "clock.quantum-limit": 8192,
        "device.api": "bluez5",
        "factory.id": 14,
        "factory.name": "api.bluez5.midi.node",
        "media.class": "Midi/Bridge",
        "node.description": "BLE MIDI 1",
        "node.loop.name": "data-loop.0",
        "node.name": "bluez_midi.server",
        "object.id": 43,
        "object.serial": 224
      },
      "params": {
        "PropInfo": [
          {
            "id": "latencyOffsetNsec",
            "description": "Latency offset (ns)",
            "type": { "default": 0, "min": -9223372036854775808, "max": 9223372036854775807 }
          },
          {
            "id": "deviceName",
            "description": "Device name",
            "type": "BLE MIDI 1"
          }
        ],
        "Props": [
          {
            "latencyOffsetNsec": 0,
            "deviceName": "BLE MIDI 1"
          }
        ],
        "IO": [
        ]
      }
    }
  },
  {
    "id": 45,
    "type": "PipeWire:Interface:Port",
    "version": 3,
    "permissions": [ "r", "x", "m" ],
    "info": {
      "direction": "input",
      "change-mask": [ "props", "params" ],
      "props": {
        "format.dsp": "32 bit raw UMP",
        "node.id": 43,
        "object.id": 45,
        "object.path": "bluez_midi.server:input_0",
        "object.serial": 225,
        "port.alias": "in",
        "port.direction": "in",
        "port.group": "group.0",
        "port.id": 0,
        "port.name": "in",
        "port.physical": true,
        "port.terminal": true
      },
      "params": {
        "EnumFormat": [
          {
            "mediaType": "application",
            "mediaSubtype": "control",
            "types": {
              "default": 16
            }
          }
        ],
        "Meta": [
          {
            "type": "Header",
            "size": 32
          }
        ],
        "IO": [
          {
            "id": "Buffers",
            "size": 8
          },
          {
            "id": "AsyncBuffers",
            "size": 8
          }
        ],
        "Format": [ ],
        "Buffers": [ ],
        "Latency": [
          {
            "direction": "Input",
            "minQuantum": 1.000000,
            "maxQuantum": 1.000000,
            "minRate": 0,
            "maxRate": 0,
            "minNs": 0,
            "maxNs": 0
          }
        ]
      }
    }
  },
  {
    "id": 72,
    "type": "PipeWire:Interface:Port",
    "version": 3,
    "permissions": [ "r", "x", "m" ],
    "info": {
      "direction": "output",
      "change-mask": [ "props", "params" ],
      "props": {
        "format.dsp": "32 bit raw UMP",
        "node.id": 43,
        "object.id": 72,
        "object.path": "bluez_midi.server:output_0",
        "object.serial": 226,
        "port.alias": "out",
        "port.direction": "out",
        "port.group": "group.0",
        "port.id": 0,
        "port.name": "out",
        "port.physical": true,
        "port.terminal": true
      },
      "params": {
        "EnumFormat": [
          {
            "mediaType": "application",
            "mediaSubtype": "control",
            "types": {
              "default": 16
            }
          }
        ],
        "Meta": [
          {
            "type": "Header",
            "size": 32
          }
        ],
        "IO": [
          {
            "id": "Buffers",
            "size": 8
          },
          {
            "id": "AsyncBuffers",
            "size": 8
          }
        ],
        "Format": [ ],
        "Buffers": [ ],
        "Latency": [
          {
            "direction": "Output",
            "minQuantum": 1.000000,
            "maxQuantum": 1.000000,
            "minRate": 0,
            "maxRate": 0,
            "minNs": 0,
            "maxNs": 0
          }
        ]
      }
    }
  },
  {
    "id": 71,
    "type": "PipeWire:Interface:Node",
    "version": 3,
    "permissions": [ "r", "w", "x", "m" ],
    "info": {
      "max-input-ports": 65,
      "max-output-ports": 0,
      "change-mask": [ "input-ports", "output-ports", "state", "props", "params" ],
      "n-input-ports": 2,
      "n-output-ports": 2,
      "state": "suspended",
      "error": null,
      "props": {
        "alsa.card": 0,
        "alsa.card_name": "bcm2835 Headphones",
        "alsa.class": "generic",
        "alsa.device": 0,
        "alsa.id": "bcm2835 Headphones",
        "alsa.long_card_name": "bcm2835 Headphones",
        "alsa.mixer_name": "Broadcom Mixer",
        "alsa.name": "bcm2835 Headphones",
        "alsa.resolution_bits": 16,
        "alsa.subclass": "generic-mix",
        "alsa.subdevice": 0,
        "alsa.subdevice_name": "subdevice #0",
        "alsa.sync.id": "00000000:00000000:00000000:00000000",
        "api.alsa.card.longname": "bcm2835 Headphones",
        "api.alsa.card.name": "bcm2835 Headphones",
        "api.alsa.path": "hw:0",
        "api.alsa.pcm.card": 0,
        "api.alsa.pcm.stream": "playback",
        "audio.channels": 2,
        "audio.position": "FL,FR",
        "card.profile.device": 1,
        "client.id": 62,
        "clock.quantum-limit": 8192,
        "device.api": "alsa",
        "device.class": "sound",
        "device.icon-name": "audio-card-analog",
        "device.id": 61,
        "device.profile.description": "Stereo",
        "device.profile.name": "stereo-fallback",
        "device.routes": 1,
        "factory.id": 19,
        "factory.name": "api.alsa.pcm.sink",
        "library.name": "audioconvert/libspa-audioconvert",
        "media.class": "Audio/Sink",
        "node.description": "Built-in Audio Stereo",
        "node.driver": true,
        "node.loop.name": "data-loop.0",
        "node.name": "alsa_output.platform-3f00b840.mailbox.stereo-fallback",
        "node.nick": "bcm2835 Headphones",
        "node.pause-on-idle": false,
        "object.id": 71,
        "object.path": "alsa:acp:Headphones:1:playback",
        "object.serial": 227,
        "port.group": "playback",
        "priority.driver": 1000,
        "priority.session": 1000
      },
      "params": {
        "EnumFormat": [
          {
            "mediaType": "audio",
            "mediaSubtype": "raw",
            "format": {
              "default": "S16LE",
              "alt1": "S16LE",
              "alt2": "U8"
            },
            "rate": { "default": 48000, "min": 8000, "max": 192000 },
            "channels": 2,
            "position": [ "FL", "FR" ]
          }
        ],
        "PropInfo": [
          {
            "id": "volume",
            "description": "Volume",
            "type": { "default": 1.000000, "min": 0.000000, "max": 10.000000 }
          },
          {
            "id": "mute",
            "description": "Mute",
            "type": {
              "default": false,
              "alt1": false,
              "alt2": true
            }
          },
          {
            "id": "channelVolumes",
            "description": "Channel Volumes",
            "type": { "default": 1.000000, "min": 0.000000, "max": 10.000000 },
            "container": "Array"
          },
          {
            "id": "channelMap",
            "description": "Channel Map",
            "type": "",
            "container": "Array"
          },
          {
            "id": "monitorMute",
            "description": "Monitor Mute",
            "type": {
              "default": false,
              "alt1": false,
              "alt2": true
            }
          },
          {
            "id": "monitorVolumes",
            "description": "Monitor Volumes",
            "type": { "default": 1.000000, "min": 0.000000, "max": 10.000000 },
            "container": "Array"
          },
          {
            "id": "softMute",
            "description": "Soft Mute",
            "type": {
              "default": false,
              "alt1": false,
              "alt2": true
            }
          },
          {
            "id": "softVolumes",
            "description": "Soft Volumes",
            "type": { "default": 1.000000, "min": 0.000000, "max": 10.000000 },
            "container": "Array"
          },
          {
            "name": "monitor.channel-volumes",
            "description": "Monitor channel volume",
            "type": {
              "default": false,
              "alt1": false,
              "alt2": true
            },
            "params": true
          },
          {
            "name": "channelmix.disable",
            "description": "Disable Channel mixing",
            "type": {
              "default": false,
              "alt1": false,
              "alt2": true
            },
            "params": true
          },
          {
            "name": "channelmix.min-volume",
            "description": "Minimum volume level",
            "type": { "default": 0.000000, "min": 0.000000, "max": 10.000000 },
            "params": true
          },
          {
            "name": "channelmix.max-volume",
            "description": "Maximum volume level",
            "type": { "default": 10.000000, "min": 0.000000, "max": 10.000000 },
            "params": true
          },
          {
            "name": "channelmix.normalize",
            "description": "Normalize Volumes",
            "type": {
              "default": false,
              "alt1": false,
              "alt2": true
            },
            "params": true
          },
          {
            "name": "channelmix.mix-lfe",
            "description": "Mix LFE into channels",
            "type": {
              "default": true,
              "alt1": true,
              "alt2": false
            },
            "params": true
          },
          {
            "name": "channelmix.upmix",
            "description": "Enable upmixing",
            "type": {
              "default": true,
              "alt1": true,
              "alt2": false
            },
            "params": true
          },
          {
            "name": "channelmix.lfe-cutoff",
            "description": "LFE cutoff frequency",
            "type": { "default": 0.000000, "min": 0.000000, "max": 1000.000000 },
            "params": true
          },
          {
            "name": "channelmix.fc-cutoff",
            "description": "FC cutoff frequency (Hz)",
            "type": { "default": 0.000000, "min": 0.000000, "max": 48000.000000 },
            "params": true
          },
          {
            "name": "channelmix.rear-delay",
            "description": "Rear channels delay (ms)",
            "type": { "default": 0.000000, "min": 0.000000, "max": 1000.000000 },
            "params": true
          },
          {
            "name": "channelmix.stereo-widen",
            "description": "Stereo widen",
            "type": { "default": 0.000000, "min": 0.000000, "max": 1.000000 },
            "params": true
          },
          {
            "name": "channelmix.hilbert-taps",
            "description": "Taps for phase shift of rear",
            "type": { "default": 0, "min": 0, "max": 255 },
            "params": true
          },
          {
            "name": "channelmix.upmix-method",
            "description": "Upmix method to use",
            "type": "none",
            "params": true,
            "labels": [
              "none",
              "Disabled",
              "simple",
              "Simple upmixing",
              "psd",
              "Passive Surround Decoding"
            ]
          },
          {
            "id": "rate",
            "description": "Rate scaler",
            "type": { "default": 1.000000, "min": 0.000000, "max": 10.000000 }
          },
          {
            "id": "quality",
            "name": "resample.quality",
            "description": "Resample Quality",
            "type": { "default": 4, "min": 0, "max": 14 },
            "params": true
          },
          {
            "name": "resample.disable",
            "description": "Disable Resampling",
            "type": {
              "default": false,
              "alt1": false,
              "alt2": true
            },
            "params": true
          },
          {
            "name": "dither.noise",
            "description": "Add noise bits",
            "type": { "default": 0, "min": 0, "max": 16 },
            "params": true
          },
          {
            "name": "dither.method",
            "description": "The dithering method",
            "type": "none",
            "params": true,
            "labels": [
              "none",
              "Disabled",
              "rectangular",
              "Rectangular dithering",
              "triangular",
              "Triangular dithering",
              "triangular-hf",
              "Sloped Triangular dithering",
              "wannamaker3",
              "Wannamaker 3 dithering",
              "shaped5",
              "Lipshitz 5 dithering"
            ]
          },
          {
            "name": "debug.wav-path",
            "description": "Path to WAV file",
            "type": "",
            "params": true
          },
          {
            "name": "channelmix.lock-volumes",
            "description": "Disable volume updates",
            "type": {
              "default": false,
              "alt1": false,
              "alt2": true
            },
            "params": true
          },
          {
            "name": "audioconvert.filter-graph.disable",
            "description": "Disable Filter graph updates",
            "type": {
              "default": false,
              "alt1": false,
              "alt2": true
            },
            "params": true
          },
          {
            "name": "audioconvert.filter-graph",
            "description": "A filter graph to load",
            "type": "",
            "params": true
          },
          {
            "id": "device",
            "name": "api.alsa.path",
            "description": "The ALSA device",
            "type": "hw:0"
          },
          {
            "id": "deviceName",
            "description": "The ALSA device name",
            "type": ""
          },
          {
            "id": "cardName",
            "description": "The ALSA card name",
            "type": ""
          },
          {
            "id": "latencyOffsetNsec",
            "description": "Latency offset (ns)",
            "type": { "default": 0, "min": 0, "max": 2000000000 }
          },
          {
            "name": "audio.channels",
            "description": "Audio Channels",
            "type": 2,
            "params": true
          },
          {
            "name": "audio.rate",
            "description": "Audio Rate",
            "type": 0,
            "params": true
          },
          {
            "name": "audio.format",
            "description": "Audio Format",
            "type": "UNKNOWN",
            "params": true
          },
          {
            "name": "audio.position",
            "description": "Audio Position",
            "type": "[ FL, FR ]",
            "params": true
          },
          {
            "name": "audio.allowed-rates",
            "description": "Audio Allowed Rates",
            "type": "[  ]",
            "params": true
          },
          {
            "name": "api.alsa.period-size",
            "description": "Period Size",
            "type": { "default": 0, "min": 0, "max": 8192 },
            "params": true
          },
          {
            "name": "api.alsa.period-num",
            "description": "Number of Periods",
            "type": { "default": 0, "min": 0, "max": 1024 },
            "params": true
          },
          {
            "name": "api.alsa.headroom",
            "description": "Headroom",
            "type": { "default": 0, "min": 0, "max": 8192 },
            "params": true
          },
          {
            "name": "api.alsa.start-delay",
            "description": "Start Delay",
            "type": { "default": 0, "min": 0, "max": 8192 },
            "params": true
          },
          {
            "name": "api.alsa.disable-mmap",
            "description": "Disable MMAP",
            "type": {
              "default": false,
              "alt1": false,
              "alt2": true
            },
            "params": true
          },
          {
            "name": "api.alsa.disable-batch",
            "description": "Disable Batch",
            "type": {
              "default": false,
              "alt1": false,
              "alt2": true
            },
            "params": true
          },
          {
            "name": "api.alsa.disable-tsched",
            "description": "Disable timer based scheduling",
            "type": {
              "default": false,
              "alt1": false,
              "alt2": true
            },
            "params": true
          },
          {
            "name": "api.alsa.use-chmap",
            "description": "Use the driver channelmap",
            "type": {
              "default": false,
              "alt1": false,
              "alt2": true
            },
            "params": true
          },
          {
            "name": "api.alsa.multi-rate",
            "description": "Support multiple rates",
            "type": {
              "default": true,
              "alt1": true,
              "alt2": false
            },
            "params": true
          },
          {
            "name": "api.alsa.htimestamp",
            "description": "Use hires timestamps",
            "type": {
              "default": false,
              "alt1": false,
              "alt2": true
            },
            "params": true
          },
          {
            "name": "latency.internal.rate",
            "description": "Internal latency in samples",
            "type": { "default": 0, "min": 0, "max": 65536 },
            "params": true
          },
          {
            "name": "latency.internal.ns",
            "description": "Internal latency in nanoseconds",
            "type": { "default": 0, "min": 0, "max": 2000000000 },
            "params": true
          },
          {
            "name": "clock.name",
            "description": "The name of the clock",
            "type": "api.alsa.p-0",
            "params": true
          },
          {
            "name": "api.alsa.htimestamp.max-errors",
            "description": "Max errors before disabling htimestamp",
            "type": { "default": 64, "min": 0, "max": 2147483647 },
            "params": true
          }
        ],
        "Props": [
          {
            "volume": 1.000000,
            "mute": false,
            "channelVolumes": [ 0.614105, 0.614105 ],
            "channelMap": [ "FL", "FR" ],
            "softMute": false,
            "softVolumes": [ 1.000000, 1.000000 ],
            "monitorMute": false,
            "monitorVolumes": [ 1.000000, 1.000000 ],
            "params": [
              "monitor.channel-volumes",
              false,
              "channelmix.disable",
              false,
              "channelmix.min-volume",
              0.000000,
              "channelmix.max-volume",
              10.000000,
              "channelmix.normalize",
              false,
              "channelmix.mix-lfe",
              true,
              "channelmix.upmix",
              true,
              "channelmix.lfe-cutoff",
              0.000000,
              "channelmix.fc-cutoff",
              0.000000,
              "channelmix.rear-delay",
              0.000000,
              "channelmix.stereo-widen",
              0.000000,
              "channelmix.hilbert-taps",
              0,
              "channelmix.upmix-method",
              "none",
              "resample.quality",
              4,
              "resample.disable",
              false,
              "dither.noise",
              0,
              "dither.method",
              "none",
              "debug.wav-path",
              "",
              "channelmix.lock-volumes",
              false,
              "audioconvert.filter-graph.disable",
              false,
              "audioconvert.filter-graph",
              ""
            ]
          },
          {
            "device": "hw:0",
            "deviceName": "",
            "cardName": "",
            "latencyOffsetNsec": 0,
            "params": [
              "audio.channels",
              2,
              "audio.rate",
              0,
              "audio.format",
              "UNKNOWN",
              "audio.position",
              "[ FL, FR ]",
              "audio.allowed-rates",
              "[  ]",
              "api.alsa.period-size",
              0,
              "api.alsa.period-num",
              0,
              "api.alsa.headroom",
              0,
              "api.alsa.start-delay",
              0,
              "api.alsa.disable-mmap",
              false,
              "api.alsa.disable-batch",
              false,
              "api.alsa.disable-tsched",
              false,
              "api.alsa.use-chmap",
              false,
              "api.alsa.multi-rate",
              true,
              "api.alsa.htimestamp",
              false,
              "api.alsa.htimestamp.max-errors",
              64,
              "latency.internal.rate",
              0,
              "latency.internal.ns",
              0,
              "clock.name",
              "api.alsa.p-0"
            ]
          }
        ],
        "Format": [ ],
        "EnumPortConfig": [
          {
            "direction": "Input",
            "mode": {
              "default": "none",
              "alt1": "none",
              "alt2": "dsp",
              "alt3": "convert"
            },
            "monitor": {
              "default": false,
              "alt1": false,
              "alt2": true
            },
            "control": {
              "default": false,
              "alt1": false,
              "alt2": true
            }
          }
        ],
        "PortConfig": [
          {
            "direction": "Input",
            "mode": "dsp",
            "monitor": true,
            "control": false,
            "format": {
              "mediaType": "audio",
              "mediaSubtype": "raw",
              "format": "F32P",
              "channels": 2,
              "position": [ "FL", "FR" ]
            }
          }
        ],
        "Latency": [
          {
            "direction": "Input",
            "minQuantum": 1.000000,
            "maxQuantum": 1.000000,
            "minRate": 0,
            "maxRate": 0,
            "minNs": 0,
            "maxNs": 0
          },
          {
            "direction": "Output",
            "minQuantum": 0.000000,
            "maxQuantum": 0.000000,
            "minRate": 0,
            "maxRate": 0,
            "minNs": 0,
            "maxNs": 0
          }
        ],
        "ProcessLatency": [
          {
            "quantum": 0.000000,
            "rate": 0,
            "ns": 0
          }
        ],
        "Tag": [
        ]
      }
    }
  },
  {
    "id": 47,
    "type": "PipeWire:Interface:Device",
    "version": 3,
    "permissions": [ "r", "w", "x", "m" ],
    "info": {
      "change-mask": [ "props", "params" ],
      "props": {
        "api.v4l2.cap.bus_info": "platform:bcm2835-codec",
        "api.v4l2.cap.capabilities": 84204000,
        "api.v4l2.cap.card": "bcm2835-codec-decode",
        "api.v4l2.cap.device-caps": 4204000,
        "api.v4l2.cap.driver": "bcm2835-codec",
        "api.v4l2.cap.version": "6.18.34",
        "api.v4l2.path": "/dev/video10",
        "client.id": 62,
        "device.api": "v4l2",
        "device.bus-path": "platform-3f00b840.mailbox",
        "device.capabilities": ":",
        "device.description": "bcm2835-codec-decode",
        "device.devids": "[ 20736 ]",
        "device.enum.api": "udev",
        "device.name": "v4l2_device.platform-3f00b840.mailbox",
        "device.plugged.usec": 10005357,
        "device.product.name": "bcm2835-codec-decode",
        "device.subsystem": "video4linux",
        "device.sysfs.path": "/devices/platform/soc/3f00b840.mailbox/bcm2835-codec/video4linux/video10",
        "factory.id": 15,
        "media.class": "Video/Device",
        "object.id": 47,
        "object.path": "v4l2:/dev/video10",
        "object.serial": 228
      },
      "params": {
      }
    }
  },
  {
    "id": 63,
    "type": "PipeWire:Interface:Device",
    "version": 3,
    "permissions": [ "r", "w", "x", "m" ],
    "info": {
      "change-mask": [ "props", "params" ],
      "props": {
        "api.v4l2.cap.bus_info": "platform:bcm2835-codec",
        "api.v4l2.cap.capabilities": 84204000,
        "api.v4l2.cap.card": "bcm2835-codec-encode",
        "api.v4l2.cap.device-caps": 4204000,
        "api.v4l2.cap.driver": "bcm2835-codec",
        "api.v4l2.cap.version": "6.18.34",
        "api.v4l2.path": "/dev/video11",
        "client.id": 62,
        "device.api": "v4l2",
        "device.bus-path": "platform-3f00b840.mailbox",
        "device.capabilities": ":",
        "device.description": "bcm2835-codec-encode",
        "device.devids": "[ 20737 ]",
        "device.enum.api": "udev",
        "device.name": "v4l2_device.platform-3f00b840.mailbox",
        "device.plugged.usec": 10018116,
        "device.product.name": "bcm2835-codec-encode",
        "device.subsystem": "video4linux",
        "device.sysfs.path": "/devices/platform/soc/3f00b840.mailbox/bcm2835-codec/video4linux/video11",
        "factory.id": 15,
        "media.class": "Video/Device",
        "object.id": 63,
        "object.path": "v4l2:/dev/video11",
        "object.serial": 229
      },
      "params": {
      }
    }
  },
  {
    "id": 65,
    "type": "PipeWire:Interface:Device",
    "version": 3,
    "permissions": [ "r", "w", "x", "m" ],
    "info": {
      "change-mask": [ "props", "params" ],
      "props": {
        "api.v4l2.cap.bus_info": "platform:bcm2835-codec",
        "api.v4l2.cap.capabilities": 84204000,
        "api.v4l2.cap.card": "bcm2835-codec-isp",
        "api.v4l2.cap.device-caps": 4204000,
        "api.v4l2.cap.driver": "bcm2835-codec",
        "api.v4l2.cap.version": "6.18.34",
        "api.v4l2.path": "/dev/video12",
        "client.id": 62,
        "device.api": "v4l2",
        "device.bus-path": "platform-3f00b840.mailbox",
        "device.capabilities": ":",
        "device.description": "bcm2835-codec-isp",
        "device.devids": "[ 20744 ]",
        "device.enum.api": "udev",
        "device.name": "v4l2_device.platform-3f00b840.mailbox",
        "device.plugged.usec": 10051412,
        "device.product.name": "bcm2835-codec-isp",
        "device.subsystem": "video4linux",
        "device.sysfs.path": "/devices/platform/soc/3f00b840.mailbox/bcm2835-codec/video4linux/video12",
        "factory.id": 15,
        "media.class": "Video/Device",
        "object.id": 65,
        "object.path": "v4l2:/dev/video12",
        "object.serial": 230
      },
      "params": {
      }
    }
  },
  {
    "id": 64,
    "type": "PipeWire:Interface:Device",
    "version": 3,
    "permissions": [ "r", "w", "x", "m" ],
    "info": {
      "change-mask": [ "props", "params" ],
      "props": {
        "api.v4l2.cap.bus_info": "platform:bcm2835-codec",
        "api.v4l2.cap.capabilities": 84204000,
        "api.v4l2.cap.card": "bcm2835-codec-image_fx",
        "api.v4l2.cap.device-caps": 4204000,
        "api.v4l2.cap.driver": "bcm2835-codec",
        "api.v4l2.cap.version": "6.18.34",
        "api.v4l2.path": "/dev/video18",
        "client.id": 62,
        "device.api": "v4l2",
        "device.bus-path": "platform-3f00b840.mailbox",
        "device.capabilities": ":",
        "device.description": "bcm2835-codec-image_fx",
        "device.devids": "[ 20747 ]",
        "device.enum.api": "udev",
        "device.name": "v4l2_device.platform-3f00b840.mailbox",
        "device.plugged.usec": 10060453,
        "device.product.name": "bcm2835-codec-image_fx",
        "device.subsystem": "video4linux",
        "device.sysfs.path": "/devices/platform/soc/3f00b840.mailbox/bcm2835-codec/video4linux/video18",
        "factory.id": 15,
        "media.class": "Video/Device",
        "object.id": 64,
        "object.path": "v4l2:/dev/video18",
        "object.serial": 231
      },
      "params": {
      }
    }
  },
  {
    "id": 66,
    "type": "PipeWire:Interface:Device",
    "version": 3,
    "permissions": [ "r", "w", "x", "m" ],
    "info": {
      "change-mask": [ "props", "params" ],
      "props": {
        "api.v4l2.cap.bus_info": "platform:bcm2835-codec",
        "api.v4l2.cap.capabilities": 84204000,
        "api.v4l2.cap.card": "bcm2835-codec-encode_image",
        "api.v4l2.cap.device-caps": 4204000,
        "api.v4l2.cap.driver": "bcm2835-codec",
        "api.v4l2.cap.version": "6.18.34",
        "api.v4l2.path": "/dev/video31",
        "client.id": 62,
        "device.api": "v4l2",
        "device.bus-path": "platform-3f00b840.mailbox",
        "device.capabilities": ":",
        "device.description": "bcm2835-codec-encode_image",
        "device.devids": "[ 20748 ]",
        "device.enum.api": "udev",
        "device.name": "v4l2_device.platform-3f00b840.mailbox",
        "device.plugged.usec": 10064528,
        "device.product.name": "bcm2835-codec-encode_image",
        "device.subsystem": "video4linux",
        "device.sysfs.path": "/devices/platform/soc/3f00b840.mailbox/bcm2835-codec/video4linux/video31",
        "factory.id": 15,
        "media.class": "Video/Device",
        "object.id": 66,
        "object.path": "v4l2:/dev/video31",
        "object.serial": 232
      },
      "params": {
      }
    }
  },
  {
    "id": 48,
    "type": "PipeWire:Interface:Device",
    "version": 3,
    "permissions": [ "r", "w", "x", "m" ],
    "info": {
      "change-mask": [ "props", "params" ],
      "props": {
        "api.v4l2.cap.bus_info": "platform:bcm2835-isp",
        "api.v4l2.cap.capabilities": 84200002,
        "api.v4l2.cap.card": "bcm2835-isp",
        "api.v4l2.cap.device-caps": 4200002,
        "api.v4l2.cap.driver": "bcm2835-isp",
        "api.v4l2.cap.version": "6.18.34",
        "api.v4l2.path": "/dev/video13",
        "client.id": 62,
        "device.api": "v4l2",
        "device.bus-path": "platform-3f00b840.mailbox",
        "device.capabilities": ":video_output:",
        "device.description": "bcm2835-isp",
        "device.devids": "[ 20738 ]",
        "device.enum.api": "udev",
        "device.name": "v4l2_device.platform-3f00b840.mailbox",
        "device.plugged.usec": 10019717,
        "device.product.name": "bcm2835-isp",
        "device.subsystem": "video4linux",
        "device.sysfs.path": "/devices/platform/soc/3f00b840.mailbox/bcm2835-isp/video4linux/video13",
        "factory.id": 15,
        "media.class": "Video/Device",
        "object.id": 48,
        "object.path": "v4l2:/dev/video13",
        "object.serial": 233
      },
      "params": {
      }
    }
  },
  {
    "id": 70,
    "type": "PipeWire:Interface:Device",
    "version": 3,
    "permissions": [ "r", "w", "x", "m" ],
    "info": {
      "change-mask": [ "props", "params" ],
      "props": {
        "api.v4l2.cap.bus_info": "platform:bcm2835-isp",
        "api.v4l2.cap.capabilities": 84200001,
        "api.v4l2.cap.card": "bcm2835-isp",
        "api.v4l2.cap.device-caps": 4200001,
        "api.v4l2.cap.driver": "bcm2835-isp",
        "api.v4l2.cap.version": "6.18.34",
        "api.v4l2.path": "/dev/video14",
        "client.id": 62,
        "device.api": "v4l2",
        "device.bus-path": "platform-3f00b840.mailbox",
        "device.capabilities": ":capture:",
        "device.description": "bcm2835-isp",
        "device.devids": "[ 20739 ]",
        "device.enum.api": "udev",
        "device.name": "v4l2_device.platform-3f00b840.mailbox",
        "device.plugged.usec": 10023500,
        "device.product.name": "bcm2835-isp",
        "device.subsystem": "video4linux",
        "device.sysfs.path": "/devices/platform/soc/3f00b840.mailbox/bcm2835-isp/video4linux/video14",
        "factory.id": 15,
        "media.class": "Video/Device",
        "object.id": 70,
        "object.path": "v4l2:/dev/video14",
        "object.serial": 234
      },
      "params": {
      }
    }
  },
  {
    "id": 68,
    "type": "PipeWire:Interface:Device",
    "version": 3,
    "permissions": [ "r", "w", "x", "m" ],
    "info": {
      "change-mask": [ "props", "params" ],
      "props": {
        "api.v4l2.cap.bus_info": "platform:bcm2835-isp",
        "api.v4l2.cap.capabilities": 84200001,
        "api.v4l2.cap.card": "bcm2835-isp",
        "api.v4l2.cap.device-caps": 4200001,
        "api.v4l2.cap.driver": "bcm2835-isp",
        "api.v4l2.cap.version": "6.18.34",
        "api.v4l2.path": "/dev/video15",
        "client.id": 62,
        "device.api": "v4l2",
        "device.bus-path": "platform-3f00b840.mailbox",
        "device.capabilities": ":capture:",
        "device.description": "bcm2835-isp",
        "device.devids": "[ 20740 ]",
        "device.enum.api": "udev",
        "device.name": "v4l2_device.platform-3f00b840.mailbox",
        "device.plugged.usec": 10024384,
        "device.product.name": "bcm2835-isp",
        "device.subsystem": "video4linux",
        "device.sysfs.path": "/devices/platform/soc/3f00b840.mailbox/bcm2835-isp/video4linux/video15",
        "factory.id": 15,
        "media.class": "Video/Device",
        "object.id": 68,
        "object.path": "v4l2:/dev/video15",
        "object.serial": 235
      },
      "params": {
      }
    }
  },
  {
    "id": 69,
    "type": "PipeWire:Interface:Device",
    "version": 3,
    "permissions": [ "r", "w", "x", "m" ],
    "info": {
      "change-mask": [ "props", "params" ],
      "props": {
        "api.v4l2.cap.bus_info": "platform:bcm2835-isp",
        "api.v4l2.cap.capabilities": "84a00000",
        "api.v4l2.cap.card": "bcm2835-isp",
        "api.v4l2.cap.device-caps": "04a00000",
        "api.v4l2.cap.driver": "bcm2835-isp",
        "api.v4l2.cap.version": "6.18.34",
        "api.v4l2.path": "/dev/video16",
        "client.id": 62,
        "device.api": "v4l2",
        "device.bus-path": "platform-3f00b840.mailbox",
        "device.capabilities": ":",
        "device.description": "bcm2835-isp",
        "device.devids": "[ 20741 ]",
        "device.enum.api": "udev",
        "device.name": "v4l2_device.platform-3f00b840.mailbox",
        "device.plugged.usec": 10027674,
        "device.product.name": "bcm2835-isp",
        "device.subsystem": "video4linux",
        "device.sysfs.path": "/devices/platform/soc/3f00b840.mailbox/bcm2835-isp/video4linux/video16",
        "factory.id": 15,
        "media.class": "Video/Device",
        "object.id": 69,
        "object.path": "v4l2:/dev/video16",
        "object.serial": 236
      },
      "params": {
      }
    }
  },
  {
    "id": 67,
    "type": "PipeWire:Interface:Device",
    "version": 3,
    "permissions": [ "r", "w", "x", "m" ],
    "info": {
      "change-mask": [ "props", "params" ],
      "props": {
        "api.v4l2.cap.bus_info": "platform:bcm2835-isp",
        "api.v4l2.cap.capabilities": 84200002,
        "api.v4l2.cap.card": "bcm2835-isp",
        "api.v4l2.cap.device-caps": 4200002,
        "api.v4l2.cap.driver": "bcm2835-isp",
        "api.v4l2.cap.version": "6.18.34",
        "api.v4l2.path": "/dev/video20",
        "client.id": 62,
        "device.api": "v4l2",
        "device.bus-path": "platform-3f00b840.mailbox",
        "device.capabilities": ":video_output:",
        "device.description": "bcm2835-isp",
        "device.devids": "[ 20742 ]",
        "device.enum.api": "udev",
        "device.name": "v4l2_device.platform-3f00b840.mailbox",
        "device.plugged.usec": 10041104,
        "device.product.name": "bcm2835-isp",
        "device.subsystem": "video4linux",
        "device.sysfs.path": "/devices/platform/soc/3f00b840.mailbox/bcm2835-isp/video4linux/video20",
        "factory.id": 15,
        "media.class": "Video/Device",
        "object.id": 67,
        "object.path": "v4l2:/dev/video20",
        "object.serial": 237
      },
      "params": {
      }
    }
  },
  {
    "id": 35,
    "type": "PipeWire:Interface:Device",
    "version": 3,
    "permissions": [ "r", "w", "x", "m" ],
    "info": {
      "change-mask": [ "props", "params" ],
      "props": {
        "api.v4l2.cap.bus_info": "platform:bcm2835-isp",
        "api.v4l2.cap.capabilities": 84200001,
        "api.v4l2.cap.card": "bcm2835-isp",
        "api.v4l2.cap.device-caps": 4200001,
        "api.v4l2.cap.driver": "bcm2835-isp",
        "api.v4l2.cap.version": "6.18.34",
        "api.v4l2.path": "/dev/video21",
        "client.id": 62,
        "device.api": "v4l2",
        "device.bus-path": "platform-3f00b840.mailbox",
        "device.capabilities": ":capture:",
        "device.description": "bcm2835-isp",
        "device.devids": "[ 20743 ]",
        "device.enum.api": "udev",
        "device.name": "v4l2_device.platform-3f00b840.mailbox",
        "device.plugged.usec": 10042069,
        "device.product.name": "bcm2835-isp",
        "device.subsystem": "video4linux",
        "device.sysfs.path": "/devices/platform/soc/3f00b840.mailbox/bcm2835-isp/video4linux/video21",
        "factory.id": 15,
        "media.class": "Video/Device",
        "object.id": 35,
        "object.path": "v4l2:/dev/video21",
        "object.serial": 238
      },
      "params": {
      }
    }
  },
  {
    "id": 44,
    "type": "PipeWire:Interface:Device",
    "version": 3,
    "permissions": [ "r", "w", "x", "m" ],
    "info": {
      "change-mask": [ "props", "params" ],
      "props": {
        "api.v4l2.cap.bus_info": "platform:bcm2835-isp",
        "api.v4l2.cap.capabilities": 84200001,
        "api.v4l2.cap.card": "bcm2835-isp",
        "api.v4l2.cap.device-caps": 4200001,
        "api.v4l2.cap.driver": "bcm2835-isp",
        "api.v4l2.cap.version": "6.18.34",
        "api.v4l2.path": "/dev/video22",
        "client.id": 62,
        "device.api": "v4l2",
        "device.bus-path": "platform-3f00b840.mailbox",
        "device.capabilities": ":capture:",
        "device.description": "bcm2835-isp",
        "device.devids": "[ 20745 ]",
        "device.enum.api": "udev",
        "device.name": "v4l2_device.platform-3f00b840.mailbox",
        "device.plugged.usec": 10052378,
        "device.product.name": "bcm2835-isp",
        "device.subsystem": "video4linux",
        "device.sysfs.path": "/devices/platform/soc/3f00b840.mailbox/bcm2835-isp/video4linux/video22",
        "factory.id": 15,
        "media.class": "Video/Device",
        "object.id": 44,
        "object.path": "v4l2:/dev/video22",
        "object.serial": 239
      },
      "params": {
      }
    }
  },
  {
    "id": 46,
    "type": "PipeWire:Interface:Device",
    "version": 3,
    "permissions": [ "r", "w", "x", "m" ],
    "info": {
      "change-mask": [ "props", "params" ],
      "props": {
        "api.v4l2.cap.bus_info": "platform:bcm2835-isp",
        "api.v4l2.cap.capabilities": "84a00000",
        "api.v4l2.cap.card": "bcm2835-isp",
        "api.v4l2.cap.device-caps": "04a00000",
        "api.v4l2.cap.driver": "bcm2835-isp",
        "api.v4l2.cap.version": "6.18.34",
        "api.v4l2.path": "/dev/video23",
        "client.id": 62,
        "device.api": "v4l2",
        "device.bus-path": "platform-3f00b840.mailbox",
        "device.capabilities": ":",
        "device.description": "bcm2835-isp",
        "device.devids": "[ 20746 ]",
        "device.enum.api": "udev",
        "device.name": "v4l2_device.platform-3f00b840.mailbox",
        "device.plugged.usec": 10052667,
        "device.product.name": "bcm2835-isp",
        "device.subsystem": "video4linux",
        "device.sysfs.path": "/devices/platform/soc/3f00b840.mailbox/bcm2835-isp/video4linux/video23",
        "factory.id": 15,
        "media.class": "Video/Device",
        "object.id": 46,
        "object.path": "v4l2:/dev/video23",
        "object.serial": 240
      },
      "params": {
      }
    }
  },
  {
    "id": 52,
    "type": "PipeWire:Interface:Port",
    "version": 3,
    "permissions": [ "r", "x", "m" ],
    "info": {
      "direction": "output",
      "change-mask": [ "props", "params" ],
      "props": {
        "audio.channel": "FL",
        "format.dsp": "32 bit float mono audio",
        "node.id": 55,
        "object.id": 52,
        "object.path": "alsa:acp:Microphone:0:capture:capture_0",
        "object.serial": 241,
        "port.alias": "Wireless Microphone:capture_FL",
        "port.direction": "out",
        "port.group": "capture",
        "port.id": 0,
        "port.name": "capture_FL",
        "port.physical": true,
        "port.terminal": true
      },
      "params": {
        "EnumFormat": [
          {
            "mediaType": "audio",
            "mediaSubtype": "dsp",
            "format": "F32P"
          }
        ],
        "Meta": [
          {
            "type": "Header",
            "size": 32
          }
        ],
        "IO": [
          {
            "id": "Buffers",
            "size": 8
          },
          {
            "id": "AsyncBuffers",
            "size": 8
          }
        ],
        "Format": [ ],
        "Buffers": [ ],
        "Latency": [
          {
            "direction": "Input",
            "minQuantum": 0.000000,
            "maxQuantum": 0.000000,
            "minRate": 0,
            "maxRate": 0,
            "minNs": 0,
            "maxNs": 0
          },
          {
            "direction": "Output",
            "minQuantum": 1.000000,
            "maxQuantum": 1.000000,
            "minRate": 0,
            "maxRate": 0,
            "minNs": 0,
            "maxNs": 0
          }
        ],
        "Tag": [
        ]
      }
    }
  },
  {
    "id": 54,
    "type": "PipeWire:Interface:Port",
    "version": 3,
    "permissions": [ "r", "x", "m" ],
    "info": {
      "direction": "output",
      "change-mask": [ "props", "params" ],
      "props": {
        "audio.channel": "FR",
        "format.dsp": "32 bit float mono audio",
        "node.id": 55,
        "object.id": 54,
        "object.path": "alsa:acp:Microphone:0:capture:capture_1",
        "object.serial": 242,
        "port.alias": "Wireless Microphone:capture_FR",
        "port.direction": "out",
        "port.group": "capture",
        "port.id": 1,
        "port.name": "capture_FR",
        "port.physical": true,
        "port.terminal": true
      },
      "params": {
        "EnumFormat": [
          {
            "mediaType": "audio",
            "mediaSubtype": "dsp",
            "format": "F32P"
          }
        ],
        "Meta": [
          {
            "type": "Header",
            "size": 32
          }
        ],
        "IO": [
          {
            "id": "Buffers",
            "size": 8
          },
          {
            "id": "AsyncBuffers",
            "size": 8
          }
        ],
        "Format": [ ],
        "Buffers": [ ],
        "Latency": [
          {
            "direction": "Input",
            "minQuantum": 0.000000,
            "maxQuantum": 0.000000,
            "minRate": 0,
            "maxRate": 0,
            "minNs": 0,
            "maxNs": 0
          },
          {
            "direction": "Output",
            "minQuantum": 1.000000,
            "maxQuantum": 1.000000,
            "minRate": 0,
            "maxRate": 0,
            "minNs": 0,
            "maxNs": 0
          }
        ],
        "Tag": [
        ]
      }
    }
  },
  {
    "id": 53,
    "type": "PipeWire:Interface:Port",
    "version": 3,
    "permissions": [ "r", "x", "m" ],
    "info": {
      "direction": "input",
      "change-mask": [ "props", "params" ],
      "props": {
        "audio.channel": "FL",
        "format.dsp": "32 bit float mono audio",
        "node.id": 71,
        "object.id": 53,
        "object.path": "alsa:acp:Headphones:1:playback:playback_0",
        "object.serial": 243,
        "port.alias": "bcm2835 Headphones:playback_FL",
        "port.direction": "in",
        "port.group": "playback",
        "port.id": 0,
        "port.name": "playback_FL",
        "port.physical": true,
        "port.terminal": true
      },
      "params": {
        "EnumFormat": [
          {
            "mediaType": "audio",
            "mediaSubtype": "dsp",
            "format": "F32P"
          }
        ],
        "Meta": [
          {
            "type": "Header",
            "size": 32
          }
        ],
        "IO": [
          {
            "id": "Buffers",
            "size": 8
          },
          {
            "id": "AsyncBuffers",
            "size": 8
          }
        ],
        "Format": [ ],
        "Buffers": [ ],
        "Latency": [
          {
            "direction": "Input",
            "minQuantum": 1.000000,
            "maxQuantum": 1.000000,
            "minRate": 0,
            "maxRate": 0,
            "minNs": 0,
            "maxNs": 0
          },
          {
            "direction": "Output",
            "minQuantum": 0.000000,
            "maxQuantum": 0.000000,
            "minRate": 0,
            "maxRate": 0,
            "minNs": 0,
            "maxNs": 0
          }
        ],
        "Tag": [
        ]
      }
    }
  },
  {
    "id": 51,
    "type": "PipeWire:Interface:Port",
    "version": 3,
    "permissions": [ "r", "x", "m" ],
    "info": {
      "direction": "output",
      "change-mask": [ "props", "params" ],
      "props": {
        "audio.channel": "FL",
        "format.dsp": "32 bit float mono audio",
        "node.id": 71,
        "object.id": 51,
        "object.path": "alsa:acp:Headphones:1:playback:monitor_0",
        "object.serial": 244,
        "port.alias": "bcm2835 Headphones:monitor_FL",
        "port.direction": "out",
        "port.group": "playback",
        "port.id": 0,
        "port.monitor": true,
        "port.name": "monitor_FL"
      },
      "params": {
        "EnumFormat": [
          {
            "mediaType": "audio",
            "mediaSubtype": "dsp",
            "format": "F32P"
          }
        ],
        "Meta": [
          {
            "type": "Header",
            "size": 32
          }
        ],
        "IO": [
          {
            "id": "Buffers",
            "size": 8
          },
          {
            "id": "AsyncBuffers",
            "size": 8
          }
        ],
        "Format": [ ],
        "Buffers": [ ],
        "Latency": [
          {
            "direction": "Input",
            "minQuantum": 0.000000,
            "maxQuantum": 0.000000,
            "minRate": 0,
            "maxRate": 0,
            "minNs": 0,
            "maxNs": 0
          },
          {
            "direction": "Output",
            "minQuantum": 0.000000,
            "maxQuantum": 0.000000,
            "minRate": 0,
            "maxRate": 0,
            "minNs": 0,
            "maxNs": 0
          }
        ],
        "Tag": [
        ]
      }
    }
  },
  {
    "id": 50,
    "type": "PipeWire:Interface:Port",
    "version": 3,
    "permissions": [ "r", "x", "m" ],
    "info": {
      "direction": "input",
      "change-mask": [ "props", "params" ],
      "props": {
        "audio.channel": "FR",
        "format.dsp": "32 bit float mono audio",
        "node.id": 71,
        "object.id": 50,
        "object.path": "alsa:acp:Headphones:1:playback:playback_1",
        "object.serial": 245,
        "port.alias": "bcm2835 Headphones:playback_FR",
        "port.direction": "in",
        "port.group": "playback",
        "port.id": 1,
        "port.name": "playback_FR",
        "port.physical": true,
        "port.terminal": true
      },
      "params": {
        "EnumFormat": [
          {
            "mediaType": "audio",
            "mediaSubtype": "dsp",
            "format": "F32P"
          }
        ],
        "Meta": [
          {
            "type": "Header",
            "size": 32
          }
        ],
        "IO": [
          {
            "id": "Buffers",
            "size": 8
          },
          {
            "id": "AsyncBuffers",
            "size": 8
          }
        ],
        "Format": [ ],
        "Buffers": [ ],
        "Latency": [
          {
            "direction": "Input",
            "minQuantum": 1.000000,
            "maxQuantum": 1.000000,
            "minRate": 0,
            "maxRate": 0,
            "minNs": 0,
            "maxNs": 0
          },
          {
            "direction": "Output",
            "minQuantum": 0.000000,
            "maxQuantum": 0.000000,
            "minRate": 0,
            "maxRate": 0,
            "minNs": 0,
            "maxNs": 0
          }
        ],
        "Tag": [
        ]
      }
    }
  },
  {
    "id": 49,
    "type": "PipeWire:Interface:Port",
    "version": 3,
    "permissions": [ "r", "x", "m" ],
    "info": {
      "direction": "output",
      "change-mask": [ "props", "params" ],
      "props": {
        "audio.channel": "FR",
        "format.dsp": "32 bit float mono audio",
        "node.id": 71,
        "object.id": 49,
        "object.path": "alsa:acp:Headphones:1:playback:monitor_1",
        "object.serial": 246,
        "port.alias": "bcm2835 Headphones:monitor_FR",
        "port.direction": "out",
        "port.group": "playback",
        "port.id": 1,
        "port.monitor": true,
        "port.name": "monitor_FR"
      },
      "params": {
        "EnumFormat": [
          {
            "mediaType": "audio",
            "mediaSubtype": "dsp",
            "format": "F32P"
          }
        ],
        "Meta": [
          {
            "type": "Header",
            "size": 32
          }
        ],
        "IO": [
          {
            "id": "Buffers",
            "size": 8
          },
          {
            "id": "AsyncBuffers",
            "size": 8
          }
        ],
        "Format": [ ],
        "Buffers": [ ],
        "Latency": [
          {
            "direction": "Input",
            "minQuantum": 0.000000,
            "maxQuantum": 0.000000,
            "minRate": 0,
            "maxRate": 0,
            "minNs": 0,
            "maxNs": 0
          },
          {
            "direction": "Output",
            "minQuantum": 0.000000,
            "maxQuantum": 0.000000,
            "minRate": 0,
            "maxRate": 0,
            "minNs": 0,
            "maxNs": 0
          }
        ],
        "Tag": [
        ]
      }
    }
  },
  {
    "id": 33,
    "type": "PipeWire:Interface:Node",
    "version": 3,
    "permissions": [ "r", "w", "x", "m" ],
    "info": {
      "max-input-ports": 0,
      "max-output-ports": 1,
      "change-mask": [ "input-ports", "output-ports", "state", "props", "params" ],
      "n-input-ports": 0,
      "n-output-ports": 1,
      "state": "suspended",
      "error": null,
      "props": {
        "api.v4l2.cap.bus_info": "platform:bcm2835-isp",
        "api.v4l2.cap.capabilities": 84200001,
        "api.v4l2.cap.card": "bcm2835-isp",
        "api.v4l2.cap.device-caps": 4200001,
        "api.v4l2.cap.driver": "bcm2835-isp",
        "api.v4l2.cap.version": "6.18.34",
        "api.v4l2.path": "/dev/video14",
        "client.id": 62,
        "clock.quantum-limit": 8192,
        "device.api": "v4l2",
        "device.devids": "[ 20739 ]",
        "device.id": 70,
        "factory.id": 11,
        "factory.name": "api.v4l2.source",
        "media.class": "Video/Source",
        "media.role": "Camera",
        "node.description": "bcm2835-isp (V4L2)",
        "node.driver": true,
        "node.loop.name": "data-loop.0",
        "node.name": "v4l2_input.platform-3f00b840.mailbox",
        "node.nick": "bcm2835-isp",
        "node.pause-on-idle": false,
        "object.id": 33,
        "object.path": "v4l2:/dev/video14",
        "object.serial": 249,
        "priority.session": 860
      },
      "params": {
        "PropInfo": [
          {
            "id": "device",
            "description": "The V4L2 device",
            "type": "/dev/video14"
          },
          {
            "id": "deviceName",
            "description": "The V4L2 device name",
            "type": ""
          },
          {
            "id": "deviceFd",
            "description": "The V4L2 fd",
            "type": 0
          }
        ],
        "Props": [
          {
            "device": "/dev/video14",
            "deviceName": "",
            "deviceFd": 0
          }
        ],
        "EnumFormat": [
          {
            "mediaType": "video",
            "mediaSubtype": "raw",
            "format": "YUY2",
            "size": { "default": { "width": 64, "height": 64 }, "min": { "width": 64, "height": 64 }, "max": { "width": 16384, "height": 16384 }, "step": { "width": 16384, "height": 16384 } },
            "framerate": { "default": { "num": 25, "denom": 1 }, "min": { "num": 1, "denom": 1 }, "max": { "num": 120, "denom": 1 } }
          },
          {
            "mediaType": "video",
            "mediaSubtype": "raw",
            "format": "YVYU",
            "size": { "default": { "width": 64, "height": 64 }, "min": { "width": 64, "height": 64 }, "max": { "width": 16384, "height": 16384 }, "step": { "width": 16384, "height": 16384 } },
            "framerate": { "default": { "num": 25, "denom": 1 }, "min": { "num": 1, "denom": 1 }, "max": { "num": 120, "denom": 1 } }
          },
          {
            "mediaType": "video",
            "mediaSubtype": "raw",
            "format": "UNKNOWN",
            "size": { "default": { "width": 64, "height": 64 }, "min": { "width": 64, "height": 64 }, "max": { "width": 16384, "height": 16384 }, "step": { "width": 16384, "height": 16384 } },
            "framerate": { "default": { "num": 25, "denom": 1 }, "min": { "num": 1, "denom": 1 }, "max": { "num": 120, "denom": 1 } }
          },
          {
            "mediaType": "video",
            "mediaSubtype": "raw",
            "format": "UYVY",
            "size": { "default": { "width": 64, "height": 64 }, "min": { "width": 64, "height": 64 }, "max": { "width": 16384, "height": 16384 }, "step": { "width": 16384, "height": 16384 } },
            "framerate": { "default": { "num": 25, "denom": 1 }, "min": { "num": 1, "denom": 1 }, "max": { "num": 120, "denom": 1 } }
          },
          {
            "mediaType": "video",
            "mediaSubtype": "raw",
            "format": "I420",
            "size": { "default": { "width": 64, "height": 64 }, "min": { "width": 64, "height": 64 }, "max": { "width": 16384, "height": 16384 }, "step": { "width": 16384, "height": 16384 } },
            "framerate": { "default": { "num": 25, "denom": 1 }, "min": { "num": 1, "denom": 1 }, "max": { "num": 120, "denom": 1 } }
          },
          {
            "mediaType": "video",
            "mediaSubtype": "raw",
            "format": "YV12",
            "size": { "default": { "width": 64, "height": 64 }, "min": { "width": 64, "height": 64 }, "max": { "width": 16384, "height": 16384 }, "step": { "width": 16384, "height": 16384 } },
            "framerate": { "default": { "num": 25, "denom": 1 }, "min": { "num": 1, "denom": 1 }, "max": { "num": 120, "denom": 1 } }
          },
          {
            "mediaType": "video",
            "mediaSubtype": "raw",
            "format": "RGB",
            "size": { "default": { "width": 64, "height": 64 }, "min": { "width": 64, "height": 64 }, "max": { "width": 16384, "height": 16384 }, "step": { "width": 16384, "height": 16384 } },
            "framerate": { "default": { "num": 25, "denom": 1 }, "min": { "num": 1, "denom": 1 }, "max": { "num": 120, "denom": 1 } }
          },
          {
            "mediaType": "video",
            "mediaSubtype": "raw",
            "format": "BGR",
            "size": { "default": { "width": 64, "height": 64 }, "min": { "width": 64, "height": 64 }, "max": { "width": 16384, "height": 16384 }, "step": { "width": 16384, "height": 16384 } },
            "framerate": { "default": { "num": 25, "denom": 1 }, "min": { "num": 1, "denom": 1 }, "max": { "num": 120, "denom": 1 } }
          },
          {
            "mediaType": "video",
            "mediaSubtype": "raw",
            "format": "BGRx",
            "size": { "default": { "width": 64, "height": 64 }, "min": { "width": 64, "height": 64 }, "max": { "width": 16384, "height": 16384 }, "step": { "width": 16384, "height": 16384 } },
            "framerate": { "default": { "num": 25, "denom": 1 }, "min": { "num": 1, "denom": 1 }, "max": { "num": 120, "denom": 1 } }
          },
          {
            "mediaType": "video",
            "mediaSubtype": "raw",
            "format": "RGB16",
            "size": { "default": { "width": 64, "height": 64 }, "min": { "width": 64, "height": 64 }, "max": { "width": 16384, "height": 16384 }, "step": { "width": 16384, "height": 16384 } },
            "framerate": { "default": { "num": 25, "denom": 1 }, "min": { "num": 1, "denom": 1 }, "max": { "num": 120, "denom": 1 } }
          },
          {
            "mediaType": "video",
            "mediaSubtype": "raw",
            "format": "NV12",
            "size": { "default": { "width": 64, "height": 64 }, "min": { "width": 64, "height": 64 }, "max": { "width": 16384, "height": 16384 }, "step": { "width": 16384, "height": 16384 } },
            "framerate": { "default": { "num": 25, "denom": 1 }, "min": { "num": 1, "denom": 1 }, "max": { "num": 120, "denom": 1 } }
          },
          {
            "mediaType": "video",
            "mediaSubtype": "raw",
            "format": "NV21",
            "size": { "default": { "width": 64, "height": 64 }, "min": { "width": 64, "height": 64 }, "max": { "width": 16384, "height": 16384 }, "step": { "width": 16384, "height": 16384 } },
            "framerate": { "default": { "num": 25, "denom": 1 }, "min": { "num": 1, "denom": 1 }, "max": { "num": 120, "denom": 1 } }
          }
        ],
        "Format": [ ]
      }
    }
  },
  {
    "id": 42,
    "type": "PipeWire:Interface:Port",
    "version": 3,
    "permissions": [ "r", "x", "m" ],
    "info": {
      "direction": "output",
      "change-mask": [ "props", "params" ],
      "props": {
        "node.id": 33,
        "object.id": 42,
        "object.path": "v4l2:/dev/video14:capture_0",
        "object.serial": 250,
        "port.alias": "bcm2835-isp:capture_1",
        "port.direction": "out",
        "port.group": "stream.0",
        "port.id": 0,
        "port.name": "capture_1",
        "port.physical": true,
        "port.terminal": true
      },
      "params": {
        "PropInfo": [
        ],
        "EnumFormat": [
          {
            "mediaType": "video",
            "mediaSubtype": "raw",
            "format": "YUY2",
            "size": { "default": { "width": 64, "height": 64 }, "min": { "width": 64, "height": 64 }, "max": { "width": 16384, "height": 16384 }, "step": { "width": 16384, "height": 16384 } },
            "framerate": { "default": { "num": 25, "denom": 1 }, "min": { "num": 1, "denom": 1 }, "max": { "num": 120, "denom": 1 } }
          },
          {
            "mediaType": "video",
            "mediaSubtype": "raw",
            "format": "YVYU",
            "size": { "default": { "width": 64, "height": 64 }, "min": { "width": 64, "height": 64 }, "max": { "width": 16384, "height": 16384 }, "step": { "width": 16384, "height": 16384 } },
            "framerate": { "default": { "num": 25, "denom": 1 }, "min": { "num": 1, "denom": 1 }, "max": { "num": 120, "denom": 1 } }
          },
          {
            "mediaType": "video",
            "mediaSubtype": "raw",
            "format": "UNKNOWN",
            "size": { "default": { "width": 64, "height": 64 }, "min": { "width": 64, "height": 64 }, "max": { "width": 16384, "height": 16384 }, "step": { "width": 16384, "height": 16384 } },
            "framerate": { "default": { "num": 25, "denom": 1 }, "min": { "num": 1, "denom": 1 }, "max": { "num": 120, "denom": 1 } }
          },
          {
            "mediaType": "video",
            "mediaSubtype": "raw",
            "format": "UYVY",
            "size": { "default": { "width": 64, "height": 64 }, "min": { "width": 64, "height": 64 }, "max": { "width": 16384, "height": 16384 }, "step": { "width": 16384, "height": 16384 } },
            "framerate": { "default": { "num": 25, "denom": 1 }, "min": { "num": 1, "denom": 1 }, "max": { "num": 120, "denom": 1 } }
          },
          {
            "mediaType": "video",
            "mediaSubtype": "raw",
            "format": "I420",
            "size": { "default": { "width": 64, "height": 64 }, "min": { "width": 64, "height": 64 }, "max": { "width": 16384, "height": 16384 }, "step": { "width": 16384, "height": 16384 } },
            "framerate": { "default": { "num": 25, "denom": 1 }, "min": { "num": 1, "denom": 1 }, "max": { "num": 120, "denom": 1 } }
          },
          {
            "mediaType": "video",
            "mediaSubtype": "raw",
            "format": "YV12",
            "size": { "default": { "width": 64, "height": 64 }, "min": { "width": 64, "height": 64 }, "max": { "width": 16384, "height": 16384 }, "step": { "width": 16384, "height": 16384 } },
            "framerate": { "default": { "num": 25, "denom": 1 }, "min": { "num": 1, "denom": 1 }, "max": { "num": 120, "denom": 1 } }
          },
          {
            "mediaType": "video",
            "mediaSubtype": "raw",
            "format": "RGB",
            "size": { "default": { "width": 64, "height": 64 }, "min": { "width": 64, "height": 64 }, "max": { "width": 16384, "height": 16384 }, "step": { "width": 16384, "height": 16384 } },
            "framerate": { "default": { "num": 25, "denom": 1 }, "min": { "num": 1, "denom": 1 }, "max": { "num": 120, "denom": 1 } }
          },
          {
            "mediaType": "video",
            "mediaSubtype": "raw",
            "format": "BGR",
            "size": { "default": { "width": 64, "height": 64 }, "min": { "width": 64, "height": 64 }, "max": { "width": 16384, "height": 16384 }, "step": { "width": 16384, "height": 16384 } },
            "framerate": { "default": { "num": 25, "denom": 1 }, "min": { "num": 1, "denom": 1 }, "max": { "num": 120, "denom": 1 } }
          },
          {
            "mediaType": "video",
            "mediaSubtype": "raw",
            "format": "BGRx",
            "size": { "default": { "width": 64, "height": 64 }, "min": { "width": 64, "height": 64 }, "max": { "width": 16384, "height": 16384 }, "step": { "width": 16384, "height": 16384 } },
            "framerate": { "default": { "num": 25, "denom": 1 }, "min": { "num": 1, "denom": 1 }, "max": { "num": 120, "denom": 1 } }
          },
          {
            "mediaType": "video",
            "mediaSubtype": "raw",
            "format": "RGB16",
            "size": { "default": { "width": 64, "height": 64 }, "min": { "width": 64, "height": 64 }, "max": { "width": 16384, "height": 16384 }, "step": { "width": 16384, "height": 16384 } },
            "framerate": { "default": { "num": 25, "denom": 1 }, "min": { "num": 1, "denom": 1 }, "max": { "num": 120, "denom": 1 } }
          },
          {
            "mediaType": "video",
            "mediaSubtype": "raw",
            "format": "NV12",
            "size": { "default": { "width": 64, "height": 64 }, "min": { "width": 64, "height": 64 }, "max": { "width": 16384, "height": 16384 }, "step": { "width": 16384, "height": 16384 } },
            "framerate": { "default": { "num": 25, "denom": 1 }, "min": { "num": 1, "denom": 1 }, "max": { "num": 120, "denom": 1 } }
          },
          {
            "mediaType": "video",
            "mediaSubtype": "raw",
            "format": "NV21",
            "size": { "default": { "width": 64, "height": 64 }, "min": { "width": 64, "height": 64 }, "max": { "width": 16384, "height": 16384 }, "step": { "width": 16384, "height": 16384 } },
            "framerate": { "default": { "num": 25, "denom": 1 }, "min": { "num": 1, "denom": 1 }, "max": { "num": 120, "denom": 1 } }
          }
        ],
        "Meta": [
          {
            "type": "Header",
            "size": 32
          },
          {
            "type": "VideoTransform",
            "size": 4
          }
        ],
        "IO": [
          {
            "id": "Buffers",
            "size": 8
          },
          {
            "id": "AsyncBuffers",
            "size": 8
          }
        ],
        "Format": [ ],
        "Buffers": [ ],
        "Latency": [
          {
            "direction": "Input",
            "minQuantum": 0.000000,
            "maxQuantum": 0.000000,
            "minRate": 0,
            "maxRate": 0,
            "minNs": 0,
            "maxNs": 0
          },
          {
            "direction": "Output",
            "minQuantum": 0.000000,
            "maxQuantum": 0.000000,
            "minRate": 0,
            "maxRate": 0,
            "minNs": 0,
            "maxNs": 0
          }
        ]
      }
    }
  },
  {
    "id": 41,
    "type": "PipeWire:Interface:Node",
    "version": 3,
    "permissions": [ "r", "w", "x", "m" ],
    "info": {
      "max-input-ports": 0,
      "max-output-ports": 1,
      "change-mask": [ "input-ports", "output-ports", "state", "props", "params" ],
      "n-input-ports": 0,
      "n-output-ports": 1,
      "state": "suspended",
      "error": null,
      "props": {
        "api.v4l2.cap.bus_info": "platform:bcm2835-isp",
        "api.v4l2.cap.capabilities": 84200001,
        "api.v4l2.cap.card": "bcm2835-isp",
        "api.v4l2.cap.device-caps": 4200001,
        "api.v4l2.cap.driver": "bcm2835-isp",
        "api.v4l2.cap.version": "6.18.34",
        "api.v4l2.path": "/dev/video15",
        "client.id": 62,
        "clock.quantum-limit": 8192,
        "device.api": "v4l2",
        "device.devids": "[ 20740 ]",
        "device.id": 68,
        "factory.id": 11,
        "factory.name": "api.v4l2.source",
        "media.class": "Video/Source",
        "media.role": "Camera",
        "node.description": "bcm2835-isp (V4L2)",
        "node.driver": true,
        "node.loop.name": "data-loop.0",
        "node.name": "v4l2_input.platform-3f00b840.mailbox",
        "node.nick": "bcm2835-isp",
        "node.pause-on-idle": false,
        "object.id": 41,
        "object.path": "v4l2:/dev/video15",
        "object.serial": 251,
        "priority.session": 850
      },
      "params": {
        "PropInfo": [
          {
            "id": "device",
            "description": "The V4L2 device",
            "type": "/dev/video15"
          },
          {
            "id": "deviceName",
            "description": "The V4L2 device name",
            "type": ""
          },
          {
            "id": "deviceFd",
            "description": "The V4L2 fd",
            "type": 0
          }
        ],
        "Props": [
          {
            "device": "/dev/video15",
            "deviceName": "",
            "deviceFd": 0
          }
        ],
        "EnumFormat": [
          {
            "mediaType": "video",
            "mediaSubtype": "raw",
            "format": "YUY2",
            "size": { "default": { "width": 64, "height": 64 }, "min": { "width": 64, "height": 64 }, "max": { "width": 16384, "height": 16384 }, "step": { "width": 16384, "height": 16384 } },
            "framerate": { "default": { "num": 25, "denom": 1 }, "min": { "num": 1, "denom": 1 }, "max": { "num": 120, "denom": 1 } }
          },
          {
            "mediaType": "video",
            "mediaSubtype": "raw",
            "format": "YVYU",
            "size": { "default": { "width": 64, "height": 64 }, "min": { "width": 64, "height": 64 }, "max": { "width": 16384, "height": 16384 }, "step": { "width": 16384, "height": 16384 } },
            "framerate": { "default": { "num": 25, "denom": 1 }, "min": { "num": 1, "denom": 1 }, "max": { "num": 120, "denom": 1 } }
          },
          {
            "mediaType": "video",
            "mediaSubtype": "raw",
            "format": "UNKNOWN",
            "size": { "default": { "width": 64, "height": 64 }, "min": { "width": 64, "height": 64 }, "max": { "width": 16384, "height": 16384 }, "step": { "width": 16384, "height": 16384 } },
            "framerate": { "default": { "num": 25, "denom": 1 }, "min": { "num": 1, "denom": 1 }, "max": { "num": 120, "denom": 1 } }
          },
          {
            "mediaType": "video",
            "mediaSubtype": "raw",
            "format": "UYVY",
            "size": { "default": { "width": 64, "height": 64 }, "min": { "width": 64, "height": 64 }, "max": { "width": 16384, "height": 16384 }, "step": { "width": 16384, "height": 16384 } },
            "framerate": { "default": { "num": 25, "denom": 1 }, "min": { "num": 1, "denom": 1 }, "max": { "num": 120, "denom": 1 } }
          },
          {
            "mediaType": "video",
            "mediaSubtype": "raw",
            "format": "I420",
            "size": { "default": { "width": 64, "height": 64 }, "min": { "width": 64, "height": 64 }, "max": { "width": 16384, "height": 16384 }, "step": { "width": 16384, "height": 16384 } },
            "framerate": { "default": { "num": 25, "denom": 1 }, "min": { "num": 1, "denom": 1 }, "max": { "num": 120, "denom": 1 } }
          },
          {
            "mediaType": "video",
            "mediaSubtype": "raw",
            "format": "YV12",
            "size": { "default": { "width": 64, "height": 64 }, "min": { "width": 64, "height": 64 }, "max": { "width": 16384, "height": 16384 }, "step": { "width": 16384, "height": 16384 } },
            "framerate": { "default": { "num": 25, "denom": 1 }, "min": { "num": 1, "denom": 1 }, "max": { "num": 120, "denom": 1 } }
          },
          {
            "mediaType": "video",
            "mediaSubtype": "raw",
            "format": "NV12",
            "size": { "default": { "width": 64, "height": 64 }, "min": { "width": 64, "height": 64 }, "max": { "width": 16384, "height": 16384 }, "step": { "width": 16384, "height": 16384 } },
            "framerate": { "default": { "num": 25, "denom": 1 }, "min": { "num": 1, "denom": 1 }, "max": { "num": 120, "denom": 1 } }
          },
          {
            "mediaType": "video",
            "mediaSubtype": "raw",
            "format": "NV21",
            "size": { "default": { "width": 64, "height": 64 }, "min": { "width": 64, "height": 64 }, "max": { "width": 16384, "height": 16384 }, "step": { "width": 16384, "height": 16384 } },
            "framerate": { "default": { "num": 25, "denom": 1 }, "min": { "num": 1, "denom": 1 }, "max": { "num": 120, "denom": 1 } }
          }
        ],
        "Format": [ ]
      }
    }
  },
  {
    "id": 40,
    "type": "PipeWire:Interface:Port",
    "version": 3,
    "permissions": [ "r", "x", "m" ],
    "info": {
      "direction": "output",
      "change-mask": [ "props", "params" ],
      "props": {
        "node.id": 41,
        "object.id": 40,
        "object.path": "v4l2:/dev/video15:capture_0",
        "object.serial": 252,
        "port.alias": "bcm2835-isp:capture_1",
        "port.direction": "out",
        "port.group": "stream.0",
        "port.id": 0,
        "port.name": "capture_1",
        "port.physical": true,
        "port.terminal": true
      },
      "params": {
        "PropInfo": [
        ],
        "EnumFormat": [
          {
            "mediaType": "video",
            "mediaSubtype": "raw",
            "format": "YUY2",
            "size": { "default": { "width": 64, "height": 64 }, "min": { "width": 64, "height": 64 }, "max": { "width": 16384, "height": 16384 }, "step": { "width": 16384, "height": 16384 } },
            "framerate": { "default": { "num": 25, "denom": 1 }, "min": { "num": 1, "denom": 1 }, "max": { "num": 120, "denom": 1 } }
          },
          {
            "mediaType": "video",
            "mediaSubtype": "raw",
            "format": "YVYU",
            "size": { "default": { "width": 64, "height": 64 }, "min": { "width": 64, "height": 64 }, "max": { "width": 16384, "height": 16384 }, "step": { "width": 16384, "height": 16384 } },
            "framerate": { "default": { "num": 25, "denom": 1 }, "min": { "num": 1, "denom": 1 }, "max": { "num": 120, "denom": 1 } }
          },
          {
            "mediaType": "video",
            "mediaSubtype": "raw",
            "format": "UNKNOWN",
            "size": { "default": { "width": 64, "height": 64 }, "min": { "width": 64, "height": 64 }, "max": { "width": 16384, "height": 16384 }, "step": { "width": 16384, "height": 16384 } },
            "framerate": { "default": { "num": 25, "denom": 1 }, "min": { "num": 1, "denom": 1 }, "max": { "num": 120, "denom": 1 } }
          },
          {
            "mediaType": "video",
            "mediaSubtype": "raw",
            "format": "UYVY",
            "size": { "default": { "width": 64, "height": 64 }, "min": { "width": 64, "height": 64 }, "max": { "width": 16384, "height": 16384 }, "step": { "width": 16384, "height": 16384 } },
            "framerate": { "default": { "num": 25, "denom": 1 }, "min": { "num": 1, "denom": 1 }, "max": { "num": 120, "denom": 1 } }
          },
          {
            "mediaType": "video",
            "mediaSubtype": "raw",
            "format": "I420",
            "size": { "default": { "width": 64, "height": 64 }, "min": { "width": 64, "height": 64 }, "max": { "width": 16384, "height": 16384 }, "step": { "width": 16384, "height": 16384 } },
            "framerate": { "default": { "num": 25, "denom": 1 }, "min": { "num": 1, "denom": 1 }, "max": { "num": 120, "denom": 1 } }
          },
          {
            "mediaType": "video",
            "mediaSubtype": "raw",
            "format": "YV12",
            "size": { "default": { "width": 64, "height": 64 }, "min": { "width": 64, "height": 64 }, "max": { "width": 16384, "height": 16384 }, "step": { "width": 16384, "height": 16384 } },
            "framerate": { "default": { "num": 25, "denom": 1 }, "min": { "num": 1, "denom": 1 }, "max": { "num": 120, "denom": 1 } }
          },
          {
            "mediaType": "video",
            "mediaSubtype": "raw",
            "format": "NV12",
            "size": { "default": { "width": 64, "height": 64 }, "min": { "width": 64, "height": 64 }, "max": { "width": 16384, "height": 16384 }, "step": { "width": 16384, "height": 16384 } },
            "framerate": { "default": { "num": 25, "denom": 1 }, "min": { "num": 1, "denom": 1 }, "max": { "num": 120, "denom": 1 } }
          },
          {
            "mediaType": "video",
            "mediaSubtype": "raw",
            "format": "NV21",
            "size": { "default": { "width": 64, "height": 64 }, "min": { "width": 64, "height": 64 }, "max": { "width": 16384, "height": 16384 }, "step": { "width": 16384, "height": 16384 } },
            "framerate": { "default": { "num": 25, "denom": 1 }, "min": { "num": 1, "denom": 1 }, "max": { "num": 120, "denom": 1 } }
          }
        ],
        "Meta": [
          {
            "type": "Header",
            "size": 32
          },
          {
            "type": "VideoTransform",
            "size": 4
          }
        ],
        "IO": [
          {
            "id": "Buffers",
            "size": 8
          },
          {
            "id": "AsyncBuffers",
            "size": 8
          }
        ],
        "Format": [ ],
        "Buffers": [ ],
        "Latency": [
          {
            "direction": "Input",
            "minQuantum": 0.000000,
            "maxQuantum": 0.000000,
            "minRate": 0,
            "maxRate": 0,
            "minNs": 0,
            "maxNs": 0
          },
          {
            "direction": "Output",
            "minQuantum": 0.000000,
            "maxQuantum": 0.000000,
            "minRate": 0,
            "maxRate": 0,
            "minNs": 0,
            "maxNs": 0
          }
        ]
      }
    }
  },
  {
    "id": 39,
    "type": "PipeWire:Interface:Node",
    "version": 3,
    "permissions": [ "r", "w", "x", "m" ],
    "info": {
      "max-input-ports": 0,
      "max-output-ports": 1,
      "change-mask": [ "input-ports", "output-ports", "state", "props", "params" ],
      "n-input-ports": 0,
      "n-output-ports": 1,
      "state": "suspended",
      "error": null,
      "props": {
        "api.v4l2.cap.bus_info": "platform:bcm2835-isp",
        "api.v4l2.cap.capabilities": 84200001,
        "api.v4l2.cap.card": "bcm2835-isp",
        "api.v4l2.cap.device-caps": 4200001,
        "api.v4l2.cap.driver": "bcm2835-isp",
        "api.v4l2.cap.version": "6.18.34",
        "api.v4l2.path": "/dev/video21",
        "client.id": 62,
        "clock.quantum-limit": 8192,
        "device.api": "v4l2",
        "device.devids": "[ 20743 ]",
        "device.id": 35,
        "factory.id": 11,
        "factory.name": "api.v4l2.source",
        "media.class": "Video/Source",
        "media.role": "Camera",
        "node.description": "bcm2835-isp (V4L2)",
        "node.driver": true,
        "node.loop.name": "data-loop.0",
        "node.name": "v4l2_input.platform-3f00b840.mailbox",
        "node.nick": "bcm2835-isp",
        "node.pause-on-idle": false,
        "object.id": 39,
        "object.path": "v4l2:/dev/video21",
        "object.serial": 253,
        "priority.session": 790
      },
      "params": {
        "PropInfo": [
          {
            "id": "device",
            "description": "The V4L2 device",
            "type": "/dev/video21"
          },
          {
            "id": "deviceName",
            "description": "The V4L2 device name",
            "type": ""
          },
          {
            "id": "deviceFd",
            "description": "The V4L2 fd",
            "type": 0
          }
        ],
        "Props": [
          {
            "device": "/dev/video21",
            "deviceName": "",
            "deviceFd": 0
          }
        ],
        "EnumFormat": [
          {
            "mediaType": "video",
            "mediaSubtype": "raw",
            "format": "YUY2",
            "size": { "default": { "width": 64, "height": 64 }, "min": { "width": 64, "height": 64 }, "max": { "width": 16384, "height": 16384 }, "step": { "width": 16384, "height": 16384 } },
            "framerate": { "default": { "num": 25, "denom": 1 }, "min": { "num": 1, "denom": 1 }, "max": { "num": 120, "denom": 1 } }
          },
          {
            "mediaType": "video",
            "mediaSubtype": "raw",
            "format": "YVYU",
            "size": { "default": { "width": 64, "height": 64 }, "min": { "width": 64, "height": 64 }, "max": { "width": 16384, "height": 16384 }, "step": { "width": 16384, "height": 16384 } },
            "framerate": { "default": { "num": 25, "denom": 1 }, "min": { "num": 1, "denom": 1 }, "max": { "num": 120, "denom": 1 } }
          },
          {
            "mediaType": "video",
            "mediaSubtype": "raw",
            "format": "UNKNOWN",
            "size": { "default": { "width": 64, "height": 64 }, "min": { "width": 64, "height": 64 }, "max": { "width": 16384, "height": 16384 }, "step": { "width": 16384, "height": 16384 } },
            "framerate": { "default": { "num": 25, "denom": 1 }, "min": { "num": 1, "denom": 1 }, "max": { "num": 120, "denom": 1 } }
          },
          {
            "mediaType": "video",
            "mediaSubtype": "raw",
            "format": "UYVY",
            "size": { "default": { "width": 64, "height": 64 }, "min": { "width": 64, "height": 64 }, "max": { "width": 16384, "height": 16384 }, "step": { "width": 16384, "height": 16384 } },
            "framerate": { "default": { "num": 25, "denom": 1 }, "min": { "num": 1, "denom": 1 }, "max": { "num": 120, "denom": 1 } }
          },
          {
            "mediaType": "video",
            "mediaSubtype": "raw",
            "format": "I420",
            "size": { "default": { "width": 64, "height": 64 }, "min": { "width": 64, "height": 64 }, "max": { "width": 16384, "height": 16384 }, "step": { "width": 16384, "height": 16384 } },
            "framerate": { "default": { "num": 25, "denom": 1 }, "min": { "num": 1, "denom": 1 }, "max": { "num": 120, "denom": 1 } }
          },
          {
            "mediaType": "video",
            "mediaSubtype": "raw",
            "format": "YV12",
            "size": { "default": { "width": 64, "height": 64 }, "min": { "width": 64, "height": 64 }, "max": { "width": 16384, "height": 16384 }, "step": { "width": 16384, "height": 16384 } },
            "framerate": { "default": { "num": 25, "denom": 1 }, "min": { "num": 1, "denom": 1 }, "max": { "num": 120, "denom": 1 } }
          },
          {
            "mediaType": "video",
            "mediaSubtype": "raw",
            "format": "RGB",
            "size": { "default": { "width": 64, "height": 64 }, "min": { "width": 64, "height": 64 }, "max": { "width": 16384, "height": 16384 }, "step": { "width": 16384, "height": 16384 } },
            "framerate": { "default": { "num": 25, "denom": 1 }, "min": { "num": 1, "denom": 1 }, "max": { "num": 120, "denom": 1 } }
          },
          {
            "mediaType": "video",
            "mediaSubtype": "raw",
            "format": "BGR",
            "size": { "default": { "width": 64, "height": 64 }, "min": { "width": 64, "height": 64 }, "max": { "width": 16384, "height": 16384 }, "step": { "width": 16384, "height": 16384 } },
            "framerate": { "default": { "num": 25, "denom": 1 }, "min": { "num": 1, "denom": 1 }, "max": { "num": 120, "denom": 1 } }
          },
          {
            "mediaType": "video",
            "mediaSubtype": "raw",
            "format": "BGRx",
            "size": { "default": { "width": 64, "height": 64 }, "min": { "width": 64, "height": 64 }, "max": { "width": 16384, "height": 16384 }, "step": { "width": 16384, "height": 16384 } },
            "framerate": { "default": { "num": 25, "denom": 1 }, "min": { "num": 1, "denom": 1 }, "max": { "num": 120, "denom": 1 } }
          },
          {
            "mediaType": "video",
            "mediaSubtype": "raw",
            "format": "RGB16",
            "size": { "default": { "width": 64, "height": 64 }, "min": { "width": 64, "height": 64 }, "max": { "width": 16384, "height": 16384 }, "step": { "width": 16384, "height": 16384 } },
            "framerate": { "default": { "num": 25, "denom": 1 }, "min": { "num": 1, "denom": 1 }, "max": { "num": 120, "denom": 1 } }
          },
          {
            "mediaType": "video",
            "mediaSubtype": "raw",
            "format": "NV12",
            "size": { "default": { "width": 64, "height": 64 }, "min": { "width": 64, "height": 64 }, "max": { "width": 16384, "height": 16384 }, "step": { "width": 16384, "height": 16384 } },
            "framerate": { "default": { "num": 25, "denom": 1 }, "min": { "num": 1, "denom": 1 }, "max": { "num": 120, "denom": 1 } }
          },
          {
            "mediaType": "video",
            "mediaSubtype": "raw",
            "format": "NV21",
            "size": { "default": { "width": 64, "height": 64 }, "min": { "width": 64, "height": 64 }, "max": { "width": 16384, "height": 16384 }, "step": { "width": 16384, "height": 16384 } },
            "framerate": { "default": { "num": 25, "denom": 1 }, "min": { "num": 1, "denom": 1 }, "max": { "num": 120, "denom": 1 } }
          }
        ],
        "Format": [ ]
      }
    }
  },
  {
    "id": 38,
    "type": "PipeWire:Interface:Port",
    "version": 3,
    "permissions": [ "r", "x", "m" ],
    "info": {
      "direction": "output",
      "change-mask": [ "props", "params" ],
      "props": {
        "node.id": 39,
        "object.id": 38,
        "object.path": "v4l2:/dev/video21:capture_0",
        "object.serial": 254,
        "port.alias": "bcm2835-isp:capture_1",
        "port.direction": "out",
        "port.group": "stream.0",
        "port.id": 0,
        "port.name": "capture_1",
        "port.physical": true,
        "port.terminal": true
      },
      "params": {
        "PropInfo": [
        ],
        "EnumFormat": [
          {
            "mediaType": "video",
            "mediaSubtype": "raw",
            "format": "YUY2",
            "size": { "default": { "width": 64, "height": 64 }, "min": { "width": 64, "height": 64 }, "max": { "width": 16384, "height": 16384 }, "step": { "width": 16384, "height": 16384 } },
            "framerate": { "default": { "num": 25, "denom": 1 }, "min": { "num": 1, "denom": 1 }, "max": { "num": 120, "denom": 1 } }
          },
          {
            "mediaType": "video",
            "mediaSubtype": "raw",
            "format": "YVYU",
            "size": { "default": { "width": 64, "height": 64 }, "min": { "width": 64, "height": 64 }, "max": { "width": 16384, "height": 16384 }, "step": { "width": 16384, "height": 16384 } },
            "framerate": { "default": { "num": 25, "denom": 1 }, "min": { "num": 1, "denom": 1 }, "max": { "num": 120, "denom": 1 } }
          },
          {
            "mediaType": "video",
            "mediaSubtype": "raw",
            "format": "UNKNOWN",
            "size": { "default": { "width": 64, "height": 64 }, "min": { "width": 64, "height": 64 }, "max": { "width": 16384, "height": 16384 }, "step": { "width": 16384, "height": 16384 } },
            "framerate": { "default": { "num": 25, "denom": 1 }, "min": { "num": 1, "denom": 1 }, "max": { "num": 120, "denom": 1 } }
          },
          {
            "mediaType": "video",
            "mediaSubtype": "raw",
            "format": "UYVY",
            "size": { "default": { "width": 64, "height": 64 }, "min": { "width": 64, "height": 64 }, "max": { "width": 16384, "height": 16384 }, "step": { "width": 16384, "height": 16384 } },
            "framerate": { "default": { "num": 25, "denom": 1 }, "min": { "num": 1, "denom": 1 }, "max": { "num": 120, "denom": 1 } }
          },
          {
            "mediaType": "video",
            "mediaSubtype": "raw",
            "format": "I420",
            "size": { "default": { "width": 64, "height": 64 }, "min": { "width": 64, "height": 64 }, "max": { "width": 16384, "height": 16384 }, "step": { "width": 16384, "height": 16384 } },
            "framerate": { "default": { "num": 25, "denom": 1 }, "min": { "num": 1, "denom": 1 }, "max": { "num": 120, "denom": 1 } }
          },
          {
            "mediaType": "video",
            "mediaSubtype": "raw",
            "format": "YV12",
            "size": { "default": { "width": 64, "height": 64 }, "min": { "width": 64, "height": 64 }, "max": { "width": 16384, "height": 16384 }, "step": { "width": 16384, "height": 16384 } },
            "framerate": { "default": { "num": 25, "denom": 1 }, "min": { "num": 1, "denom": 1 }, "max": { "num": 120, "denom": 1 } }
          },
          {
            "mediaType": "video",
            "mediaSubtype": "raw",
            "format": "RGB",
            "size": { "default": { "width": 64, "height": 64 }, "min": { "width": 64, "height": 64 }, "max": { "width": 16384, "height": 16384 }, "step": { "width": 16384, "height": 16384 } },
            "framerate": { "default": { "num": 25, "denom": 1 }, "min": { "num": 1, "denom": 1 }, "max": { "num": 120, "denom": 1 } }
          },
          {
            "mediaType": "video",
            "mediaSubtype": "raw",
            "format": "BGR",
            "size": { "default": { "width": 64, "height": 64 }, "min": { "width": 64, "height": 64 }, "max": { "width": 16384, "height": 16384 }, "step": { "width": 16384, "height": 16384 } },
            "framerate": { "default": { "num": 25, "denom": 1 }, "min": { "num": 1, "denom": 1 }, "max": { "num": 120, "denom": 1 } }
          },
          {
            "mediaType": "video",
            "mediaSubtype": "raw",
            "format": "BGRx",
            "size": { "default": { "width": 64, "height": 64 }, "min": { "width": 64, "height": 64 }, "max": { "width": 16384, "height": 16384 }, "step": { "width": 16384, "height": 16384 } },
            "framerate": { "default": { "num": 25, "denom": 1 }, "min": { "num": 1, "denom": 1 }, "max": { "num": 120, "denom": 1 } }
          },
          {
            "mediaType": "video",
            "mediaSubtype": "raw",
            "format": "RGB16",
            "size": { "default": { "width": 64, "height": 64 }, "min": { "width": 64, "height": 64 }, "max": { "width": 16384, "height": 16384 }, "step": { "width": 16384, "height": 16384 } },
            "framerate": { "default": { "num": 25, "denom": 1 }, "min": { "num": 1, "denom": 1 }, "max": { "num": 120, "denom": 1 } }
          },
          {
            "mediaType": "video",
            "mediaSubtype": "raw",
            "format": "NV12",
            "size": { "default": { "width": 64, "height": 64 }, "min": { "width": 64, "height": 64 }, "max": { "width": 16384, "height": 16384 }, "step": { "width": 16384, "height": 16384 } },
            "framerate": { "default": { "num": 25, "denom": 1 }, "min": { "num": 1, "denom": 1 }, "max": { "num": 120, "denom": 1 } }
          },
          {
            "mediaType": "video",
            "mediaSubtype": "raw",
            "format": "NV21",
            "size": { "default": { "width": 64, "height": 64 }, "min": { "width": 64, "height": 64 }, "max": { "width": 16384, "height": 16384 }, "step": { "width": 16384, "height": 16384 } },
            "framerate": { "default": { "num": 25, "denom": 1 }, "min": { "num": 1, "denom": 1 }, "max": { "num": 120, "denom": 1 } }
          }
        ],
        "Meta": [
          {
            "type": "Header",
            "size": 32
          },
          {
            "type": "VideoTransform",
            "size": 4
          }
        ],
        "IO": [
          {
            "id": "Buffers",
            "size": 8
          },
          {
            "id": "AsyncBuffers",
            "size": 8
          }
        ],
        "Format": [ ],
        "Buffers": [ ],
        "Latency": [
          {
            "direction": "Input",
            "minQuantum": 0.000000,
            "maxQuantum": 0.000000,
            "minRate": 0,
            "maxRate": 0,
            "minNs": 0,
            "maxNs": 0
          },
          {
            "direction": "Output",
            "minQuantum": 0.000000,
            "maxQuantum": 0.000000,
            "minRate": 0,
            "maxRate": 0,
            "minNs": 0,
            "maxNs": 0
          }
        ]
      }
    }
  },
  {
    "id": 37,
    "type": "PipeWire:Interface:Node",
    "version": 3,
    "permissions": [ "r", "w", "x", "m" ],
    "info": {
      "max-input-ports": 0,
      "max-output-ports": 1,
      "change-mask": [ "input-ports", "output-ports", "state", "props", "params" ],
      "n-input-ports": 0,
      "n-output-ports": 1,
      "state": "suspended",
      "error": null,
      "props": {
        "api.v4l2.cap.bus_info": "platform:bcm2835-isp",
        "api.v4l2.cap.capabilities": 84200001,
        "api.v4l2.cap.card": "bcm2835-isp",
        "api.v4l2.cap.device-caps": 4200001,
        "api.v4l2.cap.driver": "bcm2835-isp",
        "api.v4l2.cap.version": "6.18.34",
        "api.v4l2.path": "/dev/video22",
        "client.id": 62,
        "clock.quantum-limit": 8192,
        "device.api": "v4l2",
        "device.devids": "[ 20745 ]",
        "device.id": 44,
        "factory.id": 11,
        "factory.name": "api.v4l2.source",
        "media.class": "Video/Source",
        "media.role": "Camera",
        "node.description": "bcm2835-isp (V4L2)",
        "node.driver": true,
        "node.loop.name": "data-loop.0",
        "node.name": "v4l2_input.platform-3f00b840.mailbox",
        "node.nick": "bcm2835-isp",
        "node.pause-on-idle": false,
        "object.id": 37,
        "object.path": "v4l2:/dev/video22",
        "object.serial": 255,
        "priority.session": 780
      },
      "params": {
        "PropInfo": [
          {
            "id": "device",
            "description": "The V4L2 device",
            "type": "/dev/video22"
          },
          {
            "id": "deviceName",
            "description": "The V4L2 device name",
            "type": ""
          },
          {
            "id": "deviceFd",
            "description": "The V4L2 fd",
            "type": 0
          }
        ],
        "Props": [
          {
            "device": "/dev/video22",
            "deviceName": "",
            "deviceFd": 0
          }
        ],
        "EnumFormat": [
          {
            "mediaType": "video",
            "mediaSubtype": "raw",
            "format": "YUY2",
            "size": { "default": { "width": 64, "height": 64 }, "min": { "width": 64, "height": 64 }, "max": { "width": 16384, "height": 16384 }, "step": { "width": 16384, "height": 16384 } },
            "framerate": { "default": { "num": 25, "denom": 1 }, "min": { "num": 1, "denom": 1 }, "max": { "num": 120, "denom": 1 } }
          },
          {
            "mediaType": "video",
            "mediaSubtype": "raw",
            "format": "YVYU",
            "size": { "default": { "width": 64, "height": 64 }, "min": { "width": 64, "height": 64 }, "max": { "width": 16384, "height": 16384 }, "step": { "width": 16384, "height": 16384 } },
            "framerate": { "default": { "num": 25, "denom": 1 }, "min": { "num": 1, "denom": 1 }, "max": { "num": 120, "denom": 1 } }
          },
          {
            "mediaType": "video",
            "mediaSubtype": "raw",
            "format": "UNKNOWN",
            "size": { "default": { "width": 64, "height": 64 }, "min": { "width": 64, "height": 64 }, "max": { "width": 16384, "height": 16384 }, "step": { "width": 16384, "height": 16384 } },
            "framerate": { "default": { "num": 25, "denom": 1 }, "min": { "num": 1, "denom": 1 }, "max": { "num": 120, "denom": 1 } }
          },
          {
            "mediaType": "video",
            "mediaSubtype": "raw",
            "format": "UYVY",
            "size": { "default": { "width": 64, "height": 64 }, "min": { "width": 64, "height": 64 }, "max": { "width": 16384, "height": 16384 }, "step": { "width": 16384, "height": 16384 } },
            "framerate": { "default": { "num": 25, "denom": 1 }, "min": { "num": 1, "denom": 1 }, "max": { "num": 120, "denom": 1 } }
          },
          {
            "mediaType": "video",
            "mediaSubtype": "raw",
            "format": "I420",
            "size": { "default": { "width": 64, "height": 64 }, "min": { "width": 64, "height": 64 }, "max": { "width": 16384, "height": 16384 }, "step": { "width": 16384, "height": 16384 } },
            "framerate": { "default": { "num": 25, "denom": 1 }, "min": { "num": 1, "denom": 1 }, "max": { "num": 120, "denom": 1 } }
          },
          {
            "mediaType": "video",
            "mediaSubtype": "raw",
            "format": "YV12",
            "size": { "default": { "width": 64, "height": 64 }, "min": { "width": 64, "height": 64 }, "max": { "width": 16384, "height": 16384 }, "step": { "width": 16384, "height": 16384 } },
            "framerate": { "default": { "num": 25, "denom": 1 }, "min": { "num": 1, "denom": 1 }, "max": { "num": 120, "denom": 1 } }
          },
          {
            "mediaType": "video",
            "mediaSubtype": "raw",
            "format": "NV12",
            "size": { "default": { "width": 64, "height": 64 }, "min": { "width": 64, "height": 64 }, "max": { "width": 16384, "height": 16384 }, "step": { "width": 16384, "height": 16384 } },
            "framerate": { "default": { "num": 25, "denom": 1 }, "min": { "num": 1, "denom": 1 }, "max": { "num": 120, "denom": 1 } }
          },
          {
            "mediaType": "video",
            "mediaSubtype": "raw",
            "format": "NV21",
            "size": { "default": { "width": 64, "height": 64 }, "min": { "width": 64, "height": 64 }, "max": { "width": 16384, "height": 16384 }, "step": { "width": 16384, "height": 16384 } },
            "framerate": { "default": { "num": 25, "denom": 1 }, "min": { "num": 1, "denom": 1 }, "max": { "num": 120, "denom": 1 } }
          }
        ],
        "Format": [ ]
      }
    }
  },
  {
    "id": 36,
    "type": "PipeWire:Interface:Port",
    "version": 3,
    "permissions": [ "r", "x", "m" ],
    "info": {
      "direction": "output",
      "change-mask": [ "props", "params" ],
      "props": {
        "node.id": 37,
        "object.id": 36,
        "object.path": "v4l2:/dev/video22:capture_0",
        "object.serial": 256,
        "port.alias": "bcm2835-isp:capture_1",
        "port.direction": "out",
        "port.group": "stream.0",
        "port.id": 0,
        "port.name": "capture_1",
        "port.physical": true,
        "port.terminal": true
      },
      "params": {
        "PropInfo": [
        ],
        "EnumFormat": [
          {
            "mediaType": "video",
            "mediaSubtype": "raw",
            "format": "YUY2",
            "size": { "default": { "width": 64, "height": 64 }, "min": { "width": 64, "height": 64 }, "max": { "width": 16384, "height": 16384 }, "step": { "width": 16384, "height": 16384 } },
            "framerate": { "default": { "num": 25, "denom": 1 }, "min": { "num": 1, "denom": 1 }, "max": { "num": 120, "denom": 1 } }
          },
          {
            "mediaType": "video",
            "mediaSubtype": "raw",
            "format": "YVYU",
            "size": { "default": { "width": 64, "height": 64 }, "min": { "width": 64, "height": 64 }, "max": { "width": 16384, "height": 16384 }, "step": { "width": 16384, "height": 16384 } },
            "framerate": { "default": { "num": 25, "denom": 1 }, "min": { "num": 1, "denom": 1 }, "max": { "num": 120, "denom": 1 } }
          },
          {
            "mediaType": "video",
            "mediaSubtype": "raw",
            "format": "UNKNOWN",
            "size": { "default": { "width": 64, "height": 64 }, "min": { "width": 64, "height": 64 }, "max": { "width": 16384, "height": 16384 }, "step": { "width": 16384, "height": 16384 } },
            "framerate": { "default": { "num": 25, "denom": 1 }, "min": { "num": 1, "denom": 1 }, "max": { "num": 120, "denom": 1 } }
          },
          {
            "mediaType": "video",
            "mediaSubtype": "raw",
            "format": "UYVY",
            "size": { "default": { "width": 64, "height": 64 }, "min": { "width": 64, "height": 64 }, "max": { "width": 16384, "height": 16384 }, "step": { "width": 16384, "height": 16384 } },
            "framerate": { "default": { "num": 25, "denom": 1 }, "min": { "num": 1, "denom": 1 }, "max": { "num": 120, "denom": 1 } }
          },
          {
            "mediaType": "video",
            "mediaSubtype": "raw",
            "format": "I420",
            "size": { "default": { "width": 64, "height": 64 }, "min": { "width": 64, "height": 64 }, "max": { "width": 16384, "height": 16384 }, "step": { "width": 16384, "height": 16384 } },
            "framerate": { "default": { "num": 25, "denom": 1 }, "min": { "num": 1, "denom": 1 }, "max": { "num": 120, "denom": 1 } }
          },
          {
            "mediaType": "video",
            "mediaSubtype": "raw",
            "format": "YV12",
            "size": { "default": { "width": 64, "height": 64 }, "min": { "width": 64, "height": 64 }, "max": { "width": 16384, "height": 16384 }, "step": { "width": 16384, "height": 16384 } },
            "framerate": { "default": { "num": 25, "denom": 1 }, "min": { "num": 1, "denom": 1 }, "max": { "num": 120, "denom": 1 } }
          },
          {
            "mediaType": "video",
            "mediaSubtype": "raw",
            "format": "NV12",
            "size": { "default": { "width": 64, "height": 64 }, "min": { "width": 64, "height": 64 }, "max": { "width": 16384, "height": 16384 }, "step": { "width": 16384, "height": 16384 } },
            "framerate": { "default": { "num": 25, "denom": 1 }, "min": { "num": 1, "denom": 1 }, "max": { "num": 120, "denom": 1 } }
          },
          {
            "mediaType": "video",
            "mediaSubtype": "raw",
            "format": "NV21",
            "size": { "default": { "width": 64, "height": 64 }, "min": { "width": 64, "height": 64 }, "max": { "width": 16384, "height": 16384 }, "step": { "width": 16384, "height": 16384 } },
            "framerate": { "default": { "num": 25, "denom": 1 }, "min": { "num": 1, "denom": 1 }, "max": { "num": 120, "denom": 1 } }
          }
        ],
        "Meta": [
          {
            "type": "Header",
            "size": 32
          },
          {
            "type": "VideoTransform",
            "size": 4
          }
        ],
        "IO": [
          {
            "id": "Buffers",
            "size": 8
          },
          {
            "id": "AsyncBuffers",
            "size": 8
          }
        ],
        "Format": [ ],
        "Buffers": [ ],
        "Latency": [
          {
            "direction": "Input",
            "minQuantum": 0.000000,
            "maxQuantum": 0.000000,
            "minRate": 0,
            "maxRate": 0,
            "minNs": 0,
            "maxNs": 0
          },
          {
            "direction": "Output",
            "minQuantum": 0.000000,
            "maxQuantum": 0.000000,
            "minRate": 0,
            "maxRate": 0,
            "minNs": 0,
            "maxNs": 0
          }
        ]
      }
    }
  },
  {
    "id": 81,
    "type": "PipeWire:Interface:Client",
    "version": 3,
    "permissions": [ "r", "w", "x", "m" ],
    "info": {
      "change-mask": [ "props" ],
      "props": {
        "application.language": "en_GB.UTF-8",
        "application.name": "pw-dump",
        "application.process.binary": "pw-dump",
        "application.process.host": "larkbridge",
        "application.process.id": 32448,
        "application.process.session-id": 110,
        "application.process.user": "admin",
        "clock.power-of-two-quantum": true,
        "core.name": "pipewire-admin-32448",
        "core.version": "1.4.2",
        "cpu.max-align": 16,
        "default.clock.max-quantum": 2048,
        "default.clock.min-quantum": 32,
        "default.clock.quantum": 1024,
        "default.clock.quantum-floor": 4,
        "default.clock.quantum-limit": 8192,
        "default.clock.rate": 48000,
        "default.video.height": 480,
        "default.video.rate.denom": 1,
        "default.video.rate.num": 25,
        "default.video.width": 640,
        "link.max-buffers": 64,
        "log.level": 0,
        "mem.allow-mlock": true,
        "mem.warn-mlock": false,
        "module.id": 2,
        "object.id": 81,
        "object.serial": 10640,
        "pipewire.access": "unrestricted",
        "pipewire.protocol": "protocol-native",
        "pipewire.sec.gid": 1000,
        "pipewire.sec.pid": 32448,
        "pipewire.sec.socket": "pipewire-0-manager",
        "pipewire.sec.uid": 1000,
        "remote.intention": "manager",
        "settings.check-quantum": false,
        "settings.check-rate": false
      }
    }
  }
]
