	type: PipeWire:Interface:Core
	cookie: 1142510819
	user-name: "admin"
	host-name: "larkbridge"
	version: "1.4.2"
	name: "pipewire-0"
*	properties:
*		config.name = "pipewire.conf"
*		application.name = "pipewire"
*		application.process.binary = "pipewire"
*		application.language = "en_GB.UTF-8"
*		application.process.id = "572"
*		application.process.user = "admin"
*		application.process.host = "larkbridge"
*		link.max-buffers = "16"
*		core.daemon = "true"
*		core.name = "pipewire-0"
*		default.clock.rate = "48000"
*		default.clock.allowed-rates = "[ 48000 ]"
*		default.clock.quantum = "2048"
*		default.clock.min-quantum = "256"
*		default.clock.max-quantum = "2048"
*		resample.quality = "4"
*		resample.disable = "false"
*		mem.allow-mlock = "true"
*		cpu.max-align = "16"
*		default.clock.quantum-limit = "8192"
*		default.clock.quantum-floor = "4"
*		default.video.width = "640"
*		default.video.height = "480"
*		default.video.rate.num = "25"
*		default.video.rate.denom = "1"
*		log.level = "2"
*		clock.power-of-two-quantum = "true"
*		mem.warn-mlock = "false"
*		settings.check-quantum = "false"
*		settings.check-rate = "false"
*		object.id = "0"
*		object.serial = "0"
added:
	id: 0
	permissions: r-xm-
	type: PipeWire:Interface:Core (version 4)
 	properties:
 		object.serial = "0"
 		core.name = "pipewire-0"
added:
	id: 3
	permissions: rwx--
	type: PipeWire:Interface:SecurityContext (version 3)
 	properties:
 		object.serial = "3"
added:
	id: 5
	permissions: r----
	type: PipeWire:Interface:Profiler (version 3)
 	properties:
 		object.serial = "5"
added:
	id: 32
	permissions: rwx--
	type: PipeWire:Interface:Metadata (version 3)
 	properties:
 		object.serial = "32"
 		metadata.name = "settings"
added:
	id: 80
	permissions: rwx--
	type: PipeWire:Interface:Metadata (version 3)
 	properties:
 		metadata.name = "schema-sm-settings"
 		factory.id = "7"
 		module.id = "6"
 		client.id = "79"
 		object.serial = "205"
added:
	id: 77
	permissions: rwx--
	type: PipeWire:Interface:Metadata (version 3)
 	properties:
 		metadata.name = "persistent-sm-settings"
 		factory.id = "7"
 		module.id = "6"
 		client.id = "79"
 		object.serial = "206"
added:
	id: 78
	permissions: rwx--
	type: PipeWire:Interface:Metadata (version 3)
 	properties:
 		metadata.name = "sm-settings"
 		factory.id = "7"
 		module.id = "6"
 		client.id = "79"
 		object.serial = "207"
added:
	id: 75
	permissions: rwx--
	type: PipeWire:Interface:Metadata (version 3)
 	properties:
 		metadata.name = "sm-objects"
 		factory.id = "7"
 		module.id = "6"
 		client.id = "79"
 		object.serial = "208"
added:
	id: 76
	permissions: rwx--
	type: PipeWire:Interface:Metadata (version 3)
 	properties:
 		metadata.name = "default"
 		factory.id = "7"
 		module.id = "6"
 		client.id = "79"
 		object.serial = "209"
added:
	id: 73
	permissions: rwx--
	type: PipeWire:Interface:Metadata (version 3)
 	properties:
 		metadata.name = "filters"
 		factory.id = "7"
 		module.id = "6"
 		client.id = "79"
 		object.serial = "210"
added:
	id: 74
	permissions: rwx--
	type: PipeWire:Interface:Metadata (version 3)
 	properties:
 		metadata.name = "route-settings"
 		factory.id = "7"
 		module.id = "6"
 		client.id = "79"
 		object.serial = "211"
added:
	id: 1
	permissions: r--m-
	type: PipeWire:Interface:Module (version 3)
	name: "libpipewire-module-rt"
	filename: "/usr/lib/aarch64-linux-gnu/pipewire-0.3/libpipewire-module-rt.so"
	args: "{
            nice.level    = -11
            rt.prio       = 88
            #rt.time.soft = -1
            #rt.time.hard = -1
            #uclamp.min = 0
            #uclamp.max = 1024
        }"
 	properties:
 		module.name = "libpipewire-module-rt"
 		object.id = "1"
 		object.serial = "1"
 		module.author = "Wim Taymans <wim.taymans@gmail.com>"
 		module.description = "Use realtime thread scheduling, falling back to RTKit"
 		module.usage = "( nice.level=<priority: default 20(don't change)> ) ( rt.prio=<priority: default 83> ) ( rt.time.soft=<in usec: default -1> ) ( rt.time.hard=<in usec: default -1> ) ( rlimits.enabled=<default true> ) ( rtportal.enabled=<default true> ) ( rtkit.enabled=<default true> ) ( uclamp.min=<default 0> ) ( uclamp.max=<default 1024> )"
 		module.version = "1.4.2"
 		nice.level = "-11"
 		rt.prio = "88"
added:
	id: 2
	permissions: r--m-
	type: PipeWire:Interface:Module (version 3)
	name: "libpipewire-module-protocol-native"
	filename: "/usr/lib/aarch64-linux-gnu/pipewire-0.3/libpipewire-module-protocol-native.so"
	args: "{
            # List of server Unix sockets, and optionally permissions
            #sockets = [ { name = "pipewire-0" }, { name = "pipewire-0-manager" } ]
        }"
 	properties:
 		module.name = "libpipewire-module-protocol-native"
 		object.id = "2"
 		object.serial = "2"
 		module.author = "Wim Taymans <wim.taymans@gmail.com>"
 		module.description = "Native protocol using unix sockets"
 		module.version = "1.4.2"
added:
	id: 4
	permissions: r--m-
	type: PipeWire:Interface:Module (version 3)
	name: "libpipewire-module-profiler"
	filename: "/usr/lib/aarch64-linux-gnu/pipewire-0.3/libpipewire-module-profiler.so"
	args: "{
            #profile.interval.ms = 0
        }"
 	properties:
 		module.name = "libpipewire-module-profiler"
 		object.id = "4"
 		object.serial = "4"
 		module.author = "Wim Taymans <wim.taymans@gmail.com>"
 		module.description = "Generate Profiling data"
 		module.usage = "( profile.interval.ms=<minimum interval for sampling data (in ms) ) "
 		module.version = "1.4.2"
added:
	id: 6
	permissions: r--m-
	type: PipeWire:Interface:Module (version 3)
	name: "libpipewire-module-metadata"
	filename: "/usr/lib/aarch64-linux-gnu/pipewire-0.3/libpipewire-module-metadata.so"
	args: "(null)"
 	properties:
 		module.name = "libpipewire-module-metadata"
 		object.id = "6"
 		object.serial = "6"
 		module.author = "Wim Taymans <wim.taymans@gmail.com>"
 		module.description = "Allow clients to create metadata store"
 		module.version = "1.4.2"
added:
	id: 7
	permissions: r--m-
	type: PipeWire:Interface:Factory (version 3)
	name: "metadata"
	object-type: PipeWire:Interface:Metadata/3
 	properties:
 		factory.usage = "(metadata.name = <name> ) (metadata.values = [    { ( id = <int> ) key = <string> ( type = <string> ) value = <json> }    ...  ] )"
 		module.id = "6"
 		object.id = "7"
 		object.serial = "7"
 		factory.name = "metadata"
 		factory.type.name = "PipeWire:Interface:Metadata"
 		factory.type.version = "3"
added:
	id: 8
	permissions: r--m-
	type: PipeWire:Interface:Module (version 3)
	name: "libpipewire-module-spa-device-factory"
	filename: "/usr/lib/aarch64-linux-gnu/pipewire-0.3/libpipewire-module-spa-device-factory.so"
	args: "(null)"
 	properties:
 		module.name = "libpipewire-module-spa-device-factory"
 		object.id = "8"
 		object.serial = "8"
 		module.author = "Wim Taymans <wim.taymans@gmail.com>"
 		module.description = "Provide a factory to make SPA devices"
 		module.version = "1.4.2"
added:
	id: 9
	permissions: r--m-
	type: PipeWire:Interface:Factory (version 3)
	name: "spa-device-factory"
	object-type: PipeWire:Interface:Device/3
 	properties:
 		module.id = "8"
 		object.id = "9"
 		object.serial = "9"
 		factory.name = "spa-device-factory"
 		factory.type.name = "PipeWire:Interface:Device"
 		factory.type.version = "3"
added:
	id: 10
	permissions: r--m-
	type: PipeWire:Interface:Module (version 3)
	name: "libpipewire-module-spa-node-factory"
	filename: "/usr/lib/aarch64-linux-gnu/pipewire-0.3/libpipewire-module-spa-node-factory.so"
	args: "(null)"
 	properties:
 		module.name = "libpipewire-module-spa-node-factory"
 		object.id = "10"
 		object.serial = "10"
 		module.author = "Wim Taymans <wim.taymans@gmail.com>"
 		module.description = "Provide a factory to make SPA nodes"
 		module.version = "1.4.2"
added:
	id: 11
	permissions: r--m-
	type: PipeWire:Interface:Factory (version 3)
	name: "spa-node-factory"
	object-type: PipeWire:Interface:Node/3
 	properties:
 		module.id = "10"
 		object.id = "11"
 		object.serial = "11"
 		factory.name = "spa-node-factory"
 		factory.type.name = "PipeWire:Interface:Node"
 		factory.type.version = "3"
added:
	id: 12
	permissions: r--m-
	type: PipeWire:Interface:Module (version 3)
	name: "libpipewire-module-client-node"
	filename: "/usr/lib/aarch64-linux-gnu/pipewire-0.3/libpipewire-module-client-node.so"
	args: "(null)"
 	properties:
 		module.name = "libpipewire-module-client-node"
 		object.id = "12"
 		object.serial = "12"
 		module.author = "Wim Taymans <wim.taymans@gmail.com>"
 		module.description = "Allow clients to create and control remote nodes"
 		module.version = "1.4.2"
added:
	id: 13
	permissions: r--m-
	type: PipeWire:Interface:Factory (version 3)
	name: "client-node"
	object-type: PipeWire:Interface:ClientNode/6
 	properties:
 		module.id = "12"
 		object.id = "13"
 		object.serial = "13"
 		factory.name = "client-node"
 		factory.type.name = "PipeWire:Interface:ClientNode"
 		factory.type.version = "6"
added:
	id: 14
	permissions: r--m-
	type: PipeWire:Interface:Module (version 3)
	name: "libpipewire-module-client-device"
	filename: "/usr/lib/aarch64-linux-gnu/pipewire-0.3/libpipewire-module-client-device.so"
	args: "(null)"
 	properties:
 		module.name = "libpipewire-module-client-device"
 		object.id = "14"
 		object.serial = "14"
 		module.author = "Wim Taymans <wim.taymans@gmail.com>"
 		module.description = "Allow clients to create and control remote devices"
 		module.version = "1.4.2"
added:
	id: 15
	permissions: r--m-
	type: PipeWire:Interface:Factory (version 3)
	name: "client-device"
	object-type: Spa:Pointer:Interface:Device/0
 	properties:
 		factory.usage = "[device.name=<string>]"
 		module.id = "14"
 		object.id = "15"
 		object.serial = "15"
 		factory.name = "client-device"
 		factory.type.name = "Spa:Pointer:Interface:Device"
 		factory.type.version = "0"
added:
	id: 16
	permissions: r--m-
	type: PipeWire:Interface:Module (version 3)
	name: "libpipewire-module-portal"
	filename: "/usr/lib/aarch64-linux-gnu/pipewire-0.3/libpipewire-module-portal.so"
	args: "(null)"
 	properties:
 		module.name = "libpipewire-module-portal"
 		object.id = "16"
 		object.serial = "16"
added:
	id: 17
	permissions: r--m-
	type: PipeWire:Interface:Module (version 3)
	name: "libpipewire-module-access"
	filename: "/usr/lib/aarch64-linux-gnu/pipewire-0.3/libpipewire-module-access.so"
	args: "{
            # Socket-specific access permissions
            #access.socket = { pipewire-0 = "default", pipewire-0-manager = "unrestricted" }

            # Deprecated legacy mode (not socket-based),
            # for now enabled by default if access.socket is not specified
            #access.legacy = true
        }"
 	properties:
 		module.name = "libpipewire-module-access"
 		object.id = "17"
 		object.serial = "17"
 		module.author = "Wim Taymans <wim.taymans@gmail.com>"
 		module.description = "Perform access check"
 		module.usage = "( access.socket={ <socket>=<access>, ... } ) ( access.legacy=true ) "
 		module.version = "1.4.2"
added:
	id: 18
	permissions: r--m-
	type: PipeWire:Interface:Module (version 3)
	name: "libpipewire-module-adapter"
	filename: "/usr/lib/aarch64-linux-gnu/pipewire-0.3/libpipewire-module-adapter.so"
	args: "(null)"
 	properties:
 		module.name = "libpipewire-module-adapter"
 		object.id = "18"
 		object.serial = "18"
 		module.author = "Wim Taymans <wim.taymans@gmail.com>"
 		module.description = "Manage adapter nodes"
 		module.version = "1.4.2"
added:
	id: 19
	permissions: r--m-
	type: PipeWire:Interface:Factory (version 3)
	name: "adapter"
	object-type: PipeWire:Interface:Node/3
 	properties:
 		factory.usage = "factory.name=<factory-name> (library.name=<library-name>) node.name=<string> "
 		module.id = "18"
 		object.id = "19"
 		object.serial = "19"
 		factory.name = "adapter"
 		factory.type.name = "PipeWire:Interface:Node"
 		factory.type.version = "3"
added:
	id: 20
	permissions: r--m-
	type: PipeWire:Interface:Module (version 3)
	name: "libpipewire-module-link-factory"
	filename: "/usr/lib/aarch64-linux-gnu/pipewire-0.3/libpipewire-module-link-factory.so"
	args: "{
            #allow.link.passive = false
	}"
 	properties:
 		module.name = "libpipewire-module-link-factory"
 		object.id = "20"
 		object.serial = "20"
 		module.author = "Wim Taymans <wim.taymans@gmail.com>"
 		module.description = "Allow clients to create links"
 		module.usage = "( allow.link.passive=<bool, default false> ) "
 		module.version = "1.4.2"
added:
	id: 21
	permissions: r--m-
	type: PipeWire:Interface:Factory (version 3)
	name: "link-factory"
	object-type: PipeWire:Interface:Link/3
 	properties:
 		factory.usage = "(link.output.node=<output-node>) (link.output.port=<output-port>) (link.input.node=<input-node>) (link.input.port=<input-port>) (object.linger=<bool>) (link.passive=<bool>)"
 		module.id = "20"
 		object.id = "21"
 		object.serial = "21"
 		factory.name = "link-factory"
 		factory.type.name = "PipeWire:Interface:Link"
 		factory.type.version = "3"
added:
	id: 22
	permissions: r--m-
	type: PipeWire:Interface:Module (version 3)
	name: "libpipewire-module-session-manager"
	filename: "/usr/lib/aarch64-linux-gnu/pipewire-0.3/libpipewire-module-session-manager.so"
	args: "(null)"
 	properties:
 		module.name = "libpipewire-module-session-manager"
 		object.id = "22"
 		object.serial = "22"
 		module.author = "George Kiagiadakis <george.kiagiadakis@collabora.com>"
 		module.description = "Implements objects for session management"
 		module.version = "1.4.2"
added:
	id: 23
	permissions: r--m-
	type: PipeWire:Interface:Factory (version 3)
	name: "client-endpoint"
	object-type: PipeWire:Interface:ClientEndpoint/0
 	properties:
 		module.id = "22"
 		object.id = "23"
 		object.serial = "23"
 		factory.name = "client-endpoint"
 		factory.type.name = "PipeWire:Interface:ClientEndpoint"
 		factory.type.version = "0"
added:
	id: 24
	permissions: r--m-
	type: PipeWire:Interface:Factory (version 3)
	name: "client-session"
	object-type: PipeWire:Interface:ClientSession/0
 	properties:
 		module.id = "22"
 		object.id = "24"
 		object.serial = "24"
 		factory.name = "client-session"
 		factory.type.name = "PipeWire:Interface:ClientSession"
 		factory.type.version = "0"
added:
	id: 25
	permissions: r--m-
	type: PipeWire:Interface:Factory (version 3)
	name: "session"
	object-type: PipeWire:Interface:Session/0
 	properties:
 		module.id = "22"
 		object.id = "25"
 		object.serial = "25"
 		factory.name = "session"
 		factory.type.name = "PipeWire:Interface:Session"
 		factory.type.version = "0"
added:
	id: 26
	permissions: r--m-
	type: PipeWire:Interface:Factory (version 3)
	name: "endpoint"
	object-type: PipeWire:Interface:Endpoint/0
 	properties:
 		module.id = "22"
 		object.id = "26"
 		object.serial = "26"
 		factory.name = "endpoint"
 		factory.type.name = "PipeWire:Interface:Endpoint"
 		factory.type.version = "0"
added:
	id: 27
	permissions: r--m-
	type: PipeWire:Interface:Factory (version 3)
	name: "endpoint-stream"
	object-type: PipeWire:Interface:EndpointStream/0
 	properties:
 		module.id = "22"
 		object.id = "27"
 		object.serial = "27"
 		factory.name = "endpoint-stream"
 		factory.type.name = "PipeWire:Interface:EndpointStream"
 		factory.type.version = "0"
added:
	id: 28
	permissions: r--m-
	type: PipeWire:Interface:Factory (version 3)
	name: "endpoint-link"
	object-type: PipeWire:Interface:EndpointLink/0
 	properties:
 		module.id = "22"
 		object.id = "28"
 		object.serial = "28"
 		factory.name = "endpoint-link"
 		factory.type.name = "PipeWire:Interface:EndpointLink"
 		factory.type.version = "0"
added:
	id: 29
	permissions: r--m-
	type: PipeWire:Interface:Module (version 3)
	name: "libpipewire-module-jackdbus-detect"
	filename: "/usr/lib/aarch64-linux-gnu/pipewire-0.3/libpipewire-module-jackdbus-detect.so"
	args: "{
            #jack.library     = libjack.so.0
            #jack.server      = null
            #jack.client-name = PipeWire
            #jack.connect     = true
            #tunnel.mode      = duplex  # source|sink|duplex
            source.props = {
                #audio.channels = 2
		#midi.ports = 1
                #audio.position = [ FL FR ]
                # extra sink properties
            }
            sink.props = {
                #audio.channels = 2
		#midi.ports = 1
                #audio.position = [ FL FR ]
                # extra sink properties
            }
        }"
 	properties:
 		module.name = "libpipewire-module-jackdbus-detect"
 		object.id = "29"
 		object.serial = "29"
added:
	id: 34
	permissions: rwxm-
	type: PipeWire:Interface:Client (version 3)
 	properties:
 		pipewire.protocol = "protocol-native"
 		core.name = "pipewire-admin-580"
 		pipewire.sec.socket = "pipewire-0"
 		pipewire.sec.pid = "580"
 		pipewire.sec.uid = "1000"
 		pipewire.sec.gid = "1000"
 		module.id = "2"
 		object.id = "34"
 		object.serial = "34"
 		config.name = "pipewire-pulse.conf"
 		application.name = "pipewire"
 		application.process.binary = "pipewire"
 		application.language = "en_GB.UTF-8"
 		application.process.id = "580"
 		application.process.user = "admin"
 		application.process.host = "larkbridge"
 		cpu.max-align = "16"
 		default.clock.rate = "48000"
 		default.clock.quantum = "1024"
 		default.clock.min-quantum = "32"
 		default.clock.max-quantum = "2048"
 		default.clock.quantum-limit = "8192"
 		default.clock.quantum-floor = "4"
 		default.video.width = "640"
 		default.video.height = "480"
 		default.video.rate.num = "25"
 		default.video.rate.denom = "1"
 		log.level = "2"
 		clock.power-of-two-quantum = "true"
 		link.max-buffers = "64"
 		mem.warn-mlock = "false"
 		mem.allow-mlock = "true"
 		settings.check-quantum = "false"
 		settings.check-rate = "false"
 		core.version = "1.4.2"
 		pipewire.access = "unrestricted"
added:
	id: 79
	permissions: rwxm-
	type: PipeWire:Interface:Client (version 3)
 	properties:
 		pipewire.protocol = "protocol-native"
 		core.name = "pipewire-admin-1360"
 		pipewire.sec.socket = "pipewire-0-manager"
 		pipewire.sec.pid = "1360"
 		pipewire.sec.uid = "1000"
 		pipewire.sec.gid = "1000"
 		module.id = "2"
 		object.id = "79"
 		object.serial = "204"
 		application.version = "0.5.8"
 		wireplumber.daemon = "true"
 		wireplumber.profile = "main"
 		application.name = "WirePlumber"
 		remote.name = "[pipewire-0-manager,pipewire-0]"
 		config.name = "null"
 		context.modules.allow-empty = "true"
 		application.process.binary = "wireplumber"
 		application.language = "en_GB.UTF-8"
 		application.process.id = "1360"
 		application.process.user = "admin"
 		application.process.host = "larkbridge"
 		cpu.max-align = "16"
 		default.clock.rate = "48000"
 		default.clock.quantum = "1024"
 		default.clock.min-quantum = "32"
 		default.clock.max-quantum = "2048"
 		default.clock.quantum-limit = "8192"
 		default.clock.quantum-floor = "4"
 		default.video.width = "640"
 		default.video.height = "480"
 		default.video.rate.num = "25"
 		default.video.rate.denom = "1"
 		log.level = "2"
 		clock.power-of-two-quantum = "true"
 		link.max-buffers = "64"
 		mem.warn-mlock = "false"
 		mem.allow-mlock = "true"
 		settings.check-quantum = "false"
 		settings.check-rate = "false"
 		core.version = "1.4.2"
 		pipewire.access = "unrestricted"
 		session.services = "[midi, policy.device.profile, video-capture, policy.device.routes, policy.linking.role-based, policy.default-nodes, audio, api.alsa, api.libcamera, api.v4l2, bluetooth.audio, api.bluez, api.alsa-seq, bluetooth.midi, policy.linking.standard]"
added:
	id: 62
	permissions: rwxm-
	type: PipeWire:Interface:Client (version 3)
 	properties:
 		pipewire.protocol = "protocol-native"
 		core.name = "pipewire-admin-1360"
 		pipewire.sec.socket = "pipewire-0-manager"
 		pipewire.sec.pid = "1360"
 		pipewire.sec.uid = "1000"
 		pipewire.sec.gid = "1000"
 		module.id = "2"
 		object.id = "62"
 		object.serial = "216"
 		application.name = "WirePlumber [export]"
 		wireplumber.export-core = "true"
 		application.version = "0.5.8"
 		wireplumber.daemon = "true"
 		wireplumber.profile = "main"
 		remote.name = "[pipewire-0-manager,pipewire-0]"
 		config.name = "null"
 		context.modules.allow-empty = "true"
 		application.process.binary = "wireplumber"
 		application.language = "en_GB.UTF-8"
 		application.process.id = "1360"
 		application.process.user = "admin"
 		application.process.host = "larkbridge"
 		cpu.max-align = "16"
 		default.clock.rate = "48000"
 		default.clock.quantum = "1024"
 		default.clock.min-quantum = "32"
 		default.clock.max-quantum = "2048"
 		default.clock.quantum-limit = "8192"
 		default.clock.quantum-floor = "4"
 		default.video.width = "640"
 		default.video.height = "480"
 		default.video.rate.num = "25"
 		default.video.rate.denom = "1"
 		log.level = "2"
 		clock.power-of-two-quantum = "true"
 		link.max-buffers = "64"
 		mem.warn-mlock = "false"
 		mem.allow-mlock = "true"
 		settings.check-quantum = "false"
 		settings.check-rate = "false"
 		core.version = "1.4.2"
 		pipewire.access = "unrestricted"
added:
	id: 93
	permissions: rwxm-
	type: PipeWire:Interface:Client (version 3)
 	properties:
 		pipewire.protocol = "protocol-native"
 		core.name = "pipewire-admin-33227"
 		pipewire.sec.socket = "pipewire-0"
 		pipewire.sec.pid = "33227"
 		pipewire.sec.uid = "1000"
 		pipewire.sec.gid = "1000"
 		module.id = "2"
 		object.id = "93"
 		object.serial = "10931"
 		application.name = "pw-loopback"
 		application.process.binary = "pw-loopback"
 		application.language = "en_GB.UTF-8"
 		application.process.id = "33227"
 		application.process.user = "admin"
 		application.process.host = "larkbridge"
 		log.level = "0"
 		cpu.max-align = "16"
 		default.clock.rate = "48000"
 		default.clock.quantum = "1024"
 		default.clock.min-quantum = "32"
 		default.clock.max-quantum = "2048"
 		default.clock.quantum-limit = "8192"
 		default.clock.quantum-floor = "4"
 		default.video.width = "640"
 		default.video.height = "480"
 		default.video.rate.num = "25"
 		default.video.rate.denom = "1"
 		clock.power-of-two-quantum = "true"
 		link.max-buffers = "64"
 		mem.warn-mlock = "false"
 		mem.allow-mlock = "true"
 		settings.check-quantum = "false"
 		settings.check-rate = "false"
 		core.version = "1.4.2"
 		pipewire.access = "unrestricted"
added:
	id: 94
	permissions: rwxm-
	type: PipeWire:Interface:Client (version 3)
 	properties:
 		pipewire.protocol = "protocol-native"
 		core.name = "pipewire-admin-33226"
 		pipewire.sec.socket = "pipewire-0"
 		pipewire.sec.pid = "33226"
 		pipewire.sec.uid = "1000"
 		pipewire.sec.gid = "1000"
 		module.id = "2"
 		object.id = "94"
 		object.serial = "10930"
 		application.name = "pw-loopback"
 		application.process.binary = "pw-loopback"
 		application.language = "en_GB.UTF-8"
 		application.process.id = "33226"
 		application.process.user = "admin"
 		application.process.host = "larkbridge"
 		log.level = "0"
 		cpu.max-align = "16"
 		default.clock.rate = "48000"
 		default.clock.quantum = "1024"
 		default.clock.min-quantum = "32"
 		default.clock.max-quantum = "2048"
 		default.clock.quantum-limit = "8192"
 		default.clock.quantum-floor = "4"
 		default.video.width = "640"
 		default.video.height = "480"
 		default.video.rate.num = "25"
 		default.video.rate.denom = "1"
 		clock.power-of-two-quantum = "true"
 		link.max-buffers = "64"
 		mem.warn-mlock = "false"
 		mem.allow-mlock = "true"
 		settings.check-quantum = "false"
 		settings.check-rate = "false"
 		core.version = "1.4.2"
 		pipewire.access = "unrestricted"
added:
	id: 100
	permissions: r-x--
	type: PipeWire:Interface:Link (version 3)
	output-node-id: 92
	output-port-id: 98
	input-node-id: 86
	input-port-id: 87
 	state: "active"
 	format:
   audio/dsp
             format : (Id) F32P
 	properties:
 		link.output.node = "92"
 		link.output.port = "98"
 		link.input.node = "86"
 		link.input.port = "87"
 		factory.id = "21"
 		client.id = "79"
 		object.id = "100"
 		object.serial = "10938"
added:
	id: 101
	permissions: r-x--
	type: PipeWire:Interface:Link (version 3)
	output-node-id: 92
	output-port-id: 99
	input-node-id: 86
	input-port-id: 90
 	state: "active"
 	format:
   audio/dsp
             format : (Id) F32P
 	properties:
 		link.output.node = "92"
 		link.output.port = "99"
 		link.input.node = "86"
 		link.input.port = "90"
 		factory.id = "21"
 		client.id = "79"
 		object.id = "101"
 		object.serial = "10939"
added:
	id: 106
	permissions: r-x--
	type: PipeWire:Interface:Link (version 3)
	output-node-id: 55
	output-port-id: 52
	input-node-id: 95
	input-port-id: 102
 	state: "active"
 	format:
   audio/dsp
             format : (Id) F32P
 	properties:
 		link.output.node = "55"
 		link.output.port = "52"
 		link.input.node = "95"
 		link.input.port = "102"
 		factory.id = "21"
 		client.id = "79"
 		object.id = "106"
 		object.serial = "10944"
added:
	id: 107
	permissions: r-x--
	type: PipeWire:Interface:Link (version 3)
	output-node-id: 55
	output-port-id: 54
	input-node-id: 95
	input-port-id: 104
 	state: "active"
 	format:
   audio/dsp
             format : (Id) F32P
 	properties:
 		link.output.node = "55"
 		link.output.port = "54"
 		link.input.node = "95"
 		link.input.port = "104"
 		factory.id = "21"
 		client.id = "79"
 		object.id = "107"
 		object.serial = "10945"
added:
	id: 110
	permissions: r-x--
	type: PipeWire:Interface:Link (version 3)
	output-node-id: 96
	output-port-id: 108
	input-node-id: 71
	input-port-id: 53
 	state: "active"
 	format:
   audio/dsp
             format : (Id) F32P
 	properties:
 		link.output.node = "96"
 		link.output.port = "108"
 		link.input.node = "71"
 		link.input.port = "53"
 		factory.id = "21"
 		client.id = "79"
 		object.id = "110"
 		object.serial = "10948"
added:
	id: 111
	permissions: r-x--
	type: PipeWire:Interface:Link (version 3)
	output-node-id: 96
	output-port-id: 109
	input-node-id: 71
	input-port-id: 50
 	state: "active"
 	format:
   audio/dsp
             format : (Id) F32P
 	properties:
 		link.output.node = "96"
 		link.output.port = "109"
 		link.input.node = "71"
 		link.input.port = "50"
 		factory.id = "21"
 		client.id = "79"
 		object.id = "111"
 		object.serial = "10949"
added:
	id: 116
	permissions: r-x--
	type: PipeWire:Interface:Link (version 3)
	output-node-id: 82
	output-port-id: 84
	input-node-id: 97
	input-port-id: 112
 	state: "active"
 	format:
   audio/dsp
             format : (Id) F32P
 	properties:
 		link.output.node = "82"
 		link.output.port = "84"
 		link.input.node = "97"
 		link.input.port = "112"
 		factory.id = "21"
 		client.id = "79"
 		object.id = "116"
 		object.serial = "10954"
added:
	id: 117
	permissions: r-x--
	type: PipeWire:Interface:Link (version 3)
	output-node-id: 82
	output-port-id: 85
	input-node-id: 97
	input-port-id: 114
 	state: "active"
 	format:
   audio/dsp
             format : (Id) F32P
 	properties:
 		link.output.node = "82"
 		link.output.port = "85"
 		link.input.node = "97"
 		link.input.port = "114"
 		factory.id = "21"
 		client.id = "79"
 		object.id = "117"
 		object.serial = "10955"
added:
	id: 118
	permissions: rwxm-
	type: PipeWire:Interface:Client (version 3)
 	properties:
 		pipewire.protocol = "protocol-native"
 		core.name = "pipewire-admin-33599"
 		pipewire.sec.socket = "pipewire-0-manager"
 		pipewire.sec.pid = "33599"
 		pipewire.sec.uid = "1000"
 		pipewire.sec.gid = "1000"
 		module.id = "2"
 		object.id = "118"
 		object.serial = "11014"
 		remote.intention = "manager"
 		application.name = "pw-mon"
 		application.process.binary = "pw-mon"
 		application.language = "en_GB.UTF-8"
 		application.process.id = "33599"
 		application.process.user = "admin"
 		application.process.host = "larkbridge"
 		application.process.session-id = "122"
 		log.level = "0"
 		cpu.max-align = "16"
 		default.clock.rate = "48000"
 		default.clock.quantum = "1024"
 		default.clock.min-quantum = "32"
 		default.clock.max-quantum = "2048"
 		default.clock.quantum-limit = "8192"
 		default.clock.quantum-floor = "4"
 		default.video.width = "640"
 		default.video.height = "480"
 		default.video.rate.num = "25"
 		default.video.rate.denom = "1"
 		clock.power-of-two-quantum = "true"
 		link.max-buffers = "64"
 		mem.warn-mlock = "false"
 		mem.allow-mlock = "true"
 		settings.check-quantum = "false"
 		settings.check-rate = "false"
 		core.version = "1.4.2"
 		pipewire.access = "unrestricted"
added:
	id: 30
	permissions: rwxm-
	type: PipeWire:Interface:Node (version 3)
 	params:
 	input ports: 0/0
 	output ports: 0/0
 	state: "suspended"
 	properties:
 		factory.name = "support.node.driver"
 		node.name = "Dummy-Driver"
 		node.group = "pipewire.dummy"
 		node.sync-group = "sync.dummy"
 		priority.driver = "200000"
 		factory.id = "11"
 		clock.quantum-limit = "8192"
 		node.loop.name = "data-loop.0"
 		node.driver = "true"
 		clock.id = "monotonic"
 		clock.name = "clock.system.monotonic"
 		object.id = "30"
 		object.serial = "30"
added:
	id: 31
	permissions: rwxm-
	type: PipeWire:Interface:Node (version 3)
 	params:
 	input ports: 0/0
 	output ports: 0/0
 	state: "suspended"
 	properties:
 		factory.name = "support.node.driver"
 		node.name = "Freewheel-Driver"
 		priority.driver = "190000"
 		node.group = "pipewire.freewheel"
 		node.sync-group = "sync.dummy"
 		node.freewheel = "true"
 		factory.id = "11"
 		clock.quantum-limit = "8192"
 		node.loop.name = "data-loop.0"
 		node.driver = "true"
 		clock.id = "monotonic"
 		clock.name = "clock.system.monotonic"
 		object.id = "31"
 		object.serial = "31"
added:
	id: 61
	permissions: rwxm-
	type: PipeWire:Interface:Device (version 3)
 	params:
*	  id:8 (Spa:Enum:ParamId:EnumProfile)
          Object: size 160, type Spa:Pod:Object:Param:Profile (262151), id Spa:Enum:ParamId:EnumProfile (8)
            Prop: key Spa:Pod:Object:Param:Profile:index (1), flags 00000000
              Int 0
            Prop: key Spa:Pod:Object:Param:Profile:name (2), flags 00000000
              String "off"
            Prop: key Spa:Pod:Object:Param:Profile:description (3), flags 00000000
              String "Off"
            Prop: key Spa:Pod:Object:Param:Profile:priority (4), flags 00000000
              Int 0
            Prop: key Spa:Pod:Object:Param:Profile:available (5), flags 00000000
              Id 2        (Spa:Enum:ParamAvailability:yes)
            Prop: key Spa:Pod:Object:Param:Profile:classes (7), flags 00000000
              Struct: size 16
                Int 0
*	  id:8 (Spa:Enum:ParamId:EnumProfile)
          Object: size 288, type Spa:Pod:Object:Param:Profile (262151), id Spa:Enum:ParamId:EnumProfile (8)
            Prop: key Spa:Pod:Object:Param:Profile:index (1), flags 00000000
              Int 1
            Prop: key Spa:Pod:Object:Param:Profile:name (2), flags 00000000
              String "output:stereo-fallback"
            Prop: key Spa:Pod:Object:Param:Profile:description (3), flags 00000000
              String "Stereo Output"
            Prop: key Spa:Pod:Object:Param:Profile:priority (4), flags 00000000
              Int 5100
            Prop: key Spa:Pod:Object:Param:Profile:available (5), flags 00000000
              Id 0        (Spa:Enum:ParamAvailability:unknown)
            Prop: key Spa:Pod:Object:Param:Profile:classes (7), flags 00000000
              Struct: size 120
                Int 1
                Struct: size 96
                  String "Audio/Sink"
                  Int 1
                  String "card.profile.devices"
                  Array: child.size 4, child.type Spa:Int
                    Int 1
*	  id:8 (Spa:Enum:ParamId:EnumProfile)
          Object: size 280, type Spa:Pod:Object:Param:Profile (262151), id Spa:Enum:ParamId:EnumProfile (8)
            Prop: key Spa:Pod:Object:Param:Profile:index (1), flags 00000000
              Int 2
            Prop: key Spa:Pod:Object:Param:Profile:name (2), flags 00000000
              String "pro-audio"
            Prop: key Spa:Pod:Object:Param:Profile:description (3), flags 00000000
              String "Pro Audio"
            Prop: key Spa:Pod:Object:Param:Profile:priority (4), flags 00000000
              Int 1
            Prop: key Spa:Pod:Object:Param:Profile:available (5), flags 00000000
              Id 2        (Spa:Enum:ParamAvailability:yes)
            Prop: key Spa:Pod:Object:Param:Profile:classes (7), flags 00000000
              Struct: size 120
                Int 1
                Struct: size 96
                  String "Audio/Sink"
                  Int 1
                  String "card.profile.devices"
                  Array: child.size 4, child.type Spa:Int
                    Int 0
*	  id:9 (Spa:Enum:ParamId:Profile)
          Object: size 312, type Spa:Pod:Object:Param:Profile (262151), id Spa:Enum:ParamId:Profile (9)
            Prop: key Spa:Pod:Object:Param:Profile:index (1), flags 00000000
              Int 1
            Prop: key Spa:Pod:Object:Param:Profile:name (2), flags 00000000
              String "output:stereo-fallback"
            Prop: key Spa:Pod:Object:Param:Profile:description (3), flags 00000000
              String "Stereo Output"
            Prop: key Spa:Pod:Object:Param:Profile:priority (4), flags 00000000
              Int 5100
            Prop: key Spa:Pod:Object:Param:Profile:available (5), flags 00000000
              Id 0        (Spa:Enum:ParamAvailability:unknown)
            Prop: key Spa:Pod:Object:Param:Profile:classes (7), flags 00000000
              Struct: size 120
                Int 1
                Struct: size 96
                  String "Audio/Sink"
                  Int 1
                  String "card.profile.devices"
                  Array: child.size 4, child.type Spa:Int
                    Int 1
            Prop: key Spa:Pod:Object:Param:Profile:save (8), flags 00000000
              Bool false
*	  id:12 (Spa:Enum:ParamId:EnumRoute)
          Object: size 352, type Spa:Pod:Object:Param:Route (262153), id Spa:Enum:ParamId:EnumRoute (12)
            Prop: key Spa:Pod:Object:Param:Route:index (1), flags 00000000
              Int 0
            Prop: key Spa:Pod:Object:Param:Route:direction (2), flags 00000000
              Id 1        (Spa:Enum:Direction:Output)
            Prop: key Spa:Pod:Object:Param:Route:name (4), flags 00000000
              String "analog-output"
            Prop: key Spa:Pod:Object:Param:Route:description (5), flags 00000000
              String "Analog Output"
            Prop: key Spa:Pod:Object:Param:Route:priority (6), flags 00000000
              Int 9900
            Prop: key Spa:Pod:Object:Param:Route:available (7), flags 00000000
              Id 0        (Spa:Enum:ParamAvailability:unknown)
            Prop: key Spa:Pod:Object:Param:Route:info (8), flags 00000004
              Struct: size 104
                Int 2
                String "port.type"
                String "analog"
                String "card.profile.port"
                String "0"
            Prop: key Spa:Pod:Object:Param:Route:profiles (9), flags 00000000
              Array: child.size 4, child.type Spa:Int
                Int 1
            Prop: key Spa:Pod:Object:Param:Route:devices (11), flags 00000000
              Array: child.size 4, child.type Spa:Int
                Int 1
*	  id:13 (Spa:Enum:ParamId:Route)
          Object: size 720, type Spa:Pod:Object:Param:Route (262153), id Spa:Enum:ParamId:Route (13)
            Prop: key Spa:Pod:Object:Param:Route:index (1), flags 00000000
              Int 0
            Prop: key Spa:Pod:Object:Param:Route:direction (2), flags 00000000
              Id 1        (Spa:Enum:Direction:Output)
            Prop: key Spa:Pod:Object:Param:Route:name (4), flags 00000000
              String "analog-output"
            Prop: key Spa:Pod:Object:Param:Route:description (5), flags 00000000
              String "Analog Output"
            Prop: key Spa:Pod:Object:Param:Route:priority (6), flags 00000000
              Int 9900
            Prop: key Spa:Pod:Object:Param:Route:available (7), flags 00000000
              Id 0        (Spa:Enum:ParamAvailability:unknown)
            Prop: key Spa:Pod:Object:Param:Route:info (8), flags 00000004
              Struct: size 184
                Int 4
                String "port.type"
                String "analog"
                String "card.profile.port"
                String "0"
                String "route.hw-mute"
                String "true"
                String "route.hw-volume"
                String "true"
            Prop: key Spa:Pod:Object:Param:Route:profiles (9), flags 00000000
              Array: child.size 4, child.type Spa:Int
                Int 1
            Prop: key Spa:Pod:Object:Param:Route:device (3), flags 00000000
              Int 1
            Prop: key Spa:Pod:Object:Param:Route:props (10), flags 00000000
              Object: size 200, type Spa:Pod:Object:Param:Props (262146), id Spa:Enum:ParamId:Route (13)
                Prop: key Spa:Pod:Object:Param:Props:mute (65540), flags 00000002
                  Bool false
                Prop: key Spa:Pod:Object:Param:Props:channelVolumes (65544), flags 00000002
                  Array: child.size 4, child.type Spa:Float
                    Float 0.614105
                    Float 0.614105
                Prop: key Spa:Pod:Object:Param:Props:volumeBase (65545), flags 00000001
                  Float 0.630959
                Prop: key Spa:Pod:Object:Param:Props:volumeStep (65546), flags 00000001
                  Float 0.000015
                Prop: key Spa:Pod:Object:Param:Props:channelMap (65547), flags 00000000
                  Array: child.size 4, child.type Spa:Id
                    Id 3        (Spa:Enum:AudioChannel:FL)
                    Id 4        (Spa:Enum:AudioChannel:FR)
                Prop: key Spa:Pod:Object:Param:Props:softVolumes (65552), flags 00000000
                  Array: child.size 4, child.type Spa:Float
                    Float 1.000000
                    Float 1.000000
                Prop: key Spa:Pod:Object:Param:Props:latencyOffsetNsec (65550), flags 00000000
                  Long 0
            Prop: key Spa:Pod:Object:Param:Route:devices (11), flags 00000000
              Array: child.size 4, child.type Spa:Int
                Int 1
            Prop: key Spa:Pod:Object:Param:Route:profile (12), flags 00000000
              Int 1
            Prop: key Spa:Pod:Object:Param:Route:save (13), flags 00000000
              Bool true
 	properties:
 		api.acp.auto-port = "false"
 		api.acp.auto-profile = "false"
 		api.alsa.card = "0"
 		api.alsa.card.longname = "bcm2835 Headphones"
 		api.alsa.card.name = "bcm2835 Headphones"
 		api.alsa.path = "hw:0"
 		api.alsa.split-enable = "true"
 		api.alsa.use-acp = "true"
 		api.dbus.ReserveDevice1 = "Audio0"
 		api.dbus.ReserveDevice1.Priority = "-20"
 		device.api = "alsa"
 		device.bus-path = "platform-3f00b840.mailbox"
 		device.description = "Built-in Audio"
 		device.enum.api = "udev"
 		device.form-factor = "internal"
 		device.icon-name = "audio-card-analog"
 		device.name = "alsa_card.platform-3f00b840.mailbox"
 		device.nick = "bcm2835 Headphones"
 		device.plugged.usec = "9804380"
 		device.subsystem = "sound"
 		device.sysfs.path = "/devices/platform/soc/3f00b840.mailbox/bcm2835-audio/sound/card0"
 		media.class = "Audio/Device"
 		spa.object.id = "2"
 		factory.id = "15"
 		client.id = "62"
 		object.id = "61"
 		object.serial = "217"
 		object.path = "alsa:acp:Headphones"
 		alsa.card = "0"
 		alsa.card_name = "bcm2835 Headphones"
 		alsa.long_card_name = "bcm2835 Headphones"
 		alsa.mixer_name = "Broadcom Mixer"
 		alsa.id = "Headphones"
 		device.string = "0"
added:
	id: 60
	permissions: rwxm-
	type: PipeWire:Interface:Device (version 3)
 	params:
*	  id:8 (Spa:Enum:ParamId:EnumProfile)
          Object: size 160, type Spa:Pod:Object:Param:Profile (262151), id Spa:Enum:ParamId:EnumProfile (8)
            Prop: key Spa:Pod:Object:Param:Profile:index (1), flags 00000000
              Int 0
            Prop: key Spa:Pod:Object:Param:Profile:name (2), flags 00000000
              String "off"
            Prop: key Spa:Pod:Object:Param:Profile:description (3), flags 00000000
              String "Off"
            Prop: key Spa:Pod:Object:Param:Profile:priority (4), flags 00000000
              Int 0
            Prop: key Spa:Pod:Object:Param:Profile:available (5), flags 00000000
              Id 2        (Spa:Enum:ParamAvailability:yes)
            Prop: key Spa:Pod:Object:Param:Profile:classes (7), flags 00000000
              Struct: size 16
                Int 0
*	  id:8 (Spa:Enum:ParamId:EnumProfile)
          Object: size 280, type Spa:Pod:Object:Param:Profile (262151), id Spa:Enum:ParamId:EnumProfile (8)
            Prop: key Spa:Pod:Object:Param:Profile:index (1), flags 00000000
              Int 1
            Prop: key Spa:Pod:Object:Param:Profile:name (2), flags 00000000
              String "pro-audio"
            Prop: key Spa:Pod:Object:Param:Profile:description (3), flags 00000000
              String "Pro Audio"
            Prop: key Spa:Pod:Object:Param:Profile:priority (4), flags 00000000
              Int 1
            Prop: key Spa:Pod:Object:Param:Profile:available (5), flags 00000000
              Id 2        (Spa:Enum:ParamAvailability:yes)
            Prop: key Spa:Pod:Object:Param:Profile:classes (7), flags 00000000
              Struct: size 120
                Int 1
                Struct: size 96
                  String "Audio/Sink"
                  Int 1
                  String "card.profile.devices"
                  Array: child.size 4, child.type Spa:Int
                    Int 0
*	  id:9 (Spa:Enum:ParamId:Profile)
          Object: size 184, type Spa:Pod:Object:Param:Profile (262151), id Spa:Enum:ParamId:Profile (9)
            Prop: key Spa:Pod:Object:Param:Profile:index (1), flags 00000000
              Int 0
            Prop: key Spa:Pod:Object:Param:Profile:name (2), flags 00000000
              String "off"
            Prop: key Spa:Pod:Object:Param:Profile:description (3), flags 00000000
              String "Off"
            Prop: key Spa:Pod:Object:Param:Profile:priority (4), flags 00000000
              Int 0
            Prop: key Spa:Pod:Object:Param:Profile:available (5), flags 00000000
              Id 2        (Spa:Enum:ParamAvailability:yes)
            Prop: key Spa:Pod:Object:Param:Profile:classes (7), flags 00000000
              Struct: size 16
                Int 0
            Prop: key Spa:Pod:Object:Param:Profile:save (8), flags 00000000
              Bool false
 	properties:
 		api.acp.auto-port = "false"
 		api.acp.auto-profile = "false"
 		api.alsa.card = "2"
 		api.alsa.card.longname = "vc4-hdmi"
 		api.alsa.card.name = "vc4-hdmi"
 		api.alsa.path = "hw:2"
 		api.alsa.split-enable = "true"
 		api.alsa.use-acp = "true"
 		api.dbus.ReserveDevice1 = "Audio2"
 		api.dbus.ReserveDevice1.Priority = "-20"
 		device.api = "alsa"
 		device.bus-path = "platform-3f902000.hdmi"
 		device.description = "Built-in Audio"
 		device.enum.api = "udev"
 		device.form-factor = "internal"
 		device.icon-name = "audio-card-analog"
 		device.name = "alsa_card.platform-3f902000.hdmi"
 		device.nick = "vc4-hdmi"
 		device.plugged.usec = "11016331"
 		device.subsystem = "sound"
 		device.sysfs.path = "/devices/platform/soc/3f902000.hdmi/sound/card2"
 		media.class = "Audio/Device"
 		spa.object.id = "6"
 		factory.id = "15"
 		client.id = "62"
 		object.id = "60"
 		object.serial = "218"
 		object.path = "alsa:acp:vc4hdmi"
 		alsa.card = "2"
 		alsa.card_name = "vc4-hdmi"
 		alsa.long_card_name = "vc4-hdmi"
 		alsa.driver_name = "vc4"
 		alsa.id = "vc4hdmi"
 		device.string = "2"
added:
	id: 59
	permissions: rwxm-
	type: PipeWire:Interface:Device (version 3)
 	params:
*	  id:8 (Spa:Enum:ParamId:EnumProfile)
          Object: size 160, type Spa:Pod:Object:Param:Profile (262151), id Spa:Enum:ParamId:EnumProfile (8)
            Prop: key Spa:Pod:Object:Param:Profile:index (1), flags 00000000
              Int 0
            Prop: key Spa:Pod:Object:Param:Profile:name (2), flags 00000000
              String "off"
            Prop: key Spa:Pod:Object:Param:Profile:description (3), flags 00000000
              String "Off"
            Prop: key Spa:Pod:Object:Param:Profile:priority (4), flags 00000000
              Int 0
            Prop: key Spa:Pod:Object:Param:Profile:available (5), flags 00000000
              Id 2        (Spa:Enum:ParamAvailability:yes)
            Prop: key Spa:Pod:Object:Param:Profile:classes (7), flags 00000000
              Struct: size 16
                Int 0
*	  id:8 (Spa:Enum:ParamId:EnumProfile)
          Object: size 296, type Spa:Pod:Object:Param:Profile (262151), id Spa:Enum:ParamId:EnumProfile (8)
            Prop: key Spa:Pod:Object:Param:Profile:index (1), flags 00000000
              Int 1
            Prop: key Spa:Pod:Object:Param:Profile:name (2), flags 00000000
              String "input:analog-stereo"
            Prop: key Spa:Pod:Object:Param:Profile:description (3), flags 00000000
              String "Analog Stereo Input"
            Prop: key Spa:Pod:Object:Param:Profile:priority (4), flags 00000000
              Int 65
            Prop: key Spa:Pod:Object:Param:Profile:available (5), flags 00000000
              Id 0        (Spa:Enum:ParamAvailability:unknown)
            Prop: key Spa:Pod:Object:Param:Profile:classes (7), flags 00000000
              Struct: size 120
                Int 1
                Struct: size 96
                  String "Audio/Source"
                  Int 1
                  String "card.profile.devices"
                  Array: child.size 4, child.type Spa:Int
                    Int 0
*	  id:8 (Spa:Enum:ParamId:EnumProfile)
          Object: size 304, type Spa:Pod:Object:Param:Profile (262151), id Spa:Enum:ParamId:EnumProfile (8)
            Prop: key Spa:Pod:Object:Param:Profile:index (1), flags 00000000
              Int 2
            Prop: key Spa:Pod:Object:Param:Profile:name (2), flags 00000000
              String "input:iec958-stereo"
            Prop: key Spa:Pod:Object:Param:Profile:description (3), flags 00000000
              String "Digital Stereo (IEC958) Input"
            Prop: key Spa:Pod:Object:Param:Profile:priority (4), flags 00000000
              Int 55
            Prop: key Spa:Pod:Object:Param:Profile:available (5), flags 00000000
              Id 0        (Spa:Enum:ParamAvailability:unknown)
            Prop: key Spa:Pod:Object:Param:Profile:classes (7), flags 00000000
              Struct: size 120
                Int 1
                Struct: size 96
                  String "Audio/Source"
                  Int 1
                  String "card.profile.devices"
                  Array: child.size 4, child.type Spa:Int
                    Int 2
*	  id:8 (Spa:Enum:ParamId:EnumProfile)
          Object: size 280, type Spa:Pod:Object:Param:Profile (262151), id Spa:Enum:ParamId:EnumProfile (8)
            Prop: key Spa:Pod:Object:Param:Profile:index (1), flags 00000000
              Int 3
            Prop: key Spa:Pod:Object:Param:Profile:name (2), flags 00000000
              String "pro-audio"
            Prop: key Spa:Pod:Object:Param:Profile:description (3), flags 00000000
              String "Pro Audio"
            Prop: key Spa:Pod:Object:Param:Profile:priority (4), flags 00000000
              Int 1
            Prop: key Spa:Pod:Object:Param:Profile:available (5), flags 00000000
              Id 2        (Spa:Enum:ParamAvailability:yes)
            Prop: key Spa:Pod:Object:Param:Profile:classes (7), flags 00000000
              Struct: size 120
                Int 1
                Struct: size 96
                  String "Audio/Source"
                  Int 1
                  String "card.profile.devices"
                  Array: child.size 4, child.type Spa:Int
                    Int 1
*	  id:9 (Spa:Enum:ParamId:Profile)
          Object: size 320, type Spa:Pod:Object:Param:Profile (262151), id Spa:Enum:ParamId:Profile (9)
            Prop: key Spa:Pod:Object:Param:Profile:index (1), flags 00000000
              Int 1
            Prop: key Spa:Pod:Object:Param:Profile:name (2), flags 00000000
              String "input:analog-stereo"
            Prop: key Spa:Pod:Object:Param:Profile:description (3), flags 00000000
              String "Analog Stereo Input"
            Prop: key Spa:Pod:Object:Param:Profile:priority (4), flags 00000000
              Int 65
            Prop: key Spa:Pod:Object:Param:Profile:available (5), flags 00000000
              Id 0        (Spa:Enum:ParamAvailability:unknown)
            Prop: key Spa:Pod:Object:Param:Profile:classes (7), flags 00000000
              Struct: size 120
                Int 1
                Struct: size 96
                  String "Audio/Source"
                  Int 1
                  String "card.profile.devices"
                  Array: child.size 4, child.type Spa:Int
                    Int 0
            Prop: key Spa:Pod:Object:Param:Profile:save (8), flags 00000000
              Bool false
*	  id:12 (Spa:Enum:ParamId:EnumRoute)
          Object: size 352, type Spa:Pod:Object:Param:Route (262153), id Spa:Enum:ParamId:EnumRoute (12)
            Prop: key Spa:Pod:Object:Param:Route:index (1), flags 00000000
              Int 0
            Prop: key Spa:Pod:Object:Param:Route:direction (2), flags 00000000
              Id 0        (Spa:Enum:Direction:Input)
            Prop: key Spa:Pod:Object:Param:Route:name (4), flags 00000000
              String "analog-input"
            Prop: key Spa:Pod:Object:Param:Route:description (5), flags 00000000
              String "Analog Input"
            Prop: key Spa:Pod:Object:Param:Route:priority (6), flags 00000000
              Int 10000
            Prop: key Spa:Pod:Object:Param:Route:available (7), flags 00000000
              Id 0        (Spa:Enum:ParamAvailability:unknown)
            Prop: key Spa:Pod:Object:Param:Route:info (8), flags 00000004
              Struct: size 104
                Int 2
                String "port.type"
                String "analog"
                String "card.profile.port"
                String "0"
            Prop: key Spa:Pod:Object:Param:Route:profiles (9), flags 00000000
              Array: child.size 4, child.type Spa:Int
                Int 1
            Prop: key Spa:Pod:Object:Param:Route:devices (11), flags 00000000
              Array: child.size 4, child.type Spa:Int
                Int 0
*	  id:12 (Spa:Enum:ParamId:EnumRoute)
          Object: size 368, type Spa:Pod:Object:Param:Route (262153), id Spa:Enum:ParamId:EnumRoute (12)
            Prop: key Spa:Pod:Object:Param:Route:index (1), flags 00000000
              Int 1
            Prop: key Spa:Pod:Object:Param:Route:direction (2), flags 00000000
              Id 0        (Spa:Enum:Direction:Input)
            Prop: key Spa:Pod:Object:Param:Route:name (4), flags 00000000
              String "iec958-stereo-input"
            Prop: key Spa:Pod:Object:Param:Route:description (5), flags 00000000
              String "Digital Input (S/PDIF)"
            Prop: key Spa:Pod:Object:Param:Route:priority (6), flags 00000000
              Int 0
            Prop: key Spa:Pod:Object:Param:Route:available (7), flags 00000000
              Id 0        (Spa:Enum:ParamAvailability:unknown)
            Prop: key Spa:Pod:Object:Param:Route:info (8), flags 00000004
              Struct: size 104
                Int 2
                String "port.type"
                String "spdif"
                String "card.profile.port"
                String "1"
            Prop: key Spa:Pod:Object:Param:Route:profiles (9), flags 00000000
              Array: child.size 4, child.type Spa:Int
                Int 2
            Prop: key Spa:Pod:Object:Param:Route:devices (11), flags 00000000
              Array: child.size 4, child.type Spa:Int
                Int 2
*	  id:13 (Spa:Enum:ParamId:Route)
          Object: size 720, type Spa:Pod:Object:Param:Route (262153), id Spa:Enum:ParamId:Route (13)
            Prop: key Spa:Pod:Object:Param:Route:index (1), flags 00000000
              Int 0
            Prop: key Spa:Pod:Object:Param:Route:direction (2), flags 00000000
              Id 0        (Spa:Enum:Direction:Input)
            Prop: key Spa:Pod:Object:Param:Route:name (4), flags 00000000
              String "analog-input"
            Prop: key Spa:Pod:Object:Param:Route:description (5), flags 00000000
              String "Analog Input"
            Prop: key Spa:Pod:Object:Param:Route:priority (6), flags 00000000
              Int 10000
            Prop: key Spa:Pod:Object:Param:Route:available (7), flags 00000000
              Id 0        (Spa:Enum:ParamAvailability:unknown)
            Prop: key Spa:Pod:Object:Param:Route:info (8), flags 00000004
              Struct: size 184
                Int 4
                String "port.type"
                String "analog"
                String "card.profile.port"
                String "0"
                String "route.hw-mute"
                String "false"
                String "route.hw-volume"
                String "false"
            Prop: key Spa:Pod:Object:Param:Route:profiles (9), flags 00000000
              Array: child.size 4, child.type Spa:Int
                Int 1
            Prop: key Spa:Pod:Object:Param:Route:device (3), flags 00000000
              Int 0
            Prop: key Spa:Pod:Object:Param:Route:props (10), flags 00000000
              Object: size 200, type Spa:Pod:Object:Param:Props (262146), id Spa:Enum:ParamId:Route (13)
                Prop: key Spa:Pod:Object:Param:Props:mute (65540), flags 00000000
                  Bool false
                Prop: key Spa:Pod:Object:Param:Props:channelVolumes (65544), flags 00000000
                  Array: child.size 4, child.type Spa:Float
                    Float 1.000000
                    Float 1.000000
                Prop: key Spa:Pod:Object:Param:Props:volumeBase (65545), flags 00000001
                  Float 1.000000
                Prop: key Spa:Pod:Object:Param:Props:volumeStep (65546), flags 00000001
                  Float 0.000015
                Prop: key Spa:Pod:Object:Param:Props:channelMap (65547), flags 00000000
                  Array: child.size 4, child.type Spa:Id
                    Id 3        (Spa:Enum:AudioChannel:FL)
                    Id 4        (Spa:Enum:AudioChannel:FR)
                Prop: key Spa:Pod:Object:Param:Props:softVolumes (65552), flags 00000000
                  Array: child.size 4, child.type Spa:Float
                    Float 1.000000
                    Float 1.000000
                Prop: key Spa:Pod:Object:Param:Props:latencyOffsetNsec (65550), flags 00000000
                  Long 0
            Prop: key Spa:Pod:Object:Param:Route:devices (11), flags 00000000
              Array: child.size 4, child.type Spa:Int
                Int 0
            Prop: key Spa:Pod:Object:Param:Route:profile (12), flags 00000000
              Int 1
            Prop: key Spa:Pod:Object:Param:Route:save (13), flags 00000000
              Bool false
 	properties:
 		api.acp.auto-port = "false"
 		api.acp.auto-profile = "false"
 		api.alsa.card = "1"
 		api.alsa.card.longname = "Shenzhen Hollyland Technology Co.,Ltd Wireless Microphone at usb-3f980000.usb-1"
 		api.alsa.card.name = "Wireless Microphone"
 		api.alsa.path = "hw:1"
 		api.alsa.split-enable = "true"
 		api.alsa.use-acp = "true"
 		api.dbus.ReserveDevice1 = "Audio1"
 		api.dbus.ReserveDevice1.Priority = "-20"
 		device.api = "alsa"
 		device.bus = "usb"
 		device.bus-id = "usb-Shenzhen_Hollyland_Technology_Co._Ltd_Wireless_Microphone_Wireless_Microphone-01"
 		device.bus-path = "platform-3f980000.usb-usb-0:1.3:1.1"
 		device.description = "Wireless Microphone"
 		device.enum.api = "udev"
 		device.form-factor = "microphone"
 		device.icon-name = "audio-input-microphone-analog-usb"
 		device.name = "alsa_card.usb-Shenzhen_Hollyland_Technology_Co._Ltd_Wireless_Microphone_Wireless_Microphone-01"
 		device.nick = "Wireless Microphone"
 		device.plugged.usec = "10112605"
 		device.product.id = "0x0407"
 		device.product.name = "Wireless Microphone"
 		device.serial = "Shenzhen_Hollyland_Technology_Co._Ltd_Wireless_Microphone_Wireless_Microphone"
 		device.subsystem = "sound"
 		device.sysfs.path = "/devices/platform/soc/3f980000.usb/usb1/1-1/1-1.3/1-1.3:1.1/sound/card1"
 		device.vendor.id = "0x3547"
 		device.vendor.name = "Shenzhen Hollyland Technology Co.,Ltd"
 		media.class = "Audio/Device"
 		spa.object.id = "4"
 		factory.id = "15"
 		client.id = "62"
 		object.id = "59"
 		object.serial = "219"
 		object.path = "alsa:acp:Microphone"
 		alsa.card = "1"
 		alsa.card_name = "Wireless Microphone"
 		alsa.long_card_name = "Shenzhen Hollyland Technology Co.,Ltd Wireless Microphone at usb-3f980000.usb-1"
 		alsa.driver_name = "snd_usb_audio"
 		alsa.mixer_name = "USB Mixer"
 		alsa.components = "USB3547:0407"
 		alsa.id = "Microphone"
 		device.string = "1"
added:
	id: 58
	permissions: rwxm-
	type: PipeWire:Interface:Node (version 3)
 	params:
*	  id:1 (Spa:Enum:ParamId:PropInfo)
          Object: size 152, type Spa:Pod:Object:Param:PropInfo (262145), id Spa:Enum:ParamId:PropInfo (1)
            Prop: key Spa:Pod:Object:Param:PropInfo:id (1), flags 00000000
              Id 257      (Spa:Pod:Object:Param:Props:device)
            Prop: key Spa:Pod:Object:Param:PropInfo:description (7), flags 00000000
              String "The ALSA device"
            Prop: key Spa:Pod:Object:Param:PropInfo:type (3), flags 00000000
              String "default"
*	  id:2 (Spa:Enum:ParamId:Props)
          Object: size 96, type Spa:Pod:Object:Param:Props (262146), id Spa:Enum:ParamId:Props (2)
            Prop: key Spa:Pod:Object:Param:Props:device (257), flags 00000000
              String "default"
*	  id:7 (Spa:Enum:ParamId:IO)
          Object: size 56, type Spa:Pod:Object:Param:IO (262150), id Spa:Enum:ParamId:IO (7)
            Prop: key Spa:Pod:Object:Param:IO:id (1), flags 00000000
              Id 3        (Spa:Enum:IO:Clock)
            Prop: key Spa:Pod:Object:Param:IO:size (2), flags 00000000
              Int 160
*	  id:7 (Spa:Enum:ParamId:IO)
          Object: size 56, type Spa:Pod:Object:Param:IO (262150), id Spa:Enum:ParamId:IO (7)
            Prop: key Spa:Pod:Object:Param:IO:id (1), flags 00000000
              Id 7        (Spa:Enum:IO:Position)
            Prop: key Spa:Pod:Object:Param:IO:size (2), flags 00000000
              Int 1688
 	input ports: 1/256
 	output ports: 1/256
 	state: "suspended"
 	properties:
 		factory.name = "api.alsa.seq.bridge"
 		node.name = "Midi-Bridge"
 		priority.driver = "1"
 		priority.session = "100"
 		factory.id = "11"
 		client.id = "62"
 		clock.quantum-limit = "8192"
 		node.loop.name = "data-loop.0"
 		device.api = "alsa"
 		media.class = "Midi/Bridge"
 		node.driver = "true"
 		object.id = "58"
 		object.serial = "220"
added:
	id: 57
	permissions: r-xm-
	type: PipeWire:Interface:Port (version 3)
	direction: "input"
 	params:
*	  id:3 (Spa:Enum:ParamId:EnumFormat)
           application/control
                      types : (Int) {  }
*	  id:6 (Spa:Enum:ParamId:Meta)
          Object: size 56, type Spa:Pod:Object:Param:Meta (262149), id Spa:Enum:ParamId:Meta (6)
            Prop: key Spa:Pod:Object:Param:Meta:type (1), flags 00000000
              Id 1        (Spa:Pointer:Meta:Header)
            Prop: key Spa:Pod:Object:Param:Meta:size (2), flags 00000000
              Int 32
*	  id:7 (Spa:Enum:ParamId:IO)
          Object: size 56, type Spa:Pod:Object:Param:IO (262150), id Spa:Enum:ParamId:IO (7)
            Prop: key Spa:Pod:Object:Param:IO:id (1), flags 00000000
              Id 1        (Spa:Enum:IO:Buffers)
            Prop: key Spa:Pod:Object:Param:IO:size (2), flags 00000000
              Int 8
*	  id:7 (Spa:Enum:ParamId:IO)
          Object: size 56, type Spa:Pod:Object:Param:IO (262150), id Spa:Enum:ParamId:IO (7)
            Prop: key Spa:Pod:Object:Param:IO:id (1), flags 00000000
              Id 10       (Spa:Enum:IO:AsyncBuffers)
            Prop: key Spa:Pod:Object:Param:IO:size (2), flags 00000000
              Int 8
*	  id:15 (Spa:Enum:ParamId:Latency)
          Object: size 176, type Spa:Pod:Object:Param:Latency (262155), id Spa:Enum:ParamId:Latency (15)
            Prop: key Spa:Pod:Object:Param:Latency:direction (1), flags 00000000
              Id 0        (Spa:Enum:Direction:Input)
            Prop: key Spa:Pod:Object:Param:Latency:minQuantum (2), flags 00000000
              Float 1.000000
            Prop: key Spa:Pod:Object:Param:Latency:maxQuantum (3), flags 00000000
              Float 1.000000
            Prop: key Spa:Pod:Object:Param:Latency:minRate (4), flags 00000000
              Int 0
            Prop: key Spa:Pod:Object:Param:Latency:maxRate (5), flags 00000000
              Int 0
            Prop: key Spa:Pod:Object:Param:Latency:minNs (6), flags 00000000
              Long 0
            Prop: key Spa:Pod:Object:Param:Latency:maxNs (7), flags 00000000
              Long 0
*	  id:15 (Spa:Enum:ParamId:Latency)
          Object: size 176, type Spa:Pod:Object:Param:Latency (262155), id Spa:Enum:ParamId:Latency (15)
            Prop: key Spa:Pod:Object:Param:Latency:direction (1), flags 00000000
              Id 1        (Spa:Enum:Direction:Output)
            Prop: key Spa:Pod:Object:Param:Latency:minQuantum (2), flags 00000000
              Float 0.000000
            Prop: key Spa:Pod:Object:Param:Latency:maxQuantum (3), flags 00000000
              Float 0.000000
            Prop: key Spa:Pod:Object:Param:Latency:minRate (4), flags 00000000
              Int 0
            Prop: key Spa:Pod:Object:Param:Latency:maxRate (5), flags 00000000
              Int 0
            Prop: key Spa:Pod:Object:Param:Latency:minNs (6), flags 00000000
              Long 0
            Prop: key Spa:Pod:Object:Param:Latency:maxNs (7), flags 00000000
              Long 0
 	properties:
 		format.dsp = "32 bit raw UMP"
 		object.path = "alsa:seq:default:client_14:playback_0"
 		port.name = "Midi Through Port-0 (playback)"
 		port.alias = "Midi Through:Midi Through Port-0"
 		port.group = "client_14"
 		port.id = "0"
 		port.physical = "true"
 		port.terminal = "true"
 		port.direction = "in"
 		node.id = "58"
 		object.id = "57"
 		object.serial = "221"
added:
	id: 56
	permissions: r-xm-
	type: PipeWire:Interface:Port (version 3)
	direction: "output"
 	params:
*	  id:3 (Spa:Enum:ParamId:EnumFormat)
           application/control
                      types : (Int) {  }
*	  id:6 (Spa:Enum:ParamId:Meta)
          Object: size 56, type Spa:Pod:Object:Param:Meta (262149), id Spa:Enum:ParamId:Meta (6)
            Prop: key Spa:Pod:Object:Param:Meta:type (1), flags 00000000
              Id 1        (Spa:Pointer:Meta:Header)
            Prop: key Spa:Pod:Object:Param:Meta:size (2), flags 00000000
              Int 32
*	  id:7 (Spa:Enum:ParamId:IO)
          Object: size 56, type Spa:Pod:Object:Param:IO (262150), id Spa:Enum:ParamId:IO (7)
            Prop: key Spa:Pod:Object:Param:IO:id (1), flags 00000000
              Id 1        (Spa:Enum:IO:Buffers)
            Prop: key Spa:Pod:Object:Param:IO:size (2), flags 00000000
              Int 8
*	  id:7 (Spa:Enum:ParamId:IO)
          Object: size 56, type Spa:Pod:Object:Param:IO (262150), id Spa:Enum:ParamId:IO (7)
            Prop: key Spa:Pod:Object:Param:IO:id (1), flags 00000000
              Id 10       (Spa:Enum:IO:AsyncBuffers)
            Prop: key Spa:Pod:Object:Param:IO:size (2), flags 00000000
              Int 8
*	  id:15 (Spa:Enum:ParamId:Latency)
          Object: size 176, type Spa:Pod:Object:Param:Latency (262155), id Spa:Enum:ParamId:Latency (15)
            Prop: key Spa:Pod:Object:Param:Latency:direction (1), flags 00000000
              Id 0        (Spa:Enum:Direction:Input)
            Prop: key Spa:Pod:Object:Param:Latency:minQuantum (2), flags 00000000
              Float 0.000000
            Prop: key Spa:Pod:Object:Param:Latency:maxQuantum (3), flags 00000000
              Float 0.000000
            Prop: key Spa:Pod:Object:Param:Latency:minRate (4), flags 00000000
              Int 0
            Prop: key Spa:Pod:Object:Param:Latency:maxRate (5), flags 00000000
              Int 0
            Prop: key Spa:Pod:Object:Param:Latency:minNs (6), flags 00000000
              Long 0
            Prop: key Spa:Pod:Object:Param:Latency:maxNs (7), flags 00000000
              Long 0
*	  id:15 (Spa:Enum:ParamId:Latency)
          Object: size 176, type Spa:Pod:Object:Param:Latency (262155), id Spa:Enum:ParamId:Latency (15)
            Prop: key Spa:Pod:Object:Param:Latency:direction (1), flags 00000000
              Id 1        (Spa:Enum:Direction:Output)
            Prop: key Spa:Pod:Object:Param:Latency:minQuantum (2), flags 00000000
              Float 1.000000
            Prop: key Spa:Pod:Object:Param:Latency:maxQuantum (3), flags 00000000
              Float 1.000000
            Prop: key Spa:Pod:Object:Param:Latency:minRate (4), flags 00000000
              Int 0
            Prop: key Spa:Pod:Object:Param:Latency:maxRate (5), flags 00000000
              Int 0
            Prop: key Spa:Pod:Object:Param:Latency:minNs (6), flags 00000000
              Long 0
            Prop: key Spa:Pod:Object:Param:Latency:maxNs (7), flags 00000000
              Long 0
 	properties:
 		format.dsp = "32 bit raw UMP"
 		object.path = "alsa:seq:default:client_14:capture_0"
 		port.name = "Midi Through Port-0 (capture)"
 		port.alias = "Midi Through:Midi Through Port-0"
 		port.group = "client_14"
 		port.id = "0"
 		port.physical = "true"
 		port.terminal = "true"
 		port.direction = "out"
 		node.id = "58"
 		object.id = "56"
 		object.serial = "222"
added:
	id: 55
	permissions: rwxm-
	type: PipeWire:Interface:Node (version 3)
 	params:
*	  id:3 (Spa:Enum:ParamId:EnumFormat)
           audio/raw
                     format : (Id) S16LE
                       rate : (Int) 48000
                   channels : (Int) 2
                   position : (Array) < FL, FR >
*	  id:1 (Spa:Enum:ParamId:PropInfo)
          Object: size 104, type Spa:Pod:Object:Param:PropInfo (262145), id Spa:Enum:ParamId:PropInfo (1)
            Prop: key Spa:Pod:Object:Param:PropInfo:id (1), flags 00000000
              Id 65539    (Spa:Pod:Object:Param:Props:volume)
            Prop: key Spa:Pod:Object:Param:PropInfo:description (7), flags 00000000
              String "Volume"
            Prop: key Spa:Pod:Object:Param:PropInfo:type (3), flags 00000000
              Choice: type Spa:Enum:Choice:Range, flags 00000000 28 4
                Float 1.000000
                Float 0.000000
                Float 10.000000
*	  id:1 (Spa:Enum:ParamId:PropInfo)
          Object: size 104, type Spa:Pod:Object:Param:PropInfo (262145), id Spa:Enum:ParamId:PropInfo (1)
            Prop: key Spa:Pod:Object:Param:PropInfo:id (1), flags 00000000
              Id 65540    (Spa:Pod:Object:Param:Props:mute)
            Prop: key Spa:Pod:Object:Param:PropInfo:description (7), flags 00000000
              String "Mute"
            Prop: key Spa:Pod:Object:Param:PropInfo:type (3), flags 00000000
              Choice: type Spa:Enum:Choice:Enum, flags 00000000 28 4
                Bool false
                Bool false
                Bool true
*	  id:1 (Spa:Enum:ParamId:PropInfo)
          Object: size 136, type Spa:Pod:Object:Param:PropInfo (262145), id Spa:Enum:ParamId:PropInfo (1)
            Prop: key Spa:Pod:Object:Param:PropInfo:id (1), flags 00000000
              Id 65544    (Spa:Pod:Object:Param:Props:channelVolumes)
            Prop: key Spa:Pod:Object:Param:PropInfo:description (7), flags 00000000
              String "Channel Volumes"
            Prop: key Spa:Pod:Object:Param:PropInfo:type (3), flags 00000000
              Choice: type Spa:Enum:Choice:Range, flags 00000000 28 4
                Float 1.000000
                Float 0.000000
                Float 10.000000
            Prop: key Spa:Pod:Object:Param:PropInfo:container (5), flags 00000000
              Id 13       (Spa:Array)
*	  id:1 (Spa:Enum:ParamId:PropInfo)
          Object: size 112, type Spa:Pod:Object:Param:PropInfo (262145), id Spa:Enum:ParamId:PropInfo (1)
            Prop: key Spa:Pod:Object:Param:PropInfo:id (1), flags 00000000
              Id 65547    (Spa:Pod:Object:Param:Props:channelMap)
            Prop: key Spa:Pod:Object:Param:PropInfo:description (7), flags 00000000
              String "Channel Map"
            Prop: key Spa:Pod:Object:Param:PropInfo:type (3), flags 00000000
              Id 0        (Spa:)
            Prop: key Spa:Pod:Object:Param:PropInfo:container (5), flags 00000000
              Id 13       (Spa:Array)
*	  id:1 (Spa:Enum:ParamId:PropInfo)
          Object: size 112, type Spa:Pod:Object:Param:PropInfo (262145), id Spa:Enum:ParamId:PropInfo (1)
            Prop: key Spa:Pod:Object:Param:PropInfo:id (1), flags 00000000
              Id 65548    (Spa:Pod:Object:Param:Props:monitorMute)
            Prop: key Spa:Pod:Object:Param:PropInfo:description (7), flags 00000000
              String "Monitor Mute"
            Prop: key Spa:Pod:Object:Param:PropInfo:type (3), flags 00000000
              Choice: type Spa:Enum:Choice:Enum, flags 00000000 28 4
                Bool false
                Bool false
                Bool true
*	  id:1 (Spa:Enum:ParamId:PropInfo)
          Object: size 136, type Spa:Pod:Object:Param:PropInfo (262145), id Spa:Enum:ParamId:PropInfo (1)
            Prop: key Spa:Pod:Object:Param:PropInfo:id (1), flags 00000000
              Id 65549    (Spa:Pod:Object:Param:Props:monitorVolumes)
            Prop: key Spa:Pod:Object:Param:PropInfo:description (7), flags 00000000
              String "Monitor Volumes"
            Prop: key Spa:Pod:Object:Param:PropInfo:type (3), flags 00000000
              Choice: type Spa:Enum:Choice:Range, flags 00000000 28 4
                Float 1.000000
                Float 0.000000
                Float 10.000000
            Prop: key Spa:Pod:Object:Param:PropInfo:container (5), flags 00000000
              Id 13       (Spa:Array)
*	  id:1 (Spa:Enum:ParamId:PropInfo)
          Object: size 112, type Spa:Pod:Object:Param:PropInfo (262145), id Spa:Enum:ParamId:PropInfo (1)
            Prop: key Spa:Pod:Object:Param:PropInfo:id (1), flags 00000000
              Id 65551    (Spa:Pod:Object:Param:Props:softMute)
            Prop: key Spa:Pod:Object:Param:PropInfo:description (7), flags 00000000
              String "Soft Mute"
            Prop: key Spa:Pod:Object:Param:PropInfo:type (3), flags 00000000
              Choice: type Spa:Enum:Choice:Enum, flags 00000000 28 4
                Bool false
                Bool false
                Bool true
*	  id:1 (Spa:Enum:ParamId:PropInfo)
          Object: size 136, type Spa:Pod:Object:Param:PropInfo (262145), id Spa:Enum:ParamId:PropInfo (1)
            Prop: key Spa:Pod:Object:Param:PropInfo:id (1), flags 00000000
              Id 65552    (Spa:Pod:Object:Param:Props:softVolumes)
            Prop: key Spa:Pod:Object:Param:PropInfo:description (7), flags 00000000
              String "Soft Volumes"
            Prop: key Spa:Pod:Object:Param:PropInfo:type (3), flags 00000000
              Choice: type Spa:Enum:Choice:Range, flags 00000000 28 4
                Float 1.000000
                Float 0.000000
                Float 10.000000
            Prop: key Spa:Pod:Object:Param:PropInfo:container (5), flags 00000000
              Id 13       (Spa:Array)
*	  id:1 (Spa:Enum:ParamId:PropInfo)
          Object: size 160, type Spa:Pod:Object:Param:PropInfo (262145), id Spa:Enum:ParamId:PropInfo (1)
            Prop: key Spa:Pod:Object:Param:PropInfo:name (2), flags 00000000
              String "monitor.channel-volumes"
            Prop: key Spa:Pod:Object:Param:PropInfo:description (7), flags 00000000
              String "Monitor channel volume"
            Prop: key Spa:Pod:Object:Param:PropInfo:type (3), flags 00000000
              Choice: type Spa:Enum:Choice:Enum, flags 00000000 28 4
                Bool false
                Bool false
                Bool true
            Prop: key Spa:Pod:Object:Param:PropInfo:params (6), flags 00000000
              Bool true
*	  id:1 (Spa:Enum:ParamId:PropInfo)
          Object: size 160, type Spa:Pod:Object:Param:PropInfo (262145), id Spa:Enum:ParamId:PropInfo (1)
            Prop: key Spa:Pod:Object:Param:PropInfo:name (2), flags 00000000
              String "channelmix.disable"
            Prop: key Spa:Pod:Object:Param:PropInfo:description (7), flags 00000000
              String "Disable Channel mixing"
            Prop: key Spa:Pod:Object:Param:PropInfo:type (3), flags 00000000
              Choice: type Spa:Enum:Choice:Enum, flags 00000000 28 4
                Bool false
                Bool false
                Bool true
            Prop: key Spa:Pod:Object:Param:PropInfo:params (6), flags 00000000
              Bool true
*	  id:1 (Spa:Enum:ParamId:PropInfo)
          Object: size 160, type Spa:Pod:Object:Param:PropInfo (262145), id Spa:Enum:ParamId:PropInfo (1)
            Prop: key Spa:Pod:Object:Param:PropInfo:name (2), flags 00000000
              String "channelmix.min-volume"
            Prop: key Spa:Pod:Object:Param:PropInfo:description (7), flags 00000000
              String "Minimum volume level"
            Prop: key Spa:Pod:Object:Param:PropInfo:type (3), flags 00000000
              Choice: type Spa:Enum:Choice:Range, flags 00000000 28 4
                Float 0.000000
                Float 0.000000
                Float 10.000000
            Prop: key Spa:Pod:Object:Param:PropInfo:params (6), flags 00000000
              Bool true
*	  id:1 (Spa:Enum:ParamId:PropInfo)
          Object: size 160, type Spa:Pod:Object:Param:PropInfo (262145), id Spa:Enum:ParamId:PropInfo (1)
            Prop: key Spa:Pod:Object:Param:PropInfo:name (2), flags 00000000
              String "channelmix.max-volume"
            Prop: key Spa:Pod:Object:Param:PropInfo:description (7), flags 00000000
              String "Maximum volume level"
            Prop: key Spa:Pod:Object:Param:PropInfo:type (3), flags 00000000
              Choice: type Spa:Enum:Choice:Range, flags 00000000 28 4
                Float 10.000000
                Float 0.000000
                Float 10.000000
            Prop: key Spa:Pod:Object:Param:PropInfo:params (6), flags 00000000
              Bool true
*	  id:1 (Spa:Enum:ParamId:PropInfo)
          Object: size 160, type Spa:Pod:Object:Param:PropInfo (262145), id Spa:Enum:ParamId:PropInfo (1)
            Prop: key Spa:Pod:Object:Param:PropInfo:name (2), flags 00000000
              String "channelmix.normalize"
            Prop: key Spa:Pod:Object:Param:PropInfo:description (7), flags 00000000
              String "Normalize Volumes"
            Prop: key Spa:Pod:Object:Param:PropInfo:type (3), flags 00000000
              Choice: type Spa:Enum:Choice:Enum, flags 00000000 28 4
                Bool false
                Bool false
                Bool true
            Prop: key Spa:Pod:Object:Param:PropInfo:params (6), flags 00000000
              Bool true
*	  id:1 (Spa:Enum:ParamId:PropInfo)
          Object: size 160, type Spa:Pod:Object:Param:PropInfo (262145), id Spa:Enum:ParamId:PropInfo (1)
            Prop: key Spa:Pod:Object:Param:PropInfo:name (2), flags 00000000
              String "channelmix.mix-lfe"
            Prop: key Spa:Pod:Object:Param:PropInfo:description (7), flags 00000000
              String "Mix LFE into channels"
            Prop: key Spa:Pod:Object:Param:PropInfo:type (3), flags 00000000
              Choice: type Spa:Enum:Choice:Enum, flags 00000000 28 4
                Bool true
                Bool true
                Bool false
            Prop: key Spa:Pod:Object:Param:PropInfo:params (6), flags 00000000
              Bool true
*	  id:1 (Spa:Enum:ParamId:PropInfo)
          Object: size 152, type Spa:Pod:Object:Param:PropInfo (262145), id Spa:Enum:ParamId:PropInfo (1)
            Prop: key Spa:Pod:Object:Param:PropInfo:name (2), flags 00000000
              String "channelmix.upmix"
            Prop: key Spa:Pod:Object:Param:PropInfo:description (7), flags 00000000
              String "Enable upmixing"
            Prop: key Spa:Pod:Object:Param:PropInfo:type (3), flags 00000000
              Choice: type Spa:Enum:Choice:Enum, flags 00000000 28 4
                Bool true
                Bool true
                Bool false
            Prop: key Spa:Pod:Object:Param:PropInfo:params (6), flags 00000000
              Bool true
*	  id:1 (Spa:Enum:ParamId:PropInfo)
          Object: size 160, type Spa:Pod:Object:Param:PropInfo (262145), id Spa:Enum:ParamId:PropInfo (1)
            Prop: key Spa:Pod:Object:Param:PropInfo:name (2), flags 00000000
              String "channelmix.lfe-cutoff"
            Prop: key Spa:Pod:Object:Param:PropInfo:description (7), flags 00000000
              String "LFE cutoff frequency"
            Prop: key Spa:Pod:Object:Param:PropInfo:type (3), flags 00000000
              Choice: type Spa:Enum:Choice:Range, flags 00000000 28 4
                Float 0.000000
                Float 0.000000
                Float 1000.000000
            Prop: key Spa:Pod:Object:Param:PropInfo:params (6), flags 00000000
              Bool true
*	  id:1 (Spa:Enum:ParamId:PropInfo)
          Object: size 168, type Spa:Pod:Object:Param:PropInfo (262145), id Spa:Enum:ParamId:PropInfo (1)
            Prop: key Spa:Pod:Object:Param:PropInfo:name (2), flags 00000000
              String "channelmix.fc-cutoff"
            Prop: key Spa:Pod:Object:Param:PropInfo:description (7), flags 00000000
              String "FC cutoff frequency (Hz)"
            Prop: key Spa:Pod:Object:Param:PropInfo:type (3), flags 00000000
              Choice: type Spa:Enum:Choice:Range, flags 00000000 28 4
                Float 0.000000
                Float 0.000000
                Float 48000.000000
            Prop: key Spa:Pod:Object:Param:PropInfo:params (6), flags 00000000
              Bool true
*	  id:1 (Spa:Enum:ParamId:PropInfo)
          Object: size 168, type Spa:Pod:Object:Param:PropInfo (262145), id Spa:Enum:ParamId:PropInfo (1)
            Prop: key Spa:Pod:Object:Param:PropInfo:name (2), flags 00000000
              String "channelmix.rear-delay"
            Prop: key Spa:Pod:Object:Param:PropInfo:description (7), flags 00000000
              String "Rear channels delay (ms)"
            Prop: key Spa:Pod:Object:Param:PropInfo:type (3), flags 00000000
              Choice: type Spa:Enum:Choice:Range, flags 00000000 28 4
                Float 0.000000
                Float 0.000000
                Float 1000.000000
            Prop: key Spa:Pod:Object:Param:PropInfo:params (6), flags 00000000
              Bool true
*	  id:1 (Spa:Enum:ParamId:PropInfo)
          Object: size 152, type Spa:Pod:Object:Param:PropInfo (262145), id Spa:Enum:ParamId:PropInfo (1)
            Prop: key Spa:Pod:Object:Param:PropInfo:name (2), flags 00000000
              String "channelmix.stereo-widen"
            Prop: key Spa:Pod:Object:Param:PropInfo:description (7), flags 00000000
              String "Stereo widen"
            Prop: key Spa:Pod:Object:Param:PropInfo:type (3), flags 00000000
              Choice: type Spa:Enum:Choice:Range, flags 00000000 28 4
                Float 0.000000
                Float 0.000000
                Float 1.000000
            Prop: key Spa:Pod:Object:Param:PropInfo:params (6), flags 00000000
              Bool true
*	  id:1 (Spa:Enum:ParamId:PropInfo)
          Object: size 168, type Spa:Pod:Object:Param:PropInfo (262145), id Spa:Enum:ParamId:PropInfo (1)
            Prop: key Spa:Pod:Object:Param:PropInfo:name (2), flags 00000000
              String "channelmix.hilbert-taps"
            Prop: key Spa:Pod:Object:Param:PropInfo:description (7), flags 00000000
              String "Taps for phase shift of rear"
            Prop: key Spa:Pod:Object:Param:PropInfo:type (3), flags 00000000
              Choice: type Spa:Enum:Choice:Range, flags 00000000 28 4
                Int 0
                Int 0
                Int 255
            Prop: key Spa:Pod:Object:Param:PropInfo:params (6), flags 00000000
              Bool true
*	  id:1 (Spa:Enum:ParamId:PropInfo)
          Object: size 288, type Spa:Pod:Object:Param:PropInfo (262145), id Spa:Enum:ParamId:PropInfo (1)
            Prop: key Spa:Pod:Object:Param:PropInfo:name (2), flags 00000000
              String "channelmix.upmix-method"
            Prop: key Spa:Pod:Object:Param:PropInfo:description (7), flags 00000000
              String "Upmix method to use"
            Prop: key Spa:Pod:Object:Param:PropInfo:type (3), flags 00000000
              String "none"
            Prop: key Spa:Pod:Object:Param:PropInfo:params (6), flags 00000000
              Bool true
            Prop: key Spa:Pod:Object:Param:PropInfo:labels (4), flags 00000000
              Struct: size 136
                String "none"
                String "Disabled"
                String "simple"
                String "Simple upmixing"
                String "psd"
                String "Passive Surround Decoding"
*	  id:1 (Spa:Enum:ParamId:PropInfo)
          Object: size 120, type Spa:Pod:Object:Param:PropInfo (262145), id Spa:Enum:ParamId:PropInfo (1)
            Prop: key Spa:Pod:Object:Param:PropInfo:id (1), flags 00000000
              Id 268      (Spa:Pod:Object:Param:Props:rate)
            Prop: key Spa:Pod:Object:Param:PropInfo:description (7), flags 00000000
              String "Rate scaler"
            Prop: key Spa:Pod:Object:Param:PropInfo:type (3), flags 00000000
              Choice: type Spa:Enum:Choice:Range, flags 00000000 40 8
                Double 1.000000
                Double 0.000000
                Double 10.000000
*	  id:1 (Spa:Enum:ParamId:PropInfo)
          Object: size 184, type Spa:Pod:Object:Param:PropInfo (262145), id Spa:Enum:ParamId:PropInfo (1)
            Prop: key Spa:Pod:Object:Param:PropInfo:id (1), flags 00000000
              Id 269      (Spa:Pod:Object:Param:Props:quality)
            Prop: key Spa:Pod:Object:Param:PropInfo:name (2), flags 00000000
              String "resample.quality"
            Prop: key Spa:Pod:Object:Param:PropInfo:description (7), flags 00000000
              String "Resample Quality"
            Prop: key Spa:Pod:Object:Param:PropInfo:type (3), flags 00000000
              Choice: type Spa:Enum:Choice:Range, flags 00000000 28 4
                Int 4
                Int 0
                Int 14
            Prop: key Spa:Pod:Object:Param:PropInfo:params (6), flags 00000000
              Bool true
*	  id:1 (Spa:Enum:ParamId:PropInfo)
          Object: size 160, type Spa:Pod:Object:Param:PropInfo (262145), id Spa:Enum:ParamId:PropInfo (1)
            Prop: key Spa:Pod:Object:Param:PropInfo:name (2), flags 00000000
              String "resample.disable"
            Prop: key Spa:Pod:Object:Param:PropInfo:description (7), flags 00000000
              String "Disable Resampling"
            Prop: key Spa:Pod:Object:Param:PropInfo:type (3), flags 00000000
              Choice: type Spa:Enum:Choice:Enum, flags 00000000 28 4
                Bool false
                Bool false
                Bool true
            Prop: key Spa:Pod:Object:Param:PropInfo:params (6), flags 00000000
              Bool true
*	  id:1 (Spa:Enum:ParamId:PropInfo)
          Object: size 144, type Spa:Pod:Object:Param:PropInfo (262145), id Spa:Enum:ParamId:PropInfo (1)
            Prop: key Spa:Pod:Object:Param:PropInfo:name (2), flags 00000000
              String "dither.noise"
            Prop: key Spa:Pod:Object:Param:PropInfo:description (7), flags 00000000
              String "Add noise bits"
            Prop: key Spa:Pod:Object:Param:PropInfo:type (3), flags 00000000
              Choice: type Spa:Enum:Choice:Range, flags 00000000 28 4
                Int 0
                Int 0
                Int 16
            Prop: key Spa:Pod:Object:Param:PropInfo:params (6), flags 00000000
              Bool true
*	  id:1 (Spa:Enum:ParamId:PropInfo)
          Object: size 464, type Spa:Pod:Object:Param:PropInfo (262145), id Spa:Enum:ParamId:PropInfo (1)
            Prop: key Spa:Pod:Object:Param:PropInfo:name (2), flags 00000000
              String "dither.method"
            Prop: key Spa:Pod:Object:Param:PropInfo:description (7), flags 00000000
              String "The dithering method"
            Prop: key Spa:Pod:Object:Param:PropInfo:type (3), flags 00000000
              String "none"
            Prop: key Spa:Pod:Object:Param:PropInfo:params (6), flags 00000000
              Bool true
            Prop: key Spa:Pod:Object:Param:PropInfo:labels (4), flags 00000000
              Struct: size 320
                String "none"
                String "Disabled"
                String "rectangular"
                String "Rectangular dithering"
                String "triangular"
                String "Triangular dithering"
                String "triangular-hf"
                String "Sloped Triangular dithering"
                String "wannamaker3"
                String "Wannamaker 3 dithering"
                String "shaped5"
                String "Lipshitz 5 dithering"
*	  id:1 (Spa:Enum:ParamId:PropInfo)
          Object: size 128, type Spa:Pod:Object:Param:PropInfo (262145), id Spa:Enum:ParamId:PropInfo (1)
            Prop: key Spa:Pod:Object:Param:PropInfo:name (2), flags 00000000
              String "debug.wav-path"
            Prop: key Spa:Pod:Object:Param:PropInfo:description (7), flags 00000000
              String "Path to WAV file"
            Prop: key Spa:Pod:Object:Param:PropInfo:type (3), flags 00000000
              String ""
            Prop: key Spa:Pod:Object:Param:PropInfo:params (6), flags 00000000
              Bool true
*	  id:1 (Spa:Enum:ParamId:PropInfo)
          Object: size 160, type Spa:Pod:Object:Param:PropInfo (262145), id Spa:Enum:ParamId:PropInfo (1)
            Prop: key Spa:Pod:Object:Param:PropInfo:name (2), flags 00000000
              String "channelmix.lock-volumes"
            Prop: key Spa:Pod:Object:Param:PropInfo:description (7), flags 00000000
              String "Disable volume updates"
            Prop: key Spa:Pod:Object:Param:PropInfo:type (3), flags 00000000
              Choice: type Spa:Enum:Choice:Enum, flags 00000000 28 4
                Bool false
                Bool false
                Bool true
            Prop: key Spa:Pod:Object:Param:PropInfo:params (6), flags 00000000
              Bool true
*	  id:1 (Spa:Enum:ParamId:PropInfo)
          Object: size 184, type Spa:Pod:Object:Param:PropInfo (262145), id Spa:Enum:ParamId:PropInfo (1)
            Prop: key Spa:Pod:Object:Param:PropInfo:name (2), flags 00000000
              String "audioconvert.filter-graph.disable"
            Prop: key Spa:Pod:Object:Param:PropInfo:description (7), flags 00000000
              String "Disable Filter graph updates"
            Prop: key Spa:Pod:Object:Param:PropInfo:type (3), flags 00000000
              Choice: type Spa:Enum:Choice:Enum, flags 00000000 28 4
                Bool false
                Bool false
                Bool true
            Prop: key Spa:Pod:Object:Param:PropInfo:params (6), flags 00000000
              Bool true
*	  id:1 (Spa:Enum:ParamId:PropInfo)
          Object: size 144, type Spa:Pod:Object:Param:PropInfo (262145), id Spa:Enum:ParamId:PropInfo (1)
            Prop: key Spa:Pod:Object:Param:PropInfo:name (2), flags 00000000
              String "audioconvert.filter-graph"
            Prop: key Spa:Pod:Object:Param:PropInfo:description (7), flags 00000000
              String "A filter graph to load"
            Prop: key Spa:Pod:Object:Param:PropInfo:type (3), flags 00000000
              String ""
            Prop: key Spa:Pod:Object:Param:PropInfo:params (6), flags 00000000
              Bool true
*	  id:1 (Spa:Enum:ParamId:PropInfo)
          Object: size 184, type Spa:Pod:Object:Param:PropInfo (262145), id Spa:Enum:ParamId:PropInfo (1)
            Prop: key Spa:Pod:Object:Param:PropInfo:id (1), flags 00000000
              Id 257      (Spa:Pod:Object:Param:Props:device)
            Prop: key Spa:Pod:Object:Param:PropInfo:name (2), flags 00000000
              String "api.alsa.path"
            Prop: key Spa:Pod:Object:Param:PropInfo:description (7), flags 00000000
              String "The ALSA device"
            Prop: key Spa:Pod:Object:Param:PropInfo:type (3), flags 00000000
              String "front:1"
*	  id:1 (Spa:Enum:ParamId:PropInfo)
          Object: size 224, type Spa:Pod:Object:Param:PropInfo (262145), id Spa:Enum:ParamId:PropInfo (1)
            Prop: key Spa:Pod:Object:Param:PropInfo:id (1), flags 00000000
              Id 258      (Spa:Pod:Object:Param:Props:deviceName)
            Prop: key Spa:Pod:Object:Param:PropInfo:description (7), flags 00000000
              String "The ALSA device name"
            Prop: key Spa:Pod:Object:Param:PropInfo:type (3), flags 00000000
              String ""
*	  id:1 (Spa:Enum:ParamId:PropInfo)
          Object: size 224, type Spa:Pod:Object:Param:PropInfo (262145), id Spa:Enum:ParamId:PropInfo (1)
            Prop: key Spa:Pod:Object:Param:PropInfo:id (1), flags 00000000
              Id 261      (Spa:Pod:Object:Param:Props:cardName)
            Prop: key Spa:Pod:Object:Param:PropInfo:description (7), flags 00000000
              String "The ALSA card name"
            Prop: key Spa:Pod:Object:Param:PropInfo:type (3), flags 00000000
              String ""
*	  id:1 (Spa:Enum:ParamId:PropInfo)
          Object: size 128, type Spa:Pod:Object:Param:PropInfo (262145), id Spa:Enum:ParamId:PropInfo (1)
            Prop: key Spa:Pod:Object:Param:PropInfo:id (1), flags 00000000
              Id 65550    (Spa:Pod:Object:Param:Props:latencyOffsetNsec)
            Prop: key Spa:Pod:Object:Param:PropInfo:description (7), flags 00000000
              String "Latency offset (ns)"
            Prop: key Spa:Pod:Object:Param:PropInfo:type (3), flags 00000000
              Choice: type Spa:Enum:Choice:Range, flags 00000000 40 8
                Long 0
                Long 0
                Long 2000000000
*	  id:1 (Spa:Enum:ParamId:PropInfo)
          Object: size 120, type Spa:Pod:Object:Param:PropInfo (262145), id Spa:Enum:ParamId:PropInfo (1)
            Prop: key Spa:Pod:Object:Param:PropInfo:name (2), flags 00000000
              String "audio.channels"
            Prop: key Spa:Pod:Object:Param:PropInfo:description (7), flags 00000000
              String "Audio Channels"
            Prop: key Spa:Pod:Object:Param:PropInfo:type (3), flags 00000000
              Int 2
            Prop: key Spa:Pod:Object:Param:PropInfo:params (6), flags 00000000
              Bool true
*	  id:1 (Spa:Enum:ParamId:PropInfo)
          Object: size 120, type Spa:Pod:Object:Param:PropInfo (262145), id Spa:Enum:ParamId:PropInfo (1)
            Prop: key Spa:Pod:Object:Param:PropInfo:name (2), flags 00000000
              String "audio.rate"
            Prop: key Spa:Pod:Object:Param:PropInfo:description (7), flags 00000000
              String "Audio Rate"
            Prop: key Spa:Pod:Object:Param:PropInfo:type (3), flags 00000000
              Int 0
            Prop: key Spa:Pod:Object:Param:PropInfo:params (6), flags 00000000
              Bool true
*	  id:1 (Spa:Enum:ParamId:PropInfo)
          Object: size 120, type Spa:Pod:Object:Param:PropInfo (262145), id Spa:Enum:ParamId:PropInfo (1)
            Prop: key Spa:Pod:Object:Param:PropInfo:name (2), flags 00000000
              String "audio.format"
            Prop: key Spa:Pod:Object:Param:PropInfo:description (7), flags 00000000
              String "Audio Format"
            Prop: key Spa:Pod:Object:Param:PropInfo:type (3), flags 00000000
              String "S16LE"
            Prop: key Spa:Pod:Object:Param:PropInfo:params (6), flags 00000000
              Bool true
*	  id:1 (Spa:Enum:ParamId:PropInfo)
          Object: size 128, type Spa:Pod:Object:Param:PropInfo (262145), id Spa:Enum:ParamId:PropInfo (1)
            Prop: key Spa:Pod:Object:Param:PropInfo:name (2), flags 00000000
              String "audio.position"
            Prop: key Spa:Pod:Object:Param:PropInfo:description (7), flags 00000000
              String "Audio Position"
            Prop: key Spa:Pod:Object:Param:PropInfo:type (3), flags 00000000
              String "[ FL, FR ]"
            Prop: key Spa:Pod:Object:Param:PropInfo:params (6), flags 00000000
              Bool true
*	  id:1 (Spa:Enum:ParamId:PropInfo)
          Object: size 136, type Spa:Pod:Object:Param:PropInfo (262145), id Spa:Enum:ParamId:PropInfo (1)
            Prop: key Spa:Pod:Object:Param:PropInfo:name (2), flags 00000000
              String "audio.allowed-rates"
            Prop: key Spa:Pod:Object:Param:PropInfo:description (7), flags 00000000
              String "Audio Allowed Rates"
            Prop: key Spa:Pod:Object:Param:PropInfo:type (3), flags 00000000
              String "[  ]"
            Prop: key Spa:Pod:Object:Param:PropInfo:params (6), flags 00000000
              Bool true
*	  id:1 (Spa:Enum:ParamId:PropInfo)
          Object: size 152, type Spa:Pod:Object:Param:PropInfo (262145), id Spa:Enum:ParamId:PropInfo (1)
            Prop: key Spa:Pod:Object:Param:PropInfo:name (2), flags 00000000
              String "api.alsa.period-size"
            Prop: key Spa:Pod:Object:Param:PropInfo:description (7), flags 00000000
              String "Period Size"
            Prop: key Spa:Pod:Object:Param:PropInfo:type (3), flags 00000000
              Choice: type Spa:Enum:Choice:Range, flags 00000000 28 4
                Int 0
                Int 0
                Int 8192
            Prop: key Spa:Pod:Object:Param:PropInfo:params (6), flags 00000000
              Bool true
*	  id:1 (Spa:Enum:ParamId:PropInfo)
          Object: size 160, type Spa:Pod:Object:Param:PropInfo (262145), id Spa:Enum:ParamId:PropInfo (1)
            Prop: key Spa:Pod:Object:Param:PropInfo:name (2), flags 00000000
              String "api.alsa.period-num"
            Prop: key Spa:Pod:Object:Param:PropInfo:description (7), flags 00000000
              String "Number of Periods"
            Prop: key Spa:Pod:Object:Param:PropInfo:type (3), flags 00000000
              Choice: type Spa:Enum:Choice:Range, flags 00000000 28 4
                Int 0
                Int 0
                Int 1024
            Prop: key Spa:Pod:Object:Param:PropInfo:params (6), flags 00000000
              Bool true
*	  id:1 (Spa:Enum:ParamId:PropInfo)
          Object: size 152, type Spa:Pod:Object:Param:PropInfo (262145), id Spa:Enum:ParamId:PropInfo (1)
            Prop: key Spa:Pod:Object:Param:PropInfo:name (2), flags 00000000
              String "api.alsa.headroom"
            Prop: key Spa:Pod:Object:Param:PropInfo:description (7), flags 00000000
              String "Headroom"
            Prop: key Spa:Pod:Object:Param:PropInfo:type (3), flags 00000000
              Choice: type Spa:Enum:Choice:Range, flags 00000000 28 4
                Int 0
                Int 0
                Int 8192
            Prop: key Spa:Pod:Object:Param:PropInfo:params (6), flags 00000000
              Bool true
*	  id:1 (Spa:Enum:ParamId:PropInfo)
          Object: size 152, type Spa:Pod:Object:Param:PropInfo (262145), id Spa:Enum:ParamId:PropInfo (1)
            Prop: key Spa:Pod:Object:Param:PropInfo:name (2), flags 00000000
              String "api.alsa.start-delay"
            Prop: key Spa:Pod:Object:Param:PropInfo:description (7), flags 00000000
              String "Start Delay"
            Prop: key Spa:Pod:Object:Param:PropInfo:type (3), flags 00000000
              Choice: type Spa:Enum:Choice:Range, flags 00000000 28 4
                Int 0
                Int 0
                Int 8192
            Prop: key Spa:Pod:Object:Param:PropInfo:params (6), flags 00000000
              Bool true
*	  id:1 (Spa:Enum:ParamId:PropInfo)
          Object: size 152, type Spa:Pod:Object:Param:PropInfo (262145), id Spa:Enum:ParamId:PropInfo (1)
            Prop: key Spa:Pod:Object:Param:PropInfo:name (2), flags 00000000
              String "api.alsa.disable-mmap"
            Prop: key Spa:Pod:Object:Param:PropInfo:description (7), flags 00000000
              String "Disable MMAP"
            Prop: key Spa:Pod:Object:Param:PropInfo:type (3), flags 00000000
              Choice: type Spa:Enum:Choice:Enum, flags 00000000 28 4
                Bool false
                Bool false
                Bool true
            Prop: key Spa:Pod:Object:Param:PropInfo:params (6), flags 00000000
              Bool true
*	  id:1 (Spa:Enum:ParamId:PropInfo)
          Object: size 152, type Spa:Pod:Object:Param:PropInfo (262145), id Spa:Enum:ParamId:PropInfo (1)
            Prop: key Spa:Pod:Object:Param:PropInfo:name (2), flags 00000000
              String "api.alsa.disable-batch"
            Prop: key Spa:Pod:Object:Param:PropInfo:description (7), flags 00000000
              String "Disable Batch"
            Prop: key Spa:Pod:Object:Param:PropInfo:type (3), flags 00000000
              Choice: type Spa:Enum:Choice:Enum, flags 00000000 28 4
                Bool false
                Bool false
                Bool true
            Prop: key Spa:Pod:Object:Param:PropInfo:params (6), flags 00000000
              Bool true
*	  id:1 (Spa:Enum:ParamId:PropInfo)
          Object: size 168, type Spa:Pod:Object:Param:PropInfo (262145), id Spa:Enum:ParamId:PropInfo (1)
            Prop: key Spa:Pod:Object:Param:PropInfo:name (2), flags 00000000
              String "api.alsa.disable-tsched"
            Prop: key Spa:Pod:Object:Param:PropInfo:description (7), flags 00000000
              String "Disable timer based scheduling"
            Prop: key Spa:Pod:Object:Param:PropInfo:type (3), flags 00000000
              Choice: type Spa:Enum:Choice:Enum, flags 00000000 28 4
                Bool false
                Bool false
                Bool true
            Prop: key Spa:Pod:Object:Param:PropInfo:params (6), flags 00000000
              Bool true
*	  id:1 (Spa:Enum:ParamId:PropInfo)
          Object: size 168, type Spa:Pod:Object:Param:PropInfo (262145), id Spa:Enum:ParamId:PropInfo (1)
            Prop: key Spa:Pod:Object:Param:PropInfo:name (2), flags 00000000
              String "api.alsa.use-chmap"
            Prop: key Spa:Pod:Object:Param:PropInfo:description (7), flags 00000000
              String "Use the driver channelmap"
            Prop: key Spa:Pod:Object:Param:PropInfo:type (3), flags 00000000
              Choice: type Spa:Enum:Choice:Enum, flags 00000000 28 4
                Bool false
                Bool false
                Bool true
            Prop: key Spa:Pod:Object:Param:PropInfo:params (6), flags 00000000
              Bool true
*	  id:1 (Spa:Enum:ParamId:PropInfo)
          Object: size 160, type Spa:Pod:Object:Param:PropInfo (262145), id Spa:Enum:ParamId:PropInfo (1)
            Prop: key Spa:Pod:Object:Param:PropInfo:name (2), flags 00000000
              String "api.alsa.multi-rate"
            Prop: key Spa:Pod:Object:Param:PropInfo:description (7), flags 00000000
              String "Support multiple rates"
            Prop: key Spa:Pod:Object:Param:PropInfo:type (3), flags 00000000
              Choice: type Spa:Enum:Choice:Enum, flags 00000000 28 4
                Bool true
                Bool true
                Bool false
            Prop: key Spa:Pod:Object:Param:PropInfo:params (6), flags 00000000
              Bool true
*	  id:1 (Spa:Enum:ParamId:PropInfo)
          Object: size 160, type Spa:Pod:Object:Param:PropInfo (262145), id Spa:Enum:ParamId:PropInfo (1)
            Prop: key Spa:Pod:Object:Param:PropInfo:name (2), flags 00000000
              String "api.alsa.htimestamp"
            Prop: key Spa:Pod:Object:Param:PropInfo:description (7), flags 00000000
              String "Use hires timestamps"
            Prop: key Spa:Pod:Object:Param:PropInfo:type (3), flags 00000000
              Choice: type Spa:Enum:Choice:Enum, flags 00000000 28 4
                Bool false
                Bool false
                Bool true
            Prop: key Spa:Pod:Object:Param:PropInfo:params (6), flags 00000000
              Bool true
*	  id:1 (Spa:Enum:ParamId:PropInfo)
          Object: size 168, type Spa:Pod:Object:Param:PropInfo (262145), id Spa:Enum:ParamId:PropInfo (1)
            Prop: key Spa:Pod:Object:Param:PropInfo:name (2), flags 00000000
              String "latency.internal.rate"
            Prop: key Spa:Pod:Object:Param:PropInfo:description (7), flags 00000000
              String "Internal latency in samples"
            Prop: key Spa:Pod:Object:Param:PropInfo:type (3), flags 00000000
              Choice: type Spa:Enum:Choice:Range, flags 00000000 28 4
                Int 0
                Int 0
                Int 65536
            Prop: key Spa:Pod:Object:Param:PropInfo:params (6), flags 00000000
              Bool true
*	  id:1 (Spa:Enum:ParamId:PropInfo)
          Object: size 176, type Spa:Pod:Object:Param:PropInfo (262145), id Spa:Enum:ParamId:PropInfo (1)
            Prop: key Spa:Pod:Object:Param:PropInfo:name (2), flags 00000000
              String "latency.internal.ns"
            Prop: key Spa:Pod:Object:Param:PropInfo:description (7), flags 00000000
              String "Internal latency in nanoseconds"
            Prop: key Spa:Pod:Object:Param:PropInfo:type (3), flags 00000000
              Choice: type Spa:Enum:Choice:Range, flags 00000000 40 8
                Long 0
                Long 0
                Long 2000000000
            Prop: key Spa:Pod:Object:Param:PropInfo:params (6), flags 00000000
              Bool true
*	  id:1 (Spa:Enum:ParamId:PropInfo)
          Object: size 136, type Spa:Pod:Object:Param:PropInfo (262145), id Spa:Enum:ParamId:PropInfo (1)
            Prop: key Spa:Pod:Object:Param:PropInfo:name (2), flags 00000000
              String "clock.name"
            Prop: key Spa:Pod:Object:Param:PropInfo:description (7), flags 00000000
              String "The name of the clock"
            Prop: key Spa:Pod:Object:Param:PropInfo:type (3), flags 00000000
              String "api.alsa.c-1"
            Prop: key Spa:Pod:Object:Param:PropInfo:params (6), flags 00000000
              Bool true
*	  id:1 (Spa:Enum:ParamId:PropInfo)
          Object: size 184, type Spa:Pod:Object:Param:PropInfo (262145), id Spa:Enum:ParamId:PropInfo (1)
            Prop: key Spa:Pod:Object:Param:PropInfo:name (2), flags 00000000
              String "api.alsa.htimestamp.max-errors"
            Prop: key Spa:Pod:Object:Param:PropInfo:description (7), flags 00000000
              String "Max errors before disabling htimestamp"
            Prop: key Spa:Pod:Object:Param:PropInfo:type (3), flags 00000000
              Choice: type Spa:Enum:Choice:Range, flags 00000000 28 4
                Int 64
                Int 0
                Int 2147483647
            Prop: key Spa:Pod:Object:Param:PropInfo:params (6), flags 00000000
              Bool true
*	  id:2 (Spa:Enum:ParamId:Props)
          Object: size 1256, type Spa:Pod:Object:Param:Props (262146), id Spa:Enum:ParamId:Props (2)
            Prop: key Spa:Pod:Object:Param:Props:volume (65539), flags 00000000
              Float 1.000000
            Prop: key Spa:Pod:Object:Param:Props:mute (65540), flags 00000000
              Bool false
            Prop: key Spa:Pod:Object:Param:Props:channelVolumes (65544), flags 00000000
              Array: child.size 4, child.type Spa:Float
                Float 1.000000
                Float 1.000000
            Prop: key Spa:Pod:Object:Param:Props:channelMap (65547), flags 00000000
              Array: child.size 4, child.type Spa:Id
                Id 3        (Spa:Enum:AudioChannel:FL)
                Id 4        (Spa:Enum:AudioChannel:FR)
            Prop: key Spa:Pod:Object:Param:Props:softMute (65551), flags 00000000
              Bool false
            Prop: key Spa:Pod:Object:Param:Props:softVolumes (65552), flags 00000000
              Array: child.size 4, child.type Spa:Float
                Float 1.000000
                Float 1.000000
            Prop: key Spa:Pod:Object:Param:Props:monitorMute (65548), flags 00000000
              Bool false
            Prop: key Spa:Pod:Object:Param:Props:monitorVolumes (65549), flags 00000000
              Array: child.size 4, child.type Spa:Float
                Float 1.000000
                Float 1.000000
            Prop: key Spa:Pod:Object:Param:Props:params (524289), flags 00000000
              Struct: size 1008
                String "monitor.channel-volumes"
                Bool false
                String "channelmix.disable"
                Bool false
                String "channelmix.min-volume"
                Float 0.000000
                String "channelmix.max-volume"
                Float 10.000000
                String "channelmix.normalize"
                Bool false
                String "channelmix.mix-lfe"
                Bool true
                String "channelmix.upmix"
                Bool true
                String "channelmix.lfe-cutoff"
                Float 0.000000
                String "channelmix.fc-cutoff"
                Float 0.000000
                String "channelmix.rear-delay"
                Float 0.000000
                String "channelmix.stereo-widen"
                Float 0.000000
                String "channelmix.hilbert-taps"
                Int 0
                String "channelmix.upmix-method"
                String "none"
                String "resample.quality"
                Int 4
                String "resample.disable"
                Bool false
                String "dither.noise"
                Int 0
                String "dither.method"
                String "none"
                String "debug.wav-path"
                String ""
                String "channelmix.lock-volumes"
                Bool false
                String "audioconvert.filter-graph.disable"
                Bool false
                String "audioconvert.filter-graph"
                String ""
*	  id:2 (Spa:Enum:ParamId:Props)
          Object: size 1336, type Spa:Pod:Object:Param:Props (262146), id Spa:Enum:ParamId:Props (2)
            Prop: key Spa:Pod:Object:Param:Props:device (257), flags 00000000
              String "front:1"
            Prop: key Spa:Pod:Object:Param:Props:deviceName (258), flags 00000000
              String ""
            Prop: key Spa:Pod:Object:Param:Props:cardName (261), flags 00000000
              String ""
            Prop: key Spa:Pod:Object:Param:Props:latencyOffsetNsec (65550), flags 00000000
              Long 0
            Prop: key Spa:Pod:Object:Param:Props:params (524289), flags 00000000
              Struct: size 896
                String "audio.channels"
                Int 2
                String "audio.rate"
                Int 0
                String "audio.format"
                String "S16LE"
                String "audio.position"
                String "[ FL, FR ]"
                String "audio.allowed-rates"
                String "[  ]"
                String "api.alsa.period-size"
                Int 0
                String "api.alsa.period-num"
                Int 0
                String "api.alsa.headroom"
                Int 0
                String "api.alsa.start-delay"
                Int 0
                String "api.alsa.disable-mmap"
                Bool false
                String "api.alsa.disable-batch"
                Bool false
                String "api.alsa.disable-tsched"
                Bool false
                String "api.alsa.use-chmap"
                Bool false
                String "api.alsa.multi-rate"
                Bool true
                String "api.alsa.htimestamp"
                Bool false
                String "api.alsa.htimestamp.max-errors"
                Int 64
                String "latency.internal.rate"
                Int 0
                String "latency.internal.ns"
                Long 0
                String "clock.name"
                String "api.alsa.c-1"
*	  id:4 (Spa:Enum:ParamId:Format)
           audio/raw
                     format : (Id) S16LE
                       rate : (Int) 48000
                   channels : (Int) 2
                   position : (Array) < FL, FR >
*	  id:10 (Spa:Enum:ParamId:EnumPortConfig)
          Object: size 192, type Spa:Pod:Object:Param:PortConfig (262152), id Spa:Enum:ParamId:EnumPortConfig (10)
            Prop: key Spa:Pod:Object:Param:PortConfig:direction (1), flags 00000000
              Choice: type Spa:Enum:Choice:None, flags 00000000 20 4
                Id 1        (Spa:Enum:Direction:Output)
            Prop: key Spa:Pod:Object:Param:PortConfig:mode (2), flags 00000000
              Choice: type Spa:Enum:Choice:Enum, flags 00000000 32 4
                Id 0        (Spa:Enum:ParamPortConfigMode:none)
                Id 0        (Spa:Enum:ParamPortConfigMode:none)
                Id 3        (Spa:Enum:ParamPortConfigMode:dsp)
                Id 2        (Spa:Enum:ParamPortConfigMode:convert)
            Prop: key Spa:Pod:Object:Param:PortConfig:monitor (3), flags 00000000
              Choice: type Spa:Enum:Choice:Enum, flags 00000000 28 4
                Bool false
                Bool false
                Bool true
            Prop: key Spa:Pod:Object:Param:PortConfig:control (4), flags 00000000
              Choice: type Spa:Enum:Choice:Enum, flags 00000000 28 4
                Bool false
                Bool false
                Bool true
*	  id:11 (Spa:Enum:ParamId:PortConfig)
          Object: size 272, type Spa:Pod:Object:Param:PortConfig (262152), id Spa:Enum:ParamId:PortConfig (11)
            Prop: key Spa:Pod:Object:Param:PortConfig:direction (1), flags 00000000
              Choice: type Spa:Enum:Choice:None, flags 00000000 20 4
                Id 1        (Spa:Enum:Direction:Output)
            Prop: key Spa:Pod:Object:Param:PortConfig:mode (2), flags 00000000
              Id 3        (Spa:Enum:ParamPortConfigMode:dsp)
            Prop: key Spa:Pod:Object:Param:PortConfig:monitor (3), flags 00000000
              Bool true
            Prop: key Spa:Pod:Object:Param:PortConfig:control (4), flags 00000000
              Bool false
            Prop: key Spa:Pod:Object:Param:PortConfig:format (5), flags 00000000
              Object: size 136, type Spa:Pod:Object:Param:Format (262147), id Spa:Enum:ParamId:Buffers (5)
                Prop: key Spa:Pod:Object:Param:Format:mediaType (1), flags 00000000
                  Id 1        (Spa:Enum:MediaType:audio)
                Prop: key Spa:Pod:Object:Param:Format:mediaSubtype (2), flags 00000000
                  Id 1        (Spa:Enum:MediaSubtype:raw)
                Prop: key Spa:Pod:Object:Param:Format:Audio:format (65537), flags 00000000
                  Id 518      (Spa:Enum:AudioFormat:F32P)
                Prop: key Spa:Pod:Object:Param:Format:Audio:channels (65540), flags 00000000
                  Int 2
                Prop: key Spa:Pod:Object:Param:Format:Audio:position (65541), flags 00000000
                  Array: child.size 4, child.type Spa:Id
                    Id 3        (Spa:Enum:AudioChannel:FL)
                    Id 4        (Spa:Enum:AudioChannel:FR)
*	  id:15 (Spa:Enum:ParamId:Latency)
          Object: size 176, type Spa:Pod:Object:Param:Latency (262155), id Spa:Enum:ParamId:Latency (15)
            Prop: key Spa:Pod:Object:Param:Latency:direction (1), flags 00000000
              Id 0        (Spa:Enum:Direction:Input)
            Prop: key Spa:Pod:Object:Param:Latency:minQuantum (2), flags 00000000
              Float 0.000000
            Prop: key Spa:Pod:Object:Param:Latency:maxQuantum (3), flags 00000000
              Float 0.000000
            Prop: key Spa:Pod:Object:Param:Latency:minRate (4), flags 00000000
              Int 0
            Prop: key Spa:Pod:Object:Param:Latency:maxRate (5), flags 00000000
              Int 0
            Prop: key Spa:Pod:Object:Param:Latency:minNs (6), flags 00000000
              Long 27500000
            Prop: key Spa:Pod:Object:Param:Latency:maxNs (7), flags 00000000
              Long 27500000
*	  id:15 (Spa:Enum:ParamId:Latency)
          Object: size 176, type Spa:Pod:Object:Param:Latency (262155), id Spa:Enum:ParamId:Latency (15)
            Prop: key Spa:Pod:Object:Param:Latency:direction (1), flags 00000000
              Id 1        (Spa:Enum:Direction:Output)
            Prop: key Spa:Pod:Object:Param:Latency:minQuantum (2), flags 00000000
              Float 1.000000
            Prop: key Spa:Pod:Object:Param:Latency:maxQuantum (3), flags 00000000
              Float 1.000000
            Prop: key Spa:Pod:Object:Param:Latency:minRate (4), flags 00000000
              Int 512
            Prop: key Spa:Pod:Object:Param:Latency:maxRate (5), flags 00000000
              Int 512
            Prop: key Spa:Pod:Object:Param:Latency:minNs (6), flags 00000000
              Long 0
            Prop: key Spa:Pod:Object:Param:Latency:maxNs (7), flags 00000000
              Long 0
*	  id:16 (Spa:Enum:ParamId:ProcessLatency)
          Object: size 80, type Spa:Pod:Object:Param:ProcessLatency (262156), id Spa:Enum:ParamId:ProcessLatency (16)
            Prop: key Spa:Pod:Object:Param:ProcessLatency:quantum (1), flags 00000000
              Float 0.000000
            Prop: key Spa:Pod:Object:Param:ProcessLatency:rate (2), flags 00000000
              Int 0
            Prop: key Spa:Pod:Object:Param:ProcessLatency:ns (3), flags 00000000
              Long 0
 	input ports: 0/0
 	output ports: 2/65
 	state: "running"
 	properties:
 		alsa.card = "1"
 		alsa.card_name = "Wireless Microphone"
 		alsa.class = "generic"
 		alsa.components = "USB3547:0407"
 		alsa.device = "0"
 		alsa.driver_name = "snd_usb_audio"
 		alsa.id = "USB Audio"
 		alsa.long_card_name = "Shenzhen Hollyland Technology Co.,Ltd Wireless Microphone at usb-3f980000.usb-1"
 		alsa.mixer_name = "USB Mixer"
 		alsa.name = "USB Audio"
 		alsa.resolution_bits = "16"
 		alsa.subclass = "generic-mix"
 		alsa.subdevice = "0"
 		alsa.subdevice_name = "subdevice #0"
 		alsa.sync.id = "00000000:00000000:00000000:00000000"
 		api.alsa.card.longname = "Shenzhen Hollyland Technology Co.,Ltd Wireless Microphone at usb-3f980000.usb-1"
 		api.alsa.card.name = "Wireless Microphone"
 		api.alsa.path = "front:1"
 		api.alsa.pcm.card = "1"
 		api.alsa.pcm.stream = "capture"
 		audio.channels = "2"
 		audio.format = "S16LE"
 		audio.position = "FL,FR"
 		card.profile.device = "0"
 		device.api = "alsa"
 		device.class = "sound"
 		device.icon-name = "audio-card-analog"
 		device.id = "59"
 		device.profile.description = "Analog Stereo"
 		device.profile.name = "analog-stereo"
 		device.routes = "1"
 		factory.name = "api.alsa.pcm.source"
 		media.class = "Audio/Source"
 		node.description = "Wireless Microphone Analog Stereo"
 		node.name = "alsa_input.usb-Shenzhen_Hollyland_Technology_Co._Ltd_Wireless_Microphone_Wireless_Microphone-01.analog-stereo"
 		node.nick = "Wireless Microphone"
 		node.pause-on-idle = "false"
 		object.path = "alsa:acp:Microphone:0:capture"
 		port.group = "capture"
 		priority.driver = "2009"
 		priority.session = "2009"
 		factory.id = "19"
 		clock.quantum-limit = "8192"
 		client.id = "62"
 		node.driver = "true"
 		node.loop.name = "data-loop.0"
 		library.name = "audioconvert/libspa-audioconvert"
 		object.id = "55"
 		object.serial = "223"
 		node.max-latency = "16384/48000"
 		api.alsa.period-size = "512"
 		api.alsa.period-num = "64"
 		api.alsa.headroom = "512"
added:
	id: 43
	permissions: rwxm-
	type: PipeWire:Interface:Node (version 3)
 	params:
*	  id:1 (Spa:Enum:ParamId:PropInfo)
          Object: size 128, type Spa:Pod:Object:Param:PropInfo (262145), id Spa:Enum:ParamId:PropInfo (1)
            Prop: key Spa:Pod:Object:Param:PropInfo:id (1), flags 00000000
              Id 65550    (Spa:Pod:Object:Param:Props:latencyOffsetNsec)
            Prop: key Spa:Pod:Object:Param:PropInfo:description (7), flags 00000000
              String "Latency offset (ns)"
            Prop: key Spa:Pod:Object:Param:PropInfo:type (3), flags 00000000
              Choice: type Spa:Enum:Choice:Range, flags 00000000 40 8
                Long 0
                Long -9223372036854775808
                Long 9223372036854775807
*	  id:1 (Spa:Enum:ParamId:PropInfo)
          Object: size 96, type Spa:Pod:Object:Param:PropInfo (262145), id Spa:Enum:ParamId:PropInfo (1)
            Prop: key Spa:Pod:Object:Param:PropInfo:id (1), flags 00000000
              Id 258      (Spa:Pod:Object:Param:Props:deviceName)
            Prop: key Spa:Pod:Object:Param:PropInfo:description (7), flags 00000000
              String "Device name"
            Prop: key Spa:Pod:Object:Param:PropInfo:type (3), flags 00000000
              String "BLE MIDI 1"
*	  id:2 (Spa:Enum:ParamId:Props)
          Object: size 64, type Spa:Pod:Object:Param:Props (262146), id Spa:Enum:ParamId:Props (2)
            Prop: key Spa:Pod:Object:Param:Props:latencyOffsetNsec (65550), flags 00000000
              Long 0
            Prop: key Spa:Pod:Object:Param:Props:deviceName (258), flags 00000000
              String "BLE MIDI 1"
 	input ports: 1/1
 	output ports: 1/1
 	state: "suspended"
 	properties:
 		api.bluez5.role = "server"
 		api.glib.mainloop = "true"
 		factory.name = "api.bluez5.midi.node"
 		node.description = "BLE MIDI 1"
 		node.name = "bluez_midi.server"
 		factory.id = "14"
 		clock.quantum-limit = "8192"
 		node.loop.name = "data-loop.0"
 		device.api = "bluez5"
 		media.class = "Midi/Bridge"
 		object.id = "43"
 		object.serial = "224"
 		client.id = "62"
added:
	id: 45
	permissions: r-xm-
	type: PipeWire:Interface:Port (version 3)
	direction: "input"
 	params:
*	  id:3 (Spa:Enum:ParamId:EnumFormat)
           application/control
                      types : (Int) {  }
*	  id:6 (Spa:Enum:ParamId:Meta)
          Object: size 56, type Spa:Pod:Object:Param:Meta (262149), id Spa:Enum:ParamId:Meta (6)
            Prop: key Spa:Pod:Object:Param:Meta:type (1), flags 00000000
              Id 1        (Spa:Pointer:Meta:Header)
            Prop: key Spa:Pod:Object:Param:Meta:size (2), flags 00000000
              Int 32
*	  id:7 (Spa:Enum:ParamId:IO)
          Object: size 56, type Spa:Pod:Object:Param:IO (262150), id Spa:Enum:ParamId:IO (7)
            Prop: key Spa:Pod:Object:Param:IO:id (1), flags 00000000
              Id 1        (Spa:Enum:IO:Buffers)
            Prop: key Spa:Pod:Object:Param:IO:size (2), flags 00000000
              Int 8
*	  id:7 (Spa:Enum:ParamId:IO)
          Object: size 56, type Spa:Pod:Object:Param:IO (262150), id Spa:Enum:ParamId:IO (7)
            Prop: key Spa:Pod:Object:Param:IO:id (1), flags 00000000
              Id 10       (Spa:Enum:IO:AsyncBuffers)
            Prop: key Spa:Pod:Object:Param:IO:size (2), flags 00000000
              Int 8
*	  id:15 (Spa:Enum:ParamId:Latency)
          Object: size 176, type Spa:Pod:Object:Param:Latency (262155), id Spa:Enum:ParamId:Latency (15)
            Prop: key Spa:Pod:Object:Param:Latency:direction (1), flags 00000000
              Id 0        (Spa:Enum:Direction:Input)
            Prop: key Spa:Pod:Object:Param:Latency:minQuantum (2), flags 00000000
              Float 1.000000
            Prop: key Spa:Pod:Object:Param:Latency:maxQuantum (3), flags 00000000
              Float 1.000000
            Prop: key Spa:Pod:Object:Param:Latency:minRate (4), flags 00000000
              Int 0
            Prop: key Spa:Pod:Object:Param:Latency:maxRate (5), flags 00000000
              Int 0
            Prop: key Spa:Pod:Object:Param:Latency:minNs (6), flags 00000000
              Long 0
            Prop: key Spa:Pod:Object:Param:Latency:maxNs (7), flags 00000000
              Long 0
 	properties:
 		format.dsp = "32 bit raw UMP"
 		port.name = "in"
 		port.alias = "in"
 		port.group = "group.0"
 		port.id = "0"
 		port.physical = "true"
 		port.terminal = "true"
 		port.direction = "in"
 		object.path = "bluez_midi.server:input_0"
 		node.id = "43"
 		object.id = "45"
 		object.serial = "225"
added:
	id: 72
	permissions: r-xm-
	type: PipeWire:Interface:Port (version 3)
	direction: "output"
 	params:
*	  id:3 (Spa:Enum:ParamId:EnumFormat)
           application/control
                      types : (Int) {  }
*	  id:6 (Spa:Enum:ParamId:Meta)
          Object: size 56, type Spa:Pod:Object:Param:Meta (262149), id Spa:Enum:ParamId:Meta (6)
            Prop: key Spa:Pod:Object:Param:Meta:type (1), flags 00000000
              Id 1        (Spa:Pointer:Meta:Header)
            Prop: key Spa:Pod:Object:Param:Meta:size (2), flags 00000000
              Int 32
*	  id:7 (Spa:Enum:ParamId:IO)
          Object: size 56, type Spa:Pod:Object:Param:IO (262150), id Spa:Enum:ParamId:IO (7)
            Prop: key Spa:Pod:Object:Param:IO:id (1), flags 00000000
              Id 1        (Spa:Enum:IO:Buffers)
            Prop: key Spa:Pod:Object:Param:IO:size (2), flags 00000000
              Int 8
*	  id:7 (Spa:Enum:ParamId:IO)
          Object: size 56, type Spa:Pod:Object:Param:IO (262150), id Spa:Enum:ParamId:IO (7)
            Prop: key Spa:Pod:Object:Param:IO:id (1), flags 00000000
              Id 10       (Spa:Enum:IO:AsyncBuffers)
            Prop: key Spa:Pod:Object:Param:IO:size (2), flags 00000000
              Int 8
*	  id:15 (Spa:Enum:ParamId:Latency)
          Object: size 176, type Spa:Pod:Object:Param:Latency (262155), id Spa:Enum:ParamId:Latency (15)
            Prop: key Spa:Pod:Object:Param:Latency:direction (1), flags 00000000
              Id 1        (Spa:Enum:Direction:Output)
            Prop: key Spa:Pod:Object:Param:Latency:minQuantum (2), flags 00000000
              Float 1.000000
            Prop: key Spa:Pod:Object:Param:Latency:maxQuantum (3), flags 00000000
              Float 1.000000
            Prop: key Spa:Pod:Object:Param:Latency:minRate (4), flags 00000000
              Int 0
            Prop: key Spa:Pod:Object:Param:Latency:maxRate (5), flags 00000000
              Int 0
            Prop: key Spa:Pod:Object:Param:Latency:minNs (6), flags 00000000
              Long 0
            Prop: key Spa:Pod:Object:Param:Latency:maxNs (7), flags 00000000
              Long 0
 	properties:
 		format.dsp = "32 bit raw UMP"
 		port.name = "out"
 		port.alias = "out"
 		port.group = "group.0"
 		port.id = "0"
 		port.physical = "true"
 		port.terminal = "true"
 		port.direction = "out"
 		object.path = "bluez_midi.server:output_0"
 		node.id = "43"
 		object.id = "72"
 		object.serial = "226"
added:
	id: 71
	permissions: rwxm-
	type: PipeWire:Interface:Node (version 3)
 	params:
*	  id:3 (Spa:Enum:ParamId:EnumFormat)
           audio/raw
                     format : (Id) { S16LE, U8 }
                       rate : (Int) [ 8000, 192000 ]
                   channels : (Int) 2
                   position : (Array) < FL, FR >
*	  id:1 (Spa:Enum:ParamId:PropInfo)
          Object: size 104, type Spa:Pod:Object:Param:PropInfo (262145), id Spa:Enum:ParamId:PropInfo (1)
            Prop: key Spa:Pod:Object:Param:PropInfo:id (1), flags 00000000
              Id 65539    (Spa:Pod:Object:Param:Props:volume)
            Prop: key Spa:Pod:Object:Param:PropInfo:description (7), flags 00000000
              String "Volume"
            Prop: key Spa:Pod:Object:Param:PropInfo:type (3), flags 00000000
              Choice: type Spa:Enum:Choice:Range, flags 00000000 28 4
                Float 1.000000
                Float 0.000000
                Float 10.000000
*	  id:1 (Spa:Enum:ParamId:PropInfo)
          Object: size 104, type Spa:Pod:Object:Param:PropInfo (262145), id Spa:Enum:ParamId:PropInfo (1)
            Prop: key Spa:Pod:Object:Param:PropInfo:id (1), flags 00000000
              Id 65540    (Spa:Pod:Object:Param:Props:mute)
            Prop: key Spa:Pod:Object:Param:PropInfo:description (7), flags 00000000
              String "Mute"
            Prop: key Spa:Pod:Object:Param:PropInfo:type (3), flags 00000000
              Choice: type Spa:Enum:Choice:Enum, flags 00000000 28 4
                Bool false
                Bool false
                Bool true
*	  id:1 (Spa:Enum:ParamId:PropInfo)
          Object: size 136, type Spa:Pod:Object:Param:PropInfo (262145), id Spa:Enum:ParamId:PropInfo (1)
            Prop: key Spa:Pod:Object:Param:PropInfo:id (1), flags 00000000
              Id 65544    (Spa:Pod:Object:Param:Props:channelVolumes)
            Prop: key Spa:Pod:Object:Param:PropInfo:description (7), flags 00000000
              String "Channel Volumes"
            Prop: key Spa:Pod:Object:Param:PropInfo:type (3), flags 00000000
              Choice: type Spa:Enum:Choice:Range, flags 00000000 28 4
                Float 1.000000
                Float 0.000000
                Float 10.000000
            Prop: key Spa:Pod:Object:Param:PropInfo:container (5), flags 00000000
              Id 13       (Spa:Array)
*	  id:1 (Spa:Enum:ParamId:PropInfo)
          Object: size 112, type Spa:Pod:Object:Param:PropInfo (262145), id Spa:Enum:ParamId:PropInfo (1)
            Prop: key Spa:Pod:Object:Param:PropInfo:id (1), flags 00000000
              Id 65547    (Spa:Pod:Object:Param:Props:channelMap)
            Prop: key Spa:Pod:Object:Param:PropInfo:description (7), flags 00000000
              String "Channel Map"
            Prop: key Spa:Pod:Object:Param:PropInfo:type (3), flags 00000000
              Id 0        (Spa:)
            Prop: key Spa:Pod:Object:Param:PropInfo:container (5), flags 00000000
              Id 13       (Spa:Array)
*	  id:1 (Spa:Enum:ParamId:PropInfo)
          Object: size 112, type Spa:Pod:Object:Param:PropInfo (262145), id Spa:Enum:ParamId:PropInfo (1)
            Prop: key Spa:Pod:Object:Param:PropInfo:id (1), flags 00000000
              Id 65548    (Spa:Pod:Object:Param:Props:monitorMute)
            Prop: key Spa:Pod:Object:Param:PropInfo:description (7), flags 00000000
              String "Monitor Mute"
            Prop: key Spa:Pod:Object:Param:PropInfo:type (3), flags 00000000
              Choice: type Spa:Enum:Choice:Enum, flags 00000000 28 4
                Bool false
                Bool false
                Bool true
*	  id:1 (Spa:Enum:ParamId:PropInfo)
          Object: size 136, type Spa:Pod:Object:Param:PropInfo (262145), id Spa:Enum:ParamId:PropInfo (1)
            Prop: key Spa:Pod:Object:Param:PropInfo:id (1), flags 00000000
              Id 65549    (Spa:Pod:Object:Param:Props:monitorVolumes)
            Prop: key Spa:Pod:Object:Param:PropInfo:description (7), flags 00000000
              String "Monitor Volumes"
            Prop: key Spa:Pod:Object:Param:PropInfo:type (3), flags 00000000
              Choice: type Spa:Enum:Choice:Range, flags 00000000 28 4
                Float 1.000000
                Float 0.000000
                Float 10.000000
            Prop: key Spa:Pod:Object:Param:PropInfo:container (5), flags 00000000
              Id 13       (Spa:Array)
*	  id:1 (Spa:Enum:ParamId:PropInfo)
          Object: size 112, type Spa:Pod:Object:Param:PropInfo (262145), id Spa:Enum:ParamId:PropInfo (1)
            Prop: key Spa:Pod:Object:Param:PropInfo:id (1), flags 00000000
              Id 65551    (Spa:Pod:Object:Param:Props:softMute)
            Prop: key Spa:Pod:Object:Param:PropInfo:description (7), flags 00000000
              String "Soft Mute"
            Prop: key Spa:Pod:Object:Param:PropInfo:type (3), flags 00000000
              Choice: type Spa:Enum:Choice:Enum, flags 00000000 28 4
                Bool false
                Bool false
                Bool true
*	  id:1 (Spa:Enum:ParamId:PropInfo)
          Object: size 136, type Spa:Pod:Object:Param:PropInfo (262145), id Spa:Enum:ParamId:PropInfo (1)
            Prop: key Spa:Pod:Object:Param:PropInfo:id (1), flags 00000000
              Id 65552    (Spa:Pod:Object:Param:Props:softVolumes)
            Prop: key Spa:Pod:Object:Param:PropInfo:description (7), flags 00000000
              String "Soft Volumes"
            Prop: key Spa:Pod:Object:Param:PropInfo:type (3), flags 00000000
              Choice: type Spa:Enum:Choice:Range, flags 00000000 28 4
                Float 1.000000
                Float 0.000000
                Float 10.000000
            Prop: key Spa:Pod:Object:Param:PropInfo:container (5), flags 00000000
              Id 13       (Spa:Array)
*	  id:1 (Spa:Enum:ParamId:PropInfo)
          Object: size 160, type Spa:Pod:Object:Param:PropInfo (262145), id Spa:Enum:ParamId:PropInfo (1)
            Prop: key Spa:Pod:Object:Param:PropInfo:name (2), flags 00000000
              String "monitor.channel-volumes"
            Prop: key Spa:Pod:Object:Param:PropInfo:description (7), flags 00000000
              String "Monitor channel volume"
            Prop: key Spa:Pod:Object:Param:PropInfo:type (3), flags 00000000
              Choice: type Spa:Enum:Choice:Enum, flags 00000000 28 4
                Bool false
                Bool false
                Bool true
            Prop: key Spa:Pod:Object:Param:PropInfo:params (6), flags 00000000
              Bool true
*	  id:1 (Spa:Enum:ParamId:PropInfo)
          Object: size 160, type Spa:Pod:Object:Param:PropInfo (262145), id Spa:Enum:ParamId:PropInfo (1)
            Prop: key Spa:Pod:Object:Param:PropInfo:name (2), flags 00000000
              String "channelmix.disable"
            Prop: key Spa:Pod:Object:Param:PropInfo:description (7), flags 00000000
              String "Disable Channel mixing"
            Prop: key Spa:Pod:Object:Param:PropInfo:type (3), flags 00000000
              Choice: type Spa:Enum:Choice:Enum, flags 00000000 28 4
                Bool false
                Bool false
                Bool true
            Prop: key Spa:Pod:Object:Param:PropInfo:params (6), flags 00000000
              Bool true
*	  id:1 (Spa:Enum:ParamId:PropInfo)
          Object: size 160, type Spa:Pod:Object:Param:PropInfo (262145), id Spa:Enum:ParamId:PropInfo (1)
            Prop: key Spa:Pod:Object:Param:PropInfo:name (2), flags 00000000
              String "channelmix.min-volume"
            Prop: key Spa:Pod:Object:Param:PropInfo:description (7), flags 00000000
              String "Minimum volume level"
            Prop: key Spa:Pod:Object:Param:PropInfo:type (3), flags 00000000
              Choice: type Spa:Enum:Choice:Range, flags 00000000 28 4
                Float 0.000000
                Float 0.000000
                Float 10.000000
            Prop: key Spa:Pod:Object:Param:PropInfo:params (6), flags 00000000
              Bool true
*	  id:1 (Spa:Enum:ParamId:PropInfo)
          Object: size 160, type Spa:Pod:Object:Param:PropInfo (262145), id Spa:Enum:ParamId:PropInfo (1)
            Prop: key Spa:Pod:Object:Param:PropInfo:name (2), flags 00000000
              String "channelmix.max-volume"
            Prop: key Spa:Pod:Object:Param:PropInfo:description (7), flags 00000000
              String "Maximum volume level"
            Prop: key Spa:Pod:Object:Param:PropInfo:type (3), flags 00000000
              Choice: type Spa:Enum:Choice:Range, flags 00000000 28 4
                Float 10.000000
                Float 0.000000
                Float 10.000000
            Prop: key Spa:Pod:Object:Param:PropInfo:params (6), flags 00000000
              Bool true
*	  id:1 (Spa:Enum:ParamId:PropInfo)
          Object: size 160, type Spa:Pod:Object:Param:PropInfo (262145), id Spa:Enum:ParamId:PropInfo (1)
            Prop: key Spa:Pod:Object:Param:PropInfo:name (2), flags 00000000
              String "channelmix.normalize"
            Prop: key Spa:Pod:Object:Param:PropInfo:description (7), flags 00000000
              String "Normalize Volumes"
            Prop: key Spa:Pod:Object:Param:PropInfo:type (3), flags 00000000
              Choice: type Spa:Enum:Choice:Enum, flags 00000000 28 4
                Bool false
                Bool false
                Bool true
            Prop: key Spa:Pod:Object:Param:PropInfo:params (6), flags 00000000
              Bool true
*	  id:1 (Spa:Enum:ParamId:PropInfo)
          Object: size 160, type Spa:Pod:Object:Param:PropInfo (262145), id Spa:Enum:ParamId:PropInfo (1)
            Prop: key Spa:Pod:Object:Param:PropInfo:name (2), flags 00000000
              String "channelmix.mix-lfe"
            Prop: key Spa:Pod:Object:Param:PropInfo:description (7), flags 00000000
              String "Mix LFE into channels"
            Prop: key Spa:Pod:Object:Param:PropInfo:type (3), flags 00000000
              Choice: type Spa:Enum:Choice:Enum, flags 00000000 28 4
                Bool true
                Bool true
                Bool false
            Prop: key Spa:Pod:Object:Param:PropInfo:params (6), flags 00000000
              Bool true
*	  id:1 (Spa:Enum:ParamId:PropInfo)
          Object: size 152, type Spa:Pod:Object:Param:PropInfo (262145), id Spa:Enum:ParamId:PropInfo (1)
            Prop: key Spa:Pod:Object:Param:PropInfo:name (2), flags 00000000
              String "channelmix.upmix"
            Prop: key Spa:Pod:Object:Param:PropInfo:description (7), flags 00000000
              String "Enable upmixing"
            Prop: key Spa:Pod:Object:Param:PropInfo:type (3), flags 00000000
              Choice: type Spa:Enum:Choice:Enum, flags 00000000 28 4
                Bool true
                Bool true
                Bool false
            Prop: key Spa:Pod:Object:Param:PropInfo:params (6), flags 00000000
              Bool true
*	  id:1 (Spa:Enum:ParamId:PropInfo)
          Object: size 160, type Spa:Pod:Object:Param:PropInfo (262145), id Spa:Enum:ParamId:PropInfo (1)
            Prop: key Spa:Pod:Object:Param:PropInfo:name (2), flags 00000000
              String "channelmix.lfe-cutoff"
            Prop: key Spa:Pod:Object:Param:PropInfo:description (7), flags 00000000
              String "LFE cutoff frequency"
            Prop: key Spa:Pod:Object:Param:PropInfo:type (3), flags 00000000
              Choice: type Spa:Enum:Choice:Range, flags 00000000 28 4
                Float 0.000000
                Float 0.000000
                Float 1000.000000
            Prop: key Spa:Pod:Object:Param:PropInfo:params (6), flags 00000000
              Bool true
*	  id:1 (Spa:Enum:ParamId:PropInfo)
          Object: size 168, type Spa:Pod:Object:Param:PropInfo (262145), id Spa:Enum:ParamId:PropInfo (1)
            Prop: key Spa:Pod:Object:Param:PropInfo:name (2), flags 00000000
              String "channelmix.fc-cutoff"
            Prop: key Spa:Pod:Object:Param:PropInfo:description (7), flags 00000000
              String "FC cutoff frequency (Hz)"
            Prop: key Spa:Pod:Object:Param:PropInfo:type (3), flags 00000000
              Choice: type Spa:Enum:Choice:Range, flags 00000000 28 4
                Float 0.000000
                Float 0.000000
                Float 48000.000000
            Prop: key Spa:Pod:Object:Param:PropInfo:params (6), flags 00000000
              Bool true
*	  id:1 (Spa:Enum:ParamId:PropInfo)
          Object: size 168, type Spa:Pod:Object:Param:PropInfo (262145), id Spa:Enum:ParamId:PropInfo (1)
            Prop: key Spa:Pod:Object:Param:PropInfo:name (2), flags 00000000
              String "channelmix.rear-delay"
            Prop: key Spa:Pod:Object:Param:PropInfo:description (7), flags 00000000
              String "Rear channels delay (ms)"
            Prop: key Spa:Pod:Object:Param:PropInfo:type (3), flags 00000000
              Choice: type Spa:Enum:Choice:Range, flags 00000000 28 4
                Float 0.000000
                Float 0.000000
                Float 1000.000000
            Prop: key Spa:Pod:Object:Param:PropInfo:params (6), flags 00000000
              Bool true
*	  id:1 (Spa:Enum:ParamId:PropInfo)
          Object: size 152, type Spa:Pod:Object:Param:PropInfo (262145), id Spa:Enum:ParamId:PropInfo (1)
            Prop: key Spa:Pod:Object:Param:PropInfo:name (2), flags 00000000
              String "channelmix.stereo-widen"
            Prop: key Spa:Pod:Object:Param:PropInfo:description (7), flags 00000000
              String "Stereo widen"
            Prop: key Spa:Pod:Object:Param:PropInfo:type (3), flags 00000000
              Choice: type Spa:Enum:Choice:Range, flags 00000000 28 4
                Float 0.000000
                Float 0.000000
                Float 1.000000
            Prop: key Spa:Pod:Object:Param:PropInfo:params (6), flags 00000000
              Bool true
*	  id:1 (Spa:Enum:ParamId:PropInfo)
          Object: size 168, type Spa:Pod:Object:Param:PropInfo (262145), id Spa:Enum:ParamId:PropInfo (1)
            Prop: key Spa:Pod:Object:Param:PropInfo:name (2), flags 00000000
              String "channelmix.hilbert-taps"
            Prop: key Spa:Pod:Object:Param:PropInfo:description (7), flags 00000000
              String "Taps for phase shift of rear"
            Prop: key Spa:Pod:Object:Param:PropInfo:type (3), flags 00000000
              Choice: type Spa:Enum:Choice:Range, flags 00000000 28 4
                Int 0
                Int 0
                Int 255
            Prop: key Spa:Pod:Object:Param:PropInfo:params (6), flags 00000000
              Bool true
*	  id:1 (Spa:Enum:ParamId:PropInfo)
          Object: size 288, type Spa:Pod:Object:Param:PropInfo (262145), id Spa:Enum:ParamId:PropInfo (1)
            Prop: key Spa:Pod:Object:Param:PropInfo:name (2), flags 00000000
              String "channelmix.upmix-method"
            Prop: key Spa:Pod:Object:Param:PropInfo:description (7), flags 00000000
              String "Upmix method to use"
            Prop: key Spa:Pod:Object:Param:PropInfo:type (3), flags 00000000
              String "none"
            Prop: key Spa:Pod:Object:Param:PropInfo:params (6), flags 00000000
              Bool true
            Prop: key Spa:Pod:Object:Param:PropInfo:labels (4), flags 00000000
              Struct: size 136
                String "none"
                String "Disabled"
                String "simple"
                String "Simple upmixing"
                String "psd"
                String "Passive Surround Decoding"
*	  id:1 (Spa:Enum:ParamId:PropInfo)
          Object: size 120, type Spa:Pod:Object:Param:PropInfo (262145), id Spa:Enum:ParamId:PropInfo (1)
            Prop: key Spa:Pod:Object:Param:PropInfo:id (1), flags 00000000
              Id 268      (Spa:Pod:Object:Param:Props:rate)
            Prop: key Spa:Pod:Object:Param:PropInfo:description (7), flags 00000000
              String "Rate scaler"
            Prop: key Spa:Pod:Object:Param:PropInfo:type (3), flags 00000000
              Choice: type Spa:Enum:Choice:Range, flags 00000000 40 8
                Double 1.000000
                Double 0.000000
                Double 10.000000
*	  id:1 (Spa:Enum:ParamId:PropInfo)
          Object: size 184, type Spa:Pod:Object:Param:PropInfo (262145), id Spa:Enum:ParamId:PropInfo (1)
            Prop: key Spa:Pod:Object:Param:PropInfo:id (1), flags 00000000
              Id 269      (Spa:Pod:Object:Param:Props:quality)
            Prop: key Spa:Pod:Object:Param:PropInfo:name (2), flags 00000000
              String "resample.quality"
            Prop: key Spa:Pod:Object:Param:PropInfo:description (7), flags 00000000
              String "Resample Quality"
            Prop: key Spa:Pod:Object:Param:PropInfo:type (3), flags 00000000
              Choice: type Spa:Enum:Choice:Range, flags 00000000 28 4
                Int 4
                Int 0
                Int 14
            Prop: key Spa:Pod:Object:Param:PropInfo:params (6), flags 00000000
              Bool true
*	  id:1 (Spa:Enum:ParamId:PropInfo)
          Object: size 160, type Spa:Pod:Object:Param:PropInfo (262145), id Spa:Enum:ParamId:PropInfo (1)
            Prop: key Spa:Pod:Object:Param:PropInfo:name (2), flags 00000000
              String "resample.disable"
            Prop: key Spa:Pod:Object:Param:PropInfo:description (7), flags 00000000
              String "Disable Resampling"
            Prop: key Spa:Pod:Object:Param:PropInfo:type (3), flags 00000000
              Choice: type Spa:Enum:Choice:Enum, flags 00000000 28 4
                Bool false
                Bool false
                Bool true
            Prop: key Spa:Pod:Object:Param:PropInfo:params (6), flags 00000000
              Bool true
*	  id:1 (Spa:Enum:ParamId:PropInfo)
          Object: size 144, type Spa:Pod:Object:Param:PropInfo (262145), id Spa:Enum:ParamId:PropInfo (1)
            Prop: key Spa:Pod:Object:Param:PropInfo:name (2), flags 00000000
              String "dither.noise"
            Prop: key Spa:Pod:Object:Param:PropInfo:description (7), flags 00000000
              String "Add noise bits"
            Prop: key Spa:Pod:Object:Param:PropInfo:type (3), flags 00000000
              Choice: type Spa:Enum:Choice:Range, flags 00000000 28 4
                Int 0
                Int 0
                Int 16
            Prop: key Spa:Pod:Object:Param:PropInfo:params (6), flags 00000000
              Bool true
*	  id:1 (Spa:Enum:ParamId:PropInfo)
          Object: size 464, type Spa:Pod:Object:Param:PropInfo (262145), id Spa:Enum:ParamId:PropInfo (1)
            Prop: key Spa:Pod:Object:Param:PropInfo:name (2), flags 00000000
              String "dither.method"
            Prop: key Spa:Pod:Object:Param:PropInfo:description (7), flags 00000000
              String "The dithering method"
            Prop: key Spa:Pod:Object:Param:PropInfo:type (3), flags 00000000
              String "none"
            Prop: key Spa:Pod:Object:Param:PropInfo:params (6), flags 00000000
              Bool true
            Prop: key Spa:Pod:Object:Param:PropInfo:labels (4), flags 00000000
              Struct: size 320
                String "none"
                String "Disabled"
                String "rectangular"
                String "Rectangular dithering"
                String "triangular"
                String "Triangular dithering"
                String "triangular-hf"
                String "Sloped Triangular dithering"
                String "wannamaker3"
                String "Wannamaker 3 dithering"
                String "shaped5"
                String "Lipshitz 5 dithering"
*	  id:1 (Spa:Enum:ParamId:PropInfo)
          Object: size 128, type Spa:Pod:Object:Param:PropInfo (262145), id Spa:Enum:ParamId:PropInfo (1)
            Prop: key Spa:Pod:Object:Param:PropInfo:name (2), flags 00000000
              String "debug.wav-path"
            Prop: key Spa:Pod:Object:Param:PropInfo:description (7), flags 00000000
              String "Path to WAV file"
            Prop: key Spa:Pod:Object:Param:PropInfo:type (3), flags 00000000
              String ""
            Prop: key Spa:Pod:Object:Param:PropInfo:params (6), flags 00000000
              Bool true
*	  id:1 (Spa:Enum:ParamId:PropInfo)
          Object: size 160, type Spa:Pod:Object:Param:PropInfo (262145), id Spa:Enum:ParamId:PropInfo (1)
            Prop: key Spa:Pod:Object:Param:PropInfo:name (2), flags 00000000
              String "channelmix.lock-volumes"
            Prop: key Spa:Pod:Object:Param:PropInfo:description (7), flags 00000000
              String "Disable volume updates"
            Prop: key Spa:Pod:Object:Param:PropInfo:type (3), flags 00000000
              Choice: type Spa:Enum:Choice:Enum, flags 00000000 28 4
                Bool false
                Bool false
                Bool true
            Prop: key Spa:Pod:Object:Param:PropInfo:params (6), flags 00000000
              Bool true
*	  id:1 (Spa:Enum:ParamId:PropInfo)
          Object: size 184, type Spa:Pod:Object:Param:PropInfo (262145), id Spa:Enum:ParamId:PropInfo (1)
            Prop: key Spa:Pod:Object:Param:PropInfo:name (2), flags 00000000
              String "audioconvert.filter-graph.disable"
            Prop: key Spa:Pod:Object:Param:PropInfo:description (7), flags 00000000
              String "Disable Filter graph updates"
            Prop: key Spa:Pod:Object:Param:PropInfo:type (3), flags 00000000
              Choice: type Spa:Enum:Choice:Enum, flags 00000000 28 4
                Bool false
                Bool false
                Bool true
            Prop: key Spa:Pod:Object:Param:PropInfo:params (6), flags 00000000
              Bool true
*	  id:1 (Spa:Enum:ParamId:PropInfo)
          Object: size 144, type Spa:Pod:Object:Param:PropInfo (262145), id Spa:Enum:ParamId:PropInfo (1)
            Prop: key Spa:Pod:Object:Param:PropInfo:name (2), flags 00000000
              String "audioconvert.filter-graph"
            Prop: key Spa:Pod:Object:Param:PropInfo:description (7), flags 00000000
              String "A filter graph to load"
            Prop: key Spa:Pod:Object:Param:PropInfo:type (3), flags 00000000
              String ""
            Prop: key Spa:Pod:Object:Param:PropInfo:params (6), flags 00000000
              Bool true
*	  id:1 (Spa:Enum:ParamId:PropInfo)
          Object: size 184, type Spa:Pod:Object:Param:PropInfo (262145), id Spa:Enum:ParamId:PropInfo (1)
            Prop: key Spa:Pod:Object:Param:PropInfo:id (1), flags 00000000
              Id 257      (Spa:Pod:Object:Param:Props:device)
            Prop: key Spa:Pod:Object:Param:PropInfo:name (2), flags 00000000
              String "api.alsa.path"
            Prop: key Spa:Pod:Object:Param:PropInfo:description (7), flags 00000000
              String "The ALSA device"
            Prop: key Spa:Pod:Object:Param:PropInfo:type (3), flags 00000000
              String "hw:0"
*	  id:1 (Spa:Enum:ParamId:PropInfo)
          Object: size 224, type Spa:Pod:Object:Param:PropInfo (262145), id Spa:Enum:ParamId:PropInfo (1)
            Prop: key Spa:Pod:Object:Param:PropInfo:id (1), flags 00000000
              Id 258      (Spa:Pod:Object:Param:Props:deviceName)
            Prop: key Spa:Pod:Object:Param:PropInfo:description (7), flags 00000000
              String "The ALSA device name"
            Prop: key Spa:Pod:Object:Param:PropInfo:type (3), flags 00000000
              String ""
*	  id:1 (Spa:Enum:ParamId:PropInfo)
          Object: size 224, type Spa:Pod:Object:Param:PropInfo (262145), id Spa:Enum:ParamId:PropInfo (1)
            Prop: key Spa:Pod:Object:Param:PropInfo:id (1), flags 00000000
              Id 261      (Spa:Pod:Object:Param:Props:cardName)
            Prop: key Spa:Pod:Object:Param:PropInfo:description (7), flags 00000000
              String "The ALSA card name"
            Prop: key Spa:Pod:Object:Param:PropInfo:type (3), flags 00000000
              String ""
*	  id:1 (Spa:Enum:ParamId:PropInfo)
          Object: size 128, type Spa:Pod:Object:Param:PropInfo (262145), id Spa:Enum:ParamId:PropInfo (1)
            Prop: key Spa:Pod:Object:Param:PropInfo:id (1), flags 00000000
              Id 65550    (Spa:Pod:Object:Param:Props:latencyOffsetNsec)
            Prop: key Spa:Pod:Object:Param:PropInfo:description (7), flags 00000000
              String "Latency offset (ns)"
            Prop: key Spa:Pod:Object:Param:PropInfo:type (3), flags 00000000
              Choice: type Spa:Enum:Choice:Range, flags 00000000 40 8
                Long 0
                Long 0
                Long 2000000000
*	  id:1 (Spa:Enum:ParamId:PropInfo)
          Object: size 120, type Spa:Pod:Object:Param:PropInfo (262145), id Spa:Enum:ParamId:PropInfo (1)
            Prop: key Spa:Pod:Object:Param:PropInfo:name (2), flags 00000000
              String "audio.channels"
            Prop: key Spa:Pod:Object:Param:PropInfo:description (7), flags 00000000
              String "Audio Channels"
            Prop: key Spa:Pod:Object:Param:PropInfo:type (3), flags 00000000
              Int 2
            Prop: key Spa:Pod:Object:Param:PropInfo:params (6), flags 00000000
              Bool true
*	  id:1 (Spa:Enum:ParamId:PropInfo)
          Object: size 120, type Spa:Pod:Object:Param:PropInfo (262145), id Spa:Enum:ParamId:PropInfo (1)
            Prop: key Spa:Pod:Object:Param:PropInfo:name (2), flags 00000000
              String "audio.rate"
            Prop: key Spa:Pod:Object:Param:PropInfo:description (7), flags 00000000
              String "Audio Rate"
            Prop: key Spa:Pod:Object:Param:PropInfo:type (3), flags 00000000
              Int 0
            Prop: key Spa:Pod:Object:Param:PropInfo:params (6), flags 00000000
              Bool true
*	  id:1 (Spa:Enum:ParamId:PropInfo)
          Object: size 120, type Spa:Pod:Object:Param:PropInfo (262145), id Spa:Enum:ParamId:PropInfo (1)
            Prop: key Spa:Pod:Object:Param:PropInfo:name (2), flags 00000000
              String "audio.format"
            Prop: key Spa:Pod:Object:Param:PropInfo:description (7), flags 00000000
              String "Audio Format"
            Prop: key Spa:Pod:Object:Param:PropInfo:type (3), flags 00000000
              String "UNKNOWN"
            Prop: key Spa:Pod:Object:Param:PropInfo:params (6), flags 00000000
              Bool true
*	  id:1 (Spa:Enum:ParamId:PropInfo)
          Object: size 128, type Spa:Pod:Object:Param:PropInfo (262145), id Spa:Enum:ParamId:PropInfo (1)
            Prop: key Spa:Pod:Object:Param:PropInfo:name (2), flags 00000000
              String "audio.position"
            Prop: key Spa:Pod:Object:Param:PropInfo:description (7), flags 00000000
              String "Audio Position"
            Prop: key Spa:Pod:Object:Param:PropInfo:type (3), flags 00000000
              String "[ FL, FR ]"
            Prop: key Spa:Pod:Object:Param:PropInfo:params (6), flags 00000000
              Bool true
*	  id:1 (Spa:Enum:ParamId:PropInfo)
          Object: size 136, type Spa:Pod:Object:Param:PropInfo (262145), id Spa:Enum:ParamId:PropInfo (1)
            Prop: key Spa:Pod:Object:Param:PropInfo:name (2), flags 00000000
              String "audio.allowed-rates"
            Prop: key Spa:Pod:Object:Param:PropInfo:description (7), flags 00000000
              String "Audio Allowed Rates"
            Prop: key Spa:Pod:Object:Param:PropInfo:type (3), flags 00000000
              String "[  ]"
            Prop: key Spa:Pod:Object:Param:PropInfo:params (6), flags 00000000
              Bool true
*	  id:1 (Spa:Enum:ParamId:PropInfo)
          Object: size 152, type Spa:Pod:Object:Param:PropInfo (262145), id Spa:Enum:ParamId:PropInfo (1)
            Prop: key Spa:Pod:Object:Param:PropInfo:name (2), flags 00000000
              String "api.alsa.period-size"
            Prop: key Spa:Pod:Object:Param:PropInfo:description (7), flags 00000000
              String "Period Size"
            Prop: key Spa:Pod:Object:Param:PropInfo:type (3), flags 00000000
              Choice: type Spa:Enum:Choice:Range, flags 00000000 28 4
                Int 0
                Int 0
                Int 8192
            Prop: key Spa:Pod:Object:Param:PropInfo:params (6), flags 00000000
              Bool true
*	  id:1 (Spa:Enum:ParamId:PropInfo)
          Object: size 160, type Spa:Pod:Object:Param:PropInfo (262145), id Spa:Enum:ParamId:PropInfo (1)
            Prop: key Spa:Pod:Object:Param:PropInfo:name (2), flags 00000000
              String "api.alsa.period-num"
            Prop: key Spa:Pod:Object:Param:PropInfo:description (7), flags 00000000
              String "Number of Periods"
            Prop: key Spa:Pod:Object:Param:PropInfo:type (3), flags 00000000
              Choice: type Spa:Enum:Choice:Range, flags 00000000 28 4
                Int 0
                Int 0
                Int 1024
            Prop: key Spa:Pod:Object:Param:PropInfo:params (6), flags 00000000
              Bool true
*	  id:1 (Spa:Enum:ParamId:PropInfo)
          Object: size 152, type Spa:Pod:Object:Param:PropInfo (262145), id Spa:Enum:ParamId:PropInfo (1)
            Prop: key Spa:Pod:Object:Param:PropInfo:name (2), flags 00000000
              String "api.alsa.headroom"
            Prop: key Spa:Pod:Object:Param:PropInfo:description (7), flags 00000000
              String "Headroom"
            Prop: key Spa:Pod:Object:Param:PropInfo:type (3), flags 00000000
              Choice: type Spa:Enum:Choice:Range, flags 00000000 28 4
                Int 0
                Int 0
                Int 8192
            Prop: key Spa:Pod:Object:Param:PropInfo:params (6), flags 00000000
              Bool true
*	  id:1 (Spa:Enum:ParamId:PropInfo)
          Object: size 152, type Spa:Pod:Object:Param:PropInfo (262145), id Spa:Enum:ParamId:PropInfo (1)
            Prop: key Spa:Pod:Object:Param:PropInfo:name (2), flags 00000000
              String "api.alsa.start-delay"
            Prop: key Spa:Pod:Object:Param:PropInfo:description (7), flags 00000000
              String "Start Delay"
            Prop: key Spa:Pod:Object:Param:PropInfo:type (3), flags 00000000
              Choice: type Spa:Enum:Choice:Range, flags 00000000 28 4
                Int 0
                Int 0
                Int 8192
            Prop: key Spa:Pod:Object:Param:PropInfo:params (6), flags 00000000
              Bool true
*	  id:1 (Spa:Enum:ParamId:PropInfo)
          Object: size 152, type Spa:Pod:Object:Param:PropInfo (262145), id Spa:Enum:ParamId:PropInfo (1)
            Prop: key Spa:Pod:Object:Param:PropInfo:name (2), flags 00000000
              String "api.alsa.disable-mmap"
            Prop: key Spa:Pod:Object:Param:PropInfo:description (7), flags 00000000
              String "Disable MMAP"
            Prop: key Spa:Pod:Object:Param:PropInfo:type (3), flags 00000000
              Choice: type Spa:Enum:Choice:Enum, flags 00000000 28 4
                Bool false
                Bool false
                Bool true
            Prop: key Spa:Pod:Object:Param:PropInfo:params (6), flags 00000000
              Bool true
*	  id:1 (Spa:Enum:ParamId:PropInfo)
          Object: size 152, type Spa:Pod:Object:Param:PropInfo (262145), id Spa:Enum:ParamId:PropInfo (1)
            Prop: key Spa:Pod:Object:Param:PropInfo:name (2), flags 00000000
              String "api.alsa.disable-batch"
            Prop: key Spa:Pod:Object:Param:PropInfo:description (7), flags 00000000
              String "Disable Batch"
            Prop: key Spa:Pod:Object:Param:PropInfo:type (3), flags 00000000
              Choice: type Spa:Enum:Choice:Enum, flags 00000000 28 4
                Bool false
                Bool false
                Bool true
            Prop: key Spa:Pod:Object:Param:PropInfo:params (6), flags 00000000
              Bool true
*	  id:1 (Spa:Enum:ParamId:PropInfo)
          Object: size 168, type Spa:Pod:Object:Param:PropInfo (262145), id Spa:Enum:ParamId:PropInfo (1)
            Prop: key Spa:Pod:Object:Param:PropInfo:name (2), flags 00000000
              String "api.alsa.disable-tsched"
            Prop: key Spa:Pod:Object:Param:PropInfo:description (7), flags 00000000
              String "Disable timer based scheduling"
            Prop: key Spa:Pod:Object:Param:PropInfo:type (3), flags 00000000
              Choice: type Spa:Enum:Choice:Enum, flags 00000000 28 4
                Bool false
                Bool false
                Bool true
            Prop: key Spa:Pod:Object:Param:PropInfo:params (6), flags 00000000
              Bool true
*	  id:1 (Spa:Enum:ParamId:PropInfo)
          Object: size 168, type Spa:Pod:Object:Param:PropInfo (262145), id Spa:Enum:ParamId:PropInfo (1)
            Prop: key Spa:Pod:Object:Param:PropInfo:name (2), flags 00000000
              String "api.alsa.use-chmap"
            Prop: key Spa:Pod:Object:Param:PropInfo:description (7), flags 00000000
              String "Use the driver channelmap"
            Prop: key Spa:Pod:Object:Param:PropInfo:type (3), flags 00000000
              Choice: type Spa:Enum:Choice:Enum, flags 00000000 28 4
                Bool false
                Bool false
                Bool true
            Prop: key Spa:Pod:Object:Param:PropInfo:params (6), flags 00000000
              Bool true
*	  id:1 (Spa:Enum:ParamId:PropInfo)
          Object: size 160, type Spa:Pod:Object:Param:PropInfo (262145), id Spa:Enum:ParamId:PropInfo (1)
            Prop: key Spa:Pod:Object:Param:PropInfo:name (2), flags 00000000
              String "api.alsa.multi-rate"
            Prop: key Spa:Pod:Object:Param:PropInfo:description (7), flags 00000000
              String "Support multiple rates"
            Prop: key Spa:Pod:Object:Param:PropInfo:type (3), flags 00000000
              Choice: type Spa:Enum:Choice:Enum, flags 00000000 28 4
                Bool true
                Bool true
                Bool false
            Prop: key Spa:Pod:Object:Param:PropInfo:params (6), flags 00000000
              Bool true
*	  id:1 (Spa:Enum:ParamId:PropInfo)
          Object: size 160, type Spa:Pod:Object:Param:PropInfo (262145), id Spa:Enum:ParamId:PropInfo (1)
            Prop: key Spa:Pod:Object:Param:PropInfo:name (2), flags 00000000
              String "api.alsa.htimestamp"
            Prop: key Spa:Pod:Object:Param:PropInfo:description (7), flags 00000000
              String "Use hires timestamps"
            Prop: key Spa:Pod:Object:Param:PropInfo:type (3), flags 00000000
              Choice: type Spa:Enum:Choice:Enum, flags 00000000 28 4
                Bool false
                Bool false
                Bool true
            Prop: key Spa:Pod:Object:Param:PropInfo:params (6), flags 00000000
              Bool true
*	  id:1 (Spa:Enum:ParamId:PropInfo)
          Object: size 168, type Spa:Pod:Object:Param:PropInfo (262145), id Spa:Enum:ParamId:PropInfo (1)
            Prop: key Spa:Pod:Object:Param:PropInfo:name (2), flags 00000000
              String "latency.internal.rate"
            Prop: key Spa:Pod:Object:Param:PropInfo:description (7), flags 00000000
              String "Internal latency in samples"
            Prop: key Spa:Pod:Object:Param:PropInfo:type (3), flags 00000000
              Choice: type Spa:Enum:Choice:Range, flags 00000000 28 4
                Int 0
                Int 0
                Int 65536
            Prop: key Spa:Pod:Object:Param:PropInfo:params (6), flags 00000000
              Bool true
*	  id:1 (Spa:Enum:ParamId:PropInfo)
          Object: size 176, type Spa:Pod:Object:Param:PropInfo (262145), id Spa:Enum:ParamId:PropInfo (1)
            Prop: key Spa:Pod:Object:Param:PropInfo:name (2), flags 00000000
              String "latency.internal.ns"
            Prop: key Spa:Pod:Object:Param:PropInfo:description (7), flags 00000000
              String "Internal latency in nanoseconds"
            Prop: key Spa:Pod:Object:Param:PropInfo:type (3), flags 00000000
              Choice: type Spa:Enum:Choice:Range, flags 00000000 40 8
                Long 0
                Long 0
                Long 2000000000
            Prop: key Spa:Pod:Object:Param:PropInfo:params (6), flags 00000000
              Bool true
*	  id:1 (Spa:Enum:ParamId:PropInfo)
          Object: size 136, type Spa:Pod:Object:Param:PropInfo (262145), id Spa:Enum:ParamId:PropInfo (1)
            Prop: key Spa:Pod:Object:Param:PropInfo:name (2), flags 00000000
              String "clock.name"
            Prop: key Spa:Pod:Object:Param:PropInfo:description (7), flags 00000000
              String "The name of the clock"
            Prop: key Spa:Pod:Object:Param:PropInfo:type (3), flags 00000000
              String "api.alsa.p-0"
            Prop: key Spa:Pod:Object:Param:PropInfo:params (6), flags 00000000
              Bool true
*	  id:1 (Spa:Enum:ParamId:PropInfo)
          Object: size 184, type Spa:Pod:Object:Param:PropInfo (262145), id Spa:Enum:ParamId:PropInfo (1)
            Prop: key Spa:Pod:Object:Param:PropInfo:name (2), flags 00000000
              String "api.alsa.htimestamp.max-errors"
            Prop: key Spa:Pod:Object:Param:PropInfo:description (7), flags 00000000
              String "Max errors before disabling htimestamp"
            Prop: key Spa:Pod:Object:Param:PropInfo:type (3), flags 00000000
              Choice: type Spa:Enum:Choice:Range, flags 00000000 28 4
                Int 64
                Int 0
                Int 2147483647
            Prop: key Spa:Pod:Object:Param:PropInfo:params (6), flags 00000000
              Bool true
*	  id:2 (Spa:Enum:ParamId:Props)
          Object: size 1256, type Spa:Pod:Object:Param:Props (262146), id Spa:Enum:ParamId:Props (2)
            Prop: key Spa:Pod:Object:Param:Props:volume (65539), flags 00000000
              Float 1.000000
            Prop: key Spa:Pod:Object:Param:Props:mute (65540), flags 00000000
              Bool false
            Prop: key Spa:Pod:Object:Param:Props:channelVolumes (65544), flags 00000000
              Array: child.size 4, child.type Spa:Float
                Float 0.614105
                Float 0.614105
            Prop: key Spa:Pod:Object:Param:Props:channelMap (65547), flags 00000000
              Array: child.size 4, child.type Spa:Id
                Id 3        (Spa:Enum:AudioChannel:FL)
                Id 4        (Spa:Enum:AudioChannel:FR)
            Prop: key Spa:Pod:Object:Param:Props:softMute (65551), flags 00000000
              Bool false
            Prop: key Spa:Pod:Object:Param:Props:softVolumes (65552), flags 00000000
              Array: child.size 4, child.type Spa:Float
                Float 1.000000
                Float 1.000000
            Prop: key Spa:Pod:Object:Param:Props:monitorMute (65548), flags 00000000
              Bool false
            Prop: key Spa:Pod:Object:Param:Props:monitorVolumes (65549), flags 00000000
              Array: child.size 4, child.type Spa:Float
                Float 1.000000
                Float 1.000000
            Prop: key Spa:Pod:Object:Param:Props:params (524289), flags 00000000
              Struct: size 1008
                String "monitor.channel-volumes"
                Bool false
                String "channelmix.disable"
                Bool false
                String "channelmix.min-volume"
                Float 0.000000
                String "channelmix.max-volume"
                Float 10.000000
                String "channelmix.normalize"
                Bool false
                String "channelmix.mix-lfe"
                Bool true
                String "channelmix.upmix"
                Bool true
                String "channelmix.lfe-cutoff"
                Float 0.000000
                String "channelmix.fc-cutoff"
                Float 0.000000
                String "channelmix.rear-delay"
                Float 0.000000
                String "channelmix.stereo-widen"
                Float 0.000000
                String "channelmix.hilbert-taps"
                Int 0
                String "channelmix.upmix-method"
                String "none"
                String "resample.quality"
                Int 4
                String "resample.disable"
                Bool false
                String "dither.noise"
                Int 0
                String "dither.method"
                String "none"
                String "debug.wav-path"
                String ""
                String "channelmix.lock-volumes"
                Bool false
                String "audioconvert.filter-graph.disable"
                Bool false
                String "audioconvert.filter-graph"
                String ""
*	  id:2 (Spa:Enum:ParamId:Props)
          Object: size 1336, type Spa:Pod:Object:Param:Props (262146), id Spa:Enum:ParamId:Props (2)
            Prop: key Spa:Pod:Object:Param:Props:device (257), flags 00000000
              String "hw:0"
            Prop: key Spa:Pod:Object:Param:Props:deviceName (258), flags 00000000
              String ""
            Prop: key Spa:Pod:Object:Param:Props:cardName (261), flags 00000000
              String ""
            Prop: key Spa:Pod:Object:Param:Props:latencyOffsetNsec (65550), flags 00000000
              Long 0
            Prop: key Spa:Pod:Object:Param:Props:params (524289), flags 00000000
              Struct: size 896
                String "audio.channels"
                Int 2
                String "audio.rate"
                Int 0
                String "audio.format"
                String "UNKNOWN"
                String "audio.position"
                String "[ FL, FR ]"
                String "audio.allowed-rates"
                String "[  ]"
                String "api.alsa.period-size"
                Int 0
                String "api.alsa.period-num"
                Int 0
                String "api.alsa.headroom"
                Int 0
                String "api.alsa.start-delay"
                Int 0
                String "api.alsa.disable-mmap"
                Bool false
                String "api.alsa.disable-batch"
                Bool false
                String "api.alsa.disable-tsched"
                Bool false
                String "api.alsa.use-chmap"
                Bool false
                String "api.alsa.multi-rate"
                Bool true
                String "api.alsa.htimestamp"
                Bool false
                String "api.alsa.htimestamp.max-errors"
                Int 64
                String "latency.internal.rate"
                Int 0
                String "latency.internal.ns"
                Long 0
                String "clock.name"
                String "api.alsa.p-0"
*	  id:4 (Spa:Enum:ParamId:Format)
           audio/raw
                     format : (Id) S16LE
                       rate : (Int) 48000
                   channels : (Int) 2
                   position : (Array) < FL, FR >
*	  id:10 (Spa:Enum:ParamId:EnumPortConfig)
          Object: size 192, type Spa:Pod:Object:Param:PortConfig (262152), id Spa:Enum:ParamId:EnumPortConfig (10)
            Prop: key Spa:Pod:Object:Param:PortConfig:direction (1), flags 00000000
              Choice: type Spa:Enum:Choice:None, flags 00000000 20 4
                Id 0        (Spa:Enum:Direction:Input)
            Prop: key Spa:Pod:Object:Param:PortConfig:mode (2), flags 00000000
              Choice: type Spa:Enum:Choice:Enum, flags 00000000 32 4
                Id 0        (Spa:Enum:ParamPortConfigMode:none)
                Id 0        (Spa:Enum:ParamPortConfigMode:none)
                Id 3        (Spa:Enum:ParamPortConfigMode:dsp)
                Id 2        (Spa:Enum:ParamPortConfigMode:convert)
            Prop: key Spa:Pod:Object:Param:PortConfig:monitor (3), flags 00000000
              Choice: type Spa:Enum:Choice:Enum, flags 00000000 28 4
                Bool false
                Bool false
                Bool true
            Prop: key Spa:Pod:Object:Param:PortConfig:control (4), flags 00000000
              Choice: type Spa:Enum:Choice:Enum, flags 00000000 28 4
                Bool false
                Bool false
                Bool true
*	  id:11 (Spa:Enum:ParamId:PortConfig)
          Object: size 272, type Spa:Pod:Object:Param:PortConfig (262152), id Spa:Enum:ParamId:PortConfig (11)
            Prop: key Spa:Pod:Object:Param:PortConfig:direction (1), flags 00000000
              Choice: type Spa:Enum:Choice:None, flags 00000000 20 4
                Id 0        (Spa:Enum:Direction:Input)
            Prop: key Spa:Pod:Object:Param:PortConfig:mode (2), flags 00000000
              Id 3        (Spa:Enum:ParamPortConfigMode:dsp)
            Prop: key Spa:Pod:Object:Param:PortConfig:monitor (3), flags 00000000
              Bool true
            Prop: key Spa:Pod:Object:Param:PortConfig:control (4), flags 00000000
              Bool false
            Prop: key Spa:Pod:Object:Param:PortConfig:format (5), flags 00000000
              Object: size 136, type Spa:Pod:Object:Param:Format (262147), id Spa:Enum:ParamId:Buffers (5)
                Prop: key Spa:Pod:Object:Param:Format:mediaType (1), flags 00000000
                  Id 1        (Spa:Enum:MediaType:audio)
                Prop: key Spa:Pod:Object:Param:Format:mediaSubtype (2), flags 00000000
                  Id 1        (Spa:Enum:MediaSubtype:raw)
                Prop: key Spa:Pod:Object:Param:Format:Audio:format (65537), flags 00000000
                  Id 518      (Spa:Enum:AudioFormat:F32P)
                Prop: key Spa:Pod:Object:Param:Format:Audio:channels (65540), flags 00000000
                  Int 2
                Prop: key Spa:Pod:Object:Param:Format:Audio:position (65541), flags 00000000
                  Array: child.size 4, child.type Spa:Id
                    Id 3        (Spa:Enum:AudioChannel:FL)
                    Id 4        (Spa:Enum:AudioChannel:FR)
*	  id:15 (Spa:Enum:ParamId:Latency)
          Object: size 176, type Spa:Pod:Object:Param:Latency (262155), id Spa:Enum:ParamId:Latency (15)
            Prop: key Spa:Pod:Object:Param:Latency:direction (1), flags 00000000
              Id 0        (Spa:Enum:Direction:Input)
            Prop: key Spa:Pod:Object:Param:Latency:minQuantum (2), flags 00000000
              Float 1.000000
            Prop: key Spa:Pod:Object:Param:Latency:maxQuantum (3), flags 00000000
              Float 1.000000
            Prop: key Spa:Pod:Object:Param:Latency:minRate (4), flags 00000000
              Int 512
            Prop: key Spa:Pod:Object:Param:Latency:maxRate (5), flags 00000000
              Int 512
            Prop: key Spa:Pod:Object:Param:Latency:minNs (6), flags 00000000
              Long 0
            Prop: key Spa:Pod:Object:Param:Latency:maxNs (7), flags 00000000
              Long 0
*	  id:15 (Spa:Enum:ParamId:Latency)
          Object: size 176, type Spa:Pod:Object:Param:Latency (262155), id Spa:Enum:ParamId:Latency (15)
            Prop: key Spa:Pod:Object:Param:Latency:direction (1), flags 00000000
              Id 1        (Spa:Enum:Direction:Output)
            Prop: key Spa:Pod:Object:Param:Latency:minQuantum (2), flags 00000000
              Float 1.000000
            Prop: key Spa:Pod:Object:Param:Latency:maxQuantum (3), flags 00000000
              Float 1.000000
            Prop: key Spa:Pod:Object:Param:Latency:minRate (4), flags 00000000
              Int 0
            Prop: key Spa:Pod:Object:Param:Latency:maxRate (5), flags 00000000
              Int 0
            Prop: key Spa:Pod:Object:Param:Latency:minNs (6), flags 00000000
              Long 0
            Prop: key Spa:Pod:Object:Param:Latency:maxNs (7), flags 00000000
              Long 0
*	  id:16 (Spa:Enum:ParamId:ProcessLatency)
          Object: size 80, type Spa:Pod:Object:Param:ProcessLatency (262156), id Spa:Enum:ParamId:ProcessLatency (16)
            Prop: key Spa:Pod:Object:Param:ProcessLatency:quantum (1), flags 00000000
              Float 0.000000
            Prop: key Spa:Pod:Object:Param:ProcessLatency:rate (2), flags 00000000
              Int 0
            Prop: key Spa:Pod:Object:Param:ProcessLatency:ns (3), flags 00000000
              Long 0
 	input ports: 2/65
 	output ports: 2/0
 	state: "running"
 	properties:
 		alsa.card = "0"
 		alsa.card_name = "bcm2835 Headphones"
 		alsa.class = "generic"
 		alsa.device = "0"
 		alsa.id = "bcm2835 Headphones"
 		alsa.long_card_name = "bcm2835 Headphones"
 		alsa.mixer_name = "Broadcom Mixer"
 		alsa.name = "bcm2835 Headphones"
 		alsa.resolution_bits = "16"
 		alsa.subclass = "generic-mix"
 		alsa.subdevice = "0"
 		alsa.subdevice_name = "subdevice #0"
 		alsa.sync.id = "00000000:00000000:00000000:00000000"
 		api.alsa.card.longname = "bcm2835 Headphones"
 		api.alsa.card.name = "bcm2835 Headphones"
 		api.alsa.path = "hw:0"
 		api.alsa.pcm.card = "0"
 		api.alsa.pcm.stream = "playback"
 		audio.channels = "2"
 		audio.position = "FL,FR"
 		card.profile.device = "1"
 		device.api = "alsa"
 		device.class = "sound"
 		device.icon-name = "audio-card-analog"
 		device.id = "61"
 		device.profile.description = "Stereo"
 		device.profile.name = "stereo-fallback"
 		device.routes = "1"
 		factory.name = "api.alsa.pcm.sink"
 		media.class = "Audio/Sink"
 		node.description = "Built-in Audio Stereo"
 		node.name = "alsa_output.platform-3f00b840.mailbox.stereo-fallback"
 		node.nick = "bcm2835 Headphones"
 		node.pause-on-idle = "false"
 		object.path = "alsa:acp:Headphones:1:playback"
 		port.group = "playback"
 		priority.driver = "1000"
 		priority.session = "1000"
 		factory.id = "19"
 		clock.quantum-limit = "8192"
 		client.id = "62"
 		node.driver = "true"
 		node.loop.name = "data-loop.0"
 		library.name = "audioconvert/libspa-audioconvert"
 		object.id = "71"
 		object.serial = "227"
 		node.max-latency = "16384/48000"
 		api.alsa.period-size = "512"
 		api.alsa.period-num = "64"
 		api.alsa.headroom = "512"
added:
	id: 47
	permissions: rwxm-
	type: PipeWire:Interface:Device (version 3)
 	params:
 	properties:
 		api.v4l2.path = "/dev/video10"
 		device.api = "v4l2"
 		device.bus-path = "platform-3f00b840.mailbox"
 		device.capabilities = ":"
 		device.description = "bcm2835-codec-decode"
 		device.devids = "[ 20736 ]"
 		device.enum.api = "udev"
 		device.name = "v4l2_device.platform-3f00b840.mailbox"
 		device.plugged.usec = "10005357"
 		device.product.name = "bcm2835-codec-decode"
 		device.subsystem = "video4linux"
 		device.sysfs.path = "/devices/platform/soc/3f00b840.mailbox/bcm2835-codec/video4linux/video10"
 		media.class = "Video/Device"
 		factory.id = "15"
 		client.id = "62"
 		object.id = "47"
 		object.serial = "228"
 		object.path = "v4l2:/dev/video10"
 		api.v4l2.cap.driver = "bcm2835-codec"
 		api.v4l2.cap.card = "bcm2835-codec-decode"
 		api.v4l2.cap.bus_info = "platform:bcm2835-codec"
 		api.v4l2.cap.version = "6.18.34"
 		api.v4l2.cap.capabilities = "84204000"
 		api.v4l2.cap.device-caps = "04204000"
added:
	id: 63
	permissions: rwxm-
	type: PipeWire:Interface:Device (version 3)
 	params:
 	properties:
 		api.v4l2.path = "/dev/video11"
 		device.api = "v4l2"
 		device.bus-path = "platform-3f00b840.mailbox"
 		device.capabilities = ":"
 		device.description = "bcm2835-codec-encode"
 		device.devids = "[ 20737 ]"
 		device.enum.api = "udev"
 		device.name = "v4l2_device.platform-3f00b840.mailbox"
 		device.plugged.usec = "10018116"
 		device.product.name = "bcm2835-codec-encode"
 		device.subsystem = "video4linux"
 		device.sysfs.path = "/devices/platform/soc/3f00b840.mailbox/bcm2835-codec/video4linux/video11"
 		media.class = "Video/Device"
 		factory.id = "15"
 		client.id = "62"
 		object.id = "63"
 		object.serial = "229"
 		object.path = "v4l2:/dev/video11"
 		api.v4l2.cap.driver = "bcm2835-codec"
 		api.v4l2.cap.card = "bcm2835-codec-encode"
 		api.v4l2.cap.bus_info = "platform:bcm2835-codec"
 		api.v4l2.cap.version = "6.18.34"
 		api.v4l2.cap.capabilities = "84204000"
 		api.v4l2.cap.device-caps = "04204000"
added:
	id: 65
	permissions: rwxm-
	type: PipeWire:Interface:Device (version 3)
 	params:
 	properties:
 		api.v4l2.path = "/dev/video12"
 		device.api = "v4l2"
 		device.bus-path = "platform-3f00b840.mailbox"
 		device.capabilities = ":"
 		device.description = "bcm2835-codec-isp"
 		device.devids = "[ 20744 ]"
 		device.enum.api = "udev"
 		device.name = "v4l2_device.platform-3f00b840.mailbox"
 		device.plugged.usec = "10051412"
 		device.product.name = "bcm2835-codec-isp"
 		device.subsystem = "video4linux"
 		device.sysfs.path = "/devices/platform/soc/3f00b840.mailbox/bcm2835-codec/video4linux/video12"
 		media.class = "Video/Device"
 		factory.id = "15"
 		client.id = "62"
 		object.id = "65"
 		object.serial = "230"
 		object.path = "v4l2:/dev/video12"
 		api.v4l2.cap.driver = "bcm2835-codec"
 		api.v4l2.cap.card = "bcm2835-codec-isp"
 		api.v4l2.cap.bus_info = "platform:bcm2835-codec"
 		api.v4l2.cap.version = "6.18.34"
 		api.v4l2.cap.capabilities = "84204000"
 		api.v4l2.cap.device-caps = "04204000"
added:
	id: 64
	permissions: rwxm-
	type: PipeWire:Interface:Device (version 3)
 	params:
 	properties:
 		api.v4l2.path = "/dev/video18"
 		device.api = "v4l2"
 		device.bus-path = "platform-3f00b840.mailbox"
 		device.capabilities = ":"
 		device.description = "bcm2835-codec-image_fx"
 		device.devids = "[ 20747 ]"
 		device.enum.api = "udev"
 		device.name = "v4l2_device.platform-3f00b840.mailbox"
 		device.plugged.usec = "10060453"
 		device.product.name = "bcm2835-codec-image_fx"
 		device.subsystem = "video4linux"
 		device.sysfs.path = "/devices/platform/soc/3f00b840.mailbox/bcm2835-codec/video4linux/video18"
 		media.class = "Video/Device"
 		factory.id = "15"
 		client.id = "62"
 		object.id = "64"
 		object.serial = "231"
 		object.path = "v4l2:/dev/video18"
 		api.v4l2.cap.driver = "bcm2835-codec"
 		api.v4l2.cap.card = "bcm2835-codec-image_fx"
 		api.v4l2.cap.bus_info = "platform:bcm2835-codec"
 		api.v4l2.cap.version = "6.18.34"
 		api.v4l2.cap.capabilities = "84204000"
 		api.v4l2.cap.device-caps = "04204000"
added:
	id: 66
	permissions: rwxm-
	type: PipeWire:Interface:Device (version 3)
 	params:
 	properties:
 		api.v4l2.path = "/dev/video31"
 		device.api = "v4l2"
 		device.bus-path = "platform-3f00b840.mailbox"
 		device.capabilities = ":"
 		device.description = "bcm2835-codec-encode_image"
 		device.devids = "[ 20748 ]"
 		device.enum.api = "udev"
 		device.name = "v4l2_device.platform-3f00b840.mailbox"
 		device.plugged.usec = "10064528"
 		device.product.name = "bcm2835-codec-encode_image"
 		device.subsystem = "video4linux"
 		device.sysfs.path = "/devices/platform/soc/3f00b840.mailbox/bcm2835-codec/video4linux/video31"
 		media.class = "Video/Device"
 		factory.id = "15"
 		client.id = "62"
 		object.id = "66"
 		object.serial = "232"
 		object.path = "v4l2:/dev/video31"
 		api.v4l2.cap.driver = "bcm2835-codec"
 		api.v4l2.cap.card = "bcm2835-codec-encode_image"
 		api.v4l2.cap.bus_info = "platform:bcm2835-codec"
 		api.v4l2.cap.version = "6.18.34"
 		api.v4l2.cap.capabilities = "84204000"
 		api.v4l2.cap.device-caps = "04204000"
added:
	id: 48
	permissions: rwxm-
	type: PipeWire:Interface:Device (version 3)
 	params:
 	properties:
 		api.v4l2.path = "/dev/video13"
 		device.api = "v4l2"
 		device.bus-path = "platform-3f00b840.mailbox"
 		device.capabilities = ":video_output:"
 		device.description = "bcm2835-isp"
 		device.devids = "[ 20738 ]"
 		device.enum.api = "udev"
 		device.name = "v4l2_device.platform-3f00b840.mailbox"
 		device.plugged.usec = "10019717"
 		device.product.name = "bcm2835-isp"
 		device.subsystem = "video4linux"
 		device.sysfs.path = "/devices/platform/soc/3f00b840.mailbox/bcm2835-isp/video4linux/video13"
 		media.class = "Video/Device"
 		factory.id = "15"
 		client.id = "62"
 		object.id = "48"
 		object.serial = "233"
 		object.path = "v4l2:/dev/video13"
 		api.v4l2.cap.driver = "bcm2835-isp"
 		api.v4l2.cap.card = "bcm2835-isp"
 		api.v4l2.cap.bus_info = "platform:bcm2835-isp"
 		api.v4l2.cap.version = "6.18.34"
 		api.v4l2.cap.capabilities = "84200002"
 		api.v4l2.cap.device-caps = "04200002"
added:
	id: 70
	permissions: rwxm-
	type: PipeWire:Interface:Device (version 3)
 	params:
 	properties:
 		api.v4l2.path = "/dev/video14"
 		device.api = "v4l2"
 		device.bus-path = "platform-3f00b840.mailbox"
 		device.capabilities = ":capture:"
 		device.description = "bcm2835-isp"
 		device.devids = "[ 20739 ]"
 		device.enum.api = "udev"
 		device.name = "v4l2_device.platform-3f00b840.mailbox"
 		device.plugged.usec = "10023500"
 		device.product.name = "bcm2835-isp"
 		device.subsystem = "video4linux"
 		device.sysfs.path = "/devices/platform/soc/3f00b840.mailbox/bcm2835-isp/video4linux/video14"
 		media.class = "Video/Device"
 		factory.id = "15"
 		client.id = "62"
 		object.id = "70"
 		object.serial = "234"
 		object.path = "v4l2:/dev/video14"
 		api.v4l2.cap.driver = "bcm2835-isp"
 		api.v4l2.cap.card = "bcm2835-isp"
 		api.v4l2.cap.bus_info = "platform:bcm2835-isp"
 		api.v4l2.cap.version = "6.18.34"
 		api.v4l2.cap.capabilities = "84200001"
 		api.v4l2.cap.device-caps = "04200001"
added:
	id: 68
	permissions: rwxm-
	type: PipeWire:Interface:Device (version 3)
 	params:
 	properties:
 		api.v4l2.path = "/dev/video15"
 		device.api = "v4l2"
 		device.bus-path = "platform-3f00b840.mailbox"
 		device.capabilities = ":capture:"
 		device.description = "bcm2835-isp"
 		device.devids = "[ 20740 ]"
 		device.enum.api = "udev"
 		device.name = "v4l2_device.platform-3f00b840.mailbox"
 		device.plugged.usec = "10024384"
 		device.product.name = "bcm2835-isp"
 		device.subsystem = "video4linux"
 		device.sysfs.path = "/devices/platform/soc/3f00b840.mailbox/bcm2835-isp/video4linux/video15"
 		media.class = "Video/Device"
 		factory.id = "15"
 		client.id = "62"
 		object.id = "68"
 		object.serial = "235"
 		object.path = "v4l2:/dev/video15"
 		api.v4l2.cap.driver = "bcm2835-isp"
 		api.v4l2.cap.card = "bcm2835-isp"
 		api.v4l2.cap.bus_info = "platform:bcm2835-isp"
 		api.v4l2.cap.version = "6.18.34"
 		api.v4l2.cap.capabilities = "84200001"
 		api.v4l2.cap.device-caps = "04200001"
added:
	id: 69
	permissions: rwxm-
	type: PipeWire:Interface:Device (version 3)
 	params:
 	properties:
 		api.v4l2.path = "/dev/video16"
 		device.api = "v4l2"
 		device.bus-path = "platform-3f00b840.mailbox"
 		device.capabilities = ":"
 		device.description = "bcm2835-isp"
 		device.devids = "[ 20741 ]"
 		device.enum.api = "udev"
 		device.name = "v4l2_device.platform-3f00b840.mailbox"
 		device.plugged.usec = "10027674"
 		device.product.name = "bcm2835-isp"
 		device.subsystem = "video4linux"
 		device.sysfs.path = "/devices/platform/soc/3f00b840.mailbox/bcm2835-isp/video4linux/video16"
 		media.class = "Video/Device"
 		factory.id = "15"
 		client.id = "62"
 		object.id = "69"
 		object.serial = "236"
 		object.path = "v4l2:/dev/video16"
 		api.v4l2.cap.driver = "bcm2835-isp"
 		api.v4l2.cap.card = "bcm2835-isp"
 		api.v4l2.cap.bus_info = "platform:bcm2835-isp"
 		api.v4l2.cap.version = "6.18.34"
 		api.v4l2.cap.capabilities = "84a00000"
 		api.v4l2.cap.device-caps = "04a00000"
added:
	id: 67
	permissions: rwxm-
	type: PipeWire:Interface:Device (version 3)
 	params:
 	properties:
 		api.v4l2.path = "/dev/video20"
 		device.api = "v4l2"
 		device.bus-path = "platform-3f00b840.mailbox"
 		device.capabilities = ":video_output:"
 		device.description = "bcm2835-isp"
 		device.devids = "[ 20742 ]"
 		device.enum.api = "udev"
 		device.name = "v4l2_device.platform-3f00b840.mailbox"
 		device.plugged.usec = "10041104"
 		device.product.name = "bcm2835-isp"
 		device.subsystem = "video4linux"
 		device.sysfs.path = "/devices/platform/soc/3f00b840.mailbox/bcm2835-isp/video4linux/video20"
 		media.class = "Video/Device"
 		factory.id = "15"
 		client.id = "62"
 		object.id = "67"
 		object.serial = "237"
 		object.path = "v4l2:/dev/video20"
 		api.v4l2.cap.driver = "bcm2835-isp"
 		api.v4l2.cap.card = "bcm2835-isp"
 		api.v4l2.cap.bus_info = "platform:bcm2835-isp"
 		api.v4l2.cap.version = "6.18.34"
 		api.v4l2.cap.capabilities = "84200002"
 		api.v4l2.cap.device-caps = "04200002"
added:
	id: 35
	permissions: rwxm-
	type: PipeWire:Interface:Device (version 3)
 	params:
 	properties:
 		api.v4l2.path = "/dev/video21"
 		device.api = "v4l2"
 		device.bus-path = "platform-3f00b840.mailbox"
 		device.capabilities = ":capture:"
 		device.description = "bcm2835-isp"
 		device.devids = "[ 20743 ]"
 		device.enum.api = "udev"
 		device.name = "v4l2_device.platform-3f00b840.mailbox"
 		device.plugged.usec = "10042069"
 		device.product.name = "bcm2835-isp"
 		device.subsystem = "video4linux"
 		device.sysfs.path = "/devices/platform/soc/3f00b840.mailbox/bcm2835-isp/video4linux/video21"
 		media.class = "Video/Device"
 		factory.id = "15"
 		client.id = "62"
 		object.id = "35"
 		object.serial = "238"
 		object.path = "v4l2:/dev/video21"
 		api.v4l2.cap.driver = "bcm2835-isp"
 		api.v4l2.cap.card = "bcm2835-isp"
 		api.v4l2.cap.bus_info = "platform:bcm2835-isp"
 		api.v4l2.cap.version = "6.18.34"
 		api.v4l2.cap.capabilities = "84200001"
 		api.v4l2.cap.device-caps = "04200001"
added:
	id: 44
	permissions: rwxm-
	type: PipeWire:Interface:Device (version 3)
 	params:
 	properties:
 		api.v4l2.path = "/dev/video22"
 		device.api = "v4l2"
 		device.bus-path = "platform-3f00b840.mailbox"
 		device.capabilities = ":capture:"
 		device.description = "bcm2835-isp"
 		device.devids = "[ 20745 ]"
 		device.enum.api = "udev"
 		device.name = "v4l2_device.platform-3f00b840.mailbox"
 		device.plugged.usec = "10052378"
 		device.product.name = "bcm2835-isp"
 		device.subsystem = "video4linux"
 		device.sysfs.path = "/devices/platform/soc/3f00b840.mailbox/bcm2835-isp/video4linux/video22"
 		media.class = "Video/Device"
 		factory.id = "15"
 		client.id = "62"
 		object.id = "44"
 		object.serial = "239"
 		object.path = "v4l2:/dev/video22"
 		api.v4l2.cap.driver = "bcm2835-isp"
 		api.v4l2.cap.card = "bcm2835-isp"
 		api.v4l2.cap.bus_info = "platform:bcm2835-isp"
 		api.v4l2.cap.version = "6.18.34"
 		api.v4l2.cap.capabilities = "84200001"
 		api.v4l2.cap.device-caps = "04200001"
added:
	id: 46
	permissions: rwxm-
	type: PipeWire:Interface:Device (version 3)
 	params:
 	properties:
 		api.v4l2.path = "/dev/video23"
 		device.api = "v4l2"
 		device.bus-path = "platform-3f00b840.mailbox"
 		device.capabilities = ":"
 		device.description = "bcm2835-isp"
 		device.devids = "[ 20746 ]"
 		device.enum.api = "udev"
 		device.name = "v4l2_device.platform-3f00b840.mailbox"
 		device.plugged.usec = "10052667"
 		device.product.name = "bcm2835-isp"
 		device.subsystem = "video4linux"
 		device.sysfs.path = "/devices/platform/soc/3f00b840.mailbox/bcm2835-isp/video4linux/video23"
 		media.class = "Video/Device"
 		factory.id = "15"
 		client.id = "62"
 		object.id = "46"
 		object.serial = "240"
 		object.path = "v4l2:/dev/video23"
 		api.v4l2.cap.driver = "bcm2835-isp"
 		api.v4l2.cap.card = "bcm2835-isp"
 		api.v4l2.cap.bus_info = "platform:bcm2835-isp"
 		api.v4l2.cap.version = "6.18.34"
 		api.v4l2.cap.capabilities = "84a00000"
 		api.v4l2.cap.device-caps = "04a00000"
added:
	id: 52
	permissions: r-xm-
	type: PipeWire:Interface:Port (version 3)
	direction: "output"
 	params:
*	  id:3 (Spa:Enum:ParamId:EnumFormat)
           audio/dsp
                     format : (Id) F32P
*	  id:6 (Spa:Enum:ParamId:Meta)
          Object: size 56, type Spa:Pod:Object:Param:Meta (262149), id Spa:Enum:ParamId:Meta (6)
            Prop: key Spa:Pod:Object:Param:Meta:type (1), flags 00000000
              Id 1        (Spa:Pointer:Meta:Header)
            Prop: key Spa:Pod:Object:Param:Meta:size (2), flags 00000000
              Int 32
*	  id:7 (Spa:Enum:ParamId:IO)
          Object: size 56, type Spa:Pod:Object:Param:IO (262150), id Spa:Enum:ParamId:IO (7)
            Prop: key Spa:Pod:Object:Param:IO:id (1), flags 00000000
              Id 1        (Spa:Enum:IO:Buffers)
            Prop: key Spa:Pod:Object:Param:IO:size (2), flags 00000000
              Int 8
*	  id:7 (Spa:Enum:ParamId:IO)
          Object: size 56, type Spa:Pod:Object:Param:IO (262150), id Spa:Enum:ParamId:IO (7)
            Prop: key Spa:Pod:Object:Param:IO:id (1), flags 00000000
              Id 10       (Spa:Enum:IO:AsyncBuffers)
            Prop: key Spa:Pod:Object:Param:IO:size (2), flags 00000000
              Int 8
*	  id:4 (Spa:Enum:ParamId:Format)
           audio/dsp
                     format : (Id) F32P
*	  id:5 (Spa:Enum:ParamId:Buffers)
          Object: size 152, type Spa:Pod:Object:Param:Buffers (262148), id Spa:Enum:ParamId:Buffers (5)
            Prop: key Spa:Pod:Object:Param:Buffers:buffers (1), flags 00000000
              Choice: type Spa:Enum:Choice:Range, flags 00000000 28 4
                Int 1
                Int 1
                Int 32
            Prop: key Spa:Pod:Object:Param:Buffers:blocks (2), flags 00000000
              Int 1
            Prop: key Spa:Pod:Object:Param:Buffers:BlockInfo:size (3), flags 00000000
              Choice: type Spa:Enum:Choice:Range, flags 00000000 28 4
                Int 32768
                Int 64
                Int 2147483647
            Prop: key Spa:Pod:Object:Param:Buffers:BlockInfo:stride (4), flags 00000000
              Int 4
*	  id:15 (Spa:Enum:ParamId:Latency)
          Object: size 176, type Spa:Pod:Object:Param:Latency (262155), id Spa:Enum:ParamId:Latency (15)
            Prop: key Spa:Pod:Object:Param:Latency:direction (1), flags 00000000
              Id 0        (Spa:Enum:Direction:Input)
            Prop: key Spa:Pod:Object:Param:Latency:minQuantum (2), flags 00000000
              Float 0.000000
            Prop: key Spa:Pod:Object:Param:Latency:maxQuantum (3), flags 00000000
              Float 0.000000
            Prop: key Spa:Pod:Object:Param:Latency:minRate (4), flags 00000000
              Int 0
            Prop: key Spa:Pod:Object:Param:Latency:maxRate (5), flags 00000000
              Int 0
            Prop: key Spa:Pod:Object:Param:Latency:minNs (6), flags 00000000
              Long 27500000
            Prop: key Spa:Pod:Object:Param:Latency:maxNs (7), flags 00000000
              Long 27500000
*	  id:15 (Spa:Enum:ParamId:Latency)
          Object: size 176, type Spa:Pod:Object:Param:Latency (262155), id Spa:Enum:ParamId:Latency (15)
            Prop: key Spa:Pod:Object:Param:Latency:direction (1), flags 00000000
              Id 1        (Spa:Enum:Direction:Output)
            Prop: key Spa:Pod:Object:Param:Latency:minQuantum (2), flags 00000000
              Float 1.000000
            Prop: key Spa:Pod:Object:Param:Latency:maxQuantum (3), flags 00000000
              Float 1.000000
            Prop: key Spa:Pod:Object:Param:Latency:minRate (4), flags 00000000
              Int 512
            Prop: key Spa:Pod:Object:Param:Latency:maxRate (5), flags 00000000
              Int 512
            Prop: key Spa:Pod:Object:Param:Latency:minNs (6), flags 00000000
              Long 0
            Prop: key Spa:Pod:Object:Param:Latency:maxNs (7), flags 00000000
              Long 0
 	properties:
 		format.dsp = "32 bit float mono audio"
 		audio.channel = "FL"
 		port.group = "capture"
 		port.id = "0"
 		port.physical = "true"
 		port.terminal = "true"
 		port.direction = "out"
 		object.path = "alsa:acp:Microphone:0:capture:capture_0"
 		port.name = "capture_FL"
 		port.alias = "Wireless Microphone:capture_FL"
 		node.id = "55"
 		object.id = "52"
 		object.serial = "241"
added:
	id: 54
	permissions: r-xm-
	type: PipeWire:Interface:Port (version 3)
	direction: "output"
 	params:
*	  id:3 (Spa:Enum:ParamId:EnumFormat)
           audio/dsp
                     format : (Id) F32P
*	  id:6 (Spa:Enum:ParamId:Meta)
          Object: size 56, type Spa:Pod:Object:Param:Meta (262149), id Spa:Enum:ParamId:Meta (6)
            Prop: key Spa:Pod:Object:Param:Meta:type (1), flags 00000000
              Id 1        (Spa:Pointer:Meta:Header)
            Prop: key Spa:Pod:Object:Param:Meta:size (2), flags 00000000
              Int 32
*	  id:7 (Spa:Enum:ParamId:IO)
          Object: size 56, type Spa:Pod:Object:Param:IO (262150), id Spa:Enum:ParamId:IO (7)
            Prop: key Spa:Pod:Object:Param:IO:id (1), flags 00000000
              Id 1        (Spa:Enum:IO:Buffers)
            Prop: key Spa:Pod:Object:Param:IO:size (2), flags 00000000
              Int 8
*	  id:7 (Spa:Enum:ParamId:IO)
          Object: size 56, type Spa:Pod:Object:Param:IO (262150), id Spa:Enum:ParamId:IO (7)
            Prop: key Spa:Pod:Object:Param:IO:id (1), flags 00000000
              Id 10       (Spa:Enum:IO:AsyncBuffers)
            Prop: key Spa:Pod:Object:Param:IO:size (2), flags 00000000
              Int 8
*	  id:4 (Spa:Enum:ParamId:Format)
           audio/dsp
                     format : (Id) F32P
*	  id:5 (Spa:Enum:ParamId:Buffers)
          Object: size 152, type Spa:Pod:Object:Param:Buffers (262148), id Spa:Enum:ParamId:Buffers (5)
            Prop: key Spa:Pod:Object:Param:Buffers:buffers (1), flags 00000000
              Choice: type Spa:Enum:Choice:Range, flags 00000000 28 4
                Int 1
                Int 1
                Int 32
            Prop: key Spa:Pod:Object:Param:Buffers:blocks (2), flags 00000000
              Int 1
            Prop: key Spa:Pod:Object:Param:Buffers:BlockInfo:size (3), flags 00000000
              Choice: type Spa:Enum:Choice:Range, flags 00000000 28 4
                Int 32768
                Int 64
                Int 2147483647
            Prop: key Spa:Pod:Object:Param:Buffers:BlockInfo:stride (4), flags 00000000
              Int 4
*	  id:15 (Spa:Enum:ParamId:Latency)
          Object: size 176, type Spa:Pod:Object:Param:Latency (262155), id Spa:Enum:ParamId:Latency (15)
            Prop: key Spa:Pod:Object:Param:Latency:direction (1), flags 00000000
              Id 0        (Spa:Enum:Direction:Input)
            Prop: key Spa:Pod:Object:Param:Latency:minQuantum (2), flags 00000000
              Float 0.000000
            Prop: key Spa:Pod:Object:Param:Latency:maxQuantum (3), flags 00000000
              Float 0.000000
            Prop: key Spa:Pod:Object:Param:Latency:minRate (4), flags 00000000
              Int 0
            Prop: key Spa:Pod:Object:Param:Latency:maxRate (5), flags 00000000
              Int 0
            Prop: key Spa:Pod:Object:Param:Latency:minNs (6), flags 00000000
              Long 27500000
            Prop: key Spa:Pod:Object:Param:Latency:maxNs (7), flags 00000000
              Long 27500000
*	  id:15 (Spa:Enum:ParamId:Latency)
          Object: size 176, type Spa:Pod:Object:Param:Latency (262155), id Spa:Enum:ParamId:Latency (15)
            Prop: key Spa:Pod:Object:Param:Latency:direction (1), flags 00000000
              Id 1        (Spa:Enum:Direction:Output)
            Prop: key Spa:Pod:Object:Param:Latency:minQuantum (2), flags 00000000
              Float 1.000000
            Prop: key Spa:Pod:Object:Param:Latency:maxQuantum (3), flags 00000000
              Float 1.000000
            Prop: key Spa:Pod:Object:Param:Latency:minRate (4), flags 00000000
              Int 512
            Prop: key Spa:Pod:Object:Param:Latency:maxRate (5), flags 00000000
              Int 512
            Prop: key Spa:Pod:Object:Param:Latency:minNs (6), flags 00000000
              Long 0
            Prop: key Spa:Pod:Object:Param:Latency:maxNs (7), flags 00000000
              Long 0
 	properties:
 		format.dsp = "32 bit float mono audio"
 		audio.channel = "FR"
 		port.group = "capture"
 		port.id = "1"
 		port.physical = "true"
 		port.terminal = "true"
 		port.direction = "out"
 		object.path = "alsa:acp:Microphone:0:capture:capture_1"
 		port.name = "capture_FR"
 		port.alias = "Wireless Microphone:capture_FR"
 		node.id = "55"
 		object.id = "54"
 		object.serial = "242"
added:
	id: 53
	permissions: r-xm-
	type: PipeWire:Interface:Port (version 3)
	direction: "input"
 	params:
*	  id:3 (Spa:Enum:ParamId:EnumFormat)
           audio/dsp
                     format : (Id) F32P
*	  id:6 (Spa:Enum:ParamId:Meta)
          Object: size 56, type Spa:Pod:Object:Param:Meta (262149), id Spa:Enum:ParamId:Meta (6)
            Prop: key Spa:Pod:Object:Param:Meta:type (1), flags 00000000
              Id 1        (Spa:Pointer:Meta:Header)
            Prop: key Spa:Pod:Object:Param:Meta:size (2), flags 00000000
              Int 32
*	  id:7 (Spa:Enum:ParamId:IO)
          Object: size 56, type Spa:Pod:Object:Param:IO (262150), id Spa:Enum:ParamId:IO (7)
            Prop: key Spa:Pod:Object:Param:IO:id (1), flags 00000000
              Id 1        (Spa:Enum:IO:Buffers)
            Prop: key Spa:Pod:Object:Param:IO:size (2), flags 00000000
              Int 8
*	  id:7 (Spa:Enum:ParamId:IO)
          Object: size 56, type Spa:Pod:Object:Param:IO (262150), id Spa:Enum:ParamId:IO (7)
            Prop: key Spa:Pod:Object:Param:IO:id (1), flags 00000000
              Id 10       (Spa:Enum:IO:AsyncBuffers)
            Prop: key Spa:Pod:Object:Param:IO:size (2), flags 00000000
              Int 16
*	  id:4 (Spa:Enum:ParamId:Format)
           audio/dsp
                     format : (Id) F32P
*	  id:5 (Spa:Enum:ParamId:Buffers)
          Object: size 152, type Spa:Pod:Object:Param:Buffers (262148), id Spa:Enum:ParamId:Buffers (5)
            Prop: key Spa:Pod:Object:Param:Buffers:buffers (1), flags 00000000
              Choice: type Spa:Enum:Choice:Range, flags 00000000 28 4
                Int 1
                Int 1
                Int 32
            Prop: key Spa:Pod:Object:Param:Buffers:blocks (2), flags 00000000
              Int 1
            Prop: key Spa:Pod:Object:Param:Buffers:BlockInfo:size (3), flags 00000000
              Choice: type Spa:Enum:Choice:Range, flags 00000000 28 4
                Int 32768
                Int 64
                Int 2147483647
            Prop: key Spa:Pod:Object:Param:Buffers:BlockInfo:stride (4), flags 00000000
              Int 4
*	  id:15 (Spa:Enum:ParamId:Latency)
          Object: size 176, type Spa:Pod:Object:Param:Latency (262155), id Spa:Enum:ParamId:Latency (15)
            Prop: key Spa:Pod:Object:Param:Latency:direction (1), flags 00000000
              Id 0        (Spa:Enum:Direction:Input)
            Prop: key Spa:Pod:Object:Param:Latency:minQuantum (2), flags 00000000
              Float 1.000000
            Prop: key Spa:Pod:Object:Param:Latency:maxQuantum (3), flags 00000000
              Float 1.000000
            Prop: key Spa:Pod:Object:Param:Latency:minRate (4), flags 00000000
              Int 512
            Prop: key Spa:Pod:Object:Param:Latency:maxRate (5), flags 00000000
              Int 512
            Prop: key Spa:Pod:Object:Param:Latency:minNs (6), flags 00000000
              Long 0
            Prop: key Spa:Pod:Object:Param:Latency:maxNs (7), flags 00000000
              Long 0
*	  id:15 (Spa:Enum:ParamId:Latency)
          Object: size 176, type Spa:Pod:Object:Param:Latency (262155), id Spa:Enum:ParamId:Latency (15)
            Prop: key Spa:Pod:Object:Param:Latency:direction (1), flags 00000000
              Id 1        (Spa:Enum:Direction:Output)
            Prop: key Spa:Pod:Object:Param:Latency:minQuantum (2), flags 00000000
              Float 1.000000
            Prop: key Spa:Pod:Object:Param:Latency:maxQuantum (3), flags 00000000
              Float 1.000000
            Prop: key Spa:Pod:Object:Param:Latency:minRate (4), flags 00000000
              Int 0
            Prop: key Spa:Pod:Object:Param:Latency:maxRate (5), flags 00000000
              Int 0
            Prop: key Spa:Pod:Object:Param:Latency:minNs (6), flags 00000000
              Long 0
            Prop: key Spa:Pod:Object:Param:Latency:maxNs (7), flags 00000000
              Long 0
 	properties:
 		format.dsp = "32 bit float mono audio"
 		audio.channel = "FL"
 		port.group = "playback"
 		port.id = "0"
 		port.physical = "true"
 		port.terminal = "true"
 		port.direction = "in"
 		object.path = "alsa:acp:Headphones:1:playback:playback_0"
 		port.name = "playback_FL"
 		port.alias = "bcm2835 Headphones:playback_FL"
 		node.id = "71"
 		object.id = "53"
 		object.serial = "243"
added:
	id: 51
	permissions: r-xm-
	type: PipeWire:Interface:Port (version 3)
	direction: "output"
 	params:
*	  id:3 (Spa:Enum:ParamId:EnumFormat)
           audio/dsp
                     format : (Id) F32P
*	  id:6 (Spa:Enum:ParamId:Meta)
          Object: size 56, type Spa:Pod:Object:Param:Meta (262149), id Spa:Enum:ParamId:Meta (6)
            Prop: key Spa:Pod:Object:Param:Meta:type (1), flags 00000000
              Id 1        (Spa:Pointer:Meta:Header)
            Prop: key Spa:Pod:Object:Param:Meta:size (2), flags 00000000
              Int 32
*	  id:7 (Spa:Enum:ParamId:IO)
          Object: size 56, type Spa:Pod:Object:Param:IO (262150), id Spa:Enum:ParamId:IO (7)
            Prop: key Spa:Pod:Object:Param:IO:id (1), flags 00000000
              Id 1        (Spa:Enum:IO:Buffers)
            Prop: key Spa:Pod:Object:Param:IO:size (2), flags 00000000
              Int 8
*	  id:7 (Spa:Enum:ParamId:IO)
          Object: size 56, type Spa:Pod:Object:Param:IO (262150), id Spa:Enum:ParamId:IO (7)
            Prop: key Spa:Pod:Object:Param:IO:id (1), flags 00000000
              Id 10       (Spa:Enum:IO:AsyncBuffers)
            Prop: key Spa:Pod:Object:Param:IO:size (2), flags 00000000
              Int 8
*	  id:15 (Spa:Enum:ParamId:Latency)
          Object: size 176, type Spa:Pod:Object:Param:Latency (262155), id Spa:Enum:ParamId:Latency (15)
            Prop: key Spa:Pod:Object:Param:Latency:direction (1), flags 00000000
              Id 0        (Spa:Enum:Direction:Input)
            Prop: key Spa:Pod:Object:Param:Latency:minQuantum (2), flags 00000000
              Float 0.000000
            Prop: key Spa:Pod:Object:Param:Latency:maxQuantum (3), flags 00000000
              Float 0.000000
            Prop: key Spa:Pod:Object:Param:Latency:minRate (4), flags 00000000
              Int 0
            Prop: key Spa:Pod:Object:Param:Latency:maxRate (5), flags 00000000
              Int 0
            Prop: key Spa:Pod:Object:Param:Latency:minNs (6), flags 00000000
              Long 0
            Prop: key Spa:Pod:Object:Param:Latency:maxNs (7), flags 00000000
              Long 0
*	  id:15 (Spa:Enum:ParamId:Latency)
          Object: size 176, type Spa:Pod:Object:Param:Latency (262155), id Spa:Enum:ParamId:Latency (15)
            Prop: key Spa:Pod:Object:Param:Latency:direction (1), flags 00000000
              Id 1        (Spa:Enum:Direction:Output)
            Prop: key Spa:Pod:Object:Param:Latency:minQuantum (2), flags 00000000
              Float 0.000000
            Prop: key Spa:Pod:Object:Param:Latency:maxQuantum (3), flags 00000000
              Float 0.000000
            Prop: key Spa:Pod:Object:Param:Latency:minRate (4), flags 00000000
              Int 0
            Prop: key Spa:Pod:Object:Param:Latency:maxRate (5), flags 00000000
              Int 0
            Prop: key Spa:Pod:Object:Param:Latency:minNs (6), flags 00000000
              Long 0
            Prop: key Spa:Pod:Object:Param:Latency:maxNs (7), flags 00000000
              Long 0
 	properties:
 		format.dsp = "32 bit float mono audio"
 		audio.channel = "FL"
 		port.monitor = "true"
 		port.group = "playback"
 		port.id = "0"
 		port.direction = "out"
 		object.path = "alsa:acp:Headphones:1:playback:monitor_0"
 		port.name = "monitor_FL"
 		port.alias = "bcm2835 Headphones:monitor_FL"
 		node.id = "71"
 		object.id = "51"
 		object.serial = "244"
added:
	id: 50
	permissions: r-xm-
	type: PipeWire:Interface:Port (version 3)
	direction: "input"
 	params:
*	  id:3 (Spa:Enum:ParamId:EnumFormat)
           audio/dsp
                     format : (Id) F32P
*	  id:6 (Spa:Enum:ParamId:Meta)
          Object: size 56, type Spa:Pod:Object:Param:Meta (262149), id Spa:Enum:ParamId:Meta (6)
            Prop: key Spa:Pod:Object:Param:Meta:type (1), flags 00000000
              Id 1        (Spa:Pointer:Meta:Header)
            Prop: key Spa:Pod:Object:Param:Meta:size (2), flags 00000000
              Int 32
*	  id:7 (Spa:Enum:ParamId:IO)
          Object: size 56, type Spa:Pod:Object:Param:IO (262150), id Spa:Enum:ParamId:IO (7)
            Prop: key Spa:Pod:Object:Param:IO:id (1), flags 00000000
              Id 1        (Spa:Enum:IO:Buffers)
            Prop: key Spa:Pod:Object:Param:IO:size (2), flags 00000000
              Int 8
*	  id:7 (Spa:Enum:ParamId:IO)
          Object: size 56, type Spa:Pod:Object:Param:IO (262150), id Spa:Enum:ParamId:IO (7)
            Prop: key Spa:Pod:Object:Param:IO:id (1), flags 00000000
              Id 10       (Spa:Enum:IO:AsyncBuffers)
            Prop: key Spa:Pod:Object:Param:IO:size (2), flags 00000000
              Int 16
*	  id:4 (Spa:Enum:ParamId:Format)
           audio/dsp
                     format : (Id) F32P
*	  id:5 (Spa:Enum:ParamId:Buffers)
          Object: size 152, type Spa:Pod:Object:Param:Buffers (262148), id Spa:Enum:ParamId:Buffers (5)
            Prop: key Spa:Pod:Object:Param:Buffers:buffers (1), flags 00000000
              Choice: type Spa:Enum:Choice:Range, flags 00000000 28 4
                Int 1
                Int 1
                Int 32
            Prop: key Spa:Pod:Object:Param:Buffers:blocks (2), flags 00000000
              Int 1
            Prop: key Spa:Pod:Object:Param:Buffers:BlockInfo:size (3), flags 00000000
              Choice: type Spa:Enum:Choice:Range, flags 00000000 28 4
                Int 32768
                Int 64
                Int 2147483647
            Prop: key Spa:Pod:Object:Param:Buffers:BlockInfo:stride (4), flags 00000000
              Int 4
*	  id:15 (Spa:Enum:ParamId:Latency)
          Object: size 176, type Spa:Pod:Object:Param:Latency (262155), id Spa:Enum:ParamId:Latency (15)
            Prop: key Spa:Pod:Object:Param:Latency:direction (1), flags 00000000
              Id 0        (Spa:Enum:Direction:Input)
            Prop: key Spa:Pod:Object:Param:Latency:minQuantum (2), flags 00000000
              Float 1.000000
            Prop: key Spa:Pod:Object:Param:Latency:maxQuantum (3), flags 00000000
              Float 1.000000
            Prop: key Spa:Pod:Object:Param:Latency:minRate (4), flags 00000000
              Int 512
            Prop: key Spa:Pod:Object:Param:Latency:maxRate (5), flags 00000000
              Int 512
            Prop: key Spa:Pod:Object:Param:Latency:minNs (6), flags 00000000
              Long 0
            Prop: key Spa:Pod:Object:Param:Latency:maxNs (7), flags 00000000
              Long 0
*	  id:15 (Spa:Enum:ParamId:Latency)
          Object: size 176, type Spa:Pod:Object:Param:Latency (262155), id Spa:Enum:ParamId:Latency (15)
            Prop: key Spa:Pod:Object:Param:Latency:direction (1), flags 00000000
              Id 1        (Spa:Enum:Direction:Output)
            Prop: key Spa:Pod:Object:Param:Latency:minQuantum (2), flags 00000000
              Float 1.000000
            Prop: key Spa:Pod:Object:Param:Latency:maxQuantum (3), flags 00000000
              Float 1.000000
            Prop: key Spa:Pod:Object:Param:Latency:minRate (4), flags 00000000
              Int 0
            Prop: key Spa:Pod:Object:Param:Latency:maxRate (5), flags 00000000
              Int 0
            Prop: key Spa:Pod:Object:Param:Latency:minNs (6), flags 00000000
              Long 0
            Prop: key Spa:Pod:Object:Param:Latency:maxNs (7), flags 00000000
              Long 0
 	properties:
 		format.dsp = "32 bit float mono audio"
 		audio.channel = "FR"
 		port.group = "playback"
 		port.id = "1"
 		port.physical = "true"
 		port.terminal = "true"
 		port.direction = "in"
 		object.path = "alsa:acp:Headphones:1:playback:playback_1"
 		port.name = "playback_FR"
 		port.alias = "bcm2835 Headphones:playback_FR"
 		node.id = "71"
 		object.id = "50"
 		object.serial = "245"
added:
	id: 49
	permissions: r-xm-
	type: PipeWire:Interface:Port (version 3)
	direction: "output"
 	params:
*	  id:3 (Spa:Enum:ParamId:EnumFormat)
           audio/dsp
                     format : (Id) F32P
*	  id:6 (Spa:Enum:ParamId:Meta)
          Object: size 56, type Spa:Pod:Object:Param:Meta (262149), id Spa:Enum:ParamId:Meta (6)
            Prop: key Spa:Pod:Object:Param:Meta:type (1), flags 00000000
              Id 1        (Spa:Pointer:Meta:Header)
            Prop: key Spa:Pod:Object:Param:Meta:size (2), flags 00000000
              Int 32
*	  id:7 (Spa:Enum:ParamId:IO)
          Object: size 56, type Spa:Pod:Object:Param:IO (262150), id Spa:Enum:ParamId:IO (7)
            Prop: key Spa:Pod:Object:Param:IO:id (1), flags 00000000
              Id 1        (Spa:Enum:IO:Buffers)
            Prop: key Spa:Pod:Object:Param:IO:size (2), flags 00000000
              Int 8
*	  id:7 (Spa:Enum:ParamId:IO)
          Object: size 56, type Spa:Pod:Object:Param:IO (262150), id Spa:Enum:ParamId:IO (7)
            Prop: key Spa:Pod:Object:Param:IO:id (1), flags 00000000
              Id 10       (Spa:Enum:IO:AsyncBuffers)
            Prop: key Spa:Pod:Object:Param:IO:size (2), flags 00000000
              Int 8
*	  id:15 (Spa:Enum:ParamId:Latency)
          Object: size 176, type Spa:Pod:Object:Param:Latency (262155), id Spa:Enum:ParamId:Latency (15)
            Prop: key Spa:Pod:Object:Param:Latency:direction (1), flags 00000000
              Id 0        (Spa:Enum:Direction:Input)
            Prop: key Spa:Pod:Object:Param:Latency:minQuantum (2), flags 00000000
              Float 0.000000
            Prop: key Spa:Pod:Object:Param:Latency:maxQuantum (3), flags 00000000
              Float 0.000000
            Prop: key Spa:Pod:Object:Param:Latency:minRate (4), flags 00000000
              Int 0
            Prop: key Spa:Pod:Object:Param:Latency:maxRate (5), flags 00000000
              Int 0
            Prop: key Spa:Pod:Object:Param:Latency:minNs (6), flags 00000000
              Long 0
            Prop: key Spa:Pod:Object:Param:Latency:maxNs (7), flags 00000000
              Long 0
*	  id:15 (Spa:Enum:ParamId:Latency)
          Object: size 176, type Spa:Pod:Object:Param:Latency (262155), id Spa:Enum:ParamId:Latency (15)
            Prop: key Spa:Pod:Object:Param:Latency:direction (1), flags 00000000
              Id 1        (Spa:Enum:Direction:Output)
            Prop: key Spa:Pod:Object:Param:Latency:minQuantum (2), flags 00000000
              Float 0.000000
            Prop: key Spa:Pod:Object:Param:Latency:maxQuantum (3), flags 00000000
              Float 0.000000
            Prop: key Spa:Pod:Object:Param:Latency:minRate (4), flags 00000000
              Int 0
            Prop: key Spa:Pod:Object:Param:Latency:maxRate (5), flags 00000000
              Int 0
            Prop: key Spa:Pod:Object:Param:Latency:minNs (6), flags 00000000
              Long 0
            Prop: key Spa:Pod:Object:Param:Latency:maxNs (7), flags 00000000
              Long 0
 	properties:
 		format.dsp = "32 bit float mono audio"
 		audio.channel = "FR"
 		port.monitor = "true"
 		port.group = "playback"
 		port.id = "1"
 		port.direction = "out"
 		object.path = "alsa:acp:Headphones:1:playback:monitor_1"
 		port.name = "monitor_FR"
 		port.alias = "bcm2835 Headphones:monitor_FR"
 		node.id = "71"
 		object.id = "49"
 		object.serial = "246"
added:
	id: 33
	permissions: rwxm-
	type: PipeWire:Interface:Node (version 3)
 	params:
*	  id:1 (Spa:Enum:ParamId:PropInfo)
          Object: size 96, type Spa:Pod:Object:Param:PropInfo (262145), id Spa:Enum:ParamId:PropInfo (1)
            Prop: key Spa:Pod:Object:Param:PropInfo:id (1), flags 00000000
              Id 257      (Spa:Pod:Object:Param:Props:device)
            Prop: key Spa:Pod:Object:Param:PropInfo:description (7), flags 00000000
              String "The V4L2 device"
            Prop: key Spa:Pod:Object:Param:PropInfo:type (3), flags 00000000
              String "/dev/video14"
*	  id:1 (Spa:Enum:ParamId:PropInfo)
          Object: size 96, type Spa:Pod:Object:Param:PropInfo (262145), id Spa:Enum:ParamId:PropInfo (1)
            Prop: key Spa:Pod:Object:Param:PropInfo:id (1), flags 00000000
              Id 258      (Spa:Pod:Object:Param:Props:deviceName)
            Prop: key Spa:Pod:Object:Param:PropInfo:description (7), flags 00000000
              String "The V4L2 device name"
            Prop: key Spa:Pod:Object:Param:PropInfo:type (3), flags 00000000
              String ""
*	  id:1 (Spa:Enum:ParamId:PropInfo)
          Object: size 88, type Spa:Pod:Object:Param:PropInfo (262145), id Spa:Enum:ParamId:PropInfo (1)
            Prop: key Spa:Pod:Object:Param:PropInfo:id (1), flags 00000000
              Id 259      (Spa:Pod:Object:Param:Props:deviceFd)
            Prop: key Spa:Pod:Object:Param:PropInfo:description (7), flags 00000000
              String "The V4L2 fd"
            Prop: key Spa:Pod:Object:Param:PropInfo:type (3), flags 00000000
              Int 0
*	  id:2 (Spa:Enum:ParamId:Props)
          Object: size 88, type Spa:Pod:Object:Param:Props (262146), id Spa:Enum:ParamId:Props (2)
            Prop: key Spa:Pod:Object:Param:Props:device (257), flags 00000000
              String "/dev/video14"
            Prop: key Spa:Pod:Object:Param:Props:deviceName (258), flags 00000000
              String ""
            Prop: key Spa:Pod:Object:Param:Props:deviceFd (259), flags 00000000
              Int 0
*	  id:3 (Spa:Enum:ParamId:EnumFormat)
           video/raw
                     format : (Id) YUY2
                       size : (Rectangle) [ 64x64, 16384x16384, 16384x16384 ]
                  framerate : (Fraction) [ 1/1, 120/1 ]
*	  id:3 (Spa:Enum:ParamId:EnumFormat)
           video/raw
                     format : (Id) YVYU
                       size : (Rectangle) [ 64x64, 16384x16384, 16384x16384 ]
                  framerate : (Fraction) [ 1/1, 120/1 ]
*	  id:3 (Spa:Enum:ParamId:EnumFormat)
           video/raw
                     format : (Id) UNKNOWN
                       size : (Rectangle) [ 64x64, 16384x16384, 16384x16384 ]
                  framerate : (Fraction) [ 1/1, 120/1 ]
*	  id:3 (Spa:Enum:ParamId:EnumFormat)
           video/raw
                     format : (Id) UYVY
                       size : (Rectangle) [ 64x64, 16384x16384, 16384x16384 ]
                  framerate : (Fraction) [ 1/1, 120/1 ]
*	  id:3 (Spa:Enum:ParamId:EnumFormat)
           video/raw
                     format : (Id) I420
                       size : (Rectangle) [ 64x64, 16384x16384, 16384x16384 ]
                  framerate : (Fraction) [ 1/1, 120/1 ]
*	  id:3 (Spa:Enum:ParamId:EnumFormat)
           video/raw
                     format : (Id) YV12
                       size : (Rectangle) [ 64x64, 16384x16384, 16384x16384 ]
                  framerate : (Fraction) [ 1/1, 120/1 ]
*	  id:3 (Spa:Enum:ParamId:EnumFormat)
           video/raw
                     format : (Id) RGB
                       size : (Rectangle) [ 64x64, 16384x16384, 16384x16384 ]
                  framerate : (Fraction) [ 1/1, 120/1 ]
*	  id:3 (Spa:Enum:ParamId:EnumFormat)
           video/raw
                     format : (Id) BGR
                       size : (Rectangle) [ 64x64, 16384x16384, 16384x16384 ]
                  framerate : (Fraction) [ 1/1, 120/1 ]
*	  id:3 (Spa:Enum:ParamId:EnumFormat)
           video/raw
                     format : (Id) BGRx
                       size : (Rectangle) [ 64x64, 16384x16384, 16384x16384 ]
                  framerate : (Fraction) [ 1/1, 120/1 ]
*	  id:3 (Spa:Enum:ParamId:EnumFormat)
           video/raw
                     format : (Id) RGB16
                       size : (Rectangle) [ 64x64, 16384x16384, 16384x16384 ]
                  framerate : (Fraction) [ 1/1, 120/1 ]
*	  id:3 (Spa:Enum:ParamId:EnumFormat)
           video/raw
                     format : (Id) NV12
                       size : (Rectangle) [ 64x64, 16384x16384, 16384x16384 ]
                  framerate : (Fraction) [ 1/1, 120/1 ]
*	  id:3 (Spa:Enum:ParamId:EnumFormat)
           video/raw
                     format : (Id) NV21
                       size : (Rectangle) [ 64x64, 16384x16384, 16384x16384 ]
                  framerate : (Fraction) [ 1/1, 120/1 ]
 	input ports: 0/0
 	output ports: 1/1
 	state: "suspended"
 	properties:
 		api.v4l2.cap.bus_info = "platform:bcm2835-isp"
 		api.v4l2.cap.capabilities = "84200001"
 		api.v4l2.cap.card = "bcm2835-isp"
 		api.v4l2.cap.device-caps = "04200001"
 		api.v4l2.cap.driver = "bcm2835-isp"
 		api.v4l2.cap.version = "6.18.34"
 		api.v4l2.path = "/dev/video14"
 		device.api = "v4l2"
 		device.devids = "[ 20739 ]"
 		device.id = "70"
 		factory.name = "api.v4l2.source"
 		media.class = "Video/Source"
 		node.description = "bcm2835-isp (V4L2)"
 		node.name = "v4l2_input.platform-3f00b840.mailbox"
 		node.nick = "bcm2835-isp"
 		node.pause-on-idle = "false"
 		object.path = "v4l2:/dev/video14"
 		priority.session = "860"
 		factory.id = "11"
 		client.id = "62"
 		clock.quantum-limit = "8192"
 		node.loop.name = "data-loop.0"
 		media.role = "Camera"
 		node.driver = "true"
 		object.id = "33"
 		object.serial = "249"
added:
	id: 42
	permissions: r-xm-
	type: PipeWire:Interface:Port (version 3)
	direction: "output"
 	params:
*	  id:3 (Spa:Enum:ParamId:EnumFormat)
           video/raw
                     format : (Id) YUY2
                       size : (Rectangle) [ 64x64, 16384x16384, 16384x16384 ]
                  framerate : (Fraction) [ 1/1, 120/1 ]
*	  id:3 (Spa:Enum:ParamId:EnumFormat)
           video/raw
                     format : (Id) YVYU
                       size : (Rectangle) [ 64x64, 16384x16384, 16384x16384 ]
                  framerate : (Fraction) [ 1/1, 120/1 ]
*	  id:3 (Spa:Enum:ParamId:EnumFormat)
           video/raw
                     format : (Id) UNKNOWN
                       size : (Rectangle) [ 64x64, 16384x16384, 16384x16384 ]
                  framerate : (Fraction) [ 1/1, 120/1 ]
*	  id:3 (Spa:Enum:ParamId:EnumFormat)
           video/raw
                     format : (Id) UYVY
                       size : (Rectangle) [ 64x64, 16384x16384, 16384x16384 ]
                  framerate : (Fraction) [ 1/1, 120/1 ]
*	  id:3 (Spa:Enum:ParamId:EnumFormat)
           video/raw
                     format : (Id) I420
                       size : (Rectangle) [ 64x64, 16384x16384, 16384x16384 ]
                  framerate : (Fraction) [ 1/1, 120/1 ]
*	  id:3 (Spa:Enum:ParamId:EnumFormat)
           video/raw
                     format : (Id) YV12
                       size : (Rectangle) [ 64x64, 16384x16384, 16384x16384 ]
                  framerate : (Fraction) [ 1/1, 120/1 ]
*	  id:3 (Spa:Enum:ParamId:EnumFormat)
           video/raw
                     format : (Id) RGB
                       size : (Rectangle) [ 64x64, 16384x16384, 16384x16384 ]
                  framerate : (Fraction) [ 1/1, 120/1 ]
*	  id:3 (Spa:Enum:ParamId:EnumFormat)
           video/raw
                     format : (Id) BGR
                       size : (Rectangle) [ 64x64, 16384x16384, 16384x16384 ]
                  framerate : (Fraction) [ 1/1, 120/1 ]
*	  id:3 (Spa:Enum:ParamId:EnumFormat)
           video/raw
                     format : (Id) BGRx
                       size : (Rectangle) [ 64x64, 16384x16384, 16384x16384 ]
                  framerate : (Fraction) [ 1/1, 120/1 ]
*	  id:3 (Spa:Enum:ParamId:EnumFormat)
           video/raw
                     format : (Id) RGB16
                       size : (Rectangle) [ 64x64, 16384x16384, 16384x16384 ]
                  framerate : (Fraction) [ 1/1, 120/1 ]
*	  id:3 (Spa:Enum:ParamId:EnumFormat)
           video/raw
                     format : (Id) NV12
                       size : (Rectangle) [ 64x64, 16384x16384, 16384x16384 ]
                  framerate : (Fraction) [ 1/1, 120/1 ]
*	  id:3 (Spa:Enum:ParamId:EnumFormat)
           video/raw
                     format : (Id) NV21
                       size : (Rectangle) [ 64x64, 16384x16384, 16384x16384 ]
                  framerate : (Fraction) [ 1/1, 120/1 ]
*	  id:6 (Spa:Enum:ParamId:Meta)
          Object: size 56, type Spa:Pod:Object:Param:Meta (262149), id Spa:Enum:ParamId:Meta (6)
            Prop: key Spa:Pod:Object:Param:Meta:type (1), flags 00000000
              Id 1        (Spa:Pointer:Meta:Header)
            Prop: key Spa:Pod:Object:Param:Meta:size (2), flags 00000000
              Int 32
*	  id:6 (Spa:Enum:ParamId:Meta)
          Object: size 56, type Spa:Pod:Object:Param:Meta (262149), id Spa:Enum:ParamId:Meta (6)
            Prop: key Spa:Pod:Object:Param:Meta:type (1), flags 00000000
              Id 8        (Spa:Pointer:Meta:VideoTransform)
            Prop: key Spa:Pod:Object:Param:Meta:size (2), flags 00000000
              Int 4
*	  id:7 (Spa:Enum:ParamId:IO)
          Object: size 56, type Spa:Pod:Object:Param:IO (262150), id Spa:Enum:ParamId:IO (7)
            Prop: key Spa:Pod:Object:Param:IO:id (1), flags 00000000
              Id 1        (Spa:Enum:IO:Buffers)
            Prop: key Spa:Pod:Object:Param:IO:size (2), flags 00000000
              Int 8
*	  id:7 (Spa:Enum:ParamId:IO)
          Object: size 56, type Spa:Pod:Object:Param:IO (262150), id Spa:Enum:ParamId:IO (7)
            Prop: key Spa:Pod:Object:Param:IO:id (1), flags 00000000
              Id 10       (Spa:Enum:IO:AsyncBuffers)
            Prop: key Spa:Pod:Object:Param:IO:size (2), flags 00000000
              Int 8
*	  id:15 (Spa:Enum:ParamId:Latency)
          Object: size 176, type Spa:Pod:Object:Param:Latency (262155), id Spa:Enum:ParamId:Latency (15)
            Prop: key Spa:Pod:Object:Param:Latency:direction (1), flags 00000000
              Id 0        (Spa:Enum:Direction:Input)
            Prop: key Spa:Pod:Object:Param:Latency:minQuantum (2), flags 00000000
              Float 0.000000
            Prop: key Spa:Pod:Object:Param:Latency:maxQuantum (3), flags 00000000
              Float 0.000000
            Prop: key Spa:Pod:Object:Param:Latency:minRate (4), flags 00000000
              Int 0
            Prop: key Spa:Pod:Object:Param:Latency:maxRate (5), flags 00000000
              Int 0
            Prop: key Spa:Pod:Object:Param:Latency:minNs (6), flags 00000000
              Long 0
            Prop: key Spa:Pod:Object:Param:Latency:maxNs (7), flags 00000000
              Long 0
*	  id:15 (Spa:Enum:ParamId:Latency)
          Object: size 176, type Spa:Pod:Object:Param:Latency (262155), id Spa:Enum:ParamId:Latency (15)
            Prop: key Spa:Pod:Object:Param:Latency:direction (1), flags 00000000
              Id 1        (Spa:Enum:Direction:Output)
            Prop: key Spa:Pod:Object:Param:Latency:minQuantum (2), flags 00000000
              Float 0.000000
            Prop: key Spa:Pod:Object:Param:Latency:maxQuantum (3), flags 00000000
              Float 0.000000
            Prop: key Spa:Pod:Object:Param:Latency:minRate (4), flags 00000000
              Int 0
            Prop: key Spa:Pod:Object:Param:Latency:maxRate (5), flags 00000000
              Int 0
            Prop: key Spa:Pod:Object:Param:Latency:minNs (6), flags 00000000
              Long 0
            Prop: key Spa:Pod:Object:Param:Latency:maxNs (7), flags 00000000
              Long 0
 	properties:
 		port.group = "stream.0"
 		port.id = "0"
 		port.physical = "true"
 		port.terminal = "true"
 		port.direction = "out"
 		object.path = "v4l2:/dev/video14:capture_0"
 		port.name = "capture_1"
 		port.alias = "bcm2835-isp:capture_1"
 		node.id = "33"
 		object.id = "42"
 		object.serial = "250"
added:
	id: 41
	permissions: rwxm-
	type: PipeWire:Interface:Node (version 3)
 	params:
*	  id:1 (Spa:Enum:ParamId:PropInfo)
          Object: size 96, type Spa:Pod:Object:Param:PropInfo (262145), id Spa:Enum:ParamId:PropInfo (1)
            Prop: key Spa:Pod:Object:Param:PropInfo:id (1), flags 00000000
              Id 257      (Spa:Pod:Object:Param:Props:device)
            Prop: key Spa:Pod:Object:Param:PropInfo:description (7), flags 00000000
              String "The V4L2 device"
            Prop: key Spa:Pod:Object:Param:PropInfo:type (3), flags 00000000
              String "/dev/video15"
*	  id:1 (Spa:Enum:ParamId:PropInfo)
          Object: size 96, type Spa:Pod:Object:Param:PropInfo (262145), id Spa:Enum:ParamId:PropInfo (1)
            Prop: key Spa:Pod:Object:Param:PropInfo:id (1), flags 00000000
              Id 258      (Spa:Pod:Object:Param:Props:deviceName)
            Prop: key Spa:Pod:Object:Param:PropInfo:description (7), flags 00000000
              String "The V4L2 device name"
            Prop: key Spa:Pod:Object:Param:PropInfo:type (3), flags 00000000
              String ""
*	  id:1 (Spa:Enum:ParamId:PropInfo)
          Object: size 88, type Spa:Pod:Object:Param:PropInfo (262145), id Spa:Enum:ParamId:PropInfo (1)
            Prop: key Spa:Pod:Object:Param:PropInfo:id (1), flags 00000000
              Id 259      (Spa:Pod:Object:Param:Props:deviceFd)
            Prop: key Spa:Pod:Object:Param:PropInfo:description (7), flags 00000000
              String "The V4L2 fd"
            Prop: key Spa:Pod:Object:Param:PropInfo:type (3), flags 00000000
              Int 0
*	  id:2 (Spa:Enum:ParamId:Props)
          Object: size 88, type Spa:Pod:Object:Param:Props (262146), id Spa:Enum:ParamId:Props (2)
            Prop: key Spa:Pod:Object:Param:Props:device (257), flags 00000000
              String "/dev/video15"
            Prop: key Spa:Pod:Object:Param:Props:deviceName (258), flags 00000000
              String ""
            Prop: key Spa:Pod:Object:Param:Props:deviceFd (259), flags 00000000
              Int 0
*	  id:3 (Spa:Enum:ParamId:EnumFormat)
           video/raw
                     format : (Id) YUY2
                       size : (Rectangle) [ 64x64, 16384x16384, 16384x16384 ]
                  framerate : (Fraction) [ 1/1, 120/1 ]
*	  id:3 (Spa:Enum:ParamId:EnumFormat)
           video/raw
                     format : (Id) YVYU
                       size : (Rectangle) [ 64x64, 16384x16384, 16384x16384 ]
                  framerate : (Fraction) [ 1/1, 120/1 ]
*	  id:3 (Spa:Enum:ParamId:EnumFormat)
           video/raw
                     format : (Id) UNKNOWN
                       size : (Rectangle) [ 64x64, 16384x16384, 16384x16384 ]
                  framerate : (Fraction) [ 1/1, 120/1 ]
*	  id:3 (Spa:Enum:ParamId:EnumFormat)
           video/raw
                     format : (Id) UYVY
                       size : (Rectangle) [ 64x64, 16384x16384, 16384x16384 ]
                  framerate : (Fraction) [ 1/1, 120/1 ]
*	  id:3 (Spa:Enum:ParamId:EnumFormat)
           video/raw
                     format : (Id) I420
                       size : (Rectangle) [ 64x64, 16384x16384, 16384x16384 ]
                  framerate : (Fraction) [ 1/1, 120/1 ]
*	  id:3 (Spa:Enum:ParamId:EnumFormat)
           video/raw
                     format : (Id) YV12
                       size : (Rectangle) [ 64x64, 16384x16384, 16384x16384 ]
                  framerate : (Fraction) [ 1/1, 120/1 ]
*	  id:3 (Spa:Enum:ParamId:EnumFormat)
           video/raw
                     format : (Id) NV12
                       size : (Rectangle) [ 64x64, 16384x16384, 16384x16384 ]
                  framerate : (Fraction) [ 1/1, 120/1 ]
*	  id:3 (Spa:Enum:ParamId:EnumFormat)
           video/raw
                     format : (Id) NV21
                       size : (Rectangle) [ 64x64, 16384x16384, 16384x16384 ]
                  framerate : (Fraction) [ 1/1, 120/1 ]
 	input ports: 0/0
 	output ports: 1/1
 	state: "suspended"
 	properties:
 		api.v4l2.cap.bus_info = "platform:bcm2835-isp"
 		api.v4l2.cap.capabilities = "84200001"
 		api.v4l2.cap.card = "bcm2835-isp"
 		api.v4l2.cap.device-caps = "04200001"
 		api.v4l2.cap.driver = "bcm2835-isp"
 		api.v4l2.cap.version = "6.18.34"
 		api.v4l2.path = "/dev/video15"
 		device.api = "v4l2"
 		device.devids = "[ 20740 ]"
 		device.id = "68"
 		factory.name = "api.v4l2.source"
 		media.class = "Video/Source"
 		node.description = "bcm2835-isp (V4L2)"
 		node.name = "v4l2_input.platform-3f00b840.mailbox"
 		node.nick = "bcm2835-isp"
 		node.pause-on-idle = "false"
 		object.path = "v4l2:/dev/video15"
 		priority.session = "850"
 		factory.id = "11"
 		client.id = "62"
 		clock.quantum-limit = "8192"
 		node.loop.name = "data-loop.0"
 		media.role = "Camera"
 		node.driver = "true"
 		object.id = "41"
 		object.serial = "251"
added:
	id: 40
	permissions: r-xm-
	type: PipeWire:Interface:Port (version 3)
	direction: "output"
 	params:
*	  id:3 (Spa:Enum:ParamId:EnumFormat)
           video/raw
                     format : (Id) YUY2
                       size : (Rectangle) [ 64x64, 16384x16384, 16384x16384 ]
                  framerate : (Fraction) [ 1/1, 120/1 ]
*	  id:3 (Spa:Enum:ParamId:EnumFormat)
           video/raw
                     format : (Id) YVYU
                       size : (Rectangle) [ 64x64, 16384x16384, 16384x16384 ]
                  framerate : (Fraction) [ 1/1, 120/1 ]
*	  id:3 (Spa:Enum:ParamId:EnumFormat)
           video/raw
                     format : (Id) UNKNOWN
                       size : (Rectangle) [ 64x64, 16384x16384, 16384x16384 ]
                  framerate : (Fraction) [ 1/1, 120/1 ]
*	  id:3 (Spa:Enum:ParamId:EnumFormat)
           video/raw
                     format : (Id) UYVY
                       size : (Rectangle) [ 64x64, 16384x16384, 16384x16384 ]
                  framerate : (Fraction) [ 1/1, 120/1 ]
*	  id:3 (Spa:Enum:ParamId:EnumFormat)
           video/raw
                     format : (Id) I420
                       size : (Rectangle) [ 64x64, 16384x16384, 16384x16384 ]
                  framerate : (Fraction) [ 1/1, 120/1 ]
*	  id:3 (Spa:Enum:ParamId:EnumFormat)
           video/raw
                     format : (Id) YV12
                       size : (Rectangle) [ 64x64, 16384x16384, 16384x16384 ]
                  framerate : (Fraction) [ 1/1, 120/1 ]
*	  id:3 (Spa:Enum:ParamId:EnumFormat)
           video/raw
                     format : (Id) NV12
                       size : (Rectangle) [ 64x64, 16384x16384, 16384x16384 ]
                  framerate : (Fraction) [ 1/1, 120/1 ]
*	  id:3 (Spa:Enum:ParamId:EnumFormat)
           video/raw
                     format : (Id) NV21
                       size : (Rectangle) [ 64x64, 16384x16384, 16384x16384 ]
                  framerate : (Fraction) [ 1/1, 120/1 ]
*	  id:6 (Spa:Enum:ParamId:Meta)
          Object: size 56, type Spa:Pod:Object:Param:Meta (262149), id Spa:Enum:ParamId:Meta (6)
            Prop: key Spa:Pod:Object:Param:Meta:type (1), flags 00000000
              Id 1        (Spa:Pointer:Meta:Header)
            Prop: key Spa:Pod:Object:Param:Meta:size (2), flags 00000000
              Int 32
*	  id:6 (Spa:Enum:ParamId:Meta)
          Object: size 56, type Spa:Pod:Object:Param:Meta (262149), id Spa:Enum:ParamId:Meta (6)
            Prop: key Spa:Pod:Object:Param:Meta:type (1), flags 00000000
              Id 8        (Spa:Pointer:Meta:VideoTransform)
            Prop: key Spa:Pod:Object:Param:Meta:size (2), flags 00000000
              Int 4
*	  id:7 (Spa:Enum:ParamId:IO)
          Object: size 56, type Spa:Pod:Object:Param:IO (262150), id Spa:Enum:ParamId:IO (7)
            Prop: key Spa:Pod:Object:Param:IO:id (1), flags 00000000
              Id 1        (Spa:Enum:IO:Buffers)
            Prop: key Spa:Pod:Object:Param:IO:size (2), flags 00000000
              Int 8
*	  id:7 (Spa:Enum:ParamId:IO)
          Object: size 56, type Spa:Pod:Object:Param:IO (262150), id Spa:Enum:ParamId:IO (7)
            Prop: key Spa:Pod:Object:Param:IO:id (1), flags 00000000
              Id 10       (Spa:Enum:IO:AsyncBuffers)
            Prop: key Spa:Pod:Object:Param:IO:size (2), flags 00000000
              Int 8
*	  id:15 (Spa:Enum:ParamId:Latency)
          Object: size 176, type Spa:Pod:Object:Param:Latency (262155), id Spa:Enum:ParamId:Latency (15)
            Prop: key Spa:Pod:Object:Param:Latency:direction (1), flags 00000000
              Id 0        (Spa:Enum:Direction:Input)
            Prop: key Spa:Pod:Object:Param:Latency:minQuantum (2), flags 00000000
              Float 0.000000
            Prop: key Spa:Pod:Object:Param:Latency:maxQuantum (3), flags 00000000
              Float 0.000000
            Prop: key Spa:Pod:Object:Param:Latency:minRate (4), flags 00000000
              Int 0
            Prop: key Spa:Pod:Object:Param:Latency:maxRate (5), flags 00000000
              Int 0
            Prop: key Spa:Pod:Object:Param:Latency:minNs (6), flags 00000000
              Long 0
            Prop: key Spa:Pod:Object:Param:Latency:maxNs (7), flags 00000000
              Long 0
*	  id:15 (Spa:Enum:ParamId:Latency)
          Object: size 176, type Spa:Pod:Object:Param:Latency (262155), id Spa:Enum:ParamId:Latency (15)
            Prop: key Spa:Pod:Object:Param:Latency:direction (1), flags 00000000
              Id 1        (Spa:Enum:Direction:Output)
            Prop: key Spa:Pod:Object:Param:Latency:minQuantum (2), flags 00000000
              Float 0.000000
            Prop: key Spa:Pod:Object:Param:Latency:maxQuantum (3), flags 00000000
              Float 0.000000
            Prop: key Spa:Pod:Object:Param:Latency:minRate (4), flags 00000000
              Int 0
            Prop: key Spa:Pod:Object:Param:Latency:maxRate (5), flags 00000000
              Int 0
            Prop: key Spa:Pod:Object:Param:Latency:minNs (6), flags 00000000
              Long 0
            Prop: key Spa:Pod:Object:Param:Latency:maxNs (7), flags 00000000
              Long 0
 	properties:
 		port.group = "stream.0"
 		port.id = "0"
 		port.physical = "true"
 		port.terminal = "true"
 		port.direction = "out"
 		object.path = "v4l2:/dev/video15:capture_0"
 		port.name = "capture_1"
 		port.alias = "bcm2835-isp:capture_1"
 		node.id = "41"
 		object.id = "40"
 		object.serial = "252"
added:
	id: 39
	permissions: rwxm-
	type: PipeWire:Interface:Node (version 3)
 	params:
*	  id:1 (Spa:Enum:ParamId:PropInfo)
          Object: size 96, type Spa:Pod:Object:Param:PropInfo (262145), id Spa:Enum:ParamId:PropInfo (1)
            Prop: key Spa:Pod:Object:Param:PropInfo:id (1), flags 00000000
              Id 257      (Spa:Pod:Object:Param:Props:device)
            Prop: key Spa:Pod:Object:Param:PropInfo:description (7), flags 00000000
              String "The V4L2 device"
            Prop: key Spa:Pod:Object:Param:PropInfo:type (3), flags 00000000
              String "/dev/video21"
*	  id:1 (Spa:Enum:ParamId:PropInfo)
          Object: size 96, type Spa:Pod:Object:Param:PropInfo (262145), id Spa:Enum:ParamId:PropInfo (1)
            Prop: key Spa:Pod:Object:Param:PropInfo:id (1), flags 00000000
              Id 258      (Spa:Pod:Object:Param:Props:deviceName)
            Prop: key Spa:Pod:Object:Param:PropInfo:description (7), flags 00000000
              String "The V4L2 device name"
            Prop: key Spa:Pod:Object:Param:PropInfo:type (3), flags 00000000
              String ""
*	  id:1 (Spa:Enum:ParamId:PropInfo)
          Object: size 88, type Spa:Pod:Object:Param:PropInfo (262145), id Spa:Enum:ParamId:PropInfo (1)
            Prop: key Spa:Pod:Object:Param:PropInfo:id (1), flags 00000000
              Id 259      (Spa:Pod:Object:Param:Props:deviceFd)
            Prop: key Spa:Pod:Object:Param:PropInfo:description (7), flags 00000000
              String "The V4L2 fd"
            Prop: key Spa:Pod:Object:Param:PropInfo:type (3), flags 00000000
              Int 0
*	  id:2 (Spa:Enum:ParamId:Props)
          Object: size 88, type Spa:Pod:Object:Param:Props (262146), id Spa:Enum:ParamId:Props (2)
            Prop: key Spa:Pod:Object:Param:Props:device (257), flags 00000000
              String "/dev/video21"
            Prop: key Spa:Pod:Object:Param:Props:deviceName (258), flags 00000000
              String ""
            Prop: key Spa:Pod:Object:Param:Props:deviceFd (259), flags 00000000
              Int 0
*	  id:3 (Spa:Enum:ParamId:EnumFormat)
           video/raw
                     format : (Id) YUY2
                       size : (Rectangle) [ 64x64, 16384x16384, 16384x16384 ]
                  framerate : (Fraction) [ 1/1, 120/1 ]
*	  id:3 (Spa:Enum:ParamId:EnumFormat)
           video/raw
                     format : (Id) YVYU
                       size : (Rectangle) [ 64x64, 16384x16384, 16384x16384 ]
                  framerate : (Fraction) [ 1/1, 120/1 ]
*	  id:3 (Spa:Enum:ParamId:EnumFormat)
           video/raw
                     format : (Id) UNKNOWN
                       size : (Rectangle) [ 64x64, 16384x16384, 16384x16384 ]
                  framerate : (Fraction) [ 1/1, 120/1 ]
*	  id:3 (Spa:Enum:ParamId:EnumFormat)
           video/raw
                     format : (Id) UYVY
                       size : (Rectangle) [ 64x64, 16384x16384, 16384x16384 ]
                  framerate : (Fraction) [ 1/1, 120/1 ]
*	  id:3 (Spa:Enum:ParamId:EnumFormat)
           video/raw
                     format : (Id) I420
                       size : (Rectangle) [ 64x64, 16384x16384, 16384x16384 ]
                  framerate : (Fraction) [ 1/1, 120/1 ]
*	  id:3 (Spa:Enum:ParamId:EnumFormat)
           video/raw
                     format : (Id) YV12
                       size : (Rectangle) [ 64x64, 16384x16384, 16384x16384 ]
                  framerate : (Fraction) [ 1/1, 120/1 ]
*	  id:3 (Spa:Enum:ParamId:EnumFormat)
           video/raw
                     format : (Id) RGB
                       size : (Rectangle) [ 64x64, 16384x16384, 16384x16384 ]
                  framerate : (Fraction) [ 1/1, 120/1 ]
*	  id:3 (Spa:Enum:ParamId:EnumFormat)
           video/raw
                     format : (Id) BGR
                       size : (Rectangle) [ 64x64, 16384x16384, 16384x16384 ]
                  framerate : (Fraction) [ 1/1, 120/1 ]
*	  id:3 (Spa:Enum:ParamId:EnumFormat)
           video/raw
                     format : (Id) BGRx
                       size : (Rectangle) [ 64x64, 16384x16384, 16384x16384 ]
                  framerate : (Fraction) [ 1/1, 120/1 ]
*	  id:3 (Spa:Enum:ParamId:EnumFormat)
           video/raw
                     format : (Id) RGB16
                       size : (Rectangle) [ 64x64, 16384x16384, 16384x16384 ]
                  framerate : (Fraction) [ 1/1, 120/1 ]
*	  id:3 (Spa:Enum:ParamId:EnumFormat)
           video/raw
                     format : (Id) NV12
                       size : (Rectangle) [ 64x64, 16384x16384, 16384x16384 ]
                  framerate : (Fraction) [ 1/1, 120/1 ]
*	  id:3 (Spa:Enum:ParamId:EnumFormat)
           video/raw
                     format : (Id) NV21
                       size : (Rectangle) [ 64x64, 16384x16384, 16384x16384 ]
                  framerate : (Fraction) [ 1/1, 120/1 ]
 	input ports: 0/0
 	output ports: 1/1
 	state: "suspended"
 	properties:
 		api.v4l2.cap.bus_info = "platform:bcm2835-isp"
 		api.v4l2.cap.capabilities = "84200001"
 		api.v4l2.cap.card = "bcm2835-isp"
 		api.v4l2.cap.device-caps = "04200001"
 		api.v4l2.cap.driver = "bcm2835-isp"
 		api.v4l2.cap.version = "6.18.34"
 		api.v4l2.path = "/dev/video21"
 		device.api = "v4l2"
 		device.devids = "[ 20743 ]"
 		device.id = "35"
 		factory.name = "api.v4l2.source"
 		media.class = "Video/Source"
 		node.description = "bcm2835-isp (V4L2)"
 		node.name = "v4l2_input.platform-3f00b840.mailbox"
 		node.nick = "bcm2835-isp"
 		node.pause-on-idle = "false"
 		object.path = "v4l2:/dev/video21"
 		priority.session = "790"
 		factory.id = "11"
 		client.id = "62"
 		clock.quantum-limit = "8192"
 		node.loop.name = "data-loop.0"
 		media.role = "Camera"
 		node.driver = "true"
 		object.id = "39"
 		object.serial = "253"
added:
	id: 38
	permissions: r-xm-
	type: PipeWire:Interface:Port (version 3)
	direction: "output"
 	params:
*	  id:3 (Spa:Enum:ParamId:EnumFormat)
           video/raw
                     format : (Id) YUY2
                       size : (Rectangle) [ 64x64, 16384x16384, 16384x16384 ]
                  framerate : (Fraction) [ 1/1, 120/1 ]
*	  id:3 (Spa:Enum:ParamId:EnumFormat)
           video/raw
                     format : (Id) YVYU
                       size : (Rectangle) [ 64x64, 16384x16384, 16384x16384 ]
                  framerate : (Fraction) [ 1/1, 120/1 ]
*	  id:3 (Spa:Enum:ParamId:EnumFormat)
           video/raw
                     format : (Id) UNKNOWN
                       size : (Rectangle) [ 64x64, 16384x16384, 16384x16384 ]
                  framerate : (Fraction) [ 1/1, 120/1 ]
*	  id:3 (Spa:Enum:ParamId:EnumFormat)
           video/raw
                     format : (Id) UYVY
                       size : (Rectangle) [ 64x64, 16384x16384, 16384x16384 ]
                  framerate : (Fraction) [ 1/1, 120/1 ]
*	  id:3 (Spa:Enum:ParamId:EnumFormat)
           video/raw
                     format : (Id) I420
                       size : (Rectangle) [ 64x64, 16384x16384, 16384x16384 ]
                  framerate : (Fraction) [ 1/1, 120/1 ]
*	  id:3 (Spa:Enum:ParamId:EnumFormat)
           video/raw
                     format : (Id) YV12
                       size : (Rectangle) [ 64x64, 16384x16384, 16384x16384 ]
                  framerate : (Fraction) [ 1/1, 120/1 ]
*	  id:3 (Spa:Enum:ParamId:EnumFormat)
           video/raw
                     format : (Id) RGB
                       size : (Rectangle) [ 64x64, 16384x16384, 16384x16384 ]
                  framerate : (Fraction) [ 1/1, 120/1 ]
*	  id:3 (Spa:Enum:ParamId:EnumFormat)
           video/raw
                     format : (Id) BGR
                       size : (Rectangle) [ 64x64, 16384x16384, 16384x16384 ]
                  framerate : (Fraction) [ 1/1, 120/1 ]
*	  id:3 (Spa:Enum:ParamId:EnumFormat)
           video/raw
                     format : (Id) BGRx
                       size : (Rectangle) [ 64x64, 16384x16384, 16384x16384 ]
                  framerate : (Fraction) [ 1/1, 120/1 ]
*	  id:3 (Spa:Enum:ParamId:EnumFormat)
           video/raw
                     format : (Id) RGB16
                       size : (Rectangle) [ 64x64, 16384x16384, 16384x16384 ]
                  framerate : (Fraction) [ 1/1, 120/1 ]
*	  id:3 (Spa:Enum:ParamId:EnumFormat)
           video/raw
                     format : (Id) NV12
                       size : (Rectangle) [ 64x64, 16384x16384, 16384x16384 ]
                  framerate : (Fraction) [ 1/1, 120/1 ]
*	  id:3 (Spa:Enum:ParamId:EnumFormat)
           video/raw
                     format : (Id) NV21
                       size : (Rectangle) [ 64x64, 16384x16384, 16384x16384 ]
                  framerate : (Fraction) [ 1/1, 120/1 ]
*	  id:6 (Spa:Enum:ParamId:Meta)
          Object: size 56, type Spa:Pod:Object:Param:Meta (262149), id Spa:Enum:ParamId:Meta (6)
            Prop: key Spa:Pod:Object:Param:Meta:type (1), flags 00000000
              Id 1        (Spa:Pointer:Meta:Header)
            Prop: key Spa:Pod:Object:Param:Meta:size (2), flags 00000000
              Int 32
*	  id:6 (Spa:Enum:ParamId:Meta)
          Object: size 56, type Spa:Pod:Object:Param:Meta (262149), id Spa:Enum:ParamId:Meta (6)
            Prop: key Spa:Pod:Object:Param:Meta:type (1), flags 00000000
              Id 8        (Spa:Pointer:Meta:VideoTransform)
            Prop: key Spa:Pod:Object:Param:Meta:size (2), flags 00000000
              Int 4
*	  id:7 (Spa:Enum:ParamId:IO)
          Object: size 56, type Spa:Pod:Object:Param:IO (262150), id Spa:Enum:ParamId:IO (7)
            Prop: key Spa:Pod:Object:Param:IO:id (1), flags 00000000
              Id 1        (Spa:Enum:IO:Buffers)
            Prop: key Spa:Pod:Object:Param:IO:size (2), flags 00000000
              Int 8
*	  id:7 (Spa:Enum:ParamId:IO)
          Object: size 56, type Spa:Pod:Object:Param:IO (262150), id Spa:Enum:ParamId:IO (7)
            Prop: key Spa:Pod:Object:Param:IO:id (1), flags 00000000
              Id 10       (Spa:Enum:IO:AsyncBuffers)
            Prop: key Spa:Pod:Object:Param:IO:size (2), flags 00000000
              Int 8
*	  id:15 (Spa:Enum:ParamId:Latency)
          Object: size 176, type Spa:Pod:Object:Param:Latency (262155), id Spa:Enum:ParamId:Latency (15)
            Prop: key Spa:Pod:Object:Param:Latency:direction (1), flags 00000000
              Id 0        (Spa:Enum:Direction:Input)
            Prop: key Spa:Pod:Object:Param:Latency:minQuantum (2), flags 00000000
              Float 0.000000
            Prop: key Spa:Pod:Object:Param:Latency:maxQuantum (3), flags 00000000
              Float 0.000000
            Prop: key Spa:Pod:Object:Param:Latency:minRate (4), flags 00000000
              Int 0
            Prop: key Spa:Pod:Object:Param:Latency:maxRate (5), flags 00000000
              Int 0
            Prop: key Spa:Pod:Object:Param:Latency:minNs (6), flags 00000000
              Long 0
            Prop: key Spa:Pod:Object:Param:Latency:maxNs (7), flags 00000000
              Long 0
*	  id:15 (Spa:Enum:ParamId:Latency)
          Object: size 176, type Spa:Pod:Object:Param:Latency (262155), id Spa:Enum:ParamId:Latency (15)
            Prop: key Spa:Pod:Object:Param:Latency:direction (1), flags 00000000
              Id 1        (Spa:Enum:Direction:Output)
            Prop: key Spa:Pod:Object:Param:Latency:minQuantum (2), flags 00000000
              Float 0.000000
            Prop: key Spa:Pod:Object:Param:Latency:maxQuantum (3), flags 00000000
              Float 0.000000
            Prop: key Spa:Pod:Object:Param:Latency:minRate (4), flags 00000000
              Int 0
            Prop: key Spa:Pod:Object:Param:Latency:maxRate (5), flags 00000000
              Int 0
            Prop: key Spa:Pod:Object:Param:Latency:minNs (6), flags 00000000
              Long 0
            Prop: key Spa:Pod:Object:Param:Latency:maxNs (7), flags 00000000
              Long 0
 	properties:
 		port.group = "stream.0"
 		port.id = "0"
 		port.physical = "true"
 		port.terminal = "true"
 		port.direction = "out"
 		object.path = "v4l2:/dev/video21:capture_0"
 		port.name = "capture_1"
 		port.alias = "bcm2835-isp:capture_1"
 		node.id = "39"
 		object.id = "38"
 		object.serial = "254"
added:
	id: 37
	permissions: rwxm-
	type: PipeWire:Interface:Node (version 3)
 	params:
*	  id:1 (Spa:Enum:ParamId:PropInfo)
          Object: size 96, type Spa:Pod:Object:Param:PropInfo (262145), id Spa:Enum:ParamId:PropInfo (1)
            Prop: key Spa:Pod:Object:Param:PropInfo:id (1), flags 00000000
              Id 257      (Spa:Pod:Object:Param:Props:device)
            Prop: key Spa:Pod:Object:Param:PropInfo:description (7), flags 00000000
              String "The V4L2 device"
            Prop: key Spa:Pod:Object:Param:PropInfo:type (3), flags 00000000
              String "/dev/video22"
*	  id:1 (Spa:Enum:ParamId:PropInfo)
          Object: size 96, type Spa:Pod:Object:Param:PropInfo (262145), id Spa:Enum:ParamId:PropInfo (1)
            Prop: key Spa:Pod:Object:Param:PropInfo:id (1), flags 00000000
              Id 258      (Spa:Pod:Object:Param:Props:deviceName)
            Prop: key Spa:Pod:Object:Param:PropInfo:description (7), flags 00000000
              String "The V4L2 device name"
            Prop: key Spa:Pod:Object:Param:PropInfo:type (3), flags 00000000
              String ""
*	  id:1 (Spa:Enum:ParamId:PropInfo)
          Object: size 88, type Spa:Pod:Object:Param:PropInfo (262145), id Spa:Enum:ParamId:PropInfo (1)
            Prop: key Spa:Pod:Object:Param:PropInfo:id (1), flags 00000000
              Id 259      (Spa:Pod:Object:Param:Props:deviceFd)
            Prop: key Spa:Pod:Object:Param:PropInfo:description (7), flags 00000000
              String "The V4L2 fd"
            Prop: key Spa:Pod:Object:Param:PropInfo:type (3), flags 00000000
              Int 0
*	  id:2 (Spa:Enum:ParamId:Props)
          Object: size 88, type Spa:Pod:Object:Param:Props (262146), id Spa:Enum:ParamId:Props (2)
            Prop: key Spa:Pod:Object:Param:Props:device (257), flags 00000000
              String "/dev/video22"
            Prop: key Spa:Pod:Object:Param:Props:deviceName (258), flags 00000000
              String ""
            Prop: key Spa:Pod:Object:Param:Props:deviceFd (259), flags 00000000
              Int 0
*	  id:3 (Spa:Enum:ParamId:EnumFormat)
           video/raw
                     format : (Id) YUY2
                       size : (Rectangle) [ 64x64, 16384x16384, 16384x16384 ]
                  framerate : (Fraction) [ 1/1, 120/1 ]
*	  id:3 (Spa:Enum:ParamId:EnumFormat)
           video/raw
                     format : (Id) YVYU
                       size : (Rectangle) [ 64x64, 16384x16384, 16384x16384 ]
                  framerate : (Fraction) [ 1/1, 120/1 ]
*	  id:3 (Spa:Enum:ParamId:EnumFormat)
           video/raw
                     format : (Id) UNKNOWN
                       size : (Rectangle) [ 64x64, 16384x16384, 16384x16384 ]
                  framerate : (Fraction) [ 1/1, 120/1 ]
*	  id:3 (Spa:Enum:ParamId:EnumFormat)
           video/raw
                     format : (Id) UYVY
                       size : (Rectangle) [ 64x64, 16384x16384, 16384x16384 ]
                  framerate : (Fraction) [ 1/1, 120/1 ]
*	  id:3 (Spa:Enum:ParamId:EnumFormat)
           video/raw
                     format : (Id) I420
                       size : (Rectangle) [ 64x64, 16384x16384, 16384x16384 ]
                  framerate : (Fraction) [ 1/1, 120/1 ]
*	  id:3 (Spa:Enum:ParamId:EnumFormat)
           video/raw
                     format : (Id) YV12
                       size : (Rectangle) [ 64x64, 16384x16384, 16384x16384 ]
                  framerate : (Fraction) [ 1/1, 120/1 ]
*	  id:3 (Spa:Enum:ParamId:EnumFormat)
           video/raw
                     format : (Id) NV12
                       size : (Rectangle) [ 64x64, 16384x16384, 16384x16384 ]
                  framerate : (Fraction) [ 1/1, 120/1 ]
*	  id:3 (Spa:Enum:ParamId:EnumFormat)
           video/raw
                     format : (Id) NV21
                       size : (Rectangle) [ 64x64, 16384x16384, 16384x16384 ]
                  framerate : (Fraction) [ 1/1, 120/1 ]
 	input ports: 0/0
 	output ports: 1/1
 	state: "suspended"
 	properties:
 		api.v4l2.cap.bus_info = "platform:bcm2835-isp"
 		api.v4l2.cap.capabilities = "84200001"
 		api.v4l2.cap.card = "bcm2835-isp"
 		api.v4l2.cap.device-caps = "04200001"
 		api.v4l2.cap.driver = "bcm2835-isp"
 		api.v4l2.cap.version = "6.18.34"
 		api.v4l2.path = "/dev/video22"
 		device.api = "v4l2"
 		device.devids = "[ 20745 ]"
 		device.id = "44"
 		factory.name = "api.v4l2.source"
 		media.class = "Video/Source"
 		node.description = "bcm2835-isp (V4L2)"
 		node.name = "v4l2_input.platform-3f00b840.mailbox"
 		node.nick = "bcm2835-isp"
 		node.pause-on-idle = "false"
 		object.path = "v4l2:/dev/video22"
 		priority.session = "780"
 		factory.id = "11"
 		client.id = "62"
 		clock.quantum-limit = "8192"
 		node.loop.name = "data-loop.0"
 		media.role = "Camera"
 		node.driver = "true"
 		object.id = "37"
 		object.serial = "255"
added:
	id: 36
	permissions: r-xm-
	type: PipeWire:Interface:Port (version 3)
	direction: "output"
 	params:
*	  id:3 (Spa:Enum:ParamId:EnumFormat)
           video/raw
                     format : (Id) YUY2
                       size : (Rectangle) [ 64x64, 16384x16384, 16384x16384 ]
                  framerate : (Fraction) [ 1/1, 120/1 ]
*	  id:3 (Spa:Enum:ParamId:EnumFormat)
           video/raw
                     format : (Id) YVYU
                       size : (Rectangle) [ 64x64, 16384x16384, 16384x16384 ]
                  framerate : (Fraction) [ 1/1, 120/1 ]
*	  id:3 (Spa:Enum:ParamId:EnumFormat)
           video/raw
                     format : (Id) UNKNOWN
                       size : (Rectangle) [ 64x64, 16384x16384, 16384x16384 ]
                  framerate : (Fraction) [ 1/1, 120/1 ]
*	  id:3 (Spa:Enum:ParamId:EnumFormat)
           video/raw
                     format : (Id) UYVY
                       size : (Rectangle) [ 64x64, 16384x16384, 16384x16384 ]
                  framerate : (Fraction) [ 1/1, 120/1 ]
*	  id:3 (Spa:Enum:ParamId:EnumFormat)
           video/raw
                     format : (Id) I420
                       size : (Rectangle) [ 64x64, 16384x16384, 16384x16384 ]
                  framerate : (Fraction) [ 1/1, 120/1 ]
*	  id:3 (Spa:Enum:ParamId:EnumFormat)
           video/raw
                     format : (Id) YV12
                       size : (Rectangle) [ 64x64, 16384x16384, 16384x16384 ]
                  framerate : (Fraction) [ 1/1, 120/1 ]
*	  id:3 (Spa:Enum:ParamId:EnumFormat)
           video/raw
                     format : (Id) NV12
                       size : (Rectangle) [ 64x64, 16384x16384, 16384x16384 ]
                  framerate : (Fraction) [ 1/1, 120/1 ]
*	  id:3 (Spa:Enum:ParamId:EnumFormat)
           video/raw
                     format : (Id) NV21
                       size : (Rectangle) [ 64x64, 16384x16384, 16384x16384 ]
                  framerate : (Fraction) [ 1/1, 120/1 ]
*	  id:6 (Spa:Enum:ParamId:Meta)
          Object: size 56, type Spa:Pod:Object:Param:Meta (262149), id Spa:Enum:ParamId:Meta (6)
            Prop: key Spa:Pod:Object:Param:Meta:type (1), flags 00000000
              Id 1        (Spa:Pointer:Meta:Header)
            Prop: key Spa:Pod:Object:Param:Meta:size (2), flags 00000000
              Int 32
*	  id:6 (Spa:Enum:ParamId:Meta)
          Object: size 56, type Spa:Pod:Object:Param:Meta (262149), id Spa:Enum:ParamId:Meta (6)
            Prop: key Spa:Pod:Object:Param:Meta:type (1), flags 00000000
              Id 8        (Spa:Pointer:Meta:VideoTransform)
            Prop: key Spa:Pod:Object:Param:Meta:size (2), flags 00000000
              Int 4
*	  id:7 (Spa:Enum:ParamId:IO)
          Object: size 56, type Spa:Pod:Object:Param:IO (262150), id Spa:Enum:ParamId:IO (7)
            Prop: key Spa:Pod:Object:Param:IO:id (1), flags 00000000
              Id 1        (Spa:Enum:IO:Buffers)
            Prop: key Spa:Pod:Object:Param:IO:size (2), flags 00000000
              Int 8
*	  id:7 (Spa:Enum:ParamId:IO)
          Object: size 56, type Spa:Pod:Object:Param:IO (262150), id Spa:Enum:ParamId:IO (7)
            Prop: key Spa:Pod:Object:Param:IO:id (1), flags 00000000
              Id 10       (Spa:Enum:IO:AsyncBuffers)
            Prop: key Spa:Pod:Object:Param:IO:size (2), flags 00000000
              Int 8
*	  id:15 (Spa:Enum:ParamId:Latency)
          Object: size 176, type Spa:Pod:Object:Param:Latency (262155), id Spa:Enum:ParamId:Latency (15)
            Prop: key Spa:Pod:Object:Param:Latency:direction (1), flags 00000000
              Id 0        (Spa:Enum:Direction:Input)
            Prop: key Spa:Pod:Object:Param:Latency:minQuantum (2), flags 00000000
              Float 0.000000
            Prop: key Spa:Pod:Object:Param:Latency:maxQuantum (3), flags 00000000
              Float 0.000000
            Prop: key Spa:Pod:Object:Param:Latency:minRate (4), flags 00000000
              Int 0
            Prop: key Spa:Pod:Object:Param:Latency:maxRate (5), flags 00000000
              Int 0
            Prop: key Spa:Pod:Object:Param:Latency:minNs (6), flags 00000000
              Long 0
            Prop: key Spa:Pod:Object:Param:Latency:maxNs (7), flags 00000000
              Long 0
*	  id:15 (Spa:Enum:ParamId:Latency)
          Object: size 176, type Spa:Pod:Object:Param:Latency (262155), id Spa:Enum:ParamId:Latency (15)
            Prop: key Spa:Pod:Object:Param:Latency:direction (1), flags 00000000
              Id 1        (Spa:Enum:Direction:Output)
            Prop: key Spa:Pod:Object:Param:Latency:minQuantum (2), flags 00000000
              Float 0.000000
            Prop: key Spa:Pod:Object:Param:Latency:maxQuantum (3), flags 00000000
              Float 0.000000
            Prop: key Spa:Pod:Object:Param:Latency:minRate (4), flags 00000000
              Int 0
            Prop: key Spa:Pod:Object:Param:Latency:maxRate (5), flags 00000000
              Int 0
            Prop: key Spa:Pod:Object:Param:Latency:minNs (6), flags 00000000
              Long 0
            Prop: key Spa:Pod:Object:Param:Latency:maxNs (7), flags 00000000
              Long 0
 	properties:
 		port.group = "stream.0"
 		port.id = "0"
 		port.physical = "true"
 		port.terminal = "true"
 		port.direction = "out"
 		object.path = "v4l2:/dev/video22:capture_0"
 		port.name = "capture_1"
 		port.alias = "bcm2835-isp:capture_1"
 		node.id = "37"
 		object.id = "36"
 		object.serial = "256"
added:
	id: 81
	permissions: rwxm-
	type: PipeWire:Interface:Device (version 3)
 	params:
*	  id:8 (Spa:Enum:ParamId:EnumProfile)
          Object: size 128, type Spa:Pod:Object:Param:Profile (262151), id Spa:Enum:ParamId:EnumProfile (8)
            Prop: key Spa:Pod:Object:Param:Profile:index (1), flags 00000000
              Int 0
            Prop: key Spa:Pod:Object:Param:Profile:name (2), flags 00000000
              String "off"
            Prop: key Spa:Pod:Object:Param:Profile:description (3), flags 00000000
              String "Off"
            Prop: key Spa:Pod:Object:Param:Profile:available (5), flags 00000000
              Id 2        (Spa:Enum:ParamAvailability:yes)
            Prop: key Spa:Pod:Object:Param:Profile:priority (4), flags 00000000
              Int 0
*	  id:8 (Spa:Enum:ParamId:EnumProfile)
          Object: size 176, type Spa:Pod:Object:Param:Profile (262151), id Spa:Enum:ParamId:EnumProfile (8)
            Prop: key Spa:Pod:Object:Param:Profile:index (1), flags 00000000
              Int 65536
            Prop: key Spa:Pod:Object:Param:Profile:name (2), flags 00000000
              String "audio-gateway"
            Prop: key Spa:Pod:Object:Param:Profile:description (3), flags 00000000
              String "Audio Gateway (A2DP Source & HSP/HFP AG)"
            Prop: key Spa:Pod:Object:Param:Profile:available (5), flags 00000000
              Id 2        (Spa:Enum:ParamAvailability:yes)
            Prop: key Spa:Pod:Object:Param:Profile:priority (4), flags 00000000
              Int 256
*	  id:9 (Spa:Enum:ParamId:Profile)
          Object: size 200, type Spa:Pod:Object:Param:Profile (262151), id Spa:Enum:ParamId:Profile (9)
            Prop: key Spa:Pod:Object:Param:Profile:index (1), flags 00000000
              Int 65536
            Prop: key Spa:Pod:Object:Param:Profile:name (2), flags 00000000
              String "audio-gateway"
            Prop: key Spa:Pod:Object:Param:Profile:description (3), flags 00000000
              String "Audio Gateway (A2DP Source & HSP/HFP AG)"
            Prop: key Spa:Pod:Object:Param:Profile:available (5), flags 00000000
              Id 2        (Spa:Enum:ParamAvailability:yes)
            Prop: key Spa:Pod:Object:Param:Profile:priority (4), flags 00000000
              Int 256
            Prop: key Spa:Pod:Object:Param:Profile:save (8), flags 00000000
              Bool false
*	  id:1 (Spa:Enum:ParamId:PropInfo)
          Object: size 112, type Spa:Pod:Object:Param:PropInfo (262145), id Spa:Enum:ParamId:PropInfo (1)
            Prop: key Spa:Pod:Object:Param:PropInfo:id (1), flags 00000000
              Id 270      (Spa:Pod:Object:Param:Props:bluetoothAudioCodec)
            Prop: key Spa:Pod:Object:Param:PropInfo:description (7), flags 00000000
              String "Air codec"
            Prop: key Spa:Pod:Object:Param:PropInfo:type (3), flags 00000000
              Choice: type Spa:Enum:Choice:None, flags 00000000 16 0
            Prop: key Spa:Pod:Object:Param:PropInfo:labels (4), flags 00000000
              Struct: size 0
*	  id:1 (Spa:Enum:ParamId:PropInfo)
          Object: size 128, type Spa:Pod:Object:Param:PropInfo (262145), id Spa:Enum:ParamId:PropInfo (1)
            Prop: key Spa:Pod:Object:Param:PropInfo:id (1), flags 00000000
              Id 271      (Spa:Pod:Object:Param:Props:bluetoothOffloadActive)
            Prop: key Spa:Pod:Object:Param:PropInfo:description (7), flags 00000000
              String "Bluetooth audio offload active"
            Prop: key Spa:Pod:Object:Param:PropInfo:type (3), flags 00000000
              Choice: type Spa:Enum:Choice:Enum, flags 00000000 28 4
                Bool false
                Bool false
                Bool true
*	  id:2 (Spa:Enum:ParamId:Props)
          Object: size 56, type Spa:Pod:Object:Param:Props (262146), id Spa:Enum:ParamId:Props (2)
            Prop: key Spa:Pod:Object:Param:Props:bluetoothAudioCodec (270), flags 00000000
              Id 257      (Spa:Enum:BluetoothAudioCodec:msbc)
            Prop: key Spa:Pod:Object:Param:Props:bluetoothOffloadActive (271), flags 00000000
              Bool false
 	properties:
 		api.bluez5.address = "5C:33:7B:CB:BF:C5"
 		api.bluez5.class = "0x5a420c"
 		api.bluez5.connection = "connected"
 		api.bluez5.device = ""
 		api.bluez5.icon = "phone"
 		api.bluez5.path = "/org/bluez/hci0/dev_5C_33_7B_CB_BF_C5"
 		bluez5.profile = "off"
 		device.alias = "Pixel 7a"
 		device.api = "bluez5"
 		device.bus = "bluetooth"
 		device.description = "Pixel 7a"
 		device.form-factor = "phone"
 		device.icon-name = "audio-card-bluetooth"
 		device.name = "bluez_card.5C_33_7B_CB_BF_C5"
 		device.product.id = "0x1200"
 		device.string = "5C:33:7B:CB:BF:C5"
 		device.vendor.id = "bluetooth:00e0"
 		media.class = "Audio/Device"
 		node.pause-on-idle = "false"
 		session.suspend-timeout-seconds = "0"
 		spa.object.id = "16"
 		factory.id = "15"
 		client.id = "62"
 		object.id = "81"
 		object.serial = "10909"
added:
	id: 82
	permissions: rwxm-
	type: PipeWire:Interface:Node (version 3)
 	params:
*	  id:3 (Spa:Enum:ParamId:EnumFormat)
           audio/raw
                     format : (Id) S16LE
                       rate : (Int) 16000
                   channels : (Int) 1
                   position : (Array) < MONO >
*	  id:1 (Spa:Enum:ParamId:PropInfo)
          Object: size 104, type Spa:Pod:Object:Param:PropInfo (262145), id Spa:Enum:ParamId:PropInfo (1)
            Prop: key Spa:Pod:Object:Param:PropInfo:id (1), flags 00000000
              Id 65539    (Spa:Pod:Object:Param:Props:volume)
            Prop: key Spa:Pod:Object:Param:PropInfo:description (7), flags 00000000
              String "Volume"
            Prop: key Spa:Pod:Object:Param:PropInfo:type (3), flags 00000000
              Choice: type Spa:Enum:Choice:Range, flags 00000000 28 4
                Float 1.000000
                Float 0.000000
                Float 10.000000
*	  id:1 (Spa:Enum:ParamId:PropInfo)
          Object: size 104, type Spa:Pod:Object:Param:PropInfo (262145), id Spa:Enum:ParamId:PropInfo (1)
            Prop: key Spa:Pod:Object:Param:PropInfo:id (1), flags 00000000
              Id 65540    (Spa:Pod:Object:Param:Props:mute)
            Prop: key Spa:Pod:Object:Param:PropInfo:description (7), flags 00000000
              String "Mute"
            Prop: key Spa:Pod:Object:Param:PropInfo:type (3), flags 00000000
              Choice: type Spa:Enum:Choice:Enum, flags 00000000 28 4
                Bool false
                Bool false
                Bool true
*	  id:1 (Spa:Enum:ParamId:PropInfo)
          Object: size 136, type Spa:Pod:Object:Param:PropInfo (262145), id Spa:Enum:ParamId:PropInfo (1)
            Prop: key Spa:Pod:Object:Param:PropInfo:id (1), flags 00000000
              Id 65544    (Spa:Pod:Object:Param:Props:channelVolumes)
            Prop: key Spa:Pod:Object:Param:PropInfo:description (7), flags 00000000
              String "Channel Volumes"
            Prop: key Spa:Pod:Object:Param:PropInfo:type (3), flags 00000000
              Choice: type Spa:Enum:Choice:Range, flags 00000000 28 4
                Float 1.000000
                Float 0.000000
                Float 10.000000
            Prop: key Spa:Pod:Object:Param:PropInfo:container (5), flags 00000000
              Id 13       (Spa:Array)
*	  id:1 (Spa:Enum:ParamId:PropInfo)
          Object: size 112, type Spa:Pod:Object:Param:PropInfo (262145), id Spa:Enum:ParamId:PropInfo (1)
            Prop: key Spa:Pod:Object:Param:PropInfo:id (1), flags 00000000
              Id 65547    (Spa:Pod:Object:Param:Props:channelMap)
            Prop: key Spa:Pod:Object:Param:PropInfo:description (7), flags 00000000
              String "Channel Map"
            Prop: key Spa:Pod:Object:Param:PropInfo:type (3), flags 00000000
              Id 0        (Spa:)
            Prop: key Spa:Pod:Object:Param:PropInfo:container (5), flags 00000000
              Id 13       (Spa:Array)
*	  id:1 (Spa:Enum:ParamId:PropInfo)
          Object: size 112, type Spa:Pod:Object:Param:PropInfo (262145), id Spa:Enum:ParamId:PropInfo (1)
            Prop: key Spa:Pod:Object:Param:PropInfo:id (1), flags 00000000
              Id 65548    (Spa:Pod:Object:Param:Props:monitorMute)
            Prop: key Spa:Pod:Object:Param:PropInfo:description (7), flags 00000000
              String "Monitor Mute"
            Prop: key Spa:Pod:Object:Param:PropInfo:type (3), flags 00000000
              Choice: type Spa:Enum:Choice:Enum, flags 00000000 28 4
                Bool false
                Bool false
                Bool true
*	  id:1 (Spa:Enum:ParamId:PropInfo)
          Object: size 136, type Spa:Pod:Object:Param:PropInfo (262145), id Spa:Enum:ParamId:PropInfo (1)
            Prop: key Spa:Pod:Object:Param:PropInfo:id (1), flags 00000000
              Id 65549    (Spa:Pod:Object:Param:Props:monitorVolumes)
            Prop: key Spa:Pod:Object:Param:PropInfo:description (7), flags 00000000
              String "Monitor Volumes"
            Prop: key Spa:Pod:Object:Param:PropInfo:type (3), flags 00000000
              Choice: type Spa:Enum:Choice:Range, flags 00000000 28 4
                Float 1.000000
                Float 0.000000
                Float 10.000000
            Prop: key Spa:Pod:Object:Param:PropInfo:container (5), flags 00000000
              Id 13       (Spa:Array)
*	  id:1 (Spa:Enum:ParamId:PropInfo)
          Object: size 112, type Spa:Pod:Object:Param:PropInfo (262145), id Spa:Enum:ParamId:PropInfo (1)
            Prop: key Spa:Pod:Object:Param:PropInfo:id (1), flags 00000000
              Id 65551    (Spa:Pod:Object:Param:Props:softMute)
            Prop: key Spa:Pod:Object:Param:PropInfo:description (7), flags 00000000
              String "Soft Mute"
            Prop: key Spa:Pod:Object:Param:PropInfo:type (3), flags 00000000
              Choice: type Spa:Enum:Choice:Enum, flags 00000000 28 4
                Bool false
                Bool false
                Bool true
*	  id:1 (Spa:Enum:ParamId:PropInfo)
          Object: size 136, type Spa:Pod:Object:Param:PropInfo (262145), id Spa:Enum:ParamId:PropInfo (1)
            Prop: key Spa:Pod:Object:Param:PropInfo:id (1), flags 00000000
              Id 65552    (Spa:Pod:Object:Param:Props:softVolumes)
            Prop: key Spa:Pod:Object:Param:PropInfo:description (7), flags 00000000
              String "Soft Volumes"
            Prop: key Spa:Pod:Object:Param:PropInfo:type (3), flags 00000000
              Choice: type Spa:Enum:Choice:Range, flags 00000000 28 4
                Float 1.000000
                Float 0.000000
                Float 10.000000
            Prop: key Spa:Pod:Object:Param:PropInfo:container (5), flags 00000000
              Id 13       (Spa:Array)
*	  id:1 (Spa:Enum:ParamId:PropInfo)
          Object: size 160, type Spa:Pod:Object:Param:PropInfo (262145), id Spa:Enum:ParamId:PropInfo (1)
            Prop: key Spa:Pod:Object:Param:PropInfo:name (2), flags 00000000
              String "monitor.channel-volumes"
            Prop: key Spa:Pod:Object:Param:PropInfo:description (7), flags 00000000
              String "Monitor channel volume"
            Prop: key Spa:Pod:Object:Param:PropInfo:type (3), flags 00000000
              Choice: type Spa:Enum:Choice:Enum, flags 00000000 28 4
                Bool false
                Bool false
                Bool true
            Prop: key Spa:Pod:Object:Param:PropInfo:params (6), flags 00000000
              Bool true
*	  id:1 (Spa:Enum:ParamId:PropInfo)
          Object: size 160, type Spa:Pod:Object:Param:PropInfo (262145), id Spa:Enum:ParamId:PropInfo (1)
            Prop: key Spa:Pod:Object:Param:PropInfo:name (2), flags 00000000
              String "channelmix.disable"
            Prop: key Spa:Pod:Object:Param:PropInfo:description (7), flags 00000000
              String "Disable Channel mixing"
            Prop: key Spa:Pod:Object:Param:PropInfo:type (3), flags 00000000
              Choice: type Spa:Enum:Choice:Enum, flags 00000000 28 4
                Bool false
                Bool false
                Bool true
            Prop: key Spa:Pod:Object:Param:PropInfo:params (6), flags 00000000
              Bool true
*	  id:1 (Spa:Enum:ParamId:PropInfo)
          Object: size 160, type Spa:Pod:Object:Param:PropInfo (262145), id Spa:Enum:ParamId:PropInfo (1)
            Prop: key Spa:Pod:Object:Param:PropInfo:name (2), flags 00000000
              String "channelmix.min-volume"
            Prop: key Spa:Pod:Object:Param:PropInfo:description (7), flags 00000000
              String "Minimum volume level"
            Prop: key Spa:Pod:Object:Param:PropInfo:type (3), flags 00000000
              Choice: type Spa:Enum:Choice:Range, flags 00000000 28 4
                Float 0.000000
                Float 0.000000
                Float 10.000000
            Prop: key Spa:Pod:Object:Param:PropInfo:params (6), flags 00000000
              Bool true
*	  id:1 (Spa:Enum:ParamId:PropInfo)
          Object: size 160, type Spa:Pod:Object:Param:PropInfo (262145), id Spa:Enum:ParamId:PropInfo (1)
            Prop: key Spa:Pod:Object:Param:PropInfo:name (2), flags 00000000
              String "channelmix.max-volume"
            Prop: key Spa:Pod:Object:Param:PropInfo:description (7), flags 00000000
              String "Maximum volume level"
            Prop: key Spa:Pod:Object:Param:PropInfo:type (3), flags 00000000
              Choice: type Spa:Enum:Choice:Range, flags 00000000 28 4
                Float 10.000000
                Float 0.000000
                Float 10.000000
            Prop: key Spa:Pod:Object:Param:PropInfo:params (6), flags 00000000
              Bool true
*	  id:1 (Spa:Enum:ParamId:PropInfo)
          Object: size 160, type Spa:Pod:Object:Param:PropInfo (262145), id Spa:Enum:ParamId:PropInfo (1)
            Prop: key Spa:Pod:Object:Param:PropInfo:name (2), flags 00000000
              String "channelmix.normalize"
            Prop: key Spa:Pod:Object:Param:PropInfo:description (7), flags 00000000
              String "Normalize Volumes"
            Prop: key Spa:Pod:Object:Param:PropInfo:type (3), flags 00000000
              Choice: type Spa:Enum:Choice:Enum, flags 00000000 28 4
                Bool false
                Bool false
                Bool true
            Prop: key Spa:Pod:Object:Param:PropInfo:params (6), flags 00000000
              Bool true
*	  id:1 (Spa:Enum:ParamId:PropInfo)
          Object: size 160, type Spa:Pod:Object:Param:PropInfo (262145), id Spa:Enum:ParamId:PropInfo (1)
            Prop: key Spa:Pod:Object:Param:PropInfo:name (2), flags 00000000
              String "channelmix.mix-lfe"
            Prop: key Spa:Pod:Object:Param:PropInfo:description (7), flags 00000000
              String "Mix LFE into channels"
            Prop: key Spa:Pod:Object:Param:PropInfo:type (3), flags 00000000
              Choice: type Spa:Enum:Choice:Enum, flags 00000000 28 4
                Bool true
                Bool true
                Bool false
            Prop: key Spa:Pod:Object:Param:PropInfo:params (6), flags 00000000
              Bool true
*	  id:1 (Spa:Enum:ParamId:PropInfo)
          Object: size 152, type Spa:Pod:Object:Param:PropInfo (262145), id Spa:Enum:ParamId:PropInfo (1)
            Prop: key Spa:Pod:Object:Param:PropInfo:name (2), flags 00000000
              String "channelmix.upmix"
            Prop: key Spa:Pod:Object:Param:PropInfo:description (7), flags 00000000
              String "Enable upmixing"
            Prop: key Spa:Pod:Object:Param:PropInfo:type (3), flags 00000000
              Choice: type Spa:Enum:Choice:Enum, flags 00000000 28 4
                Bool true
                Bool true
                Bool false
            Prop: key Spa:Pod:Object:Param:PropInfo:params (6), flags 00000000
              Bool true
*	  id:1 (Spa:Enum:ParamId:PropInfo)
          Object: size 160, type Spa:Pod:Object:Param:PropInfo (262145), id Spa:Enum:ParamId:PropInfo (1)
            Prop: key Spa:Pod:Object:Param:PropInfo:name (2), flags 00000000
              String "channelmix.lfe-cutoff"
            Prop: key Spa:Pod:Object:Param:PropInfo:description (7), flags 00000000
              String "LFE cutoff frequency"
            Prop: key Spa:Pod:Object:Param:PropInfo:type (3), flags 00000000
              Choice: type Spa:Enum:Choice:Range, flags 00000000 28 4
                Float 0.000000
                Float 0.000000
                Float 1000.000000
            Prop: key Spa:Pod:Object:Param:PropInfo:params (6), flags 00000000
              Bool true
*	  id:1 (Spa:Enum:ParamId:PropInfo)
          Object: size 168, type Spa:Pod:Object:Param:PropInfo (262145), id Spa:Enum:ParamId:PropInfo (1)
            Prop: key Spa:Pod:Object:Param:PropInfo:name (2), flags 00000000
              String "channelmix.fc-cutoff"
            Prop: key Spa:Pod:Object:Param:PropInfo:description (7), flags 00000000
              String "FC cutoff frequency (Hz)"
            Prop: key Spa:Pod:Object:Param:PropInfo:type (3), flags 00000000
              Choice: type Spa:Enum:Choice:Range, flags 00000000 28 4
                Float 0.000000
                Float 0.000000
                Float 48000.000000
            Prop: key Spa:Pod:Object:Param:PropInfo:params (6), flags 00000000
              Bool true
*	  id:1 (Spa:Enum:ParamId:PropInfo)
          Object: size 168, type Spa:Pod:Object:Param:PropInfo (262145), id Spa:Enum:ParamId:PropInfo (1)
            Prop: key Spa:Pod:Object:Param:PropInfo:name (2), flags 00000000
              String "channelmix.rear-delay"
            Prop: key Spa:Pod:Object:Param:PropInfo:description (7), flags 00000000
              String "Rear channels delay (ms)"
            Prop: key Spa:Pod:Object:Param:PropInfo:type (3), flags 00000000
              Choice: type Spa:Enum:Choice:Range, flags 00000000 28 4
                Float 0.000000
                Float 0.000000
                Float 1000.000000
            Prop: key Spa:Pod:Object:Param:PropInfo:params (6), flags 00000000
              Bool true
*	  id:1 (Spa:Enum:ParamId:PropInfo)
          Object: size 152, type Spa:Pod:Object:Param:PropInfo (262145), id Spa:Enum:ParamId:PropInfo (1)
            Prop: key Spa:Pod:Object:Param:PropInfo:name (2), flags 00000000
              String "channelmix.stereo-widen"
            Prop: key Spa:Pod:Object:Param:PropInfo:description (7), flags 00000000
              String "Stereo widen"
            Prop: key Spa:Pod:Object:Param:PropInfo:type (3), flags 00000000
              Choice: type Spa:Enum:Choice:Range, flags 00000000 28 4
                Float 0.000000
                Float 0.000000
                Float 1.000000
            Prop: key Spa:Pod:Object:Param:PropInfo:params (6), flags 00000000
              Bool true
*	  id:1 (Spa:Enum:ParamId:PropInfo)
          Object: size 168, type Spa:Pod:Object:Param:PropInfo (262145), id Spa:Enum:ParamId:PropInfo (1)
            Prop: key Spa:Pod:Object:Param:PropInfo:name (2), flags 00000000
              String "channelmix.hilbert-taps"
            Prop: key Spa:Pod:Object:Param:PropInfo:description (7), flags 00000000
              String "Taps for phase shift of rear"
            Prop: key Spa:Pod:Object:Param:PropInfo:type (3), flags 00000000
              Choice: type Spa:Enum:Choice:Range, flags 00000000 28 4
                Int 0
                Int 0
                Int 255
            Prop: key Spa:Pod:Object:Param:PropInfo:params (6), flags 00000000
              Bool true
*	  id:1 (Spa:Enum:ParamId:PropInfo)
          Object: size 288, type Spa:Pod:Object:Param:PropInfo (262145), id Spa:Enum:ParamId:PropInfo (1)
            Prop: key Spa:Pod:Object:Param:PropInfo:name (2), flags 00000000
              String "channelmix.upmix-method"
            Prop: key Spa:Pod:Object:Param:PropInfo:description (7), flags 00000000
              String "Upmix method to use"
            Prop: key Spa:Pod:Object:Param:PropInfo:type (3), flags 00000000
              String "none"
            Prop: key Spa:Pod:Object:Param:PropInfo:params (6), flags 00000000
              Bool true
            Prop: key Spa:Pod:Object:Param:PropInfo:labels (4), flags 00000000
              Struct: size 136
                String "none"
                String "Disabled"
                String "simple"
                String "Simple upmixing"
                String "psd"
                String "Passive Surround Decoding"
*	  id:1 (Spa:Enum:ParamId:PropInfo)
          Object: size 120, type Spa:Pod:Object:Param:PropInfo (262145), id Spa:Enum:ParamId:PropInfo (1)
            Prop: key Spa:Pod:Object:Param:PropInfo:id (1), flags 00000000
              Id 268      (Spa:Pod:Object:Param:Props:rate)
            Prop: key Spa:Pod:Object:Param:PropInfo:description (7), flags 00000000
              String "Rate scaler"
            Prop: key Spa:Pod:Object:Param:PropInfo:type (3), flags 00000000
              Choice: type Spa:Enum:Choice:Range, flags 00000000 40 8
                Double 1.000000
                Double 0.000000
                Double 10.000000
*	  id:1 (Spa:Enum:ParamId:PropInfo)
          Object: size 184, type Spa:Pod:Object:Param:PropInfo (262145), id Spa:Enum:ParamId:PropInfo (1)
            Prop: key Spa:Pod:Object:Param:PropInfo:id (1), flags 00000000
              Id 269      (Spa:Pod:Object:Param:Props:quality)
            Prop: key Spa:Pod:Object:Param:PropInfo:name (2), flags 00000000
              String "resample.quality"
            Prop: key Spa:Pod:Object:Param:PropInfo:description (7), flags 00000000
              String "Resample Quality"
            Prop: key Spa:Pod:Object:Param:PropInfo:type (3), flags 00000000
              Choice: type Spa:Enum:Choice:Range, flags 00000000 28 4
                Int 4
                Int 0
                Int 14
            Prop: key Spa:Pod:Object:Param:PropInfo:params (6), flags 00000000
              Bool true
*	  id:1 (Spa:Enum:ParamId:PropInfo)
          Object: size 160, type Spa:Pod:Object:Param:PropInfo (262145), id Spa:Enum:ParamId:PropInfo (1)
            Prop: key Spa:Pod:Object:Param:PropInfo:name (2), flags 00000000
              String "resample.disable"
            Prop: key Spa:Pod:Object:Param:PropInfo:description (7), flags 00000000
              String "Disable Resampling"
            Prop: key Spa:Pod:Object:Param:PropInfo:type (3), flags 00000000
              Choice: type Spa:Enum:Choice:Enum, flags 00000000 28 4
                Bool false
                Bool false
                Bool true
            Prop: key Spa:Pod:Object:Param:PropInfo:params (6), flags 00000000
              Bool true
*	  id:1 (Spa:Enum:ParamId:PropInfo)
          Object: size 144, type Spa:Pod:Object:Param:PropInfo (262145), id Spa:Enum:ParamId:PropInfo (1)
            Prop: key Spa:Pod:Object:Param:PropInfo:name (2), flags 00000000
              String "dither.noise"
            Prop: key Spa:Pod:Object:Param:PropInfo:description (7), flags 00000000
              String "Add noise bits"
            Prop: key Spa:Pod:Object:Param:PropInfo:type (3), flags 00000000
              Choice: type Spa:Enum:Choice:Range, flags 00000000 28 4
                Int 0
                Int 0
                Int 16
            Prop: key Spa:Pod:Object:Param:PropInfo:params (6), flags 00000000
              Bool true
*	  id:1 (Spa:Enum:ParamId:PropInfo)
          Object: size 464, type Spa:Pod:Object:Param:PropInfo (262145), id Spa:Enum:ParamId:PropInfo (1)
            Prop: key Spa:Pod:Object:Param:PropInfo:name (2), flags 00000000
              String "dither.method"
            Prop: key Spa:Pod:Object:Param:PropInfo:description (7), flags 00000000
              String "The dithering method"
            Prop: key Spa:Pod:Object:Param:PropInfo:type (3), flags 00000000
              String "none"
            Prop: key Spa:Pod:Object:Param:PropInfo:params (6), flags 00000000
              Bool true
            Prop: key Spa:Pod:Object:Param:PropInfo:labels (4), flags 00000000
              Struct: size 320
                String "none"
                String "Disabled"
                String "rectangular"
                String "Rectangular dithering"
                String "triangular"
                String "Triangular dithering"
                String "triangular-hf"
                String "Sloped Triangular dithering"
                String "wannamaker3"
                String "Wannamaker 3 dithering"
                String "shaped5"
                String "Lipshitz 5 dithering"
*	  id:1 (Spa:Enum:ParamId:PropInfo)
          Object: size 128, type Spa:Pod:Object:Param:PropInfo (262145), id Spa:Enum:ParamId:PropInfo (1)
            Prop: key Spa:Pod:Object:Param:PropInfo:name (2), flags 00000000
              String "debug.wav-path"
            Prop: key Spa:Pod:Object:Param:PropInfo:description (7), flags 00000000
              String "Path to WAV file"
            Prop: key Spa:Pod:Object:Param:PropInfo:type (3), flags 00000000
              String ""
            Prop: key Spa:Pod:Object:Param:PropInfo:params (6), flags 00000000
              Bool true
*	  id:1 (Spa:Enum:ParamId:PropInfo)
          Object: size 160, type Spa:Pod:Object:Param:PropInfo (262145), id Spa:Enum:ParamId:PropInfo (1)
            Prop: key Spa:Pod:Object:Param:PropInfo:name (2), flags 00000000
              String "channelmix.lock-volumes"
            Prop: key Spa:Pod:Object:Param:PropInfo:description (7), flags 00000000
              String "Disable volume updates"
            Prop: key Spa:Pod:Object:Param:PropInfo:type (3), flags 00000000
              Choice: type Spa:Enum:Choice:Enum, flags 00000000 28 4
                Bool false
                Bool false
                Bool true
            Prop: key Spa:Pod:Object:Param:PropInfo:params (6), flags 00000000
              Bool true
*	  id:1 (Spa:Enum:ParamId:PropInfo)
          Object: size 184, type Spa:Pod:Object:Param:PropInfo (262145), id Spa:Enum:ParamId:PropInfo (1)
            Prop: key Spa:Pod:Object:Param:PropInfo:name (2), flags 00000000
              String "audioconvert.filter-graph.disable"
            Prop: key Spa:Pod:Object:Param:PropInfo:description (7), flags 00000000
              String "Disable Filter graph updates"
            Prop: key Spa:Pod:Object:Param:PropInfo:type (3), flags 00000000
              Choice: type Spa:Enum:Choice:Enum, flags 00000000 28 4
                Bool false
                Bool false
                Bool true
            Prop: key Spa:Pod:Object:Param:PropInfo:params (6), flags 00000000
              Bool true
*	  id:1 (Spa:Enum:ParamId:PropInfo)
          Object: size 144, type Spa:Pod:Object:Param:PropInfo (262145), id Spa:Enum:ParamId:PropInfo (1)
            Prop: key Spa:Pod:Object:Param:PropInfo:name (2), flags 00000000
              String "audioconvert.filter-graph"
            Prop: key Spa:Pod:Object:Param:PropInfo:description (7), flags 00000000
              String "A filter graph to load"
            Prop: key Spa:Pod:Object:Param:PropInfo:type (3), flags 00000000
              String ""
            Prop: key Spa:Pod:Object:Param:PropInfo:params (6), flags 00000000
              Bool true
*	  id:2 (Spa:Enum:ParamId:Props)
          Object: size 1256, type Spa:Pod:Object:Param:Props (262146), id Spa:Enum:ParamId:Props (2)
            Prop: key Spa:Pod:Object:Param:Props:volume (65539), flags 00000000
              Float 0.394370
            Prop: key Spa:Pod:Object:Param:Props:mute (65540), flags 00000000
              Bool false
            Prop: key Spa:Pod:Object:Param:Props:channelVolumes (65544), flags 00000000
              Array: child.size 4, child.type Spa:Float
                Float 1.000000
            Prop: key Spa:Pod:Object:Param:Props:channelMap (65547), flags 00000000
              Array: child.size 4, child.type Spa:Id
                Id 2        (Spa:Enum:AudioChannel:MONO)
            Prop: key Spa:Pod:Object:Param:Props:softMute (65551), flags 00000000
              Bool false
            Prop: key Spa:Pod:Object:Param:Props:softVolumes (65552), flags 00000000
              Array: child.size 4, child.type Spa:Float
                Float 1.000000
            Prop: key Spa:Pod:Object:Param:Props:monitorMute (65548), flags 00000000
              Bool false
            Prop: key Spa:Pod:Object:Param:Props:monitorVolumes (65549), flags 00000000
              Array: child.size 4, child.type Spa:Float
                Float 1.000000
            Prop: key Spa:Pod:Object:Param:Props:params (524289), flags 00000000
              Struct: size 1008
                String "monitor.channel-volumes"
                Bool false
                String "channelmix.disable"
                Bool false
                String "channelmix.min-volume"
                Float 0.000000
                String "channelmix.max-volume"
                Float 10.000000
                String "channelmix.normalize"
                Bool false
                String "channelmix.mix-lfe"
                Bool true
                String "channelmix.upmix"
                Bool true
                String "channelmix.lfe-cutoff"
                Float 0.000000
                String "channelmix.fc-cutoff"
                Float 0.000000
                String "channelmix.rear-delay"
                Float 0.000000
                String "channelmix.stereo-widen"
                Float 0.000000
                String "channelmix.hilbert-taps"
                Int 0
                String "channelmix.upmix-method"
                String "none"
                String "resample.quality"
                Int 4
                String "resample.disable"
                Bool false
                String "dither.noise"
                Int 0
                String "dither.method"
                String "none"
                String "debug.wav-path"
                String ""
                String "channelmix.lock-volumes"
                Bool false
                String "audioconvert.filter-graph.disable"
                Bool false
                String "audioconvert.filter-graph"
                String ""
*	  id:4 (Spa:Enum:ParamId:Format)
           audio/raw
                     format : (Id) S16LE
                       rate : (Int) 16000
                   channels : (Int) 1
                   position : (Array) < MONO >
*	  id:10 (Spa:Enum:ParamId:EnumPortConfig)
          Object: size 192, type Spa:Pod:Object:Param:PortConfig (262152), id Spa:Enum:ParamId:EnumPortConfig (10)
            Prop: key Spa:Pod:Object:Param:PortConfig:direction (1), flags 00000000
              Choice: type Spa:Enum:Choice:None, flags 00000000 20 4
                Id 1        (Spa:Enum:Direction:Output)
            Prop: key Spa:Pod:Object:Param:PortConfig:mode (2), flags 00000000
              Choice: type Spa:Enum:Choice:Enum, flags 00000000 32 4
                Id 0        (Spa:Enum:ParamPortConfigMode:none)
                Id 0        (Spa:Enum:ParamPortConfigMode:none)
                Id 3        (Spa:Enum:ParamPortConfigMode:dsp)
                Id 2        (Spa:Enum:ParamPortConfigMode:convert)
            Prop: key Spa:Pod:Object:Param:PortConfig:monitor (3), flags 00000000
              Choice: type Spa:Enum:Choice:Enum, flags 00000000 28 4
                Bool false
                Bool false
                Bool true
            Prop: key Spa:Pod:Object:Param:PortConfig:control (4), flags 00000000
              Choice: type Spa:Enum:Choice:Enum, flags 00000000 28 4
                Bool false
                Bool false
                Bool true
*	  id:11 (Spa:Enum:ParamId:PortConfig)
          Object: size 272, type Spa:Pod:Object:Param:PortConfig (262152), id Spa:Enum:ParamId:PortConfig (11)
            Prop: key Spa:Pod:Object:Param:PortConfig:direction (1), flags 00000000
              Choice: type Spa:Enum:Choice:None, flags 00000000 20 4
                Id 1        (Spa:Enum:Direction:Output)
            Prop: key Spa:Pod:Object:Param:PortConfig:mode (2), flags 00000000
              Id 3        (Spa:Enum:ParamPortConfigMode:dsp)
            Prop: key Spa:Pod:Object:Param:PortConfig:monitor (3), flags 00000000
              Bool true
            Prop: key Spa:Pod:Object:Param:PortConfig:control (4), flags 00000000
              Bool false
            Prop: key Spa:Pod:Object:Param:PortConfig:format (5), flags 00000000
              Object: size 136, type Spa:Pod:Object:Param:Format (262147), id Spa:Enum:ParamId:Buffers (5)
                Prop: key Spa:Pod:Object:Param:Format:mediaType (1), flags 00000000
                  Id 1        (Spa:Enum:MediaType:audio)
                Prop: key Spa:Pod:Object:Param:Format:mediaSubtype (2), flags 00000000
                  Id 1        (Spa:Enum:MediaSubtype:raw)
                Prop: key Spa:Pod:Object:Param:Format:Audio:format (65537), flags 00000000
                  Id 518      (Spa:Enum:AudioFormat:F32P)
                Prop: key Spa:Pod:Object:Param:Format:Audio:channels (65540), flags 00000000
                  Int 2
                Prop: key Spa:Pod:Object:Param:Format:Audio:position (65541), flags 00000000
                  Array: child.size 4, child.type Spa:Id
                    Id 3        (Spa:Enum:AudioChannel:FL)
                    Id 4        (Spa:Enum:AudioChannel:FR)
*	  id:15 (Spa:Enum:ParamId:Latency)
          Object: size 176, type Spa:Pod:Object:Param:Latency (262155), id Spa:Enum:ParamId:Latency (15)
            Prop: key Spa:Pod:Object:Param:Latency:direction (1), flags 00000000
              Id 1        (Spa:Enum:Direction:Output)
            Prop: key Spa:Pod:Object:Param:Latency:minQuantum (2), flags 00000000
              Float 1.000000
            Prop: key Spa:Pod:Object:Param:Latency:maxQuantum (3), flags 00000000
              Float 1.000000
            Prop: key Spa:Pod:Object:Param:Latency:minRate (4), flags 00000000
              Int 0
            Prop: key Spa:Pod:Object:Param:Latency:maxRate (5), flags 00000000
              Int 0
            Prop: key Spa:Pod:Object:Param:Latency:minNs (6), flags 00000000
              Long 0
            Prop: key Spa:Pod:Object:Param:Latency:maxNs (7), flags 00000000
              Long 0
 	input ports: 0/0
 	output ports: 2/65
 	state: "running"
 	properties:
 		api.bluez5.address = "5C:33:7B:CB:BF:C5"
 		api.bluez5.codec = "msbc"
 		api.bluez5.profile = "headset-audio-gateway"
 		api.bluez5.transport = ""
 		bluez5.loopback = "false"
 		device.id = "81"
 		device.routes = "1"
 		factory.name = "api.bluez5.sco.source"
 		node.autoconnect = "true"
 		node.description = "Pixel 7a"
 		node.name = "bluez_input.5C_33_7B_CB_BF_C5.0"
 		node.pause-on-idle = "false"
 		priority.driver = "2010"
 		priority.session = "2010"
 		spa.object.id = "0"
 		factory.id = "12"
 		clock.quantum-limit = "8192"
 		device.api = "bluez5"
 		media.class = "Stream/Output/Audio"
 		media.name = "Pixel 7a"
 		media.role = "Communication"
 		port.group = "stream.0"
 		node.loop.name = "data-loop.0"
 		library.name = "audioconvert/libspa-audioconvert"
 		object.id = "82"
 		object.serial = "10910"
 		client.id = "62"
 		node.driver-id = "71"
added:
	id: 86
	permissions: rwxm-
	type: PipeWire:Interface:Node (version 3)
 	params:
*	  id:3 (Spa:Enum:ParamId:EnumFormat)
           audio/raw
                     format : (Id) S16LE
                       rate : (Int) 16000
                   channels : (Int) 1
                   position : (Array) < MONO >
*	  id:1 (Spa:Enum:ParamId:PropInfo)
          Object: size 104, type Spa:Pod:Object:Param:PropInfo (262145), id Spa:Enum:ParamId:PropInfo (1)
            Prop: key Spa:Pod:Object:Param:PropInfo:id (1), flags 00000000
              Id 65539    (Spa:Pod:Object:Param:Props:volume)
            Prop: key Spa:Pod:Object:Param:PropInfo:description (7), flags 00000000
              String "Volume"
            Prop: key Spa:Pod:Object:Param:PropInfo:type (3), flags 00000000
              Choice: type Spa:Enum:Choice:Range, flags 00000000 28 4
                Float 1.000000
                Float 0.000000
                Float 10.000000
*	  id:1 (Spa:Enum:ParamId:PropInfo)
          Object: size 104, type Spa:Pod:Object:Param:PropInfo (262145), id Spa:Enum:ParamId:PropInfo (1)
            Prop: key Spa:Pod:Object:Param:PropInfo:id (1), flags 00000000
              Id 65540    (Spa:Pod:Object:Param:Props:mute)
            Prop: key Spa:Pod:Object:Param:PropInfo:description (7), flags 00000000
              String "Mute"
            Prop: key Spa:Pod:Object:Param:PropInfo:type (3), flags 00000000
              Choice: type Spa:Enum:Choice:Enum, flags 00000000 28 4
                Bool false
                Bool false
                Bool true
*	  id:1 (Spa:Enum:ParamId:PropInfo)
          Object: size 136, type Spa:Pod:Object:Param:PropInfo (262145), id Spa:Enum:ParamId:PropInfo (1)
            Prop: key Spa:Pod:Object:Param:PropInfo:id (1), flags 00000000
              Id 65544    (Spa:Pod:Object:Param:Props:channelVolumes)
            Prop: key Spa:Pod:Object:Param:PropInfo:description (7), flags 00000000
              String "Channel Volumes"
            Prop: key Spa:Pod:Object:Param:PropInfo:type (3), flags 00000000
              Choice: type Spa:Enum:Choice:Range, flags 00000000 28 4
                Float 1.000000
                Float 0.000000
                Float 10.000000
            Prop: key Spa:Pod:Object:Param:PropInfo:container (5), flags 00000000
              Id 13       (Spa:Array)
*	  id:1 (Spa:Enum:ParamId:PropInfo)
          Object: size 112, type Spa:Pod:Object:Param:PropInfo (262145), id Spa:Enum:ParamId:PropInfo (1)
            Prop: key Spa:Pod:Object:Param:PropInfo:id (1), flags 00000000
              Id 65547    (Spa:Pod:Object:Param:Props:channelMap)
            Prop: key Spa:Pod:Object:Param:PropInfo:description (7), flags 00000000
              String "Channel Map"
            Prop: key Spa:Pod:Object:Param:PropInfo:type (3), flags 00000000
              Id 0        (Spa:)
            Prop: key Spa:Pod:Object:Param:PropInfo:container (5), flags 00000000
              Id 13       (Spa:Array)
*	  id:1 (Spa:Enum:ParamId:PropInfo)
          Object: size 112, type Spa:Pod:Object:Param:PropInfo (262145), id Spa:Enum:ParamId:PropInfo (1)
            Prop: key Spa:Pod:Object:Param:PropInfo:id (1), flags 00000000
              Id 65548    (Spa:Pod:Object:Param:Props:monitorMute)
            Prop: key Spa:Pod:Object:Param:PropInfo:description (7), flags 00000000
              String "Monitor Mute"
            Prop: key Spa:Pod:Object:Param:PropInfo:type (3), flags 00000000
              Choice: type Spa:Enum:Choice:Enum, flags 00000000 28 4
                Bool false
                Bool false
                Bool true
*	  id:1 (Spa:Enum:ParamId:PropInfo)
          Object: size 136, type Spa:Pod:Object:Param:PropInfo (262145), id Spa:Enum:ParamId:PropInfo (1)
            Prop: key Spa:Pod:Object:Param:PropInfo:id (1), flags 00000000
              Id 65549    (Spa:Pod:Object:Param:Props:monitorVolumes)
            Prop: key Spa:Pod:Object:Param:PropInfo:description (7), flags 00000000
              String "Monitor Volumes"
            Prop: key Spa:Pod:Object:Param:PropInfo:type (3), flags 00000000
              Choice: type Spa:Enum:Choice:Range, flags 00000000 28 4
                Float 1.000000
                Float 0.000000
                Float 10.000000
            Prop: key Spa:Pod:Object:Param:PropInfo:container (5), flags 00000000
              Id 13       (Spa:Array)
*	  id:1 (Spa:Enum:ParamId:PropInfo)
          Object: size 112, type Spa:Pod:Object:Param:PropInfo (262145), id Spa:Enum:ParamId:PropInfo (1)
            Prop: key Spa:Pod:Object:Param:PropInfo:id (1), flags 00000000
              Id 65551    (Spa:Pod:Object:Param:Props:softMute)
            Prop: key Spa:Pod:Object:Param:PropInfo:description (7), flags 00000000
              String "Soft Mute"
            Prop: key Spa:Pod:Object:Param:PropInfo:type (3), flags 00000000
              Choice: type Spa:Enum:Choice:Enum, flags 00000000 28 4
                Bool false
                Bool false
                Bool true
*	  id:1 (Spa:Enum:ParamId:PropInfo)
          Object: size 136, type Spa:Pod:Object:Param:PropInfo (262145), id Spa:Enum:ParamId:PropInfo (1)
            Prop: key Spa:Pod:Object:Param:PropInfo:id (1), flags 00000000
              Id 65552    (Spa:Pod:Object:Param:Props:softVolumes)
            Prop: key Spa:Pod:Object:Param:PropInfo:description (7), flags 00000000
              String "Soft Volumes"
            Prop: key Spa:Pod:Object:Param:PropInfo:type (3), flags 00000000
              Choice: type Spa:Enum:Choice:Range, flags 00000000 28 4
                Float 1.000000
                Float 0.000000
                Float 10.000000
            Prop: key Spa:Pod:Object:Param:PropInfo:container (5), flags 00000000
              Id 13       (Spa:Array)
*	  id:1 (Spa:Enum:ParamId:PropInfo)
          Object: size 160, type Spa:Pod:Object:Param:PropInfo (262145), id Spa:Enum:ParamId:PropInfo (1)
            Prop: key Spa:Pod:Object:Param:PropInfo:name (2), flags 00000000
              String "monitor.channel-volumes"
            Prop: key Spa:Pod:Object:Param:PropInfo:description (7), flags 00000000
              String "Monitor channel volume"
            Prop: key Spa:Pod:Object:Param:PropInfo:type (3), flags 00000000
              Choice: type Spa:Enum:Choice:Enum, flags 00000000 28 4
                Bool false
                Bool false
                Bool true
            Prop: key Spa:Pod:Object:Param:PropInfo:params (6), flags 00000000
              Bool true
*	  id:1 (Spa:Enum:ParamId:PropInfo)
          Object: size 160, type Spa:Pod:Object:Param:PropInfo (262145), id Spa:Enum:ParamId:PropInfo (1)
            Prop: key Spa:Pod:Object:Param:PropInfo:name (2), flags 00000000
              String "channelmix.disable"
            Prop: key Spa:Pod:Object:Param:PropInfo:description (7), flags 00000000
              String "Disable Channel mixing"
            Prop: key Spa:Pod:Object:Param:PropInfo:type (3), flags 00000000
              Choice: type Spa:Enum:Choice:Enum, flags 00000000 28 4
                Bool false
                Bool false
                Bool true
            Prop: key Spa:Pod:Object:Param:PropInfo:params (6), flags 00000000
              Bool true
*	  id:1 (Spa:Enum:ParamId:PropInfo)
          Object: size 160, type Spa:Pod:Object:Param:PropInfo (262145), id Spa:Enum:ParamId:PropInfo (1)
            Prop: key Spa:Pod:Object:Param:PropInfo:name (2), flags 00000000
              String "channelmix.min-volume"
            Prop: key Spa:Pod:Object:Param:PropInfo:description (7), flags 00000000
              String "Minimum volume level"
            Prop: key Spa:Pod:Object:Param:PropInfo:type (3), flags 00000000
              Choice: type Spa:Enum:Choice:Range, flags 00000000 28 4
                Float 0.000000
                Float 0.000000
                Float 10.000000
            Prop: key Spa:Pod:Object:Param:PropInfo:params (6), flags 00000000
              Bool true
*	  id:1 (Spa:Enum:ParamId:PropInfo)
          Object: size 160, type Spa:Pod:Object:Param:PropInfo (262145), id Spa:Enum:ParamId:PropInfo (1)
            Prop: key Spa:Pod:Object:Param:PropInfo:name (2), flags 00000000
              String "channelmix.max-volume"
            Prop: key Spa:Pod:Object:Param:PropInfo:description (7), flags 00000000
              String "Maximum volume level"
            Prop: key Spa:Pod:Object:Param:PropInfo:type (3), flags 00000000
              Choice: type Spa:Enum:Choice:Range, flags 00000000 28 4
                Float 10.000000
                Float 0.000000
                Float 10.000000
            Prop: key Spa:Pod:Object:Param:PropInfo:params (6), flags 00000000
              Bool true
*	  id:1 (Spa:Enum:ParamId:PropInfo)
          Object: size 160, type Spa:Pod:Object:Param:PropInfo (262145), id Spa:Enum:ParamId:PropInfo (1)
            Prop: key Spa:Pod:Object:Param:PropInfo:name (2), flags 00000000
              String "channelmix.normalize"
            Prop: key Spa:Pod:Object:Param:PropInfo:description (7), flags 00000000
              String "Normalize Volumes"
            Prop: key Spa:Pod:Object:Param:PropInfo:type (3), flags 00000000
              Choice: type Spa:Enum:Choice:Enum, flags 00000000 28 4
                Bool false
                Bool false
                Bool true
            Prop: key Spa:Pod:Object:Param:PropInfo:params (6), flags 00000000
              Bool true
*	  id:1 (Spa:Enum:ParamId:PropInfo)
          Object: size 160, type Spa:Pod:Object:Param:PropInfo (262145), id Spa:Enum:ParamId:PropInfo (1)
            Prop: key Spa:Pod:Object:Param:PropInfo:name (2), flags 00000000
              String "channelmix.mix-lfe"
            Prop: key Spa:Pod:Object:Param:PropInfo:description (7), flags 00000000
              String "Mix LFE into channels"
            Prop: key Spa:Pod:Object:Param:PropInfo:type (3), flags 00000000
              Choice: type Spa:Enum:Choice:Enum, flags 00000000 28 4
                Bool true
                Bool true
                Bool false
            Prop: key Spa:Pod:Object:Param:PropInfo:params (6), flags 00000000
              Bool true
*	  id:1 (Spa:Enum:ParamId:PropInfo)
          Object: size 152, type Spa:Pod:Object:Param:PropInfo (262145), id Spa:Enum:ParamId:PropInfo (1)
            Prop: key Spa:Pod:Object:Param:PropInfo:name (2), flags 00000000
              String "channelmix.upmix"
            Prop: key Spa:Pod:Object:Param:PropInfo:description (7), flags 00000000
              String "Enable upmixing"
            Prop: key Spa:Pod:Object:Param:PropInfo:type (3), flags 00000000
              Choice: type Spa:Enum:Choice:Enum, flags 00000000 28 4
                Bool true
                Bool true
                Bool false
            Prop: key Spa:Pod:Object:Param:PropInfo:params (6), flags 00000000
              Bool true
*	  id:1 (Spa:Enum:ParamId:PropInfo)
          Object: size 160, type Spa:Pod:Object:Param:PropInfo (262145), id Spa:Enum:ParamId:PropInfo (1)
            Prop: key Spa:Pod:Object:Param:PropInfo:name (2), flags 00000000
              String "channelmix.lfe-cutoff"
            Prop: key Spa:Pod:Object:Param:PropInfo:description (7), flags 00000000
              String "LFE cutoff frequency"
            Prop: key Spa:Pod:Object:Param:PropInfo:type (3), flags 00000000
              Choice: type Spa:Enum:Choice:Range, flags 00000000 28 4
                Float 0.000000
                Float 0.000000
                Float 1000.000000
            Prop: key Spa:Pod:Object:Param:PropInfo:params (6), flags 00000000
              Bool true
*	  id:1 (Spa:Enum:ParamId:PropInfo)
          Object: size 168, type Spa:Pod:Object:Param:PropInfo (262145), id Spa:Enum:ParamId:PropInfo (1)
            Prop: key Spa:Pod:Object:Param:PropInfo:name (2), flags 00000000
              String "channelmix.fc-cutoff"
            Prop: key Spa:Pod:Object:Param:PropInfo:description (7), flags 00000000
              String "FC cutoff frequency (Hz)"
            Prop: key Spa:Pod:Object:Param:PropInfo:type (3), flags 00000000
              Choice: type Spa:Enum:Choice:Range, flags 00000000 28 4
                Float 0.000000
                Float 0.000000
                Float 48000.000000
            Prop: key Spa:Pod:Object:Param:PropInfo:params (6), flags 00000000
              Bool true
*	  id:1 (Spa:Enum:ParamId:PropInfo)
          Object: size 168, type Spa:Pod:Object:Param:PropInfo (262145), id Spa:Enum:ParamId:PropInfo (1)
            Prop: key Spa:Pod:Object:Param:PropInfo:name (2), flags 00000000
              String "channelmix.rear-delay"
            Prop: key Spa:Pod:Object:Param:PropInfo:description (7), flags 00000000
              String "Rear channels delay (ms)"
            Prop: key Spa:Pod:Object:Param:PropInfo:type (3), flags 00000000
              Choice: type Spa:Enum:Choice:Range, flags 00000000 28 4
                Float 0.000000
                Float 0.000000
                Float 1000.000000
            Prop: key Spa:Pod:Object:Param:PropInfo:params (6), flags 00000000
              Bool true
*	  id:1 (Spa:Enum:ParamId:PropInfo)
          Object: size 152, type Spa:Pod:Object:Param:PropInfo (262145), id Spa:Enum:ParamId:PropInfo (1)
            Prop: key Spa:Pod:Object:Param:PropInfo:name (2), flags 00000000
              String "channelmix.stereo-widen"
            Prop: key Spa:Pod:Object:Param:PropInfo:description (7), flags 00000000
              String "Stereo widen"
            Prop: key Spa:Pod:Object:Param:PropInfo:type (3), flags 00000000
              Choice: type Spa:Enum:Choice:Range, flags 00000000 28 4
                Float 0.000000
                Float 0.000000
                Float 1.000000
            Prop: key Spa:Pod:Object:Param:PropInfo:params (6), flags 00000000
              Bool true
*	  id:1 (Spa:Enum:ParamId:PropInfo)
          Object: size 168, type Spa:Pod:Object:Param:PropInfo (262145), id Spa:Enum:ParamId:PropInfo (1)
            Prop: key Spa:Pod:Object:Param:PropInfo:name (2), flags 00000000
              String "channelmix.hilbert-taps"
            Prop: key Spa:Pod:Object:Param:PropInfo:description (7), flags 00000000
              String "Taps for phase shift of rear"
            Prop: key Spa:Pod:Object:Param:PropInfo:type (3), flags 00000000
              Choice: type Spa:Enum:Choice:Range, flags 00000000 28 4
                Int 0
                Int 0
                Int 255
            Prop: key Spa:Pod:Object:Param:PropInfo:params (6), flags 00000000
              Bool true
*	  id:1 (Spa:Enum:ParamId:PropInfo)
          Object: size 288, type Spa:Pod:Object:Param:PropInfo (262145), id Spa:Enum:ParamId:PropInfo (1)
            Prop: key Spa:Pod:Object:Param:PropInfo:name (2), flags 00000000
              String "channelmix.upmix-method"
            Prop: key Spa:Pod:Object:Param:PropInfo:description (7), flags 00000000
              String "Upmix method to use"
            Prop: key Spa:Pod:Object:Param:PropInfo:type (3), flags 00000000
              String "none"
            Prop: key Spa:Pod:Object:Param:PropInfo:params (6), flags 00000000
              Bool true
            Prop: key Spa:Pod:Object:Param:PropInfo:labels (4), flags 00000000
              Struct: size 136
                String "none"
                String "Disabled"
                String "simple"
                String "Simple upmixing"
                String "psd"
                String "Passive Surround Decoding"
*	  id:1 (Spa:Enum:ParamId:PropInfo)
          Object: size 120, type Spa:Pod:Object:Param:PropInfo (262145), id Spa:Enum:ParamId:PropInfo (1)
            Prop: key Spa:Pod:Object:Param:PropInfo:id (1), flags 00000000
              Id 268      (Spa:Pod:Object:Param:Props:rate)
            Prop: key Spa:Pod:Object:Param:PropInfo:description (7), flags 00000000
              String "Rate scaler"
            Prop: key Spa:Pod:Object:Param:PropInfo:type (3), flags 00000000
              Choice: type Spa:Enum:Choice:Range, flags 00000000 40 8
                Double 1.000000
                Double 0.000000
                Double 10.000000
*	  id:1 (Spa:Enum:ParamId:PropInfo)
          Object: size 184, type Spa:Pod:Object:Param:PropInfo (262145), id Spa:Enum:ParamId:PropInfo (1)
            Prop: key Spa:Pod:Object:Param:PropInfo:id (1), flags 00000000
              Id 269      (Spa:Pod:Object:Param:Props:quality)
            Prop: key Spa:Pod:Object:Param:PropInfo:name (2), flags 00000000
              String "resample.quality"
            Prop: key Spa:Pod:Object:Param:PropInfo:description (7), flags 00000000
              String "Resample Quality"
            Prop: key Spa:Pod:Object:Param:PropInfo:type (3), flags 00000000
              Choice: type Spa:Enum:Choice:Range, flags 00000000 28 4
                Int 4
                Int 0
                Int 14
            Prop: key Spa:Pod:Object:Param:PropInfo:params (6), flags 00000000
              Bool true
*	  id:1 (Spa:Enum:ParamId:PropInfo)
          Object: size 160, type Spa:Pod:Object:Param:PropInfo (262145), id Spa:Enum:ParamId:PropInfo (1)
            Prop: key Spa:Pod:Object:Param:PropInfo:name (2), flags 00000000
              String "resample.disable"
            Prop: key Spa:Pod:Object:Param:PropInfo:description (7), flags 00000000
              String "Disable Resampling"
            Prop: key Spa:Pod:Object:Param:PropInfo:type (3), flags 00000000
              Choice: type Spa:Enum:Choice:Enum, flags 00000000 28 4
                Bool false
                Bool false
                Bool true
            Prop: key Spa:Pod:Object:Param:PropInfo:params (6), flags 00000000
              Bool true
*	  id:1 (Spa:Enum:ParamId:PropInfo)
          Object: size 144, type Spa:Pod:Object:Param:PropInfo (262145), id Spa:Enum:ParamId:PropInfo (1)
            Prop: key Spa:Pod:Object:Param:PropInfo:name (2), flags 00000000
              String "dither.noise"
            Prop: key Spa:Pod:Object:Param:PropInfo:description (7), flags 00000000
              String "Add noise bits"
            Prop: key Spa:Pod:Object:Param:PropInfo:type (3), flags 00000000
              Choice: type Spa:Enum:Choice:Range, flags 00000000 28 4
                Int 0
                Int 0
                Int 16
            Prop: key Spa:Pod:Object:Param:PropInfo:params (6), flags 00000000
              Bool true
*	  id:1 (Spa:Enum:ParamId:PropInfo)
          Object: size 464, type Spa:Pod:Object:Param:PropInfo (262145), id Spa:Enum:ParamId:PropInfo (1)
            Prop: key Spa:Pod:Object:Param:PropInfo:name (2), flags 00000000
              String "dither.method"
            Prop: key Spa:Pod:Object:Param:PropInfo:description (7), flags 00000000
              String "The dithering method"
            Prop: key Spa:Pod:Object:Param:PropInfo:type (3), flags 00000000
              String "none"
            Prop: key Spa:Pod:Object:Param:PropInfo:params (6), flags 00000000
              Bool true
            Prop: key Spa:Pod:Object:Param:PropInfo:labels (4), flags 00000000
              Struct: size 320
                String "none"
                String "Disabled"
                String "rectangular"
                String "Rectangular dithering"
                String "triangular"
                String "Triangular dithering"
                String "triangular-hf"
                String "Sloped Triangular dithering"
                String "wannamaker3"
                String "Wannamaker 3 dithering"
                String "shaped5"
                String "Lipshitz 5 dithering"
*	  id:1 (Spa:Enum:ParamId:PropInfo)
          Object: size 128, type Spa:Pod:Object:Param:PropInfo (262145), id Spa:Enum:ParamId:PropInfo (1)
            Prop: key Spa:Pod:Object:Param:PropInfo:name (2), flags 00000000
              String "debug.wav-path"
            Prop: key Spa:Pod:Object:Param:PropInfo:description (7), flags 00000000
              String "Path to WAV file"
            Prop: key Spa:Pod:Object:Param:PropInfo:type (3), flags 00000000
              String ""
            Prop: key Spa:Pod:Object:Param:PropInfo:params (6), flags 00000000
              Bool true
*	  id:1 (Spa:Enum:ParamId:PropInfo)
          Object: size 160, type Spa:Pod:Object:Param:PropInfo (262145), id Spa:Enum:ParamId:PropInfo (1)
            Prop: key Spa:Pod:Object:Param:PropInfo:name (2), flags 00000000
              String "channelmix.lock-volumes"
            Prop: key Spa:Pod:Object:Param:PropInfo:description (7), flags 00000000
              String "Disable volume updates"
            Prop: key Spa:Pod:Object:Param:PropInfo:type (3), flags 00000000
              Choice: type Spa:Enum:Choice:Enum, flags 00000000 28 4
                Bool false
                Bool false
                Bool true
            Prop: key Spa:Pod:Object:Param:PropInfo:params (6), flags 00000000
              Bool true
*	  id:1 (Spa:Enum:ParamId:PropInfo)
          Object: size 184, type Spa:Pod:Object:Param:PropInfo (262145), id Spa:Enum:ParamId:PropInfo (1)
            Prop: key Spa:Pod:Object:Param:PropInfo:name (2), flags 00000000
              String "audioconvert.filter-graph.disable"
            Prop: key Spa:Pod:Object:Param:PropInfo:description (7), flags 00000000
              String "Disable Filter graph updates"
            Prop: key Spa:Pod:Object:Param:PropInfo:type (3), flags 00000000
              Choice: type Spa:Enum:Choice:Enum, flags 00000000 28 4
                Bool false
                Bool false
                Bool true
            Prop: key Spa:Pod:Object:Param:PropInfo:params (6), flags 00000000
              Bool true
*	  id:1 (Spa:Enum:ParamId:PropInfo)
          Object: size 144, type Spa:Pod:Object:Param:PropInfo (262145), id Spa:Enum:ParamId:PropInfo (1)
            Prop: key Spa:Pod:Object:Param:PropInfo:name (2), flags 00000000
              String "audioconvert.filter-graph"
            Prop: key Spa:Pod:Object:Param:PropInfo:description (7), flags 00000000
              String "A filter graph to load"
            Prop: key Spa:Pod:Object:Param:PropInfo:type (3), flags 00000000
              String ""
            Prop: key Spa:Pod:Object:Param:PropInfo:params (6), flags 00000000
              Bool true
*	  id:1 (Spa:Enum:ParamId:PropInfo)
          Object: size 128, type Spa:Pod:Object:Param:PropInfo (262145), id Spa:Enum:ParamId:PropInfo (1)
            Prop: key Spa:Pod:Object:Param:PropInfo:id (1), flags 00000000
              Id 65550    (Spa:Pod:Object:Param:Props:latencyOffsetNsec)
            Prop: key Spa:Pod:Object:Param:PropInfo:description (7), flags 00000000
              String "Latency offset (ns)"
            Prop: key Spa:Pod:Object:Param:PropInfo:type (3), flags 00000000
              Choice: type Spa:Enum:Choice:Range, flags 00000000 40 8
                Long 0
                Long -9223372036854775808
                Long 9223372036854775807
*	  id:2 (Spa:Enum:ParamId:Props)
          Object: size 1256, type Spa:Pod:Object:Param:Props (262146), id Spa:Enum:ParamId:Props (2)
            Prop: key Spa:Pod:Object:Param:Props:volume (65539), flags 00000000
              Float 1.000000
            Prop: key Spa:Pod:Object:Param:Props:mute (65540), flags 00000000
              Bool false
            Prop: key Spa:Pod:Object:Param:Props:channelVolumes (65544), flags 00000000
              Array: child.size 4, child.type Spa:Float
                Float 1.000000
            Prop: key Spa:Pod:Object:Param:Props:channelMap (65547), flags 00000000
              Array: child.size 4, child.type Spa:Id
                Id 2        (Spa:Enum:AudioChannel:MONO)
            Prop: key Spa:Pod:Object:Param:Props:softMute (65551), flags 00000000
              Bool false
            Prop: key Spa:Pod:Object:Param:Props:softVolumes (65552), flags 00000000
              Array: child.size 4, child.type Spa:Float
                Float 1.000000
            Prop: key Spa:Pod:Object:Param:Props:monitorMute (65548), flags 00000000
              Bool false
            Prop: key Spa:Pod:Object:Param:Props:monitorVolumes (65549), flags 00000000
              Array: child.size 4, child.type Spa:Float
                Float 1.000000
            Prop: key Spa:Pod:Object:Param:Props:params (524289), flags 00000000
              Struct: size 1008
                String "monitor.channel-volumes"
                Bool false
                String "channelmix.disable"
                Bool false
                String "channelmix.min-volume"
                Float 0.000000
                String "channelmix.max-volume"
                Float 10.000000
                String "channelmix.normalize"
                Bool false
                String "channelmix.mix-lfe"
                Bool true
                String "channelmix.upmix"
                Bool true
                String "channelmix.lfe-cutoff"
                Float 0.000000
                String "channelmix.fc-cutoff"
                Float 0.000000
                String "channelmix.rear-delay"
                Float 0.000000
                String "channelmix.stereo-widen"
                Float 0.000000
                String "channelmix.hilbert-taps"
                Int 0
                String "channelmix.upmix-method"
                String "none"
                String "resample.quality"
                Int 4
                String "resample.disable"
                Bool false
                String "dither.noise"
                Int 0
                String "dither.method"
                String "none"
                String "debug.wav-path"
                String ""
                String "channelmix.lock-volumes"
                Bool false
                String "audioconvert.filter-graph.disable"
                Bool false
                String "audioconvert.filter-graph"
                String ""
*	  id:2 (Spa:Enum:ParamId:Props)
          Object: size 32, type Spa:Pod:Object:Param:Props (262146), id Spa:Enum:ParamId:Props (2)
            Prop: key Spa:Pod:Object:Param:Props:latencyOffsetNsec (65550), flags 00000000
              Long 0
*	  id:4 (Spa:Enum:ParamId:Format)
           audio/raw
                     format : (Id) S16LE
                       rate : (Int) 16000
                   channels : (Int) 1
                   position : (Array) < MONO >
*	  id:10 (Spa:Enum:ParamId:EnumPortConfig)
          Object: size 192, type Spa:Pod:Object:Param:PortConfig (262152), id Spa:Enum:ParamId:EnumPortConfig (10)
            Prop: key Spa:Pod:Object:Param:PortConfig:direction (1), flags 00000000
              Choice: type Spa:Enum:Choice:None, flags 00000000 20 4
                Id 0        (Spa:Enum:Direction:Input)
            Prop: key Spa:Pod:Object:Param:PortConfig:mode (2), flags 00000000
              Choice: type Spa:Enum:Choice:Enum, flags 00000000 32 4
                Id 0        (Spa:Enum:ParamPortConfigMode:none)
                Id 0        (Spa:Enum:ParamPortConfigMode:none)
                Id 3        (Spa:Enum:ParamPortConfigMode:dsp)
                Id 2        (Spa:Enum:ParamPortConfigMode:convert)
            Prop: key Spa:Pod:Object:Param:PortConfig:monitor (3), flags 00000000
              Choice: type Spa:Enum:Choice:Enum, flags 00000000 28 4
                Bool false
                Bool false
                Bool true
            Prop: key Spa:Pod:Object:Param:PortConfig:control (4), flags 00000000
              Choice: type Spa:Enum:Choice:Enum, flags 00000000 28 4
                Bool false
                Bool false
                Bool true
*	  id:11 (Spa:Enum:ParamId:PortConfig)
          Object: size 272, type Spa:Pod:Object:Param:PortConfig (262152), id Spa:Enum:ParamId:PortConfig (11)
            Prop: key Spa:Pod:Object:Param:PortConfig:direction (1), flags 00000000
              Choice: type Spa:Enum:Choice:None, flags 00000000 20 4
                Id 0        (Spa:Enum:Direction:Input)
            Prop: key Spa:Pod:Object:Param:PortConfig:mode (2), flags 00000000
              Id 3        (Spa:Enum:ParamPortConfigMode:dsp)
            Prop: key Spa:Pod:Object:Param:PortConfig:monitor (3), flags 00000000
              Bool true
            Prop: key Spa:Pod:Object:Param:PortConfig:control (4), flags 00000000
              Bool false
            Prop: key Spa:Pod:Object:Param:PortConfig:format (5), flags 00000000
              Object: size 136, type Spa:Pod:Object:Param:Format (262147), id Spa:Enum:ParamId:Buffers (5)
                Prop: key Spa:Pod:Object:Param:Format:mediaType (1), flags 00000000
                  Id 1        (Spa:Enum:MediaType:audio)
                Prop: key Spa:Pod:Object:Param:Format:mediaSubtype (2), flags 00000000
                  Id 1        (Spa:Enum:MediaSubtype:raw)
                Prop: key Spa:Pod:Object:Param:Format:Audio:format (65537), flags 00000000
                  Id 518      (Spa:Enum:AudioFormat:F32P)
                Prop: key Spa:Pod:Object:Param:Format:Audio:channels (65540), flags 00000000
                  Int 2
                Prop: key Spa:Pod:Object:Param:Format:Audio:position (65541), flags 00000000
                  Array: child.size 4, child.type Spa:Id
                    Id 3        (Spa:Enum:AudioChannel:FL)
                    Id 4        (Spa:Enum:AudioChannel:FR)
*	  id:15 (Spa:Enum:ParamId:Latency)
          Object: size 176, type Spa:Pod:Object:Param:Latency (262155), id Spa:Enum:ParamId:Latency (15)
            Prop: key Spa:Pod:Object:Param:Latency:direction (1), flags 00000000
              Id 0        (Spa:Enum:Direction:Input)
            Prop: key Spa:Pod:Object:Param:Latency:minQuantum (2), flags 00000000
              Float 0.000000
            Prop: key Spa:Pod:Object:Param:Latency:maxQuantum (3), flags 00000000
              Float 0.000000
            Prop: key Spa:Pod:Object:Param:Latency:minRate (4), flags 00000000
              Int 0
            Prop: key Spa:Pod:Object:Param:Latency:maxRate (5), flags 00000000
              Int 0
            Prop: key Spa:Pod:Object:Param:Latency:minNs (6), flags 00000000
              Long 27500000
            Prop: key Spa:Pod:Object:Param:Latency:maxNs (7), flags 00000000
              Long 27500000
 	input ports: 2/65
 	output ports: 2/0
 	state: "running"
 	properties:
 		api.bluez5.address = "5C:33:7B:CB:BF:C5"
 		api.bluez5.codec = "msbc"
 		api.bluez5.profile = "headset-audio-gateway"
 		api.bluez5.transport = ""
 		bluez5.loopback = "false"
 		device.id = "81"
 		device.routes = "1"
 		factory.name = "api.bluez5.sco.sink"
 		node.autoconnect = "true"
 		node.description = "Pixel 7a"
 		node.name = "bluez_output.5C_33_7B_CB_BF_C5.1"
 		node.pause-on-idle = "false"
 		priority.driver = "1010"
 		priority.session = "1010"
 		spa.object.id = "1"
 		factory.id = "12"
 		clock.quantum-limit = "8192"
 		device.api = "bluez5"
 		media.class = "Stream/Input/Audio"
 		media.name = "Pixel 7a"
 		media.role = "Communication"
 		port.group = "stream.0"
 		node.loop.name = "data-loop.0"
 		library.name = "audioconvert/libspa-audioconvert"
 		object.id = "86"
 		object.serial = "10911"
 		client.id = "62"
 		node.driver-id = "55"
added:
	id: 84
	permissions: r-xm-
	type: PipeWire:Interface:Port (version 3)
	direction: "output"
 	params:
*	  id:3 (Spa:Enum:ParamId:EnumFormat)
           audio/dsp
                     format : (Id) F32P
*	  id:6 (Spa:Enum:ParamId:Meta)
          Object: size 56, type Spa:Pod:Object:Param:Meta (262149), id Spa:Enum:ParamId:Meta (6)
            Prop: key Spa:Pod:Object:Param:Meta:type (1), flags 00000000
              Id 1        (Spa:Pointer:Meta:Header)
            Prop: key Spa:Pod:Object:Param:Meta:size (2), flags 00000000
              Int 32
*	  id:7 (Spa:Enum:ParamId:IO)
          Object: size 56, type Spa:Pod:Object:Param:IO (262150), id Spa:Enum:ParamId:IO (7)
            Prop: key Spa:Pod:Object:Param:IO:id (1), flags 00000000
              Id 1        (Spa:Enum:IO:Buffers)
            Prop: key Spa:Pod:Object:Param:IO:size (2), flags 00000000
              Int 8
*	  id:7 (Spa:Enum:ParamId:IO)
          Object: size 56, type Spa:Pod:Object:Param:IO (262150), id Spa:Enum:ParamId:IO (7)
            Prop: key Spa:Pod:Object:Param:IO:id (1), flags 00000000
              Id 10       (Spa:Enum:IO:AsyncBuffers)
            Prop: key Spa:Pod:Object:Param:IO:size (2), flags 00000000
              Int 8
*	  id:4 (Spa:Enum:ParamId:Format)
           audio/dsp
                     format : (Id) F32P
*	  id:5 (Spa:Enum:ParamId:Buffers)
          Object: size 152, type Spa:Pod:Object:Param:Buffers (262148), id Spa:Enum:ParamId:Buffers (5)
            Prop: key Spa:Pod:Object:Param:Buffers:buffers (1), flags 00000000
              Choice: type Spa:Enum:Choice:Range, flags 00000000 28 4
                Int 1
                Int 1
                Int 32
            Prop: key Spa:Pod:Object:Param:Buffers:blocks (2), flags 00000000
              Int 1
            Prop: key Spa:Pod:Object:Param:Buffers:BlockInfo:size (3), flags 00000000
              Choice: type Spa:Enum:Choice:Range, flags 00000000 28 4
                Int 32768
                Int 64
                Int 2147483647
            Prop: key Spa:Pod:Object:Param:Buffers:BlockInfo:stride (4), flags 00000000
              Int 4
*	  id:15 (Spa:Enum:ParamId:Latency)
          Object: size 176, type Spa:Pod:Object:Param:Latency (262155), id Spa:Enum:ParamId:Latency (15)
            Prop: key Spa:Pod:Object:Param:Latency:direction (1), flags 00000000
              Id 0        (Spa:Enum:Direction:Input)
            Prop: key Spa:Pod:Object:Param:Latency:minQuantum (2), flags 00000000
              Float 1.000000
            Prop: key Spa:Pod:Object:Param:Latency:maxQuantum (3), flags 00000000
              Float 1.000000
            Prop: key Spa:Pod:Object:Param:Latency:minRate (4), flags 00000000
              Int 512
            Prop: key Spa:Pod:Object:Param:Latency:maxRate (5), flags 00000000
              Int 512
            Prop: key Spa:Pod:Object:Param:Latency:minNs (6), flags 00000000
              Long 0
            Prop: key Spa:Pod:Object:Param:Latency:maxNs (7), flags 00000000
              Long 0
*	  id:15 (Spa:Enum:ParamId:Latency)
          Object: size 176, type Spa:Pod:Object:Param:Latency (262155), id Spa:Enum:ParamId:Latency (15)
            Prop: key Spa:Pod:Object:Param:Latency:direction (1), flags 00000000
              Id 1        (Spa:Enum:Direction:Output)
            Prop: key Spa:Pod:Object:Param:Latency:minQuantum (2), flags 00000000
              Float 1.000000
            Prop: key Spa:Pod:Object:Param:Latency:maxQuantum (3), flags 00000000
              Float 1.000000
            Prop: key Spa:Pod:Object:Param:Latency:minRate (4), flags 00000000
              Int 0
            Prop: key Spa:Pod:Object:Param:Latency:maxRate (5), flags 00000000
              Int 0
            Prop: key Spa:Pod:Object:Param:Latency:minNs (6), flags 00000000
              Long 0
            Prop: key Spa:Pod:Object:Param:Latency:maxNs (7), flags 00000000
              Long 0
 	properties:
 		format.dsp = "32 bit float mono audio"
 		audio.channel = "FL"
 		port.group = "stream.0"
 		port.id = "0"
 		port.physical = "true"
 		port.terminal = "true"
 		port.direction = "out"
 		object.path = "bluez_input.5C_33_7B_CB_BF_C5.0:output_0"
 		port.name = "output_FL"
 		port.alias = "Pixel 7a:output_FL"
 		node.id = "82"
 		object.id = "84"
 		object.serial = "25"
added:
	id: 85
	permissions: r-xm-
	type: PipeWire:Interface:Port (version 3)
	direction: "output"
 	params:
*	  id:3 (Spa:Enum:ParamId:EnumFormat)
           audio/dsp
                     format : (Id) F32P
*	  id:6 (Spa:Enum:ParamId:Meta)
          Object: size 56, type Spa:Pod:Object:Param:Meta (262149), id Spa:Enum:ParamId:Meta (6)
            Prop: key Spa:Pod:Object:Param:Meta:type (1), flags 00000000
              Id 1        (Spa:Pointer:Meta:Header)
            Prop: key Spa:Pod:Object:Param:Meta:size (2), flags 00000000
              Int 32
*	  id:7 (Spa:Enum:ParamId:IO)
          Object: size 56, type Spa:Pod:Object:Param:IO (262150), id Spa:Enum:ParamId:IO (7)
            Prop: key Spa:Pod:Object:Param:IO:id (1), flags 00000000
              Id 1        (Spa:Enum:IO:Buffers)
            Prop: key Spa:Pod:Object:Param:IO:size (2), flags 00000000
              Int 8
*	  id:7 (Spa:Enum:ParamId:IO)
          Object: size 56, type Spa:Pod:Object:Param:IO (262150), id Spa:Enum:ParamId:IO (7)
            Prop: key Spa:Pod:Object:Param:IO:id (1), flags 00000000
              Id 10       (Spa:Enum:IO:AsyncBuffers)
            Prop: key Spa:Pod:Object:Param:IO:size (2), flags 00000000
              Int 8
*	  id:4 (Spa:Enum:ParamId:Format)
           audio/dsp
                     format : (Id) F32P
*	  id:5 (Spa:Enum:ParamId:Buffers)
          Object: size 152, type Spa:Pod:Object:Param:Buffers (262148), id Spa:Enum:ParamId:Buffers (5)
            Prop: key Spa:Pod:Object:Param:Buffers:buffers (1), flags 00000000
              Choice: type Spa:Enum:Choice:Range, flags 00000000 28 4
                Int 1
                Int 1
                Int 32
            Prop: key Spa:Pod:Object:Param:Buffers:blocks (2), flags 00000000
              Int 1
            Prop: key Spa:Pod:Object:Param:Buffers:BlockInfo:size (3), flags 00000000
              Choice: type Spa:Enum:Choice:Range, flags 00000000 28 4
                Int 32768
                Int 64
                Int 2147483647
            Prop: key Spa:Pod:Object:Param:Buffers:BlockInfo:stride (4), flags 00000000
              Int 4
*	  id:15 (Spa:Enum:ParamId:Latency)
          Object: size 176, type Spa:Pod:Object:Param:Latency (262155), id Spa:Enum:ParamId:Latency (15)
            Prop: key Spa:Pod:Object:Param:Latency:direction (1), flags 00000000
              Id 0        (Spa:Enum:Direction:Input)
            Prop: key Spa:Pod:Object:Param:Latency:minQuantum (2), flags 00000000
              Float 1.000000
            Prop: key Spa:Pod:Object:Param:Latency:maxQuantum (3), flags 00000000
              Float 1.000000
            Prop: key Spa:Pod:Object:Param:Latency:minRate (4), flags 00000000
              Int 512
            Prop: key Spa:Pod:Object:Param:Latency:maxRate (5), flags 00000000
              Int 512
            Prop: key Spa:Pod:Object:Param:Latency:minNs (6), flags 00000000
              Long 0
            Prop: key Spa:Pod:Object:Param:Latency:maxNs (7), flags 00000000
              Long 0
*	  id:15 (Spa:Enum:ParamId:Latency)
          Object: size 176, type Spa:Pod:Object:Param:Latency (262155), id Spa:Enum:ParamId:Latency (15)
            Prop: key Spa:Pod:Object:Param:Latency:direction (1), flags 00000000
              Id 1        (Spa:Enum:Direction:Output)
            Prop: key Spa:Pod:Object:Param:Latency:minQuantum (2), flags 00000000
              Float 1.000000
            Prop: key Spa:Pod:Object:Param:Latency:maxQuantum (3), flags 00000000
              Float 1.000000
            Prop: key Spa:Pod:Object:Param:Latency:minRate (4), flags 00000000
              Int 0
            Prop: key Spa:Pod:Object:Param:Latency:maxRate (5), flags 00000000
              Int 0
            Prop: key Spa:Pod:Object:Param:Latency:minNs (6), flags 00000000
              Long 0
            Prop: key Spa:Pod:Object:Param:Latency:maxNs (7), flags 00000000
              Long 0
 	properties:
 		format.dsp = "32 bit float mono audio"
 		audio.channel = "FR"
 		port.group = "stream.0"
 		port.id = "1"
 		port.physical = "true"
 		port.terminal = "true"
 		port.direction = "out"
 		object.path = "bluez_input.5C_33_7B_CB_BF_C5.0:output_1"
 		port.name = "output_FR"
 		port.alias = "Pixel 7a:output_FR"
 		node.id = "82"
 		object.id = "85"
 		object.serial = "26"
added:
	id: 87
	permissions: r-xm-
	type: PipeWire:Interface:Port (version 3)
	direction: "input"
 	params:
*	  id:3 (Spa:Enum:ParamId:EnumFormat)
           audio/dsp
                     format : (Id) F32P
*	  id:6 (Spa:Enum:ParamId:Meta)
          Object: size 56, type Spa:Pod:Object:Param:Meta (262149), id Spa:Enum:ParamId:Meta (6)
            Prop: key Spa:Pod:Object:Param:Meta:type (1), flags 00000000
              Id 1        (Spa:Pointer:Meta:Header)
            Prop: key Spa:Pod:Object:Param:Meta:size (2), flags 00000000
              Int 32
*	  id:7 (Spa:Enum:ParamId:IO)
          Object: size 56, type Spa:Pod:Object:Param:IO (262150), id Spa:Enum:ParamId:IO (7)
            Prop: key Spa:Pod:Object:Param:IO:id (1), flags 00000000
              Id 1        (Spa:Enum:IO:Buffers)
            Prop: key Spa:Pod:Object:Param:IO:size (2), flags 00000000
              Int 8
*	  id:7 (Spa:Enum:ParamId:IO)
          Object: size 56, type Spa:Pod:Object:Param:IO (262150), id Spa:Enum:ParamId:IO (7)
            Prop: key Spa:Pod:Object:Param:IO:id (1), flags 00000000
              Id 10       (Spa:Enum:IO:AsyncBuffers)
            Prop: key Spa:Pod:Object:Param:IO:size (2), flags 00000000
              Int 8
*	  id:4 (Spa:Enum:ParamId:Format)
           audio/dsp
                     format : (Id) F32P
*	  id:5 (Spa:Enum:ParamId:Buffers)
          Object: size 152, type Spa:Pod:Object:Param:Buffers (262148), id Spa:Enum:ParamId:Buffers (5)
            Prop: key Spa:Pod:Object:Param:Buffers:buffers (1), flags 00000000
              Choice: type Spa:Enum:Choice:Range, flags 00000000 28 4
                Int 1
                Int 1
                Int 32
            Prop: key Spa:Pod:Object:Param:Buffers:blocks (2), flags 00000000
              Int 1
            Prop: key Spa:Pod:Object:Param:Buffers:BlockInfo:size (3), flags 00000000
              Choice: type Spa:Enum:Choice:Range, flags 00000000 28 4
                Int 32768
                Int 64
                Int 2147483647
            Prop: key Spa:Pod:Object:Param:Buffers:BlockInfo:stride (4), flags 00000000
              Int 4
*	  id:15 (Spa:Enum:ParamId:Latency)
          Object: size 176, type Spa:Pod:Object:Param:Latency (262155), id Spa:Enum:ParamId:Latency (15)
            Prop: key Spa:Pod:Object:Param:Latency:direction (1), flags 00000000
              Id 0        (Spa:Enum:Direction:Input)
            Prop: key Spa:Pod:Object:Param:Latency:minQuantum (2), flags 00000000
              Float 0.000000
            Prop: key Spa:Pod:Object:Param:Latency:maxQuantum (3), flags 00000000
              Float 0.000000
            Prop: key Spa:Pod:Object:Param:Latency:minRate (4), flags 00000000
              Int 0
            Prop: key Spa:Pod:Object:Param:Latency:maxRate (5), flags 00000000
              Int 0
            Prop: key Spa:Pod:Object:Param:Latency:minNs (6), flags 00000000
              Long 27500000
            Prop: key Spa:Pod:Object:Param:Latency:maxNs (7), flags 00000000
              Long 27500000
*	  id:15 (Spa:Enum:ParamId:Latency)
          Object: size 176, type Spa:Pod:Object:Param:Latency (262155), id Spa:Enum:ParamId:Latency (15)
            Prop: key Spa:Pod:Object:Param:Latency:direction (1), flags 00000000
              Id 1        (Spa:Enum:Direction:Output)
            Prop: key Spa:Pod:Object:Param:Latency:minQuantum (2), flags 00000000
              Float 1.000000
            Prop: key Spa:Pod:Object:Param:Latency:maxQuantum (3), flags 00000000
              Float 1.000000
            Prop: key Spa:Pod:Object:Param:Latency:minRate (4), flags 00000000
              Int 512
            Prop: key Spa:Pod:Object:Param:Latency:maxRate (5), flags 00000000
              Int 512
            Prop: key Spa:Pod:Object:Param:Latency:minNs (6), flags 00000000
              Long 0
            Prop: key Spa:Pod:Object:Param:Latency:maxNs (7), flags 00000000
              Long 0
 	properties:
 		format.dsp = "32 bit float mono audio"
 		audio.channel = "FL"
 		port.group = "stream.0"
 		port.id = "0"
 		port.physical = "true"
 		port.terminal = "true"
 		port.direction = "in"
 		object.path = "bluez_output.5C_33_7B_CB_BF_C5.1:input_0"
 		port.name = "input_FL"
 		port.alias = "Pixel 7a:input_FL"
 		node.id = "86"
 		object.id = "87"
 		object.serial = "27"
added:
	id: 89
	permissions: r-xm-
	type: PipeWire:Interface:Port (version 3)
	direction: "output"
 	params:
*	  id:3 (Spa:Enum:ParamId:EnumFormat)
           audio/dsp
                     format : (Id) F32P
*	  id:6 (Spa:Enum:ParamId:Meta)
          Object: size 56, type Spa:Pod:Object:Param:Meta (262149), id Spa:Enum:ParamId:Meta (6)
            Prop: key Spa:Pod:Object:Param:Meta:type (1), flags 00000000
              Id 1        (Spa:Pointer:Meta:Header)
            Prop: key Spa:Pod:Object:Param:Meta:size (2), flags 00000000
              Int 32
*	  id:7 (Spa:Enum:ParamId:IO)
          Object: size 56, type Spa:Pod:Object:Param:IO (262150), id Spa:Enum:ParamId:IO (7)
            Prop: key Spa:Pod:Object:Param:IO:id (1), flags 00000000
              Id 1        (Spa:Enum:IO:Buffers)
            Prop: key Spa:Pod:Object:Param:IO:size (2), flags 00000000
              Int 8
*	  id:7 (Spa:Enum:ParamId:IO)
          Object: size 56, type Spa:Pod:Object:Param:IO (262150), id Spa:Enum:ParamId:IO (7)
            Prop: key Spa:Pod:Object:Param:IO:id (1), flags 00000000
              Id 10       (Spa:Enum:IO:AsyncBuffers)
            Prop: key Spa:Pod:Object:Param:IO:size (2), flags 00000000
              Int 8
*	  id:15 (Spa:Enum:ParamId:Latency)
          Object: size 176, type Spa:Pod:Object:Param:Latency (262155), id Spa:Enum:ParamId:Latency (15)
            Prop: key Spa:Pod:Object:Param:Latency:direction (1), flags 00000000
              Id 0        (Spa:Enum:Direction:Input)
            Prop: key Spa:Pod:Object:Param:Latency:minQuantum (2), flags 00000000
              Float 0.000000
            Prop: key Spa:Pod:Object:Param:Latency:maxQuantum (3), flags 00000000
              Float 0.000000
            Prop: key Spa:Pod:Object:Param:Latency:minRate (4), flags 00000000
              Int 0
            Prop: key Spa:Pod:Object:Param:Latency:maxRate (5), flags 00000000
              Int 0
            Prop: key Spa:Pod:Object:Param:Latency:minNs (6), flags 00000000
              Long 0
            Prop: key Spa:Pod:Object:Param:Latency:maxNs (7), flags 00000000
              Long 0
*	  id:15 (Spa:Enum:ParamId:Latency)
          Object: size 176, type Spa:Pod:Object:Param:Latency (262155), id Spa:Enum:ParamId:Latency (15)
            Prop: key Spa:Pod:Object:Param:Latency:direction (1), flags 00000000
              Id 1        (Spa:Enum:Direction:Output)
            Prop: key Spa:Pod:Object:Param:Latency:minQuantum (2), flags 00000000
              Float 0.000000
            Prop: key Spa:Pod:Object:Param:Latency:maxQuantum (3), flags 00000000
              Float 0.000000
            Prop: key Spa:Pod:Object:Param:Latency:minRate (4), flags 00000000
              Int 0
            Prop: key Spa:Pod:Object:Param:Latency:maxRate (5), flags 00000000
              Int 0
            Prop: key Spa:Pod:Object:Param:Latency:minNs (6), flags 00000000
              Long 0
            Prop: key Spa:Pod:Object:Param:Latency:maxNs (7), flags 00000000
              Long 0
 	properties:
 		format.dsp = "32 bit float mono audio"
 		audio.channel = "FL"
 		port.monitor = "true"
 		port.group = "stream.0"
 		port.id = "0"
 		port.direction = "out"
 		object.path = "bluez_output.5C_33_7B_CB_BF_C5.1:monitor_0"
 		port.name = "monitor_FL"
 		port.alias = "Pixel 7a:monitor_FL"
 		node.id = "86"
 		object.id = "89"
 		object.serial = "10917"
added:
	id: 90
	permissions: r-xm-
	type: PipeWire:Interface:Port (version 3)
	direction: "input"
 	params:
*	  id:3 (Spa:Enum:ParamId:EnumFormat)
           audio/dsp
                     format : (Id) F32P
*	  id:6 (Spa:Enum:ParamId:Meta)
          Object: size 56, type Spa:Pod:Object:Param:Meta (262149), id Spa:Enum:ParamId:Meta (6)
            Prop: key Spa:Pod:Object:Param:Meta:type (1), flags 00000000
              Id 1        (Spa:Pointer:Meta:Header)
            Prop: key Spa:Pod:Object:Param:Meta:size (2), flags 00000000
              Int 32
*	  id:7 (Spa:Enum:ParamId:IO)
          Object: size 56, type Spa:Pod:Object:Param:IO (262150), id Spa:Enum:ParamId:IO (7)
            Prop: key Spa:Pod:Object:Param:IO:id (1), flags 00000000
              Id 1        (Spa:Enum:IO:Buffers)
            Prop: key Spa:Pod:Object:Param:IO:size (2), flags 00000000
              Int 8
*	  id:7 (Spa:Enum:ParamId:IO)
          Object: size 56, type Spa:Pod:Object:Param:IO (262150), id Spa:Enum:ParamId:IO (7)
            Prop: key Spa:Pod:Object:Param:IO:id (1), flags 00000000
              Id 10       (Spa:Enum:IO:AsyncBuffers)
            Prop: key Spa:Pod:Object:Param:IO:size (2), flags 00000000
              Int 8
*	  id:4 (Spa:Enum:ParamId:Format)
           audio/dsp
                     format : (Id) F32P
*	  id:5 (Spa:Enum:ParamId:Buffers)
          Object: size 152, type Spa:Pod:Object:Param:Buffers (262148), id Spa:Enum:ParamId:Buffers (5)
            Prop: key Spa:Pod:Object:Param:Buffers:buffers (1), flags 00000000
              Choice: type Spa:Enum:Choice:Range, flags 00000000 28 4
                Int 1
                Int 1
                Int 32
            Prop: key Spa:Pod:Object:Param:Buffers:blocks (2), flags 00000000
              Int 1
            Prop: key Spa:Pod:Object:Param:Buffers:BlockInfo:size (3), flags 00000000
              Choice: type Spa:Enum:Choice:Range, flags 00000000 28 4
                Int 32768
                Int 64
                Int 2147483647
            Prop: key Spa:Pod:Object:Param:Buffers:BlockInfo:stride (4), flags 00000000
              Int 4
*	  id:15 (Spa:Enum:ParamId:Latency)
          Object: size 176, type Spa:Pod:Object:Param:Latency (262155), id Spa:Enum:ParamId:Latency (15)
            Prop: key Spa:Pod:Object:Param:Latency:direction (1), flags 00000000
              Id 0        (Spa:Enum:Direction:Input)
            Prop: key Spa:Pod:Object:Param:Latency:minQuantum (2), flags 00000000
              Float 0.000000
            Prop: key Spa:Pod:Object:Param:Latency:maxQuantum (3), flags 00000000
              Float 0.000000
            Prop: key Spa:Pod:Object:Param:Latency:minRate (4), flags 00000000
              Int 0
            Prop: key Spa:Pod:Object:Param:Latency:maxRate (5), flags 00000000
              Int 0
            Prop: key Spa:Pod:Object:Param:Latency:minNs (6), flags 00000000
              Long 27500000
            Prop: key Spa:Pod:Object:Param:Latency:maxNs (7), flags 00000000
              Long 27500000
*	  id:15 (Spa:Enum:ParamId:Latency)
          Object: size 176, type Spa:Pod:Object:Param:Latency (262155), id Spa:Enum:ParamId:Latency (15)
            Prop: key Spa:Pod:Object:Param:Latency:direction (1), flags 00000000
              Id 1        (Spa:Enum:Direction:Output)
            Prop: key Spa:Pod:Object:Param:Latency:minQuantum (2), flags 00000000
              Float 1.000000
            Prop: key Spa:Pod:Object:Param:Latency:maxQuantum (3), flags 00000000
              Float 1.000000
            Prop: key Spa:Pod:Object:Param:Latency:minRate (4), flags 00000000
              Int 512
            Prop: key Spa:Pod:Object:Param:Latency:maxRate (5), flags 00000000
              Int 512
            Prop: key Spa:Pod:Object:Param:Latency:minNs (6), flags 00000000
              Long 0
            Prop: key Spa:Pod:Object:Param:Latency:maxNs (7), flags 00000000
              Long 0
 	properties:
 		format.dsp = "32 bit float mono audio"
 		audio.channel = "FR"
 		port.group = "stream.0"
 		port.id = "1"
 		port.physical = "true"
 		port.terminal = "true"
 		port.direction = "in"
 		object.path = "bluez_output.5C_33_7B_CB_BF_C5.1:input_1"
 		port.name = "input_FR"
 		port.alias = "Pixel 7a:input_FR"
 		node.id = "86"
 		object.id = "90"
 		object.serial = "29"
added:
	id: 91
	permissions: r-xm-
	type: PipeWire:Interface:Port (version 3)
	direction: "output"
 	params:
*	  id:3 (Spa:Enum:ParamId:EnumFormat)
           audio/dsp
                     format : (Id) F32P
*	  id:6 (Spa:Enum:ParamId:Meta)
          Object: size 56, type Spa:Pod:Object:Param:Meta (262149), id Spa:Enum:ParamId:Meta (6)
            Prop: key Spa:Pod:Object:Param:Meta:type (1), flags 00000000
              Id 1        (Spa:Pointer:Meta:Header)
            Prop: key Spa:Pod:Object:Param:Meta:size (2), flags 00000000
              Int 32
*	  id:7 (Spa:Enum:ParamId:IO)
          Object: size 56, type Spa:Pod:Object:Param:IO (262150), id Spa:Enum:ParamId:IO (7)
            Prop: key Spa:Pod:Object:Param:IO:id (1), flags 00000000
              Id 1        (Spa:Enum:IO:Buffers)
            Prop: key Spa:Pod:Object:Param:IO:size (2), flags 00000000
              Int 8
*	  id:7 (Spa:Enum:ParamId:IO)
          Object: size 56, type Spa:Pod:Object:Param:IO (262150), id Spa:Enum:ParamId:IO (7)
            Prop: key Spa:Pod:Object:Param:IO:id (1), flags 00000000
              Id 10       (Spa:Enum:IO:AsyncBuffers)
            Prop: key Spa:Pod:Object:Param:IO:size (2), flags 00000000
              Int 8
*	  id:15 (Spa:Enum:ParamId:Latency)
          Object: size 176, type Spa:Pod:Object:Param:Latency (262155), id Spa:Enum:ParamId:Latency (15)
            Prop: key Spa:Pod:Object:Param:Latency:direction (1), flags 00000000
              Id 0        (Spa:Enum:Direction:Input)
            Prop: key Spa:Pod:Object:Param:Latency:minQuantum (2), flags 00000000
              Float 0.000000
            Prop: key Spa:Pod:Object:Param:Latency:maxQuantum (3), flags 00000000
              Float 0.000000
            Prop: key Spa:Pod:Object:Param:Latency:minRate (4), flags 00000000
              Int 0
            Prop: key Spa:Pod:Object:Param:Latency:maxRate (5), flags 00000000
              Int 0
            Prop: key Spa:Pod:Object:Param:Latency:minNs (6), flags 00000000
              Long 0
            Prop: key Spa:Pod:Object:Param:Latency:maxNs (7), flags 00000000
              Long 0
*	  id:15 (Spa:Enum:ParamId:Latency)
          Object: size 176, type Spa:Pod:Object:Param:Latency (262155), id Spa:Enum:ParamId:Latency (15)
            Prop: key Spa:Pod:Object:Param:Latency:direction (1), flags 00000000
              Id 1        (Spa:Enum:Direction:Output)
            Prop: key Spa:Pod:Object:Param:Latency:minQuantum (2), flags 00000000
              Float 0.000000
            Prop: key Spa:Pod:Object:Param:Latency:maxQuantum (3), flags 00000000
              Float 0.000000
            Prop: key Spa:Pod:Object:Param:Latency:minRate (4), flags 00000000
              Int 0
            Prop: key Spa:Pod:Object:Param:Latency:maxRate (5), flags 00000000
              Int 0
            Prop: key Spa:Pod:Object:Param:Latency:minNs (6), flags 00000000
              Long 0
            Prop: key Spa:Pod:Object:Param:Latency:maxNs (7), flags 00000000
              Long 0
 	properties:
 		format.dsp = "32 bit float mono audio"
 		audio.channel = "FR"
 		port.monitor = "true"
 		port.group = "stream.0"
 		port.id = "1"
 		port.direction = "out"
 		object.path = "bluez_output.5C_33_7B_CB_BF_C5.1:monitor_1"
 		port.name = "monitor_FR"
 		port.alias = "Pixel 7a:monitor_FR"
 		node.id = "86"
 		object.id = "91"
 		object.serial = "10919"
added:
	id: 92
	permissions: rwxm-
	type: PipeWire:Interface:Node (version 3)
 	params:
*	  id:3 (Spa:Enum:ParamId:EnumFormat)
           audio/raw
                     format : (Id) F32P
                   channels : (Int) 2
                   position : (Array) < FL, FR >
*	  id:1 (Spa:Enum:ParamId:PropInfo)
          Object: size 104, type Spa:Pod:Object:Param:PropInfo (262145), id Spa:Enum:ParamId:PropInfo (1)
            Prop: key Spa:Pod:Object:Param:PropInfo:id (1), flags 00000000
              Id 65539    (Spa:Pod:Object:Param:Props:volume)
            Prop: key Spa:Pod:Object:Param:PropInfo:description (7), flags 00000000
              String "Volume"
            Prop: key Spa:Pod:Object:Param:PropInfo:type (3), flags 00000000
              Choice: type Spa:Enum:Choice:Range, flags 00000000 28 4
                Float 1.000000
                Float 0.000000
                Float 10.000000
*	  id:1 (Spa:Enum:ParamId:PropInfo)
          Object: size 104, type Spa:Pod:Object:Param:PropInfo (262145), id Spa:Enum:ParamId:PropInfo (1)
            Prop: key Spa:Pod:Object:Param:PropInfo:id (1), flags 00000000
              Id 65540    (Spa:Pod:Object:Param:Props:mute)
            Prop: key Spa:Pod:Object:Param:PropInfo:description (7), flags 00000000
              String "Mute"
            Prop: key Spa:Pod:Object:Param:PropInfo:type (3), flags 00000000
              Choice: type Spa:Enum:Choice:Enum, flags 00000000 28 4
                Bool false
                Bool false
                Bool true
*	  id:1 (Spa:Enum:ParamId:PropInfo)
          Object: size 136, type Spa:Pod:Object:Param:PropInfo (262145), id Spa:Enum:ParamId:PropInfo (1)
            Prop: key Spa:Pod:Object:Param:PropInfo:id (1), flags 00000000
              Id 65544    (Spa:Pod:Object:Param:Props:channelVolumes)
            Prop: key Spa:Pod:Object:Param:PropInfo:description (7), flags 00000000
              String "Channel Volumes"
            Prop: key Spa:Pod:Object:Param:PropInfo:type (3), flags 00000000
              Choice: type Spa:Enum:Choice:Range, flags 00000000 28 4
                Float 1.000000
                Float 0.000000
                Float 10.000000
            Prop: key Spa:Pod:Object:Param:PropInfo:container (5), flags 00000000
              Id 13       (Spa:Array)
*	  id:1 (Spa:Enum:ParamId:PropInfo)
          Object: size 112, type Spa:Pod:Object:Param:PropInfo (262145), id Spa:Enum:ParamId:PropInfo (1)
            Prop: key Spa:Pod:Object:Param:PropInfo:id (1), flags 00000000
              Id 65547    (Spa:Pod:Object:Param:Props:channelMap)
            Prop: key Spa:Pod:Object:Param:PropInfo:description (7), flags 00000000
              String "Channel Map"
            Prop: key Spa:Pod:Object:Param:PropInfo:type (3), flags 00000000
              Id 0        (Spa:)
            Prop: key Spa:Pod:Object:Param:PropInfo:container (5), flags 00000000
              Id 13       (Spa:Array)
*	  id:1 (Spa:Enum:ParamId:PropInfo)
          Object: size 112, type Spa:Pod:Object:Param:PropInfo (262145), id Spa:Enum:ParamId:PropInfo (1)
            Prop: key Spa:Pod:Object:Param:PropInfo:id (1), flags 00000000
              Id 65548    (Spa:Pod:Object:Param:Props:monitorMute)
            Prop: key Spa:Pod:Object:Param:PropInfo:description (7), flags 00000000
              String "Monitor Mute"
            Prop: key Spa:Pod:Object:Param:PropInfo:type (3), flags 00000000
              Choice: type Spa:Enum:Choice:Enum, flags 00000000 28 4
                Bool false
                Bool false
                Bool true
*	  id:1 (Spa:Enum:ParamId:PropInfo)
          Object: size 136, type Spa:Pod:Object:Param:PropInfo (262145), id Spa:Enum:ParamId:PropInfo (1)
            Prop: key Spa:Pod:Object:Param:PropInfo:id (1), flags 00000000
              Id 65549    (Spa:Pod:Object:Param:Props:monitorVolumes)
            Prop: key Spa:Pod:Object:Param:PropInfo:description (7), flags 00000000
              String "Monitor Volumes"
            Prop: key Spa:Pod:Object:Param:PropInfo:type (3), flags 00000000
              Choice: type Spa:Enum:Choice:Range, flags 00000000 28 4
                Float 1.000000
                Float 0.000000
                Float 10.000000
            Prop: key Spa:Pod:Object:Param:PropInfo:container (5), flags 00000000
              Id 13       (Spa:Array)
*	  id:1 (Spa:Enum:ParamId:PropInfo)
          Object: size 112, type Spa:Pod:Object:Param:PropInfo (262145), id Spa:Enum:ParamId:PropInfo (1)
            Prop: key Spa:Pod:Object:Param:PropInfo:id (1), flags 00000000
              Id 65551    (Spa:Pod:Object:Param:Props:softMute)
            Prop: key Spa:Pod:Object:Param:PropInfo:description (7), flags 00000000
              String "Soft Mute"
            Prop: key Spa:Pod:Object:Param:PropInfo:type (3), flags 00000000
              Choice: type Spa:Enum:Choice:Enum, flags 00000000 28 4
                Bool false
                Bool false
                Bool true
*	  id:1 (Spa:Enum:ParamId:PropInfo)
          Object: size 136, type Spa:Pod:Object:Param:PropInfo (262145), id Spa:Enum:ParamId:PropInfo (1)
            Prop: key Spa:Pod:Object:Param:PropInfo:id (1), flags 00000000
              Id 65552    (Spa:Pod:Object:Param:Props:softVolumes)
            Prop: key Spa:Pod:Object:Param:PropInfo:description (7), flags 00000000
              String "Soft Volumes"
            Prop: key Spa:Pod:Object:Param:PropInfo:type (3), flags 00000000
              Choice: type Spa:Enum:Choice:Range, flags 00000000 28 4
                Float 1.000000
                Float 0.000000
                Float 10.000000
            Prop: key Spa:Pod:Object:Param:PropInfo:container (5), flags 00000000
              Id 13       (Spa:Array)
*	  id:1 (Spa:Enum:ParamId:PropInfo)
          Object: size 160, type Spa:Pod:Object:Param:PropInfo (262145), id Spa:Enum:ParamId:PropInfo (1)
            Prop: key Spa:Pod:Object:Param:PropInfo:name (2), flags 00000000
              String "monitor.channel-volumes"
            Prop: key Spa:Pod:Object:Param:PropInfo:description (7), flags 00000000
              String "Monitor channel volume"
            Prop: key Spa:Pod:Object:Param:PropInfo:type (3), flags 00000000
              Choice: type Spa:Enum:Choice:Enum, flags 00000000 28 4
                Bool false
                Bool false
                Bool true
            Prop: key Spa:Pod:Object:Param:PropInfo:params (6), flags 00000000
              Bool true
*	  id:1 (Spa:Enum:ParamId:PropInfo)
          Object: size 160, type Spa:Pod:Object:Param:PropInfo (262145), id Spa:Enum:ParamId:PropInfo (1)
            Prop: key Spa:Pod:Object:Param:PropInfo:name (2), flags 00000000
              String "channelmix.disable"
            Prop: key Spa:Pod:Object:Param:PropInfo:description (7), flags 00000000
              String "Disable Channel mixing"
            Prop: key Spa:Pod:Object:Param:PropInfo:type (3), flags 00000000
              Choice: type Spa:Enum:Choice:Enum, flags 00000000 28 4
                Bool false
                Bool false
                Bool true
            Prop: key Spa:Pod:Object:Param:PropInfo:params (6), flags 00000000
              Bool true
*	  id:1 (Spa:Enum:ParamId:PropInfo)
          Object: size 160, type Spa:Pod:Object:Param:PropInfo (262145), id Spa:Enum:ParamId:PropInfo (1)
            Prop: key Spa:Pod:Object:Param:PropInfo:name (2), flags 00000000
              String "channelmix.min-volume"
            Prop: key Spa:Pod:Object:Param:PropInfo:description (7), flags 00000000
              String "Minimum volume level"
            Prop: key Spa:Pod:Object:Param:PropInfo:type (3), flags 00000000
              Choice: type Spa:Enum:Choice:Range, flags 00000000 28 4
                Float 0.000000
                Float 0.000000
                Float 10.000000
            Prop: key Spa:Pod:Object:Param:PropInfo:params (6), flags 00000000
              Bool true
*	  id:1 (Spa:Enum:ParamId:PropInfo)
          Object: size 160, type Spa:Pod:Object:Param:PropInfo (262145), id Spa:Enum:ParamId:PropInfo (1)
            Prop: key Spa:Pod:Object:Param:PropInfo:name (2), flags 00000000
              String "channelmix.max-volume"
            Prop: key Spa:Pod:Object:Param:PropInfo:description (7), flags 00000000
              String "Maximum volume level"
            Prop: key Spa:Pod:Object:Param:PropInfo:type (3), flags 00000000
              Choice: type Spa:Enum:Choice:Range, flags 00000000 28 4
                Float 10.000000
                Float 0.000000
                Float 10.000000
            Prop: key Spa:Pod:Object:Param:PropInfo:params (6), flags 00000000
              Bool true
*	  id:1 (Spa:Enum:ParamId:PropInfo)
          Object: size 160, type Spa:Pod:Object:Param:PropInfo (262145), id Spa:Enum:ParamId:PropInfo (1)
            Prop: key Spa:Pod:Object:Param:PropInfo:name (2), flags 00000000
              String "channelmix.normalize"
            Prop: key Spa:Pod:Object:Param:PropInfo:description (7), flags 00000000
              String "Normalize Volumes"
            Prop: key Spa:Pod:Object:Param:PropInfo:type (3), flags 00000000
              Choice: type Spa:Enum:Choice:Enum, flags 00000000 28 4
                Bool false
                Bool false
                Bool true
            Prop: key Spa:Pod:Object:Param:PropInfo:params (6), flags 00000000
              Bool true
*	  id:1 (Spa:Enum:ParamId:PropInfo)
          Object: size 160, type Spa:Pod:Object:Param:PropInfo (262145), id Spa:Enum:ParamId:PropInfo (1)
            Prop: key Spa:Pod:Object:Param:PropInfo:name (2), flags 00000000
              String "channelmix.mix-lfe"
            Prop: key Spa:Pod:Object:Param:PropInfo:description (7), flags 00000000
              String "Mix LFE into channels"
            Prop: key Spa:Pod:Object:Param:PropInfo:type (3), flags 00000000
              Choice: type Spa:Enum:Choice:Enum, flags 00000000 28 4
                Bool true
                Bool true
                Bool false
            Prop: key Spa:Pod:Object:Param:PropInfo:params (6), flags 00000000
              Bool true
*	  id:1 (Spa:Enum:ParamId:PropInfo)
          Object: size 152, type Spa:Pod:Object:Param:PropInfo (262145), id Spa:Enum:ParamId:PropInfo (1)
            Prop: key Spa:Pod:Object:Param:PropInfo:name (2), flags 00000000
              String "channelmix.upmix"
            Prop: key Spa:Pod:Object:Param:PropInfo:description (7), flags 00000000
              String "Enable upmixing"
            Prop: key Spa:Pod:Object:Param:PropInfo:type (3), flags 00000000
              Choice: type Spa:Enum:Choice:Enum, flags 00000000 28 4
                Bool true
                Bool true
                Bool false
            Prop: key Spa:Pod:Object:Param:PropInfo:params (6), flags 00000000
              Bool true
*	  id:1 (Spa:Enum:ParamId:PropInfo)
          Object: size 160, type Spa:Pod:Object:Param:PropInfo (262145), id Spa:Enum:ParamId:PropInfo (1)
            Prop: key Spa:Pod:Object:Param:PropInfo:name (2), flags 00000000
              String "channelmix.lfe-cutoff"
            Prop: key Spa:Pod:Object:Param:PropInfo:description (7), flags 00000000
              String "LFE cutoff frequency"
            Prop: key Spa:Pod:Object:Param:PropInfo:type (3), flags 00000000
              Choice: type Spa:Enum:Choice:Range, flags 00000000 28 4
                Float 0.000000
                Float 0.000000
                Float 1000.000000
            Prop: key Spa:Pod:Object:Param:PropInfo:params (6), flags 00000000
              Bool true
*	  id:1 (Spa:Enum:ParamId:PropInfo)
          Object: size 168, type Spa:Pod:Object:Param:PropInfo (262145), id Spa:Enum:ParamId:PropInfo (1)
            Prop: key Spa:Pod:Object:Param:PropInfo:name (2), flags 00000000
              String "channelmix.fc-cutoff"
            Prop: key Spa:Pod:Object:Param:PropInfo:description (7), flags 00000000
              String "FC cutoff frequency (Hz)"
            Prop: key Spa:Pod:Object:Param:PropInfo:type (3), flags 00000000
              Choice: type Spa:Enum:Choice:Range, flags 00000000 28 4
                Float 0.000000
                Float 0.000000
                Float 48000.000000
            Prop: key Spa:Pod:Object:Param:PropInfo:params (6), flags 00000000
              Bool true
*	  id:1 (Spa:Enum:ParamId:PropInfo)
          Object: size 168, type Spa:Pod:Object:Param:PropInfo (262145), id Spa:Enum:ParamId:PropInfo (1)
            Prop: key Spa:Pod:Object:Param:PropInfo:name (2), flags 00000000
              String "channelmix.rear-delay"
            Prop: key Spa:Pod:Object:Param:PropInfo:description (7), flags 00000000
              String "Rear channels delay (ms)"
            Prop: key Spa:Pod:Object:Param:PropInfo:type (3), flags 00000000
              Choice: type Spa:Enum:Choice:Range, flags 00000000 28 4
                Float 0.000000
                Float 0.000000
                Float 1000.000000
            Prop: key Spa:Pod:Object:Param:PropInfo:params (6), flags 00000000
              Bool true
*	  id:1 (Spa:Enum:ParamId:PropInfo)
          Object: size 152, type Spa:Pod:Object:Param:PropInfo (262145), id Spa:Enum:ParamId:PropInfo (1)
            Prop: key Spa:Pod:Object:Param:PropInfo:name (2), flags 00000000
              String "channelmix.stereo-widen"
            Prop: key Spa:Pod:Object:Param:PropInfo:description (7), flags 00000000
              String "Stereo widen"
            Prop: key Spa:Pod:Object:Param:PropInfo:type (3), flags 00000000
              Choice: type Spa:Enum:Choice:Range, flags 00000000 28 4
                Float 0.000000
                Float 0.000000
                Float 1.000000
            Prop: key Spa:Pod:Object:Param:PropInfo:params (6), flags 00000000
              Bool true
*	  id:1 (Spa:Enum:ParamId:PropInfo)
          Object: size 168, type Spa:Pod:Object:Param:PropInfo (262145), id Spa:Enum:ParamId:PropInfo (1)
            Prop: key Spa:Pod:Object:Param:PropInfo:name (2), flags 00000000
              String "channelmix.hilbert-taps"
            Prop: key Spa:Pod:Object:Param:PropInfo:description (7), flags 00000000
              String "Taps for phase shift of rear"
            Prop: key Spa:Pod:Object:Param:PropInfo:type (3), flags 00000000
              Choice: type Spa:Enum:Choice:Range, flags 00000000 28 4
                Int 0
                Int 0
                Int 255
            Prop: key Spa:Pod:Object:Param:PropInfo:params (6), flags 00000000
              Bool true
*	  id:1 (Spa:Enum:ParamId:PropInfo)
          Object: size 288, type Spa:Pod:Object:Param:PropInfo (262145), id Spa:Enum:ParamId:PropInfo (1)
            Prop: key Spa:Pod:Object:Param:PropInfo:name (2), flags 00000000
              String "channelmix.upmix-method"
            Prop: key Spa:Pod:Object:Param:PropInfo:description (7), flags 00000000
              String "Upmix method to use"
            Prop: key Spa:Pod:Object:Param:PropInfo:type (3), flags 00000000
              String "none"
            Prop: key Spa:Pod:Object:Param:PropInfo:params (6), flags 00000000
              Bool true
            Prop: key Spa:Pod:Object:Param:PropInfo:labels (4), flags 00000000
              Struct: size 136
                String "none"
                String "Disabled"
                String "simple"
                String "Simple upmixing"
                String "psd"
                String "Passive Surround Decoding"
*	  id:1 (Spa:Enum:ParamId:PropInfo)
          Object: size 120, type Spa:Pod:Object:Param:PropInfo (262145), id Spa:Enum:ParamId:PropInfo (1)
            Prop: key Spa:Pod:Object:Param:PropInfo:id (1), flags 00000000
              Id 268      (Spa:Pod:Object:Param:Props:rate)
            Prop: key Spa:Pod:Object:Param:PropInfo:description (7), flags 00000000
              String "Rate scaler"
            Prop: key Spa:Pod:Object:Param:PropInfo:type (3), flags 00000000
              Choice: type Spa:Enum:Choice:Range, flags 00000000 40 8
                Double 1.000000
                Double 0.000000
                Double 10.000000
*	  id:1 (Spa:Enum:ParamId:PropInfo)
          Object: size 184, type Spa:Pod:Object:Param:PropInfo (262145), id Spa:Enum:ParamId:PropInfo (1)
            Prop: key Spa:Pod:Object:Param:PropInfo:id (1), flags 00000000
              Id 269      (Spa:Pod:Object:Param:Props:quality)
            Prop: key Spa:Pod:Object:Param:PropInfo:name (2), flags 00000000
              String "resample.quality"
            Prop: key Spa:Pod:Object:Param:PropInfo:description (7), flags 00000000
              String "Resample Quality"
            Prop: key Spa:Pod:Object:Param:PropInfo:type (3), flags 00000000
              Choice: type Spa:Enum:Choice:Range, flags 00000000 28 4
                Int 4
                Int 0
                Int 14
            Prop: key Spa:Pod:Object:Param:PropInfo:params (6), flags 00000000
              Bool true
*	  id:1 (Spa:Enum:ParamId:PropInfo)
          Object: size 160, type Spa:Pod:Object:Param:PropInfo (262145), id Spa:Enum:ParamId:PropInfo (1)
            Prop: key Spa:Pod:Object:Param:PropInfo:name (2), flags 00000000
              String "resample.disable"
            Prop: key Spa:Pod:Object:Param:PropInfo:description (7), flags 00000000
              String "Disable Resampling"
            Prop: key Spa:Pod:Object:Param:PropInfo:type (3), flags 00000000
              Choice: type Spa:Enum:Choice:Enum, flags 00000000 28 4
                Bool true
                Bool true
                Bool false
            Prop: key Spa:Pod:Object:Param:PropInfo:params (6), flags 00000000
              Bool true
*	  id:1 (Spa:Enum:ParamId:PropInfo)
          Object: size 144, type Spa:Pod:Object:Param:PropInfo (262145), id Spa:Enum:ParamId:PropInfo (1)
            Prop: key Spa:Pod:Object:Param:PropInfo:name (2), flags 00000000
              String "dither.noise"
            Prop: key Spa:Pod:Object:Param:PropInfo:description (7), flags 00000000
              String "Add noise bits"
            Prop: key Spa:Pod:Object:Param:PropInfo:type (3), flags 00000000
              Choice: type Spa:Enum:Choice:Range, flags 00000000 28 4
                Int 0
                Int 0
                Int 16
            Prop: key Spa:Pod:Object:Param:PropInfo:params (6), flags 00000000
              Bool true
*	  id:1 (Spa:Enum:ParamId:PropInfo)
          Object: size 464, type Spa:Pod:Object:Param:PropInfo (262145), id Spa:Enum:ParamId:PropInfo (1)
            Prop: key Spa:Pod:Object:Param:PropInfo:name (2), flags 00000000
              String "dither.method"
            Prop: key Spa:Pod:Object:Param:PropInfo:description (7), flags 00000000
              String "The dithering method"
            Prop: key Spa:Pod:Object:Param:PropInfo:type (3), flags 00000000
              String "none"
            Prop: key Spa:Pod:Object:Param:PropInfo:params (6), flags 00000000
              Bool true
            Prop: key Spa:Pod:Object:Param:PropInfo:labels (4), flags 00000000
              Struct: size 320
                String "none"
                String "Disabled"
                String "rectangular"
                String "Rectangular dithering"
                String "triangular"
                String "Triangular dithering"
                String "triangular-hf"
                String "Sloped Triangular dithering"
                String "wannamaker3"
                String "Wannamaker 3 dithering"
                String "shaped5"
                String "Lipshitz 5 dithering"
*	  id:1 (Spa:Enum:ParamId:PropInfo)
          Object: size 128, type Spa:Pod:Object:Param:PropInfo (262145), id Spa:Enum:ParamId:PropInfo (1)
            Prop: key Spa:Pod:Object:Param:PropInfo:name (2), flags 00000000
              String "debug.wav-path"
            Prop: key Spa:Pod:Object:Param:PropInfo:description (7), flags 00000000
              String "Path to WAV file"
            Prop: key Spa:Pod:Object:Param:PropInfo:type (3), flags 00000000
              String ""
            Prop: key Spa:Pod:Object:Param:PropInfo:params (6), flags 00000000
              Bool true
*	  id:1 (Spa:Enum:ParamId:PropInfo)
          Object: size 160, type Spa:Pod:Object:Param:PropInfo (262145), id Spa:Enum:ParamId:PropInfo (1)
            Prop: key Spa:Pod:Object:Param:PropInfo:name (2), flags 00000000
              String "channelmix.lock-volumes"
            Prop: key Spa:Pod:Object:Param:PropInfo:description (7), flags 00000000
              String "Disable volume updates"
            Prop: key Spa:Pod:Object:Param:PropInfo:type (3), flags 00000000
              Choice: type Spa:Enum:Choice:Enum, flags 00000000 28 4
                Bool false
                Bool false
                Bool true
            Prop: key Spa:Pod:Object:Param:PropInfo:params (6), flags 00000000
              Bool true
*	  id:1 (Spa:Enum:ParamId:PropInfo)
          Object: size 184, type Spa:Pod:Object:Param:PropInfo (262145), id Spa:Enum:ParamId:PropInfo (1)
            Prop: key Spa:Pod:Object:Param:PropInfo:name (2), flags 00000000
              String "audioconvert.filter-graph.disable"
            Prop: key Spa:Pod:Object:Param:PropInfo:description (7), flags 00000000
              String "Disable Filter graph updates"
            Prop: key Spa:Pod:Object:Param:PropInfo:type (3), flags 00000000
              Choice: type Spa:Enum:Choice:Enum, flags 00000000 28 4
                Bool false
                Bool false
                Bool true
            Prop: key Spa:Pod:Object:Param:PropInfo:params (6), flags 00000000
              Bool true
*	  id:1 (Spa:Enum:ParamId:PropInfo)
          Object: size 144, type Spa:Pod:Object:Param:PropInfo (262145), id Spa:Enum:ParamId:PropInfo (1)
            Prop: key Spa:Pod:Object:Param:PropInfo:name (2), flags 00000000
              String "audioconvert.filter-graph"
            Prop: key Spa:Pod:Object:Param:PropInfo:description (7), flags 00000000
              String "A filter graph to load"
            Prop: key Spa:Pod:Object:Param:PropInfo:type (3), flags 00000000
              String ""
            Prop: key Spa:Pod:Object:Param:PropInfo:params (6), flags 00000000
              Bool true
*	  id:2 (Spa:Enum:ParamId:Props)
          Object: size 1256, type Spa:Pod:Object:Param:Props (262146), id Spa:Enum:ParamId:Props (2)
            Prop: key Spa:Pod:Object:Param:Props:volume (65539), flags 00000000
              Float 1.000000
            Prop: key Spa:Pod:Object:Param:Props:mute (65540), flags 00000000
              Bool false
            Prop: key Spa:Pod:Object:Param:Props:channelVolumes (65544), flags 00000000
              Array: child.size 4, child.type Spa:Float
                Float 1.000000
                Float 1.000000
            Prop: key Spa:Pod:Object:Param:Props:channelMap (65547), flags 00000000
              Array: child.size 4, child.type Spa:Id
                Id 3        (Spa:Enum:AudioChannel:FL)
                Id 4        (Spa:Enum:AudioChannel:FR)
            Prop: key Spa:Pod:Object:Param:Props:softMute (65551), flags 00000000
              Bool false
            Prop: key Spa:Pod:Object:Param:Props:softVolumes (65552), flags 00000000
              Array: child.size 4, child.type Spa:Float
                Float 1.000000
                Float 1.000000
            Prop: key Spa:Pod:Object:Param:Props:monitorMute (65548), flags 00000000
              Bool false
            Prop: key Spa:Pod:Object:Param:Props:monitorVolumes (65549), flags 00000000
              Array: child.size 4, child.type Spa:Float
                Float 1.000000
                Float 1.000000
            Prop: key Spa:Pod:Object:Param:Props:params (524289), flags 00000000
              Struct: size 1008
                String "monitor.channel-volumes"
                Bool false
                String "channelmix.disable"
                Bool false
                String "channelmix.min-volume"
                Float 0.000000
                String "channelmix.max-volume"
                Float 10.000000
                String "channelmix.normalize"
                Bool false
                String "channelmix.mix-lfe"
                Bool true
                String "channelmix.upmix"
                Bool true
                String "channelmix.lfe-cutoff"
                Float 0.000000
                String "channelmix.fc-cutoff"
                Float 0.000000
                String "channelmix.rear-delay"
                Float 0.000000
                String "channelmix.stereo-widen"
                Float 0.000000
                String "channelmix.hilbert-taps"
                Int 0
                String "channelmix.upmix-method"
                String "none"
                String "resample.quality"
                Int 4
                String "resample.disable"
                Bool true
                String "dither.noise"
                Int 0
                String "dither.method"
                String "none"
                String "debug.wav-path"
                String ""
                String "channelmix.lock-volumes"
                Bool false
                String "audioconvert.filter-graph.disable"
                Bool false
                String "audioconvert.filter-graph"
                String ""
*	  id:4 (Spa:Enum:ParamId:Format)
           audio/raw
                     format : (Id) F32P
                   channels : (Int) 2
                   position : (Array) < FL, FR >
*	  id:10 (Spa:Enum:ParamId:EnumPortConfig)
          Object: size 192, type Spa:Pod:Object:Param:PortConfig (262152), id Spa:Enum:ParamId:EnumPortConfig (10)
            Prop: key Spa:Pod:Object:Param:PortConfig:direction (1), flags 00000000
              Choice: type Spa:Enum:Choice:None, flags 00000000 20 4
                Id 1        (Spa:Enum:Direction:Output)
            Prop: key Spa:Pod:Object:Param:PortConfig:mode (2), flags 00000000
              Choice: type Spa:Enum:Choice:Enum, flags 00000000 32 4
                Id 0        (Spa:Enum:ParamPortConfigMode:none)
                Id 0        (Spa:Enum:ParamPortConfigMode:none)
                Id 3        (Spa:Enum:ParamPortConfigMode:dsp)
                Id 2        (Spa:Enum:ParamPortConfigMode:convert)
            Prop: key Spa:Pod:Object:Param:PortConfig:monitor (3), flags 00000000
              Choice: type Spa:Enum:Choice:Enum, flags 00000000 28 4
                Bool false
                Bool false
                Bool true
            Prop: key Spa:Pod:Object:Param:PortConfig:control (4), flags 00000000
              Choice: type Spa:Enum:Choice:Enum, flags 00000000 28 4
                Bool false
                Bool false
                Bool true
*	  id:11 (Spa:Enum:ParamId:PortConfig)
          Object: size 272, type Spa:Pod:Object:Param:PortConfig (262152), id Spa:Enum:ParamId:PortConfig (11)
            Prop: key Spa:Pod:Object:Param:PortConfig:direction (1), flags 00000000
              Choice: type Spa:Enum:Choice:None, flags 00000000 20 4
                Id 1        (Spa:Enum:Direction:Output)
            Prop: key Spa:Pod:Object:Param:PortConfig:mode (2), flags 00000000
              Id 3        (Spa:Enum:ParamPortConfigMode:dsp)
            Prop: key Spa:Pod:Object:Param:PortConfig:monitor (3), flags 00000000
              Bool true
            Prop: key Spa:Pod:Object:Param:PortConfig:control (4), flags 00000000
              Bool false
            Prop: key Spa:Pod:Object:Param:PortConfig:format (5), flags 00000000
              Object: size 136, type Spa:Pod:Object:Param:Format (262147), id Spa:Enum:ParamId:Buffers (5)
                Prop: key Spa:Pod:Object:Param:Format:mediaType (1), flags 00000000
                  Id 1        (Spa:Enum:MediaType:audio)
                Prop: key Spa:Pod:Object:Param:Format:mediaSubtype (2), flags 00000000
                  Id 1        (Spa:Enum:MediaSubtype:raw)
                Prop: key Spa:Pod:Object:Param:Format:Audio:format (65537), flags 00000000
                  Id 518      (Spa:Enum:AudioFormat:F32P)
                Prop: key Spa:Pod:Object:Param:Format:Audio:channels (65540), flags 00000000
                  Int 2
                Prop: key Spa:Pod:Object:Param:Format:Audio:position (65541), flags 00000000
                  Array: child.size 4, child.type Spa:Id
                    Id 3        (Spa:Enum:AudioChannel:FL)
                    Id 4        (Spa:Enum:AudioChannel:FR)
*	  id:15 (Spa:Enum:ParamId:Latency)
          Object: size 176, type Spa:Pod:Object:Param:Latency (262155), id Spa:Enum:ParamId:Latency (15)
            Prop: key Spa:Pod:Object:Param:Latency:direction (1), flags 00000000
              Id 0        (Spa:Enum:Direction:Input)
            Prop: key Spa:Pod:Object:Param:Latency:minQuantum (2), flags 00000000
              Float 0.000000
            Prop: key Spa:Pod:Object:Param:Latency:maxQuantum (3), flags 00000000
              Float 0.000000
            Prop: key Spa:Pod:Object:Param:Latency:minRate (4), flags 00000000
              Int 0
            Prop: key Spa:Pod:Object:Param:Latency:maxRate (5), flags 00000000
              Int 0
            Prop: key Spa:Pod:Object:Param:Latency:minNs (6), flags 00000000
              Long 27500000
            Prop: key Spa:Pod:Object:Param:Latency:maxNs (7), flags 00000000
              Long 27500000
*	  id:15 (Spa:Enum:ParamId:Latency)
          Object: size 176, type Spa:Pod:Object:Param:Latency (262155), id Spa:Enum:ParamId:Latency (15)
            Prop: key Spa:Pod:Object:Param:Latency:direction (1), flags 00000000
              Id 1        (Spa:Enum:Direction:Output)
            Prop: key Spa:Pod:Object:Param:Latency:minQuantum (2), flags 00000000
              Float 1.000000
            Prop: key Spa:Pod:Object:Param:Latency:maxQuantum (3), flags 00000000
              Float 1.000000
            Prop: key Spa:Pod:Object:Param:Latency:minRate (4), flags 00000000
              Int 512
            Prop: key Spa:Pod:Object:Param:Latency:maxRate (5), flags 00000000
              Int 512
            Prop: key Spa:Pod:Object:Param:Latency:minNs (6), flags 00000000
              Long 0
            Prop: key Spa:Pod:Object:Param:Latency:maxNs (7), flags 00000000
              Long 0
 	input ports: 0/0
 	output ports: 2/65
 	state: "running"
 	properties:
 		target.object = "bluez_output.5C_33_7B_CB_BF_C5.1"
 		node.group = "pw-loopback-33227"
 		audio.channels = "1"
 		audio.position = "[ FL, FR ]"
 		node.link-group = "loopback-33227-20"
 		node.virtual = "true"
 		resample.prefill = "true"
 		node.name = "output.bridge.mic"
 		node.description = "bridge.mic"
 		resample.disable = "true"
 		media.name = "bridge.mic output"
 		stream.is-live = "true"
 		node.want-driver = "true"
 		node.autoconnect = "true"
 		node.trigger = "true"
 		media.class = "Stream/Output/Audio"
 		port.group = "stream.0"
 		adapt.follower.spa-node = ""
 		object.register = "false"
 		factory.id = "9"
 		clock.quantum-limit = "8192"
 		node.loop.name = "data-loop.0"
 		library.name = "audioconvert/libspa-audioconvert"
 		client.id = "93"
 		object.id = "92"
 		object.serial = "10932"
 		node.driver-id = "55"
added:
	id: 95
	permissions: rwxm-
	type: PipeWire:Interface:Node (version 3)
 	params:
*	  id:3 (Spa:Enum:ParamId:EnumFormat)
           audio/raw
                     format : (Id) F32P
                   channels : (Int) 2
                   position : (Array) < FL, FR >
*	  id:1 (Spa:Enum:ParamId:PropInfo)
          Object: size 104, type Spa:Pod:Object:Param:PropInfo (262145), id Spa:Enum:ParamId:PropInfo (1)
            Prop: key Spa:Pod:Object:Param:PropInfo:id (1), flags 00000000
              Id 65539    (Spa:Pod:Object:Param:Props:volume)
            Prop: key Spa:Pod:Object:Param:PropInfo:description (7), flags 00000000
              String "Volume"
            Prop: key Spa:Pod:Object:Param:PropInfo:type (3), flags 00000000
              Choice: type Spa:Enum:Choice:Range, flags 00000000 28 4
                Float 1.000000
                Float 0.000000
                Float 10.000000
*	  id:1 (Spa:Enum:ParamId:PropInfo)
          Object: size 104, type Spa:Pod:Object:Param:PropInfo (262145), id Spa:Enum:ParamId:PropInfo (1)
            Prop: key Spa:Pod:Object:Param:PropInfo:id (1), flags 00000000
              Id 65540    (Spa:Pod:Object:Param:Props:mute)
            Prop: key Spa:Pod:Object:Param:PropInfo:description (7), flags 00000000
              String "Mute"
            Prop: key Spa:Pod:Object:Param:PropInfo:type (3), flags 00000000
              Choice: type Spa:Enum:Choice:Enum, flags 00000000 28 4
                Bool false
                Bool false
                Bool true
*	  id:1 (Spa:Enum:ParamId:PropInfo)
          Object: size 136, type Spa:Pod:Object:Param:PropInfo (262145), id Spa:Enum:ParamId:PropInfo (1)
            Prop: key Spa:Pod:Object:Param:PropInfo:id (1), flags 00000000
              Id 65544    (Spa:Pod:Object:Param:Props:channelVolumes)
            Prop: key Spa:Pod:Object:Param:PropInfo:description (7), flags 00000000
              String "Channel Volumes"
            Prop: key Spa:Pod:Object:Param:PropInfo:type (3), flags 00000000
              Choice: type Spa:Enum:Choice:Range, flags 00000000 28 4
                Float 1.000000
                Float 0.000000
                Float 10.000000
            Prop: key Spa:Pod:Object:Param:PropInfo:container (5), flags 00000000
              Id 13       (Spa:Array)
*	  id:1 (Spa:Enum:ParamId:PropInfo)
          Object: size 112, type Spa:Pod:Object:Param:PropInfo (262145), id Spa:Enum:ParamId:PropInfo (1)
            Prop: key Spa:Pod:Object:Param:PropInfo:id (1), flags 00000000
              Id 65547    (Spa:Pod:Object:Param:Props:channelMap)
            Prop: key Spa:Pod:Object:Param:PropInfo:description (7), flags 00000000
              String "Channel Map"
            Prop: key Spa:Pod:Object:Param:PropInfo:type (3), flags 00000000
              Id 0        (Spa:)
            Prop: key Spa:Pod:Object:Param:PropInfo:container (5), flags 00000000
              Id 13       (Spa:Array)
*	  id:1 (Spa:Enum:ParamId:PropInfo)
          Object: size 112, type Spa:Pod:Object:Param:PropInfo (262145), id Spa:Enum:ParamId:PropInfo (1)
            Prop: key Spa:Pod:Object:Param:PropInfo:id (1), flags 00000000
              Id 65548    (Spa:Pod:Object:Param:Props:monitorMute)
            Prop: key Spa:Pod:Object:Param:PropInfo:description (7), flags 00000000
              String "Monitor Mute"
            Prop: key Spa:Pod:Object:Param:PropInfo:type (3), flags 00000000
              Choice: type Spa:Enum:Choice:Enum, flags 00000000 28 4
                Bool false
                Bool false
                Bool true
*	  id:1 (Spa:Enum:ParamId:PropInfo)
          Object: size 136, type Spa:Pod:Object:Param:PropInfo (262145), id Spa:Enum:ParamId:PropInfo (1)
            Prop: key Spa:Pod:Object:Param:PropInfo:id (1), flags 00000000
              Id 65549    (Spa:Pod:Object:Param:Props:monitorVolumes)
            Prop: key Spa:Pod:Object:Param:PropInfo:description (7), flags 00000000
              String "Monitor Volumes"
            Prop: key Spa:Pod:Object:Param:PropInfo:type (3), flags 00000000
              Choice: type Spa:Enum:Choice:Range, flags 00000000 28 4
                Float 1.000000
                Float 0.000000
                Float 10.000000
            Prop: key Spa:Pod:Object:Param:PropInfo:container (5), flags 00000000
              Id 13       (Spa:Array)
*	  id:1 (Spa:Enum:ParamId:PropInfo)
          Object: size 112, type Spa:Pod:Object:Param:PropInfo (262145), id Spa:Enum:ParamId:PropInfo (1)
            Prop: key Spa:Pod:Object:Param:PropInfo:id (1), flags 00000000
              Id 65551    (Spa:Pod:Object:Param:Props:softMute)
            Prop: key Spa:Pod:Object:Param:PropInfo:description (7), flags 00000000
              String "Soft Mute"
            Prop: key Spa:Pod:Object:Param:PropInfo:type (3), flags 00000000
              Choice: type Spa:Enum:Choice:Enum, flags 00000000 28 4
                Bool false
                Bool false
                Bool true
*	  id:1 (Spa:Enum:ParamId:PropInfo)
          Object: size 136, type Spa:Pod:Object:Param:PropInfo (262145), id Spa:Enum:ParamId:PropInfo (1)
            Prop: key Spa:Pod:Object:Param:PropInfo:id (1), flags 00000000
              Id 65552    (Spa:Pod:Object:Param:Props:softVolumes)
            Prop: key Spa:Pod:Object:Param:PropInfo:description (7), flags 00000000
              String "Soft Volumes"
            Prop: key Spa:Pod:Object:Param:PropInfo:type (3), flags 00000000
              Choice: type Spa:Enum:Choice:Range, flags 00000000 28 4
                Float 1.000000
                Float 0.000000
                Float 10.000000
            Prop: key Spa:Pod:Object:Param:PropInfo:container (5), flags 00000000
              Id 13       (Spa:Array)
*	  id:1 (Spa:Enum:ParamId:PropInfo)
          Object: size 160, type Spa:Pod:Object:Param:PropInfo (262145), id Spa:Enum:ParamId:PropInfo (1)
            Prop: key Spa:Pod:Object:Param:PropInfo:name (2), flags 00000000
              String "monitor.channel-volumes"
            Prop: key Spa:Pod:Object:Param:PropInfo:description (7), flags 00000000
              String "Monitor channel volume"
            Prop: key Spa:Pod:Object:Param:PropInfo:type (3), flags 00000000
              Choice: type Spa:Enum:Choice:Enum, flags 00000000 28 4
                Bool false
                Bool false
                Bool true
            Prop: key Spa:Pod:Object:Param:PropInfo:params (6), flags 00000000
              Bool true
*	  id:1 (Spa:Enum:ParamId:PropInfo)
          Object: size 160, type Spa:Pod:Object:Param:PropInfo (262145), id Spa:Enum:ParamId:PropInfo (1)
            Prop: key Spa:Pod:Object:Param:PropInfo:name (2), flags 00000000
              String "channelmix.disable"
            Prop: key Spa:Pod:Object:Param:PropInfo:description (7), flags 00000000
              String "Disable Channel mixing"
            Prop: key Spa:Pod:Object:Param:PropInfo:type (3), flags 00000000
              Choice: type Spa:Enum:Choice:Enum, flags 00000000 28 4
                Bool false
                Bool false
                Bool true
            Prop: key Spa:Pod:Object:Param:PropInfo:params (6), flags 00000000
              Bool true
*	  id:1 (Spa:Enum:ParamId:PropInfo)
          Object: size 160, type Spa:Pod:Object:Param:PropInfo (262145), id Spa:Enum:ParamId:PropInfo (1)
            Prop: key Spa:Pod:Object:Param:PropInfo:name (2), flags 00000000
              String "channelmix.min-volume"
            Prop: key Spa:Pod:Object:Param:PropInfo:description (7), flags 00000000
              String "Minimum volume level"
            Prop: key Spa:Pod:Object:Param:PropInfo:type (3), flags 00000000
              Choice: type Spa:Enum:Choice:Range, flags 00000000 28 4
                Float 0.000000
                Float 0.000000
                Float 10.000000
            Prop: key Spa:Pod:Object:Param:PropInfo:params (6), flags 00000000
              Bool true
*	  id:1 (Spa:Enum:ParamId:PropInfo)
          Object: size 160, type Spa:Pod:Object:Param:PropInfo (262145), id Spa:Enum:ParamId:PropInfo (1)
            Prop: key Spa:Pod:Object:Param:PropInfo:name (2), flags 00000000
              String "channelmix.max-volume"
            Prop: key Spa:Pod:Object:Param:PropInfo:description (7), flags 00000000
              String "Maximum volume level"
            Prop: key Spa:Pod:Object:Param:PropInfo:type (3), flags 00000000
              Choice: type Spa:Enum:Choice:Range, flags 00000000 28 4
                Float 10.000000
                Float 0.000000
                Float 10.000000
            Prop: key Spa:Pod:Object:Param:PropInfo:params (6), flags 00000000
              Bool true
*	  id:1 (Spa:Enum:ParamId:PropInfo)
          Object: size 160, type Spa:Pod:Object:Param:PropInfo (262145), id Spa:Enum:ParamId:PropInfo (1)
            Prop: key Spa:Pod:Object:Param:PropInfo:name (2), flags 00000000
              String "channelmix.normalize"
            Prop: key Spa:Pod:Object:Param:PropInfo:description (7), flags 00000000
              String "Normalize Volumes"
            Prop: key Spa:Pod:Object:Param:PropInfo:type (3), flags 00000000
              Choice: type Spa:Enum:Choice:Enum, flags 00000000 28 4
                Bool false
                Bool false
                Bool true
            Prop: key Spa:Pod:Object:Param:PropInfo:params (6), flags 00000000
              Bool true
*	  id:1 (Spa:Enum:ParamId:PropInfo)
          Object: size 160, type Spa:Pod:Object:Param:PropInfo (262145), id Spa:Enum:ParamId:PropInfo (1)
            Prop: key Spa:Pod:Object:Param:PropInfo:name (2), flags 00000000
              String "channelmix.mix-lfe"
            Prop: key Spa:Pod:Object:Param:PropInfo:description (7), flags 00000000
              String "Mix LFE into channels"
            Prop: key Spa:Pod:Object:Param:PropInfo:type (3), flags 00000000
              Choice: type Spa:Enum:Choice:Enum, flags 00000000 28 4
                Bool true
                Bool true
                Bool false
            Prop: key Spa:Pod:Object:Param:PropInfo:params (6), flags 00000000
              Bool true
*	  id:1 (Spa:Enum:ParamId:PropInfo)
          Object: size 152, type Spa:Pod:Object:Param:PropInfo (262145), id Spa:Enum:ParamId:PropInfo (1)
            Prop: key Spa:Pod:Object:Param:PropInfo:name (2), flags 00000000
              String "channelmix.upmix"
            Prop: key Spa:Pod:Object:Param:PropInfo:description (7), flags 00000000
              String "Enable upmixing"
            Prop: key Spa:Pod:Object:Param:PropInfo:type (3), flags 00000000
              Choice: type Spa:Enum:Choice:Enum, flags 00000000 28 4
                Bool true
                Bool true
                Bool false
            Prop: key Spa:Pod:Object:Param:PropInfo:params (6), flags 00000000
              Bool true
*	  id:1 (Spa:Enum:ParamId:PropInfo)
          Object: size 160, type Spa:Pod:Object:Param:PropInfo (262145), id Spa:Enum:ParamId:PropInfo (1)
            Prop: key Spa:Pod:Object:Param:PropInfo:name (2), flags 00000000
              String "channelmix.lfe-cutoff"
            Prop: key Spa:Pod:Object:Param:PropInfo:description (7), flags 00000000
              String "LFE cutoff frequency"
            Prop: key Spa:Pod:Object:Param:PropInfo:type (3), flags 00000000
              Choice: type Spa:Enum:Choice:Range, flags 00000000 28 4
                Float 0.000000
                Float 0.000000
                Float 1000.000000
            Prop: key Spa:Pod:Object:Param:PropInfo:params (6), flags 00000000
              Bool true
*	  id:1 (Spa:Enum:ParamId:PropInfo)
          Object: size 168, type Spa:Pod:Object:Param:PropInfo (262145), id Spa:Enum:ParamId:PropInfo (1)
            Prop: key Spa:Pod:Object:Param:PropInfo:name (2), flags 00000000
              String "channelmix.fc-cutoff"
            Prop: key Spa:Pod:Object:Param:PropInfo:description (7), flags 00000000
              String "FC cutoff frequency (Hz)"
            Prop: key Spa:Pod:Object:Param:PropInfo:type (3), flags 00000000
              Choice: type Spa:Enum:Choice:Range, flags 00000000 28 4
                Float 0.000000
                Float 0.000000
                Float 48000.000000
            Prop: key Spa:Pod:Object:Param:PropInfo:params (6), flags 00000000
              Bool true
*	  id:1 (Spa:Enum:ParamId:PropInfo)
          Object: size 168, type Spa:Pod:Object:Param:PropInfo (262145), id Spa:Enum:ParamId:PropInfo (1)
            Prop: key Spa:Pod:Object:Param:PropInfo:name (2), flags 00000000
              String "channelmix.rear-delay"
            Prop: key Spa:Pod:Object:Param:PropInfo:description (7), flags 00000000
              String "Rear channels delay (ms)"
            Prop: key Spa:Pod:Object:Param:PropInfo:type (3), flags 00000000
              Choice: type Spa:Enum:Choice:Range, flags 00000000 28 4
                Float 0.000000
                Float 0.000000
                Float 1000.000000
            Prop: key Spa:Pod:Object:Param:PropInfo:params (6), flags 00000000
              Bool true
*	  id:1 (Spa:Enum:ParamId:PropInfo)
          Object: size 152, type Spa:Pod:Object:Param:PropInfo (262145), id Spa:Enum:ParamId:PropInfo (1)
            Prop: key Spa:Pod:Object:Param:PropInfo:name (2), flags 00000000
              String "channelmix.stereo-widen"
            Prop: key Spa:Pod:Object:Param:PropInfo:description (7), flags 00000000
              String "Stereo widen"
            Prop: key Spa:Pod:Object:Param:PropInfo:type (3), flags 00000000
              Choice: type Spa:Enum:Choice:Range, flags 00000000 28 4
                Float 0.000000
                Float 0.000000
                Float 1.000000
            Prop: key Spa:Pod:Object:Param:PropInfo:params (6), flags 00000000
              Bool true
*	  id:1 (Spa:Enum:ParamId:PropInfo)
          Object: size 168, type Spa:Pod:Object:Param:PropInfo (262145), id Spa:Enum:ParamId:PropInfo (1)
            Prop: key Spa:Pod:Object:Param:PropInfo:name (2), flags 00000000
              String "channelmix.hilbert-taps"
            Prop: key Spa:Pod:Object:Param:PropInfo:description (7), flags 00000000
              String "Taps for phase shift of rear"
            Prop: key Spa:Pod:Object:Param:PropInfo:type (3), flags 00000000
              Choice: type Spa:Enum:Choice:Range, flags 00000000 28 4
                Int 0
                Int 0
                Int 255
            Prop: key Spa:Pod:Object:Param:PropInfo:params (6), flags 00000000
              Bool true
*	  id:1 (Spa:Enum:ParamId:PropInfo)
          Object: size 288, type Spa:Pod:Object:Param:PropInfo (262145), id Spa:Enum:ParamId:PropInfo (1)
            Prop: key Spa:Pod:Object:Param:PropInfo:name (2), flags 00000000
              String "channelmix.upmix-method"
            Prop: key Spa:Pod:Object:Param:PropInfo:description (7), flags 00000000
              String "Upmix method to use"
            Prop: key Spa:Pod:Object:Param:PropInfo:type (3), flags 00000000
              String "none"
            Prop: key Spa:Pod:Object:Param:PropInfo:params (6), flags 00000000
              Bool true
            Prop: key Spa:Pod:Object:Param:PropInfo:labels (4), flags 00000000
              Struct: size 136
                String "none"
                String "Disabled"
                String "simple"
                String "Simple upmixing"
                String "psd"
                String "Passive Surround Decoding"
*	  id:1 (Spa:Enum:ParamId:PropInfo)
          Object: size 120, type Spa:Pod:Object:Param:PropInfo (262145), id Spa:Enum:ParamId:PropInfo (1)
            Prop: key Spa:Pod:Object:Param:PropInfo:id (1), flags 00000000
              Id 268      (Spa:Pod:Object:Param:Props:rate)
            Prop: key Spa:Pod:Object:Param:PropInfo:description (7), flags 00000000
              String "Rate scaler"
            Prop: key Spa:Pod:Object:Param:PropInfo:type (3), flags 00000000
              Choice: type Spa:Enum:Choice:Range, flags 00000000 40 8
                Double 1.000000
                Double 0.000000
                Double 10.000000
*	  id:1 (Spa:Enum:ParamId:PropInfo)
          Object: size 184, type Spa:Pod:Object:Param:PropInfo (262145), id Spa:Enum:ParamId:PropInfo (1)
            Prop: key Spa:Pod:Object:Param:PropInfo:id (1), flags 00000000
              Id 269      (Spa:Pod:Object:Param:Props:quality)
            Prop: key Spa:Pod:Object:Param:PropInfo:name (2), flags 00000000
              String "resample.quality"
            Prop: key Spa:Pod:Object:Param:PropInfo:description (7), flags 00000000
              String "Resample Quality"
            Prop: key Spa:Pod:Object:Param:PropInfo:type (3), flags 00000000
              Choice: type Spa:Enum:Choice:Range, flags 00000000 28 4
                Int 4
                Int 0
                Int 14
            Prop: key Spa:Pod:Object:Param:PropInfo:params (6), flags 00000000
              Bool true
*	  id:1 (Spa:Enum:ParamId:PropInfo)
          Object: size 160, type Spa:Pod:Object:Param:PropInfo (262145), id Spa:Enum:ParamId:PropInfo (1)
            Prop: key Spa:Pod:Object:Param:PropInfo:name (2), flags 00000000
              String "resample.disable"
            Prop: key Spa:Pod:Object:Param:PropInfo:description (7), flags 00000000
              String "Disable Resampling"
            Prop: key Spa:Pod:Object:Param:PropInfo:type (3), flags 00000000
              Choice: type Spa:Enum:Choice:Enum, flags 00000000 28 4
                Bool true
                Bool true
                Bool false
            Prop: key Spa:Pod:Object:Param:PropInfo:params (6), flags 00000000
              Bool true
*	  id:1 (Spa:Enum:ParamId:PropInfo)
          Object: size 144, type Spa:Pod:Object:Param:PropInfo (262145), id Spa:Enum:ParamId:PropInfo (1)
            Prop: key Spa:Pod:Object:Param:PropInfo:name (2), flags 00000000
              String "dither.noise"
            Prop: key Spa:Pod:Object:Param:PropInfo:description (7), flags 00000000
              String "Add noise bits"
            Prop: key Spa:Pod:Object:Param:PropInfo:type (3), flags 00000000
              Choice: type Spa:Enum:Choice:Range, flags 00000000 28 4
                Int 0
                Int 0
                Int 16
            Prop: key Spa:Pod:Object:Param:PropInfo:params (6), flags 00000000
              Bool true
*	  id:1 (Spa:Enum:ParamId:PropInfo)
          Object: size 464, type Spa:Pod:Object:Param:PropInfo (262145), id Spa:Enum:ParamId:PropInfo (1)
            Prop: key Spa:Pod:Object:Param:PropInfo:name (2), flags 00000000
              String "dither.method"
            Prop: key Spa:Pod:Object:Param:PropInfo:description (7), flags 00000000
              String "The dithering method"
            Prop: key Spa:Pod:Object:Param:PropInfo:type (3), flags 00000000
              String "none"
            Prop: key Spa:Pod:Object:Param:PropInfo:params (6), flags 00000000
              Bool true
            Prop: key Spa:Pod:Object:Param:PropInfo:labels (4), flags 00000000
              Struct: size 320
                String "none"
                String "Disabled"
                String "rectangular"
                String "Rectangular dithering"
                String "triangular"
                String "Triangular dithering"
                String "triangular-hf"
                String "Sloped Triangular dithering"
                String "wannamaker3"
                String "Wannamaker 3 dithering"
                String "shaped5"
                String "Lipshitz 5 dithering"
*	  id:1 (Spa:Enum:ParamId:PropInfo)
          Object: size 128, type Spa:Pod:Object:Param:PropInfo (262145), id Spa:Enum:ParamId:PropInfo (1)
            Prop: key Spa:Pod:Object:Param:PropInfo:name (2), flags 00000000
              String "debug.wav-path"
            Prop: key Spa:Pod:Object:Param:PropInfo:description (7), flags 00000000
              String "Path to WAV file"
            Prop: key Spa:Pod:Object:Param:PropInfo:type (3), flags 00000000
              String ""
            Prop: key Spa:Pod:Object:Param:PropInfo:params (6), flags 00000000
              Bool true
*	  id:1 (Spa:Enum:ParamId:PropInfo)
          Object: size 160, type Spa:Pod:Object:Param:PropInfo (262145), id Spa:Enum:ParamId:PropInfo (1)
            Prop: key Spa:Pod:Object:Param:PropInfo:name (2), flags 00000000
              String "channelmix.lock-volumes"
            Prop: key Spa:Pod:Object:Param:PropInfo:description (7), flags 00000000
              String "Disable volume updates"
            Prop: key Spa:Pod:Object:Param:PropInfo:type (3), flags 00000000
              Choice: type Spa:Enum:Choice:Enum, flags 00000000 28 4
                Bool false
                Bool false
                Bool true
            Prop: key Spa:Pod:Object:Param:PropInfo:params (6), flags 00000000
              Bool true
*	  id:1 (Spa:Enum:ParamId:PropInfo)
          Object: size 184, type Spa:Pod:Object:Param:PropInfo (262145), id Spa:Enum:ParamId:PropInfo (1)
            Prop: key Spa:Pod:Object:Param:PropInfo:name (2), flags 00000000
              String "audioconvert.filter-graph.disable"
            Prop: key Spa:Pod:Object:Param:PropInfo:description (7), flags 00000000
              String "Disable Filter graph updates"
            Prop: key Spa:Pod:Object:Param:PropInfo:type (3), flags 00000000
              Choice: type Spa:Enum:Choice:Enum, flags 00000000 28 4
                Bool false
                Bool false
                Bool true
            Prop: key Spa:Pod:Object:Param:PropInfo:params (6), flags 00000000
              Bool true
*	  id:1 (Spa:Enum:ParamId:PropInfo)
          Object: size 144, type Spa:Pod:Object:Param:PropInfo (262145), id Spa:Enum:ParamId:PropInfo (1)
            Prop: key Spa:Pod:Object:Param:PropInfo:name (2), flags 00000000
              String "audioconvert.filter-graph"
            Prop: key Spa:Pod:Object:Param:PropInfo:description (7), flags 00000000
              String "A filter graph to load"
            Prop: key Spa:Pod:Object:Param:PropInfo:type (3), flags 00000000
              String ""
            Prop: key Spa:Pod:Object:Param:PropInfo:params (6), flags 00000000
              Bool true
*	  id:2 (Spa:Enum:ParamId:Props)
          Object: size 1256, type Spa:Pod:Object:Param:Props (262146), id Spa:Enum:ParamId:Props (2)
            Prop: key Spa:Pod:Object:Param:Props:volume (65539), flags 00000000
              Float 1.000000
            Prop: key Spa:Pod:Object:Param:Props:mute (65540), flags 00000000
              Bool false
            Prop: key Spa:Pod:Object:Param:Props:channelVolumes (65544), flags 00000000
              Array: child.size 4, child.type Spa:Float
                Float 1.000000
                Float 1.000000
            Prop: key Spa:Pod:Object:Param:Props:channelMap (65547), flags 00000000
              Array: child.size 4, child.type Spa:Id
                Id 3        (Spa:Enum:AudioChannel:FL)
                Id 4        (Spa:Enum:AudioChannel:FR)
            Prop: key Spa:Pod:Object:Param:Props:softMute (65551), flags 00000000
              Bool false
            Prop: key Spa:Pod:Object:Param:Props:softVolumes (65552), flags 00000000
              Array: child.size 4, child.type Spa:Float
                Float 1.000000
                Float 1.000000
            Prop: key Spa:Pod:Object:Param:Props:monitorMute (65548), flags 00000000
              Bool false
            Prop: key Spa:Pod:Object:Param:Props:monitorVolumes (65549), flags 00000000
              Array: child.size 4, child.type Spa:Float
                Float 1.000000
                Float 1.000000
            Prop: key Spa:Pod:Object:Param:Props:params (524289), flags 00000000
              Struct: size 1008
                String "monitor.channel-volumes"
                Bool false
                String "channelmix.disable"
                Bool false
                String "channelmix.min-volume"
                Float 0.000000
                String "channelmix.max-volume"
                Float 10.000000
                String "channelmix.normalize"
                Bool false
                String "channelmix.mix-lfe"
                Bool true
                String "channelmix.upmix"
                Bool true
                String "channelmix.lfe-cutoff"
                Float 0.000000
                String "channelmix.fc-cutoff"
                Float 0.000000
                String "channelmix.rear-delay"
                Float 0.000000
                String "channelmix.stereo-widen"
                Float 0.000000
                String "channelmix.hilbert-taps"
                Int 0
                String "channelmix.upmix-method"
                String "none"
                String "resample.quality"
                Int 4
                String "resample.disable"
                Bool true
                String "dither.noise"
                Int 0
                String "dither.method"
                String "none"
                String "debug.wav-path"
                String ""
                String "channelmix.lock-volumes"
                Bool false
                String "audioconvert.filter-graph.disable"
                Bool false
                String "audioconvert.filter-graph"
                String ""
*	  id:4 (Spa:Enum:ParamId:Format)
           audio/raw
                     format : (Id) F32P
                   channels : (Int) 2
                   position : (Array) < FL, FR >
*	  id:10 (Spa:Enum:ParamId:EnumPortConfig)
          Object: size 192, type Spa:Pod:Object:Param:PortConfig (262152), id Spa:Enum:ParamId:EnumPortConfig (10)
            Prop: key Spa:Pod:Object:Param:PortConfig:direction (1), flags 00000000
              Choice: type Spa:Enum:Choice:None, flags 00000000 20 4
                Id 0        (Spa:Enum:Direction:Input)
            Prop: key Spa:Pod:Object:Param:PortConfig:mode (2), flags 00000000
              Choice: type Spa:Enum:Choice:Enum, flags 00000000 32 4
                Id 0        (Spa:Enum:ParamPortConfigMode:none)
                Id 0        (Spa:Enum:ParamPortConfigMode:none)
                Id 3        (Spa:Enum:ParamPortConfigMode:dsp)
                Id 2        (Spa:Enum:ParamPortConfigMode:convert)
            Prop: key Spa:Pod:Object:Param:PortConfig:monitor (3), flags 00000000
              Choice: type Spa:Enum:Choice:Enum, flags 00000000 28 4
                Bool false
                Bool false
                Bool true
            Prop: key Spa:Pod:Object:Param:PortConfig:control (4), flags 00000000
              Choice: type Spa:Enum:Choice:Enum, flags 00000000 28 4
                Bool false
                Bool false
                Bool true
*	  id:11 (Spa:Enum:ParamId:PortConfig)
          Object: size 272, type Spa:Pod:Object:Param:PortConfig (262152), id Spa:Enum:ParamId:PortConfig (11)
            Prop: key Spa:Pod:Object:Param:PortConfig:direction (1), flags 00000000
              Choice: type Spa:Enum:Choice:None, flags 00000000 20 4
                Id 0        (Spa:Enum:Direction:Input)
            Prop: key Spa:Pod:Object:Param:PortConfig:mode (2), flags 00000000
              Id 3        (Spa:Enum:ParamPortConfigMode:dsp)
            Prop: key Spa:Pod:Object:Param:PortConfig:monitor (3), flags 00000000
              Bool true
            Prop: key Spa:Pod:Object:Param:PortConfig:control (4), flags 00000000
              Bool false
            Prop: key Spa:Pod:Object:Param:PortConfig:format (5), flags 00000000
              Object: size 136, type Spa:Pod:Object:Param:Format (262147), id Spa:Enum:ParamId:Buffers (5)
                Prop: key Spa:Pod:Object:Param:Format:mediaType (1), flags 00000000
                  Id 1        (Spa:Enum:MediaType:audio)
                Prop: key Spa:Pod:Object:Param:Format:mediaSubtype (2), flags 00000000
                  Id 1        (Spa:Enum:MediaSubtype:raw)
                Prop: key Spa:Pod:Object:Param:Format:Audio:format (65537), flags 00000000
                  Id 518      (Spa:Enum:AudioFormat:F32P)
                Prop: key Spa:Pod:Object:Param:Format:Audio:channels (65540), flags 00000000
                  Int 2
                Prop: key Spa:Pod:Object:Param:Format:Audio:position (65541), flags 00000000
                  Array: child.size 4, child.type Spa:Id
                    Id 3        (Spa:Enum:AudioChannel:FL)
                    Id 4        (Spa:Enum:AudioChannel:FR)
*	  id:15 (Spa:Enum:ParamId:Latency)
          Object: size 176, type Spa:Pod:Object:Param:Latency (262155), id Spa:Enum:ParamId:Latency (15)
            Prop: key Spa:Pod:Object:Param:Latency:direction (1), flags 00000000
              Id 0        (Spa:Enum:Direction:Input)
            Prop: key Spa:Pod:Object:Param:Latency:minQuantum (2), flags 00000000
              Float 0.000000
            Prop: key Spa:Pod:Object:Param:Latency:maxQuantum (3), flags 00000000
              Float 0.000000
            Prop: key Spa:Pod:Object:Param:Latency:minRate (4), flags 00000000
              Int 0
            Prop: key Spa:Pod:Object:Param:Latency:maxRate (5), flags 00000000
              Int 0
            Prop: key Spa:Pod:Object:Param:Latency:minNs (6), flags 00000000
              Long 27500000
            Prop: key Spa:Pod:Object:Param:Latency:maxNs (7), flags 00000000
              Long 27500000
*	  id:15 (Spa:Enum:ParamId:Latency)
          Object: size 176, type Spa:Pod:Object:Param:Latency (262155), id Spa:Enum:ParamId:Latency (15)
            Prop: key Spa:Pod:Object:Param:Latency:direction (1), flags 00000000
              Id 1        (Spa:Enum:Direction:Output)
            Prop: key Spa:Pod:Object:Param:Latency:minQuantum (2), flags 00000000
              Float 1.000000
            Prop: key Spa:Pod:Object:Param:Latency:maxQuantum (3), flags 00000000
              Float 1.000000
            Prop: key Spa:Pod:Object:Param:Latency:minRate (4), flags 00000000
              Int 512
            Prop: key Spa:Pod:Object:Param:Latency:maxRate (5), flags 00000000
              Int 512
            Prop: key Spa:Pod:Object:Param:Latency:minNs (6), flags 00000000
              Long 0
            Prop: key Spa:Pod:Object:Param:Latency:maxNs (7), flags 00000000
              Long 0
 	input ports: 2/65
 	output ports: 2/0
 	state: "running"
 	properties:
 		target.object = "alsa_input.usb-Shenzhen_Hollyland_Technology_Co._Ltd_Wireless_Microphone_Wireless_Microphone-01.analog-stereo"
 		node.group = "pw-loopback-33227"
 		audio.channels = "1"
 		audio.position = "[ FL, FR ]"
 		node.link-group = "loopback-33227-20"
 		node.virtual = "true"
 		resample.prefill = "true"
 		node.name = "input.bridge.mic"
 		node.description = "bridge.mic"
 		resample.disable = "true"
 		media.name = "bridge.mic input"
 		stream.is-live = "true"
 		node.want-driver = "true"
 		node.autoconnect = "true"
 		media.class = "Stream/Input/Audio"
 		port.group = "stream.0"
 		adapt.follower.spa-node = ""
 		object.register = "false"
 		factory.id = "9"
 		clock.quantum-limit = "8192"
 		node.loop.name = "data-loop.0"
 		library.name = "audioconvert/libspa-audioconvert"
 		client.id = "93"
 		object.id = "95"
 		object.serial = "10933"
 		node.driver-id = "55"
added:
	id: 96
	permissions: rwxm-
	type: PipeWire:Interface:Node (version 3)
 	params:
*	  id:3 (Spa:Enum:ParamId:EnumFormat)
           audio/raw
                     format : (Id) F32P
                   channels : (Int) 2
                   position : (Array) < FL, FR >
*	  id:1 (Spa:Enum:ParamId:PropInfo)
          Object: size 104, type Spa:Pod:Object:Param:PropInfo (262145), id Spa:Enum:ParamId:PropInfo (1)
            Prop: key Spa:Pod:Object:Param:PropInfo:id (1), flags 00000000
              Id 65539    (Spa:Pod:Object:Param:Props:volume)
            Prop: key Spa:Pod:Object:Param:PropInfo:description (7), flags 00000000
              String "Volume"
            Prop: key Spa:Pod:Object:Param:PropInfo:type (3), flags 00000000
              Choice: type Spa:Enum:Choice:Range, flags 00000000 28 4
                Float 1.000000
                Float 0.000000
                Float 10.000000
*	  id:1 (Spa:Enum:ParamId:PropInfo)
          Object: size 104, type Spa:Pod:Object:Param:PropInfo (262145), id Spa:Enum:ParamId:PropInfo (1)
            Prop: key Spa:Pod:Object:Param:PropInfo:id (1), flags 00000000
              Id 65540    (Spa:Pod:Object:Param:Props:mute)
            Prop: key Spa:Pod:Object:Param:PropInfo:description (7), flags 00000000
              String "Mute"
            Prop: key Spa:Pod:Object:Param:PropInfo:type (3), flags 00000000
              Choice: type Spa:Enum:Choice:Enum, flags 00000000 28 4
                Bool false
                Bool false
                Bool true
*	  id:1 (Spa:Enum:ParamId:PropInfo)
          Object: size 136, type Spa:Pod:Object:Param:PropInfo (262145), id Spa:Enum:ParamId:PropInfo (1)
            Prop: key Spa:Pod:Object:Param:PropInfo:id (1), flags 00000000
              Id 65544    (Spa:Pod:Object:Param:Props:channelVolumes)
            Prop: key Spa:Pod:Object:Param:PropInfo:description (7), flags 00000000
              String "Channel Volumes"
            Prop: key Spa:Pod:Object:Param:PropInfo:type (3), flags 00000000
              Choice: type Spa:Enum:Choice:Range, flags 00000000 28 4
                Float 1.000000
                Float 0.000000
                Float 10.000000
            Prop: key Spa:Pod:Object:Param:PropInfo:container (5), flags 00000000
              Id 13       (Spa:Array)
*	  id:1 (Spa:Enum:ParamId:PropInfo)
          Object: size 112, type Spa:Pod:Object:Param:PropInfo (262145), id Spa:Enum:ParamId:PropInfo (1)
            Prop: key Spa:Pod:Object:Param:PropInfo:id (1), flags 00000000
              Id 65547    (Spa:Pod:Object:Param:Props:channelMap)
            Prop: key Spa:Pod:Object:Param:PropInfo:description (7), flags 00000000
              String "Channel Map"
            Prop: key Spa:Pod:Object:Param:PropInfo:type (3), flags 00000000
              Id 0        (Spa:)
            Prop: key Spa:Pod:Object:Param:PropInfo:container (5), flags 00000000
              Id 13       (Spa:Array)
*	  id:1 (Spa:Enum:ParamId:PropInfo)
          Object: size 112, type Spa:Pod:Object:Param:PropInfo (262145), id Spa:Enum:ParamId:PropInfo (1)
            Prop: key Spa:Pod:Object:Param:PropInfo:id (1), flags 00000000
              Id 65548    (Spa:Pod:Object:Param:Props:monitorMute)
            Prop: key Spa:Pod:Object:Param:PropInfo:description (7), flags 00000000
              String "Monitor Mute"
            Prop: key Spa:Pod:Object:Param:PropInfo:type (3), flags 00000000
              Choice: type Spa:Enum:Choice:Enum, flags 00000000 28 4
                Bool false
                Bool false
                Bool true
*	  id:1 (Spa:Enum:ParamId:PropInfo)
          Object: size 136, type Spa:Pod:Object:Param:PropInfo (262145), id Spa:Enum:ParamId:PropInfo (1)
            Prop: key Spa:Pod:Object:Param:PropInfo:id (1), flags 00000000
              Id 65549    (Spa:Pod:Object:Param:Props:monitorVolumes)
            Prop: key Spa:Pod:Object:Param:PropInfo:description (7), flags 00000000
              String "Monitor Volumes"
            Prop: key Spa:Pod:Object:Param:PropInfo:type (3), flags 00000000
              Choice: type Spa:Enum:Choice:Range, flags 00000000 28 4
                Float 1.000000
                Float 0.000000
                Float 10.000000
            Prop: key Spa:Pod:Object:Param:PropInfo:container (5), flags 00000000
              Id 13       (Spa:Array)
*	  id:1 (Spa:Enum:ParamId:PropInfo)
          Object: size 112, type Spa:Pod:Object:Param:PropInfo (262145), id Spa:Enum:ParamId:PropInfo (1)
            Prop: key Spa:Pod:Object:Param:PropInfo:id (1), flags 00000000
              Id 65551    (Spa:Pod:Object:Param:Props:softMute)
            Prop: key Spa:Pod:Object:Param:PropInfo:description (7), flags 00000000
              String "Soft Mute"
            Prop: key Spa:Pod:Object:Param:PropInfo:type (3), flags 00000000
              Choice: type Spa:Enum:Choice:Enum, flags 00000000 28 4
                Bool false
                Bool false
                Bool true
*	  id:1 (Spa:Enum:ParamId:PropInfo)
          Object: size 136, type Spa:Pod:Object:Param:PropInfo (262145), id Spa:Enum:ParamId:PropInfo (1)
            Prop: key Spa:Pod:Object:Param:PropInfo:id (1), flags 00000000
              Id 65552    (Spa:Pod:Object:Param:Props:softVolumes)
            Prop: key Spa:Pod:Object:Param:PropInfo:description (7), flags 00000000
              String "Soft Volumes"
            Prop: key Spa:Pod:Object:Param:PropInfo:type (3), flags 00000000
              Choice: type Spa:Enum:Choice:Range, flags 00000000 28 4
                Float 1.000000
                Float 0.000000
                Float 10.000000
            Prop: key Spa:Pod:Object:Param:PropInfo:container (5), flags 00000000
              Id 13       (Spa:Array)
*	  id:1 (Spa:Enum:ParamId:PropInfo)
          Object: size 160, type Spa:Pod:Object:Param:PropInfo (262145), id Spa:Enum:ParamId:PropInfo (1)
            Prop: key Spa:Pod:Object:Param:PropInfo:name (2), flags 00000000
              String "monitor.channel-volumes"
            Prop: key Spa:Pod:Object:Param:PropInfo:description (7), flags 00000000
              String "Monitor channel volume"
            Prop: key Spa:Pod:Object:Param:PropInfo:type (3), flags 00000000
              Choice: type Spa:Enum:Choice:Enum, flags 00000000 28 4
                Bool false
                Bool false
                Bool true
            Prop: key Spa:Pod:Object:Param:PropInfo:params (6), flags 00000000
              Bool true
*	  id:1 (Spa:Enum:ParamId:PropInfo)
          Object: size 160, type Spa:Pod:Object:Param:PropInfo (262145), id Spa:Enum:ParamId:PropInfo (1)
            Prop: key Spa:Pod:Object:Param:PropInfo:name (2), flags 00000000
              String "channelmix.disable"
            Prop: key Spa:Pod:Object:Param:PropInfo:description (7), flags 00000000
              String "Disable Channel mixing"
            Prop: key Spa:Pod:Object:Param:PropInfo:type (3), flags 00000000
              Choice: type Spa:Enum:Choice:Enum, flags 00000000 28 4
                Bool false
                Bool false
                Bool true
            Prop: key Spa:Pod:Object:Param:PropInfo:params (6), flags 00000000
              Bool true
*	  id:1 (Spa:Enum:ParamId:PropInfo)
          Object: size 160, type Spa:Pod:Object:Param:PropInfo (262145), id Spa:Enum:ParamId:PropInfo (1)
            Prop: key Spa:Pod:Object:Param:PropInfo:name (2), flags 00000000
              String "channelmix.min-volume"
            Prop: key Spa:Pod:Object:Param:PropInfo:description (7), flags 00000000
              String "Minimum volume level"
            Prop: key Spa:Pod:Object:Param:PropInfo:type (3), flags 00000000
              Choice: type Spa:Enum:Choice:Range, flags 00000000 28 4
                Float 0.000000
                Float 0.000000
                Float 10.000000
            Prop: key Spa:Pod:Object:Param:PropInfo:params (6), flags 00000000
              Bool true
*	  id:1 (Spa:Enum:ParamId:PropInfo)
          Object: size 160, type Spa:Pod:Object:Param:PropInfo (262145), id Spa:Enum:ParamId:PropInfo (1)
            Prop: key Spa:Pod:Object:Param:PropInfo:name (2), flags 00000000
              String "channelmix.max-volume"
            Prop: key Spa:Pod:Object:Param:PropInfo:description (7), flags 00000000
              String "Maximum volume level"
            Prop: key Spa:Pod:Object:Param:PropInfo:type (3), flags 00000000
              Choice: type Spa:Enum:Choice:Range, flags 00000000 28 4
                Float 10.000000
                Float 0.000000
                Float 10.000000
            Prop: key Spa:Pod:Object:Param:PropInfo:params (6), flags 00000000
              Bool true
*	  id:1 (Spa:Enum:ParamId:PropInfo)
          Object: size 160, type Spa:Pod:Object:Param:PropInfo (262145), id Spa:Enum:ParamId:PropInfo (1)
            Prop: key Spa:Pod:Object:Param:PropInfo:name (2), flags 00000000
              String "channelmix.normalize"
            Prop: key Spa:Pod:Object:Param:PropInfo:description (7), flags 00000000
              String "Normalize Volumes"
            Prop: key Spa:Pod:Object:Param:PropInfo:type (3), flags 00000000
              Choice: type Spa:Enum:Choice:Enum, flags 00000000 28 4
                Bool false
                Bool false
                Bool true
            Prop: key Spa:Pod:Object:Param:PropInfo:params (6), flags 00000000
              Bool true
*	  id:1 (Spa:Enum:ParamId:PropInfo)
          Object: size 160, type Spa:Pod:Object:Param:PropInfo (262145), id Spa:Enum:ParamId:PropInfo (1)
            Prop: key Spa:Pod:Object:Param:PropInfo:name (2), flags 00000000
              String "channelmix.mix-lfe"
            Prop: key Spa:Pod:Object:Param:PropInfo:description (7), flags 00000000
              String "Mix LFE into channels"
            Prop: key Spa:Pod:Object:Param:PropInfo:type (3), flags 00000000
              Choice: type Spa:Enum:Choice:Enum, flags 00000000 28 4
                Bool true
                Bool true
                Bool false
            Prop: key Spa:Pod:Object:Param:PropInfo:params (6), flags 00000000
              Bool true
*	  id:1 (Spa:Enum:ParamId:PropInfo)
          Object: size 152, type Spa:Pod:Object:Param:PropInfo (262145), id Spa:Enum:ParamId:PropInfo (1)
            Prop: key Spa:Pod:Object:Param:PropInfo:name (2), flags 00000000
              String "channelmix.upmix"
            Prop: key Spa:Pod:Object:Param:PropInfo:description (7), flags 00000000
              String "Enable upmixing"
            Prop: key Spa:Pod:Object:Param:PropInfo:type (3), flags 00000000
              Choice: type Spa:Enum:Choice:Enum, flags 00000000 28 4
                Bool true
                Bool true
                Bool false
            Prop: key Spa:Pod:Object:Param:PropInfo:params (6), flags 00000000
              Bool true
*	  id:1 (Spa:Enum:ParamId:PropInfo)
          Object: size 160, type Spa:Pod:Object:Param:PropInfo (262145), id Spa:Enum:ParamId:PropInfo (1)
            Prop: key Spa:Pod:Object:Param:PropInfo:name (2), flags 00000000
              String "channelmix.lfe-cutoff"
            Prop: key Spa:Pod:Object:Param:PropInfo:description (7), flags 00000000
              String "LFE cutoff frequency"
            Prop: key Spa:Pod:Object:Param:PropInfo:type (3), flags 00000000
              Choice: type Spa:Enum:Choice:Range, flags 00000000 28 4
                Float 0.000000
                Float 0.000000
                Float 1000.000000
            Prop: key Spa:Pod:Object:Param:PropInfo:params (6), flags 00000000
              Bool true
*	  id:1 (Spa:Enum:ParamId:PropInfo)
          Object: size 168, type Spa:Pod:Object:Param:PropInfo (262145), id Spa:Enum:ParamId:PropInfo (1)
            Prop: key Spa:Pod:Object:Param:PropInfo:name (2), flags 00000000
              String "channelmix.fc-cutoff"
            Prop: key Spa:Pod:Object:Param:PropInfo:description (7), flags 00000000
              String "FC cutoff frequency (Hz)"
            Prop: key Spa:Pod:Object:Param:PropInfo:type (3), flags 00000000
              Choice: type Spa:Enum:Choice:Range, flags 00000000 28 4
                Float 0.000000
                Float 0.000000
                Float 48000.000000
            Prop: key Spa:Pod:Object:Param:PropInfo:params (6), flags 00000000
              Bool true
*	  id:1 (Spa:Enum:ParamId:PropInfo)
          Object: size 168, type Spa:Pod:Object:Param:PropInfo (262145), id Spa:Enum:ParamId:PropInfo (1)
            Prop: key Spa:Pod:Object:Param:PropInfo:name (2), flags 00000000
              String "channelmix.rear-delay"
            Prop: key Spa:Pod:Object:Param:PropInfo:description (7), flags 00000000
              String "Rear channels delay (ms)"
            Prop: key Spa:Pod:Object:Param:PropInfo:type (3), flags 00000000
              Choice: type Spa:Enum:Choice:Range, flags 00000000 28 4
                Float 0.000000
                Float 0.000000
                Float 1000.000000
            Prop: key Spa:Pod:Object:Param:PropInfo:params (6), flags 00000000
              Bool true
*	  id:1 (Spa:Enum:ParamId:PropInfo)
          Object: size 152, type Spa:Pod:Object:Param:PropInfo (262145), id Spa:Enum:ParamId:PropInfo (1)
            Prop: key Spa:Pod:Object:Param:PropInfo:name (2), flags 00000000
              String "channelmix.stereo-widen"
            Prop: key Spa:Pod:Object:Param:PropInfo:description (7), flags 00000000
              String "Stereo widen"
            Prop: key Spa:Pod:Object:Param:PropInfo:type (3), flags 00000000
              Choice: type Spa:Enum:Choice:Range, flags 00000000 28 4
                Float 0.000000
                Float 0.000000
                Float 1.000000
            Prop: key Spa:Pod:Object:Param:PropInfo:params (6), flags 00000000
              Bool true
*	  id:1 (Spa:Enum:ParamId:PropInfo)
          Object: size 168, type Spa:Pod:Object:Param:PropInfo (262145), id Spa:Enum:ParamId:PropInfo (1)
            Prop: key Spa:Pod:Object:Param:PropInfo:name (2), flags 00000000
              String "channelmix.hilbert-taps"
            Prop: key Spa:Pod:Object:Param:PropInfo:description (7), flags 00000000
              String "Taps for phase shift of rear"
            Prop: key Spa:Pod:Object:Param:PropInfo:type (3), flags 00000000
              Choice: type Spa:Enum:Choice:Range, flags 00000000 28 4
                Int 0
                Int 0
                Int 255
            Prop: key Spa:Pod:Object:Param:PropInfo:params (6), flags 00000000
              Bool true
*	  id:1 (Spa:Enum:ParamId:PropInfo)
          Object: size 288, type Spa:Pod:Object:Param:PropInfo (262145), id Spa:Enum:ParamId:PropInfo (1)
            Prop: key Spa:Pod:Object:Param:PropInfo:name (2), flags 00000000
              String "channelmix.upmix-method"
            Prop: key Spa:Pod:Object:Param:PropInfo:description (7), flags 00000000
              String "Upmix method to use"
            Prop: key Spa:Pod:Object:Param:PropInfo:type (3), flags 00000000
              String "none"
            Prop: key Spa:Pod:Object:Param:PropInfo:params (6), flags 00000000
              Bool true
            Prop: key Spa:Pod:Object:Param:PropInfo:labels (4), flags 00000000
              Struct: size 136
                String "none"
                String "Disabled"
                String "simple"
                String "Simple upmixing"
                String "psd"
                String "Passive Surround Decoding"
*	  id:1 (Spa:Enum:ParamId:PropInfo)
          Object: size 120, type Spa:Pod:Object:Param:PropInfo (262145), id Spa:Enum:ParamId:PropInfo (1)
            Prop: key Spa:Pod:Object:Param:PropInfo:id (1), flags 00000000
              Id 268      (Spa:Pod:Object:Param:Props:rate)
            Prop: key Spa:Pod:Object:Param:PropInfo:description (7), flags 00000000
              String "Rate scaler"
            Prop: key Spa:Pod:Object:Param:PropInfo:type (3), flags 00000000
              Choice: type Spa:Enum:Choice:Range, flags 00000000 40 8
                Double 1.000000
                Double 0.000000
                Double 10.000000
*	  id:1 (Spa:Enum:ParamId:PropInfo)
          Object: size 184, type Spa:Pod:Object:Param:PropInfo (262145), id Spa:Enum:ParamId:PropInfo (1)
            Prop: key Spa:Pod:Object:Param:PropInfo:id (1), flags 00000000
              Id 269      (Spa:Pod:Object:Param:Props:quality)
            Prop: key Spa:Pod:Object:Param:PropInfo:name (2), flags 00000000
              String "resample.quality"
            Prop: key Spa:Pod:Object:Param:PropInfo:description (7), flags 00000000
              String "Resample Quality"
            Prop: key Spa:Pod:Object:Param:PropInfo:type (3), flags 00000000
              Choice: type Spa:Enum:Choice:Range, flags 00000000 28 4
                Int 4
                Int 0
                Int 14
            Prop: key Spa:Pod:Object:Param:PropInfo:params (6), flags 00000000
              Bool true
*	  id:1 (Spa:Enum:ParamId:PropInfo)
          Object: size 160, type Spa:Pod:Object:Param:PropInfo (262145), id Spa:Enum:ParamId:PropInfo (1)
            Prop: key Spa:Pod:Object:Param:PropInfo:name (2), flags 00000000
              String "resample.disable"
            Prop: key Spa:Pod:Object:Param:PropInfo:description (7), flags 00000000
              String "Disable Resampling"
            Prop: key Spa:Pod:Object:Param:PropInfo:type (3), flags 00000000
              Choice: type Spa:Enum:Choice:Enum, flags 00000000 28 4
                Bool true
                Bool true
                Bool false
            Prop: key Spa:Pod:Object:Param:PropInfo:params (6), flags 00000000
              Bool true
*	  id:1 (Spa:Enum:ParamId:PropInfo)
          Object: size 144, type Spa:Pod:Object:Param:PropInfo (262145), id Spa:Enum:ParamId:PropInfo (1)
            Prop: key Spa:Pod:Object:Param:PropInfo:name (2), flags 00000000
              String "dither.noise"
            Prop: key Spa:Pod:Object:Param:PropInfo:description (7), flags 00000000
              String "Add noise bits"
            Prop: key Spa:Pod:Object:Param:PropInfo:type (3), flags 00000000
              Choice: type Spa:Enum:Choice:Range, flags 00000000 28 4
                Int 0
                Int 0
                Int 16
            Prop: key Spa:Pod:Object:Param:PropInfo:params (6), flags 00000000
              Bool true
*	  id:1 (Spa:Enum:ParamId:PropInfo)
          Object: size 464, type Spa:Pod:Object:Param:PropInfo (262145), id Spa:Enum:ParamId:PropInfo (1)
            Prop: key Spa:Pod:Object:Param:PropInfo:name (2), flags 00000000
              String "dither.method"
            Prop: key Spa:Pod:Object:Param:PropInfo:description (7), flags 00000000
              String "The dithering method"
            Prop: key Spa:Pod:Object:Param:PropInfo:type (3), flags 00000000
              String "none"
            Prop: key Spa:Pod:Object:Param:PropInfo:params (6), flags 00000000
              Bool true
            Prop: key Spa:Pod:Object:Param:PropInfo:labels (4), flags 00000000
              Struct: size 320
                String "none"
                String "Disabled"
                String "rectangular"
                String "Rectangular dithering"
                String "triangular"
                String "Triangular dithering"
                String "triangular-hf"
                String "Sloped Triangular dithering"
                String "wannamaker3"
                String "Wannamaker 3 dithering"
                String "shaped5"
                String "Lipshitz 5 dithering"
*	  id:1 (Spa:Enum:ParamId:PropInfo)
          Object: size 128, type Spa:Pod:Object:Param:PropInfo (262145), id Spa:Enum:ParamId:PropInfo (1)
            Prop: key Spa:Pod:Object:Param:PropInfo:name (2), flags 00000000
              String "debug.wav-path"
            Prop: key Spa:Pod:Object:Param:PropInfo:description (7), flags 00000000
              String "Path to WAV file"
            Prop: key Spa:Pod:Object:Param:PropInfo:type (3), flags 00000000
              String ""
            Prop: key Spa:Pod:Object:Param:PropInfo:params (6), flags 00000000
              Bool true
*	  id:1 (Spa:Enum:ParamId:PropInfo)
          Object: size 160, type Spa:Pod:Object:Param:PropInfo (262145), id Spa:Enum:ParamId:PropInfo (1)
            Prop: key Spa:Pod:Object:Param:PropInfo:name (2), flags 00000000
              String "channelmix.lock-volumes"
            Prop: key Spa:Pod:Object:Param:PropInfo:description (7), flags 00000000
              String "Disable volume updates"
            Prop: key Spa:Pod:Object:Param:PropInfo:type (3), flags 00000000
              Choice: type Spa:Enum:Choice:Enum, flags 00000000 28 4
                Bool false
                Bool false
                Bool true
            Prop: key Spa:Pod:Object:Param:PropInfo:params (6), flags 00000000
              Bool true
*	  id:1 (Spa:Enum:ParamId:PropInfo)
          Object: size 184, type Spa:Pod:Object:Param:PropInfo (262145), id Spa:Enum:ParamId:PropInfo (1)
            Prop: key Spa:Pod:Object:Param:PropInfo:name (2), flags 00000000
              String "audioconvert.filter-graph.disable"
            Prop: key Spa:Pod:Object:Param:PropInfo:description (7), flags 00000000
              String "Disable Filter graph updates"
            Prop: key Spa:Pod:Object:Param:PropInfo:type (3), flags 00000000
              Choice: type Spa:Enum:Choice:Enum, flags 00000000 28 4
                Bool false
                Bool false
                Bool true
            Prop: key Spa:Pod:Object:Param:PropInfo:params (6), flags 00000000
              Bool true
*	  id:1 (Spa:Enum:ParamId:PropInfo)
          Object: size 144, type Spa:Pod:Object:Param:PropInfo (262145), id Spa:Enum:ParamId:PropInfo (1)
            Prop: key Spa:Pod:Object:Param:PropInfo:name (2), flags 00000000
              String "audioconvert.filter-graph"
            Prop: key Spa:Pod:Object:Param:PropInfo:description (7), flags 00000000
              String "A filter graph to load"
            Prop: key Spa:Pod:Object:Param:PropInfo:type (3), flags 00000000
              String ""
            Prop: key Spa:Pod:Object:Param:PropInfo:params (6), flags 00000000
              Bool true
*	  id:2 (Spa:Enum:ParamId:Props)
          Object: size 1256, type Spa:Pod:Object:Param:Props (262146), id Spa:Enum:ParamId:Props (2)
            Prop: key Spa:Pod:Object:Param:Props:volume (65539), flags 00000000
              Float 1.000000
            Prop: key Spa:Pod:Object:Param:Props:mute (65540), flags 00000000
              Bool false
            Prop: key Spa:Pod:Object:Param:Props:channelVolumes (65544), flags 00000000
              Array: child.size 4, child.type Spa:Float
                Float 1.000000
                Float 1.000000
            Prop: key Spa:Pod:Object:Param:Props:channelMap (65547), flags 00000000
              Array: child.size 4, child.type Spa:Id
                Id 3        (Spa:Enum:AudioChannel:FL)
                Id 4        (Spa:Enum:AudioChannel:FR)
            Prop: key Spa:Pod:Object:Param:Props:softMute (65551), flags 00000000
              Bool false
            Prop: key Spa:Pod:Object:Param:Props:softVolumes (65552), flags 00000000
              Array: child.size 4, child.type Spa:Float
                Float 1.000000
                Float 1.000000
            Prop: key Spa:Pod:Object:Param:Props:monitorMute (65548), flags 00000000
              Bool false
            Prop: key Spa:Pod:Object:Param:Props:monitorVolumes (65549), flags 00000000
              Array: child.size 4, child.type Spa:Float
                Float 1.000000
                Float 1.000000
            Prop: key Spa:Pod:Object:Param:Props:params (524289), flags 00000000
              Struct: size 1008
                String "monitor.channel-volumes"
                Bool false
                String "channelmix.disable"
                Bool false
                String "channelmix.min-volume"
                Float 0.000000
                String "channelmix.max-volume"
                Float 10.000000
                String "channelmix.normalize"
                Bool false
                String "channelmix.mix-lfe"
                Bool true
                String "channelmix.upmix"
                Bool true
                String "channelmix.lfe-cutoff"
                Float 0.000000
                String "channelmix.fc-cutoff"
                Float 0.000000
                String "channelmix.rear-delay"
                Float 0.000000
                String "channelmix.stereo-widen"
                Float 0.000000
                String "channelmix.hilbert-taps"
                Int 0
                String "channelmix.upmix-method"
                String "none"
                String "resample.quality"
                Int 4
                String "resample.disable"
                Bool true
                String "dither.noise"
                Int 0
                String "dither.method"
                String "none"
                String "debug.wav-path"
                String ""
                String "channelmix.lock-volumes"
                Bool false
                String "audioconvert.filter-graph.disable"
                Bool false
                String "audioconvert.filter-graph"
                String ""
*	  id:4 (Spa:Enum:ParamId:Format)
           audio/raw
                     format : (Id) F32P
                   channels : (Int) 2
                   position : (Array) < FL, FR >
*	  id:10 (Spa:Enum:ParamId:EnumPortConfig)
          Object: size 192, type Spa:Pod:Object:Param:PortConfig (262152), id Spa:Enum:ParamId:EnumPortConfig (10)
            Prop: key Spa:Pod:Object:Param:PortConfig:direction (1), flags 00000000
              Choice: type Spa:Enum:Choice:None, flags 00000000 20 4
                Id 1        (Spa:Enum:Direction:Output)
            Prop: key Spa:Pod:Object:Param:PortConfig:mode (2), flags 00000000
              Choice: type Spa:Enum:Choice:Enum, flags 00000000 32 4
                Id 0        (Spa:Enum:ParamPortConfigMode:none)
                Id 0        (Spa:Enum:ParamPortConfigMode:none)
                Id 3        (Spa:Enum:ParamPortConfigMode:dsp)
                Id 2        (Spa:Enum:ParamPortConfigMode:convert)
            Prop: key Spa:Pod:Object:Param:PortConfig:monitor (3), flags 00000000
              Choice: type Spa:Enum:Choice:Enum, flags 00000000 28 4
                Bool false
                Bool false
                Bool true
            Prop: key Spa:Pod:Object:Param:PortConfig:control (4), flags 00000000
              Choice: type Spa:Enum:Choice:Enum, flags 00000000 28 4
                Bool false
                Bool false
                Bool true
*	  id:11 (Spa:Enum:ParamId:PortConfig)
          Object: size 272, type Spa:Pod:Object:Param:PortConfig (262152), id Spa:Enum:ParamId:PortConfig (11)
            Prop: key Spa:Pod:Object:Param:PortConfig:direction (1), flags 00000000
              Choice: type Spa:Enum:Choice:None, flags 00000000 20 4
                Id 1        (Spa:Enum:Direction:Output)
            Prop: key Spa:Pod:Object:Param:PortConfig:mode (2), flags 00000000
              Id 3        (Spa:Enum:ParamPortConfigMode:dsp)
            Prop: key Spa:Pod:Object:Param:PortConfig:monitor (3), flags 00000000
              Bool true
            Prop: key Spa:Pod:Object:Param:PortConfig:control (4), flags 00000000
              Bool false
            Prop: key Spa:Pod:Object:Param:PortConfig:format (5), flags 00000000
              Object: size 136, type Spa:Pod:Object:Param:Format (262147), id Spa:Enum:ParamId:Buffers (5)
                Prop: key Spa:Pod:Object:Param:Format:mediaType (1), flags 00000000
                  Id 1        (Spa:Enum:MediaType:audio)
                Prop: key Spa:Pod:Object:Param:Format:mediaSubtype (2), flags 00000000
                  Id 1        (Spa:Enum:MediaSubtype:raw)
                Prop: key Spa:Pod:Object:Param:Format:Audio:format (65537), flags 00000000
                  Id 518      (Spa:Enum:AudioFormat:F32P)
                Prop: key Spa:Pod:Object:Param:Format:Audio:channels (65540), flags 00000000
                  Int 2
                Prop: key Spa:Pod:Object:Param:Format:Audio:position (65541), flags 00000000
                  Array: child.size 4, child.type Spa:Id
                    Id 3        (Spa:Enum:AudioChannel:FL)
                    Id 4        (Spa:Enum:AudioChannel:FR)
*	  id:15 (Spa:Enum:ParamId:Latency)
          Object: size 176, type Spa:Pod:Object:Param:Latency (262155), id Spa:Enum:ParamId:Latency (15)
            Prop: key Spa:Pod:Object:Param:Latency:direction (1), flags 00000000
              Id 0        (Spa:Enum:Direction:Input)
            Prop: key Spa:Pod:Object:Param:Latency:minQuantum (2), flags 00000000
              Float 1.000000
            Prop: key Spa:Pod:Object:Param:Latency:maxQuantum (3), flags 00000000
              Float 1.000000
            Prop: key Spa:Pod:Object:Param:Latency:minRate (4), flags 00000000
              Int 512
            Prop: key Spa:Pod:Object:Param:Latency:maxRate (5), flags 00000000
              Int 512
            Prop: key Spa:Pod:Object:Param:Latency:minNs (6), flags 00000000
              Long 0
            Prop: key Spa:Pod:Object:Param:Latency:maxNs (7), flags 00000000
              Long 0
*	  id:15 (Spa:Enum:ParamId:Latency)
          Object: size 176, type Spa:Pod:Object:Param:Latency (262155), id Spa:Enum:ParamId:Latency (15)
            Prop: key Spa:Pod:Object:Param:Latency:direction (1), flags 00000000
              Id 1        (Spa:Enum:Direction:Output)
            Prop: key Spa:Pod:Object:Param:Latency:minQuantum (2), flags 00000000
              Float 1.000000
            Prop: key Spa:Pod:Object:Param:Latency:maxQuantum (3), flags 00000000
              Float 1.000000
            Prop: key Spa:Pod:Object:Param:Latency:minRate (4), flags 00000000
              Int 0
            Prop: key Spa:Pod:Object:Param:Latency:maxRate (5), flags 00000000
              Int 0
            Prop: key Spa:Pod:Object:Param:Latency:minNs (6), flags 00000000
              Long 0
            Prop: key Spa:Pod:Object:Param:Latency:maxNs (7), flags 00000000
              Long 0
 	input ports: 0/0
 	output ports: 2/65
 	state: "running"
 	properties:
 		target.object = "alsa_output.platform-3f00b840.mailbox.stereo-fallback"
 		node.group = "pw-loopback-33226"
 		audio.channels = "2"
 		audio.position = "[ FL, FR ]"
 		node.link-group = "loopback-33226-20"
 		node.virtual = "true"
 		resample.prefill = "true"
 		node.name = "output.bridge.callout"
 		node.description = "bridge.callout"
 		resample.disable = "true"
 		media.name = "bridge.callout output"
 		stream.is-live = "true"
 		node.want-driver = "true"
 		node.autoconnect = "true"
 		node.trigger = "true"
 		media.class = "Stream/Output/Audio"
 		port.group = "stream.0"
 		adapt.follower.spa-node = ""
 		object.register = "false"
 		factory.id = "9"
 		clock.quantum-limit = "8192"
 		node.loop.name = "data-loop.0"
 		library.name = "audioconvert/libspa-audioconvert"
 		client.id = "94"
 		object.id = "96"
 		object.serial = "10934"
 		node.driver-id = "71"
added:
	id: 97
	permissions: rwxm-
	type: PipeWire:Interface:Node (version 3)
 	params:
*	  id:3 (Spa:Enum:ParamId:EnumFormat)
           audio/raw
                     format : (Id) F32P
                   channels : (Int) 2
                   position : (Array) < FL, FR >
*	  id:1 (Spa:Enum:ParamId:PropInfo)
          Object: size 104, type Spa:Pod:Object:Param:PropInfo (262145), id Spa:Enum:ParamId:PropInfo (1)
            Prop: key Spa:Pod:Object:Param:PropInfo:id (1), flags 00000000
              Id 65539    (Spa:Pod:Object:Param:Props:volume)
            Prop: key Spa:Pod:Object:Param:PropInfo:description (7), flags 00000000
              String "Volume"
            Prop: key Spa:Pod:Object:Param:PropInfo:type (3), flags 00000000
              Choice: type Spa:Enum:Choice:Range, flags 00000000 28 4
                Float 1.000000
                Float 0.000000
                Float 10.000000
*	  id:1 (Spa:Enum:ParamId:PropInfo)
          Object: size 104, type Spa:Pod:Object:Param:PropInfo (262145), id Spa:Enum:ParamId:PropInfo (1)
            Prop: key Spa:Pod:Object:Param:PropInfo:id (1), flags 00000000
              Id 65540    (Spa:Pod:Object:Param:Props:mute)
            Prop: key Spa:Pod:Object:Param:PropInfo:description (7), flags 00000000
              String "Mute"
            Prop: key Spa:Pod:Object:Param:PropInfo:type (3), flags 00000000
              Choice: type Spa:Enum:Choice:Enum, flags 00000000 28 4
                Bool false
                Bool false
                Bool true
*	  id:1 (Spa:Enum:ParamId:PropInfo)
          Object: size 136, type Spa:Pod:Object:Param:PropInfo (262145), id Spa:Enum:ParamId:PropInfo (1)
            Prop: key Spa:Pod:Object:Param:PropInfo:id (1), flags 00000000
              Id 65544    (Spa:Pod:Object:Param:Props:channelVolumes)
            Prop: key Spa:Pod:Object:Param:PropInfo:description (7), flags 00000000
              String "Channel Volumes"
            Prop: key Spa:Pod:Object:Param:PropInfo:type (3), flags 00000000
              Choice: type Spa:Enum:Choice:Range, flags 00000000 28 4
                Float 1.000000
                Float 0.000000
                Float 10.000000
            Prop: key Spa:Pod:Object:Param:PropInfo:container (5), flags 00000000
              Id 13       (Spa:Array)
*	  id:1 (Spa:Enum:ParamId:PropInfo)
          Object: size 112, type Spa:Pod:Object:Param:PropInfo (262145), id Spa:Enum:ParamId:PropInfo (1)
            Prop: key Spa:Pod:Object:Param:PropInfo:id (1), flags 00000000
              Id 65547    (Spa:Pod:Object:Param:Props:channelMap)
            Prop: key Spa:Pod:Object:Param:PropInfo:description (7), flags 00000000
              String "Channel Map"
            Prop: key Spa:Pod:Object:Param:PropInfo:type (3), flags 00000000
              Id 0        (Spa:)
            Prop: key Spa:Pod:Object:Param:PropInfo:container (5), flags 00000000
              Id 13       (Spa:Array)
*	  id:1 (Spa:Enum:ParamId:PropInfo)
          Object: size 112, type Spa:Pod:Object:Param:PropInfo (262145), id Spa:Enum:ParamId:PropInfo (1)
            Prop: key Spa:Pod:Object:Param:PropInfo:id (1), flags 00000000
              Id 65548    (Spa:Pod:Object:Param:Props:monitorMute)
            Prop: key Spa:Pod:Object:Param:PropInfo:description (7), flags 00000000
              String "Monitor Mute"
            Prop: key Spa:Pod:Object:Param:PropInfo:type (3), flags 00000000
              Choice: type Spa:Enum:Choice:Enum, flags 00000000 28 4
                Bool false
                Bool false
                Bool true
*	  id:1 (Spa:Enum:ParamId:PropInfo)
          Object: size 136, type Spa:Pod:Object:Param:PropInfo (262145), id Spa:Enum:ParamId:PropInfo (1)
            Prop: key Spa:Pod:Object:Param:PropInfo:id (1), flags 00000000
              Id 65549    (Spa:Pod:Object:Param:Props:monitorVolumes)
            Prop: key Spa:Pod:Object:Param:PropInfo:description (7), flags 00000000
              String "Monitor Volumes"
            Prop: key Spa:Pod:Object:Param:PropInfo:type (3), flags 00000000
              Choice: type Spa:Enum:Choice:Range, flags 00000000 28 4
                Float 1.000000
                Float 0.000000
                Float 10.000000
            Prop: key Spa:Pod:Object:Param:PropInfo:container (5), flags 00000000
              Id 13       (Spa:Array)
*	  id:1 (Spa:Enum:ParamId:PropInfo)
          Object: size 112, type Spa:Pod:Object:Param:PropInfo (262145), id Spa:Enum:ParamId:PropInfo (1)
            Prop: key Spa:Pod:Object:Param:PropInfo:id (1), flags 00000000
              Id 65551    (Spa:Pod:Object:Param:Props:softMute)
            Prop: key Spa:Pod:Object:Param:PropInfo:description (7), flags 00000000
              String "Soft Mute"
            Prop: key Spa:Pod:Object:Param:PropInfo:type (3), flags 00000000
              Choice: type Spa:Enum:Choice:Enum, flags 00000000 28 4
                Bool false
                Bool false
                Bool true
*	  id:1 (Spa:Enum:ParamId:PropInfo)
          Object: size 136, type Spa:Pod:Object:Param:PropInfo (262145), id Spa:Enum:ParamId:PropInfo (1)
            Prop: key Spa:Pod:Object:Param:PropInfo:id (1), flags 00000000
              Id 65552    (Spa:Pod:Object:Param:Props:softVolumes)
            Prop: key Spa:Pod:Object:Param:PropInfo:description (7), flags 00000000
              String "Soft Volumes"
            Prop: key Spa:Pod:Object:Param:PropInfo:type (3), flags 00000000
              Choice: type Spa:Enum:Choice:Range, flags 00000000 28 4
                Float 1.000000
                Float 0.000000
                Float 10.000000
            Prop: key Spa:Pod:Object:Param:PropInfo:container (5), flags 00000000
              Id 13       (Spa:Array)
*	  id:1 (Spa:Enum:ParamId:PropInfo)
          Object: size 160, type Spa:Pod:Object:Param:PropInfo (262145), id Spa:Enum:ParamId:PropInfo (1)
            Prop: key Spa:Pod:Object:Param:PropInfo:name (2), flags 00000000
              String "monitor.channel-volumes"
            Prop: key Spa:Pod:Object:Param:PropInfo:description (7), flags 00000000
              String "Monitor channel volume"
            Prop: key Spa:Pod:Object:Param:PropInfo:type (3), flags 00000000
              Choice: type Spa:Enum:Choice:Enum, flags 00000000 28 4
                Bool false
                Bool false
                Bool true
            Prop: key Spa:Pod:Object:Param:PropInfo:params (6), flags 00000000
              Bool true
*	  id:1 (Spa:Enum:ParamId:PropInfo)
          Object: size 160, type Spa:Pod:Object:Param:PropInfo (262145), id Spa:Enum:ParamId:PropInfo (1)
            Prop: key Spa:Pod:Object:Param:PropInfo:name (2), flags 00000000
              String "channelmix.disable"
            Prop: key Spa:Pod:Object:Param:PropInfo:description (7), flags 00000000
              String "Disable Channel mixing"
            Prop: key Spa:Pod:Object:Param:PropInfo:type (3), flags 00000000
              Choice: type Spa:Enum:Choice:Enum, flags 00000000 28 4
                Bool false
                Bool false
                Bool true
            Prop: key Spa:Pod:Object:Param:PropInfo:params (6), flags 00000000
              Bool true
*	  id:1 (Spa:Enum:ParamId:PropInfo)
          Object: size 160, type Spa:Pod:Object:Param:PropInfo (262145), id Spa:Enum:ParamId:PropInfo (1)
            Prop: key Spa:Pod:Object:Param:PropInfo:name (2), flags 00000000
              String "channelmix.min-volume"
            Prop: key Spa:Pod:Object:Param:PropInfo:description (7), flags 00000000
              String "Minimum volume level"
            Prop: key Spa:Pod:Object:Param:PropInfo:type (3), flags 00000000
              Choice: type Spa:Enum:Choice:Range, flags 00000000 28 4
                Float 0.000000
                Float 0.000000
                Float 10.000000
            Prop: key Spa:Pod:Object:Param:PropInfo:params (6), flags 00000000
              Bool true
*	  id:1 (Spa:Enum:ParamId:PropInfo)
          Object: size 160, type Spa:Pod:Object:Param:PropInfo (262145), id Spa:Enum:ParamId:PropInfo (1)
            Prop: key Spa:Pod:Object:Param:PropInfo:name (2), flags 00000000
              String "channelmix.max-volume"
            Prop: key Spa:Pod:Object:Param:PropInfo:description (7), flags 00000000
              String "Maximum volume level"
            Prop: key Spa:Pod:Object:Param:PropInfo:type (3), flags 00000000
              Choice: type Spa:Enum:Choice:Range, flags 00000000 28 4
                Float 10.000000
                Float 0.000000
                Float 10.000000
            Prop: key Spa:Pod:Object:Param:PropInfo:params (6), flags 00000000
              Bool true
*	  id:1 (Spa:Enum:ParamId:PropInfo)
          Object: size 160, type Spa:Pod:Object:Param:PropInfo (262145), id Spa:Enum:ParamId:PropInfo (1)
            Prop: key Spa:Pod:Object:Param:PropInfo:name (2), flags 00000000
              String "channelmix.normalize"
            Prop: key Spa:Pod:Object:Param:PropInfo:description (7), flags 00000000
              String "Normalize Volumes"
            Prop: key Spa:Pod:Object:Param:PropInfo:type (3), flags 00000000
              Choice: type Spa:Enum:Choice:Enum, flags 00000000 28 4
                Bool false
                Bool false
                Bool true
            Prop: key Spa:Pod:Object:Param:PropInfo:params (6), flags 00000000
              Bool true
*	  id:1 (Spa:Enum:ParamId:PropInfo)
          Object: size 160, type Spa:Pod:Object:Param:PropInfo (262145), id Spa:Enum:ParamId:PropInfo (1)
            Prop: key Spa:Pod:Object:Param:PropInfo:name (2), flags 00000000
              String "channelmix.mix-lfe"
            Prop: key Spa:Pod:Object:Param:PropInfo:description (7), flags 00000000
              String "Mix LFE into channels"
            Prop: key Spa:Pod:Object:Param:PropInfo:type (3), flags 00000000
              Choice: type Spa:Enum:Choice:Enum, flags 00000000 28 4
                Bool true
                Bool true
                Bool false
            Prop: key Spa:Pod:Object:Param:PropInfo:params (6), flags 00000000
              Bool true
*	  id:1 (Spa:Enum:ParamId:PropInfo)
          Object: size 152, type Spa:Pod:Object:Param:PropInfo (262145), id Spa:Enum:ParamId:PropInfo (1)
            Prop: key Spa:Pod:Object:Param:PropInfo:name (2), flags 00000000
              String "channelmix.upmix"
            Prop: key Spa:Pod:Object:Param:PropInfo:description (7), flags 00000000
              String "Enable upmixing"
            Prop: key Spa:Pod:Object:Param:PropInfo:type (3), flags 00000000
              Choice: type Spa:Enum:Choice:Enum, flags 00000000 28 4
                Bool true
                Bool true
                Bool false
            Prop: key Spa:Pod:Object:Param:PropInfo:params (6), flags 00000000
              Bool true
*	  id:1 (Spa:Enum:ParamId:PropInfo)
          Object: size 160, type Spa:Pod:Object:Param:PropInfo (262145), id Spa:Enum:ParamId:PropInfo (1)
            Prop: key Spa:Pod:Object:Param:PropInfo:name (2), flags 00000000
              String "channelmix.lfe-cutoff"
            Prop: key Spa:Pod:Object:Param:PropInfo:description (7), flags 00000000
              String "LFE cutoff frequency"
            Prop: key Spa:Pod:Object:Param:PropInfo:type (3), flags 00000000
              Choice: type Spa:Enum:Choice:Range, flags 00000000 28 4
                Float 0.000000
                Float 0.000000
                Float 1000.000000
            Prop: key Spa:Pod:Object:Param:PropInfo:params (6), flags 00000000
              Bool true
*	  id:1 (Spa:Enum:ParamId:PropInfo)
          Object: size 168, type Spa:Pod:Object:Param:PropInfo (262145), id Spa:Enum:ParamId:PropInfo (1)
            Prop: key Spa:Pod:Object:Param:PropInfo:name (2), flags 00000000
              String "channelmix.fc-cutoff"
            Prop: key Spa:Pod:Object:Param:PropInfo:description (7), flags 00000000
              String "FC cutoff frequency (Hz)"
            Prop: key Spa:Pod:Object:Param:PropInfo:type (3), flags 00000000
              Choice: type Spa:Enum:Choice:Range, flags 00000000 28 4
                Float 0.000000
                Float 0.000000
                Float 48000.000000
            Prop: key Spa:Pod:Object:Param:PropInfo:params (6), flags 00000000
              Bool true
*	  id:1 (Spa:Enum:ParamId:PropInfo)
          Object: size 168, type Spa:Pod:Object:Param:PropInfo (262145), id Spa:Enum:ParamId:PropInfo (1)
            Prop: key Spa:Pod:Object:Param:PropInfo:name (2), flags 00000000
              String "channelmix.rear-delay"
            Prop: key Spa:Pod:Object:Param:PropInfo:description (7), flags 00000000
              String "Rear channels delay (ms)"
            Prop: key Spa:Pod:Object:Param:PropInfo:type (3), flags 00000000
              Choice: type Spa:Enum:Choice:Range, flags 00000000 28 4
                Float 0.000000
                Float 0.000000
                Float 1000.000000
            Prop: key Spa:Pod:Object:Param:PropInfo:params (6), flags 00000000
              Bool true
*	  id:1 (Spa:Enum:ParamId:PropInfo)
          Object: size 152, type Spa:Pod:Object:Param:PropInfo (262145), id Spa:Enum:ParamId:PropInfo (1)
            Prop: key Spa:Pod:Object:Param:PropInfo:name (2), flags 00000000
              String "channelmix.stereo-widen"
            Prop: key Spa:Pod:Object:Param:PropInfo:description (7), flags 00000000
              String "Stereo widen"
            Prop: key Spa:Pod:Object:Param:PropInfo:type (3), flags 00000000
              Choice: type Spa:Enum:Choice:Range, flags 00000000 28 4
                Float 0.000000
                Float 0.000000
                Float 1.000000
            Prop: key Spa:Pod:Object:Param:PropInfo:params (6), flags 00000000
              Bool true
*	  id:1 (Spa:Enum:ParamId:PropInfo)
          Object: size 168, type Spa:Pod:Object:Param:PropInfo (262145), id Spa:Enum:ParamId:PropInfo (1)
            Prop: key Spa:Pod:Object:Param:PropInfo:name (2), flags 00000000
              String "channelmix.hilbert-taps"
            Prop: key Spa:Pod:Object:Param:PropInfo:description (7), flags 00000000
              String "Taps for phase shift of rear"
            Prop: key Spa:Pod:Object:Param:PropInfo:type (3), flags 00000000
              Choice: type Spa:Enum:Choice:Range, flags 00000000 28 4
                Int 0
                Int 0
                Int 255
            Prop: key Spa:Pod:Object:Param:PropInfo:params (6), flags 00000000
              Bool true
*	  id:1 (Spa:Enum:ParamId:PropInfo)
          Object: size 288, type Spa:Pod:Object:Param:PropInfo (262145), id Spa:Enum:ParamId:PropInfo (1)
            Prop: key Spa:Pod:Object:Param:PropInfo:name (2), flags 00000000
              String "channelmix.upmix-method"
            Prop: key Spa:Pod:Object:Param:PropInfo:description (7), flags 00000000
              String "Upmix method to use"
            Prop: key Spa:Pod:Object:Param:PropInfo:type (3), flags 00000000
              String "none"
            Prop: key Spa:Pod:Object:Param:PropInfo:params (6), flags 00000000
              Bool true
            Prop: key Spa:Pod:Object:Param:PropInfo:labels (4), flags 00000000
              Struct: size 136
                String "none"
                String "Disabled"
                String "simple"
                String "Simple upmixing"
                String "psd"
                String "Passive Surround Decoding"
*	  id:1 (Spa:Enum:ParamId:PropInfo)
          Object: size 120, type Spa:Pod:Object:Param:PropInfo (262145), id Spa:Enum:ParamId:PropInfo (1)
            Prop: key Spa:Pod:Object:Param:PropInfo:id (1), flags 00000000
              Id 268      (Spa:Pod:Object:Param:Props:rate)
            Prop: key Spa:Pod:Object:Param:PropInfo:description (7), flags 00000000
              String "Rate scaler"
            Prop: key Spa:Pod:Object:Param:PropInfo:type (3), flags 00000000
              Choice: type Spa:Enum:Choice:Range, flags 00000000 40 8
                Double 1.000000
                Double 0.000000
                Double 10.000000
*	  id:1 (Spa:Enum:ParamId:PropInfo)
          Object: size 184, type Spa:Pod:Object:Param:PropInfo (262145), id Spa:Enum:ParamId:PropInfo (1)
            Prop: key Spa:Pod:Object:Param:PropInfo:id (1), flags 00000000
              Id 269      (Spa:Pod:Object:Param:Props:quality)
            Prop: key Spa:Pod:Object:Param:PropInfo:name (2), flags 00000000
              String "resample.quality"
            Prop: key Spa:Pod:Object:Param:PropInfo:description (7), flags 00000000
              String "Resample Quality"
            Prop: key Spa:Pod:Object:Param:PropInfo:type (3), flags 00000000
              Choice: type Spa:Enum:Choice:Range, flags 00000000 28 4
                Int 4
                Int 0
                Int 14
            Prop: key Spa:Pod:Object:Param:PropInfo:params (6), flags 00000000
              Bool true
*	  id:1 (Spa:Enum:ParamId:PropInfo)
          Object: size 160, type Spa:Pod:Object:Param:PropInfo (262145), id Spa:Enum:ParamId:PropInfo (1)
            Prop: key Spa:Pod:Object:Param:PropInfo:name (2), flags 00000000
              String "resample.disable"
            Prop: key Spa:Pod:Object:Param:PropInfo:description (7), flags 00000000
              String "Disable Resampling"
            Prop: key Spa:Pod:Object:Param:PropInfo:type (3), flags 00000000
              Choice: type Spa:Enum:Choice:Enum, flags 00000000 28 4
                Bool true
                Bool true
                Bool false
            Prop: key Spa:Pod:Object:Param:PropInfo:params (6), flags 00000000
              Bool true
*	  id:1 (Spa:Enum:ParamId:PropInfo)
          Object: size 144, type Spa:Pod:Object:Param:PropInfo (262145), id Spa:Enum:ParamId:PropInfo (1)
            Prop: key Spa:Pod:Object:Param:PropInfo:name (2), flags 00000000
              String "dither.noise"
            Prop: key Spa:Pod:Object:Param:PropInfo:description (7), flags 00000000
              String "Add noise bits"
            Prop: key Spa:Pod:Object:Param:PropInfo:type (3), flags 00000000
              Choice: type Spa:Enum:Choice:Range, flags 00000000 28 4
                Int 0
                Int 0
                Int 16
            Prop: key Spa:Pod:Object:Param:PropInfo:params (6), flags 00000000
              Bool true
*	  id:1 (Spa:Enum:ParamId:PropInfo)
          Object: size 464, type Spa:Pod:Object:Param:PropInfo (262145), id Spa:Enum:ParamId:PropInfo (1)
            Prop: key Spa:Pod:Object:Param:PropInfo:name (2), flags 00000000
              String "dither.method"
            Prop: key Spa:Pod:Object:Param:PropInfo:description (7), flags 00000000
              String "The dithering method"
            Prop: key Spa:Pod:Object:Param:PropInfo:type (3), flags 00000000
              String "none"
            Prop: key Spa:Pod:Object:Param:PropInfo:params (6), flags 00000000
              Bool true
            Prop: key Spa:Pod:Object:Param:PropInfo:labels (4), flags 00000000
              Struct: size 320
                String "none"
                String "Disabled"
                String "rectangular"
                String "Rectangular dithering"
                String "triangular"
                String "Triangular dithering"
                String "triangular-hf"
                String "Sloped Triangular dithering"
                String "wannamaker3"
                String "Wannamaker 3 dithering"
                String "shaped5"
                String "Lipshitz 5 dithering"
*	  id:1 (Spa:Enum:ParamId:PropInfo)
          Object: size 128, type Spa:Pod:Object:Param:PropInfo (262145), id Spa:Enum:ParamId:PropInfo (1)
            Prop: key Spa:Pod:Object:Param:PropInfo:name (2), flags 00000000
              String "debug.wav-path"
            Prop: key Spa:Pod:Object:Param:PropInfo:description (7), flags 00000000
              String "Path to WAV file"
            Prop: key Spa:Pod:Object:Param:PropInfo:type (3), flags 00000000
              String ""
            Prop: key Spa:Pod:Object:Param:PropInfo:params (6), flags 00000000
              Bool true
*	  id:1 (Spa:Enum:ParamId:PropInfo)
          Object: size 160, type Spa:Pod:Object:Param:PropInfo (262145), id Spa:Enum:ParamId:PropInfo (1)
            Prop: key Spa:Pod:Object:Param:PropInfo:name (2), flags 00000000
              String "channelmix.lock-volumes"
            Prop: key Spa:Pod:Object:Param:PropInfo:description (7), flags 00000000
              String "Disable volume updates"
            Prop: key Spa:Pod:Object:Param:PropInfo:type (3), flags 00000000
              Choice: type Spa:Enum:Choice:Enum, flags 00000000 28 4
                Bool false
                Bool false
                Bool true
            Prop: key Spa:Pod:Object:Param:PropInfo:params (6), flags 00000000
              Bool true
*	  id:1 (Spa:Enum:ParamId:PropInfo)
          Object: size 184, type Spa:Pod:Object:Param:PropInfo (262145), id Spa:Enum:ParamId:PropInfo (1)
            Prop: key Spa:Pod:Object:Param:PropInfo:name (2), flags 00000000
              String "audioconvert.filter-graph.disable"
            Prop: key Spa:Pod:Object:Param:PropInfo:description (7), flags 00000000
              String "Disable Filter graph updates"
            Prop: key Spa:Pod:Object:Param:PropInfo:type (3), flags 00000000
              Choice: type Spa:Enum:Choice:Enum, flags 00000000 28 4
                Bool false
                Bool false
                Bool true
            Prop: key Spa:Pod:Object:Param:PropInfo:params (6), flags 00000000
              Bool true
*	  id:1 (Spa:Enum:ParamId:PropInfo)
          Object: size 144, type Spa:Pod:Object:Param:PropInfo (262145), id Spa:Enum:ParamId:PropInfo (1)
            Prop: key Spa:Pod:Object:Param:PropInfo:name (2), flags 00000000
              String "audioconvert.filter-graph"
            Prop: key Spa:Pod:Object:Param:PropInfo:description (7), flags 00000000
              String "A filter graph to load"
            Prop: key Spa:Pod:Object:Param:PropInfo:type (3), flags 00000000
              String ""
            Prop: key Spa:Pod:Object:Param:PropInfo:params (6), flags 00000000
              Bool true
*	  id:2 (Spa:Enum:ParamId:Props)
          Object: size 1256, type Spa:Pod:Object:Param:Props (262146), id Spa:Enum:ParamId:Props (2)
            Prop: key Spa:Pod:Object:Param:Props:volume (65539), flags 00000000
              Float 1.000000
            Prop: key Spa:Pod:Object:Param:Props:mute (65540), flags 00000000
              Bool false
            Prop: key Spa:Pod:Object:Param:Props:channelVolumes (65544), flags 00000000
              Array: child.size 4, child.type Spa:Float
                Float 1.000000
                Float 1.000000
            Prop: key Spa:Pod:Object:Param:Props:channelMap (65547), flags 00000000
              Array: child.size 4, child.type Spa:Id
                Id 3        (Spa:Enum:AudioChannel:FL)
                Id 4        (Spa:Enum:AudioChannel:FR)
            Prop: key Spa:Pod:Object:Param:Props:softMute (65551), flags 00000000
              Bool false
            Prop: key Spa:Pod:Object:Param:Props:softVolumes (65552), flags 00000000
              Array: child.size 4, child.type Spa:Float
                Float 1.000000
                Float 1.000000
            Prop: key Spa:Pod:Object:Param:Props:monitorMute (65548), flags 00000000
              Bool false
            Prop: key Spa:Pod:Object:Param:Props:monitorVolumes (65549), flags 00000000
              Array: child.size 4, child.type Spa:Float
                Float 1.000000
                Float 1.000000
            Prop: key Spa:Pod:Object:Param:Props:params (524289), flags 00000000
              Struct: size 1008
                String "monitor.channel-volumes"
                Bool false
                String "channelmix.disable"
                Bool false
                String "channelmix.min-volume"
                Float 0.000000
                String "channelmix.max-volume"
                Float 10.000000
                String "channelmix.normalize"
                Bool false
                String "channelmix.mix-lfe"
                Bool true
                String "channelmix.upmix"
                Bool true
                String "channelmix.lfe-cutoff"
                Float 0.000000
                String "channelmix.fc-cutoff"
                Float 0.000000
                String "channelmix.rear-delay"
                Float 0.000000
                String "channelmix.stereo-widen"
                Float 0.000000
                String "channelmix.hilbert-taps"
                Int 0
                String "channelmix.upmix-method"
                String "none"
                String "resample.quality"
                Int 4
                String "resample.disable"
                Bool true
                String "dither.noise"
                Int 0
                String "dither.method"
                String "none"
                String "debug.wav-path"
                String ""
                String "channelmix.lock-volumes"
                Bool false
                String "audioconvert.filter-graph.disable"
                Bool false
                String "audioconvert.filter-graph"
                String ""
*	  id:4 (Spa:Enum:ParamId:Format)
           audio/raw
                     format : (Id) F32P
                   channels : (Int) 2
                   position : (Array) < FL, FR >
*	  id:10 (Spa:Enum:ParamId:EnumPortConfig)
          Object: size 192, type Spa:Pod:Object:Param:PortConfig (262152), id Spa:Enum:ParamId:EnumPortConfig (10)
            Prop: key Spa:Pod:Object:Param:PortConfig:direction (1), flags 00000000
              Choice: type Spa:Enum:Choice:None, flags 00000000 20 4
                Id 0        (Spa:Enum:Direction:Input)
            Prop: key Spa:Pod:Object:Param:PortConfig:mode (2), flags 00000000
              Choice: type Spa:Enum:Choice:Enum, flags 00000000 32 4
                Id 0        (Spa:Enum:ParamPortConfigMode:none)
                Id 0        (Spa:Enum:ParamPortConfigMode:none)
                Id 3        (Spa:Enum:ParamPortConfigMode:dsp)
                Id 2        (Spa:Enum:ParamPortConfigMode:convert)
            Prop: key Spa:Pod:Object:Param:PortConfig:monitor (3), flags 00000000
              Choice: type Spa:Enum:Choice:Enum, flags 00000000 28 4
                Bool false
                Bool false
                Bool true
            Prop: key Spa:Pod:Object:Param:PortConfig:control (4), flags 00000000
              Choice: type Spa:Enum:Choice:Enum, flags 00000000 28 4
                Bool false
                Bool false
                Bool true
*	  id:11 (Spa:Enum:ParamId:PortConfig)
          Object: size 272, type Spa:Pod:Object:Param:PortConfig (262152), id Spa:Enum:ParamId:PortConfig (11)
            Prop: key Spa:Pod:Object:Param:PortConfig:direction (1), flags 00000000
              Choice: type Spa:Enum:Choice:None, flags 00000000 20 4
                Id 0        (Spa:Enum:Direction:Input)
            Prop: key Spa:Pod:Object:Param:PortConfig:mode (2), flags 00000000
              Id 3        (Spa:Enum:ParamPortConfigMode:dsp)
            Prop: key Spa:Pod:Object:Param:PortConfig:monitor (3), flags 00000000
              Bool true
            Prop: key Spa:Pod:Object:Param:PortConfig:control (4), flags 00000000
              Bool false
            Prop: key Spa:Pod:Object:Param:PortConfig:format (5), flags 00000000
              Object: size 136, type Spa:Pod:Object:Param:Format (262147), id Spa:Enum:ParamId:Buffers (5)
                Prop: key Spa:Pod:Object:Param:Format:mediaType (1), flags 00000000
                  Id 1        (Spa:Enum:MediaType:audio)
                Prop: key Spa:Pod:Object:Param:Format:mediaSubtype (2), flags 00000000
                  Id 1        (Spa:Enum:MediaSubtype:raw)
                Prop: key Spa:Pod:Object:Param:Format:Audio:format (65537), flags 00000000
                  Id 518      (Spa:Enum:AudioFormat:F32P)
                Prop: key Spa:Pod:Object:Param:Format:Audio:channels (65540), flags 00000000
                  Int 2
                Prop: key Spa:Pod:Object:Param:Format:Audio:position (65541), flags 00000000
                  Array: child.size 4, child.type Spa:Id
                    Id 3        (Spa:Enum:AudioChannel:FL)
                    Id 4        (Spa:Enum:AudioChannel:FR)
*	  id:15 (Spa:Enum:ParamId:Latency)
          Object: size 176, type Spa:Pod:Object:Param:Latency (262155), id Spa:Enum:ParamId:Latency (15)
            Prop: key Spa:Pod:Object:Param:Latency:direction (1), flags 00000000
              Id 0        (Spa:Enum:Direction:Input)
            Prop: key Spa:Pod:Object:Param:Latency:minQuantum (2), flags 00000000
              Float 1.000000
            Prop: key Spa:Pod:Object:Param:Latency:maxQuantum (3), flags 00000000
              Float 1.000000
            Prop: key Spa:Pod:Object:Param:Latency:minRate (4), flags 00000000
              Int 512
            Prop: key Spa:Pod:Object:Param:Latency:maxRate (5), flags 00000000
              Int 512
            Prop: key Spa:Pod:Object:Param:Latency:minNs (6), flags 00000000
              Long 0
            Prop: key Spa:Pod:Object:Param:Latency:maxNs (7), flags 00000000
              Long 0
*	  id:15 (Spa:Enum:ParamId:Latency)
          Object: size 176, type Spa:Pod:Object:Param:Latency (262155), id Spa:Enum:ParamId:Latency (15)
            Prop: key Spa:Pod:Object:Param:Latency:direction (1), flags 00000000
              Id 1        (Spa:Enum:Direction:Output)
            Prop: key Spa:Pod:Object:Param:Latency:minQuantum (2), flags 00000000
              Float 1.000000
            Prop: key Spa:Pod:Object:Param:Latency:maxQuantum (3), flags 00000000
              Float 1.000000
            Prop: key Spa:Pod:Object:Param:Latency:minRate (4), flags 00000000
              Int 0
            Prop: key Spa:Pod:Object:Param:Latency:maxRate (5), flags 00000000
              Int 0
            Prop: key Spa:Pod:Object:Param:Latency:minNs (6), flags 00000000
              Long 0
            Prop: key Spa:Pod:Object:Param:Latency:maxNs (7), flags 00000000
              Long 0
 	input ports: 2/65
 	output ports: 2/0
 	state: "running"
 	properties:
 		target.object = "bluez_input.5C_33_7B_CB_BF_C5.0"
 		node.group = "pw-loopback-33226"
 		audio.channels = "2"
 		audio.position = "[ FL, FR ]"
 		node.link-group = "loopback-33226-20"
 		node.virtual = "true"
 		resample.prefill = "true"
 		node.name = "input.bridge.callout"
 		node.description = "bridge.callout"
 		resample.disable = "true"
 		media.name = "bridge.callout input"
 		stream.is-live = "true"
 		node.want-driver = "true"
 		node.autoconnect = "true"
 		media.class = "Stream/Input/Audio"
 		port.group = "stream.0"
 		adapt.follower.spa-node = ""
 		object.register = "false"
 		factory.id = "9"
 		clock.quantum-limit = "8192"
 		node.loop.name = "data-loop.0"
 		library.name = "audioconvert/libspa-audioconvert"
 		client.id = "94"
 		object.id = "97"
 		object.serial = "10935"
 		node.driver-id = "71"
added:
	id: 98
	permissions: r-xm-
	type: PipeWire:Interface:Port (version 3)
	direction: "output"
 	params:
*	  id:3 (Spa:Enum:ParamId:EnumFormat)
           audio/dsp
                     format : (Id) F32P
*	  id:6 (Spa:Enum:ParamId:Meta)
          Object: size 56, type Spa:Pod:Object:Param:Meta (262149), id Spa:Enum:ParamId:Meta (6)
            Prop: key Spa:Pod:Object:Param:Meta:type (1), flags 00000000
              Id 1        (Spa:Pointer:Meta:Header)
            Prop: key Spa:Pod:Object:Param:Meta:size (2), flags 00000000
              Int 32
*	  id:7 (Spa:Enum:ParamId:IO)
          Object: size 56, type Spa:Pod:Object:Param:IO (262150), id Spa:Enum:ParamId:IO (7)
            Prop: key Spa:Pod:Object:Param:IO:id (1), flags 00000000
              Id 1        (Spa:Enum:IO:Buffers)
            Prop: key Spa:Pod:Object:Param:IO:size (2), flags 00000000
              Int 8
*	  id:7 (Spa:Enum:ParamId:IO)
          Object: size 56, type Spa:Pod:Object:Param:IO (262150), id Spa:Enum:ParamId:IO (7)
            Prop: key Spa:Pod:Object:Param:IO:id (1), flags 00000000
              Id 10       (Spa:Enum:IO:AsyncBuffers)
            Prop: key Spa:Pod:Object:Param:IO:size (2), flags 00000000
              Int 8
*	  id:4 (Spa:Enum:ParamId:Format)
           audio/dsp
                     format : (Id) F32P
*	  id:5 (Spa:Enum:ParamId:Buffers)
          Object: size 152, type Spa:Pod:Object:Param:Buffers (262148), id Spa:Enum:ParamId:Buffers (5)
            Prop: key Spa:Pod:Object:Param:Buffers:buffers (1), flags 00000000
              Choice: type Spa:Enum:Choice:Range, flags 00000000 28 4
                Int 1
                Int 1
                Int 32
            Prop: key Spa:Pod:Object:Param:Buffers:blocks (2), flags 00000000
              Int 1
            Prop: key Spa:Pod:Object:Param:Buffers:BlockInfo:size (3), flags 00000000
              Choice: type Spa:Enum:Choice:Range, flags 00000000 28 4
                Int 32768
                Int 64
                Int 2147483647
            Prop: key Spa:Pod:Object:Param:Buffers:BlockInfo:stride (4), flags 00000000
              Int 4
*	  id:15 (Spa:Enum:ParamId:Latency)
          Object: size 176, type Spa:Pod:Object:Param:Latency (262155), id Spa:Enum:ParamId:Latency (15)
            Prop: key Spa:Pod:Object:Param:Latency:direction (1), flags 00000000
              Id 0        (Spa:Enum:Direction:Input)
            Prop: key Spa:Pod:Object:Param:Latency:minQuantum (2), flags 00000000
              Float 0.000000
            Prop: key Spa:Pod:Object:Param:Latency:maxQuantum (3), flags 00000000
              Float 0.000000
            Prop: key Spa:Pod:Object:Param:Latency:minRate (4), flags 00000000
              Int 0
            Prop: key Spa:Pod:Object:Param:Latency:maxRate (5), flags 00000000
              Int 0
            Prop: key Spa:Pod:Object:Param:Latency:minNs (6), flags 00000000
              Long 27500000
            Prop: key Spa:Pod:Object:Param:Latency:maxNs (7), flags 00000000
              Long 27500000
*	  id:15 (Spa:Enum:ParamId:Latency)
          Object: size 176, type Spa:Pod:Object:Param:Latency (262155), id Spa:Enum:ParamId:Latency (15)
            Prop: key Spa:Pod:Object:Param:Latency:direction (1), flags 00000000
              Id 1        (Spa:Enum:Direction:Output)
            Prop: key Spa:Pod:Object:Param:Latency:minQuantum (2), flags 00000000
              Float 1.000000
            Prop: key Spa:Pod:Object:Param:Latency:maxQuantum (3), flags 00000000
              Float 1.000000
            Prop: key Spa:Pod:Object:Param:Latency:minRate (4), flags 00000000
              Int 512
            Prop: key Spa:Pod:Object:Param:Latency:maxRate (5), flags 00000000
              Int 512
            Prop: key Spa:Pod:Object:Param:Latency:minNs (6), flags 00000000
              Long 0
            Prop: key Spa:Pod:Object:Param:Latency:maxNs (7), flags 00000000
              Long 0
 	properties:
 		format.dsp = "32 bit float mono audio"
 		audio.channel = "FL"
 		port.group = "stream.0"
 		port.id = "0"
 		port.direction = "out"
 		object.path = "output.bridge.mic:output_0"
 		port.name = "output_FL"
 		port.alias = "bridge.mic:output_FL"
 		node.id = "92"
 		object.id = "98"
 		object.serial = "10936"
added:
	id: 99
	permissions: r-xm-
	type: PipeWire:Interface:Port (version 3)
	direction: "output"
 	params:
*	  id:3 (Spa:Enum:ParamId:EnumFormat)
           audio/dsp
                     format : (Id) F32P
*	  id:6 (Spa:Enum:ParamId:Meta)
          Object: size 56, type Spa:Pod:Object:Param:Meta (262149), id Spa:Enum:ParamId:Meta (6)
            Prop: key Spa:Pod:Object:Param:Meta:type (1), flags 00000000
              Id 1        (Spa:Pointer:Meta:Header)
            Prop: key Spa:Pod:Object:Param:Meta:size (2), flags 00000000
              Int 32
*	  id:7 (Spa:Enum:ParamId:IO)
          Object: size 56, type Spa:Pod:Object:Param:IO (262150), id Spa:Enum:ParamId:IO (7)
            Prop: key Spa:Pod:Object:Param:IO:id (1), flags 00000000
              Id 1        (Spa:Enum:IO:Buffers)
            Prop: key Spa:Pod:Object:Param:IO:size (2), flags 00000000
              Int 8
*	  id:7 (Spa:Enum:ParamId:IO)
          Object: size 56, type Spa:Pod:Object:Param:IO (262150), id Spa:Enum:ParamId:IO (7)
            Prop: key Spa:Pod:Object:Param:IO:id (1), flags 00000000
              Id 10       (Spa:Enum:IO:AsyncBuffers)
            Prop: key Spa:Pod:Object:Param:IO:size (2), flags 00000000
              Int 8
*	  id:4 (Spa:Enum:ParamId:Format)
           audio/dsp
                     format : (Id) F32P
*	  id:5 (Spa:Enum:ParamId:Buffers)
          Object: size 152, type Spa:Pod:Object:Param:Buffers (262148), id Spa:Enum:ParamId:Buffers (5)
            Prop: key Spa:Pod:Object:Param:Buffers:buffers (1), flags 00000000
              Choice: type Spa:Enum:Choice:Range, flags 00000000 28 4
                Int 1
                Int 1
                Int 32
            Prop: key Spa:Pod:Object:Param:Buffers:blocks (2), flags 00000000
              Int 1
            Prop: key Spa:Pod:Object:Param:Buffers:BlockInfo:size (3), flags 00000000
              Choice: type Spa:Enum:Choice:Range, flags 00000000 28 4
                Int 32768
                Int 64
                Int 2147483647
            Prop: key Spa:Pod:Object:Param:Buffers:BlockInfo:stride (4), flags 00000000
              Int 4
*	  id:15 (Spa:Enum:ParamId:Latency)
          Object: size 176, type Spa:Pod:Object:Param:Latency (262155), id Spa:Enum:ParamId:Latency (15)
            Prop: key Spa:Pod:Object:Param:Latency:direction (1), flags 00000000
              Id 0        (Spa:Enum:Direction:Input)
            Prop: key Spa:Pod:Object:Param:Latency:minQuantum (2), flags 00000000
              Float 0.000000
            Prop: key Spa:Pod:Object:Param:Latency:maxQuantum (3), flags 00000000
              Float 0.000000
            Prop: key Spa:Pod:Object:Param:Latency:minRate (4), flags 00000000
              Int 0
            Prop: key Spa:Pod:Object:Param:Latency:maxRate (5), flags 00000000
              Int 0
            Prop: key Spa:Pod:Object:Param:Latency:minNs (6), flags 00000000
              Long 27500000
            Prop: key Spa:Pod:Object:Param:Latency:maxNs (7), flags 00000000
              Long 27500000
*	  id:15 (Spa:Enum:ParamId:Latency)
          Object: size 176, type Spa:Pod:Object:Param:Latency (262155), id Spa:Enum:ParamId:Latency (15)
            Prop: key Spa:Pod:Object:Param:Latency:direction (1), flags 00000000
              Id 1        (Spa:Enum:Direction:Output)
            Prop: key Spa:Pod:Object:Param:Latency:minQuantum (2), flags 00000000
              Float 1.000000
            Prop: key Spa:Pod:Object:Param:Latency:maxQuantum (3), flags 00000000
              Float 1.000000
            Prop: key Spa:Pod:Object:Param:Latency:minRate (4), flags 00000000
              Int 512
            Prop: key Spa:Pod:Object:Param:Latency:maxRate (5), flags 00000000
              Int 512
            Prop: key Spa:Pod:Object:Param:Latency:minNs (6), flags 00000000
              Long 0
            Prop: key Spa:Pod:Object:Param:Latency:maxNs (7), flags 00000000
              Long 0
 	properties:
 		format.dsp = "32 bit float mono audio"
 		audio.channel = "FR"
 		port.group = "stream.0"
 		port.id = "1"
 		port.direction = "out"
 		object.path = "output.bridge.mic:output_1"
 		port.name = "output_FR"
 		port.alias = "bridge.mic:output_FR"
 		node.id = "92"
 		object.id = "99"
 		object.serial = "10937"
added:
	id: 102
	permissions: r-xm-
	type: PipeWire:Interface:Port (version 3)
	direction: "input"
 	params:
*	  id:3 (Spa:Enum:ParamId:EnumFormat)
           audio/dsp
                     format : (Id) F32P
*	  id:6 (Spa:Enum:ParamId:Meta)
          Object: size 56, type Spa:Pod:Object:Param:Meta (262149), id Spa:Enum:ParamId:Meta (6)
            Prop: key Spa:Pod:Object:Param:Meta:type (1), flags 00000000
              Id 1        (Spa:Pointer:Meta:Header)
            Prop: key Spa:Pod:Object:Param:Meta:size (2), flags 00000000
              Int 32
*	  id:7 (Spa:Enum:ParamId:IO)
          Object: size 56, type Spa:Pod:Object:Param:IO (262150), id Spa:Enum:ParamId:IO (7)
            Prop: key Spa:Pod:Object:Param:IO:id (1), flags 00000000
              Id 1        (Spa:Enum:IO:Buffers)
            Prop: key Spa:Pod:Object:Param:IO:size (2), flags 00000000
              Int 8
*	  id:7 (Spa:Enum:ParamId:IO)
          Object: size 56, type Spa:Pod:Object:Param:IO (262150), id Spa:Enum:ParamId:IO (7)
            Prop: key Spa:Pod:Object:Param:IO:id (1), flags 00000000
              Id 10       (Spa:Enum:IO:AsyncBuffers)
            Prop: key Spa:Pod:Object:Param:IO:size (2), flags 00000000
              Int 8
*	  id:4 (Spa:Enum:ParamId:Format)
           audio/dsp
                     format : (Id) F32P
*	  id:5 (Spa:Enum:ParamId:Buffers)
          Object: size 152, type Spa:Pod:Object:Param:Buffers (262148), id Spa:Enum:ParamId:Buffers (5)
            Prop: key Spa:Pod:Object:Param:Buffers:buffers (1), flags 00000000
              Choice: type Spa:Enum:Choice:Range, flags 00000000 28 4
                Int 1
                Int 1
                Int 32
            Prop: key Spa:Pod:Object:Param:Buffers:blocks (2), flags 00000000
              Int 1
            Prop: key Spa:Pod:Object:Param:Buffers:BlockInfo:size (3), flags 00000000
              Choice: type Spa:Enum:Choice:Range, flags 00000000 28 4
                Int 32768
                Int 64
                Int 2147483647
            Prop: key Spa:Pod:Object:Param:Buffers:BlockInfo:stride (4), flags 00000000
              Int 4
*	  id:15 (Spa:Enum:ParamId:Latency)
          Object: size 176, type Spa:Pod:Object:Param:Latency (262155), id Spa:Enum:ParamId:Latency (15)
            Prop: key Spa:Pod:Object:Param:Latency:direction (1), flags 00000000
              Id 0        (Spa:Enum:Direction:Input)
            Prop: key Spa:Pod:Object:Param:Latency:minQuantum (2), flags 00000000
              Float 0.000000
            Prop: key Spa:Pod:Object:Param:Latency:maxQuantum (3), flags 00000000
              Float 0.000000
            Prop: key Spa:Pod:Object:Param:Latency:minRate (4), flags 00000000
              Int 0
            Prop: key Spa:Pod:Object:Param:Latency:maxRate (5), flags 00000000
              Int 0
            Prop: key Spa:Pod:Object:Param:Latency:minNs (6), flags 00000000
              Long 27500000
            Prop: key Spa:Pod:Object:Param:Latency:maxNs (7), flags 00000000
              Long 27500000
*	  id:15 (Spa:Enum:ParamId:Latency)
          Object: size 176, type Spa:Pod:Object:Param:Latency (262155), id Spa:Enum:ParamId:Latency (15)
            Prop: key Spa:Pod:Object:Param:Latency:direction (1), flags 00000000
              Id 1        (Spa:Enum:Direction:Output)
            Prop: key Spa:Pod:Object:Param:Latency:minQuantum (2), flags 00000000
              Float 1.000000
            Prop: key Spa:Pod:Object:Param:Latency:maxQuantum (3), flags 00000000
              Float 1.000000
            Prop: key Spa:Pod:Object:Param:Latency:minRate (4), flags 00000000
              Int 512
            Prop: key Spa:Pod:Object:Param:Latency:maxRate (5), flags 00000000
              Int 512
            Prop: key Spa:Pod:Object:Param:Latency:minNs (6), flags 00000000
              Long 0
            Prop: key Spa:Pod:Object:Param:Latency:maxNs (7), flags 00000000
              Long 0
 	properties:
 		format.dsp = "32 bit float mono audio"
 		audio.channel = "FL"
 		port.group = "stream.0"
 		port.id = "0"
 		port.direction = "in"
 		object.path = "input.bridge.mic:input_0"
 		port.name = "input_FL"
 		port.alias = "bridge.mic:input_FL"
 		node.id = "95"
 		object.id = "102"
 		object.serial = "10940"
added:
	id: 103
	permissions: r-xm-
	type: PipeWire:Interface:Port (version 3)
	direction: "output"
 	params:
*	  id:3 (Spa:Enum:ParamId:EnumFormat)
           audio/dsp
                     format : (Id) F32P
*	  id:6 (Spa:Enum:ParamId:Meta)
          Object: size 56, type Spa:Pod:Object:Param:Meta (262149), id Spa:Enum:ParamId:Meta (6)
            Prop: key Spa:Pod:Object:Param:Meta:type (1), flags 00000000
              Id 1        (Spa:Pointer:Meta:Header)
            Prop: key Spa:Pod:Object:Param:Meta:size (2), flags 00000000
              Int 32
*	  id:7 (Spa:Enum:ParamId:IO)
          Object: size 56, type Spa:Pod:Object:Param:IO (262150), id Spa:Enum:ParamId:IO (7)
            Prop: key Spa:Pod:Object:Param:IO:id (1), flags 00000000
              Id 1        (Spa:Enum:IO:Buffers)
            Prop: key Spa:Pod:Object:Param:IO:size (2), flags 00000000
              Int 8
*	  id:7 (Spa:Enum:ParamId:IO)
          Object: size 56, type Spa:Pod:Object:Param:IO (262150), id Spa:Enum:ParamId:IO (7)
            Prop: key Spa:Pod:Object:Param:IO:id (1), flags 00000000
              Id 10       (Spa:Enum:IO:AsyncBuffers)
            Prop: key Spa:Pod:Object:Param:IO:size (2), flags 00000000
              Int 8
*	  id:15 (Spa:Enum:ParamId:Latency)
          Object: size 176, type Spa:Pod:Object:Param:Latency (262155), id Spa:Enum:ParamId:Latency (15)
            Prop: key Spa:Pod:Object:Param:Latency:direction (1), flags 00000000
              Id 0        (Spa:Enum:Direction:Input)
            Prop: key Spa:Pod:Object:Param:Latency:minQuantum (2), flags 00000000
              Float 0.000000
            Prop: key Spa:Pod:Object:Param:Latency:maxQuantum (3), flags 00000000
              Float 0.000000
            Prop: key Spa:Pod:Object:Param:Latency:minRate (4), flags 00000000
              Int 0
            Prop: key Spa:Pod:Object:Param:Latency:maxRate (5), flags 00000000
              Int 0
            Prop: key Spa:Pod:Object:Param:Latency:minNs (6), flags 00000000
              Long 0
            Prop: key Spa:Pod:Object:Param:Latency:maxNs (7), flags 00000000
              Long 0
*	  id:15 (Spa:Enum:ParamId:Latency)
          Object: size 176, type Spa:Pod:Object:Param:Latency (262155), id Spa:Enum:ParamId:Latency (15)
            Prop: key Spa:Pod:Object:Param:Latency:direction (1), flags 00000000
              Id 1        (Spa:Enum:Direction:Output)
            Prop: key Spa:Pod:Object:Param:Latency:minQuantum (2), flags 00000000
              Float 0.000000
            Prop: key Spa:Pod:Object:Param:Latency:maxQuantum (3), flags 00000000
              Float 0.000000
            Prop: key Spa:Pod:Object:Param:Latency:minRate (4), flags 00000000
              Int 0
            Prop: key Spa:Pod:Object:Param:Latency:maxRate (5), flags 00000000
              Int 0
            Prop: key Spa:Pod:Object:Param:Latency:minNs (6), flags 00000000
              Long 0
            Prop: key Spa:Pod:Object:Param:Latency:maxNs (7), flags 00000000
              Long 0
 	properties:
 		format.dsp = "32 bit float mono audio"
 		audio.channel = "FL"
 		port.monitor = "true"
 		port.group = "stream.0"
 		port.id = "0"
 		port.direction = "out"
 		object.path = "input.bridge.mic:monitor_0"
 		port.name = "monitor_FL"
 		port.alias = "bridge.mic:monitor_FL"
 		node.id = "95"
 		object.id = "103"
 		object.serial = "10941"
added:
	id: 104
	permissions: r-xm-
	type: PipeWire:Interface:Port (version 3)
	direction: "input"
 	params:
*	  id:3 (Spa:Enum:ParamId:EnumFormat)
           audio/dsp
                     format : (Id) F32P
*	  id:6 (Spa:Enum:ParamId:Meta)
          Object: size 56, type Spa:Pod:Object:Param:Meta (262149), id Spa:Enum:ParamId:Meta (6)
            Prop: key Spa:Pod:Object:Param:Meta:type (1), flags 00000000
              Id 1        (Spa:Pointer:Meta:Header)
            Prop: key Spa:Pod:Object:Param:Meta:size (2), flags 00000000
              Int 32
*	  id:7 (Spa:Enum:ParamId:IO)
          Object: size 56, type Spa:Pod:Object:Param:IO (262150), id Spa:Enum:ParamId:IO (7)
            Prop: key Spa:Pod:Object:Param:IO:id (1), flags 00000000
              Id 1        (Spa:Enum:IO:Buffers)
            Prop: key Spa:Pod:Object:Param:IO:size (2), flags 00000000
              Int 8
*	  id:7 (Spa:Enum:ParamId:IO)
          Object: size 56, type Spa:Pod:Object:Param:IO (262150), id Spa:Enum:ParamId:IO (7)
            Prop: key Spa:Pod:Object:Param:IO:id (1), flags 00000000
              Id 10       (Spa:Enum:IO:AsyncBuffers)
            Prop: key Spa:Pod:Object:Param:IO:size (2), flags 00000000
              Int 8
*	  id:4 (Spa:Enum:ParamId:Format)
           audio/dsp
                     format : (Id) F32P
*	  id:5 (Spa:Enum:ParamId:Buffers)
          Object: size 152, type Spa:Pod:Object:Param:Buffers (262148), id Spa:Enum:ParamId:Buffers (5)
            Prop: key Spa:Pod:Object:Param:Buffers:buffers (1), flags 00000000
              Choice: type Spa:Enum:Choice:Range, flags 00000000 28 4
                Int 1
                Int 1
                Int 32
            Prop: key Spa:Pod:Object:Param:Buffers:blocks (2), flags 00000000
              Int 1
            Prop: key Spa:Pod:Object:Param:Buffers:BlockInfo:size (3), flags 00000000
              Choice: type Spa:Enum:Choice:Range, flags 00000000 28 4
                Int 32768
                Int 64
                Int 2147483647
            Prop: key Spa:Pod:Object:Param:Buffers:BlockInfo:stride (4), flags 00000000
              Int 4
*	  id:15 (Spa:Enum:ParamId:Latency)
          Object: size 176, type Spa:Pod:Object:Param:Latency (262155), id Spa:Enum:ParamId:Latency (15)
            Prop: key Spa:Pod:Object:Param:Latency:direction (1), flags 00000000
              Id 0        (Spa:Enum:Direction:Input)
            Prop: key Spa:Pod:Object:Param:Latency:minQuantum (2), flags 00000000
              Float 0.000000
            Prop: key Spa:Pod:Object:Param:Latency:maxQuantum (3), flags 00000000
              Float 0.000000
            Prop: key Spa:Pod:Object:Param:Latency:minRate (4), flags 00000000
              Int 0
            Prop: key Spa:Pod:Object:Param:Latency:maxRate (5), flags 00000000
              Int 0
            Prop: key Spa:Pod:Object:Param:Latency:minNs (6), flags 00000000
              Long 27500000
            Prop: key Spa:Pod:Object:Param:Latency:maxNs (7), flags 00000000
              Long 27500000
*	  id:15 (Spa:Enum:ParamId:Latency)
          Object: size 176, type Spa:Pod:Object:Param:Latency (262155), id Spa:Enum:ParamId:Latency (15)
            Prop: key Spa:Pod:Object:Param:Latency:direction (1), flags 00000000
              Id 1        (Spa:Enum:Direction:Output)
            Prop: key Spa:Pod:Object:Param:Latency:minQuantum (2), flags 00000000
              Float 1.000000
            Prop: key Spa:Pod:Object:Param:Latency:maxQuantum (3), flags 00000000
              Float 1.000000
            Prop: key Spa:Pod:Object:Param:Latency:minRate (4), flags 00000000
              Int 512
            Prop: key Spa:Pod:Object:Param:Latency:maxRate (5), flags 00000000
              Int 512
            Prop: key Spa:Pod:Object:Param:Latency:minNs (6), flags 00000000
              Long 0
            Prop: key Spa:Pod:Object:Param:Latency:maxNs (7), flags 00000000
              Long 0
 	properties:
 		format.dsp = "32 bit float mono audio"
 		audio.channel = "FR"
 		port.group = "stream.0"
 		port.id = "1"
 		port.direction = "in"
 		object.path = "input.bridge.mic:input_1"
 		port.name = "input_FR"
 		port.alias = "bridge.mic:input_FR"
 		node.id = "95"
 		object.id = "104"
 		object.serial = "10942"
added:
	id: 105
	permissions: r-xm-
	type: PipeWire:Interface:Port (version 3)
	direction: "output"
 	params:
*	  id:3 (Spa:Enum:ParamId:EnumFormat)
           audio/dsp
                     format : (Id) F32P
*	  id:6 (Spa:Enum:ParamId:Meta)
          Object: size 56, type Spa:Pod:Object:Param:Meta (262149), id Spa:Enum:ParamId:Meta (6)
            Prop: key Spa:Pod:Object:Param:Meta:type (1), flags 00000000
              Id 1        (Spa:Pointer:Meta:Header)
            Prop: key Spa:Pod:Object:Param:Meta:size (2), flags 00000000
              Int 32
*	  id:7 (Spa:Enum:ParamId:IO)
          Object: size 56, type Spa:Pod:Object:Param:IO (262150), id Spa:Enum:ParamId:IO (7)
            Prop: key Spa:Pod:Object:Param:IO:id (1), flags 00000000
              Id 1        (Spa:Enum:IO:Buffers)
            Prop: key Spa:Pod:Object:Param:IO:size (2), flags 00000000
              Int 8
*	  id:7 (Spa:Enum:ParamId:IO)
          Object: size 56, type Spa:Pod:Object:Param:IO (262150), id Spa:Enum:ParamId:IO (7)
            Prop: key Spa:Pod:Object:Param:IO:id (1), flags 00000000
              Id 10       (Spa:Enum:IO:AsyncBuffers)
            Prop: key Spa:Pod:Object:Param:IO:size (2), flags 00000000
              Int 8
*	  id:15 (Spa:Enum:ParamId:Latency)
          Object: size 176, type Spa:Pod:Object:Param:Latency (262155), id Spa:Enum:ParamId:Latency (15)
            Prop: key Spa:Pod:Object:Param:Latency:direction (1), flags 00000000
              Id 0        (Spa:Enum:Direction:Input)
            Prop: key Spa:Pod:Object:Param:Latency:minQuantum (2), flags 00000000
              Float 0.000000
            Prop: key Spa:Pod:Object:Param:Latency:maxQuantum (3), flags 00000000
              Float 0.000000
            Prop: key Spa:Pod:Object:Param:Latency:minRate (4), flags 00000000
              Int 0
            Prop: key Spa:Pod:Object:Param:Latency:maxRate (5), flags 00000000
              Int 0
            Prop: key Spa:Pod:Object:Param:Latency:minNs (6), flags 00000000
              Long 0
            Prop: key Spa:Pod:Object:Param:Latency:maxNs (7), flags 00000000
              Long 0
*	  id:15 (Spa:Enum:ParamId:Latency)
          Object: size 176, type Spa:Pod:Object:Param:Latency (262155), id Spa:Enum:ParamId:Latency (15)
            Prop: key Spa:Pod:Object:Param:Latency:direction (1), flags 00000000
              Id 1        (Spa:Enum:Direction:Output)
            Prop: key Spa:Pod:Object:Param:Latency:minQuantum (2), flags 00000000
              Float 0.000000
            Prop: key Spa:Pod:Object:Param:Latency:maxQuantum (3), flags 00000000
              Float 0.000000
            Prop: key Spa:Pod:Object:Param:Latency:minRate (4), flags 00000000
              Int 0
            Prop: key Spa:Pod:Object:Param:Latency:maxRate (5), flags 00000000
              Int 0
            Prop: key Spa:Pod:Object:Param:Latency:minNs (6), flags 00000000
              Long 0
            Prop: key Spa:Pod:Object:Param:Latency:maxNs (7), flags 00000000
              Long 0
 	properties:
 		format.dsp = "32 bit float mono audio"
 		audio.channel = "FR"
 		port.monitor = "true"
 		port.group = "stream.0"
 		port.id = "1"
 		port.direction = "out"
 		object.path = "input.bridge.mic:monitor_1"
 		port.name = "monitor_FR"
 		port.alias = "bridge.mic:monitor_FR"
 		node.id = "95"
 		object.id = "105"
 		object.serial = "10943"
added:
	id: 108
	permissions: r-xm-
	type: PipeWire:Interface:Port (version 3)
	direction: "output"
 	params:
*	  id:3 (Spa:Enum:ParamId:EnumFormat)
           audio/dsp
                     format : (Id) F32P
*	  id:6 (Spa:Enum:ParamId:Meta)
          Object: size 56, type Spa:Pod:Object:Param:Meta (262149), id Spa:Enum:ParamId:Meta (6)
            Prop: key Spa:Pod:Object:Param:Meta:type (1), flags 00000000
              Id 1        (Spa:Pointer:Meta:Header)
            Prop: key Spa:Pod:Object:Param:Meta:size (2), flags 00000000
              Int 32
*	  id:7 (Spa:Enum:ParamId:IO)
          Object: size 56, type Spa:Pod:Object:Param:IO (262150), id Spa:Enum:ParamId:IO (7)
            Prop: key Spa:Pod:Object:Param:IO:id (1), flags 00000000
              Id 1        (Spa:Enum:IO:Buffers)
            Prop: key Spa:Pod:Object:Param:IO:size (2), flags 00000000
              Int 8
*	  id:7 (Spa:Enum:ParamId:IO)
          Object: size 56, type Spa:Pod:Object:Param:IO (262150), id Spa:Enum:ParamId:IO (7)
            Prop: key Spa:Pod:Object:Param:IO:id (1), flags 00000000
              Id 10       (Spa:Enum:IO:AsyncBuffers)
            Prop: key Spa:Pod:Object:Param:IO:size (2), flags 00000000
              Int 8
*	  id:4 (Spa:Enum:ParamId:Format)
           audio/dsp
                     format : (Id) F32P
*	  id:5 (Spa:Enum:ParamId:Buffers)
          Object: size 152, type Spa:Pod:Object:Param:Buffers (262148), id Spa:Enum:ParamId:Buffers (5)
            Prop: key Spa:Pod:Object:Param:Buffers:buffers (1), flags 00000000
              Choice: type Spa:Enum:Choice:Range, flags 00000000 28 4
                Int 1
                Int 1
                Int 32
            Prop: key Spa:Pod:Object:Param:Buffers:blocks (2), flags 00000000
              Int 1
            Prop: key Spa:Pod:Object:Param:Buffers:BlockInfo:size (3), flags 00000000
              Choice: type Spa:Enum:Choice:Range, flags 00000000 28 4
                Int 32768
                Int 64
                Int 2147483647
            Prop: key Spa:Pod:Object:Param:Buffers:BlockInfo:stride (4), flags 00000000
              Int 4
*	  id:15 (Spa:Enum:ParamId:Latency)
          Object: size 176, type Spa:Pod:Object:Param:Latency (262155), id Spa:Enum:ParamId:Latency (15)
            Prop: key Spa:Pod:Object:Param:Latency:direction (1), flags 00000000
              Id 0        (Spa:Enum:Direction:Input)
            Prop: key Spa:Pod:Object:Param:Latency:minQuantum (2), flags 00000000
              Float 1.000000
            Prop: key Spa:Pod:Object:Param:Latency:maxQuantum (3), flags 00000000
              Float 1.000000
            Prop: key Spa:Pod:Object:Param:Latency:minRate (4), flags 00000000
              Int 512
            Prop: key Spa:Pod:Object:Param:Latency:maxRate (5), flags 00000000
              Int 512
            Prop: key Spa:Pod:Object:Param:Latency:minNs (6), flags 00000000
              Long 0
            Prop: key Spa:Pod:Object:Param:Latency:maxNs (7), flags 00000000
              Long 0
*	  id:15 (Spa:Enum:ParamId:Latency)
          Object: size 176, type Spa:Pod:Object:Param:Latency (262155), id Spa:Enum:ParamId:Latency (15)
            Prop: key Spa:Pod:Object:Param:Latency:direction (1), flags 00000000
              Id 1        (Spa:Enum:Direction:Output)
            Prop: key Spa:Pod:Object:Param:Latency:minQuantum (2), flags 00000000
              Float 1.000000
            Prop: key Spa:Pod:Object:Param:Latency:maxQuantum (3), flags 00000000
              Float 1.000000
            Prop: key Spa:Pod:Object:Param:Latency:minRate (4), flags 00000000
              Int 0
            Prop: key Spa:Pod:Object:Param:Latency:maxRate (5), flags 00000000
              Int 0
            Prop: key Spa:Pod:Object:Param:Latency:minNs (6), flags 00000000
              Long 0
            Prop: key Spa:Pod:Object:Param:Latency:maxNs (7), flags 00000000
              Long 0
 	properties:
 		format.dsp = "32 bit float mono audio"
 		audio.channel = "FL"
 		port.group = "stream.0"
 		port.id = "0"
 		port.direction = "out"
 		object.path = "output.bridge.callout:output_0"
 		port.name = "output_FL"
 		port.alias = "bridge.callout:output_FL"
 		node.id = "96"
 		object.id = "108"
 		object.serial = "10946"
added:
	id: 109
	permissions: r-xm-
	type: PipeWire:Interface:Port (version 3)
	direction: "output"
 	params:
*	  id:3 (Spa:Enum:ParamId:EnumFormat)
           audio/dsp
                     format : (Id) F32P
*	  id:6 (Spa:Enum:ParamId:Meta)
          Object: size 56, type Spa:Pod:Object:Param:Meta (262149), id Spa:Enum:ParamId:Meta (6)
            Prop: key Spa:Pod:Object:Param:Meta:type (1), flags 00000000
              Id 1        (Spa:Pointer:Meta:Header)
            Prop: key Spa:Pod:Object:Param:Meta:size (2), flags 00000000
              Int 32
*	  id:7 (Spa:Enum:ParamId:IO)
          Object: size 56, type Spa:Pod:Object:Param:IO (262150), id Spa:Enum:ParamId:IO (7)
            Prop: key Spa:Pod:Object:Param:IO:id (1), flags 00000000
              Id 1        (Spa:Enum:IO:Buffers)
            Prop: key Spa:Pod:Object:Param:IO:size (2), flags 00000000
              Int 8
*	  id:7 (Spa:Enum:ParamId:IO)
          Object: size 56, type Spa:Pod:Object:Param:IO (262150), id Spa:Enum:ParamId:IO (7)
            Prop: key Spa:Pod:Object:Param:IO:id (1), flags 00000000
              Id 10       (Spa:Enum:IO:AsyncBuffers)
            Prop: key Spa:Pod:Object:Param:IO:size (2), flags 00000000
              Int 8
*	  id:4 (Spa:Enum:ParamId:Format)
           audio/dsp
                     format : (Id) F32P
*	  id:5 (Spa:Enum:ParamId:Buffers)
          Object: size 152, type Spa:Pod:Object:Param:Buffers (262148), id Spa:Enum:ParamId:Buffers (5)
            Prop: key Spa:Pod:Object:Param:Buffers:buffers (1), flags 00000000
              Choice: type Spa:Enum:Choice:Range, flags 00000000 28 4
                Int 1
                Int 1
                Int 32
            Prop: key Spa:Pod:Object:Param:Buffers:blocks (2), flags 00000000
              Int 1
            Prop: key Spa:Pod:Object:Param:Buffers:BlockInfo:size (3), flags 00000000
              Choice: type Spa:Enum:Choice:Range, flags 00000000 28 4
                Int 32768
                Int 64
                Int 2147483647
            Prop: key Spa:Pod:Object:Param:Buffers:BlockInfo:stride (4), flags 00000000
              Int 4
*	  id:15 (Spa:Enum:ParamId:Latency)
          Object: size 176, type Spa:Pod:Object:Param:Latency (262155), id Spa:Enum:ParamId:Latency (15)
            Prop: key Spa:Pod:Object:Param:Latency:direction (1), flags 00000000
              Id 0        (Spa:Enum:Direction:Input)
            Prop: key Spa:Pod:Object:Param:Latency:minQuantum (2), flags 00000000
              Float 1.000000
            Prop: key Spa:Pod:Object:Param:Latency:maxQuantum (3), flags 00000000
              Float 1.000000
            Prop: key Spa:Pod:Object:Param:Latency:minRate (4), flags 00000000
              Int 512
            Prop: key Spa:Pod:Object:Param:Latency:maxRate (5), flags 00000000
              Int 512
            Prop: key Spa:Pod:Object:Param:Latency:minNs (6), flags 00000000
              Long 0
            Prop: key Spa:Pod:Object:Param:Latency:maxNs (7), flags 00000000
              Long 0
*	  id:15 (Spa:Enum:ParamId:Latency)
          Object: size 176, type Spa:Pod:Object:Param:Latency (262155), id Spa:Enum:ParamId:Latency (15)
            Prop: key Spa:Pod:Object:Param:Latency:direction (1), flags 00000000
              Id 1        (Spa:Enum:Direction:Output)
            Prop: key Spa:Pod:Object:Param:Latency:minQuantum (2), flags 00000000
              Float 1.000000
            Prop: key Spa:Pod:Object:Param:Latency:maxQuantum (3), flags 00000000
              Float 1.000000
            Prop: key Spa:Pod:Object:Param:Latency:minRate (4), flags 00000000
              Int 0
            Prop: key Spa:Pod:Object:Param:Latency:maxRate (5), flags 00000000
              Int 0
            Prop: key Spa:Pod:Object:Param:Latency:minNs (6), flags 00000000
              Long 0
            Prop: key Spa:Pod:Object:Param:Latency:maxNs (7), flags 00000000
              Long 0
 	properties:
 		format.dsp = "32 bit float mono audio"
 		audio.channel = "FR"
 		port.group = "stream.0"
 		port.id = "1"
 		port.direction = "out"
 		object.path = "output.bridge.callout:output_1"
 		port.name = "output_FR"
 		port.alias = "bridge.callout:output_FR"
 		node.id = "96"
 		object.id = "109"
 		object.serial = "10947"
added:
	id: 112
	permissions: r-xm-
	type: PipeWire:Interface:Port (version 3)
	direction: "input"
 	params:
*	  id:3 (Spa:Enum:ParamId:EnumFormat)
           audio/dsp
                     format : (Id) F32P
*	  id:6 (Spa:Enum:ParamId:Meta)
          Object: size 56, type Spa:Pod:Object:Param:Meta (262149), id Spa:Enum:ParamId:Meta (6)
            Prop: key Spa:Pod:Object:Param:Meta:type (1), flags 00000000
              Id 1        (Spa:Pointer:Meta:Header)
            Prop: key Spa:Pod:Object:Param:Meta:size (2), flags 00000000
              Int 32
*	  id:7 (Spa:Enum:ParamId:IO)
          Object: size 56, type Spa:Pod:Object:Param:IO (262150), id Spa:Enum:ParamId:IO (7)
            Prop: key Spa:Pod:Object:Param:IO:id (1), flags 00000000
              Id 1        (Spa:Enum:IO:Buffers)
            Prop: key Spa:Pod:Object:Param:IO:size (2), flags 00000000
              Int 8
*	  id:7 (Spa:Enum:ParamId:IO)
          Object: size 56, type Spa:Pod:Object:Param:IO (262150), id Spa:Enum:ParamId:IO (7)
            Prop: key Spa:Pod:Object:Param:IO:id (1), flags 00000000
              Id 10       (Spa:Enum:IO:AsyncBuffers)
            Prop: key Spa:Pod:Object:Param:IO:size (2), flags 00000000
              Int 8
*	  id:4 (Spa:Enum:ParamId:Format)
           audio/dsp
                     format : (Id) F32P
*	  id:5 (Spa:Enum:ParamId:Buffers)
          Object: size 152, type Spa:Pod:Object:Param:Buffers (262148), id Spa:Enum:ParamId:Buffers (5)
            Prop: key Spa:Pod:Object:Param:Buffers:buffers (1), flags 00000000
              Choice: type Spa:Enum:Choice:Range, flags 00000000 28 4
                Int 1
                Int 1
                Int 32
            Prop: key Spa:Pod:Object:Param:Buffers:blocks (2), flags 00000000
              Int 1
            Prop: key Spa:Pod:Object:Param:Buffers:BlockInfo:size (3), flags 00000000
              Choice: type Spa:Enum:Choice:Range, flags 00000000 28 4
                Int 32768
                Int 64
                Int 2147483647
            Prop: key Spa:Pod:Object:Param:Buffers:BlockInfo:stride (4), flags 00000000
              Int 4
*	  id:15 (Spa:Enum:ParamId:Latency)
          Object: size 176, type Spa:Pod:Object:Param:Latency (262155), id Spa:Enum:ParamId:Latency (15)
            Prop: key Spa:Pod:Object:Param:Latency:direction (1), flags 00000000
              Id 0        (Spa:Enum:Direction:Input)
            Prop: key Spa:Pod:Object:Param:Latency:minQuantum (2), flags 00000000
              Float 1.000000
            Prop: key Spa:Pod:Object:Param:Latency:maxQuantum (3), flags 00000000
              Float 1.000000
            Prop: key Spa:Pod:Object:Param:Latency:minRate (4), flags 00000000
              Int 512
            Prop: key Spa:Pod:Object:Param:Latency:maxRate (5), flags 00000000
              Int 512
            Prop: key Spa:Pod:Object:Param:Latency:minNs (6), flags 00000000
              Long 0
            Prop: key Spa:Pod:Object:Param:Latency:maxNs (7), flags 00000000
              Long 0
*	  id:15 (Spa:Enum:ParamId:Latency)
          Object: size 176, type Spa:Pod:Object:Param:Latency (262155), id Spa:Enum:ParamId:Latency (15)
            Prop: key Spa:Pod:Object:Param:Latency:direction (1), flags 00000000
              Id 1        (Spa:Enum:Direction:Output)
            Prop: key Spa:Pod:Object:Param:Latency:minQuantum (2), flags 00000000
              Float 1.000000
            Prop: key Spa:Pod:Object:Param:Latency:maxQuantum (3), flags 00000000
              Float 1.000000
            Prop: key Spa:Pod:Object:Param:Latency:minRate (4), flags 00000000
              Int 0
            Prop: key Spa:Pod:Object:Param:Latency:maxRate (5), flags 00000000
              Int 0
            Prop: key Spa:Pod:Object:Param:Latency:minNs (6), flags 00000000
              Long 0
            Prop: key Spa:Pod:Object:Param:Latency:maxNs (7), flags 00000000
              Long 0
 	properties:
 		format.dsp = "32 bit float mono audio"
 		audio.channel = "FL"
 		port.group = "stream.0"
 		port.id = "0"
 		port.direction = "in"
 		object.path = "input.bridge.callout:input_0"
 		port.name = "input_FL"
 		port.alias = "bridge.callout:input_FL"
 		node.id = "97"
 		object.id = "112"
 		object.serial = "10950"
added:
	id: 113
	permissions: r-xm-
	type: PipeWire:Interface:Port (version 3)
	direction: "output"
 	params:
*	  id:3 (Spa:Enum:ParamId:EnumFormat)
           audio/dsp
                     format : (Id) F32P
*	  id:6 (Spa:Enum:ParamId:Meta)
          Object: size 56, type Spa:Pod:Object:Param:Meta (262149), id Spa:Enum:ParamId:Meta (6)
            Prop: key Spa:Pod:Object:Param:Meta:type (1), flags 00000000
              Id 1        (Spa:Pointer:Meta:Header)
            Prop: key Spa:Pod:Object:Param:Meta:size (2), flags 00000000
              Int 32
*	  id:7 (Spa:Enum:ParamId:IO)
          Object: size 56, type Spa:Pod:Object:Param:IO (262150), id Spa:Enum:ParamId:IO (7)
            Prop: key Spa:Pod:Object:Param:IO:id (1), flags 00000000
              Id 1        (Spa:Enum:IO:Buffers)
            Prop: key Spa:Pod:Object:Param:IO:size (2), flags 00000000
              Int 8
*	  id:7 (Spa:Enum:ParamId:IO)
          Object: size 56, type Spa:Pod:Object:Param:IO (262150), id Spa:Enum:ParamId:IO (7)
            Prop: key Spa:Pod:Object:Param:IO:id (1), flags 00000000
              Id 10       (Spa:Enum:IO:AsyncBuffers)
            Prop: key Spa:Pod:Object:Param:IO:size (2), flags 00000000
              Int 8
*	  id:15 (Spa:Enum:ParamId:Latency)
          Object: size 176, type Spa:Pod:Object:Param:Latency (262155), id Spa:Enum:ParamId:Latency (15)
            Prop: key Spa:Pod:Object:Param:Latency:direction (1), flags 00000000
              Id 0        (Spa:Enum:Direction:Input)
            Prop: key Spa:Pod:Object:Param:Latency:minQuantum (2), flags 00000000
              Float 0.000000
            Prop: key Spa:Pod:Object:Param:Latency:maxQuantum (3), flags 00000000
              Float 0.000000
            Prop: key Spa:Pod:Object:Param:Latency:minRate (4), flags 00000000
              Int 0
            Prop: key Spa:Pod:Object:Param:Latency:maxRate (5), flags 00000000
              Int 0
            Prop: key Spa:Pod:Object:Param:Latency:minNs (6), flags 00000000
              Long 0
            Prop: key Spa:Pod:Object:Param:Latency:maxNs (7), flags 00000000
              Long 0
*	  id:15 (Spa:Enum:ParamId:Latency)
          Object: size 176, type Spa:Pod:Object:Param:Latency (262155), id Spa:Enum:ParamId:Latency (15)
            Prop: key Spa:Pod:Object:Param:Latency:direction (1), flags 00000000
              Id 1        (Spa:Enum:Direction:Output)
            Prop: key Spa:Pod:Object:Param:Latency:minQuantum (2), flags 00000000
              Float 0.000000
            Prop: key Spa:Pod:Object:Param:Latency:maxQuantum (3), flags 00000000
              Float 0.000000
            Prop: key Spa:Pod:Object:Param:Latency:minRate (4), flags 00000000
              Int 0
            Prop: key Spa:Pod:Object:Param:Latency:maxRate (5), flags 00000000
              Int 0
            Prop: key Spa:Pod:Object:Param:Latency:minNs (6), flags 00000000
              Long 0
            Prop: key Spa:Pod:Object:Param:Latency:maxNs (7), flags 00000000
              Long 0
 	properties:
 		format.dsp = "32 bit float mono audio"
 		audio.channel = "FL"
 		port.monitor = "true"
 		port.group = "stream.0"
 		port.id = "0"
 		port.direction = "out"
 		object.path = "input.bridge.callout:monitor_0"
 		port.name = "monitor_FL"
 		port.alias = "bridge.callout:monitor_FL"
 		node.id = "97"
 		object.id = "113"
 		object.serial = "10951"
added:
	id: 114
	permissions: r-xm-
	type: PipeWire:Interface:Port (version 3)
	direction: "input"
 	params:
*	  id:3 (Spa:Enum:ParamId:EnumFormat)
           audio/dsp
                     format : (Id) F32P
*	  id:6 (Spa:Enum:ParamId:Meta)
          Object: size 56, type Spa:Pod:Object:Param:Meta (262149), id Spa:Enum:ParamId:Meta (6)
            Prop: key Spa:Pod:Object:Param:Meta:type (1), flags 00000000
              Id 1        (Spa:Pointer:Meta:Header)
            Prop: key Spa:Pod:Object:Param:Meta:size (2), flags 00000000
              Int 32
*	  id:7 (Spa:Enum:ParamId:IO)
          Object: size 56, type Spa:Pod:Object:Param:IO (262150), id Spa:Enum:ParamId:IO (7)
            Prop: key Spa:Pod:Object:Param:IO:id (1), flags 00000000
              Id 1        (Spa:Enum:IO:Buffers)
            Prop: key Spa:Pod:Object:Param:IO:size (2), flags 00000000
              Int 8
*	  id:7 (Spa:Enum:ParamId:IO)
          Object: size 56, type Spa:Pod:Object:Param:IO (262150), id Spa:Enum:ParamId:IO (7)
            Prop: key Spa:Pod:Object:Param:IO:id (1), flags 00000000
              Id 10       (Spa:Enum:IO:AsyncBuffers)
            Prop: key Spa:Pod:Object:Param:IO:size (2), flags 00000000
              Int 8
*	  id:4 (Spa:Enum:ParamId:Format)
           audio/dsp
                     format : (Id) F32P
*	  id:5 (Spa:Enum:ParamId:Buffers)
          Object: size 152, type Spa:Pod:Object:Param:Buffers (262148), id Spa:Enum:ParamId:Buffers (5)
            Prop: key Spa:Pod:Object:Param:Buffers:buffers (1), flags 00000000
              Choice: type Spa:Enum:Choice:Range, flags 00000000 28 4
                Int 1
                Int 1
                Int 32
            Prop: key Spa:Pod:Object:Param:Buffers:blocks (2), flags 00000000
              Int 1
            Prop: key Spa:Pod:Object:Param:Buffers:BlockInfo:size (3), flags 00000000
              Choice: type Spa:Enum:Choice:Range, flags 00000000 28 4
                Int 32768
                Int 64
                Int 2147483647
            Prop: key Spa:Pod:Object:Param:Buffers:BlockInfo:stride (4), flags 00000000
              Int 4
*	  id:15 (Spa:Enum:ParamId:Latency)
          Object: size 176, type Spa:Pod:Object:Param:Latency (262155), id Spa:Enum:ParamId:Latency (15)
            Prop: key Spa:Pod:Object:Param:Latency:direction (1), flags 00000000
              Id 0        (Spa:Enum:Direction:Input)
            Prop: key Spa:Pod:Object:Param:Latency:minQuantum (2), flags 00000000
              Float 1.000000
            Prop: key Spa:Pod:Object:Param:Latency:maxQuantum (3), flags 00000000
              Float 1.000000
            Prop: key Spa:Pod:Object:Param:Latency:minRate (4), flags 00000000
              Int 512
            Prop: key Spa:Pod:Object:Param:Latency:maxRate (5), flags 00000000
              Int 512
            Prop: key Spa:Pod:Object:Param:Latency:minNs (6), flags 00000000
              Long 0
            Prop: key Spa:Pod:Object:Param:Latency:maxNs (7), flags 00000000
              Long 0
*	  id:15 (Spa:Enum:ParamId:Latency)
          Object: size 176, type Spa:Pod:Object:Param:Latency (262155), id Spa:Enum:ParamId:Latency (15)
            Prop: key Spa:Pod:Object:Param:Latency:direction (1), flags 00000000
              Id 1        (Spa:Enum:Direction:Output)
            Prop: key Spa:Pod:Object:Param:Latency:minQuantum (2), flags 00000000
              Float 1.000000
            Prop: key Spa:Pod:Object:Param:Latency:maxQuantum (3), flags 00000000
              Float 1.000000
            Prop: key Spa:Pod:Object:Param:Latency:minRate (4), flags 00000000
              Int 0
            Prop: key Spa:Pod:Object:Param:Latency:maxRate (5), flags 00000000
              Int 0
            Prop: key Spa:Pod:Object:Param:Latency:minNs (6), flags 00000000
              Long 0
            Prop: key Spa:Pod:Object:Param:Latency:maxNs (7), flags 00000000
              Long 0
 	properties:
 		format.dsp = "32 bit float mono audio"
 		audio.channel = "FR"
 		port.group = "stream.0"
 		port.id = "1"
 		port.direction = "in"
 		object.path = "input.bridge.callout:input_1"
 		port.name = "input_FR"
 		port.alias = "bridge.callout:input_FR"
 		node.id = "97"
 		object.id = "114"
 		object.serial = "10952"
added:
	id: 115
	permissions: r-xm-
	type: PipeWire:Interface:Port (version 3)
	direction: "output"
 	params:
*	  id:3 (Spa:Enum:ParamId:EnumFormat)
           audio/dsp
                     format : (Id) F32P
*	  id:6 (Spa:Enum:ParamId:Meta)
          Object: size 56, type Spa:Pod:Object:Param:Meta (262149), id Spa:Enum:ParamId:Meta (6)
            Prop: key Spa:Pod:Object:Param:Meta:type (1), flags 00000000
              Id 1        (Spa:Pointer:Meta:Header)
            Prop: key Spa:Pod:Object:Param:Meta:size (2), flags 00000000
              Int 32
*	  id:7 (Spa:Enum:ParamId:IO)
          Object: size 56, type Spa:Pod:Object:Param:IO (262150), id Spa:Enum:ParamId:IO (7)
            Prop: key Spa:Pod:Object:Param:IO:id (1), flags 00000000
              Id 1        (Spa:Enum:IO:Buffers)
            Prop: key Spa:Pod:Object:Param:IO:size (2), flags 00000000
              Int 8
*	  id:7 (Spa:Enum:ParamId:IO)
          Object: size 56, type Spa:Pod:Object:Param:IO (262150), id Spa:Enum:ParamId:IO (7)
            Prop: key Spa:Pod:Object:Param:IO:id (1), flags 00000000
              Id 10       (Spa:Enum:IO:AsyncBuffers)
            Prop: key Spa:Pod:Object:Param:IO:size (2), flags 00000000
              Int 8
*	  id:15 (Spa:Enum:ParamId:Latency)
          Object: size 176, type Spa:Pod:Object:Param:Latency (262155), id Spa:Enum:ParamId:Latency (15)
            Prop: key Spa:Pod:Object:Param:Latency:direction (1), flags 00000000
              Id 0        (Spa:Enum:Direction:Input)
            Prop: key Spa:Pod:Object:Param:Latency:minQuantum (2), flags 00000000
              Float 0.000000
            Prop: key Spa:Pod:Object:Param:Latency:maxQuantum (3), flags 00000000
              Float 0.000000
            Prop: key Spa:Pod:Object:Param:Latency:minRate (4), flags 00000000
              Int 0
            Prop: key Spa:Pod:Object:Param:Latency:maxRate (5), flags 00000000
              Int 0
            Prop: key Spa:Pod:Object:Param:Latency:minNs (6), flags 00000000
              Long 0
            Prop: key Spa:Pod:Object:Param:Latency:maxNs (7), flags 00000000
              Long 0
*	  id:15 (Spa:Enum:ParamId:Latency)
          Object: size 176, type Spa:Pod:Object:Param:Latency (262155), id Spa:Enum:ParamId:Latency (15)
            Prop: key Spa:Pod:Object:Param:Latency:direction (1), flags 00000000
              Id 1        (Spa:Enum:Direction:Output)
            Prop: key Spa:Pod:Object:Param:Latency:minQuantum (2), flags 00000000
              Float 0.000000
            Prop: key Spa:Pod:Object:Param:Latency:maxQuantum (3), flags 00000000
              Float 0.000000
            Prop: key Spa:Pod:Object:Param:Latency:minRate (4), flags 00000000
              Int 0
            Prop: key Spa:Pod:Object:Param:Latency:maxRate (5), flags 00000000
              Int 0
            Prop: key Spa:Pod:Object:Param:Latency:minNs (6), flags 00000000
              Long 0
            Prop: key Spa:Pod:Object:Param:Latency:maxNs (7), flags 00000000
              Long 0
 	properties:
 		format.dsp = "32 bit float mono audio"
 		audio.channel = "FR"
 		port.monitor = "true"
 		port.group = "stream.0"
 		port.id = "1"
 		port.direction = "out"
 		object.path = "input.bridge.callout:monitor_1"
 		port.name = "monitor_FR"
 		port.alias = "bridge.callout:monitor_FR"
 		node.id = "97"
 		object.id = "115"
 		object.serial = "10953"
added:
	id: 88
	permissions: rwxm-
	type: PipeWire:Interface:Client (version 3)
 	properties:
 		pipewire.protocol = "protocol-native"
 		core.name = "pipewire-admin-33620"
 		pipewire.sec.socket = "pipewire-0-manager"
 		pipewire.sec.pid = "33620"
 		pipewire.sec.uid = "1000"
 		pipewire.sec.gid = "1000"
 		module.id = "2"
 		object.id = "88"
 		object.serial = "11015"
 		remote.intention = "manager"
 		application.name = "pw-dump"
 		application.process.binary = "pw-dump"
 		application.language = "en_GB.UTF-8"
 		application.process.id = "33620"
 		application.process.user = "admin"
 		application.process.host = "larkbridge"
 		log.level = "0"
 		cpu.max-align = "16"
 		default.clock.rate = "48000"
 		default.clock.quantum = "1024"
 		default.clock.min-quantum = "32"
 		default.clock.max-quantum = "2048"
 		default.clock.quantum-limit = "8192"
 		default.clock.quantum-floor = "4"
 		default.video.width = "640"
 		default.video.height = "480"
 		default.video.rate.num = "25"
 		default.video.rate.denom = "1"
 		clock.power-of-two-quantum = "true"
 		link.max-buffers = "64"
 		mem.warn-mlock = "false"
 		mem.allow-mlock = "true"
 		settings.check-quantum = "false"
 		settings.check-rate = "false"
 		core.version = "1.4.2"
 		pipewire.access = "unrestricted"
removed:
	id: 88
added:
	id: 88
	permissions: rwxm-
	type: PipeWire:Interface:Client (version 3)
 	properties:
 		pipewire.protocol = "protocol-native"
 		core.name = "pipewire-admin-33622"
 		pipewire.sec.socket = "pipewire-0"
 		pipewire.sec.pid = "33622"
 		pipewire.sec.uid = "1000"
 		pipewire.sec.gid = "1000"
 		module.id = "2"
 		object.id = "88"
 		object.serial = "11016"
 		application.name = "pw-link"
 		application.process.binary = "pw-link"
 		application.language = "en_GB.UTF-8"
 		application.process.id = "33622"
 		application.process.user = "admin"
 		application.process.host = "larkbridge"
 		log.level = "0"
 		cpu.max-align = "16"
 		default.clock.rate = "48000"
 		default.clock.quantum = "1024"
 		default.clock.min-quantum = "32"
 		default.clock.max-quantum = "2048"
 		default.clock.quantum-limit = "8192"
 		default.clock.quantum-floor = "4"
 		default.video.width = "640"
 		default.video.height = "480"
 		default.video.rate.num = "25"
 		default.video.rate.denom = "1"
 		clock.power-of-two-quantum = "true"
 		link.max-buffers = "64"
 		mem.warn-mlock = "false"
 		mem.allow-mlock = "true"
 		settings.check-quantum = "false"
 		settings.check-rate = "false"
 		core.version = "1.4.2"
 		pipewire.access = "unrestricted"
removed:
	id: 88
added:
	id: 88
	permissions: rwxm-
	type: PipeWire:Interface:Client (version 3)
 	properties:
 		pipewire.protocol = "protocol-native"
 		core.name = "pipewire-admin-33637"
 		pipewire.sec.socket = "pipewire-0-manager"
 		pipewire.sec.pid = "33637"
 		pipewire.sec.uid = "1000"
 		pipewire.sec.gid = "1000"
 		module.id = "2"
 		object.id = "88"
 		object.serial = "11017"
 		remote.intention = "manager"
 		application.name = "pw-dump"
 		application.process.binary = "pw-dump"
 		application.language = "en_GB.UTF-8"
 		application.process.id = "33637"
 		application.process.user = "admin"
 		application.process.host = "larkbridge"
 		log.level = "0"
 		cpu.max-align = "16"
 		default.clock.rate = "48000"
 		default.clock.quantum = "1024"
 		default.clock.min-quantum = "32"
 		default.clock.max-quantum = "2048"
 		default.clock.quantum-limit = "8192"
 		default.clock.quantum-floor = "4"
 		default.video.width = "640"
 		default.video.height = "480"
 		default.video.rate.num = "25"
 		default.video.rate.denom = "1"
 		clock.power-of-two-quantum = "true"
 		link.max-buffers = "64"
 		mem.warn-mlock = "false"
 		mem.allow-mlock = "true"
 		settings.check-quantum = "false"
 		settings.check-rate = "false"
 		core.version = "1.4.2"
 		pipewire.access = "unrestricted"
removed:
	id: 88
added:
	id: 88
	permissions: rwxm-
	type: PipeWire:Interface:Client (version 3)
 	properties:
 		pipewire.protocol = "protocol-native"
 		core.name = "pipewire-admin-33639"
 		pipewire.sec.socket = "pipewire-0"
 		pipewire.sec.pid = "33639"
 		pipewire.sec.uid = "1000"
 		pipewire.sec.gid = "1000"
 		module.id = "2"
 		object.id = "88"
 		object.serial = "11018"
 		application.name = "pw-link"
 		application.process.binary = "pw-link"
 		application.language = "en_GB.UTF-8"
 		application.process.id = "33639"
 		application.process.user = "admin"
 		application.process.host = "larkbridge"
 		log.level = "0"
 		cpu.max-align = "16"
 		default.clock.rate = "48000"
 		default.clock.quantum = "1024"
 		default.clock.min-quantum = "32"
 		default.clock.max-quantum = "2048"
 		default.clock.quantum-limit = "8192"
 		default.clock.quantum-floor = "4"
 		default.video.width = "640"
 		default.video.height = "480"
 		default.video.rate.num = "25"
 		default.video.rate.denom = "1"
 		clock.power-of-two-quantum = "true"
 		link.max-buffers = "64"
 		mem.warn-mlock = "false"
 		mem.allow-mlock = "true"
 		settings.check-quantum = "false"
 		settings.check-rate = "false"
 		core.version = "1.4.2"
 		pipewire.access = "unrestricted"
removed:
	id: 88
added:
	id: 88
	permissions: rwxm-
	type: PipeWire:Interface:Client (version 3)
 	properties:
 		pipewire.protocol = "protocol-native"
 		core.name = "pipewire-admin-33652"
 		pipewire.sec.socket = "pipewire-0-manager"
 		pipewire.sec.pid = "33652"
 		pipewire.sec.uid = "1000"
 		pipewire.sec.gid = "1000"
 		module.id = "2"
 		object.id = "88"
 		object.serial = "11019"
 		remote.intention = "manager"
 		application.name = "pw-dump"
 		application.process.binary = "pw-dump"
 		application.language = "en_GB.UTF-8"
 		application.process.id = "33652"
 		application.process.user = "admin"
 		application.process.host = "larkbridge"
 		log.level = "0"
 		cpu.max-align = "16"
 		default.clock.rate = "48000"
 		default.clock.quantum = "1024"
 		default.clock.min-quantum = "32"
 		default.clock.max-quantum = "2048"
 		default.clock.quantum-limit = "8192"
 		default.clock.quantum-floor = "4"
 		default.video.width = "640"
 		default.video.height = "480"
 		default.video.rate.num = "25"
 		default.video.rate.denom = "1"
 		clock.power-of-two-quantum = "true"
 		link.max-buffers = "64"
 		mem.warn-mlock = "false"
 		mem.allow-mlock = "true"
 		settings.check-quantum = "false"
 		settings.check-rate = "false"
 		core.version = "1.4.2"
 		pipewire.access = "unrestricted"
removed:
	id: 88
added:
	id: 88
	permissions: rwxm-
	type: PipeWire:Interface:Client (version 3)
 	properties:
 		pipewire.protocol = "protocol-native"
 		core.name = "pipewire-admin-33658"
 		pipewire.sec.socket = "pipewire-0"
 		pipewire.sec.pid = "33658"
 		pipewire.sec.uid = "1000"
 		pipewire.sec.gid = "1000"
 		module.id = "2"
 		object.id = "88"
 		object.serial = "11020"
 		application.name = "pw-link"
 		application.process.binary = "pw-link"
 		application.language = "en_GB.UTF-8"
 		application.process.id = "33658"
 		application.process.user = "admin"
 		application.process.host = "larkbridge"
 		log.level = "0"
 		cpu.max-align = "16"
 		default.clock.rate = "48000"
 		default.clock.quantum = "1024"
 		default.clock.min-quantum = "32"
 		default.clock.max-quantum = "2048"
 		default.clock.quantum-limit = "8192"
 		default.clock.quantum-floor = "4"
 		default.video.width = "640"
 		default.video.height = "480"
 		default.video.rate.num = "25"
 		default.video.rate.denom = "1"
 		clock.power-of-two-quantum = "true"
 		link.max-buffers = "64"
 		mem.warn-mlock = "false"
 		mem.allow-mlock = "true"
 		settings.check-quantum = "false"
 		settings.check-rate = "false"
 		core.version = "1.4.2"
 		pipewire.access = "unrestricted"
removed:
	id: 88
added:
	id: 88
	permissions: rwxm-
	type: PipeWire:Interface:Client (version 3)
 	properties:
 		pipewire.protocol = "protocol-native"
 		core.name = "pipewire-admin-33670"
 		pipewire.sec.socket = "pipewire-0-manager"
 		pipewire.sec.pid = "33670"
 		pipewire.sec.uid = "1000"
 		pipewire.sec.gid = "1000"
 		module.id = "2"
 		object.id = "88"
 		object.serial = "11021"
 		remote.intention = "manager"
 		application.name = "pw-dump"
 		application.process.binary = "pw-dump"
 		application.language = "en_GB.UTF-8"
 		application.process.id = "33670"
 		application.process.user = "admin"
 		application.process.host = "larkbridge"
 		log.level = "0"
 		cpu.max-align = "16"
 		default.clock.rate = "48000"
 		default.clock.quantum = "1024"
 		default.clock.min-quantum = "32"
 		default.clock.max-quantum = "2048"
 		default.clock.quantum-limit = "8192"
 		default.clock.quantum-floor = "4"
 		default.video.width = "640"
 		default.video.height = "480"
 		default.video.rate.num = "25"
 		default.video.rate.denom = "1"
 		clock.power-of-two-quantum = "true"
 		link.max-buffers = "64"
 		mem.warn-mlock = "false"
 		mem.allow-mlock = "true"
 		settings.check-quantum = "false"
 		settings.check-rate = "false"
 		core.version = "1.4.2"
 		pipewire.access = "unrestricted"
removed:
	id: 88
added:
	id: 88
	permissions: rwxm-
	type: PipeWire:Interface:Client (version 3)
 	properties:
 		pipewire.protocol = "protocol-native"
 		core.name = "pipewire-admin-33674"
 		pipewire.sec.socket = "pipewire-0"
 		pipewire.sec.pid = "33674"
 		pipewire.sec.uid = "1000"
 		pipewire.sec.gid = "1000"
 		module.id = "2"
 		object.id = "88"
 		object.serial = "11022"
 		application.name = "pw-link"
 		application.process.binary = "pw-link"
 		application.language = "en_GB.UTF-8"
 		application.process.id = "33674"
 		application.process.user = "admin"
 		application.process.host = "larkbridge"
 		log.level = "0"
 		cpu.max-align = "16"
 		default.clock.rate = "48000"
 		default.clock.quantum = "1024"
 		default.clock.min-quantum = "32"
 		default.clock.max-quantum = "2048"
 		default.clock.quantum-limit = "8192"
 		default.clock.quantum-floor = "4"
 		default.video.width = "640"
 		default.video.height = "480"
 		default.video.rate.num = "25"
 		default.video.rate.denom = "1"
 		clock.power-of-two-quantum = "true"
 		link.max-buffers = "64"
 		mem.warn-mlock = "false"
 		mem.allow-mlock = "true"
 		settings.check-quantum = "false"
 		settings.check-rate = "false"
 		core.version = "1.4.2"
 		pipewire.access = "unrestricted"
removed:
	id: 88
added:
	id: 88
	permissions: rwxm-
	type: PipeWire:Interface:Client (version 3)
 	properties:
 		pipewire.protocol = "protocol-native"
 		core.name = "pipewire-admin-33687"
 		pipewire.sec.socket = "pipewire-0-manager"
 		pipewire.sec.pid = "33687"
 		pipewire.sec.uid = "1000"
 		pipewire.sec.gid = "1000"
 		module.id = "2"
 		object.id = "88"
 		object.serial = "11023"
 		remote.intention = "manager"
 		application.name = "pw-dump"
 		application.process.binary = "pw-dump"
 		application.language = "en_GB.UTF-8"
 		application.process.id = "33687"
 		application.process.user = "admin"
 		application.process.host = "larkbridge"
 		log.level = "0"
 		cpu.max-align = "16"
 		default.clock.rate = "48000"
 		default.clock.quantum = "1024"
 		default.clock.min-quantum = "32"
 		default.clock.max-quantum = "2048"
 		default.clock.quantum-limit = "8192"
 		default.clock.quantum-floor = "4"
 		default.video.width = "640"
 		default.video.height = "480"
 		default.video.rate.num = "25"
 		default.video.rate.denom = "1"
 		clock.power-of-two-quantum = "true"
 		link.max-buffers = "64"
 		mem.warn-mlock = "false"
 		mem.allow-mlock = "true"
 		settings.check-quantum = "false"
 		settings.check-rate = "false"
 		core.version = "1.4.2"
 		pipewire.access = "unrestricted"
removed:
	id: 88
removed:
	id: 88
added:
	id: 88
	permissions: rwxm-
	type: PipeWire:Interface:Client (version 3)
 	properties:
 		pipewire.protocol = "protocol-native"
 		core.name = "pipewire-admin-33702"
 		pipewire.sec.socket = "pipewire-0-manager"
 		pipewire.sec.pid = "33702"
 		pipewire.sec.uid = "1000"
 		pipewire.sec.gid = "1000"
 		module.id = "2"
 		object.id = "88"
 		object.serial = "11025"
 		remote.intention = "manager"
 		application.name = "pw-dump"
 		application.process.binary = "pw-dump"
 		application.language = "en_GB.UTF-8"
 		application.process.id = "33702"
 		application.process.user = "admin"
 		application.process.host = "larkbridge"
 		log.level = "0"
 		cpu.max-align = "16"
 		default.clock.rate = "48000"
 		default.clock.quantum = "1024"
 		default.clock.min-quantum = "32"
 		default.clock.max-quantum = "2048"
 		default.clock.quantum-limit = "8192"
 		default.clock.quantum-floor = "4"
 		default.video.width = "640"
 		default.video.height = "480"
 		default.video.rate.num = "25"
 		default.video.rate.denom = "1"
 		clock.power-of-two-quantum = "true"
 		link.max-buffers = "64"
 		mem.warn-mlock = "false"
 		mem.allow-mlock = "true"
 		settings.check-quantum = "false"
 		settings.check-rate = "false"
 		core.version = "1.4.2"
 		pipewire.access = "unrestricted"
removed:
	id: 88
added:
	id: 88
	permissions: rwxm-
	type: PipeWire:Interface:Client (version 3)
 	properties:
 		pipewire.protocol = "protocol-native"
 		core.name = "pipewire-admin-33704"
 		pipewire.sec.socket = "pipewire-0"
 		pipewire.sec.pid = "33704"
 		pipewire.sec.uid = "1000"
 		pipewire.sec.gid = "1000"
 		module.id = "2"
 		object.id = "88"
 		object.serial = "11026"
 		application.name = "pw-link"
 		application.process.binary = "pw-link"
 		application.language = "en_GB.UTF-8"
 		application.process.id = "33704"
 		application.process.user = "admin"
 		application.process.host = "larkbridge"
 		log.level = "0"
 		cpu.max-align = "16"
 		default.clock.rate = "48000"
 		default.clock.quantum = "1024"
 		default.clock.min-quantum = "32"
 		default.clock.max-quantum = "2048"
 		default.clock.quantum-limit = "8192"
 		default.clock.quantum-floor = "4"
 		default.video.width = "640"
 		default.video.height = "480"
 		default.video.rate.num = "25"
 		default.video.rate.denom = "1"
 		clock.power-of-two-quantum = "true"
 		link.max-buffers = "64"
 		mem.warn-mlock = "false"
 		mem.allow-mlock = "true"
 		settings.check-quantum = "false"
 		settings.check-rate = "false"
 		core.version = "1.4.2"
 		pipewire.access = "unrestricted"
removed:
	id: 88
added:
	id: 88
	permissions: rwxm-
	type: PipeWire:Interface:Client (version 3)
 	properties:
 		pipewire.protocol = "protocol-native"
 		core.name = "pipewire-admin-33719"
 		pipewire.sec.socket = "pipewire-0-manager"
 		pipewire.sec.pid = "33719"
 		pipewire.sec.uid = "1000"
 		pipewire.sec.gid = "1000"
 		module.id = "2"
 		object.id = "88"
 		object.serial = "11027"
 		remote.intention = "manager"
 		application.name = "pw-dump"
 		application.process.binary = "pw-dump"
 		application.language = "en_GB.UTF-8"
 		application.process.id = "33719"
 		application.process.user = "admin"
 		application.process.host = "larkbridge"
 		log.level = "0"
 		cpu.max-align = "16"
 		default.clock.rate = "48000"
 		default.clock.quantum = "1024"
 		default.clock.min-quantum = "32"
 		default.clock.max-quantum = "2048"
 		default.clock.quantum-limit = "8192"
 		default.clock.quantum-floor = "4"
 		default.video.width = "640"
 		default.video.height = "480"
 		default.video.rate.num = "25"
 		default.video.rate.denom = "1"
 		clock.power-of-two-quantum = "true"
 		link.max-buffers = "64"
 		mem.warn-mlock = "false"
 		mem.allow-mlock = "true"
 		settings.check-quantum = "false"
 		settings.check-rate = "false"
 		core.version = "1.4.2"
 		pipewire.access = "unrestricted"
removed:
	id: 88
removed:
	id: 88
added:
	id: 88
	permissions: rwxm-
	type: PipeWire:Interface:Client (version 3)
 	properties:
 		pipewire.protocol = "protocol-native"
 		core.name = "pipewire-admin-33734"
 		pipewire.sec.socket = "pipewire-0-manager"
 		pipewire.sec.pid = "33734"
 		pipewire.sec.uid = "1000"
 		pipewire.sec.gid = "1000"
 		module.id = "2"
 		object.id = "88"
 		object.serial = "11029"
 		remote.intention = "manager"
 		application.name = "pw-dump"
 		application.process.binary = "pw-dump"
 		application.language = "en_GB.UTF-8"
 		application.process.id = "33734"
 		application.process.user = "admin"
 		application.process.host = "larkbridge"
 		log.level = "0"
 		cpu.max-align = "16"
 		default.clock.rate = "48000"
 		default.clock.quantum = "1024"
 		default.clock.min-quantum = "32"
 		default.clock.max-quantum = "2048"
 		default.clock.quantum-limit = "8192"
 		default.clock.quantum-floor = "4"
 		default.video.width = "640"
 		default.video.height = "480"
 		default.video.rate.num = "25"
 		default.video.rate.denom = "1"
 		clock.power-of-two-quantum = "true"
 		link.max-buffers = "64"
 		mem.warn-mlock = "false"
 		mem.allow-mlock = "true"
 		settings.check-quantum = "false"
 		settings.check-rate = "false"
 		core.version = "1.4.2"
 		pipewire.access = "unrestricted"
removed:
	id: 88
added:
	id: 88
	permissions: rwxm-
	type: PipeWire:Interface:Client (version 3)
 	properties:
 		pipewire.protocol = "protocol-native"
 		core.name = "pipewire-admin-33736"
 		pipewire.sec.socket = "pipewire-0"
 		pipewire.sec.pid = "33736"
 		pipewire.sec.uid = "1000"
 		pipewire.sec.gid = "1000"
 		module.id = "2"
 		object.id = "88"
 		object.serial = "11030"
 		application.name = "pw-link"
 		application.process.binary = "pw-link"
 		application.language = "en_GB.UTF-8"
 		application.process.id = "33736"
 		application.process.user = "admin"
 		application.process.host = "larkbridge"
 		log.level = "0"
 		cpu.max-align = "16"
 		default.clock.rate = "48000"
 		default.clock.quantum = "1024"
 		default.clock.min-quantum = "32"
 		default.clock.max-quantum = "2048"
 		default.clock.quantum-limit = "8192"
 		default.clock.quantum-floor = "4"
 		default.video.width = "640"
 		default.video.height = "480"
 		default.video.rate.num = "25"
 		default.video.rate.denom = "1"
 		clock.power-of-two-quantum = "true"
 		link.max-buffers = "64"
 		mem.warn-mlock = "false"
 		mem.allow-mlock = "true"
 		settings.check-quantum = "false"
 		settings.check-rate = "false"
 		core.version = "1.4.2"
 		pipewire.access = "unrestricted"
removed:
	id: 88
added:
	id: 88
	permissions: rwxm-
	type: PipeWire:Interface:Client (version 3)
 	properties:
 		pipewire.protocol = "protocol-native"
 		core.name = "pipewire-admin-33749"
 		pipewire.sec.socket = "pipewire-0-manager"
 		pipewire.sec.pid = "33749"
 		pipewire.sec.uid = "1000"
 		pipewire.sec.gid = "1000"
 		module.id = "2"
 		object.id = "88"
 		object.serial = "11031"
 		remote.intention = "manager"
 		application.name = "pw-dump"
 		application.process.binary = "pw-dump"
 		application.language = "en_GB.UTF-8"
 		application.process.id = "33749"
 		application.process.user = "admin"
 		application.process.host = "larkbridge"
 		log.level = "0"
 		cpu.max-align = "16"
 		default.clock.rate = "48000"
 		default.clock.quantum = "1024"
 		default.clock.min-quantum = "32"
 		default.clock.max-quantum = "2048"
 		default.clock.quantum-limit = "8192"
 		default.clock.quantum-floor = "4"
 		default.video.width = "640"
 		default.video.height = "480"
 		default.video.rate.num = "25"
 		default.video.rate.denom = "1"
 		clock.power-of-two-quantum = "true"
 		link.max-buffers = "64"
 		mem.warn-mlock = "false"
 		mem.allow-mlock = "true"
 		settings.check-quantum = "false"
 		settings.check-rate = "false"
 		core.version = "1.4.2"
 		pipewire.access = "unrestricted"
removed:
	id: 88
added:
	id: 88
	permissions: rwxm-
	type: PipeWire:Interface:Client (version 3)
 	properties:
 		pipewire.protocol = "protocol-native"
 		core.name = "pipewire-admin-33751"
 		pipewire.sec.socket = "pipewire-0"
 		pipewire.sec.pid = "33751"
 		pipewire.sec.uid = "1000"
 		pipewire.sec.gid = "1000"
 		module.id = "2"
 		object.id = "88"
 		object.serial = "11032"
 		application.name = "pw-link"
 		application.process.binary = "pw-link"
 		application.language = "en_GB.UTF-8"
 		application.process.id = "33751"
 		application.process.user = "admin"
 		application.process.host = "larkbridge"
 		log.level = "0"
 		cpu.max-align = "16"
 		default.clock.rate = "48000"
 		default.clock.quantum = "1024"
 		default.clock.min-quantum = "32"
 		default.clock.max-quantum = "2048"
 		default.clock.quantum-limit = "8192"
 		default.clock.quantum-floor = "4"
 		default.video.width = "640"
 		default.video.height = "480"
 		default.video.rate.num = "25"
 		default.video.rate.denom = "1"
 		clock.power-of-two-quantum = "true"
 		link.max-buffers = "64"
 		mem.warn-mlock = "false"
 		mem.allow-mlock = "true"
 		settings.check-quantum = "false"
 		settings.check-rate = "false"
 		core.version = "1.4.2"
 		pipewire.access = "unrestricted"
removed:
	id: 88
added:
	id: 88
	permissions: rwxm-
	type: PipeWire:Interface:Client (version 3)
 	properties:
 		pipewire.protocol = "protocol-native"
 		core.name = "pipewire-admin-33764"
 		pipewire.sec.socket = "pipewire-0-manager"
 		pipewire.sec.pid = "33764"
 		pipewire.sec.uid = "1000"
 		pipewire.sec.gid = "1000"
 		module.id = "2"
 		object.id = "88"
 		object.serial = "11033"
 		remote.intention = "manager"
 		application.name = "pw-dump"
 		application.process.binary = "pw-dump"
 		application.language = "en_GB.UTF-8"
 		application.process.id = "33764"
 		application.process.user = "admin"
 		application.process.host = "larkbridge"
 		log.level = "0"
 		cpu.max-align = "16"
 		default.clock.rate = "48000"
 		default.clock.quantum = "1024"
 		default.clock.min-quantum = "32"
 		default.clock.max-quantum = "2048"
 		default.clock.quantum-limit = "8192"
 		default.clock.quantum-floor = "4"
 		default.video.width = "640"
 		default.video.height = "480"
 		default.video.rate.num = "25"
 		default.video.rate.denom = "1"
 		clock.power-of-two-quantum = "true"
 		link.max-buffers = "64"
 		mem.warn-mlock = "false"
 		mem.allow-mlock = "true"
 		settings.check-quantum = "false"
 		settings.check-rate = "false"
 		core.version = "1.4.2"
 		pipewire.access = "unrestricted"
removed:
	id: 88
added:
	id: 88
	permissions: rwxm-
	type: PipeWire:Interface:Client (version 3)
 	properties:
 		pipewire.protocol = "protocol-native"
 		core.name = "pipewire-admin-33766"
 		pipewire.sec.socket = "pipewire-0"
 		pipewire.sec.pid = "33766"
 		pipewire.sec.uid = "1000"
 		pipewire.sec.gid = "1000"
 		module.id = "2"
 		object.id = "88"
 		object.serial = "11034"
 		application.name = "pw-link"
 		application.process.binary = "pw-link"
 		application.language = "en_GB.UTF-8"
 		application.process.id = "33766"
 		application.process.user = "admin"
 		application.process.host = "larkbridge"
 		log.level = "0"
 		cpu.max-align = "16"
 		default.clock.rate = "48000"
 		default.clock.quantum = "1024"
 		default.clock.min-quantum = "32"
 		default.clock.max-quantum = "2048"
 		default.clock.quantum-limit = "8192"
 		default.clock.quantum-floor = "4"
 		default.video.width = "640"
 		default.video.height = "480"
 		default.video.rate.num = "25"
 		default.video.rate.denom = "1"
 		clock.power-of-two-quantum = "true"
 		link.max-buffers = "64"
 		mem.warn-mlock = "false"
 		mem.allow-mlock = "true"
 		settings.check-quantum = "false"
 		settings.check-rate = "false"
 		core.version = "1.4.2"
 		pipewire.access = "unrestricted"
removed:
	id: 88
added:
	id: 88
	permissions: rwxm-
	type: PipeWire:Interface:Client (version 3)
 	properties:
 		pipewire.protocol = "protocol-native"
 		core.name = "pipewire-admin-33779"
 		pipewire.sec.socket = "pipewire-0-manager"
 		pipewire.sec.pid = "33779"
 		pipewire.sec.uid = "1000"
 		pipewire.sec.gid = "1000"
 		module.id = "2"
 		object.id = "88"
 		object.serial = "11035"
 		remote.intention = "manager"
 		application.name = "pw-dump"
 		application.process.binary = "pw-dump"
 		application.language = "en_GB.UTF-8"
 		application.process.id = "33779"
 		application.process.user = "admin"
 		application.process.host = "larkbridge"
 		log.level = "0"
 		cpu.max-align = "16"
 		default.clock.rate = "48000"
 		default.clock.quantum = "1024"
 		default.clock.min-quantum = "32"
 		default.clock.max-quantum = "2048"
 		default.clock.quantum-limit = "8192"
 		default.clock.quantum-floor = "4"
 		default.video.width = "640"
 		default.video.height = "480"
 		default.video.rate.num = "25"
 		default.video.rate.denom = "1"
 		clock.power-of-two-quantum = "true"
 		link.max-buffers = "64"
 		mem.warn-mlock = "false"
 		mem.allow-mlock = "true"
 		settings.check-quantum = "false"
 		settings.check-rate = "false"
 		core.version = "1.4.2"
 		pipewire.access = "unrestricted"
removed:
	id: 88
added:
	id: 88
	permissions: rwxm-
	type: PipeWire:Interface:Client (version 3)
 	properties:
 		pipewire.protocol = "protocol-native"
 		core.name = "pipewire-admin-33784"
 		pipewire.sec.socket = "pipewire-0"
 		pipewire.sec.pid = "33784"
 		pipewire.sec.uid = "1000"
 		pipewire.sec.gid = "1000"
 		module.id = "2"
 		object.id = "88"
 		object.serial = "11036"
 		application.name = "pw-link"
 		application.process.binary = "pw-link"
 		application.language = "en_GB.UTF-8"
 		application.process.id = "33784"
 		application.process.user = "admin"
 		application.process.host = "larkbridge"
 		log.level = "0"
 		cpu.max-align = "16"
 		default.clock.rate = "48000"
 		default.clock.quantum = "1024"
 		default.clock.min-quantum = "32"
 		default.clock.max-quantum = "2048"
 		default.clock.quantum-limit = "8192"
 		default.clock.quantum-floor = "4"
 		default.video.width = "640"
 		default.video.height = "480"
 		default.video.rate.num = "25"
 		default.video.rate.denom = "1"
 		clock.power-of-two-quantum = "true"
 		link.max-buffers = "64"
 		mem.warn-mlock = "false"
 		mem.allow-mlock = "true"
 		settings.check-quantum = "false"
 		settings.check-rate = "false"
 		core.version = "1.4.2"
 		pipewire.access = "unrestricted"
removed:
	id: 88
added:
	id: 88
	permissions: rwxm-
	type: PipeWire:Interface:Client (version 3)
 	properties:
 		pipewire.protocol = "protocol-native"
 		core.name = "pipewire-admin-33798"
 		pipewire.sec.socket = "pipewire-0-manager"
 		pipewire.sec.pid = "33798"
 		pipewire.sec.uid = "1000"
 		pipewire.sec.gid = "1000"
 		module.id = "2"
 		object.id = "88"
 		object.serial = "11037"
 		remote.intention = "manager"
 		application.name = "pw-dump"
 		application.process.binary = "pw-dump"
 		application.language = "en_GB.UTF-8"
 		application.process.id = "33798"
 		application.process.user = "admin"
 		application.process.host = "larkbridge"
 		log.level = "0"
 		cpu.max-align = "16"
 		default.clock.rate = "48000"
 		default.clock.quantum = "1024"
 		default.clock.min-quantum = "32"
 		default.clock.max-quantum = "2048"
 		default.clock.quantum-limit = "8192"
 		default.clock.quantum-floor = "4"
 		default.video.width = "640"
 		default.video.height = "480"
 		default.video.rate.num = "25"
 		default.video.rate.denom = "1"
 		clock.power-of-two-quantum = "true"
 		link.max-buffers = "64"
 		mem.warn-mlock = "false"
 		mem.allow-mlock = "true"
 		settings.check-quantum = "false"
 		settings.check-rate = "false"
 		core.version = "1.4.2"
 		pipewire.access = "unrestricted"
removed:
	id: 88
added:
	id: 88
	permissions: rwxm-
	type: PipeWire:Interface:Client (version 3)
 	properties:
 		pipewire.protocol = "protocol-native"
 		core.name = "pipewire-admin-33803"
 		pipewire.sec.socket = "pipewire-0"
 		pipewire.sec.pid = "33803"
 		pipewire.sec.uid = "1000"
 		pipewire.sec.gid = "1000"
 		module.id = "2"
 		object.id = "88"
 		object.serial = "11038"
 		application.name = "pw-link"
 		application.process.binary = "pw-link"
 		application.language = "en_GB.UTF-8"
 		application.process.id = "33803"
 		application.process.user = "admin"
 		application.process.host = "larkbridge"
 		log.level = "0"
 		cpu.max-align = "16"
 		default.clock.rate = "48000"
 		default.clock.quantum = "1024"
 		default.clock.min-quantum = "32"
 		default.clock.max-quantum = "2048"
 		default.clock.quantum-limit = "8192"
 		default.clock.quantum-floor = "4"
 		default.video.width = "640"
 		default.video.height = "480"
 		default.video.rate.num = "25"
 		default.video.rate.denom = "1"
 		clock.power-of-two-quantum = "true"
 		link.max-buffers = "64"
 		mem.warn-mlock = "false"
 		mem.allow-mlock = "true"
 		settings.check-quantum = "false"
 		settings.check-rate = "false"
 		core.version = "1.4.2"
 		pipewire.access = "unrestricted"
removed:
	id: 88
added:
	id: 88
	permissions: rwxm-
	type: PipeWire:Interface:Client (version 3)
 	properties:
 		pipewire.protocol = "protocol-native"
 		core.name = "pipewire-admin-33816"
 		pipewire.sec.socket = "pipewire-0-manager"
 		pipewire.sec.pid = "33816"
 		pipewire.sec.uid = "1000"
 		pipewire.sec.gid = "1000"
 		module.id = "2"
 		object.id = "88"
 		object.serial = "11039"
 		remote.intention = "manager"
 		application.name = "pw-dump"
 		application.process.binary = "pw-dump"
 		application.language = "en_GB.UTF-8"
 		application.process.id = "33816"
 		application.process.user = "admin"
 		application.process.host = "larkbridge"
 		log.level = "0"
 		cpu.max-align = "16"
 		default.clock.rate = "48000"
 		default.clock.quantum = "1024"
 		default.clock.min-quantum = "32"
 		default.clock.max-quantum = "2048"
 		default.clock.quantum-limit = "8192"
 		default.clock.quantum-floor = "4"
 		default.video.width = "640"
 		default.video.height = "480"
 		default.video.rate.num = "25"
 		default.video.rate.denom = "1"
 		clock.power-of-two-quantum = "true"
 		link.max-buffers = "64"
 		mem.warn-mlock = "false"
 		mem.allow-mlock = "true"
 		settings.check-quantum = "false"
 		settings.check-rate = "false"
 		core.version = "1.4.2"
 		pipewire.access = "unrestricted"
removed:
	id: 88
added:
	id: 88
	permissions: rwxm-
	type: PipeWire:Interface:Client (version 3)
 	properties:
 		pipewire.protocol = "protocol-native"
 		core.name = "pipewire-admin-33818"
 		pipewire.sec.socket = "pipewire-0"
 		pipewire.sec.pid = "33818"
 		pipewire.sec.uid = "1000"
 		pipewire.sec.gid = "1000"
 		module.id = "2"
 		object.id = "88"
 		object.serial = "11040"
 		application.name = "pw-link"
 		application.process.binary = "pw-link"
 		application.language = "en_GB.UTF-8"
 		application.process.id = "33818"
 		application.process.user = "admin"
 		application.process.host = "larkbridge"
 		log.level = "0"
 		cpu.max-align = "16"
 		default.clock.rate = "48000"
 		default.clock.quantum = "1024"
 		default.clock.min-quantum = "32"
 		default.clock.max-quantum = "2048"
 		default.clock.quantum-limit = "8192"
 		default.clock.quantum-floor = "4"
 		default.video.width = "640"
 		default.video.height = "480"
 		default.video.rate.num = "25"
 		default.video.rate.denom = "1"
 		clock.power-of-two-quantum = "true"
 		link.max-buffers = "64"
 		mem.warn-mlock = "false"
 		mem.allow-mlock = "true"
 		settings.check-quantum = "false"
 		settings.check-rate = "false"
 		core.version = "1.4.2"
 		pipewire.access = "unrestricted"
removed:
	id: 88
added:
	id: 88
	permissions: rwxm-
	type: PipeWire:Interface:Client (version 3)
 	properties:
 		pipewire.protocol = "protocol-native"
 		core.name = "pipewire-admin-33831"
 		pipewire.sec.socket = "pipewire-0-manager"
 		pipewire.sec.pid = "33831"
 		pipewire.sec.uid = "1000"
 		pipewire.sec.gid = "1000"
 		module.id = "2"
 		object.id = "88"
 		object.serial = "11041"
 		remote.intention = "manager"
 		application.name = "pw-dump"
 		application.process.binary = "pw-dump"
 		application.language = "en_GB.UTF-8"
 		application.process.id = "33831"
 		application.process.user = "admin"
 		application.process.host = "larkbridge"
 		log.level = "0"
 		cpu.max-align = "16"
 		default.clock.rate = "48000"
 		default.clock.quantum = "1024"
 		default.clock.min-quantum = "32"
 		default.clock.max-quantum = "2048"
 		default.clock.quantum-limit = "8192"
 		default.clock.quantum-floor = "4"
 		default.video.width = "640"
 		default.video.height = "480"
 		default.video.rate.num = "25"
 		default.video.rate.denom = "1"
 		clock.power-of-two-quantum = "true"
 		link.max-buffers = "64"
 		mem.warn-mlock = "false"
 		mem.allow-mlock = "true"
 		settings.check-quantum = "false"
 		settings.check-rate = "false"
 		core.version = "1.4.2"
 		pipewire.access = "unrestricted"
removed:
	id: 88
added:
	id: 88
	permissions: rwxm-
	type: PipeWire:Interface:Client (version 3)
 	properties:
 		pipewire.protocol = "protocol-native"
 		core.name = "pipewire-admin-33833"
 		pipewire.sec.socket = "pipewire-0"
 		pipewire.sec.pid = "33833"
 		pipewire.sec.uid = "1000"
 		pipewire.sec.gid = "1000"
 		module.id = "2"
 		object.id = "88"
 		object.serial = "11042"
 		application.name = "pw-link"
 		application.process.binary = "pw-link"
 		application.language = "en_GB.UTF-8"
 		application.process.id = "33833"
 		application.process.user = "admin"
 		application.process.host = "larkbridge"
 		log.level = "0"
 		cpu.max-align = "16"
 		default.clock.rate = "48000"
 		default.clock.quantum = "1024"
 		default.clock.min-quantum = "32"
 		default.clock.max-quantum = "2048"
 		default.clock.quantum-limit = "8192"
 		default.clock.quantum-floor = "4"
 		default.video.width = "640"
 		default.video.height = "480"
 		default.video.rate.num = "25"
 		default.video.rate.denom = "1"
 		clock.power-of-two-quantum = "true"
 		link.max-buffers = "64"
 		mem.warn-mlock = "false"
 		mem.allow-mlock = "true"
 		settings.check-quantum = "false"
 		settings.check-rate = "false"
 		core.version = "1.4.2"
 		pipewire.access = "unrestricted"
removed:
	id: 88
added:
	id: 88
	permissions: rwxm-
	type: PipeWire:Interface:Client (version 3)
 	properties:
 		pipewire.protocol = "protocol-native"
 		core.name = "pipewire-admin-33846"
 		pipewire.sec.socket = "pipewire-0-manager"
 		pipewire.sec.pid = "33846"
 		pipewire.sec.uid = "1000"
 		pipewire.sec.gid = "1000"
 		module.id = "2"
 		object.id = "88"
 		object.serial = "11043"
 		remote.intention = "manager"
 		application.name = "pw-dump"
 		application.process.binary = "pw-dump"
 		application.language = "en_GB.UTF-8"
 		application.process.id = "33846"
 		application.process.user = "admin"
 		application.process.host = "larkbridge"
 		log.level = "0"
 		cpu.max-align = "16"
 		default.clock.rate = "48000"
 		default.clock.quantum = "1024"
 		default.clock.min-quantum = "32"
 		default.clock.max-quantum = "2048"
 		default.clock.quantum-limit = "8192"
 		default.clock.quantum-floor = "4"
 		default.video.width = "640"
 		default.video.height = "480"
 		default.video.rate.num = "25"
 		default.video.rate.denom = "1"
 		clock.power-of-two-quantum = "true"
 		link.max-buffers = "64"
 		mem.warn-mlock = "false"
 		mem.allow-mlock = "true"
 		settings.check-quantum = "false"
 		settings.check-rate = "false"
 		core.version = "1.4.2"
 		pipewire.access = "unrestricted"
removed:
	id: 88
added:
	id: 88
	permissions: rwxm-
	type: PipeWire:Interface:Client (version 3)
 	properties:
 		pipewire.protocol = "protocol-native"
 		core.name = "pipewire-admin-33848"
 		pipewire.sec.socket = "pipewire-0"
 		pipewire.sec.pid = "33848"
 		pipewire.sec.uid = "1000"
 		pipewire.sec.gid = "1000"
 		module.id = "2"
 		object.id = "88"
 		object.serial = "11044"
 		application.name = "pw-link"
 		application.process.binary = "pw-link"
 		application.language = "en_GB.UTF-8"
 		application.process.id = "33848"
 		application.process.user = "admin"
 		application.process.host = "larkbridge"
 		log.level = "0"
 		cpu.max-align = "16"
 		default.clock.rate = "48000"
 		default.clock.quantum = "1024"
 		default.clock.min-quantum = "32"
 		default.clock.max-quantum = "2048"
 		default.clock.quantum-limit = "8192"
 		default.clock.quantum-floor = "4"
 		default.video.width = "640"
 		default.video.height = "480"
 		default.video.rate.num = "25"
 		default.video.rate.denom = "1"
 		clock.power-of-two-quantum = "true"
 		link.max-buffers = "64"
 		mem.warn-mlock = "false"
 		mem.allow-mlock = "true"
 		settings.check-quantum = "false"
 		settings.check-rate = "false"
 		core.version = "1.4.2"
 		pipewire.access = "unrestricted"
removed:
	id: 88
added:
	id: 88
	permissions: rwxm-
	type: PipeWire:Interface:Client (version 3)
 	properties:
 		pipewire.protocol = "protocol-native"
 		core.name = "pipewire-admin-33861"
 		pipewire.sec.socket = "pipewire-0-manager"
 		pipewire.sec.pid = "33861"
 		pipewire.sec.uid = "1000"
 		pipewire.sec.gid = "1000"
 		module.id = "2"
 		object.id = "88"
 		object.serial = "11045"
 		remote.intention = "manager"
 		application.name = "pw-dump"
 		application.process.binary = "pw-dump"
 		application.language = "en_GB.UTF-8"
 		application.process.id = "33861"
 		application.process.user = "admin"
 		application.process.host = "larkbridge"
 		log.level = "0"
 		cpu.max-align = "16"
 		default.clock.rate = "48000"
 		default.clock.quantum = "1024"
 		default.clock.min-quantum = "32"
 		default.clock.max-quantum = "2048"
 		default.clock.quantum-limit = "8192"
 		default.clock.quantum-floor = "4"
 		default.video.width = "640"
 		default.video.height = "480"
 		default.video.rate.num = "25"
 		default.video.rate.denom = "1"
 		clock.power-of-two-quantum = "true"
 		link.max-buffers = "64"
 		mem.warn-mlock = "false"
 		mem.allow-mlock = "true"
 		settings.check-quantum = "false"
 		settings.check-rate = "false"
 		core.version = "1.4.2"
 		pipewire.access = "unrestricted"
removed:
	id: 88
added:
	id: 88
	permissions: rwxm-
	type: PipeWire:Interface:Client (version 3)
 	properties:
 		pipewire.protocol = "protocol-native"
 		core.name = "pipewire-admin-33863"
 		pipewire.sec.socket = "pipewire-0"
 		pipewire.sec.pid = "33863"
 		pipewire.sec.uid = "1000"
 		pipewire.sec.gid = "1000"
 		module.id = "2"
 		object.id = "88"
 		object.serial = "11046"
 		application.name = "pw-link"
 		application.process.binary = "pw-link"
 		application.language = "en_GB.UTF-8"
 		application.process.id = "33863"
 		application.process.user = "admin"
 		application.process.host = "larkbridge"
 		log.level = "0"
 		cpu.max-align = "16"
 		default.clock.rate = "48000"
 		default.clock.quantum = "1024"
 		default.clock.min-quantum = "32"
 		default.clock.max-quantum = "2048"
 		default.clock.quantum-limit = "8192"
 		default.clock.quantum-floor = "4"
 		default.video.width = "640"
 		default.video.height = "480"
 		default.video.rate.num = "25"
 		default.video.rate.denom = "1"
 		clock.power-of-two-quantum = "true"
 		link.max-buffers = "64"
 		mem.warn-mlock = "false"
 		mem.allow-mlock = "true"
 		settings.check-quantum = "false"
 		settings.check-rate = "false"
 		core.version = "1.4.2"
 		pipewire.access = "unrestricted"
removed:
	id: 88
added:
	id: 88
	permissions: rwxm-
	type: PipeWire:Interface:Client (version 3)
 	properties:
 		pipewire.protocol = "protocol-native"
 		core.name = "pipewire-admin-33878"
 		pipewire.sec.socket = "pipewire-0-manager"
 		pipewire.sec.pid = "33878"
 		pipewire.sec.uid = "1000"
 		pipewire.sec.gid = "1000"
 		module.id = "2"
 		object.id = "88"
 		object.serial = "11047"
 		remote.intention = "manager"
 		application.name = "pw-dump"
 		application.process.binary = "pw-dump"
 		application.language = "en_GB.UTF-8"
 		application.process.id = "33878"
 		application.process.user = "admin"
 		application.process.host = "larkbridge"
 		log.level = "0"
 		cpu.max-align = "16"
 		default.clock.rate = "48000"
 		default.clock.quantum = "1024"
 		default.clock.min-quantum = "32"
 		default.clock.max-quantum = "2048"
 		default.clock.quantum-limit = "8192"
 		default.clock.quantum-floor = "4"
 		default.video.width = "640"
 		default.video.height = "480"
 		default.video.rate.num = "25"
 		default.video.rate.denom = "1"
 		clock.power-of-two-quantum = "true"
 		link.max-buffers = "64"
 		mem.warn-mlock = "false"
 		mem.allow-mlock = "true"
 		settings.check-quantum = "false"
 		settings.check-rate = "false"
 		core.version = "1.4.2"
 		pipewire.access = "unrestricted"
removed:
	id: 88
added:
	id: 88
	permissions: rwxm-
	type: PipeWire:Interface:Client (version 3)
 	properties:
 		pipewire.protocol = "protocol-native"
 		core.name = "pipewire-admin-33880"
 		pipewire.sec.socket = "pipewire-0"
 		pipewire.sec.pid = "33880"
 		pipewire.sec.uid = "1000"
 		pipewire.sec.gid = "1000"
 		module.id = "2"
 		object.id = "88"
 		object.serial = "11048"
 		application.name = "pw-link"
 		application.process.binary = "pw-link"
 		application.language = "en_GB.UTF-8"
 		application.process.id = "33880"
 		application.process.user = "admin"
 		application.process.host = "larkbridge"
 		log.level = "0"
 		cpu.max-align = "16"
 		default.clock.rate = "48000"
 		default.clock.quantum = "1024"
 		default.clock.min-quantum = "32"
 		default.clock.max-quantum = "2048"
 		default.clock.quantum-limit = "8192"
 		default.clock.quantum-floor = "4"
 		default.video.width = "640"
 		default.video.height = "480"
 		default.video.rate.num = "25"
 		default.video.rate.denom = "1"
 		clock.power-of-two-quantum = "true"
 		link.max-buffers = "64"
 		mem.warn-mlock = "false"
 		mem.allow-mlock = "true"
 		settings.check-quantum = "false"
 		settings.check-rate = "false"
 		core.version = "1.4.2"
 		pipewire.access = "unrestricted"
removed:
	id: 88
added:
	id: 88
	permissions: rwxm-
	type: PipeWire:Interface:Client (version 3)
 	properties:
 		pipewire.protocol = "protocol-native"
 		core.name = "pipewire-admin-33893"
 		pipewire.sec.socket = "pipewire-0-manager"
 		pipewire.sec.pid = "33893"
 		pipewire.sec.uid = "1000"
 		pipewire.sec.gid = "1000"
 		module.id = "2"
 		object.id = "88"
 		object.serial = "11049"
 		remote.intention = "manager"
 		application.name = "pw-dump"
 		application.process.binary = "pw-dump"
 		application.language = "en_GB.UTF-8"
 		application.process.id = "33893"
 		application.process.user = "admin"
 		application.process.host = "larkbridge"
 		log.level = "0"
 		cpu.max-align = "16"
 		default.clock.rate = "48000"
 		default.clock.quantum = "1024"
 		default.clock.min-quantum = "32"
 		default.clock.max-quantum = "2048"
 		default.clock.quantum-limit = "8192"
 		default.clock.quantum-floor = "4"
 		default.video.width = "640"
 		default.video.height = "480"
 		default.video.rate.num = "25"
 		default.video.rate.denom = "1"
 		clock.power-of-two-quantum = "true"
 		link.max-buffers = "64"
 		mem.warn-mlock = "false"
 		mem.allow-mlock = "true"
 		settings.check-quantum = "false"
 		settings.check-rate = "false"
 		core.version = "1.4.2"
 		pipewire.access = "unrestricted"
removed:
	id: 88
added:
	id: 88
	permissions: rwxm-
	type: PipeWire:Interface:Client (version 3)
 	properties:
 		pipewire.protocol = "protocol-native"
 		core.name = "pipewire-admin-33895"
 		pipewire.sec.socket = "pipewire-0"
 		pipewire.sec.pid = "33895"
 		pipewire.sec.uid = "1000"
 		pipewire.sec.gid = "1000"
 		module.id = "2"
 		object.id = "88"
 		object.serial = "11050"
 		application.name = "pw-link"
 		application.process.binary = "pw-link"
 		application.language = "en_GB.UTF-8"
 		application.process.id = "33895"
 		application.process.user = "admin"
 		application.process.host = "larkbridge"
 		log.level = "0"
 		cpu.max-align = "16"
 		default.clock.rate = "48000"
 		default.clock.quantum = "1024"
 		default.clock.min-quantum = "32"
 		default.clock.max-quantum = "2048"
 		default.clock.quantum-limit = "8192"
 		default.clock.quantum-floor = "4"
 		default.video.width = "640"
 		default.video.height = "480"
 		default.video.rate.num = "25"
 		default.video.rate.denom = "1"
 		clock.power-of-two-quantum = "true"
 		link.max-buffers = "64"
 		mem.warn-mlock = "false"
 		mem.allow-mlock = "true"
 		settings.check-quantum = "false"
 		settings.check-rate = "false"
 		core.version = "1.4.2"
 		pipewire.access = "unrestricted"
removed:
	id: 88
added:
	id: 88
	permissions: rwxm-
	type: PipeWire:Interface:Client (version 3)
 	properties:
 		pipewire.protocol = "protocol-native"
 		core.name = "pipewire-admin-33908"
 		pipewire.sec.socket = "pipewire-0-manager"
 		pipewire.sec.pid = "33908"
 		pipewire.sec.uid = "1000"
 		pipewire.sec.gid = "1000"
 		module.id = "2"
 		object.id = "88"
 		object.serial = "11051"
 		remote.intention = "manager"
 		application.name = "pw-dump"
 		application.process.binary = "pw-dump"
 		application.language = "en_GB.UTF-8"
 		application.process.id = "33908"
 		application.process.user = "admin"
 		application.process.host = "larkbridge"
 		log.level = "0"
 		cpu.max-align = "16"
 		default.clock.rate = "48000"
 		default.clock.quantum = "1024"
 		default.clock.min-quantum = "32"
 		default.clock.max-quantum = "2048"
 		default.clock.quantum-limit = "8192"
 		default.clock.quantum-floor = "4"
 		default.video.width = "640"
 		default.video.height = "480"
 		default.video.rate.num = "25"
 		default.video.rate.denom = "1"
 		clock.power-of-two-quantum = "true"
 		link.max-buffers = "64"
 		mem.warn-mlock = "false"
 		mem.allow-mlock = "true"
 		settings.check-quantum = "false"
 		settings.check-rate = "false"
 		core.version = "1.4.2"
 		pipewire.access = "unrestricted"
removed:
	id: 88
added:
	id: 88
	permissions: rwxm-
	type: PipeWire:Interface:Client (version 3)
 	properties:
 		pipewire.protocol = "protocol-native"
 		core.name = "pipewire-admin-33913"
 		pipewire.sec.socket = "pipewire-0"
 		pipewire.sec.pid = "33913"
 		pipewire.sec.uid = "1000"
 		pipewire.sec.gid = "1000"
 		module.id = "2"
 		object.id = "88"
 		object.serial = "11052"
 		application.name = "pw-link"
 		application.process.binary = "pw-link"
 		application.language = "en_GB.UTF-8"
 		application.process.id = "33913"
 		application.process.user = "admin"
 		application.process.host = "larkbridge"
 		log.level = "0"
 		cpu.max-align = "16"
 		default.clock.rate = "48000"
 		default.clock.quantum = "1024"
 		default.clock.min-quantum = "32"
 		default.clock.max-quantum = "2048"
 		default.clock.quantum-limit = "8192"
 		default.clock.quantum-floor = "4"
 		default.video.width = "640"
 		default.video.height = "480"
 		default.video.rate.num = "25"
 		default.video.rate.denom = "1"
 		clock.power-of-two-quantum = "true"
 		link.max-buffers = "64"
 		mem.warn-mlock = "false"
 		mem.allow-mlock = "true"
 		settings.check-quantum = "false"
 		settings.check-rate = "false"
 		core.version = "1.4.2"
 		pipewire.access = "unrestricted"
removed:
	id: 88
added:
	id: 88
	permissions: rwxm-
	type: PipeWire:Interface:Client (version 3)
 	properties:
 		pipewire.protocol = "protocol-native"
 		core.name = "pipewire-admin-33923"
 		pipewire.sec.socket = "pipewire-0-manager"
 		pipewire.sec.pid = "33923"
 		pipewire.sec.uid = "1000"
 		pipewire.sec.gid = "1000"
 		module.id = "2"
 		object.id = "88"
 		object.serial = "11053"
 		remote.intention = "manager"
 		application.name = "pw-dump"
 		application.process.binary = "pw-dump"
 		application.language = "en_GB.UTF-8"
 		application.process.id = "33923"
 		application.process.user = "admin"
 		application.process.host = "larkbridge"
 		log.level = "0"
 		cpu.max-align = "16"
 		default.clock.rate = "48000"
 		default.clock.quantum = "1024"
 		default.clock.min-quantum = "32"
 		default.clock.max-quantum = "2048"
 		default.clock.quantum-limit = "8192"
 		default.clock.quantum-floor = "4"
 		default.video.width = "640"
 		default.video.height = "480"
 		default.video.rate.num = "25"
 		default.video.rate.denom = "1"
 		clock.power-of-two-quantum = "true"
 		link.max-buffers = "64"
 		mem.warn-mlock = "false"
 		mem.allow-mlock = "true"
 		settings.check-quantum = "false"
 		settings.check-rate = "false"
 		core.version = "1.4.2"
 		pipewire.access = "unrestricted"
removed:
	id: 88
added:
	id: 88
	permissions: rwxm-
	type: PipeWire:Interface:Client (version 3)
 	properties:
 		pipewire.protocol = "protocol-native"
 		core.name = "pipewire-admin-33930"
 		pipewire.sec.socket = "pipewire-0"
 		pipewire.sec.pid = "33930"
 		pipewire.sec.uid = "1000"
 		pipewire.sec.gid = "1000"
 		module.id = "2"
 		object.id = "88"
 		object.serial = "11054"
 		application.name = "pw-link"
 		application.process.binary = "pw-link"
 		application.language = "en_GB.UTF-8"
 		application.process.id = "33930"
 		application.process.user = "admin"
 		application.process.host = "larkbridge"
 		log.level = "0"
 		cpu.max-align = "16"
 		default.clock.rate = "48000"
 		default.clock.quantum = "1024"
 		default.clock.min-quantum = "32"
 		default.clock.max-quantum = "2048"
 		default.clock.quantum-limit = "8192"
 		default.clock.quantum-floor = "4"
 		default.video.width = "640"
 		default.video.height = "480"
 		default.video.rate.num = "25"
 		default.video.rate.denom = "1"
 		clock.power-of-two-quantum = "true"
 		link.max-buffers = "64"
 		mem.warn-mlock = "false"
 		mem.allow-mlock = "true"
 		settings.check-quantum = "false"
 		settings.check-rate = "false"
 		core.version = "1.4.2"
 		pipewire.access = "unrestricted"
removed:
	id: 88
added:
	id: 88
	permissions: rwxm-
	type: PipeWire:Interface:Client (version 3)
 	properties:
 		pipewire.protocol = "protocol-native"
 		core.name = "pipewire-admin-33943"
 		pipewire.sec.socket = "pipewire-0-manager"
 		pipewire.sec.pid = "33943"
 		pipewire.sec.uid = "1000"
 		pipewire.sec.gid = "1000"
 		module.id = "2"
 		object.id = "88"
 		object.serial = "11055"
 		remote.intention = "manager"
 		application.name = "pw-dump"
 		application.process.binary = "pw-dump"
 		application.language = "en_GB.UTF-8"
 		application.process.id = "33943"
 		application.process.user = "admin"
 		application.process.host = "larkbridge"
 		log.level = "0"
 		cpu.max-align = "16"
 		default.clock.rate = "48000"
 		default.clock.quantum = "1024"
 		default.clock.min-quantum = "32"
 		default.clock.max-quantum = "2048"
 		default.clock.quantum-limit = "8192"
 		default.clock.quantum-floor = "4"
 		default.video.width = "640"
 		default.video.height = "480"
 		default.video.rate.num = "25"
 		default.video.rate.denom = "1"
 		clock.power-of-two-quantum = "true"
 		link.max-buffers = "64"
 		mem.warn-mlock = "false"
 		mem.allow-mlock = "true"
 		settings.check-quantum = "false"
 		settings.check-rate = "false"
 		core.version = "1.4.2"
 		pipewire.access = "unrestricted"
removed:
	id: 88
added:
	id: 88
	permissions: rwxm-
	type: PipeWire:Interface:Client (version 3)
 	properties:
 		pipewire.protocol = "protocol-native"
 		core.name = "pipewire-admin-33945"
 		pipewire.sec.socket = "pipewire-0"
 		pipewire.sec.pid = "33945"
 		pipewire.sec.uid = "1000"
 		pipewire.sec.gid = "1000"
 		module.id = "2"
 		object.id = "88"
 		object.serial = "11056"
 		application.name = "pw-link"
 		application.process.binary = "pw-link"
 		application.language = "en_GB.UTF-8"
 		application.process.id = "33945"
 		application.process.user = "admin"
 		application.process.host = "larkbridge"
 		log.level = "0"
 		cpu.max-align = "16"
 		default.clock.rate = "48000"
 		default.clock.quantum = "1024"
 		default.clock.min-quantum = "32"
 		default.clock.max-quantum = "2048"
 		default.clock.quantum-limit = "8192"
 		default.clock.quantum-floor = "4"
 		default.video.width = "640"
 		default.video.height = "480"
 		default.video.rate.num = "25"
 		default.video.rate.denom = "1"
 		clock.power-of-two-quantum = "true"
 		link.max-buffers = "64"
 		mem.warn-mlock = "false"
 		mem.allow-mlock = "true"
 		settings.check-quantum = "false"
 		settings.check-rate = "false"
 		core.version = "1.4.2"
 		pipewire.access = "unrestricted"
removed:
	id: 88
added:
	id: 88
	permissions: rwxm-
	type: PipeWire:Interface:Client (version 3)
 	properties:
 		pipewire.protocol = "protocol-native"
 		core.name = "pipewire-admin-33960"
 		pipewire.sec.socket = "pipewire-0-manager"
 		pipewire.sec.pid = "33960"
 		pipewire.sec.uid = "1000"
 		pipewire.sec.gid = "1000"
 		module.id = "2"
 		object.id = "88"
 		object.serial = "11057"
 		remote.intention = "manager"
 		application.name = "pw-dump"
 		application.process.binary = "pw-dump"
 		application.language = "en_GB.UTF-8"
 		application.process.id = "33960"
 		application.process.user = "admin"
 		application.process.host = "larkbridge"
 		log.level = "0"
 		cpu.max-align = "16"
 		default.clock.rate = "48000"
 		default.clock.quantum = "1024"
 		default.clock.min-quantum = "32"
 		default.clock.max-quantum = "2048"
 		default.clock.quantum-limit = "8192"
 		default.clock.quantum-floor = "4"
 		default.video.width = "640"
 		default.video.height = "480"
 		default.video.rate.num = "25"
 		default.video.rate.denom = "1"
 		clock.power-of-two-quantum = "true"
 		link.max-buffers = "64"
 		mem.warn-mlock = "false"
 		mem.allow-mlock = "true"
 		settings.check-quantum = "false"
 		settings.check-rate = "false"
 		core.version = "1.4.2"
 		pipewire.access = "unrestricted"
removed:
	id: 88
removed:
	id: 88
added:
	id: 88
	permissions: rwxm-
	type: PipeWire:Interface:Client (version 3)
 	properties:
 		pipewire.protocol = "protocol-native"
 		core.name = "pipewire-admin-33975"
 		pipewire.sec.socket = "pipewire-0-manager"
 		pipewire.sec.pid = "33975"
 		pipewire.sec.uid = "1000"
 		pipewire.sec.gid = "1000"
 		module.id = "2"
 		object.id = "88"
 		object.serial = "11059"
 		remote.intention = "manager"
 		application.name = "pw-dump"
 		application.process.binary = "pw-dump"
 		application.language = "en_GB.UTF-8"
 		application.process.id = "33975"
 		application.process.user = "admin"
 		application.process.host = "larkbridge"
 		log.level = "0"
 		cpu.max-align = "16"
 		default.clock.rate = "48000"
 		default.clock.quantum = "1024"
 		default.clock.min-quantum = "32"
 		default.clock.max-quantum = "2048"
 		default.clock.quantum-limit = "8192"
 		default.clock.quantum-floor = "4"
 		default.video.width = "640"
 		default.video.height = "480"
 		default.video.rate.num = "25"
 		default.video.rate.denom = "1"
 		clock.power-of-two-quantum = "true"
 		link.max-buffers = "64"
 		mem.warn-mlock = "false"
 		mem.allow-mlock = "true"
 		settings.check-quantum = "false"
 		settings.check-rate = "false"
 		core.version = "1.4.2"
 		pipewire.access = "unrestricted"
removed:
	id: 88
added:
	id: 88
	permissions: rwxm-
	type: PipeWire:Interface:Client (version 3)
 	properties:
 		pipewire.protocol = "protocol-native"
 		core.name = "pipewire-admin-33977"
 		pipewire.sec.socket = "pipewire-0"
 		pipewire.sec.pid = "33977"
 		pipewire.sec.uid = "1000"
 		pipewire.sec.gid = "1000"
 		module.id = "2"
 		object.id = "88"
 		object.serial = "11060"
 		application.name = "pw-link"
 		application.process.binary = "pw-link"
 		application.language = "en_GB.UTF-8"
 		application.process.id = "33977"
 		application.process.user = "admin"
 		application.process.host = "larkbridge"
 		log.level = "0"
 		cpu.max-align = "16"
 		default.clock.rate = "48000"
 		default.clock.quantum = "1024"
 		default.clock.min-quantum = "32"
 		default.clock.max-quantum = "2048"
 		default.clock.quantum-limit = "8192"
 		default.clock.quantum-floor = "4"
 		default.video.width = "640"
 		default.video.height = "480"
 		default.video.rate.num = "25"
 		default.video.rate.denom = "1"
 		clock.power-of-two-quantum = "true"
 		link.max-buffers = "64"
 		mem.warn-mlock = "false"
 		mem.allow-mlock = "true"
 		settings.check-quantum = "false"
 		settings.check-rate = "false"
 		core.version = "1.4.2"
 		pipewire.access = "unrestricted"
removed:
	id: 88
added:
	id: 88
	permissions: rwxm-
	type: PipeWire:Interface:Client (version 3)
 	properties:
 		pipewire.protocol = "protocol-native"
 		core.name = "pipewire-admin-33990"
 		pipewire.sec.socket = "pipewire-0-manager"
 		pipewire.sec.pid = "33990"
 		pipewire.sec.uid = "1000"
 		pipewire.sec.gid = "1000"
 		module.id = "2"
 		object.id = "88"
 		object.serial = "11061"
 		remote.intention = "manager"
 		application.name = "pw-dump"
 		application.process.binary = "pw-dump"
 		application.language = "en_GB.UTF-8"
 		application.process.id = "33990"
 		application.process.user = "admin"
 		application.process.host = "larkbridge"
 		log.level = "0"
 		cpu.max-align = "16"
 		default.clock.rate = "48000"
 		default.clock.quantum = "1024"
 		default.clock.min-quantum = "32"
 		default.clock.max-quantum = "2048"
 		default.clock.quantum-limit = "8192"
 		default.clock.quantum-floor = "4"
 		default.video.width = "640"
 		default.video.height = "480"
 		default.video.rate.num = "25"
 		default.video.rate.denom = "1"
 		clock.power-of-two-quantum = "true"
 		link.max-buffers = "64"
 		mem.warn-mlock = "false"
 		mem.allow-mlock = "true"
 		settings.check-quantum = "false"
 		settings.check-rate = "false"
 		core.version = "1.4.2"
 		pipewire.access = "unrestricted"
removed:
	id: 88
added:
	id: 88
	permissions: rwxm-
	type: PipeWire:Interface:Client (version 3)
 	properties:
 		pipewire.protocol = "protocol-native"
 		core.name = "pipewire-admin-33992"
 		pipewire.sec.socket = "pipewire-0"
 		pipewire.sec.pid = "33992"
 		pipewire.sec.uid = "1000"
 		pipewire.sec.gid = "1000"
 		module.id = "2"
 		object.id = "88"
 		object.serial = "11062"
 		application.name = "pw-link"
 		application.process.binary = "pw-link"
 		application.language = "en_GB.UTF-8"
 		application.process.id = "33992"
 		application.process.user = "admin"
 		application.process.host = "larkbridge"
 		log.level = "0"
 		cpu.max-align = "16"
 		default.clock.rate = "48000"
 		default.clock.quantum = "1024"
 		default.clock.min-quantum = "32"
 		default.clock.max-quantum = "2048"
 		default.clock.quantum-limit = "8192"
 		default.clock.quantum-floor = "4"
 		default.video.width = "640"
 		default.video.height = "480"
 		default.video.rate.num = "25"
 		default.video.rate.denom = "1"
 		clock.power-of-two-quantum = "true"
 		link.max-buffers = "64"
 		mem.warn-mlock = "false"
 		mem.allow-mlock = "true"
 		settings.check-quantum = "false"
 		settings.check-rate = "false"
 		core.version = "1.4.2"
 		pipewire.access = "unrestricted"
removed:
	id: 88
added:
	id: 88
	permissions: rwxm-
	type: PipeWire:Interface:Client (version 3)
 	properties:
 		pipewire.protocol = "protocol-native"
 		core.name = "pipewire-admin-34005"
 		pipewire.sec.socket = "pipewire-0-manager"
 		pipewire.sec.pid = "34005"
 		pipewire.sec.uid = "1000"
 		pipewire.sec.gid = "1000"
 		module.id = "2"
 		object.id = "88"
 		object.serial = "11063"
 		remote.intention = "manager"
 		application.name = "pw-dump"
 		application.process.binary = "pw-dump"
 		application.language = "en_GB.UTF-8"
 		application.process.id = "34005"
 		application.process.user = "admin"
 		application.process.host = "larkbridge"
 		log.level = "0"
 		cpu.max-align = "16"
 		default.clock.rate = "48000"
 		default.clock.quantum = "1024"
 		default.clock.min-quantum = "32"
 		default.clock.max-quantum = "2048"
 		default.clock.quantum-limit = "8192"
 		default.clock.quantum-floor = "4"
 		default.video.width = "640"
 		default.video.height = "480"
 		default.video.rate.num = "25"
 		default.video.rate.denom = "1"
 		clock.power-of-two-quantum = "true"
 		link.max-buffers = "64"
 		mem.warn-mlock = "false"
 		mem.allow-mlock = "true"
 		settings.check-quantum = "false"
 		settings.check-rate = "false"
 		core.version = "1.4.2"
 		pipewire.access = "unrestricted"
removed:
	id: 88
added:
	id: 88
	permissions: rwxm-
	type: PipeWire:Interface:Client (version 3)
 	properties:
 		pipewire.protocol = "protocol-native"
 		core.name = "pipewire-admin-34007"
 		pipewire.sec.socket = "pipewire-0"
 		pipewire.sec.pid = "34007"
 		pipewire.sec.uid = "1000"
 		pipewire.sec.gid = "1000"
 		module.id = "2"
 		object.id = "88"
 		object.serial = "11064"
 		application.name = "pw-link"
 		application.process.binary = "pw-link"
 		application.language = "en_GB.UTF-8"
 		application.process.id = "34007"
 		application.process.user = "admin"
 		application.process.host = "larkbridge"
 		log.level = "0"
 		cpu.max-align = "16"
 		default.clock.rate = "48000"
 		default.clock.quantum = "1024"
 		default.clock.min-quantum = "32"
 		default.clock.max-quantum = "2048"
 		default.clock.quantum-limit = "8192"
 		default.clock.quantum-floor = "4"
 		default.video.width = "640"
 		default.video.height = "480"
 		default.video.rate.num = "25"
 		default.video.rate.denom = "1"
 		clock.power-of-two-quantum = "true"
 		link.max-buffers = "64"
 		mem.warn-mlock = "false"
 		mem.allow-mlock = "true"
 		settings.check-quantum = "false"
 		settings.check-rate = "false"
 		core.version = "1.4.2"
 		pipewire.access = "unrestricted"
removed:
	id: 88
added:
	id: 88
	permissions: rwxm-
	type: PipeWire:Interface:Client (version 3)
 	properties:
 		pipewire.protocol = "protocol-native"
 		core.name = "pipewire-admin-34020"
 		pipewire.sec.socket = "pipewire-0-manager"
 		pipewire.sec.pid = "34020"
 		pipewire.sec.uid = "1000"
 		pipewire.sec.gid = "1000"
 		module.id = "2"
 		object.id = "88"
 		object.serial = "11065"
 		remote.intention = "manager"
 		application.name = "pw-dump"
 		application.process.binary = "pw-dump"
 		application.language = "en_GB.UTF-8"
 		application.process.id = "34020"
 		application.process.user = "admin"
 		application.process.host = "larkbridge"
 		log.level = "0"
 		cpu.max-align = "16"
 		default.clock.rate = "48000"
 		default.clock.quantum = "1024"
 		default.clock.min-quantum = "32"
 		default.clock.max-quantum = "2048"
 		default.clock.quantum-limit = "8192"
 		default.clock.quantum-floor = "4"
 		default.video.width = "640"
 		default.video.height = "480"
 		default.video.rate.num = "25"
 		default.video.rate.denom = "1"
 		clock.power-of-two-quantum = "true"
 		link.max-buffers = "64"
 		mem.warn-mlock = "false"
 		mem.allow-mlock = "true"
 		settings.check-quantum = "false"
 		settings.check-rate = "false"
 		core.version = "1.4.2"
 		pipewire.access = "unrestricted"
removed:
	id: 88
added:
	id: 88
	permissions: rwxm-
	type: PipeWire:Interface:Client (version 3)
 	properties:
 		pipewire.protocol = "protocol-native"
 		core.name = "pipewire-admin-34022"
 		pipewire.sec.socket = "pipewire-0"
 		pipewire.sec.pid = "34022"
 		pipewire.sec.uid = "1000"
 		pipewire.sec.gid = "1000"
 		module.id = "2"
 		object.id = "88"
 		object.serial = "11066"
 		application.name = "pw-link"
 		application.process.binary = "pw-link"
 		application.language = "en_GB.UTF-8"
 		application.process.id = "34022"
 		application.process.user = "admin"
 		application.process.host = "larkbridge"
 		log.level = "0"
 		cpu.max-align = "16"
 		default.clock.rate = "48000"
 		default.clock.quantum = "1024"
 		default.clock.min-quantum = "32"
 		default.clock.max-quantum = "2048"
 		default.clock.quantum-limit = "8192"
 		default.clock.quantum-floor = "4"
 		default.video.width = "640"
 		default.video.height = "480"
 		default.video.rate.num = "25"
 		default.video.rate.denom = "1"
 		clock.power-of-two-quantum = "true"
 		link.max-buffers = "64"
 		mem.warn-mlock = "false"
 		mem.allow-mlock = "true"
 		settings.check-quantum = "false"
 		settings.check-rate = "false"
 		core.version = "1.4.2"
 		pipewire.access = "unrestricted"
removed:
	id: 88
added:
	id: 88
	permissions: rwxm-
	type: PipeWire:Interface:Client (version 3)
 	properties:
 		pipewire.protocol = "protocol-native"
 		core.name = "pipewire-admin-34037"
 		pipewire.sec.socket = "pipewire-0-manager"
 		pipewire.sec.pid = "34037"
 		pipewire.sec.uid = "1000"
 		pipewire.sec.gid = "1000"
 		module.id = "2"
 		object.id = "88"
 		object.serial = "11067"
 		remote.intention = "manager"
 		application.name = "pw-dump"
 		application.process.binary = "pw-dump"
 		application.language = "en_GB.UTF-8"
 		application.process.id = "34037"
 		application.process.user = "admin"
 		application.process.host = "larkbridge"
 		log.level = "0"
 		cpu.max-align = "16"
 		default.clock.rate = "48000"
 		default.clock.quantum = "1024"
 		default.clock.min-quantum = "32"
 		default.clock.max-quantum = "2048"
 		default.clock.quantum-limit = "8192"
 		default.clock.quantum-floor = "4"
 		default.video.width = "640"
 		default.video.height = "480"
 		default.video.rate.num = "25"
 		default.video.rate.denom = "1"
 		clock.power-of-two-quantum = "true"
 		link.max-buffers = "64"
 		mem.warn-mlock = "false"
 		mem.allow-mlock = "true"
 		settings.check-quantum = "false"
 		settings.check-rate = "false"
 		core.version = "1.4.2"
 		pipewire.access = "unrestricted"
removed:
	id: 88
added:
	id: 88
	permissions: rwxm-
	type: PipeWire:Interface:Client (version 3)
 	properties:
 		pipewire.protocol = "protocol-native"
 		core.name = "pipewire-admin-34041"
 		pipewire.sec.socket = "pipewire-0"
 		pipewire.sec.pid = "34041"
 		pipewire.sec.uid = "1000"
 		pipewire.sec.gid = "1000"
 		module.id = "2"
 		object.id = "88"
 		object.serial = "11068"
 		application.name = "pw-link"
 		application.process.binary = "pw-link"
 		application.language = "en_GB.UTF-8"
 		application.process.id = "34041"
 		application.process.user = "admin"
 		application.process.host = "larkbridge"
 		log.level = "0"
 		cpu.max-align = "16"
 		default.clock.rate = "48000"
 		default.clock.quantum = "1024"
 		default.clock.min-quantum = "32"
 		default.clock.max-quantum = "2048"
 		default.clock.quantum-limit = "8192"
 		default.clock.quantum-floor = "4"
 		default.video.width = "640"
 		default.video.height = "480"
 		default.video.rate.num = "25"
 		default.video.rate.denom = "1"
 		clock.power-of-two-quantum = "true"
 		link.max-buffers = "64"
 		mem.warn-mlock = "false"
 		mem.allow-mlock = "true"
 		settings.check-quantum = "false"
 		settings.check-rate = "false"
 		core.version = "1.4.2"
 		pipewire.access = "unrestricted"
removed:
	id: 88
added:
	id: 88
	permissions: rwxm-
	type: PipeWire:Interface:Client (version 3)
 	properties:
 		pipewire.protocol = "protocol-native"
 		core.name = "pipewire-admin-34052"
 		pipewire.sec.socket = "pipewire-0-manager"
 		pipewire.sec.pid = "34052"
 		pipewire.sec.uid = "1000"
 		pipewire.sec.gid = "1000"
 		module.id = "2"
 		object.id = "88"
 		object.serial = "11069"
 		remote.intention = "manager"
 		application.name = "pw-dump"
 		application.process.binary = "pw-dump"
 		application.language = "en_GB.UTF-8"
 		application.process.id = "34052"
 		application.process.user = "admin"
 		application.process.host = "larkbridge"
 		log.level = "0"
 		cpu.max-align = "16"
 		default.clock.rate = "48000"
 		default.clock.quantum = "1024"
 		default.clock.min-quantum = "32"
 		default.clock.max-quantum = "2048"
 		default.clock.quantum-limit = "8192"
 		default.clock.quantum-floor = "4"
 		default.video.width = "640"
 		default.video.height = "480"
 		default.video.rate.num = "25"
 		default.video.rate.denom = "1"
 		clock.power-of-two-quantum = "true"
 		link.max-buffers = "64"
 		mem.warn-mlock = "false"
 		mem.allow-mlock = "true"
 		settings.check-quantum = "false"
 		settings.check-rate = "false"
 		core.version = "1.4.2"
 		pipewire.access = "unrestricted"
removed:
	id: 88
added:
	id: 88
	permissions: rwxm-
	type: PipeWire:Interface:Client (version 3)
 	properties:
 		pipewire.protocol = "protocol-native"
 		core.name = "pipewire-admin-34059"
 		pipewire.sec.socket = "pipewire-0"
 		pipewire.sec.pid = "34059"
 		pipewire.sec.uid = "1000"
 		pipewire.sec.gid = "1000"
 		module.id = "2"
 		object.id = "88"
 		object.serial = "11070"
 		application.name = "pw-link"
 		application.process.binary = "pw-link"
 		application.language = "en_GB.UTF-8"
 		application.process.id = "34059"
 		application.process.user = "admin"
 		application.process.host = "larkbridge"
 		log.level = "0"
 		cpu.max-align = "16"
 		default.clock.rate = "48000"
 		default.clock.quantum = "1024"
 		default.clock.min-quantum = "32"
 		default.clock.max-quantum = "2048"
 		default.clock.quantum-limit = "8192"
 		default.clock.quantum-floor = "4"
 		default.video.width = "640"
 		default.video.height = "480"
 		default.video.rate.num = "25"
 		default.video.rate.denom = "1"
 		clock.power-of-two-quantum = "true"
 		link.max-buffers = "64"
 		mem.warn-mlock = "false"
 		mem.allow-mlock = "true"
 		settings.check-quantum = "false"
 		settings.check-rate = "false"
 		core.version = "1.4.2"
 		pipewire.access = "unrestricted"
removed:
	id: 88
added:
	id: 88
	permissions: rwxm-
	type: PipeWire:Interface:Client (version 3)
 	properties:
 		pipewire.protocol = "protocol-native"
 		core.name = "pipewire-admin-34072"
 		pipewire.sec.socket = "pipewire-0-manager"
 		pipewire.sec.pid = "34072"
 		pipewire.sec.uid = "1000"
 		pipewire.sec.gid = "1000"
 		module.id = "2"
 		object.id = "88"
 		object.serial = "11071"
 		remote.intention = "manager"
 		application.name = "pw-dump"
 		application.process.binary = "pw-dump"
 		application.language = "en_GB.UTF-8"
 		application.process.id = "34072"
 		application.process.user = "admin"
 		application.process.host = "larkbridge"
 		log.level = "0"
 		cpu.max-align = "16"
 		default.clock.rate = "48000"
 		default.clock.quantum = "1024"
 		default.clock.min-quantum = "32"
 		default.clock.max-quantum = "2048"
 		default.clock.quantum-limit = "8192"
 		default.clock.quantum-floor = "4"
 		default.video.width = "640"
 		default.video.height = "480"
 		default.video.rate.num = "25"
 		default.video.rate.denom = "1"
 		clock.power-of-two-quantum = "true"
 		link.max-buffers = "64"
 		mem.warn-mlock = "false"
 		mem.allow-mlock = "true"
 		settings.check-quantum = "false"
 		settings.check-rate = "false"
 		core.version = "1.4.2"
 		pipewire.access = "unrestricted"
removed:
	id: 88
added:
	id: 88
	permissions: rwxm-
	type: PipeWire:Interface:Client (version 3)
 	properties:
 		pipewire.protocol = "protocol-native"
 		core.name = "pipewire-admin-34074"
 		pipewire.sec.socket = "pipewire-0"
 		pipewire.sec.pid = "34074"
 		pipewire.sec.uid = "1000"
 		pipewire.sec.gid = "1000"
 		module.id = "2"
 		object.id = "88"
 		object.serial = "11072"
 		application.name = "pw-link"
 		application.process.binary = "pw-link"
 		application.language = "en_GB.UTF-8"
 		application.process.id = "34074"
 		application.process.user = "admin"
 		application.process.host = "larkbridge"
 		log.level = "0"
 		cpu.max-align = "16"
 		default.clock.rate = "48000"
 		default.clock.quantum = "1024"
 		default.clock.min-quantum = "32"
 		default.clock.max-quantum = "2048"
 		default.clock.quantum-limit = "8192"
 		default.clock.quantum-floor = "4"
 		default.video.width = "640"
 		default.video.height = "480"
 		default.video.rate.num = "25"
 		default.video.rate.denom = "1"
 		clock.power-of-two-quantum = "true"
 		link.max-buffers = "64"
 		mem.warn-mlock = "false"
 		mem.allow-mlock = "true"
 		settings.check-quantum = "false"
 		settings.check-rate = "false"
 		core.version = "1.4.2"
 		pipewire.access = "unrestricted"
removed:
	id: 88
added:
	id: 88
	permissions: rwxm-
	type: PipeWire:Interface:Client (version 3)
 	properties:
 		pipewire.protocol = "protocol-native"
 		core.name = "pipewire-admin-34087"
 		pipewire.sec.socket = "pipewire-0-manager"
 		pipewire.sec.pid = "34087"
 		pipewire.sec.uid = "1000"
 		pipewire.sec.gid = "1000"
 		module.id = "2"
 		object.id = "88"
 		object.serial = "11073"
 		remote.intention = "manager"
 		application.name = "pw-dump"
 		application.process.binary = "pw-dump"
 		application.language = "en_GB.UTF-8"
 		application.process.id = "34087"
 		application.process.user = "admin"
 		application.process.host = "larkbridge"
 		log.level = "0"
 		cpu.max-align = "16"
 		default.clock.rate = "48000"
 		default.clock.quantum = "1024"
 		default.clock.min-quantum = "32"
 		default.clock.max-quantum = "2048"
 		default.clock.quantum-limit = "8192"
 		default.clock.quantum-floor = "4"
 		default.video.width = "640"
 		default.video.height = "480"
 		default.video.rate.num = "25"
 		default.video.rate.denom = "1"
 		clock.power-of-two-quantum = "true"
 		link.max-buffers = "64"
 		mem.warn-mlock = "false"
 		mem.allow-mlock = "true"
 		settings.check-quantum = "false"
 		settings.check-rate = "false"
 		core.version = "1.4.2"
 		pipewire.access = "unrestricted"
removed:
	id: 88
added:
	id: 88
	permissions: rwxm-
	type: PipeWire:Interface:Client (version 3)
 	properties:
 		pipewire.protocol = "protocol-native"
 		core.name = "pipewire-admin-34089"
 		pipewire.sec.socket = "pipewire-0"
 		pipewire.sec.pid = "34089"
 		pipewire.sec.uid = "1000"
 		pipewire.sec.gid = "1000"
 		module.id = "2"
 		object.id = "88"
 		object.serial = "11074"
 		application.name = "pw-link"
 		application.process.binary = "pw-link"
 		application.language = "en_GB.UTF-8"
 		application.process.id = "34089"
 		application.process.user = "admin"
 		application.process.host = "larkbridge"
 		log.level = "0"
 		cpu.max-align = "16"
 		default.clock.rate = "48000"
 		default.clock.quantum = "1024"
 		default.clock.min-quantum = "32"
 		default.clock.max-quantum = "2048"
 		default.clock.quantum-limit = "8192"
 		default.clock.quantum-floor = "4"
 		default.video.width = "640"
 		default.video.height = "480"
 		default.video.rate.num = "25"
 		default.video.rate.denom = "1"
 		clock.power-of-two-quantum = "true"
 		link.max-buffers = "64"
 		mem.warn-mlock = "false"
 		mem.allow-mlock = "true"
 		settings.check-quantum = "false"
 		settings.check-rate = "false"
 		core.version = "1.4.2"
 		pipewire.access = "unrestricted"
removed:
	id: 88
added:
	id: 88
	permissions: rwxm-
	type: PipeWire:Interface:Client (version 3)
 	properties:
 		pipewire.protocol = "protocol-native"
 		core.name = "pipewire-admin-34102"
 		pipewire.sec.socket = "pipewire-0-manager"
 		pipewire.sec.pid = "34102"
 		pipewire.sec.uid = "1000"
 		pipewire.sec.gid = "1000"
 		module.id = "2"
 		object.id = "88"
 		object.serial = "11075"
 		remote.intention = "manager"
 		application.name = "pw-dump"
 		application.process.binary = "pw-dump"
 		application.language = "en_GB.UTF-8"
 		application.process.id = "34102"
 		application.process.user = "admin"
 		application.process.host = "larkbridge"
 		log.level = "0"
 		cpu.max-align = "16"
 		default.clock.rate = "48000"
 		default.clock.quantum = "1024"
 		default.clock.min-quantum = "32"
 		default.clock.max-quantum = "2048"
 		default.clock.quantum-limit = "8192"
 		default.clock.quantum-floor = "4"
 		default.video.width = "640"
 		default.video.height = "480"
 		default.video.rate.num = "25"
 		default.video.rate.denom = "1"
 		clock.power-of-two-quantum = "true"
 		link.max-buffers = "64"
 		mem.warn-mlock = "false"
 		mem.allow-mlock = "true"
 		settings.check-quantum = "false"
 		settings.check-rate = "false"
 		core.version = "1.4.2"
 		pipewire.access = "unrestricted"
removed:
	id: 88
added:
	id: 88
	permissions: rwxm-
	type: PipeWire:Interface:Client (version 3)
 	properties:
 		pipewire.protocol = "protocol-native"
 		core.name = "pipewire-admin-34104"
 		pipewire.sec.socket = "pipewire-0"
 		pipewire.sec.pid = "34104"
 		pipewire.sec.uid = "1000"
 		pipewire.sec.gid = "1000"
 		module.id = "2"
 		object.id = "88"
 		object.serial = "11076"
 		application.name = "pw-link"
 		application.process.binary = "pw-link"
 		application.language = "en_GB.UTF-8"
 		application.process.id = "34104"
 		application.process.user = "admin"
 		application.process.host = "larkbridge"
 		log.level = "0"
 		cpu.max-align = "16"
 		default.clock.rate = "48000"
 		default.clock.quantum = "1024"
 		default.clock.min-quantum = "32"
 		default.clock.max-quantum = "2048"
 		default.clock.quantum-limit = "8192"
 		default.clock.quantum-floor = "4"
 		default.video.width = "640"
 		default.video.height = "480"
 		default.video.rate.num = "25"
 		default.video.rate.denom = "1"
 		clock.power-of-two-quantum = "true"
 		link.max-buffers = "64"
 		mem.warn-mlock = "false"
 		mem.allow-mlock = "true"
 		settings.check-quantum = "false"
 		settings.check-rate = "false"
 		core.version = "1.4.2"
 		pipewire.access = "unrestricted"
removed:
	id: 88
added:
	id: 88
	permissions: rwxm-
	type: PipeWire:Interface:Client (version 3)
 	properties:
 		pipewire.protocol = "protocol-native"
 		core.name = "pipewire-admin-34119"
 		pipewire.sec.socket = "pipewire-0-manager"
 		pipewire.sec.pid = "34119"
 		pipewire.sec.uid = "1000"
 		pipewire.sec.gid = "1000"
 		module.id = "2"
 		object.id = "88"
 		object.serial = "11077"
 		remote.intention = "manager"
 		application.name = "pw-dump"
 		application.process.binary = "pw-dump"
 		application.language = "en_GB.UTF-8"
 		application.process.id = "34119"
 		application.process.user = "admin"
 		application.process.host = "larkbridge"
 		log.level = "0"
 		cpu.max-align = "16"
 		default.clock.rate = "48000"
 		default.clock.quantum = "1024"
 		default.clock.min-quantum = "32"
 		default.clock.max-quantum = "2048"
 		default.clock.quantum-limit = "8192"
 		default.clock.quantum-floor = "4"
 		default.video.width = "640"
 		default.video.height = "480"
 		default.video.rate.num = "25"
 		default.video.rate.denom = "1"
 		clock.power-of-two-quantum = "true"
 		link.max-buffers = "64"
 		mem.warn-mlock = "false"
 		mem.allow-mlock = "true"
 		settings.check-quantum = "false"
 		settings.check-rate = "false"
 		core.version = "1.4.2"
 		pipewire.access = "unrestricted"
removed:
	id: 88
added:
	id: 88
	permissions: rwxm-
	type: PipeWire:Interface:Client (version 3)
 	properties:
 		pipewire.protocol = "protocol-native"
 		core.name = "pipewire-admin-34121"
 		pipewire.sec.socket = "pipewire-0"
 		pipewire.sec.pid = "34121"
 		pipewire.sec.uid = "1000"
 		pipewire.sec.gid = "1000"
 		module.id = "2"
 		object.id = "88"
 		object.serial = "11078"
 		application.name = "pw-link"
 		application.process.binary = "pw-link"
 		application.language = "en_GB.UTF-8"
 		application.process.id = "34121"
 		application.process.user = "admin"
 		application.process.host = "larkbridge"
 		log.level = "0"
 		cpu.max-align = "16"
 		default.clock.rate = "48000"
 		default.clock.quantum = "1024"
 		default.clock.min-quantum = "32"
 		default.clock.max-quantum = "2048"
 		default.clock.quantum-limit = "8192"
 		default.clock.quantum-floor = "4"
 		default.video.width = "640"
 		default.video.height = "480"
 		default.video.rate.num = "25"
 		default.video.rate.denom = "1"
 		clock.power-of-two-quantum = "true"
 		link.max-buffers = "64"
 		mem.warn-mlock = "false"
 		mem.allow-mlock = "true"
 		settings.check-quantum = "false"
 		settings.check-rate = "false"
 		core.version = "1.4.2"
 		pipewire.access = "unrestricted"
removed:
	id: 88
added:
	id: 88
	permissions: rwxm-
	type: PipeWire:Interface:Client (version 3)
 	properties:
 		pipewire.protocol = "protocol-native"
 		core.name = "pipewire-admin-34134"
 		pipewire.sec.socket = "pipewire-0-manager"
 		pipewire.sec.pid = "34134"
 		pipewire.sec.uid = "1000"
 		pipewire.sec.gid = "1000"
 		module.id = "2"
 		object.id = "88"
 		object.serial = "11079"
 		remote.intention = "manager"
 		application.name = "pw-dump"
 		application.process.binary = "pw-dump"
 		application.language = "en_GB.UTF-8"
 		application.process.id = "34134"
 		application.process.user = "admin"
 		application.process.host = "larkbridge"
 		log.level = "0"
 		cpu.max-align = "16"
 		default.clock.rate = "48000"
 		default.clock.quantum = "1024"
 		default.clock.min-quantum = "32"
 		default.clock.max-quantum = "2048"
 		default.clock.quantum-limit = "8192"
 		default.clock.quantum-floor = "4"
 		default.video.width = "640"
 		default.video.height = "480"
 		default.video.rate.num = "25"
 		default.video.rate.denom = "1"
 		clock.power-of-two-quantum = "true"
 		link.max-buffers = "64"
 		mem.warn-mlock = "false"
 		mem.allow-mlock = "true"
 		settings.check-quantum = "false"
 		settings.check-rate = "false"
 		core.version = "1.4.2"
 		pipewire.access = "unrestricted"
removed:
	id: 88
added:
	id: 88
	permissions: rwxm-
	type: PipeWire:Interface:Client (version 3)
 	properties:
 		pipewire.protocol = "protocol-native"
 		core.name = "pipewire-admin-34136"
 		pipewire.sec.socket = "pipewire-0"
 		pipewire.sec.pid = "34136"
 		pipewire.sec.uid = "1000"
 		pipewire.sec.gid = "1000"
 		module.id = "2"
 		object.id = "88"
 		object.serial = "11080"
 		application.name = "pw-link"
 		application.process.binary = "pw-link"
 		application.language = "en_GB.UTF-8"
 		application.process.id = "34136"
 		application.process.user = "admin"
 		application.process.host = "larkbridge"
 		log.level = "0"
 		cpu.max-align = "16"
 		default.clock.rate = "48000"
 		default.clock.quantum = "1024"
 		default.clock.min-quantum = "32"
 		default.clock.max-quantum = "2048"
 		default.clock.quantum-limit = "8192"
 		default.clock.quantum-floor = "4"
 		default.video.width = "640"
 		default.video.height = "480"
 		default.video.rate.num = "25"
 		default.video.rate.denom = "1"
 		clock.power-of-two-quantum = "true"
 		link.max-buffers = "64"
 		mem.warn-mlock = "false"
 		mem.allow-mlock = "true"
 		settings.check-quantum = "false"
 		settings.check-rate = "false"
 		core.version = "1.4.2"
 		pipewire.access = "unrestricted"
removed:
	id: 88
added:
	id: 88
	permissions: rwxm-
	type: PipeWire:Interface:Client (version 3)
 	properties:
 		pipewire.protocol = "protocol-native"
 		core.name = "pipewire-admin-34149"
 		pipewire.sec.socket = "pipewire-0-manager"
 		pipewire.sec.pid = "34149"
 		pipewire.sec.uid = "1000"
 		pipewire.sec.gid = "1000"
 		module.id = "2"
 		object.id = "88"
 		object.serial = "11081"
 		remote.intention = "manager"
 		application.name = "pw-dump"
 		application.process.binary = "pw-dump"
 		application.language = "en_GB.UTF-8"
 		application.process.id = "34149"
 		application.process.user = "admin"
 		application.process.host = "larkbridge"
 		log.level = "0"
 		cpu.max-align = "16"
 		default.clock.rate = "48000"
 		default.clock.quantum = "1024"
 		default.clock.min-quantum = "32"
 		default.clock.max-quantum = "2048"
 		default.clock.quantum-limit = "8192"
 		default.clock.quantum-floor = "4"
 		default.video.width = "640"
 		default.video.height = "480"
 		default.video.rate.num = "25"
 		default.video.rate.denom = "1"
 		clock.power-of-two-quantum = "true"
 		link.max-buffers = "64"
 		mem.warn-mlock = "false"
 		mem.allow-mlock = "true"
 		settings.check-quantum = "false"
 		settings.check-rate = "false"
 		core.version = "1.4.2"
 		pipewire.access = "unrestricted"
removed:
	id: 88
added:
	id: 88
	permissions: rwxm-
	type: PipeWire:Interface:Client (version 3)
 	properties:
 		pipewire.protocol = "protocol-native"
 		core.name = "pipewire-admin-34151"
 		pipewire.sec.socket = "pipewire-0"
 		pipewire.sec.pid = "34151"
 		pipewire.sec.uid = "1000"
 		pipewire.sec.gid = "1000"
 		module.id = "2"
 		object.id = "88"
 		object.serial = "11082"
 		application.name = "pw-link"
 		application.process.binary = "pw-link"
 		application.language = "en_GB.UTF-8"
 		application.process.id = "34151"
 		application.process.user = "admin"
 		application.process.host = "larkbridge"
 		log.level = "0"
 		cpu.max-align = "16"
 		default.clock.rate = "48000"
 		default.clock.quantum = "1024"
 		default.clock.min-quantum = "32"
 		default.clock.max-quantum = "2048"
 		default.clock.quantum-limit = "8192"
 		default.clock.quantum-floor = "4"
 		default.video.width = "640"
 		default.video.height = "480"
 		default.video.rate.num = "25"
 		default.video.rate.denom = "1"
 		clock.power-of-two-quantum = "true"
 		link.max-buffers = "64"
 		mem.warn-mlock = "false"
 		mem.allow-mlock = "true"
 		settings.check-quantum = "false"
 		settings.check-rate = "false"
 		core.version = "1.4.2"
 		pipewire.access = "unrestricted"
removed:
	id: 88
added:
	id: 88
	permissions: rwxm-
	type: PipeWire:Interface:Client (version 3)
 	properties:
 		pipewire.protocol = "protocol-native"
 		core.name = "pipewire-admin-34164"
 		pipewire.sec.socket = "pipewire-0-manager"
 		pipewire.sec.pid = "34164"
 		pipewire.sec.uid = "1000"
 		pipewire.sec.gid = "1000"
 		module.id = "2"
 		object.id = "88"
 		object.serial = "11083"
 		remote.intention = "manager"
 		application.name = "pw-dump"
 		application.process.binary = "pw-dump"
 		application.language = "en_GB.UTF-8"
 		application.process.id = "34164"
 		application.process.user = "admin"
 		application.process.host = "larkbridge"
 		log.level = "0"
 		cpu.max-align = "16"
 		default.clock.rate = "48000"
 		default.clock.quantum = "1024"
 		default.clock.min-quantum = "32"
 		default.clock.max-quantum = "2048"
 		default.clock.quantum-limit = "8192"
 		default.clock.quantum-floor = "4"
 		default.video.width = "640"
 		default.video.height = "480"
 		default.video.rate.num = "25"
 		default.video.rate.denom = "1"
 		clock.power-of-two-quantum = "true"
 		link.max-buffers = "64"
 		mem.warn-mlock = "false"
 		mem.allow-mlock = "true"
 		settings.check-quantum = "false"
 		settings.check-rate = "false"
 		core.version = "1.4.2"
 		pipewire.access = "unrestricted"
removed:
	id: 88
added:
	id: 88
	permissions: rwxm-
	type: PipeWire:Interface:Client (version 3)
 	properties:
 		pipewire.protocol = "protocol-native"
 		core.name = "pipewire-admin-34166"
 		pipewire.sec.socket = "pipewire-0"
 		pipewire.sec.pid = "34166"
 		pipewire.sec.uid = "1000"
 		pipewire.sec.gid = "1000"
 		module.id = "2"
 		object.id = "88"
 		object.serial = "11084"
 		application.name = "pw-link"
 		application.process.binary = "pw-link"
 		application.language = "en_GB.UTF-8"
 		application.process.id = "34166"
 		application.process.user = "admin"
 		application.process.host = "larkbridge"
 		log.level = "0"
 		cpu.max-align = "16"
 		default.clock.rate = "48000"
 		default.clock.quantum = "1024"
 		default.clock.min-quantum = "32"
 		default.clock.max-quantum = "2048"
 		default.clock.quantum-limit = "8192"
 		default.clock.quantum-floor = "4"
 		default.video.width = "640"
 		default.video.height = "480"
 		default.video.rate.num = "25"
 		default.video.rate.denom = "1"
 		clock.power-of-two-quantum = "true"
 		link.max-buffers = "64"
 		mem.warn-mlock = "false"
 		mem.allow-mlock = "true"
 		settings.check-quantum = "false"
 		settings.check-rate = "false"
 		core.version = "1.4.2"
 		pipewire.access = "unrestricted"
removed:
	id: 88
added:
	id: 88
	permissions: rwxm-
	type: PipeWire:Interface:Client (version 3)
 	properties:
 		pipewire.protocol = "protocol-native"
 		core.name = "pipewire-admin-34179"
 		pipewire.sec.socket = "pipewire-0-manager"
 		pipewire.sec.pid = "34179"
 		pipewire.sec.uid = "1000"
 		pipewire.sec.gid = "1000"
 		module.id = "2"
 		object.id = "88"
 		object.serial = "11085"
 		remote.intention = "manager"
 		application.name = "pw-dump"
 		application.process.binary = "pw-dump"
 		application.language = "en_GB.UTF-8"
 		application.process.id = "34179"
 		application.process.user = "admin"
 		application.process.host = "larkbridge"
 		log.level = "0"
 		cpu.max-align = "16"
 		default.clock.rate = "48000"
 		default.clock.quantum = "1024"
 		default.clock.min-quantum = "32"
 		default.clock.max-quantum = "2048"
 		default.clock.quantum-limit = "8192"
 		default.clock.quantum-floor = "4"
 		default.video.width = "640"
 		default.video.height = "480"
 		default.video.rate.num = "25"
 		default.video.rate.denom = "1"
 		clock.power-of-two-quantum = "true"
 		link.max-buffers = "64"
 		mem.warn-mlock = "false"
 		mem.allow-mlock = "true"
 		settings.check-quantum = "false"
 		settings.check-rate = "false"
 		core.version = "1.4.2"
 		pipewire.access = "unrestricted"
removed:
	id: 88
added:
	id: 88
	permissions: rwxm-
	type: PipeWire:Interface:Client (version 3)
 	properties:
 		pipewire.protocol = "protocol-native"
 		core.name = "pipewire-admin-34186"
 		pipewire.sec.socket = "pipewire-0"
 		pipewire.sec.pid = "34186"
 		pipewire.sec.uid = "1000"
 		pipewire.sec.gid = "1000"
 		module.id = "2"
 		object.id = "88"
 		object.serial = "11086"
 		application.name = "pw-link"
 		application.process.binary = "pw-link"
 		application.language = "en_GB.UTF-8"
 		application.process.id = "34186"
 		application.process.user = "admin"
 		application.process.host = "larkbridge"
 		log.level = "0"
 		cpu.max-align = "16"
 		default.clock.rate = "48000"
 		default.clock.quantum = "1024"
 		default.clock.min-quantum = "32"
 		default.clock.max-quantum = "2048"
 		default.clock.quantum-limit = "8192"
 		default.clock.quantum-floor = "4"
 		default.video.width = "640"
 		default.video.height = "480"
 		default.video.rate.num = "25"
 		default.video.rate.denom = "1"
 		clock.power-of-two-quantum = "true"
 		link.max-buffers = "64"
 		mem.warn-mlock = "false"
 		mem.allow-mlock = "true"
 		settings.check-quantum = "false"
 		settings.check-rate = "false"
 		core.version = "1.4.2"
 		pipewire.access = "unrestricted"
removed:
	id: 88
added:
	id: 88
	permissions: rwxm-
	type: PipeWire:Interface:Client (version 3)
 	properties:
 		pipewire.protocol = "protocol-native"
 		core.name = "pipewire-admin-34201"
 		pipewire.sec.socket = "pipewire-0-manager"
 		pipewire.sec.pid = "34201"
 		pipewire.sec.uid = "1000"
 		pipewire.sec.gid = "1000"
 		module.id = "2"
 		object.id = "88"
 		object.serial = "11087"
 		remote.intention = "manager"
 		application.name = "pw-dump"
 		application.process.binary = "pw-dump"
 		application.language = "en_GB.UTF-8"
 		application.process.id = "34201"
 		application.process.user = "admin"
 		application.process.host = "larkbridge"
 		log.level = "0"
 		cpu.max-align = "16"
 		default.clock.rate = "48000"
 		default.clock.quantum = "1024"
 		default.clock.min-quantum = "32"
 		default.clock.max-quantum = "2048"
 		default.clock.quantum-limit = "8192"
 		default.clock.quantum-floor = "4"
 		default.video.width = "640"
 		default.video.height = "480"
 		default.video.rate.num = "25"
 		default.video.rate.denom = "1"
 		clock.power-of-two-quantum = "true"
 		link.max-buffers = "64"
 		mem.warn-mlock = "false"
 		mem.allow-mlock = "true"
 		settings.check-quantum = "false"
 		settings.check-rate = "false"
 		core.version = "1.4.2"
 		pipewire.access = "unrestricted"
removed:
	id: 88
added:
	id: 88
	permissions: rwxm-
	type: PipeWire:Interface:Client (version 3)
 	properties:
 		pipewire.protocol = "protocol-native"
 		core.name = "pipewire-admin-34203"
 		pipewire.sec.socket = "pipewire-0"
 		pipewire.sec.pid = "34203"
 		pipewire.sec.uid = "1000"
 		pipewire.sec.gid = "1000"
 		module.id = "2"
 		object.id = "88"
 		object.serial = "11088"
 		application.name = "pw-link"
 		application.process.binary = "pw-link"
 		application.language = "en_GB.UTF-8"
 		application.process.id = "34203"
 		application.process.user = "admin"
 		application.process.host = "larkbridge"
 		log.level = "0"
 		cpu.max-align = "16"
 		default.clock.rate = "48000"
 		default.clock.quantum = "1024"
 		default.clock.min-quantum = "32"
 		default.clock.max-quantum = "2048"
 		default.clock.quantum-limit = "8192"
 		default.clock.quantum-floor = "4"
 		default.video.width = "640"
 		default.video.height = "480"
 		default.video.rate.num = "25"
 		default.video.rate.denom = "1"
 		clock.power-of-two-quantum = "true"
 		link.max-buffers = "64"
 		mem.warn-mlock = "false"
 		mem.allow-mlock = "true"
 		settings.check-quantum = "false"
 		settings.check-rate = "false"
 		core.version = "1.4.2"
 		pipewire.access = "unrestricted"
removed:
	id: 88
added:
	id: 88
	permissions: rwxm-
	type: PipeWire:Interface:Client (version 3)
 	properties:
 		pipewire.protocol = "protocol-native"
 		core.name = "pipewire-admin-34216"
 		pipewire.sec.socket = "pipewire-0-manager"
 		pipewire.sec.pid = "34216"
 		pipewire.sec.uid = "1000"
 		pipewire.sec.gid = "1000"
 		module.id = "2"
 		object.id = "88"
 		object.serial = "11089"
 		remote.intention = "manager"
 		application.name = "pw-dump"
 		application.process.binary = "pw-dump"
 		application.language = "en_GB.UTF-8"
 		application.process.id = "34216"
 		application.process.user = "admin"
 		application.process.host = "larkbridge"
 		log.level = "0"
 		cpu.max-align = "16"
 		default.clock.rate = "48000"
 		default.clock.quantum = "1024"
 		default.clock.min-quantum = "32"
 		default.clock.max-quantum = "2048"
 		default.clock.quantum-limit = "8192"
 		default.clock.quantum-floor = "4"
 		default.video.width = "640"
 		default.video.height = "480"
 		default.video.rate.num = "25"
 		default.video.rate.denom = "1"
 		clock.power-of-two-quantum = "true"
 		link.max-buffers = "64"
 		mem.warn-mlock = "false"
 		mem.allow-mlock = "true"
 		settings.check-quantum = "false"
 		settings.check-rate = "false"
 		core.version = "1.4.2"
 		pipewire.access = "unrestricted"
removed:
	id: 88
added:
	id: 88
	permissions: rwxm-
	type: PipeWire:Interface:Client (version 3)
 	properties:
 		pipewire.protocol = "protocol-native"
 		core.name = "pipewire-admin-34218"
 		pipewire.sec.socket = "pipewire-0"
 		pipewire.sec.pid = "34218"
 		pipewire.sec.uid = "1000"
 		pipewire.sec.gid = "1000"
 		module.id = "2"
 		object.id = "88"
 		object.serial = "11090"
 		application.name = "pw-link"
 		application.process.binary = "pw-link"
 		application.language = "en_GB.UTF-8"
 		application.process.id = "34218"
 		application.process.user = "admin"
 		application.process.host = "larkbridge"
 		log.level = "0"
 		cpu.max-align = "16"
 		default.clock.rate = "48000"
 		default.clock.quantum = "1024"
 		default.clock.min-quantum = "32"
 		default.clock.max-quantum = "2048"
 		default.clock.quantum-limit = "8192"
 		default.clock.quantum-floor = "4"
 		default.video.width = "640"
 		default.video.height = "480"
 		default.video.rate.num = "25"
 		default.video.rate.denom = "1"
 		clock.power-of-two-quantum = "true"
 		link.max-buffers = "64"
 		mem.warn-mlock = "false"
 		mem.allow-mlock = "true"
 		settings.check-quantum = "false"
 		settings.check-rate = "false"
 		core.version = "1.4.2"
 		pipewire.access = "unrestricted"
removed:
	id: 88
added:
	id: 88
	permissions: rwxm-
	type: PipeWire:Interface:Client (version 3)
 	properties:
 		pipewire.protocol = "protocol-native"
 		core.name = "pipewire-admin-34231"
 		pipewire.sec.socket = "pipewire-0-manager"
 		pipewire.sec.pid = "34231"
 		pipewire.sec.uid = "1000"
 		pipewire.sec.gid = "1000"
 		module.id = "2"
 		object.id = "88"
 		object.serial = "11091"
 		remote.intention = "manager"
 		application.name = "pw-dump"
 		application.process.binary = "pw-dump"
 		application.language = "en_GB.UTF-8"
 		application.process.id = "34231"
 		application.process.user = "admin"
 		application.process.host = "larkbridge"
 		log.level = "0"
 		cpu.max-align = "16"
 		default.clock.rate = "48000"
 		default.clock.quantum = "1024"
 		default.clock.min-quantum = "32"
 		default.clock.max-quantum = "2048"
 		default.clock.quantum-limit = "8192"
 		default.clock.quantum-floor = "4"
 		default.video.width = "640"
 		default.video.height = "480"
 		default.video.rate.num = "25"
 		default.video.rate.denom = "1"
 		clock.power-of-two-quantum = "true"
 		link.max-buffers = "64"
 		mem.warn-mlock = "false"
 		mem.allow-mlock = "true"
 		settings.check-quantum = "false"
 		settings.check-rate = "false"
 		core.version = "1.4.2"
 		pipewire.access = "unrestricted"
removed:
	id: 88
added:
	id: 88
	permissions: rwxm-
	type: PipeWire:Interface:Client (version 3)
 	properties:
 		pipewire.protocol = "protocol-native"
 		core.name = "pipewire-admin-34233"
 		pipewire.sec.socket = "pipewire-0"
 		pipewire.sec.pid = "34233"
 		pipewire.sec.uid = "1000"
 		pipewire.sec.gid = "1000"
 		module.id = "2"
 		object.id = "88"
 		object.serial = "11092"
 		application.name = "pw-link"
 		application.process.binary = "pw-link"
 		application.language = "en_GB.UTF-8"
 		application.process.id = "34233"
 		application.process.user = "admin"
 		application.process.host = "larkbridge"
 		log.level = "0"
 		cpu.max-align = "16"
 		default.clock.rate = "48000"
 		default.clock.quantum = "1024"
 		default.clock.min-quantum = "32"
 		default.clock.max-quantum = "2048"
 		default.clock.quantum-limit = "8192"
 		default.clock.quantum-floor = "4"
 		default.video.width = "640"
 		default.video.height = "480"
 		default.video.rate.num = "25"
 		default.video.rate.denom = "1"
 		clock.power-of-two-quantum = "true"
 		link.max-buffers = "64"
 		mem.warn-mlock = "false"
 		mem.allow-mlock = "true"
 		settings.check-quantum = "false"
 		settings.check-rate = "false"
 		core.version = "1.4.2"
 		pipewire.access = "unrestricted"
removed:
	id: 88
added:
	id: 88
	permissions: rwxm-
	type: PipeWire:Interface:Client (version 3)
 	properties:
 		pipewire.protocol = "protocol-native"
 		core.name = "pipewire-admin-34246"
 		pipewire.sec.socket = "pipewire-0-manager"
 		pipewire.sec.pid = "34246"
 		pipewire.sec.uid = "1000"
 		pipewire.sec.gid = "1000"
 		module.id = "2"
 		object.id = "88"
 		object.serial = "11093"
 		remote.intention = "manager"
 		application.name = "pw-dump"
 		application.process.binary = "pw-dump"
 		application.language = "en_GB.UTF-8"
 		application.process.id = "34246"
 		application.process.user = "admin"
 		application.process.host = "larkbridge"
 		log.level = "0"
 		cpu.max-align = "16"
 		default.clock.rate = "48000"
 		default.clock.quantum = "1024"
 		default.clock.min-quantum = "32"
 		default.clock.max-quantum = "2048"
 		default.clock.quantum-limit = "8192"
 		default.clock.quantum-floor = "4"
 		default.video.width = "640"
 		default.video.height = "480"
 		default.video.rate.num = "25"
 		default.video.rate.denom = "1"
 		clock.power-of-two-quantum = "true"
 		link.max-buffers = "64"
 		mem.warn-mlock = "false"
 		mem.allow-mlock = "true"
 		settings.check-quantum = "false"
 		settings.check-rate = "false"
 		core.version = "1.4.2"
 		pipewire.access = "unrestricted"
removed:
	id: 88
added:
	id: 88
	permissions: rwxm-
	type: PipeWire:Interface:Client (version 3)
 	properties:
 		pipewire.protocol = "protocol-native"
 		core.name = "pipewire-admin-34248"
 		pipewire.sec.socket = "pipewire-0"
 		pipewire.sec.pid = "34248"
 		pipewire.sec.uid = "1000"
 		pipewire.sec.gid = "1000"
 		module.id = "2"
 		object.id = "88"
 		object.serial = "11094"
 		application.name = "pw-link"
 		application.process.binary = "pw-link"
 		application.language = "en_GB.UTF-8"
 		application.process.id = "34248"
 		application.process.user = "admin"
 		application.process.host = "larkbridge"
 		log.level = "0"
 		cpu.max-align = "16"
 		default.clock.rate = "48000"
 		default.clock.quantum = "1024"
 		default.clock.min-quantum = "32"
 		default.clock.max-quantum = "2048"
 		default.clock.quantum-limit = "8192"
 		default.clock.quantum-floor = "4"
 		default.video.width = "640"
 		default.video.height = "480"
 		default.video.rate.num = "25"
 		default.video.rate.denom = "1"
 		clock.power-of-two-quantum = "true"
 		link.max-buffers = "64"
 		mem.warn-mlock = "false"
 		mem.allow-mlock = "true"
 		settings.check-quantum = "false"
 		settings.check-rate = "false"
 		core.version = "1.4.2"
 		pipewire.access = "unrestricted"
removed:
	id: 88
added:
	id: 88
	permissions: rwxm-
	type: PipeWire:Interface:Client (version 3)
 	properties:
 		pipewire.protocol = "protocol-native"
 		core.name = "pipewire-admin-34261"
 		pipewire.sec.socket = "pipewire-0-manager"
 		pipewire.sec.pid = "34261"
 		pipewire.sec.uid = "1000"
 		pipewire.sec.gid = "1000"
 		module.id = "2"
 		object.id = "88"
 		object.serial = "11095"
 		remote.intention = "manager"
 		application.name = "pw-dump"
 		application.process.binary = "pw-dump"
 		application.language = "en_GB.UTF-8"
 		application.process.id = "34261"
 		application.process.user = "admin"
 		application.process.host = "larkbridge"
 		log.level = "0"
 		cpu.max-align = "16"
 		default.clock.rate = "48000"
 		default.clock.quantum = "1024"
 		default.clock.min-quantum = "32"
 		default.clock.max-quantum = "2048"
 		default.clock.quantum-limit = "8192"
 		default.clock.quantum-floor = "4"
 		default.video.width = "640"
 		default.video.height = "480"
 		default.video.rate.num = "25"
 		default.video.rate.denom = "1"
 		clock.power-of-two-quantum = "true"
 		link.max-buffers = "64"
 		mem.warn-mlock = "false"
 		mem.allow-mlock = "true"
 		settings.check-quantum = "false"
 		settings.check-rate = "false"
 		core.version = "1.4.2"
 		pipewire.access = "unrestricted"
removed:
	id: 88
added:
	id: 88
	permissions: rwxm-
	type: PipeWire:Interface:Client (version 3)
 	properties:
 		pipewire.protocol = "protocol-native"
 		core.name = "pipewire-admin-34263"
 		pipewire.sec.socket = "pipewire-0"
 		pipewire.sec.pid = "34263"
 		pipewire.sec.uid = "1000"
 		pipewire.sec.gid = "1000"
 		module.id = "2"
 		object.id = "88"
 		object.serial = "11096"
 		application.name = "pw-link"
 		application.process.binary = "pw-link"
 		application.language = "en_GB.UTF-8"
 		application.process.id = "34263"
 		application.process.user = "admin"
 		application.process.host = "larkbridge"
 		log.level = "0"
 		cpu.max-align = "16"
 		default.clock.rate = "48000"
 		default.clock.quantum = "1024"
 		default.clock.min-quantum = "32"
 		default.clock.max-quantum = "2048"
 		default.clock.quantum-limit = "8192"
 		default.clock.quantum-floor = "4"
 		default.video.width = "640"
 		default.video.height = "480"
 		default.video.rate.num = "25"
 		default.video.rate.denom = "1"
 		clock.power-of-two-quantum = "true"
 		link.max-buffers = "64"
 		mem.warn-mlock = "false"
 		mem.allow-mlock = "true"
 		settings.check-quantum = "false"
 		settings.check-rate = "false"
 		core.version = "1.4.2"
 		pipewire.access = "unrestricted"
removed:
	id: 88
added:
	id: 88
	permissions: rwxm-
	type: PipeWire:Interface:Client (version 3)
 	properties:
 		pipewire.protocol = "protocol-native"
 		core.name = "pipewire-admin-34278"
 		pipewire.sec.socket = "pipewire-0-manager"
 		pipewire.sec.pid = "34278"
 		pipewire.sec.uid = "1000"
 		pipewire.sec.gid = "1000"
 		module.id = "2"
 		object.id = "88"
 		object.serial = "11097"
 		remote.intention = "manager"
 		application.name = "pw-dump"
 		application.process.binary = "pw-dump"
 		application.language = "en_GB.UTF-8"
 		application.process.id = "34278"
 		application.process.user = "admin"
 		application.process.host = "larkbridge"
 		log.level = "0"
 		cpu.max-align = "16"
 		default.clock.rate = "48000"
 		default.clock.quantum = "1024"
 		default.clock.min-quantum = "32"
 		default.clock.max-quantum = "2048"
 		default.clock.quantum-limit = "8192"
 		default.clock.quantum-floor = "4"
 		default.video.width = "640"
 		default.video.height = "480"
 		default.video.rate.num = "25"
 		default.video.rate.denom = "1"
 		clock.power-of-two-quantum = "true"
 		link.max-buffers = "64"
 		mem.warn-mlock = "false"
 		mem.allow-mlock = "true"
 		settings.check-quantum = "false"
 		settings.check-rate = "false"
 		core.version = "1.4.2"
 		pipewire.access = "unrestricted"
removed:
	id: 88
added:
	id: 88
	permissions: rwxm-
	type: PipeWire:Interface:Client (version 3)
 	properties:
 		pipewire.protocol = "protocol-native"
 		core.name = "pipewire-admin-34280"
 		pipewire.sec.socket = "pipewire-0"
 		pipewire.sec.pid = "34280"
 		pipewire.sec.uid = "1000"
 		pipewire.sec.gid = "1000"
 		module.id = "2"
 		object.id = "88"
 		object.serial = "11098"
 		application.name = "pw-link"
 		application.process.binary = "pw-link"
 		application.language = "en_GB.UTF-8"
 		application.process.id = "34280"
 		application.process.user = "admin"
 		application.process.host = "larkbridge"
 		log.level = "0"
 		cpu.max-align = "16"
 		default.clock.rate = "48000"
 		default.clock.quantum = "1024"
 		default.clock.min-quantum = "32"
 		default.clock.max-quantum = "2048"
 		default.clock.quantum-limit = "8192"
 		default.clock.quantum-floor = "4"
 		default.video.width = "640"
 		default.video.height = "480"
 		default.video.rate.num = "25"
 		default.video.rate.denom = "1"
 		clock.power-of-two-quantum = "true"
 		link.max-buffers = "64"
 		mem.warn-mlock = "false"
 		mem.allow-mlock = "true"
 		settings.check-quantum = "false"
 		settings.check-rate = "false"
 		core.version = "1.4.2"
 		pipewire.access = "unrestricted"
removed:
	id: 88
added:
	id: 88
	permissions: rwxm-
	type: PipeWire:Interface:Client (version 3)
 	properties:
 		pipewire.protocol = "protocol-native"
 		core.name = "pipewire-admin-34293"
 		pipewire.sec.socket = "pipewire-0-manager"
 		pipewire.sec.pid = "34293"
 		pipewire.sec.uid = "1000"
 		pipewire.sec.gid = "1000"
 		module.id = "2"
 		object.id = "88"
 		object.serial = "11099"
 		remote.intention = "manager"
 		application.name = "pw-dump"
 		application.process.binary = "pw-dump"
 		application.language = "en_GB.UTF-8"
 		application.process.id = "34293"
 		application.process.user = "admin"
 		application.process.host = "larkbridge"
 		log.level = "0"
 		cpu.max-align = "16"
 		default.clock.rate = "48000"
 		default.clock.quantum = "1024"
 		default.clock.min-quantum = "32"
 		default.clock.max-quantum = "2048"
 		default.clock.quantum-limit = "8192"
 		default.clock.quantum-floor = "4"
 		default.video.width = "640"
 		default.video.height = "480"
 		default.video.rate.num = "25"
 		default.video.rate.denom = "1"
 		clock.power-of-two-quantum = "true"
 		link.max-buffers = "64"
 		mem.warn-mlock = "false"
 		mem.allow-mlock = "true"
 		settings.check-quantum = "false"
 		settings.check-rate = "false"
 		core.version = "1.4.2"
 		pipewire.access = "unrestricted"
removed:
	id: 88
added:
	id: 88
	permissions: rwxm-
	type: PipeWire:Interface:Client (version 3)
 	properties:
 		pipewire.protocol = "protocol-native"
 		core.name = "pipewire-admin-34295"
 		pipewire.sec.socket = "pipewire-0"
 		pipewire.sec.pid = "34295"
 		pipewire.sec.uid = "1000"
 		pipewire.sec.gid = "1000"
 		module.id = "2"
 		object.id = "88"
 		object.serial = "11100"
 		application.name = "pw-link"
 		application.process.binary = "pw-link"
 		application.language = "en_GB.UTF-8"
 		application.process.id = "34295"
 		application.process.user = "admin"
 		application.process.host = "larkbridge"
 		log.level = "0"
 		cpu.max-align = "16"
 		default.clock.rate = "48000"
 		default.clock.quantum = "1024"
 		default.clock.min-quantum = "32"
 		default.clock.max-quantum = "2048"
 		default.clock.quantum-limit = "8192"
 		default.clock.quantum-floor = "4"
 		default.video.width = "640"
 		default.video.height = "480"
 		default.video.rate.num = "25"
 		default.video.rate.denom = "1"
 		clock.power-of-two-quantum = "true"
 		link.max-buffers = "64"
 		mem.warn-mlock = "false"
 		mem.allow-mlock = "true"
 		settings.check-quantum = "false"
 		settings.check-rate = "false"
 		core.version = "1.4.2"
 		pipewire.access = "unrestricted"
removed:
	id: 88
added:
	id: 88
	permissions: rwxm-
	type: PipeWire:Interface:Client (version 3)
 	properties:
 		pipewire.protocol = "protocol-native"
 		core.name = "pipewire-admin-34308"
 		pipewire.sec.socket = "pipewire-0-manager"
 		pipewire.sec.pid = "34308"
 		pipewire.sec.uid = "1000"
 		pipewire.sec.gid = "1000"
 		module.id = "2"
 		object.id = "88"
 		object.serial = "11101"
 		remote.intention = "manager"
 		application.name = "pw-dump"
 		application.process.binary = "pw-dump"
 		application.language = "en_GB.UTF-8"
 		application.process.id = "34308"
 		application.process.user = "admin"
 		application.process.host = "larkbridge"
 		log.level = "0"
 		cpu.max-align = "16"
 		default.clock.rate = "48000"
 		default.clock.quantum = "1024"
 		default.clock.min-quantum = "32"
 		default.clock.max-quantum = "2048"
 		default.clock.quantum-limit = "8192"
 		default.clock.quantum-floor = "4"
 		default.video.width = "640"
 		default.video.height = "480"
 		default.video.rate.num = "25"
 		default.video.rate.denom = "1"
 		clock.power-of-two-quantum = "true"
 		link.max-buffers = "64"
 		mem.warn-mlock = "false"
 		mem.allow-mlock = "true"
 		settings.check-quantum = "false"
 		settings.check-rate = "false"
 		core.version = "1.4.2"
 		pipewire.access = "unrestricted"
removed:
	id: 88
added:
	id: 88
	permissions: rwxm-
	type: PipeWire:Interface:Client (version 3)
 	properties:
 		pipewire.protocol = "protocol-native"
 		core.name = "pipewire-admin-34315"
 		pipewire.sec.socket = "pipewire-0"
 		pipewire.sec.pid = "34315"
 		pipewire.sec.uid = "1000"
 		pipewire.sec.gid = "1000"
 		module.id = "2"
 		object.id = "88"
 		object.serial = "11102"
 		application.name = "pw-link"
 		application.process.binary = "pw-link"
 		application.language = "en_GB.UTF-8"
 		application.process.id = "34315"
 		application.process.user = "admin"
 		application.process.host = "larkbridge"
 		log.level = "0"
 		cpu.max-align = "16"
 		default.clock.rate = "48000"
 		default.clock.quantum = "1024"
 		default.clock.min-quantum = "32"
 		default.clock.max-quantum = "2048"
 		default.clock.quantum-limit = "8192"
 		default.clock.quantum-floor = "4"
 		default.video.width = "640"
 		default.video.height = "480"
 		default.video.rate.num = "25"
 		default.video.rate.denom = "1"
 		clock.power-of-two-quantum = "true"
 		link.max-buffers = "64"
 		mem.warn-mlock = "false"
 		mem.allow-mlock = "true"
 		settings.check-quantum = "false"
 		settings.check-rate = "false"
 		core.version = "1.4.2"
 		pipewire.access = "unrestricted"
removed:
	id: 88
added:
	id: 88
	permissions: rwxm-
	type: PipeWire:Interface:Client (version 3)
 	properties:
 		pipewire.protocol = "protocol-native"
 		core.name = "pipewire-admin-34327"
 		pipewire.sec.socket = "pipewire-0-manager"
 		pipewire.sec.pid = "34327"
 		pipewire.sec.uid = "1000"
 		pipewire.sec.gid = "1000"
 		module.id = "2"
 		object.id = "88"
 		object.serial = "11103"
 		remote.intention = "manager"
 		application.name = "pw-dump"
 		application.process.binary = "pw-dump"
 		application.language = "en_GB.UTF-8"
 		application.process.id = "34327"
 		application.process.user = "admin"
 		application.process.host = "larkbridge"
 		log.level = "0"
 		cpu.max-align = "16"
 		default.clock.rate = "48000"
 		default.clock.quantum = "1024"
 		default.clock.min-quantum = "32"
 		default.clock.max-quantum = "2048"
 		default.clock.quantum-limit = "8192"
 		default.clock.quantum-floor = "4"
 		default.video.width = "640"
 		default.video.height = "480"
 		default.video.rate.num = "25"
 		default.video.rate.denom = "1"
 		clock.power-of-two-quantum = "true"
 		link.max-buffers = "64"
 		mem.warn-mlock = "false"
 		mem.allow-mlock = "true"
 		settings.check-quantum = "false"
 		settings.check-rate = "false"
 		core.version = "1.4.2"
 		pipewire.access = "unrestricted"
removed:
	id: 88
added:
	id: 88
	permissions: rwxm-
	type: PipeWire:Interface:Client (version 3)
 	properties:
 		pipewire.protocol = "protocol-native"
 		core.name = "pipewire-admin-34330"
 		pipewire.sec.socket = "pipewire-0"
 		pipewire.sec.pid = "34330"
 		pipewire.sec.uid = "1000"
 		pipewire.sec.gid = "1000"
 		module.id = "2"
 		object.id = "88"
 		object.serial = "11104"
 		application.name = "pw-link"
 		application.process.binary = "pw-link"
 		application.language = "en_GB.UTF-8"
 		application.process.id = "34330"
 		application.process.user = "admin"
 		application.process.host = "larkbridge"
 		log.level = "0"
 		cpu.max-align = "16"
 		default.clock.rate = "48000"
 		default.clock.quantum = "1024"
 		default.clock.min-quantum = "32"
 		default.clock.max-quantum = "2048"
 		default.clock.quantum-limit = "8192"
 		default.clock.quantum-floor = "4"
 		default.video.width = "640"
 		default.video.height = "480"
 		default.video.rate.num = "25"
 		default.video.rate.denom = "1"
 		clock.power-of-two-quantum = "true"
 		link.max-buffers = "64"
 		mem.warn-mlock = "false"
 		mem.allow-mlock = "true"
 		settings.check-quantum = "false"
 		settings.check-rate = "false"
 		core.version = "1.4.2"
 		pipewire.access = "unrestricted"
removed:
	id: 88
added:
	id: 88
	permissions: rwxm-
	type: PipeWire:Interface:Client (version 3)
 	properties:
 		pipewire.protocol = "protocol-native"
 		core.name = "pipewire-admin-34343"
 		pipewire.sec.socket = "pipewire-0-manager"
 		pipewire.sec.pid = "34343"
 		pipewire.sec.uid = "1000"
 		pipewire.sec.gid = "1000"
 		module.id = "2"
 		object.id = "88"
 		object.serial = "11105"
 		remote.intention = "manager"
 		application.name = "pw-dump"
 		application.process.binary = "pw-dump"
 		application.language = "en_GB.UTF-8"
 		application.process.id = "34343"
 		application.process.user = "admin"
 		application.process.host = "larkbridge"
 		log.level = "0"
 		cpu.max-align = "16"
 		default.clock.rate = "48000"
 		default.clock.quantum = "1024"
 		default.clock.min-quantum = "32"
 		default.clock.max-quantum = "2048"
 		default.clock.quantum-limit = "8192"
 		default.clock.quantum-floor = "4"
 		default.video.width = "640"
 		default.video.height = "480"
 		default.video.rate.num = "25"
 		default.video.rate.denom = "1"
 		clock.power-of-two-quantum = "true"
 		link.max-buffers = "64"
 		mem.warn-mlock = "false"
 		mem.allow-mlock = "true"
 		settings.check-quantum = "false"
 		settings.check-rate = "false"
 		core.version = "1.4.2"
 		pipewire.access = "unrestricted"
removed:
	id: 88
added:
	id: 88
	permissions: rwxm-
	type: PipeWire:Interface:Client (version 3)
 	properties:
 		pipewire.protocol = "protocol-native"
 		core.name = "pipewire-admin-34345"
 		pipewire.sec.socket = "pipewire-0"
 		pipewire.sec.pid = "34345"
 		pipewire.sec.uid = "1000"
 		pipewire.sec.gid = "1000"
 		module.id = "2"
 		object.id = "88"
 		object.serial = "11106"
 		application.name = "pw-link"
 		application.process.binary = "pw-link"
 		application.language = "en_GB.UTF-8"
 		application.process.id = "34345"
 		application.process.user = "admin"
 		application.process.host = "larkbridge"
 		log.level = "0"
 		cpu.max-align = "16"
 		default.clock.rate = "48000"
 		default.clock.quantum = "1024"
 		default.clock.min-quantum = "32"
 		default.clock.max-quantum = "2048"
 		default.clock.quantum-limit = "8192"
 		default.clock.quantum-floor = "4"
 		default.video.width = "640"
 		default.video.height = "480"
 		default.video.rate.num = "25"
 		default.video.rate.denom = "1"
 		clock.power-of-two-quantum = "true"
 		link.max-buffers = "64"
 		mem.warn-mlock = "false"
 		mem.allow-mlock = "true"
 		settings.check-quantum = "false"
 		settings.check-rate = "false"
 		core.version = "1.4.2"
 		pipewire.access = "unrestricted"
removed:
	id: 88
added:
	id: 88
	permissions: rwxm-
	type: PipeWire:Interface:Client (version 3)
 	properties:
 		pipewire.protocol = "protocol-native"
 		core.name = "pipewire-admin-34360"
 		pipewire.sec.socket = "pipewire-0-manager"
 		pipewire.sec.pid = "34360"
 		pipewire.sec.uid = "1000"
 		pipewire.sec.gid = "1000"
 		module.id = "2"
 		object.id = "88"
 		object.serial = "11107"
 		remote.intention = "manager"
 		application.name = "pw-dump"
 		application.process.binary = "pw-dump"
 		application.language = "en_GB.UTF-8"
 		application.process.id = "34360"
 		application.process.user = "admin"
 		application.process.host = "larkbridge"
 		log.level = "0"
 		cpu.max-align = "16"
 		default.clock.rate = "48000"
 		default.clock.quantum = "1024"
 		default.clock.min-quantum = "32"
 		default.clock.max-quantum = "2048"
 		default.clock.quantum-limit = "8192"
 		default.clock.quantum-floor = "4"
 		default.video.width = "640"
 		default.video.height = "480"
 		default.video.rate.num = "25"
 		default.video.rate.denom = "1"
 		clock.power-of-two-quantum = "true"
 		link.max-buffers = "64"
 		mem.warn-mlock = "false"
 		mem.allow-mlock = "true"
 		settings.check-quantum = "false"
 		settings.check-rate = "false"
 		core.version = "1.4.2"
 		pipewire.access = "unrestricted"
removed:
	id: 88
added:
	id: 88
	permissions: rwxm-
	type: PipeWire:Interface:Client (version 3)
 	properties:
 		pipewire.protocol = "protocol-native"
 		core.name = "pipewire-admin-34362"
 		pipewire.sec.socket = "pipewire-0"
 		pipewire.sec.pid = "34362"
 		pipewire.sec.uid = "1000"
 		pipewire.sec.gid = "1000"
 		module.id = "2"
 		object.id = "88"
 		object.serial = "11108"
 		application.name = "pw-link"
 		application.process.binary = "pw-link"
 		application.language = "en_GB.UTF-8"
 		application.process.id = "34362"
 		application.process.user = "admin"
 		application.process.host = "larkbridge"
 		log.level = "0"
 		cpu.max-align = "16"
 		default.clock.rate = "48000"
 		default.clock.quantum = "1024"
 		default.clock.min-quantum = "32"
 		default.clock.max-quantum = "2048"
 		default.clock.quantum-limit = "8192"
 		default.clock.quantum-floor = "4"
 		default.video.width = "640"
 		default.video.height = "480"
 		default.video.rate.num = "25"
 		default.video.rate.denom = "1"
 		clock.power-of-two-quantum = "true"
 		link.max-buffers = "64"
 		mem.warn-mlock = "false"
 		mem.allow-mlock = "true"
 		settings.check-quantum = "false"
 		settings.check-rate = "false"
 		core.version = "1.4.2"
 		pipewire.access = "unrestricted"
removed:
	id: 88
added:
	id: 88
	permissions: rwxm-
	type: PipeWire:Interface:Client (version 3)
 	properties:
 		pipewire.protocol = "protocol-native"
 		core.name = "pipewire-admin-34375"
 		pipewire.sec.socket = "pipewire-0-manager"
 		pipewire.sec.pid = "34375"
 		pipewire.sec.uid = "1000"
 		pipewire.sec.gid = "1000"
 		module.id = "2"
 		object.id = "88"
 		object.serial = "11109"
 		remote.intention = "manager"
 		application.name = "pw-dump"
 		application.process.binary = "pw-dump"
 		application.language = "en_GB.UTF-8"
 		application.process.id = "34375"
 		application.process.user = "admin"
 		application.process.host = "larkbridge"
 		log.level = "0"
 		cpu.max-align = "16"
 		default.clock.rate = "48000"
 		default.clock.quantum = "1024"
 		default.clock.min-quantum = "32"
 		default.clock.max-quantum = "2048"
 		default.clock.quantum-limit = "8192"
 		default.clock.quantum-floor = "4"
 		default.video.width = "640"
 		default.video.height = "480"
 		default.video.rate.num = "25"
 		default.video.rate.denom = "1"
 		clock.power-of-two-quantum = "true"
 		link.max-buffers = "64"
 		mem.warn-mlock = "false"
 		mem.allow-mlock = "true"
 		settings.check-quantum = "false"
 		settings.check-rate = "false"
 		core.version = "1.4.2"
 		pipewire.access = "unrestricted"
removed:
	id: 88
added:
	id: 88
	permissions: rwxm-
	type: PipeWire:Interface:Client (version 3)
 	properties:
 		pipewire.protocol = "protocol-native"
 		core.name = "pipewire-admin-34377"
 		pipewire.sec.socket = "pipewire-0"
 		pipewire.sec.pid = "34377"
 		pipewire.sec.uid = "1000"
 		pipewire.sec.gid = "1000"
 		module.id = "2"
 		object.id = "88"
 		object.serial = "11110"
 		application.name = "pw-link"
 		application.process.binary = "pw-link"
 		application.language = "en_GB.UTF-8"
 		application.process.id = "34377"
 		application.process.user = "admin"
 		application.process.host = "larkbridge"
 		log.level = "0"
 		cpu.max-align = "16"
 		default.clock.rate = "48000"
 		default.clock.quantum = "1024"
 		default.clock.min-quantum = "32"
 		default.clock.max-quantum = "2048"
 		default.clock.quantum-limit = "8192"
 		default.clock.quantum-floor = "4"
 		default.video.width = "640"
 		default.video.height = "480"
 		default.video.rate.num = "25"
 		default.video.rate.denom = "1"
 		clock.power-of-two-quantum = "true"
 		link.max-buffers = "64"
 		mem.warn-mlock = "false"
 		mem.allow-mlock = "true"
 		settings.check-quantum = "false"
 		settings.check-rate = "false"
 		core.version = "1.4.2"
 		pipewire.access = "unrestricted"
removed:
	id: 88
added:
	id: 88
	permissions: rwxm-
	type: PipeWire:Interface:Client (version 3)
 	properties:
 		pipewire.protocol = "protocol-native"
 		core.name = "pipewire-admin-34390"
 		pipewire.sec.socket = "pipewire-0-manager"
 		pipewire.sec.pid = "34390"
 		pipewire.sec.uid = "1000"
 		pipewire.sec.gid = "1000"
 		module.id = "2"
 		object.id = "88"
 		object.serial = "11111"
 		remote.intention = "manager"
 		application.name = "pw-dump"
 		application.process.binary = "pw-dump"
 		application.language = "en_GB.UTF-8"
 		application.process.id = "34390"
 		application.process.user = "admin"
 		application.process.host = "larkbridge"
 		log.level = "0"
 		cpu.max-align = "16"
 		default.clock.rate = "48000"
 		default.clock.quantum = "1024"
 		default.clock.min-quantum = "32"
 		default.clock.max-quantum = "2048"
 		default.clock.quantum-limit = "8192"
 		default.clock.quantum-floor = "4"
 		default.video.width = "640"
 		default.video.height = "480"
 		default.video.rate.num = "25"
 		default.video.rate.denom = "1"
 		clock.power-of-two-quantum = "true"
 		link.max-buffers = "64"
 		mem.warn-mlock = "false"
 		mem.allow-mlock = "true"
 		settings.check-quantum = "false"
 		settings.check-rate = "false"
 		core.version = "1.4.2"
 		pipewire.access = "unrestricted"
removed:
	id: 88
added:
	id: 88
	permissions: rwxm-
	type: PipeWire:Interface:Client (version 3)
 	properties:
 		pipewire.protocol = "protocol-native"
 		core.name = "pipewire-admin-34392"
 		pipewire.sec.socket = "pipewire-0"
 		pipewire.sec.pid = "34392"
 		pipewire.sec.uid = "1000"
 		pipewire.sec.gid = "1000"
 		module.id = "2"
 		object.id = "88"
 		object.serial = "11112"
 		application.name = "pw-link"
 		application.process.binary = "pw-link"
 		application.language = "en_GB.UTF-8"
 		application.process.id = "34392"
 		application.process.user = "admin"
 		application.process.host = "larkbridge"
 		log.level = "0"
 		cpu.max-align = "16"
 		default.clock.rate = "48000"
 		default.clock.quantum = "1024"
 		default.clock.min-quantum = "32"
 		default.clock.max-quantum = "2048"
 		default.clock.quantum-limit = "8192"
 		default.clock.quantum-floor = "4"
 		default.video.width = "640"
 		default.video.height = "480"
 		default.video.rate.num = "25"
 		default.video.rate.denom = "1"
 		clock.power-of-two-quantum = "true"
 		link.max-buffers = "64"
 		mem.warn-mlock = "false"
 		mem.allow-mlock = "true"
 		settings.check-quantum = "false"
 		settings.check-rate = "false"
 		core.version = "1.4.2"
 		pipewire.access = "unrestricted"
removed:
	id: 88
added:
	id: 88
	permissions: rwxm-
	type: PipeWire:Interface:Client (version 3)
 	properties:
 		pipewire.protocol = "protocol-native"
 		core.name = "pipewire-admin-34405"
 		pipewire.sec.socket = "pipewire-0-manager"
 		pipewire.sec.pid = "34405"
 		pipewire.sec.uid = "1000"
 		pipewire.sec.gid = "1000"
 		module.id = "2"
 		object.id = "88"
 		object.serial = "11113"
 		remote.intention = "manager"
 		application.name = "pw-dump"
 		application.process.binary = "pw-dump"
 		application.language = "en_GB.UTF-8"
 		application.process.id = "34405"
 		application.process.user = "admin"
 		application.process.host = "larkbridge"
 		log.level = "0"
 		cpu.max-align = "16"
 		default.clock.rate = "48000"
 		default.clock.quantum = "1024"
 		default.clock.min-quantum = "32"
 		default.clock.max-quantum = "2048"
 		default.clock.quantum-limit = "8192"
 		default.clock.quantum-floor = "4"
 		default.video.width = "640"
 		default.video.height = "480"
 		default.video.rate.num = "25"
 		default.video.rate.denom = "1"
 		clock.power-of-two-quantum = "true"
 		link.max-buffers = "64"
 		mem.warn-mlock = "false"
 		mem.allow-mlock = "true"
 		settings.check-quantum = "false"
 		settings.check-rate = "false"
 		core.version = "1.4.2"
 		pipewire.access = "unrestricted"
removed:
	id: 88
added:
	id: 88
	permissions: rwxm-
	type: PipeWire:Interface:Client (version 3)
 	properties:
 		pipewire.protocol = "protocol-native"
 		core.name = "pipewire-admin-34407"
 		pipewire.sec.socket = "pipewire-0"
 		pipewire.sec.pid = "34407"
 		pipewire.sec.uid = "1000"
 		pipewire.sec.gid = "1000"
 		module.id = "2"
 		object.id = "88"
 		object.serial = "11114"
 		application.name = "pw-link"
 		application.process.binary = "pw-link"
 		application.language = "en_GB.UTF-8"
 		application.process.id = "34407"
 		application.process.user = "admin"
 		application.process.host = "larkbridge"
 		log.level = "0"
 		cpu.max-align = "16"
 		default.clock.rate = "48000"
 		default.clock.quantum = "1024"
 		default.clock.min-quantum = "32"
 		default.clock.max-quantum = "2048"
 		default.clock.quantum-limit = "8192"
 		default.clock.quantum-floor = "4"
 		default.video.width = "640"
 		default.video.height = "480"
 		default.video.rate.num = "25"
 		default.video.rate.denom = "1"
 		clock.power-of-two-quantum = "true"
 		link.max-buffers = "64"
 		mem.warn-mlock = "false"
 		mem.allow-mlock = "true"
 		settings.check-quantum = "false"
 		settings.check-rate = "false"
 		core.version = "1.4.2"
 		pipewire.access = "unrestricted"
removed:
	id: 88
added:
	id: 88
	permissions: rwxm-
	type: PipeWire:Interface:Client (version 3)
 	properties:
 		pipewire.protocol = "protocol-native"
 		core.name = "pipewire-admin-34420"
 		pipewire.sec.socket = "pipewire-0-manager"
 		pipewire.sec.pid = "34420"
 		pipewire.sec.uid = "1000"
 		pipewire.sec.gid = "1000"
 		module.id = "2"
 		object.id = "88"
 		object.serial = "11115"
 		remote.intention = "manager"
 		application.name = "pw-dump"
 		application.process.binary = "pw-dump"
 		application.language = "en_GB.UTF-8"
 		application.process.id = "34420"
 		application.process.user = "admin"
 		application.process.host = "larkbridge"
 		log.level = "0"
 		cpu.max-align = "16"
 		default.clock.rate = "48000"
 		default.clock.quantum = "1024"
 		default.clock.min-quantum = "32"
 		default.clock.max-quantum = "2048"
 		default.clock.quantum-limit = "8192"
 		default.clock.quantum-floor = "4"
 		default.video.width = "640"
 		default.video.height = "480"
 		default.video.rate.num = "25"
 		default.video.rate.denom = "1"
 		clock.power-of-two-quantum = "true"
 		link.max-buffers = "64"
 		mem.warn-mlock = "false"
 		mem.allow-mlock = "true"
 		settings.check-quantum = "false"
 		settings.check-rate = "false"
 		core.version = "1.4.2"
 		pipewire.access = "unrestricted"
removed:
	id: 88
added:
	id: 88
	permissions: rwxm-
	type: PipeWire:Interface:Client (version 3)
 	properties:
 		pipewire.protocol = "protocol-native"
 		core.name = "pipewire-admin-34422"
 		pipewire.sec.socket = "pipewire-0"
 		pipewire.sec.pid = "34422"
 		pipewire.sec.uid = "1000"
 		pipewire.sec.gid = "1000"
 		module.id = "2"
 		object.id = "88"
 		object.serial = "11116"
 		application.name = "pw-link"
 		application.process.binary = "pw-link"
 		application.language = "en_GB.UTF-8"
 		application.process.id = "34422"
 		application.process.user = "admin"
 		application.process.host = "larkbridge"
 		log.level = "0"
 		cpu.max-align = "16"
 		default.clock.rate = "48000"
 		default.clock.quantum = "1024"
 		default.clock.min-quantum = "32"
 		default.clock.max-quantum = "2048"
 		default.clock.quantum-limit = "8192"
 		default.clock.quantum-floor = "4"
 		default.video.width = "640"
 		default.video.height = "480"
 		default.video.rate.num = "25"
 		default.video.rate.denom = "1"
 		clock.power-of-two-quantum = "true"
 		link.max-buffers = "64"
 		mem.warn-mlock = "false"
 		mem.allow-mlock = "true"
 		settings.check-quantum = "false"
 		settings.check-rate = "false"
 		core.version = "1.4.2"
 		pipewire.access = "unrestricted"
removed:
	id: 88
added:
	id: 88
	permissions: rwxm-
	type: PipeWire:Interface:Client (version 3)
 	properties:
 		pipewire.protocol = "protocol-native"
 		core.name = "pipewire-admin-34437"
 		pipewire.sec.socket = "pipewire-0-manager"
 		pipewire.sec.pid = "34437"
 		pipewire.sec.uid = "1000"
 		pipewire.sec.gid = "1000"
 		module.id = "2"
 		object.id = "88"
 		object.serial = "11117"
 		remote.intention = "manager"
 		application.name = "pw-dump"
 		application.process.binary = "pw-dump"
 		application.language = "en_GB.UTF-8"
 		application.process.id = "34437"
 		application.process.user = "admin"
 		application.process.host = "larkbridge"
 		log.level = "0"
 		cpu.max-align = "16"
 		default.clock.rate = "48000"
 		default.clock.quantum = "1024"
 		default.clock.min-quantum = "32"
 		default.clock.max-quantum = "2048"
 		default.clock.quantum-limit = "8192"
 		default.clock.quantum-floor = "4"
 		default.video.width = "640"
 		default.video.height = "480"
 		default.video.rate.num = "25"
 		default.video.rate.denom = "1"
 		clock.power-of-two-quantum = "true"
 		link.max-buffers = "64"
 		mem.warn-mlock = "false"
 		mem.allow-mlock = "true"
 		settings.check-quantum = "false"
 		settings.check-rate = "false"
 		core.version = "1.4.2"
 		pipewire.access = "unrestricted"
