2026-08-25T16:10:37,770003525-04:00
{"state":"ACTIVE","call":true,"output":{"desired":"wired:alsa_output.platform-3f00b840.mailbox.stereo-fallback","chosen":"wired:alsa_output.platform-3f00b840.mailbox.stereo-fallback","reason":"desired output is available","candidates":[{"id":"wired:alsa_output.platform-3f00b840.mailbox.stereo-fallback","present":true,"connected":true,"adapter":null,"adapter_address":null,"setup_state":"ready"},{"id":"a2dp:C9:5C:FD:6E:28:46","present":false,"connected":false,"adapter":"hci0","adapter_address":"A0:AD:9F:73:6C:24","setup_state":"needs_setup"},{"id":"a2dp:50:D7:1B:74:34:D6","present":false,"connected":false,"adapter":"hci0","adapter_address":"A0:AD:9F:73:6C:24","setup_state":"needs_setup"},{"id":"a2dp:98:47:44:CD:73:DE","present":false,"connected":false,"adapter":"hci0","adapter_address":"A0:AD:9F:73:6C:24","setup_state":"needs_setup"}]}}
/org/bluez/hci0/dev_98_47_44_CD_73_DE b true
/org/bluez/hci1/dev_98_47_44_CD_73_DE absent
2026-08-25T16:10:38,928425644-04:00
{"state":"ACTIVE","call":true,"output":{"desired":"wired:alsa_output.platform-3f00b840.mailbox.stereo-fallback","chosen":"wired:alsa_output.platform-3f00b840.mailbox.stereo-fallback","reason":"desired output is available","candidates":[{"id":"wired:alsa_output.platform-3f00b840.mailbox.stereo-fallback","present":true,"connected":true,"adapter":null,"adapter_address":null,"setup_state":"ready"},{"id":"a2dp:C9:5C:FD:6E:28:46","present":false,"connected":false,"adapter":"hci0","adapter_address":"A0:AD:9F:73:6C:24","setup_state":"needs_setup"},{"id":"a2dp:50:D7:1B:74:34:D6","present":false,"connected":false,"adapter":"hci0","adapter_address":"A0:AD:9F:73:6C:24","setup_state":"needs_setup"},{"id":"a2dp:98:47:44:CD:73:DE","present":false,"connected":false,"adapter":"hci0","adapter_address":"A0:AD:9F:73:6C:24","setup_state":"needs_setup"}]}}
/org/bluez/hci0/dev_98_47_44_CD_73_DE b true
/org/bluez/hci1/dev_98_47_44_CD_73_DE absent
2026-08-25T16:10:40,009137465-04:00
{"state":"ACTIVE","call":true,"output":{"desired":"wired:alsa_output.platform-3f00b840.mailbox.stereo-fallback","chosen":"wired:alsa_output.platform-3f00b840.mailbox.stereo-fallback","reason":"desired output is available","candidates":[{"id":"wired:alsa_output.platform-3f00b840.mailbox.stereo-fallback","present":true,"connected":true,"adapter":null,"adapter_address":null,"setup_state":"ready"},{"id":"a2dp:C9:5C:FD:6E:28:46","present":false,"connected":false,"adapter":"hci0","adapter_address":"A0:AD:9F:73:6C:24","setup_state":"needs_setup"},{"id":"a2dp:50:D7:1B:74:34:D6","present":false,"connected":false,"adapter":"hci0","adapter_address":"A0:AD:9F:73:6C:24","setup_state":"needs_setup"},{"id":"a2dp:98:47:44:CD:73:DE","present":false,"connected":false,"adapter":"hci0","adapter_address":"A0:AD:9F:73:6C:24","setup_state":"needs_setup"}]}}
/org/bluez/hci0/dev_98_47_44_CD_73_DE b true
/org/bluez/hci1/dev_98_47_44_CD_73_DE absent
2026-08-25T16:10:41,089603820-04:00
{"state":"ACTIVE","call":true,"output":{"desired":"wired:alsa_output.platform-3f00b840.mailbox.stereo-fallback","chosen":"wired:alsa_output.platform-3f00b840.mailbox.stereo-fallback","reason":"desired output is available","candidates":[{"id":"wired:alsa_output.platform-3f00b840.mailbox.stereo-fallback","present":true,"connected":true,"adapter":null,"adapter_address":null,"setup_state":"ready"},{"id":"a2dp:C9:5C:FD:6E:28:46","present":false,"connected":false,"adapter":"hci0","adapter_address":"A0:AD:9F:73:6C:24","setup_state":"needs_setup"},{"id":"a2dp:50:D7:1B:74:34:D6","present":false,"connected":false,"adapter":"hci0","adapter_address":"A0:AD:9F:73:6C:24","setup_state":"needs_setup"},{"id":"a2dp:98:47:44:CD:73:DE","present":false,"connected":false,"adapter":"hci0","adapter_address":"A0:AD:9F:73:6C:24","setup_state":"needs_setup"}]}}
/org/bluez/hci0/dev_98_47_44_CD_73_DE b true
/org/bluez/hci1/dev_98_47_44_CD_73_DE absent
2026-08-25T16:10:42,170138507-04:00
{"state":"ACTIVE","call":true,"output":{"desired":"wired:alsa_output.platform-3f00b840.mailbox.stereo-fallback","chosen":"wired:alsa_output.platform-3f00b840.mailbox.stereo-fallback","reason":"desired output is available","candidates":[{"id":"wired:alsa_output.platform-3f00b840.mailbox.stereo-fallback","present":true,"connected":true,"adapter":null,"adapter_address":null,"setup_state":"ready"},{"id":"a2dp:C9:5C:FD:6E:28:46","present":false,"connected":false,"adapter":"hci0","adapter_address":"A0:AD:9F:73:6C:24","setup_state":"needs_setup"},{"id":"a2dp:50:D7:1B:74:34:D6","present":false,"connected":false,"adapter":"hci0","adapter_address":"A0:AD:9F:73:6C:24","setup_state":"needs_setup"},{"id":"a2dp:98:47:44:CD:73:DE","present":false,"connected":false,"adapter":"hci0","adapter_address":"A0:AD:9F:73:6C:24","setup_state":"needs_setup"}]}}
/org/bluez/hci0/dev_98_47_44_CD_73_DE b true
/org/bluez/hci1/dev_98_47_44_CD_73_DE absent
2026-08-25T16:10:43,250515696-04:00
{"state":"ACTIVE","call":true,"output":{"desired":"wired:alsa_output.platform-3f00b840.mailbox.stereo-fallback","chosen":"wired:alsa_output.platform-3f00b840.mailbox.stereo-fallback","reason":"desired output is available","candidates":[{"id":"wired:alsa_output.platform-3f00b840.mailbox.stereo-fallback","present":true,"connected":true,"adapter":null,"adapter_address":null,"setup_state":"ready"},{"id":"a2dp:C9:5C:FD:6E:28:46","present":false,"connected":false,"adapter":"hci0","adapter_address":"A0:AD:9F:73:6C:24","setup_state":"needs_setup"},{"id":"a2dp:50:D7:1B:74:34:D6","present":false,"connected":false,"adapter":"hci0","adapter_address":"A0:AD:9F:73:6C:24","setup_state":"needs_setup"},{"id":"a2dp:98:47:44:CD:73:DE","present":false,"connected":false,"adapter":"hci0","adapter_address":"A0:AD:9F:73:6C:24","setup_state":"needs_setup"}]}}
/org/bluez/hci0/dev_98_47_44_CD_73_DE b true
/org/bluez/hci1/dev_98_47_44_CD_73_DE absent
2026-08-25T16:10:44,331275121-04:00
{"state":"ACTIVE","call":true,"output":{"desired":"wired:alsa_output.platform-3f00b840.mailbox.stereo-fallback","chosen":"wired:alsa_output.platform-3f00b840.mailbox.stereo-fallback","reason":"desired output is available","candidates":[{"id":"wired:alsa_output.platform-3f00b840.mailbox.stereo-fallback","present":true,"connected":true,"adapter":null,"adapter_address":null,"setup_state":"ready"},{"id":"a2dp:C9:5C:FD:6E:28:46","present":false,"connected":false,"adapter":"hci0","adapter_address":"A0:AD:9F:73:6C:24","setup_state":"needs_setup"},{"id":"a2dp:50:D7:1B:74:34:D6","present":false,"connected":false,"adapter":"hci0","adapter_address":"A0:AD:9F:73:6C:24","setup_state":"needs_setup"},{"id":"a2dp:98:47:44:CD:73:DE","present":false,"connected":false,"adapter":"hci0","adapter_address":"A0:AD:9F:73:6C:24","setup_state":"needs_setup"}]}}
/org/bluez/hci0/dev_98_47_44_CD_73_DE b true
/org/bluez/hci1/dev_98_47_44_CD_73_DE absent
2026-08-25T16:10:45,425515600-04:00
{"state":"ACTIVE","call":true,"output":{"desired":"wired:alsa_output.platform-3f00b840.mailbox.stereo-fallback","chosen":"wired:alsa_output.platform-3f00b840.mailbox.stereo-fallback","reason":"desired output is available","candidates":[{"id":"wired:alsa_output.platform-3f00b840.mailbox.stereo-fallback","present":true,"connected":true,"adapter":null,"adapter_address":null,"setup_state":"ready"},{"id":"a2dp:C9:5C:FD:6E:28:46","present":false,"connected":false,"adapter":"hci0","adapter_address":"A0:AD:9F:73:6C:24","setup_state":"needs_setup"},{"id":"a2dp:50:D7:1B:74:34:D6","present":false,"connected":false,"adapter":"hci0","adapter_address":"A0:AD:9F:73:6C:24","setup_state":"needs_setup"},{"id":"a2dp:98:47:44:CD:73:DE","present":false,"connected":false,"adapter":"hci0","adapter_address":"A0:AD:9F:73:6C:24","setup_state":"needs_setup"}]}}
/org/bluez/hci0/dev_98_47_44_CD_73_DE b true
/org/bluez/hci1/dev_98_47_44_CD_73_DE absent
2026-08-25T16:10:46,506765334-04:00
{"state":"ACTIVE","call":true,"output":{"desired":"wired:alsa_output.platform-3f00b840.mailbox.stereo-fallback","chosen":"wired:alsa_output.platform-3f00b840.mailbox.stereo-fallback","reason":"desired output is available","candidates":[{"id":"wired:alsa_output.platform-3f00b840.mailbox.stereo-fallback","present":true,"connected":true,"adapter":null,"adapter_address":null,"setup_state":"ready"},{"id":"a2dp:C9:5C:FD:6E:28:46","present":false,"connected":false,"adapter":"hci0","adapter_address":"A0:AD:9F:73:6C:24","setup_state":"needs_setup"},{"id":"a2dp:50:D7:1B:74:34:D6","present":false,"connected":false,"adapter":"hci0","adapter_address":"A0:AD:9F:73:6C:24","setup_state":"needs_setup"},{"id":"a2dp:98:47:44:CD:73:DE","present":false,"connected":false,"adapter":"hci0","adapter_address":"A0:AD:9F:73:6C:24","setup_state":"needs_setup"}]}}
/org/bluez/hci0/dev_98_47_44_CD_73_DE b true
/org/bluez/hci1/dev_98_47_44_CD_73_DE absent
2026-08-25T16:10:47,612026674-04:00
{"state":"ACTIVE","call":true,"output":{"desired":"wired:alsa_output.platform-3f00b840.mailbox.stereo-fallback","chosen":"wired:alsa_output.platform-3f00b840.mailbox.stereo-fallback","reason":"desired output is available","candidates":[{"id":"wired:alsa_output.platform-3f00b840.mailbox.stereo-fallback","present":true,"connected":true,"adapter":null,"adapter_address":null,"setup_state":"ready"},{"id":"a2dp:C9:5C:FD:6E:28:46","present":false,"connected":false,"adapter":"hci0","adapter_address":"A0:AD:9F:73:6C:24","setup_state":"needs_setup"},{"id":"a2dp:50:D7:1B:74:34:D6","present":false,"connected":false,"adapter":"hci0","adapter_address":"A0:AD:9F:73:6C:24","setup_state":"needs_setup"},{"id":"a2dp:98:47:44:CD:73:DE","present":false,"connected":false,"adapter":"hci0","adapter_address":"A0:AD:9F:73:6C:24","setup_state":"needs_setup"}]}}
/org/bluez/hci0/dev_98_47_44_CD_73_DE b true
/org/bluez/hci1/dev_98_47_44_CD_73_DE absent
2026-08-25T16:10:48,692612976-04:00
{"state":"ACTIVE","call":true,"output":{"desired":"wired:alsa_output.platform-3f00b840.mailbox.stereo-fallback","chosen":"wired:alsa_output.platform-3f00b840.mailbox.stereo-fallback","reason":"desired output is available","candidates":[{"id":"wired:alsa_output.platform-3f00b840.mailbox.stereo-fallback","present":true,"connected":true,"adapter":null,"adapter_address":null,"setup_state":"ready"},{"id":"a2dp:C9:5C:FD:6E:28:46","present":false,"connected":false,"adapter":"hci0","adapter_address":"A0:AD:9F:73:6C:24","setup_state":"needs_setup"},{"id":"a2dp:50:D7:1B:74:34:D6","present":false,"connected":false,"adapter":"hci0","adapter_address":"A0:AD:9F:73:6C:24","setup_state":"needs_setup"},{"id":"a2dp:98:47:44:CD:73:DE","present":false,"connected":false,"adapter":"hci0","adapter_address":"A0:AD:9F:73:6C:24","setup_state":"needs_setup"}]}}
/org/bluez/hci0/dev_98_47_44_CD_73_DE b true
/org/bluez/hci1/dev_98_47_44_CD_73_DE absent
2026-08-25T16:10:49,773647816-04:00
{"state":"ACTIVE","call":true,"output":{"desired":"wired:alsa_output.platform-3f00b840.mailbox.stereo-fallback","chosen":"wired:alsa_output.platform-3f00b840.mailbox.stereo-fallback","reason":"desired output is available","candidates":[{"id":"wired:alsa_output.platform-3f00b840.mailbox.stereo-fallback","present":true,"connected":true,"adapter":null,"adapter_address":null,"setup_state":"ready"},{"id":"a2dp:C9:5C:FD:6E:28:46","present":false,"connected":false,"adapter":"hci0","adapter_address":"A0:AD:9F:73:6C:24","setup_state":"needs_setup"},{"id":"a2dp:50:D7:1B:74:34:D6","present":false,"connected":false,"adapter":"hci0","adapter_address":"A0:AD:9F:73:6C:24","setup_state":"needs_setup"},{"id":"a2dp:98:47:44:CD:73:DE","present":false,"connected":false,"adapter":"hci0","adapter_address":"A0:AD:9F:73:6C:24","setup_state":"needs_setup"}]}}
/org/bluez/hci0/dev_98_47_44_CD_73_DE b true
/org/bluez/hci1/dev_98_47_44_CD_73_DE absent
2026-08-25T16:10:50,854581355-04:00
{"state":"ACTIVE","call":true,"output":{"desired":"wired:alsa_output.platform-3f00b840.mailbox.stereo-fallback","chosen":"wired:alsa_output.platform-3f00b840.mailbox.stereo-fallback","reason":"desired output is available","candidates":[{"id":"wired:alsa_output.platform-3f00b840.mailbox.stereo-fallback","present":true,"connected":true,"adapter":null,"adapter_address":null,"setup_state":"ready"},{"id":"a2dp:C9:5C:FD:6E:28:46","present":false,"connected":false,"adapter":"hci0","adapter_address":"A0:AD:9F:73:6C:24","setup_state":"needs_setup"},{"id":"a2dp:50:D7:1B:74:34:D6","present":false,"connected":false,"adapter":"hci0","adapter_address":"A0:AD:9F:73:6C:24","setup_state":"needs_setup"},{"id":"a2dp:98:47:44:CD:73:DE","present":false,"connected":false,"adapter":"hci0","adapter_address":"A0:AD:9F:73:6C:24","setup_state":"needs_setup"}]}}
/org/bluez/hci0/dev_98_47_44_CD_73_DE b true
/org/bluez/hci1/dev_98_47_44_CD_73_DE absent
2026-08-25T16:10:51,934673442-04:00
{"state":"ACTIVE","call":true,"output":{"desired":"wired:alsa_output.platform-3f00b840.mailbox.stereo-fallback","chosen":"wired:alsa_output.platform-3f00b840.mailbox.stereo-fallback","reason":"desired output is available","candidates":[{"id":"wired:alsa_output.platform-3f00b840.mailbox.stereo-fallback","present":true,"connected":true,"adapter":null,"adapter_address":null,"setup_state":"ready"},{"id":"a2dp:C9:5C:FD:6E:28:46","present":false,"connected":false,"adapter":"hci0","adapter_address":"A0:AD:9F:73:6C:24","setup_state":"needs_setup"},{"id":"a2dp:50:D7:1B:74:34:D6","present":false,"connected":false,"adapter":"hci0","adapter_address":"A0:AD:9F:73:6C:24","setup_state":"needs_setup"},{"id":"a2dp:98:47:44:CD:73:DE","present":false,"connected":false,"adapter":"hci0","adapter_address":"A0:AD:9F:73:6C:24","setup_state":"needs_setup"}]}}
/org/bluez/hci0/dev_98_47_44_CD_73_DE b true
/org/bluez/hci1/dev_98_47_44_CD_73_DE absent
2026-08-25T16:10:53,015484794-04:00
{"state":"ACTIVE","call":true,"output":{"desired":"wired:alsa_output.platform-3f00b840.mailbox.stereo-fallback","chosen":"wired:alsa_output.platform-3f00b840.mailbox.stereo-fallback","reason":"desired output is available","candidates":[{"id":"wired:alsa_output.platform-3f00b840.mailbox.stereo-fallback","present":true,"connected":true,"adapter":null,"adapter_address":null,"setup_state":"ready"},{"id":"a2dp:C9:5C:FD:6E:28:46","present":false,"connected":false,"adapter":"hci0","adapter_address":"A0:AD:9F:73:6C:24","setup_state":"needs_setup"},{"id":"a2dp:50:D7:1B:74:34:D6","present":false,"connected":false,"adapter":"hci0","adapter_address":"A0:AD:9F:73:6C:24","setup_state":"needs_setup"},{"id":"a2dp:98:47:44:CD:73:DE","present":false,"connected":false,"adapter":"hci0","adapter_address":"A0:AD:9F:73:6C:24","setup_state":"needs_setup"}]}}
/org/bluez/hci0/dev_98_47_44_CD_73_DE b true
/org/bluez/hci1/dev_98_47_44_CD_73_DE absent
2026-08-25T16:10:54,096617915-04:00
{"state":"ACTIVE","call":true,"output":{"desired":"wired:alsa_output.platform-3f00b840.mailbox.stereo-fallback","chosen":"wired:alsa_output.platform-3f00b840.mailbox.stereo-fallback","reason":"desired output is available","candidates":[{"id":"wired:alsa_output.platform-3f00b840.mailbox.stereo-fallback","present":true,"connected":true,"adapter":null,"adapter_address":null,"setup_state":"ready"},{"id":"a2dp:C9:5C:FD:6E:28:46","present":false,"connected":false,"adapter":"hci0","adapter_address":"A0:AD:9F:73:6C:24","setup_state":"needs_setup"},{"id":"a2dp:50:D7:1B:74:34:D6","present":false,"connected":false,"adapter":"hci0","adapter_address":"A0:AD:9F:73:6C:24","setup_state":"needs_setup"},{"id":"a2dp:98:47:44:CD:73:DE","present":false,"connected":false,"adapter":"hci0","adapter_address":"A0:AD:9F:73:6C:24","setup_state":"needs_setup"}]}}
/org/bluez/hci0/dev_98_47_44_CD_73_DE b true
/org/bluez/hci1/dev_98_47_44_CD_73_DE absent
2026-08-25T16:10:55,177851243-04:00
{"state":"ACTIVE","call":true,"output":{"desired":"wired:alsa_output.platform-3f00b840.mailbox.stereo-fallback","chosen":"wired:alsa_output.platform-3f00b840.mailbox.stereo-fallback","reason":"desired output is available","candidates":[{"id":"wired:alsa_output.platform-3f00b840.mailbox.stereo-fallback","present":true,"connected":true,"adapter":null,"adapter_address":null,"setup_state":"ready"},{"id":"a2dp:C9:5C:FD:6E:28:46","present":false,"connected":false,"adapter":"hci0","adapter_address":"A0:AD:9F:73:6C:24","setup_state":"needs_setup"},{"id":"a2dp:50:D7:1B:74:34:D6","present":false,"connected":false,"adapter":"hci0","adapter_address":"A0:AD:9F:73:6C:24","setup_state":"needs_setup"},{"id":"a2dp:98:47:44:CD:73:DE","present":false,"connected":false,"adapter":"hci0","adapter_address":"A0:AD:9F:73:6C:24","setup_state":"needs_setup"}]}}
/org/bluez/hci0/dev_98_47_44_CD_73_DE b true
/org/bluez/hci1/dev_98_47_44_CD_73_DE absent
2026-08-25T16:10:56,257954163-04:00
{"state":"ACTIVE","call":true,"output":{"desired":"wired:alsa_output.platform-3f00b840.mailbox.stereo-fallback","chosen":"wired:alsa_output.platform-3f00b840.mailbox.stereo-fallback","reason":"desired output is available","candidates":[{"id":"wired:alsa_output.platform-3f00b840.mailbox.stereo-fallback","present":true,"connected":true,"adapter":null,"adapter_address":null,"setup_state":"ready"},{"id":"a2dp:C9:5C:FD:6E:28:46","present":false,"connected":false,"adapter":"hci0","adapter_address":"A0:AD:9F:73:6C:24","setup_state":"needs_setup"},{"id":"a2dp:50:D7:1B:74:34:D6","present":false,"connected":false,"adapter":"hci0","adapter_address":"A0:AD:9F:73:6C:24","setup_state":"needs_setup"},{"id":"a2dp:98:47:44:CD:73:DE","present":false,"connected":false,"adapter":"hci0","adapter_address":"A0:AD:9F:73:6C:24","setup_state":"needs_setup"}]}}
/org/bluez/hci0/dev_98_47_44_CD_73_DE b true
/org/bluez/hci1/dev_98_47_44_CD_73_DE absent
2026-08-25T16:10:57,338998430-04:00
{"state":"ACTIVE","call":true,"output":{"desired":"wired:alsa_output.platform-3f00b840.mailbox.stereo-fallback","chosen":"wired:alsa_output.platform-3f00b840.mailbox.stereo-fallback","reason":"desired output is available","candidates":[{"id":"wired:alsa_output.platform-3f00b840.mailbox.stereo-fallback","present":true,"connected":true,"adapter":null,"adapter_address":null,"setup_state":"ready"},{"id":"a2dp:C9:5C:FD:6E:28:46","present":false,"connected":false,"adapter":"hci0","adapter_address":"A0:AD:9F:73:6C:24","setup_state":"needs_setup"},{"id":"a2dp:50:D7:1B:74:34:D6","present":false,"connected":false,"adapter":"hci0","adapter_address":"A0:AD:9F:73:6C:24","setup_state":"needs_setup"},{"id":"a2dp:98:47:44:CD:73:DE","present":false,"connected":false,"adapter":"hci0","adapter_address":"A0:AD:9F:73:6C:24","setup_state":"needs_setup"}]}}
/org/bluez/hci0/dev_98_47_44_CD_73_DE b true
/org/bluez/hci1/dev_98_47_44_CD_73_DE absent
2026-08-25T16:10:58,419207547-04:00
{"state":"ACTIVE","call":true,"output":{"desired":"wired:alsa_output.platform-3f00b840.mailbox.stereo-fallback","chosen":"wired:alsa_output.platform-3f00b840.mailbox.stereo-fallback","reason":"desired output is available","candidates":[{"id":"wired:alsa_output.platform-3f00b840.mailbox.stereo-fallback","present":true,"connected":true,"adapter":null,"adapter_address":null,"setup_state":"ready"},{"id":"a2dp:C9:5C:FD:6E:28:46","present":false,"connected":false,"adapter":"hci0","adapter_address":"A0:AD:9F:73:6C:24","setup_state":"needs_setup"},{"id":"a2dp:50:D7:1B:74:34:D6","present":false,"connected":false,"adapter":"hci0","adapter_address":"A0:AD:9F:73:6C:24","setup_state":"needs_setup"},{"id":"a2dp:98:47:44:CD:73:DE","present":false,"connected":false,"adapter":"hci0","adapter_address":"A0:AD:9F:73:6C:24","setup_state":"needs_setup"}]}}
/org/bluez/hci0/dev_98_47_44_CD_73_DE b true
/org/bluez/hci1/dev_98_47_44_CD_73_DE absent
2026-08-25T16:10:59,500057545-04:00
{"state":"ACTIVE","call":true,"output":{"desired":"wired:alsa_output.platform-3f00b840.mailbox.stereo-fallback","chosen":"wired:alsa_output.platform-3f00b840.mailbox.stereo-fallback","reason":"desired output is available","candidates":[{"id":"wired:alsa_output.platform-3f00b840.mailbox.stereo-fallback","present":true,"connected":true,"adapter":null,"adapter_address":null,"setup_state":"ready"},{"id":"a2dp:C9:5C:FD:6E:28:46","present":false,"connected":false,"adapter":"hci0","adapter_address":"A0:AD:9F:73:6C:24","setup_state":"needs_setup"},{"id":"a2dp:50:D7:1B:74:34:D6","present":false,"connected":false,"adapter":"hci0","adapter_address":"A0:AD:9F:73:6C:24","setup_state":"needs_setup"},{"id":"a2dp:98:47:44:CD:73:DE","present":false,"connected":false,"adapter":"hci0","adapter_address":"A0:AD:9F:73:6C:24","setup_state":"needs_setup"}]}}
/org/bluez/hci0/dev_98_47_44_CD_73_DE b true
/org/bluez/hci1/dev_98_47_44_CD_73_DE absent
2026-08-25T16:11:00,580663743-04:00
{"state":"ACTIVE","call":true,"output":{"desired":"wired:alsa_output.platform-3f00b840.mailbox.stereo-fallback","chosen":"wired:alsa_output.platform-3f00b840.mailbox.stereo-fallback","reason":"desired output is available","candidates":[{"id":"wired:alsa_output.platform-3f00b840.mailbox.stereo-fallback","present":true,"connected":true,"adapter":null,"adapter_address":null,"setup_state":"ready"},{"id":"a2dp:C9:5C:FD:6E:28:46","present":false,"connected":false,"adapter":"hci0","adapter_address":"A0:AD:9F:73:6C:24","setup_state":"needs_setup"},{"id":"a2dp:50:D7:1B:74:34:D6","present":false,"connected":false,"adapter":"hci0","adapter_address":"A0:AD:9F:73:6C:24","setup_state":"needs_setup"},{"id":"a2dp:98:47:44:CD:73:DE","present":false,"connected":false,"adapter":"hci0","adapter_address":"A0:AD:9F:73:6C:24","setup_state":"needs_setup"}]}}
/org/bluez/hci0/dev_98_47_44_CD_73_DE b true
/org/bluez/hci1/dev_98_47_44_CD_73_DE absent
2026-08-25T16:11:01,660739111-04:00
{"state":"ACTIVE","call":true,"output":{"desired":"wired:alsa_output.platform-3f00b840.mailbox.stereo-fallback","chosen":"wired:alsa_output.platform-3f00b840.mailbox.stereo-fallback","reason":"desired output is available","candidates":[{"id":"wired:alsa_output.platform-3f00b840.mailbox.stereo-fallback","present":true,"connected":true,"adapter":null,"adapter_address":null,"setup_state":"ready"},{"id":"a2dp:C9:5C:FD:6E:28:46","present":false,"connected":false,"adapter":"hci0","adapter_address":"A0:AD:9F:73:6C:24","setup_state":"needs_setup"},{"id":"a2dp:50:D7:1B:74:34:D6","present":false,"connected":false,"adapter":"hci0","adapter_address":"A0:AD:9F:73:6C:24","setup_state":"needs_setup"},{"id":"a2dp:98:47:44:CD:73:DE","present":false,"connected":false,"adapter":"hci0","adapter_address":"A0:AD:9F:73:6C:24","setup_state":"needs_setup"}]}}
/org/bluez/hci0/dev_98_47_44_CD_73_DE b true
/org/bluez/hci1/dev_98_47_44_CD_73_DE absent
2026-08-25T16:11:02,741735410-04:00
{"state":"ACTIVE","call":true,"output":{"desired":"wired:alsa_output.platform-3f00b840.mailbox.stereo-fallback","chosen":"wired:alsa_output.platform-3f00b840.mailbox.stereo-fallback","reason":"desired output is available","candidates":[{"id":"wired:alsa_output.platform-3f00b840.mailbox.stereo-fallback","present":true,"connected":true,"adapter":null,"adapter_address":null,"setup_state":"ready"},{"id":"a2dp:C9:5C:FD:6E:28:46","present":false,"connected":false,"adapter":"hci0","adapter_address":"A0:AD:9F:73:6C:24","setup_state":"needs_setup"},{"id":"a2dp:50:D7:1B:74:34:D6","present":false,"connected":false,"adapter":"hci0","adapter_address":"A0:AD:9F:73:6C:24","setup_state":"needs_setup"},{"id":"a2dp:98:47:44:CD:73:DE","present":false,"connected":false,"adapter":"hci0","adapter_address":"A0:AD:9F:73:6C:24","setup_state":"needs_setup"}]}}
/org/bluez/hci0/dev_98_47_44_CD_73_DE b true
/org/bluez/hci1/dev_98_47_44_CD_73_DE absent
2026-08-25T16:11:03,843951094-04:00
{"state":"ACTIVE","call":true,"output":{"desired":"wired:alsa_output.platform-3f00b840.mailbox.stereo-fallback","chosen":"wired:alsa_output.platform-3f00b840.mailbox.stereo-fallback","reason":"desired output is available","candidates":[{"id":"wired:alsa_output.platform-3f00b840.mailbox.stereo-fallback","present":true,"connected":true,"adapter":null,"adapter_address":null,"setup_state":"ready"},{"id":"a2dp:C9:5C:FD:6E:28:46","present":false,"connected":false,"adapter":"hci0","adapter_address":"A0:AD:9F:73:6C:24","setup_state":"needs_setup"},{"id":"a2dp:50:D7:1B:74:34:D6","present":false,"connected":false,"adapter":"hci0","adapter_address":"A0:AD:9F:73:6C:24","setup_state":"needs_setup"},{"id":"a2dp:98:47:44:CD:73:DE","present":false,"connected":false,"adapter":"hci0","adapter_address":"A0:AD:9F:73:6C:24","setup_state":"needs_setup"}]}}
/org/bluez/hci0/dev_98_47_44_CD_73_DE b true
/org/bluez/hci1/dev_98_47_44_CD_73_DE absent
2026-08-25T16:11:04,926593423-04:00
{"state":"ACTIVE","call":true,"output":{"desired":"wired:alsa_output.platform-3f00b840.mailbox.stereo-fallback","chosen":"wired:alsa_output.platform-3f00b840.mailbox.stereo-fallback","reason":"desired output is available","candidates":[{"id":"wired:alsa_output.platform-3f00b840.mailbox.stereo-fallback","present":true,"connected":true,"adapter":null,"adapter_address":null,"setup_state":"ready"},{"id":"a2dp:C9:5C:FD:6E:28:46","present":false,"connected":false,"adapter":"hci0","adapter_address":"A0:AD:9F:73:6C:24","setup_state":"needs_setup"},{"id":"a2dp:50:D7:1B:74:34:D6","present":false,"connected":false,"adapter":"hci0","adapter_address":"A0:AD:9F:73:6C:24","setup_state":"needs_setup"},{"id":"a2dp:98:47:44:CD:73:DE","present":false,"connected":false,"adapter":"hci0","adapter_address":"A0:AD:9F:73:6C:24","setup_state":"needs_setup"}]}}
/org/bluez/hci0/dev_98_47_44_CD_73_DE b true
/org/bluez/hci1/dev_98_47_44_CD_73_DE absent
2026-08-25T16:11:06,025953085-04:00
{"state":"ACTIVE","call":true,"output":{"desired":"wired:alsa_output.platform-3f00b840.mailbox.stereo-fallback","chosen":"wired:alsa_output.platform-3f00b840.mailbox.stereo-fallback","reason":"desired output is available","candidates":[{"id":"wired:alsa_output.platform-3f00b840.mailbox.stereo-fallback","present":true,"connected":true,"adapter":null,"adapter_address":null,"setup_state":"ready"},{"id":"a2dp:C9:5C:FD:6E:28:46","present":false,"connected":false,"adapter":"hci0","adapter_address":"A0:AD:9F:73:6C:24","setup_state":"needs_setup"},{"id":"a2dp:50:D7:1B:74:34:D6","present":false,"connected":false,"adapter":"hci0","adapter_address":"A0:AD:9F:73:6C:24","setup_state":"needs_setup"},{"id":"a2dp:98:47:44:CD:73:DE","present":false,"connected":false,"adapter":"hci0","adapter_address":"A0:AD:9F:73:6C:24","setup_state":"needs_setup"}]}}
/org/bluez/hci0/dev_98_47_44_CD_73_DE b true
/org/bluez/hci1/dev_98_47_44_CD_73_DE absent
2026-08-25T16:11:07,106473919-04:00
{"state":"ACTIVE","call":true,"output":{"desired":"wired:alsa_output.platform-3f00b840.mailbox.stereo-fallback","chosen":"wired:alsa_output.platform-3f00b840.mailbox.stereo-fallback","reason":"desired output is available","candidates":[{"id":"wired:alsa_output.platform-3f00b840.mailbox.stereo-fallback","present":true,"connected":true,"adapter":null,"adapter_address":null,"setup_state":"ready"},{"id":"a2dp:C9:5C:FD:6E:28:46","present":false,"connected":false,"adapter":"hci0","adapter_address":"A0:AD:9F:73:6C:24","setup_state":"needs_setup"},{"id":"a2dp:50:D7:1B:74:34:D6","present":false,"connected":false,"adapter":"hci0","adapter_address":"A0:AD:9F:73:6C:24","setup_state":"needs_setup"},{"id":"a2dp:98:47:44:CD:73:DE","present":false,"connected":false,"adapter":"hci0","adapter_address":"A0:AD:9F:73:6C:24","setup_state":"needs_setup"}]}}
/org/bluez/hci0/dev_98_47_44_CD_73_DE b true
/org/bluez/hci1/dev_98_47_44_CD_73_DE absent
2026-08-25T16:11:08,187192199-04:00
{"state":"ACTIVE","call":true,"output":{"desired":"wired:alsa_output.platform-3f00b840.mailbox.stereo-fallback","chosen":"wired:alsa_output.platform-3f00b840.mailbox.stereo-fallback","reason":"desired output is available","candidates":[{"id":"wired:alsa_output.platform-3f00b840.mailbox.stereo-fallback","present":true,"connected":true,"adapter":null,"adapter_address":null,"setup_state":"ready"},{"id":"a2dp:C9:5C:FD:6E:28:46","present":false,"connected":false,"adapter":"hci0","adapter_address":"A0:AD:9F:73:6C:24","setup_state":"needs_setup"},{"id":"a2dp:50:D7:1B:74:34:D6","present":false,"connected":false,"adapter":"hci0","adapter_address":"A0:AD:9F:73:6C:24","setup_state":"needs_setup"},{"id":"a2dp:98:47:44:CD:73:DE","present":false,"connected":false,"adapter":"hci0","adapter_address":"A0:AD:9F:73:6C:24","setup_state":"needs_setup"}]}}
/org/bluez/hci0/dev_98_47_44_CD_73_DE b true
/org/bluez/hci1/dev_98_47_44_CD_73_DE absent
2026-08-25T16:11:09,267920635-04:00
{"state":"ACTIVE","call":true,"output":{"desired":"wired:alsa_output.platform-3f00b840.mailbox.stereo-fallback","chosen":"wired:alsa_output.platform-3f00b840.mailbox.stereo-fallback","reason":"desired output is available","candidates":[{"id":"wired:alsa_output.platform-3f00b840.mailbox.stereo-fallback","present":true,"connected":true,"adapter":null,"adapter_address":null,"setup_state":"ready"},{"id":"a2dp:C9:5C:FD:6E:28:46","present":false,"connected":false,"adapter":"hci0","adapter_address":"A0:AD:9F:73:6C:24","setup_state":"needs_setup"},{"id":"a2dp:50:D7:1B:74:34:D6","present":false,"connected":false,"adapter":"hci0","adapter_address":"A0:AD:9F:73:6C:24","setup_state":"needs_setup"},{"id":"a2dp:98:47:44:CD:73:DE","present":false,"connected":false,"adapter":"hci0","adapter_address":"A0:AD:9F:73:6C:24","setup_state":"needs_setup"}]}}
/org/bluez/hci0/dev_98_47_44_CD_73_DE b true
/org/bluez/hci1/dev_98_47_44_CD_73_DE absent
2026-08-25T16:11:10,348055742-04:00
{"state":"ACTIVE","call":true,"output":{"desired":"wired:alsa_output.platform-3f00b840.mailbox.stereo-fallback","chosen":"wired:alsa_output.platform-3f00b840.mailbox.stereo-fallback","reason":"desired output is available","candidates":[{"id":"wired:alsa_output.platform-3f00b840.mailbox.stereo-fallback","present":true,"connected":true,"adapter":null,"adapter_address":null,"setup_state":"ready"},{"id":"a2dp:C9:5C:FD:6E:28:46","present":false,"connected":false,"adapter":"hci0","adapter_address":"A0:AD:9F:73:6C:24","setup_state":"needs_setup"},{"id":"a2dp:50:D7:1B:74:34:D6","present":false,"connected":false,"adapter":"hci0","adapter_address":"A0:AD:9F:73:6C:24","setup_state":"needs_setup"},{"id":"a2dp:98:47:44:CD:73:DE","present":false,"connected":false,"adapter":"hci0","adapter_address":"A0:AD:9F:73:6C:24","setup_state":"needs_setup"}]}}
/org/bluez/hci0/dev_98_47_44_CD_73_DE b true
/org/bluez/hci1/dev_98_47_44_CD_73_DE absent
2026-08-25T16:11:11,428870063-04:00
{"state":"ACTIVE","call":true,"output":{"desired":"wired:alsa_output.platform-3f00b840.mailbox.stereo-fallback","chosen":"wired:alsa_output.platform-3f00b840.mailbox.stereo-fallback","reason":"desired output is available","candidates":[{"id":"wired:alsa_output.platform-3f00b840.mailbox.stereo-fallback","present":true,"connected":true,"adapter":null,"adapter_address":null,"setup_state":"ready"},{"id":"a2dp:C9:5C:FD:6E:28:46","present":false,"connected":false,"adapter":"hci0","adapter_address":"A0:AD:9F:73:6C:24","setup_state":"needs_setup"},{"id":"a2dp:50:D7:1B:74:34:D6","present":false,"connected":false,"adapter":"hci0","adapter_address":"A0:AD:9F:73:6C:24","setup_state":"needs_setup"},{"id":"a2dp:98:47:44:CD:73:DE","present":false,"connected":false,"adapter":"hci0","adapter_address":"A0:AD:9F:73:6C:24","setup_state":"needs_setup"}]}}
/org/bluez/hci0/dev_98_47_44_CD_73_DE b true
/org/bluez/hci1/dev_98_47_44_CD_73_DE absent
2026-08-25T16:11:12,508905484-04:00
{"state":"ACTIVE","call":true,"output":{"desired":"wired:alsa_output.platform-3f00b840.mailbox.stereo-fallback","chosen":"wired:alsa_output.platform-3f00b840.mailbox.stereo-fallback","reason":"desired output is available","candidates":[{"id":"wired:alsa_output.platform-3f00b840.mailbox.stereo-fallback","present":true,"connected":true,"adapter":null,"adapter_address":null,"setup_state":"ready"},{"id":"a2dp:C9:5C:FD:6E:28:46","present":false,"connected":false,"adapter":"hci0","adapter_address":"A0:AD:9F:73:6C:24","setup_state":"needs_setup"},{"id":"a2dp:50:D7:1B:74:34:D6","present":false,"connected":false,"adapter":"hci0","adapter_address":"A0:AD:9F:73:6C:24","setup_state":"needs_setup"},{"id":"a2dp:98:47:44:CD:73:DE","present":false,"connected":false,"adapter":"hci0","adapter_address":"A0:AD:9F:73:6C:24","setup_state":"needs_setup"}]}}
/org/bluez/hci0/dev_98_47_44_CD_73_DE b true
/org/bluez/hci1/dev_98_47_44_CD_73_DE absent
2026-08-25T16:11:13,589258870-04:00
{"state":"ACTIVE","call":true,"output":{"desired":"wired:alsa_output.platform-3f00b840.mailbox.stereo-fallback","chosen":"wired:alsa_output.platform-3f00b840.mailbox.stereo-fallback","reason":"desired output is available","candidates":[{"id":"wired:alsa_output.platform-3f00b840.mailbox.stereo-fallback","present":true,"connected":true,"adapter":null,"adapter_address":null,"setup_state":"ready"},{"id":"a2dp:C9:5C:FD:6E:28:46","present":false,"connected":false,"adapter":"hci0","adapter_address":"A0:AD:9F:73:6C:24","setup_state":"needs_setup"},{"id":"a2dp:50:D7:1B:74:34:D6","present":false,"connected":false,"adapter":"hci0","adapter_address":"A0:AD:9F:73:6C:24","setup_state":"needs_setup"},{"id":"a2dp:98:47:44:CD:73:DE","present":false,"connected":false,"adapter":"hci0","adapter_address":"A0:AD:9F:73:6C:24","setup_state":"needs_setup"}]}}
/org/bluez/hci0/dev_98_47_44_CD_73_DE b true
/org/bluez/hci1/dev_98_47_44_CD_73_DE absent
2026-08-25T16:11:14,669142104-04:00
{"state":"ACTIVE","call":true,"output":{"desired":"wired:alsa_output.platform-3f00b840.mailbox.stereo-fallback","chosen":"wired:alsa_output.platform-3f00b840.mailbox.stereo-fallback","reason":"desired output is available","candidates":[{"id":"wired:alsa_output.platform-3f00b840.mailbox.stereo-fallback","present":true,"connected":true,"adapter":null,"adapter_address":null,"setup_state":"ready"},{"id":"a2dp:C9:5C:FD:6E:28:46","present":false,"connected":false,"adapter":"hci0","adapter_address":"A0:AD:9F:73:6C:24","setup_state":"needs_setup"},{"id":"a2dp:50:D7:1B:74:34:D6","present":false,"connected":false,"adapter":"hci0","adapter_address":"A0:AD:9F:73:6C:24","setup_state":"needs_setup"},{"id":"a2dp:98:47:44:CD:73:DE","present":false,"connected":false,"adapter":"hci0","adapter_address":"A0:AD:9F:73:6C:24","setup_state":"needs_setup"}]}}
/org/bluez/hci0/dev_98_47_44_CD_73_DE b true
/org/bluez/hci1/dev_98_47_44_CD_73_DE absent
2026-08-25T16:11:15,749152316-04:00
{"state":"ACTIVE","call":true,"output":{"desired":"wired:alsa_output.platform-3f00b840.mailbox.stereo-fallback","chosen":"wired:alsa_output.platform-3f00b840.mailbox.stereo-fallback","reason":"desired output is available","candidates":[{"id":"wired:alsa_output.platform-3f00b840.mailbox.stereo-fallback","present":true,"connected":true,"adapter":null,"adapter_address":null,"setup_state":"ready"},{"id":"a2dp:C9:5C:FD:6E:28:46","present":false,"connected":false,"adapter":"hci0","adapter_address":"A0:AD:9F:73:6C:24","setup_state":"needs_setup"},{"id":"a2dp:50:D7:1B:74:34:D6","present":false,"connected":false,"adapter":"hci0","adapter_address":"A0:AD:9F:73:6C:24","setup_state":"needs_setup"},{"id":"a2dp:98:47:44:CD:73:DE","present":false,"connected":false,"adapter":"hci0","adapter_address":"A0:AD:9F:73:6C:24","setup_state":"needs_setup"}]}}
/org/bluez/hci0/dev_98_47_44_CD_73_DE b true
/org/bluez/hci1/dev_98_47_44_CD_73_DE absent
2026-08-25T16:11:16,829207476-04:00
{"state":"ACTIVE","call":true,"output":{"desired":"wired:alsa_output.platform-3f00b840.mailbox.stereo-fallback","chosen":"wired:alsa_output.platform-3f00b840.mailbox.stereo-fallback","reason":"desired output is available","candidates":[{"id":"wired:alsa_output.platform-3f00b840.mailbox.stereo-fallback","present":true,"connected":true,"adapter":null,"adapter_address":null,"setup_state":"ready"},{"id":"a2dp:C9:5C:FD:6E:28:46","present":false,"connected":false,"adapter":"hci0","adapter_address":"A0:AD:9F:73:6C:24","setup_state":"needs_setup"},{"id":"a2dp:50:D7:1B:74:34:D6","present":false,"connected":false,"adapter":"hci0","adapter_address":"A0:AD:9F:73:6C:24","setup_state":"needs_setup"},{"id":"a2dp:98:47:44:CD:73:DE","present":false,"connected":false,"adapter":"hci0","adapter_address":"A0:AD:9F:73:6C:24","setup_state":"needs_setup"}]}}
/org/bluez/hci0/dev_98_47_44_CD_73_DE b true
/org/bluez/hci1/dev_98_47_44_CD_73_DE absent
2026-08-25T16:11:17,909409666-04:00
{"state":"ACTIVE","call":true,"output":{"desired":"wired:alsa_output.platform-3f00b840.mailbox.stereo-fallback","chosen":"wired:alsa_output.platform-3f00b840.mailbox.stereo-fallback","reason":"desired output is available","candidates":[{"id":"wired:alsa_output.platform-3f00b840.mailbox.stereo-fallback","present":true,"connected":true,"adapter":null,"adapter_address":null,"setup_state":"ready"},{"id":"a2dp:C9:5C:FD:6E:28:46","present":false,"connected":false,"adapter":"hci0","adapter_address":"A0:AD:9F:73:6C:24","setup_state":"needs_setup"},{"id":"a2dp:50:D7:1B:74:34:D6","present":false,"connected":false,"adapter":"hci0","adapter_address":"A0:AD:9F:73:6C:24","setup_state":"needs_setup"},{"id":"a2dp:98:47:44:CD:73:DE","present":false,"connected":false,"adapter":"hci0","adapter_address":"A0:AD:9F:73:6C:24","setup_state":"needs_setup"}]}}
/org/bluez/hci0/dev_98_47_44_CD_73_DE b true
/org/bluez/hci1/dev_98_47_44_CD_73_DE absent
2026-08-25T16:11:18,989869927-04:00
{"state":"ACTIVE","call":true,"output":{"desired":"wired:alsa_output.platform-3f00b840.mailbox.stereo-fallback","chosen":"wired:alsa_output.platform-3f00b840.mailbox.stereo-fallback","reason":"desired output is available","candidates":[{"id":"wired:alsa_output.platform-3f00b840.mailbox.stereo-fallback","present":true,"connected":true,"adapter":null,"adapter_address":null,"setup_state":"ready"},{"id":"a2dp:C9:5C:FD:6E:28:46","present":false,"connected":false,"adapter":"hci0","adapter_address":"A0:AD:9F:73:6C:24","setup_state":"needs_setup"},{"id":"a2dp:50:D7:1B:74:34:D6","present":false,"connected":false,"adapter":"hci0","adapter_address":"A0:AD:9F:73:6C:24","setup_state":"needs_setup"},{"id":"a2dp:98:47:44:CD:73:DE","present":false,"connected":false,"adapter":"hci0","adapter_address":"A0:AD:9F:73:6C:24","setup_state":"needs_setup"}]}}
/org/bluez/hci0/dev_98_47_44_CD_73_DE b true
/org/bluez/hci1/dev_98_47_44_CD_73_DE absent
2026-08-25T16:11:20,070165294-04:00
{"state":"ACTIVE","call":true,"output":{"desired":"wired:alsa_output.platform-3f00b840.mailbox.stereo-fallback","chosen":"wired:alsa_output.platform-3f00b840.mailbox.stereo-fallback","reason":"desired output is available","candidates":[{"id":"wired:alsa_output.platform-3f00b840.mailbox.stereo-fallback","present":true,"connected":true,"adapter":null,"adapter_address":null,"setup_state":"ready"},{"id":"a2dp:C9:5C:FD:6E:28:46","present":false,"connected":false,"adapter":"hci0","adapter_address":"A0:AD:9F:73:6C:24","setup_state":"needs_setup"},{"id":"a2dp:50:D7:1B:74:34:D6","present":false,"connected":false,"adapter":"hci0","adapter_address":"A0:AD:9F:73:6C:24","setup_state":"needs_setup"},{"id":"a2dp:98:47:44:CD:73:DE","present":false,"connected":false,"adapter":"hci0","adapter_address":"A0:AD:9F:73:6C:24","setup_state":"needs_setup"}]}}
/org/bluez/hci0/dev_98_47_44_CD_73_DE b true
/org/bluez/hci1/dev_98_47_44_CD_73_DE absent
2026-08-25T16:11:21,150727742-04:00
{"state":"ACTIVE","call":true,"output":{"desired":"wired:alsa_output.platform-3f00b840.mailbox.stereo-fallback","chosen":"wired:alsa_output.platform-3f00b840.mailbox.stereo-fallback","reason":"desired output is available","candidates":[{"id":"wired:alsa_output.platform-3f00b840.mailbox.stereo-fallback","present":true,"connected":true,"adapter":null,"adapter_address":null,"setup_state":"ready"},{"id":"a2dp:C9:5C:FD:6E:28:46","present":false,"connected":false,"adapter":"hci0","adapter_address":"A0:AD:9F:73:6C:24","setup_state":"needs_setup"},{"id":"a2dp:50:D7:1B:74:34:D6","present":false,"connected":false,"adapter":"hci0","adapter_address":"A0:AD:9F:73:6C:24","setup_state":"needs_setup"},{"id":"a2dp:98:47:44:CD:73:DE","present":false,"connected":false,"adapter":"hci0","adapter_address":"A0:AD:9F:73:6C:24","setup_state":"needs_setup"}]}}
/org/bluez/hci0/dev_98_47_44_CD_73_DE b true
/org/bluez/hci1/dev_98_47_44_CD_73_DE absent
2026-08-25T16:11:22,252761292-04:00
{"state":"ACTIVE","call":true,"output":{"desired":"wired:alsa_output.platform-3f00b840.mailbox.stereo-fallback","chosen":"wired:alsa_output.platform-3f00b840.mailbox.stereo-fallback","reason":"desired output is available","candidates":[{"id":"wired:alsa_output.platform-3f00b840.mailbox.stereo-fallback","present":true,"connected":true,"adapter":null,"adapter_address":null,"setup_state":"ready"},{"id":"a2dp:C9:5C:FD:6E:28:46","present":false,"connected":false,"adapter":"hci0","adapter_address":"A0:AD:9F:73:6C:24","setup_state":"needs_setup"},{"id":"a2dp:50:D7:1B:74:34:D6","present":false,"connected":false,"adapter":"hci0","adapter_address":"A0:AD:9F:73:6C:24","setup_state":"needs_setup"},{"id":"a2dp:98:47:44:CD:73:DE","present":false,"connected":false,"adapter":"hci0","adapter_address":"A0:AD:9F:73:6C:24","setup_state":"needs_setup"}]}}
/org/bluez/hci0/dev_98_47_44_CD_73_DE b true
/org/bluez/hci1/dev_98_47_44_CD_73_DE absent
2026-08-25T16:11:23,333318584-04:00
{"state":"ACTIVE","call":true,"output":{"desired":"wired:alsa_output.platform-3f00b840.mailbox.stereo-fallback","chosen":"wired:alsa_output.platform-3f00b840.mailbox.stereo-fallback","reason":"desired output is available","candidates":[{"id":"wired:alsa_output.platform-3f00b840.mailbox.stereo-fallback","present":true,"connected":true,"adapter":null,"adapter_address":null,"setup_state":"ready"},{"id":"a2dp:C9:5C:FD:6E:28:46","present":false,"connected":false,"adapter":"hci0","adapter_address":"A0:AD:9F:73:6C:24","setup_state":"needs_setup"},{"id":"a2dp:50:D7:1B:74:34:D6","present":false,"connected":false,"adapter":"hci0","adapter_address":"A0:AD:9F:73:6C:24","setup_state":"needs_setup"},{"id":"a2dp:98:47:44:CD:73:DE","present":false,"connected":false,"adapter":"hci0","adapter_address":"A0:AD:9F:73:6C:24","setup_state":"needs_setup"}]}}
/org/bluez/hci0/dev_98_47_44_CD_73_DE b true
/org/bluez/hci1/dev_98_47_44_CD_73_DE absent
2026-08-25T16:11:24,431529920-04:00
{"state":"ACTIVE","call":true,"output":{"desired":"wired:alsa_output.platform-3f00b840.mailbox.stereo-fallback","chosen":"wired:alsa_output.platform-3f00b840.mailbox.stereo-fallback","reason":"desired output is available","candidates":[{"id":"wired:alsa_output.platform-3f00b840.mailbox.stereo-fallback","present":true,"connected":true,"adapter":null,"adapter_address":null,"setup_state":"ready"},{"id":"a2dp:C9:5C:FD:6E:28:46","present":false,"connected":false,"adapter":"hci0","adapter_address":"A0:AD:9F:73:6C:24","setup_state":"needs_setup"},{"id":"a2dp:50:D7:1B:74:34:D6","present":false,"connected":false,"adapter":"hci0","adapter_address":"A0:AD:9F:73:6C:24","setup_state":"needs_setup"},{"id":"a2dp:98:47:44:CD:73:DE","present":false,"connected":false,"adapter":"hci0","adapter_address":"A0:AD:9F:73:6C:24","setup_state":"needs_setup"}]}}
/org/bluez/hci0/dev_98_47_44_CD_73_DE b true
/org/bluez/hci1/dev_98_47_44_CD_73_DE absent
2026-08-25T16:11:25,512164764-04:00
{"state":"ACTIVE","call":true,"output":{"desired":"wired:alsa_output.platform-3f00b840.mailbox.stereo-fallback","chosen":"wired:alsa_output.platform-3f00b840.mailbox.stereo-fallback","reason":"desired output is available","candidates":[{"id":"wired:alsa_output.platform-3f00b840.mailbox.stereo-fallback","present":true,"connected":true,"adapter":null,"adapter_address":null,"setup_state":"ready"},{"id":"a2dp:C9:5C:FD:6E:28:46","present":false,"connected":false,"adapter":"hci0","adapter_address":"A0:AD:9F:73:6C:24","setup_state":"needs_setup"},{"id":"a2dp:50:D7:1B:74:34:D6","present":false,"connected":false,"adapter":"hci0","adapter_address":"A0:AD:9F:73:6C:24","setup_state":"needs_setup"},{"id":"a2dp:98:47:44:CD:73:DE","present":false,"connected":false,"adapter":"hci0","adapter_address":"A0:AD:9F:73:6C:24","setup_state":"needs_setup"}]}}
/org/bluez/hci0/dev_98_47_44_CD_73_DE b true
/org/bluez/hci1/dev_98_47_44_CD_73_DE absent
2026-08-25T16:11:26,596616872-04:00
{"state":"ACTIVE","call":true,"output":{"desired":"wired:alsa_output.platform-3f00b840.mailbox.stereo-fallback","chosen":"wired:alsa_output.platform-3f00b840.mailbox.stereo-fallback","reason":"desired output is available","candidates":[{"id":"wired:alsa_output.platform-3f00b840.mailbox.stereo-fallback","present":true,"connected":true,"adapter":null,"adapter_address":null,"setup_state":"ready"},{"id":"a2dp:C9:5C:FD:6E:28:46","present":false,"connected":false,"adapter":"hci0","adapter_address":"A0:AD:9F:73:6C:24","setup_state":"needs_setup"},{"id":"a2dp:50:D7:1B:74:34:D6","present":false,"connected":false,"adapter":"hci0","adapter_address":"A0:AD:9F:73:6C:24","setup_state":"needs_setup"},{"id":"a2dp:98:47:44:CD:73:DE","present":false,"connected":false,"adapter":"hci0","adapter_address":"A0:AD:9F:73:6C:24","setup_state":"needs_setup"}]}}
/org/bluez/hci0/dev_98_47_44_CD_73_DE b true
/org/bluez/hci1/dev_98_47_44_CD_73_DE absent
2026-08-25T16:11:27,677913065-04:00
{"state":"ACTIVE","call":true,"output":{"desired":"wired:alsa_output.platform-3f00b840.mailbox.stereo-fallback","chosen":"wired:alsa_output.platform-3f00b840.mailbox.stereo-fallback","reason":"desired output is available","candidates":[{"id":"wired:alsa_output.platform-3f00b840.mailbox.stereo-fallback","present":true,"connected":true,"adapter":null,"adapter_address":null,"setup_state":"ready"},{"id":"a2dp:C9:5C:FD:6E:28:46","present":false,"connected":false,"adapter":"hci0","adapter_address":"A0:AD:9F:73:6C:24","setup_state":"needs_setup"},{"id":"a2dp:50:D7:1B:74:34:D6","present":false,"connected":false,"adapter":"hci0","adapter_address":"A0:AD:9F:73:6C:24","setup_state":"needs_setup"},{"id":"a2dp:98:47:44:CD:73:DE","present":false,"connected":false,"adapter":"hci0","adapter_address":"A0:AD:9F:73:6C:24","setup_state":"needs_setup"}]}}
/org/bluez/hci0/dev_98_47_44_CD_73_DE b true
/org/bluez/hci1/dev_98_47_44_CD_73_DE absent
2026-08-25T16:11:28,758752387-04:00
{"state":"ACTIVE","call":true,"output":{"desired":"wired:alsa_output.platform-3f00b840.mailbox.stereo-fallback","chosen":"wired:alsa_output.platform-3f00b840.mailbox.stereo-fallback","reason":"desired output is available","candidates":[{"id":"wired:alsa_output.platform-3f00b840.mailbox.stereo-fallback","present":true,"connected":true,"adapter":null,"adapter_address":null,"setup_state":"ready"},{"id":"a2dp:C9:5C:FD:6E:28:46","present":false,"connected":false,"adapter":"hci0","adapter_address":"A0:AD:9F:73:6C:24","setup_state":"needs_setup"},{"id":"a2dp:50:D7:1B:74:34:D6","present":false,"connected":false,"adapter":"hci0","adapter_address":"A0:AD:9F:73:6C:24","setup_state":"needs_setup"},{"id":"a2dp:98:47:44:CD:73:DE","present":false,"connected":false,"adapter":"hci0","adapter_address":"A0:AD:9F:73:6C:24","setup_state":"needs_setup"}]}}
/org/bluez/hci0/dev_98_47_44_CD_73_DE b true
/org/bluez/hci1/dev_98_47_44_CD_73_DE absent
2026-08-25T16:11:29,841121124-04:00
{"state":"ACTIVE","call":true,"output":{"desired":"wired:alsa_output.platform-3f00b840.mailbox.stereo-fallback","chosen":"wired:alsa_output.platform-3f00b840.mailbox.stereo-fallback","reason":"desired output is available","candidates":[{"id":"wired:alsa_output.platform-3f00b840.mailbox.stereo-fallback","present":true,"connected":true,"adapter":null,"adapter_address":null,"setup_state":"ready"},{"id":"a2dp:C9:5C:FD:6E:28:46","present":false,"connected":false,"adapter":"hci0","adapter_address":"A0:AD:9F:73:6C:24","setup_state":"needs_setup"},{"id":"a2dp:50:D7:1B:74:34:D6","present":false,"connected":false,"adapter":"hci0","adapter_address":"A0:AD:9F:73:6C:24","setup_state":"needs_setup"},{"id":"a2dp:98:47:44:CD:73:DE","present":false,"connected":false,"adapter":"hci0","adapter_address":"A0:AD:9F:73:6C:24","setup_state":"needs_setup"}]}}
/org/bluez/hci0/dev_98_47_44_CD_73_DE b true
/org/bluez/hci1/dev_98_47_44_CD_73_DE absent
2026-08-25T16:11:30,922202215-04:00
{"state":"ACTIVE","call":true,"output":{"desired":"wired:alsa_output.platform-3f00b840.mailbox.stereo-fallback","chosen":"wired:alsa_output.platform-3f00b840.mailbox.stereo-fallback","reason":"desired output is available","candidates":[{"id":"wired:alsa_output.platform-3f00b840.mailbox.stereo-fallback","present":true,"connected":true,"adapter":null,"adapter_address":null,"setup_state":"ready"},{"id":"a2dp:C9:5C:FD:6E:28:46","present":false,"connected":false,"adapter":"hci0","adapter_address":"A0:AD:9F:73:6C:24","setup_state":"needs_setup"},{"id":"a2dp:50:D7:1B:74:34:D6","present":false,"connected":false,"adapter":"hci0","adapter_address":"A0:AD:9F:73:6C:24","setup_state":"needs_setup"},{"id":"a2dp:98:47:44:CD:73:DE","present":false,"connected":false,"adapter":"hci0","adapter_address":"A0:AD:9F:73:6C:24","setup_state":"needs_setup"}]}}
/org/bluez/hci0/dev_98_47_44_CD_73_DE b true
/org/bluez/hci1/dev_98_47_44_CD_73_DE absent
2026-08-25T16:11:32,002417894-04:00
{"state":"ACTIVE","call":true,"output":{"desired":"wired:alsa_output.platform-3f00b840.mailbox.stereo-fallback","chosen":"wired:alsa_output.platform-3f00b840.mailbox.stereo-fallback","reason":"desired output is available","candidates":[{"id":"wired:alsa_output.platform-3f00b840.mailbox.stereo-fallback","present":true,"connected":true,"adapter":null,"adapter_address":null,"setup_state":"ready"},{"id":"a2dp:C9:5C:FD:6E:28:46","present":false,"connected":false,"adapter":"hci0","adapter_address":"A0:AD:9F:73:6C:24","setup_state":"needs_setup"},{"id":"a2dp:50:D7:1B:74:34:D6","present":false,"connected":false,"adapter":"hci0","adapter_address":"A0:AD:9F:73:6C:24","setup_state":"needs_setup"},{"id":"a2dp:98:47:44:CD:73:DE","present":false,"connected":false,"adapter":"hci0","adapter_address":"A0:AD:9F:73:6C:24","setup_state":"needs_setup"}]}}
/org/bluez/hci0/dev_98_47_44_CD_73_DE b true
/org/bluez/hci1/dev_98_47_44_CD_73_DE absent
2026-08-25T16:11:33,082260347-04:00
{"state":"ACTIVE","call":true,"output":{"desired":"wired:alsa_output.platform-3f00b840.mailbox.stereo-fallback","chosen":"wired:alsa_output.platform-3f00b840.mailbox.stereo-fallback","reason":"desired output is available","candidates":[{"id":"wired:alsa_output.platform-3f00b840.mailbox.stereo-fallback","present":true,"connected":true,"adapter":null,"adapter_address":null,"setup_state":"ready"},{"id":"a2dp:C9:5C:FD:6E:28:46","present":false,"connected":false,"adapter":"hci0","adapter_address":"A0:AD:9F:73:6C:24","setup_state":"needs_setup"},{"id":"a2dp:50:D7:1B:74:34:D6","present":false,"connected":false,"adapter":"hci0","adapter_address":"A0:AD:9F:73:6C:24","setup_state":"needs_setup"},{"id":"a2dp:98:47:44:CD:73:DE","present":false,"connected":false,"adapter":"hci0","adapter_address":"A0:AD:9F:73:6C:24","setup_state":"needs_setup"}]}}
/org/bluez/hci0/dev_98_47_44_CD_73_DE b true
/org/bluez/hci1/dev_98_47_44_CD_73_DE absent
2026-08-25T16:11:34,162684307-04:00
{"state":"ACTIVE","call":true,"output":{"desired":"wired:alsa_output.platform-3f00b840.mailbox.stereo-fallback","chosen":"wired:alsa_output.platform-3f00b840.mailbox.stereo-fallback","reason":"desired output is available","candidates":[{"id":"wired:alsa_output.platform-3f00b840.mailbox.stereo-fallback","present":true,"connected":true,"adapter":null,"adapter_address":null,"setup_state":"ready"},{"id":"a2dp:C9:5C:FD:6E:28:46","present":false,"connected":false,"adapter":"hci0","adapter_address":"A0:AD:9F:73:6C:24","setup_state":"needs_setup"},{"id":"a2dp:50:D7:1B:74:34:D6","present":false,"connected":false,"adapter":"hci0","adapter_address":"A0:AD:9F:73:6C:24","setup_state":"needs_setup"},{"id":"a2dp:98:47:44:CD:73:DE","present":false,"connected":false,"adapter":"hci0","adapter_address":"A0:AD:9F:73:6C:24","setup_state":"needs_setup"}]}}
/org/bluez/hci0/dev_98_47_44_CD_73_DE b true
/org/bluez/hci1/dev_98_47_44_CD_73_DE absent
2026-08-25T16:11:35,242325563-04:00
{"state":"ACTIVE","call":true,"output":{"desired":"wired:alsa_output.platform-3f00b840.mailbox.stereo-fallback","chosen":"wired:alsa_output.platform-3f00b840.mailbox.stereo-fallback","reason":"desired output is available","candidates":[{"id":"wired:alsa_output.platform-3f00b840.mailbox.stereo-fallback","present":true,"connected":true,"adapter":null,"adapter_address":null,"setup_state":"ready"},{"id":"a2dp:C9:5C:FD:6E:28:46","present":false,"connected":false,"adapter":"hci0","adapter_address":"A0:AD:9F:73:6C:24","setup_state":"needs_setup"},{"id":"a2dp:50:D7:1B:74:34:D6","present":false,"connected":false,"adapter":"hci0","adapter_address":"A0:AD:9F:73:6C:24","setup_state":"needs_setup"},{"id":"a2dp:98:47:44:CD:73:DE","present":false,"connected":false,"adapter":"hci0","adapter_address":"A0:AD:9F:73:6C:24","setup_state":"needs_setup"}]}}
/org/bluez/hci0/dev_98_47_44_CD_73_DE b true
/org/bluez/hci1/dev_98_47_44_CD_73_DE absent
2026-08-25T16:11:36,322224787-04:00
{"state":"ACTIVE","call":true,"output":{"desired":"wired:alsa_output.platform-3f00b840.mailbox.stereo-fallback","chosen":"wired:alsa_output.platform-3f00b840.mailbox.stereo-fallback","reason":"desired output is available","candidates":[{"id":"wired:alsa_output.platform-3f00b840.mailbox.stereo-fallback","present":true,"connected":true,"adapter":null,"adapter_address":null,"setup_state":"ready"},{"id":"a2dp:C9:5C:FD:6E:28:46","present":false,"connected":false,"adapter":"hci0","adapter_address":"A0:AD:9F:73:6C:24","setup_state":"needs_setup"},{"id":"a2dp:50:D7:1B:74:34:D6","present":false,"connected":false,"adapter":"hci0","adapter_address":"A0:AD:9F:73:6C:24","setup_state":"needs_setup"},{"id":"a2dp:98:47:44:CD:73:DE","present":false,"connected":false,"adapter":"hci0","adapter_address":"A0:AD:9F:73:6C:24","setup_state":"needs_setup"}]}}
/org/bluez/hci0/dev_98_47_44_CD_73_DE b true
/org/bluez/hci1/dev_98_47_44_CD_73_DE absent
2026-08-25T16:11:37,402656715-04:00
{"state":"ACTIVE","call":true,"output":{"desired":"wired:alsa_output.platform-3f00b840.mailbox.stereo-fallback","chosen":"wired:alsa_output.platform-3f00b840.mailbox.stereo-fallback","reason":"desired output is available","candidates":[{"id":"wired:alsa_output.platform-3f00b840.mailbox.stereo-fallback","present":true,"connected":true,"adapter":null,"adapter_address":null,"setup_state":"ready"},{"id":"a2dp:C9:5C:FD:6E:28:46","present":false,"connected":false,"adapter":"hci0","adapter_address":"A0:AD:9F:73:6C:24","setup_state":"needs_setup"},{"id":"a2dp:50:D7:1B:74:34:D6","present":false,"connected":false,"adapter":"hci0","adapter_address":"A0:AD:9F:73:6C:24","setup_state":"needs_setup"},{"id":"a2dp:98:47:44:CD:73:DE","present":false,"connected":false,"adapter":"hci0","adapter_address":"A0:AD:9F:73:6C:24","setup_state":"needs_setup"}]}}
/org/bluez/hci0/dev_98_47_44_CD_73_DE b true
/org/bluez/hci1/dev_98_47_44_CD_73_DE absent
2026-08-25T16:11:38,482555678-04:00
{"state":"ACTIVE","call":true,"output":{"desired":"wired:alsa_output.platform-3f00b840.mailbox.stereo-fallback","chosen":"wired:alsa_output.platform-3f00b840.mailbox.stereo-fallback","reason":"desired output is available","candidates":[{"id":"wired:alsa_output.platform-3f00b840.mailbox.stereo-fallback","present":true,"connected":true,"adapter":null,"adapter_address":null,"setup_state":"ready"},{"id":"a2dp:C9:5C:FD:6E:28:46","present":false,"connected":false,"adapter":"hci0","adapter_address":"A0:AD:9F:73:6C:24","setup_state":"needs_setup"},{"id":"a2dp:50:D7:1B:74:34:D6","present":false,"connected":false,"adapter":"hci0","adapter_address":"A0:AD:9F:73:6C:24","setup_state":"needs_setup"},{"id":"a2dp:98:47:44:CD:73:DE","present":false,"connected":false,"adapter":"hci0","adapter_address":"A0:AD:9F:73:6C:24","setup_state":"needs_setup"}]}}
/org/bluez/hci0/dev_98_47_44_CD_73_DE b true
/org/bluez/hci1/dev_98_47_44_CD_73_DE absent
2026-08-25T16:11:39,562858128-04:00
{"state":"ACTIVE","call":true,"output":{"desired":"wired:alsa_output.platform-3f00b840.mailbox.stereo-fallback","chosen":"wired:alsa_output.platform-3f00b840.mailbox.stereo-fallback","reason":"desired output is available","candidates":[{"id":"wired:alsa_output.platform-3f00b840.mailbox.stereo-fallback","present":true,"connected":true,"adapter":null,"adapter_address":null,"setup_state":"ready"},{"id":"a2dp:C9:5C:FD:6E:28:46","present":false,"connected":false,"adapter":"hci0","adapter_address":"A0:AD:9F:73:6C:24","setup_state":"needs_setup"},{"id":"a2dp:50:D7:1B:74:34:D6","present":false,"connected":false,"adapter":"hci0","adapter_address":"A0:AD:9F:73:6C:24","setup_state":"needs_setup"},{"id":"a2dp:98:47:44:CD:73:DE","present":false,"connected":false,"adapter":"hci0","adapter_address":"A0:AD:9F:73:6C:24","setup_state":"needs_setup"}]}}
/org/bluez/hci0/dev_98_47_44_CD_73_DE b true
/org/bluez/hci1/dev_98_47_44_CD_73_DE absent
2026-08-25T16:11:40,660044316-04:00
{"state":"ACTIVE","call":true,"output":{"desired":"wired:alsa_output.platform-3f00b840.mailbox.stereo-fallback","chosen":"wired:alsa_output.platform-3f00b840.mailbox.stereo-fallback","reason":"desired output is available","candidates":[{"id":"wired:alsa_output.platform-3f00b840.mailbox.stereo-fallback","present":true,"connected":true,"adapter":null,"adapter_address":null,"setup_state":"ready"},{"id":"a2dp:C9:5C:FD:6E:28:46","present":false,"connected":false,"adapter":"hci0","adapter_address":"A0:AD:9F:73:6C:24","setup_state":"needs_setup"},{"id":"a2dp:50:D7:1B:74:34:D6","present":false,"connected":false,"adapter":"hci0","adapter_address":"A0:AD:9F:73:6C:24","setup_state":"needs_setup"},{"id":"a2dp:98:47:44:CD:73:DE","present":false,"connected":false,"adapter":"hci0","adapter_address":"A0:AD:9F:73:6C:24","setup_state":"needs_setup"}]}}
/org/bluez/hci0/dev_98_47_44_CD_73_DE b true
/org/bluez/hci1/dev_98_47_44_CD_73_DE absent
2026-08-25T16:11:41,741266915-04:00
{"state":"ACTIVE","call":true,"output":{"desired":"wired:alsa_output.platform-3f00b840.mailbox.stereo-fallback","chosen":"wired:alsa_output.platform-3f00b840.mailbox.stereo-fallback","reason":"desired output is available","candidates":[{"id":"wired:alsa_output.platform-3f00b840.mailbox.stereo-fallback","present":true,"connected":true,"adapter":null,"adapter_address":null,"setup_state":"ready"},{"id":"a2dp:C9:5C:FD:6E:28:46","present":false,"connected":false,"adapter":"hci0","adapter_address":"A0:AD:9F:73:6C:24","setup_state":"needs_setup"},{"id":"a2dp:50:D7:1B:74:34:D6","present":false,"connected":false,"adapter":"hci0","adapter_address":"A0:AD:9F:73:6C:24","setup_state":"needs_setup"},{"id":"a2dp:98:47:44:CD:73:DE","present":false,"connected":false,"adapter":"hci0","adapter_address":"A0:AD:9F:73:6C:24","setup_state":"needs_setup"}]}}
/org/bluez/hci0/dev_98_47_44_CD_73_DE b true
/org/bluez/hci1/dev_98_47_44_CD_73_DE absent
2026-08-25T16:11:42,835664789-04:00
{"state":"ACTIVE","call":true,"output":{"desired":"wired:alsa_output.platform-3f00b840.mailbox.stereo-fallback","chosen":"wired:alsa_output.platform-3f00b840.mailbox.stereo-fallback","reason":"desired output is available","candidates":[{"id":"wired:alsa_output.platform-3f00b840.mailbox.stereo-fallback","present":true,"connected":true,"adapter":null,"adapter_address":null,"setup_state":"ready"},{"id":"a2dp:C9:5C:FD:6E:28:46","present":false,"connected":false,"adapter":"hci0","adapter_address":"A0:AD:9F:73:6C:24","setup_state":"needs_setup"},{"id":"a2dp:50:D7:1B:74:34:D6","present":false,"connected":false,"adapter":"hci0","adapter_address":"A0:AD:9F:73:6C:24","setup_state":"needs_setup"},{"id":"a2dp:98:47:44:CD:73:DE","present":false,"connected":false,"adapter":"hci0","adapter_address":"A0:AD:9F:73:6C:24","setup_state":"needs_setup"}]}}
/org/bluez/hci0/dev_98_47_44_CD_73_DE b true
/org/bluez/hci1/dev_98_47_44_CD_73_DE absent
2026-08-25T16:11:43,917593113-04:00
{"state":"ACTIVE","call":true,"output":{"desired":"wired:alsa_output.platform-3f00b840.mailbox.stereo-fallback","chosen":"wired:alsa_output.platform-3f00b840.mailbox.stereo-fallback","reason":"desired output is available","candidates":[{"id":"wired:alsa_output.platform-3f00b840.mailbox.stereo-fallback","present":true,"connected":true,"adapter":null,"adapter_address":null,"setup_state":"ready"},{"id":"a2dp:C9:5C:FD:6E:28:46","present":false,"connected":false,"adapter":"hci0","adapter_address":"A0:AD:9F:73:6C:24","setup_state":"needs_setup"},{"id":"a2dp:50:D7:1B:74:34:D6","present":false,"connected":false,"adapter":"hci0","adapter_address":"A0:AD:9F:73:6C:24","setup_state":"needs_setup"},{"id":"a2dp:98:47:44:CD:73:DE","present":false,"connected":false,"adapter":"hci0","adapter_address":"A0:AD:9F:73:6C:24","setup_state":"needs_setup"}]}}
/org/bluez/hci0/dev_98_47_44_CD_73_DE b true
/org/bluez/hci1/dev_98_47_44_CD_73_DE absent
2026-08-25T16:11:45,005291554-04:00
{"state":"ACTIVE","call":true,"output":{"desired":"wired:alsa_output.platform-3f00b840.mailbox.stereo-fallback","chosen":"wired:alsa_output.platform-3f00b840.mailbox.stereo-fallback","reason":"desired output is available","candidates":[{"id":"wired:alsa_output.platform-3f00b840.mailbox.stereo-fallback","present":true,"connected":true,"adapter":null,"adapter_address":null,"setup_state":"ready"},{"id":"a2dp:C9:5C:FD:6E:28:46","present":false,"connected":false,"adapter":"hci0","adapter_address":"A0:AD:9F:73:6C:24","setup_state":"needs_setup"},{"id":"a2dp:50:D7:1B:74:34:D6","present":false,"connected":false,"adapter":"hci0","adapter_address":"A0:AD:9F:73:6C:24","setup_state":"needs_setup"},{"id":"a2dp:98:47:44:CD:73:DE","present":false,"connected":false,"adapter":"hci0","adapter_address":"A0:AD:9F:73:6C:24","setup_state":"needs_setup"}]}}
/org/bluez/hci0/dev_98_47_44_CD_73_DE b true
/org/bluez/hci1/dev_98_47_44_CD_73_DE absent
2026-08-25T16:11:46,085519109-04:00
{"state":"ACTIVE","call":true,"output":{"desired":"wired:alsa_output.platform-3f00b840.mailbox.stereo-fallback","chosen":"wired:alsa_output.platform-3f00b840.mailbox.stereo-fallback","reason":"desired output is available","candidates":[{"id":"wired:alsa_output.platform-3f00b840.mailbox.stereo-fallback","present":true,"connected":true,"adapter":null,"adapter_address":null,"setup_state":"ready"},{"id":"a2dp:C9:5C:FD:6E:28:46","present":false,"connected":false,"adapter":"hci0","adapter_address":"A0:AD:9F:73:6C:24","setup_state":"needs_setup"},{"id":"a2dp:50:D7:1B:74:34:D6","present":false,"connected":false,"adapter":"hci0","adapter_address":"A0:AD:9F:73:6C:24","setup_state":"needs_setup"},{"id":"a2dp:98:47:44:CD:73:DE","present":false,"connected":false,"adapter":"hci0","adapter_address":"A0:AD:9F:73:6C:24","setup_state":"needs_setup"}]}}
/org/bluez/hci0/dev_98_47_44_CD_73_DE b true
/org/bluez/hci1/dev_98_47_44_CD_73_DE absent
2026-08-25T16:11:47,165290468-04:00
{"state":"ACTIVE","call":true,"output":{"desired":"wired:alsa_output.platform-3f00b840.mailbox.stereo-fallback","chosen":"wired:alsa_output.platform-3f00b840.mailbox.stereo-fallback","reason":"desired output is available","candidates":[{"id":"wired:alsa_output.platform-3f00b840.mailbox.stereo-fallback","present":true,"connected":true,"adapter":null,"adapter_address":null,"setup_state":"ready"},{"id":"a2dp:C9:5C:FD:6E:28:46","present":false,"connected":false,"adapter":"hci0","adapter_address":"A0:AD:9F:73:6C:24","setup_state":"needs_setup"},{"id":"a2dp:50:D7:1B:74:34:D6","present":false,"connected":false,"adapter":"hci0","adapter_address":"A0:AD:9F:73:6C:24","setup_state":"needs_setup"},{"id":"a2dp:98:47:44:CD:73:DE","present":false,"connected":false,"adapter":"hci0","adapter_address":"A0:AD:9F:73:6C:24","setup_state":"needs_setup"}]}}
/org/bluez/hci0/dev_98_47_44_CD_73_DE b true
/org/bluez/hci1/dev_98_47_44_CD_73_DE absent
2026-08-25T16:11:48,245246775-04:00
{"state":"ACTIVE","call":true,"output":{"desired":"wired:alsa_output.platform-3f00b840.mailbox.stereo-fallback","chosen":"wired:alsa_output.platform-3f00b840.mailbox.stereo-fallback","reason":"desired output is available","candidates":[{"id":"wired:alsa_output.platform-3f00b840.mailbox.stereo-fallback","present":true,"connected":true,"adapter":null,"adapter_address":null,"setup_state":"ready"},{"id":"a2dp:C9:5C:FD:6E:28:46","present":false,"connected":false,"adapter":"hci0","adapter_address":"A0:AD:9F:73:6C:24","setup_state":"needs_setup"},{"id":"a2dp:50:D7:1B:74:34:D6","present":false,"connected":false,"adapter":"hci0","adapter_address":"A0:AD:9F:73:6C:24","setup_state":"needs_setup"},{"id":"a2dp:98:47:44:CD:73:DE","present":false,"connected":false,"adapter":"hci0","adapter_address":"A0:AD:9F:73:6C:24","setup_state":"needs_setup"}]}}
/org/bluez/hci0/dev_98_47_44_CD_73_DE b true
/org/bluez/hci1/dev_98_47_44_CD_73_DE absent
2026-08-25T16:11:49,325389643-04:00
{"state":"ACTIVE","call":true,"output":{"desired":"wired:alsa_output.platform-3f00b840.mailbox.stereo-fallback","chosen":"wired:alsa_output.platform-3f00b840.mailbox.stereo-fallback","reason":"desired output is available","candidates":[{"id":"wired:alsa_output.platform-3f00b840.mailbox.stereo-fallback","present":true,"connected":true,"adapter":null,"adapter_address":null,"setup_state":"ready"},{"id":"a2dp:C9:5C:FD:6E:28:46","present":false,"connected":false,"adapter":"hci0","adapter_address":"A0:AD:9F:73:6C:24","setup_state":"needs_setup"},{"id":"a2dp:50:D7:1B:74:34:D6","present":false,"connected":false,"adapter":"hci0","adapter_address":"A0:AD:9F:73:6C:24","setup_state":"needs_setup"},{"id":"a2dp:98:47:44:CD:73:DE","present":false,"connected":false,"adapter":"hci0","adapter_address":"A0:AD:9F:73:6C:24","setup_state":"needs_setup"}]}}
/org/bluez/hci0/dev_98_47_44_CD_73_DE b true
/org/bluez/hci1/dev_98_47_44_CD_73_DE absent
2026-08-25T16:11:50,405963862-04:00
{"state":"ACTIVE","call":true,"output":{"desired":"wired:alsa_output.platform-3f00b840.mailbox.stereo-fallback","chosen":"wired:alsa_output.platform-3f00b840.mailbox.stereo-fallback","reason":"desired output is available","candidates":[{"id":"wired:alsa_output.platform-3f00b840.mailbox.stereo-fallback","present":true,"connected":true,"adapter":null,"adapter_address":null,"setup_state":"ready"},{"id":"a2dp:C9:5C:FD:6E:28:46","present":false,"connected":false,"adapter":"hci0","adapter_address":"A0:AD:9F:73:6C:24","setup_state":"needs_setup"},{"id":"a2dp:50:D7:1B:74:34:D6","present":false,"connected":false,"adapter":"hci0","adapter_address":"A0:AD:9F:73:6C:24","setup_state":"needs_setup"},{"id":"a2dp:98:47:44:CD:73:DE","present":false,"connected":false,"adapter":"hci0","adapter_address":"A0:AD:9F:73:6C:24","setup_state":"needs_setup"}]}}
/org/bluez/hci0/dev_98_47_44_CD_73_DE b true
/org/bluez/hci1/dev_98_47_44_CD_73_DE absent
2026-08-25T16:11:51,487220524-04:00
{"state":"ACTIVE","call":true,"output":{"desired":"wired:alsa_output.platform-3f00b840.mailbox.stereo-fallback","chosen":"wired:alsa_output.platform-3f00b840.mailbox.stereo-fallback","reason":"desired output is available","candidates":[{"id":"wired:alsa_output.platform-3f00b840.mailbox.stereo-fallback","present":true,"connected":true,"adapter":null,"adapter_address":null,"setup_state":"ready"},{"id":"a2dp:C9:5C:FD:6E:28:46","present":false,"connected":false,"adapter":"hci0","adapter_address":"A0:AD:9F:73:6C:24","setup_state":"needs_setup"},{"id":"a2dp:50:D7:1B:74:34:D6","present":false,"connected":false,"adapter":"hci0","adapter_address":"A0:AD:9F:73:6C:24","setup_state":"needs_setup"},{"id":"a2dp:98:47:44:CD:73:DE","present":false,"connected":false,"adapter":"hci0","adapter_address":"A0:AD:9F:73:6C:24","setup_state":"needs_setup"}]}}
/org/bluez/hci0/dev_98_47_44_CD_73_DE b true
/org/bluez/hci1/dev_98_47_44_CD_73_DE absent
2026-08-25T16:11:52,568585571-04:00
{"state":"ACTIVE","call":true,"output":{"desired":"wired:alsa_output.platform-3f00b840.mailbox.stereo-fallback","chosen":"wired:alsa_output.platform-3f00b840.mailbox.stereo-fallback","reason":"desired output is available","candidates":[{"id":"wired:alsa_output.platform-3f00b840.mailbox.stereo-fallback","present":true,"connected":true,"adapter":null,"adapter_address":null,"setup_state":"ready"},{"id":"a2dp:C9:5C:FD:6E:28:46","present":false,"connected":false,"adapter":"hci0","adapter_address":"A0:AD:9F:73:6C:24","setup_state":"needs_setup"},{"id":"a2dp:50:D7:1B:74:34:D6","present":false,"connected":false,"adapter":"hci0","adapter_address":"A0:AD:9F:73:6C:24","setup_state":"needs_setup"},{"id":"a2dp:98:47:44:CD:73:DE","present":false,"connected":false,"adapter":"hci0","adapter_address":"A0:AD:9F:73:6C:24","setup_state":"needs_setup"}]}}
/org/bluez/hci0/dev_98_47_44_CD_73_DE b true
/org/bluez/hci1/dev_98_47_44_CD_73_DE absent
2026-08-25T16:11:53,648939114-04:00
{"state":"ACTIVE","call":true,"output":{"desired":"wired:alsa_output.platform-3f00b840.mailbox.stereo-fallback","chosen":"wired:alsa_output.platform-3f00b840.mailbox.stereo-fallback","reason":"desired output is available","candidates":[{"id":"wired:alsa_output.platform-3f00b840.mailbox.stereo-fallback","present":true,"connected":true,"adapter":null,"adapter_address":null,"setup_state":"ready"},{"id":"a2dp:C9:5C:FD:6E:28:46","present":false,"connected":false,"adapter":"hci0","adapter_address":"A0:AD:9F:73:6C:24","setup_state":"needs_setup"},{"id":"a2dp:50:D7:1B:74:34:D6","present":false,"connected":false,"adapter":"hci0","adapter_address":"A0:AD:9F:73:6C:24","setup_state":"needs_setup"},{"id":"a2dp:98:47:44:CD:73:DE","present":false,"connected":false,"adapter":"hci0","adapter_address":"A0:AD:9F:73:6C:24","setup_state":"needs_setup"}]}}
/org/bluez/hci0/dev_98_47_44_CD_73_DE b true
/org/bluez/hci1/dev_98_47_44_CD_73_DE absent
2026-08-25T16:11:54,730054371-04:00
{"state":"ACTIVE","call":true,"output":{"desired":"wired:alsa_output.platform-3f00b840.mailbox.stereo-fallback","chosen":"wired:alsa_output.platform-3f00b840.mailbox.stereo-fallback","reason":"desired output is available","candidates":[{"id":"wired:alsa_output.platform-3f00b840.mailbox.stereo-fallback","present":true,"connected":true,"adapter":null,"adapter_address":null,"setup_state":"ready"},{"id":"a2dp:C9:5C:FD:6E:28:46","present":false,"connected":false,"adapter":"hci0","adapter_address":"A0:AD:9F:73:6C:24","setup_state":"needs_setup"},{"id":"a2dp:50:D7:1B:74:34:D6","present":false,"connected":false,"adapter":"hci0","adapter_address":"A0:AD:9F:73:6C:24","setup_state":"needs_setup"},{"id":"a2dp:98:47:44:CD:73:DE","present":false,"connected":false,"adapter":"hci0","adapter_address":"A0:AD:9F:73:6C:24","setup_state":"needs_setup"}]}}
/org/bluez/hci0/dev_98_47_44_CD_73_DE b true
/org/bluez/hci1/dev_98_47_44_CD_73_DE absent
2026-08-25T16:11:55,810979577-04:00
{"state":"ACTIVE","call":true,"output":{"desired":"wired:alsa_output.platform-3f00b840.mailbox.stereo-fallback","chosen":"wired:alsa_output.platform-3f00b840.mailbox.stereo-fallback","reason":"desired output is available","candidates":[{"id":"wired:alsa_output.platform-3f00b840.mailbox.stereo-fallback","present":true,"connected":true,"adapter":null,"adapter_address":null,"setup_state":"ready"},{"id":"a2dp:C9:5C:FD:6E:28:46","present":false,"connected":false,"adapter":"hci0","adapter_address":"A0:AD:9F:73:6C:24","setup_state":"needs_setup"},{"id":"a2dp:50:D7:1B:74:34:D6","present":false,"connected":false,"adapter":"hci0","adapter_address":"A0:AD:9F:73:6C:24","setup_state":"needs_setup"},{"id":"a2dp:98:47:44:CD:73:DE","present":false,"connected":false,"adapter":"hci0","adapter_address":"A0:AD:9F:73:6C:24","setup_state":"needs_setup"}]}}
/org/bluez/hci0/dev_98_47_44_CD_73_DE b true
/org/bluez/hci1/dev_98_47_44_CD_73_DE absent
2026-08-25T16:11:56,892225458-04:00
{"state":"ACTIVE","call":true,"output":{"desired":"wired:alsa_output.platform-3f00b840.mailbox.stereo-fallback","chosen":"wired:alsa_output.platform-3f00b840.mailbox.stereo-fallback","reason":"desired output is available","candidates":[{"id":"wired:alsa_output.platform-3f00b840.mailbox.stereo-fallback","present":true,"connected":true,"adapter":null,"adapter_address":null,"setup_state":"ready"},{"id":"a2dp:C9:5C:FD:6E:28:46","present":false,"connected":false,"adapter":"hci0","adapter_address":"A0:AD:9F:73:6C:24","setup_state":"needs_setup"},{"id":"a2dp:50:D7:1B:74:34:D6","present":false,"connected":false,"adapter":"hci0","adapter_address":"A0:AD:9F:73:6C:24","setup_state":"needs_setup"},{"id":"a2dp:98:47:44:CD:73:DE","present":false,"connected":false,"adapter":"hci0","adapter_address":"A0:AD:9F:73:6C:24","setup_state":"needs_setup"}]}}
/org/bluez/hci0/dev_98_47_44_CD_73_DE b true
/org/bluez/hci1/dev_98_47_44_CD_73_DE absent
2026-08-25T16:11:57,974133314-04:00
{"state":"ACTIVE","call":true,"output":{"desired":"wired:alsa_output.platform-3f00b840.mailbox.stereo-fallback","chosen":"wired:alsa_output.platform-3f00b840.mailbox.stereo-fallback","reason":"desired output is available","candidates":[{"id":"wired:alsa_output.platform-3f00b840.mailbox.stereo-fallback","present":true,"connected":true,"adapter":null,"adapter_address":null,"setup_state":"ready"},{"id":"a2dp:C9:5C:FD:6E:28:46","present":false,"connected":false,"adapter":"hci0","adapter_address":"A0:AD:9F:73:6C:24","setup_state":"needs_setup"},{"id":"a2dp:50:D7:1B:74:34:D6","present":false,"connected":false,"adapter":"hci0","adapter_address":"A0:AD:9F:73:6C:24","setup_state":"needs_setup"},{"id":"a2dp:98:47:44:CD:73:DE","present":false,"connected":false,"adapter":"hci0","adapter_address":"A0:AD:9F:73:6C:24","setup_state":"needs_setup"}]}}
/org/bluez/hci0/dev_98_47_44_CD_73_DE b true
/org/bluez/hci1/dev_98_47_44_CD_73_DE absent
2026-08-25T16:11:59,060096454-04:00
{"state":"ACTIVE","call":true,"output":{"desired":"wired:alsa_output.platform-3f00b840.mailbox.stereo-fallback","chosen":"wired:alsa_output.platform-3f00b840.mailbox.stereo-fallback","reason":"desired output is available","candidates":[{"id":"wired:alsa_output.platform-3f00b840.mailbox.stereo-fallback","present":true,"connected":true,"adapter":null,"adapter_address":null,"setup_state":"ready"},{"id":"a2dp:C9:5C:FD:6E:28:46","present":false,"connected":false,"adapter":"hci0","adapter_address":"A0:AD:9F:73:6C:24","setup_state":"needs_setup"},{"id":"a2dp:50:D7:1B:74:34:D6","present":false,"connected":false,"adapter":"hci0","adapter_address":"A0:AD:9F:73:6C:24","setup_state":"needs_setup"},{"id":"a2dp:98:47:44:CD:73:DE","present":false,"connected":false,"adapter":"hci0","adapter_address":"A0:AD:9F:73:6C:24","setup_state":"needs_setup"}]}}
/org/bluez/hci0/dev_98_47_44_CD_73_DE b true
/org/bluez/hci1/dev_98_47_44_CD_73_DE absent
2026-08-25T16:12:00,140217656-04:00
{"state":"ACTIVE","call":true,"output":{"desired":"wired:alsa_output.platform-3f00b840.mailbox.stereo-fallback","chosen":"wired:alsa_output.platform-3f00b840.mailbox.stereo-fallback","reason":"desired output is available","candidates":[{"id":"wired:alsa_output.platform-3f00b840.mailbox.stereo-fallback","present":true,"connected":true,"adapter":null,"adapter_address":null,"setup_state":"ready"},{"id":"a2dp:C9:5C:FD:6E:28:46","present":false,"connected":false,"adapter":"hci0","adapter_address":"A0:AD:9F:73:6C:24","setup_state":"needs_setup"},{"id":"a2dp:50:D7:1B:74:34:D6","present":false,"connected":false,"adapter":"hci0","adapter_address":"A0:AD:9F:73:6C:24","setup_state":"needs_setup"},{"id":"a2dp:98:47:44:CD:73:DE","present":false,"connected":false,"adapter":"hci0","adapter_address":"A0:AD:9F:73:6C:24","setup_state":"needs_setup"}]}}
/org/bluez/hci0/dev_98_47_44_CD_73_DE b true
/org/bluez/hci1/dev_98_47_44_CD_73_DE absent
2026-08-25T16:12:01,239612057-04:00
{"state":"ACTIVE","call":true,"output":{"desired":"wired:alsa_output.platform-3f00b840.mailbox.stereo-fallback","chosen":"wired:alsa_output.platform-3f00b840.mailbox.stereo-fallback","reason":"desired output is available","candidates":[{"id":"wired:alsa_output.platform-3f00b840.mailbox.stereo-fallback","present":true,"connected":true,"adapter":null,"adapter_address":null,"setup_state":"ready"},{"id":"a2dp:C9:5C:FD:6E:28:46","present":false,"connected":false,"adapter":"hci0","adapter_address":"A0:AD:9F:73:6C:24","setup_state":"needs_setup"},{"id":"a2dp:50:D7:1B:74:34:D6","present":false,"connected":false,"adapter":"hci0","adapter_address":"A0:AD:9F:73:6C:24","setup_state":"needs_setup"},{"id":"a2dp:98:47:44:CD:73:DE","present":false,"connected":false,"adapter":"hci0","adapter_address":"A0:AD:9F:73:6C:24","setup_state":"needs_setup"}]}}
/org/bluez/hci0/dev_98_47_44_CD_73_DE b true
/org/bluez/hci1/dev_98_47_44_CD_73_DE absent
2026-08-25T16:12:02,319634978-04:00
{"state":"ACTIVE","call":true,"output":{"desired":"wired:alsa_output.platform-3f00b840.mailbox.stereo-fallback","chosen":"wired:alsa_output.platform-3f00b840.mailbox.stereo-fallback","reason":"desired output is available","candidates":[{"id":"wired:alsa_output.platform-3f00b840.mailbox.stereo-fallback","present":true,"connected":true,"adapter":null,"adapter_address":null,"setup_state":"ready"},{"id":"a2dp:C9:5C:FD:6E:28:46","present":false,"connected":false,"adapter":"hci0","adapter_address":"A0:AD:9F:73:6C:24","setup_state":"needs_setup"},{"id":"a2dp:50:D7:1B:74:34:D6","present":false,"connected":false,"adapter":"hci0","adapter_address":"A0:AD:9F:73:6C:24","setup_state":"needs_setup"},{"id":"a2dp:98:47:44:CD:73:DE","present":false,"connected":false,"adapter":"hci0","adapter_address":"A0:AD:9F:73:6C:24","setup_state":"needs_setup"}]}}
/org/bluez/hci0/dev_98_47_44_CD_73_DE b true
/org/bluez/hci1/dev_98_47_44_CD_73_DE absent
2026-08-25T16:12:03,411529015-04:00
{"state":"ACTIVE","call":true,"output":{"desired":"wired:alsa_output.platform-3f00b840.mailbox.stereo-fallback","chosen":"wired:alsa_output.platform-3f00b840.mailbox.stereo-fallback","reason":"desired output is available","candidates":[{"id":"wired:alsa_output.platform-3f00b840.mailbox.stereo-fallback","present":true,"connected":true,"adapter":null,"adapter_address":null,"setup_state":"ready"},{"id":"a2dp:C9:5C:FD:6E:28:46","present":false,"connected":false,"adapter":"hci0","adapter_address":"A0:AD:9F:73:6C:24","setup_state":"needs_setup"},{"id":"a2dp:50:D7:1B:74:34:D6","present":false,"connected":false,"adapter":"hci0","adapter_address":"A0:AD:9F:73:6C:24","setup_state":"needs_setup"},{"id":"a2dp:98:47:44:CD:73:DE","present":false,"connected":false,"adapter":"hci0","adapter_address":"A0:AD:9F:73:6C:24","setup_state":"needs_setup"}]}}
/org/bluez/hci0/dev_98_47_44_CD_73_DE b true
/org/bluez/hci1/dev_98_47_44_CD_73_DE absent
2026-08-25T16:12:04,491546936-04:00
{"state":"ACTIVE","call":true,"output":{"desired":"wired:alsa_output.platform-3f00b840.mailbox.stereo-fallback","chosen":"wired:alsa_output.platform-3f00b840.mailbox.stereo-fallback","reason":"desired output is available","candidates":[{"id":"wired:alsa_output.platform-3f00b840.mailbox.stereo-fallback","present":true,"connected":true,"adapter":null,"adapter_address":null,"setup_state":"ready"},{"id":"a2dp:C9:5C:FD:6E:28:46","present":false,"connected":false,"adapter":"hci0","adapter_address":"A0:AD:9F:73:6C:24","setup_state":"needs_setup"},{"id":"a2dp:50:D7:1B:74:34:D6","present":false,"connected":false,"adapter":"hci0","adapter_address":"A0:AD:9F:73:6C:24","setup_state":"needs_setup"},{"id":"a2dp:98:47:44:CD:73:DE","present":false,"connected":false,"adapter":"hci0","adapter_address":"A0:AD:9F:73:6C:24","setup_state":"needs_setup"}]}}
/org/bluez/hci0/dev_98_47_44_CD_73_DE b true
/org/bluez/hci1/dev_98_47_44_CD_73_DE absent
2026-08-25T16:12:05,571815011-04:00
{"state":"ACTIVE","call":true,"output":{"desired":"wired:alsa_output.platform-3f00b840.mailbox.stereo-fallback","chosen":"wired:alsa_output.platform-3f00b840.mailbox.stereo-fallback","reason":"desired output is available","candidates":[{"id":"wired:alsa_output.platform-3f00b840.mailbox.stereo-fallback","present":true,"connected":true,"adapter":null,"adapter_address":null,"setup_state":"ready"},{"id":"a2dp:C9:5C:FD:6E:28:46","present":false,"connected":false,"adapter":"hci0","adapter_address":"A0:AD:9F:73:6C:24","setup_state":"needs_setup"},{"id":"a2dp:50:D7:1B:74:34:D6","present":false,"connected":false,"adapter":"hci0","adapter_address":"A0:AD:9F:73:6C:24","setup_state":"needs_setup"},{"id":"a2dp:98:47:44:CD:73:DE","present":false,"connected":false,"adapter":"hci0","adapter_address":"A0:AD:9F:73:6C:24","setup_state":"needs_setup"}]}}
/org/bluez/hci0/dev_98_47_44_CD_73_DE b true
/org/bluez/hci1/dev_98_47_44_CD_73_DE absent
2026-08-25T16:12:06,652305168-04:00
{"state":"ACTIVE","call":true,"output":{"desired":"wired:alsa_output.platform-3f00b840.mailbox.stereo-fallback","chosen":"wired:alsa_output.platform-3f00b840.mailbox.stereo-fallback","reason":"desired output is available","candidates":[{"id":"wired:alsa_output.platform-3f00b840.mailbox.stereo-fallback","present":true,"connected":true,"adapter":null,"adapter_address":null,"setup_state":"ready"},{"id":"a2dp:C9:5C:FD:6E:28:46","present":false,"connected":false,"adapter":"hci0","adapter_address":"A0:AD:9F:73:6C:24","setup_state":"needs_setup"},{"id":"a2dp:50:D7:1B:74:34:D6","present":false,"connected":false,"adapter":"hci0","adapter_address":"A0:AD:9F:73:6C:24","setup_state":"needs_setup"},{"id":"a2dp:98:47:44:CD:73:DE","present":false,"connected":false,"adapter":"hci0","adapter_address":"A0:AD:9F:73:6C:24","setup_state":"needs_setup"}]}}
/org/bluez/hci0/dev_98_47_44_CD_73_DE b true
/org/bluez/hci1/dev_98_47_44_CD_73_DE absent
2026-08-25T16:12:07,732499911-04:00
{"state":"ACTIVE","call":true,"output":{"desired":"wired:alsa_output.platform-3f00b840.mailbox.stereo-fallback","chosen":"wired:alsa_output.platform-3f00b840.mailbox.stereo-fallback","reason":"desired output is available","candidates":[{"id":"wired:alsa_output.platform-3f00b840.mailbox.stereo-fallback","present":true,"connected":true,"adapter":null,"adapter_address":null,"setup_state":"ready"},{"id":"a2dp:C9:5C:FD:6E:28:46","present":false,"connected":false,"adapter":"hci0","adapter_address":"A0:AD:9F:73:6C:24","setup_state":"needs_setup"},{"id":"a2dp:50:D7:1B:74:34:D6","present":false,"connected":false,"adapter":"hci0","adapter_address":"A0:AD:9F:73:6C:24","setup_state":"needs_setup"},{"id":"a2dp:98:47:44:CD:73:DE","present":false,"connected":false,"adapter":"hci0","adapter_address":"A0:AD:9F:73:6C:24","setup_state":"needs_setup"}]}}
/org/bluez/hci0/dev_98_47_44_CD_73_DE b true
/org/bluez/hci1/dev_98_47_44_CD_73_DE absent
2026-08-25T16:12:08,812418353-04:00
{"state":"ACTIVE","call":true,"output":{"desired":"wired:alsa_output.platform-3f00b840.mailbox.stereo-fallback","chosen":"wired:alsa_output.platform-3f00b840.mailbox.stereo-fallback","reason":"desired output is available","candidates":[{"id":"wired:alsa_output.platform-3f00b840.mailbox.stereo-fallback","present":true,"connected":true,"adapter":null,"adapter_address":null,"setup_state":"ready"},{"id":"a2dp:C9:5C:FD:6E:28:46","present":false,"connected":false,"adapter":"hci0","adapter_address":"A0:AD:9F:73:6C:24","setup_state":"needs_setup"},{"id":"a2dp:50:D7:1B:74:34:D6","present":false,"connected":false,"adapter":"hci0","adapter_address":"A0:AD:9F:73:6C:24","setup_state":"needs_setup"},{"id":"a2dp:98:47:44:CD:73:DE","present":false,"connected":false,"adapter":"hci0","adapter_address":"A0:AD:9F:73:6C:24","setup_state":"needs_setup"}]}}
/org/bluez/hci0/dev_98_47_44_CD_73_DE b true
/org/bluez/hci1/dev_98_47_44_CD_73_DE absent
2026-08-25T16:12:09,892181380-04:00
{"state":"ACTIVE","call":true,"output":{"desired":"wired:alsa_output.platform-3f00b840.mailbox.stereo-fallback","chosen":"wired:alsa_output.platform-3f00b840.mailbox.stereo-fallback","reason":"desired output is available","candidates":[{"id":"wired:alsa_output.platform-3f00b840.mailbox.stereo-fallback","present":true,"connected":true,"adapter":null,"adapter_address":null,"setup_state":"ready"},{"id":"a2dp:C9:5C:FD:6E:28:46","present":false,"connected":false,"adapter":"hci0","adapter_address":"A0:AD:9F:73:6C:24","setup_state":"needs_setup"},{"id":"a2dp:50:D7:1B:74:34:D6","present":false,"connected":false,"adapter":"hci0","adapter_address":"A0:AD:9F:73:6C:24","setup_state":"needs_setup"},{"id":"a2dp:98:47:44:CD:73:DE","present":false,"connected":false,"adapter":"hci0","adapter_address":"A0:AD:9F:73:6C:24","setup_state":"needs_setup"}]}}
/org/bluez/hci0/dev_98_47_44_CD_73_DE b true
/org/bluez/hci1/dev_98_47_44_CD_73_DE absent
2026-08-25T16:12:10,972358571-04:00
{"state":"ACTIVE","call":true,"output":{"desired":"wired:alsa_output.platform-3f00b840.mailbox.stereo-fallback","chosen":"wired:alsa_output.platform-3f00b840.mailbox.stereo-fallback","reason":"desired output is available","candidates":[{"id":"wired:alsa_output.platform-3f00b840.mailbox.stereo-fallback","present":true,"connected":true,"adapter":null,"adapter_address":null,"setup_state":"ready"},{"id":"a2dp:C9:5C:FD:6E:28:46","present":false,"connected":false,"adapter":"hci0","adapter_address":"A0:AD:9F:73:6C:24","setup_state":"needs_setup"},{"id":"a2dp:50:D7:1B:74:34:D6","present":false,"connected":false,"adapter":"hci0","adapter_address":"A0:AD:9F:73:6C:24","setup_state":"needs_setup"},{"id":"a2dp:98:47:44:CD:73:DE","present":false,"connected":false,"adapter":"hci0","adapter_address":"A0:AD:9F:73:6C:24","setup_state":"needs_setup"}]}}
/org/bluez/hci0/dev_98_47_44_CD_73_DE b true
/org/bluez/hci1/dev_98_47_44_CD_73_DE absent
2026-08-25T16:12:12,053182111-04:00
{"state":"ACTIVE","call":true,"output":{"desired":"wired:alsa_output.platform-3f00b840.mailbox.stereo-fallback","chosen":"wired:alsa_output.platform-3f00b840.mailbox.stereo-fallback","reason":"desired output is available","candidates":[{"id":"wired:alsa_output.platform-3f00b840.mailbox.stereo-fallback","present":true,"connected":true,"adapter":null,"adapter_address":null,"setup_state":"ready"},{"id":"a2dp:C9:5C:FD:6E:28:46","present":false,"connected":false,"adapter":"hci0","adapter_address":"A0:AD:9F:73:6C:24","setup_state":"needs_setup"},{"id":"a2dp:50:D7:1B:74:34:D6","present":false,"connected":false,"adapter":"hci0","adapter_address":"A0:AD:9F:73:6C:24","setup_state":"needs_setup"},{"id":"a2dp:98:47:44:CD:73:DE","present":false,"connected":false,"adapter":"hci0","adapter_address":"A0:AD:9F:73:6C:24","setup_state":"needs_setup"}]}}
/org/bluez/hci0/dev_98_47_44_CD_73_DE b true
/org/bluez/hci1/dev_98_47_44_CD_73_DE absent
2026-08-25T16:12:13,133937943-04:00
{"state":"ACTIVE","call":true,"output":{"desired":"wired:alsa_output.platform-3f00b840.mailbox.stereo-fallback","chosen":"wired:alsa_output.platform-3f00b840.mailbox.stereo-fallback","reason":"desired output is available","candidates":[{"id":"wired:alsa_output.platform-3f00b840.mailbox.stereo-fallback","present":true,"connected":true,"adapter":null,"adapter_address":null,"setup_state":"ready"},{"id":"a2dp:C9:5C:FD:6E:28:46","present":false,"connected":false,"adapter":"hci0","adapter_address":"A0:AD:9F:73:6C:24","setup_state":"needs_setup"},{"id":"a2dp:50:D7:1B:74:34:D6","present":false,"connected":false,"adapter":"hci0","adapter_address":"A0:AD:9F:73:6C:24","setup_state":"needs_setup"},{"id":"a2dp:98:47:44:CD:73:DE","present":false,"connected":false,"adapter":"hci0","adapter_address":"A0:AD:9F:73:6C:24","setup_state":"needs_setup"}]}}
/org/bluez/hci0/dev_98_47_44_CD_73_DE b true
/org/bluez/hci1/dev_98_47_44_CD_73_DE absent
2026-08-25T16:12:14,214532423-04:00
{"state":"ACTIVE","call":true,"output":{"desired":"wired:alsa_output.platform-3f00b840.mailbox.stereo-fallback","chosen":"wired:alsa_output.platform-3f00b840.mailbox.stereo-fallback","reason":"desired output is available","candidates":[{"id":"wired:alsa_output.platform-3f00b840.mailbox.stereo-fallback","present":true,"connected":true,"adapter":null,"adapter_address":null,"setup_state":"ready"},{"id":"a2dp:C9:5C:FD:6E:28:46","present":false,"connected":false,"adapter":"hci0","adapter_address":"A0:AD:9F:73:6C:24","setup_state":"needs_setup"},{"id":"a2dp:50:D7:1B:74:34:D6","present":false,"connected":false,"adapter":"hci0","adapter_address":"A0:AD:9F:73:6C:24","setup_state":"needs_setup"},{"id":"a2dp:98:47:44:CD:73:DE","present":false,"connected":false,"adapter":"hci0","adapter_address":"A0:AD:9F:73:6C:24","setup_state":"needs_setup"}]}}
/org/bluez/hci0/dev_98_47_44_CD_73_DE b true
/org/bluez/hci1/dev_98_47_44_CD_73_DE absent
2026-08-25T16:12:15,294931643-04:00
{"state":"ACTIVE","call":true,"output":{"desired":"wired:alsa_output.platform-3f00b840.mailbox.stereo-fallback","chosen":"wired:alsa_output.platform-3f00b840.mailbox.stereo-fallback","reason":"desired output is available","candidates":[{"id":"wired:alsa_output.platform-3f00b840.mailbox.stereo-fallback","present":true,"connected":true,"adapter":null,"adapter_address":null,"setup_state":"ready"},{"id":"a2dp:C9:5C:FD:6E:28:46","present":false,"connected":false,"adapter":"hci0","adapter_address":"A0:AD:9F:73:6C:24","setup_state":"needs_setup"},{"id":"a2dp:50:D7:1B:74:34:D6","present":false,"connected":false,"adapter":"hci0","adapter_address":"A0:AD:9F:73:6C:24","setup_state":"needs_setup"},{"id":"a2dp:98:47:44:CD:73:DE","present":false,"connected":false,"adapter":"hci0","adapter_address":"A0:AD:9F:73:6C:24","setup_state":"needs_setup"}]}}
/org/bluez/hci0/dev_98_47_44_CD_73_DE b true
/org/bluez/hci1/dev_98_47_44_CD_73_DE absent
2026-08-25T16:12:16,376728094-04:00
{"state":"ACTIVE","call":true,"output":{"desired":"wired:alsa_output.platform-3f00b840.mailbox.stereo-fallback","chosen":"wired:alsa_output.platform-3f00b840.mailbox.stereo-fallback","reason":"desired output is available","candidates":[{"id":"wired:alsa_output.platform-3f00b840.mailbox.stereo-fallback","present":true,"connected":true,"adapter":null,"adapter_address":null,"setup_state":"ready"},{"id":"a2dp:C9:5C:FD:6E:28:46","present":false,"connected":false,"adapter":"hci0","adapter_address":"A0:AD:9F:73:6C:24","setup_state":"needs_setup"},{"id":"a2dp:50:D7:1B:74:34:D6","present":false,"connected":false,"adapter":"hci0","adapter_address":"A0:AD:9F:73:6C:24","setup_state":"needs_setup"},{"id":"a2dp:98:47:44:CD:73:DE","present":false,"connected":false,"adapter":"hci0","adapter_address":"A0:AD:9F:73:6C:24","setup_state":"needs_setup"}]}}
/org/bluez/hci0/dev_98_47_44_CD_73_DE b true
/org/bluez/hci1/dev_98_47_44_CD_73_DE absent
2026-08-25T16:12:17,458673189-04:00
{"state":"ACTIVE","call":true,"output":{"desired":"wired:alsa_output.platform-3f00b840.mailbox.stereo-fallback","chosen":"wired:alsa_output.platform-3f00b840.mailbox.stereo-fallback","reason":"desired output is available","candidates":[{"id":"wired:alsa_output.platform-3f00b840.mailbox.stereo-fallback","present":true,"connected":true,"adapter":null,"adapter_address":null,"setup_state":"ready"},{"id":"a2dp:C9:5C:FD:6E:28:46","present":false,"connected":false,"adapter":"hci0","adapter_address":"A0:AD:9F:73:6C:24","setup_state":"needs_setup"},{"id":"a2dp:50:D7:1B:74:34:D6","present":false,"connected":false,"adapter":"hci0","adapter_address":"A0:AD:9F:73:6C:24","setup_state":"needs_setup"},{"id":"a2dp:98:47:44:CD:73:DE","present":false,"connected":false,"adapter":"hci0","adapter_address":"A0:AD:9F:73:6C:24","setup_state":"needs_setup"}]}}
/org/bluez/hci0/dev_98_47_44_CD_73_DE b true
/org/bluez/hci1/dev_98_47_44_CD_73_DE absent
2026-08-25T16:12:18,538586840-04:00
{"state":"ACTIVE","call":true,"output":{"desired":"wired:alsa_output.platform-3f00b840.mailbox.stereo-fallback","chosen":"wired:alsa_output.platform-3f00b840.mailbox.stereo-fallback","reason":"desired output is available","candidates":[{"id":"wired:alsa_output.platform-3f00b840.mailbox.stereo-fallback","present":true,"connected":true,"adapter":null,"adapter_address":null,"setup_state":"ready"},{"id":"a2dp:C9:5C:FD:6E:28:46","present":false,"connected":false,"adapter":"hci0","adapter_address":"A0:AD:9F:73:6C:24","setup_state":"needs_setup"},{"id":"a2dp:50:D7:1B:74:34:D6","present":false,"connected":false,"adapter":"hci0","adapter_address":"A0:AD:9F:73:6C:24","setup_state":"needs_setup"},{"id":"a2dp:98:47:44:CD:73:DE","present":false,"connected":false,"adapter":"hci0","adapter_address":"A0:AD:9F:73:6C:24","setup_state":"needs_setup"}]}}
/org/bluez/hci0/dev_98_47_44_CD_73_DE b true
/org/bluez/hci1/dev_98_47_44_CD_73_DE absent
2026-08-25T16:12:19,634440745-04:00
{"state":"ACTIVE","call":true,"output":{"desired":"wired:alsa_output.platform-3f00b840.mailbox.stereo-fallback","chosen":"wired:alsa_output.platform-3f00b840.mailbox.stereo-fallback","reason":"desired output is available","candidates":[{"id":"wired:alsa_output.platform-3f00b840.mailbox.stereo-fallback","present":true,"connected":true,"adapter":null,"adapter_address":null,"setup_state":"ready"},{"id":"a2dp:C9:5C:FD:6E:28:46","present":false,"connected":false,"adapter":"hci0","adapter_address":"A0:AD:9F:73:6C:24","setup_state":"needs_setup"},{"id":"a2dp:50:D7:1B:74:34:D6","present":false,"connected":false,"adapter":"hci0","adapter_address":"A0:AD:9F:73:6C:24","setup_state":"needs_setup"},{"id":"a2dp:98:47:44:CD:73:DE","present":false,"connected":false,"adapter":"hci0","adapter_address":"A0:AD:9F:73:6C:24","setup_state":"needs_setup"}]}}
/org/bluez/hci0/dev_98_47_44_CD_73_DE b true
/org/bluez/hci1/dev_98_47_44_CD_73_DE absent
2026-08-25T16:12:20,714368458-04:00
{"state":"ACTIVE","call":true,"output":{"desired":"wired:alsa_output.platform-3f00b840.mailbox.stereo-fallback","chosen":"wired:alsa_output.platform-3f00b840.mailbox.stereo-fallback","reason":"desired output is available","candidates":[{"id":"wired:alsa_output.platform-3f00b840.mailbox.stereo-fallback","present":true,"connected":true,"adapter":null,"adapter_address":null,"setup_state":"ready"},{"id":"a2dp:C9:5C:FD:6E:28:46","present":false,"connected":false,"adapter":"hci0","adapter_address":"A0:AD:9F:73:6C:24","setup_state":"needs_setup"},{"id":"a2dp:50:D7:1B:74:34:D6","present":false,"connected":false,"adapter":"hci0","adapter_address":"A0:AD:9F:73:6C:24","setup_state":"needs_setup"},{"id":"a2dp:98:47:44:CD:73:DE","present":false,"connected":false,"adapter":"hci0","adapter_address":"A0:AD:9F:73:6C:24","setup_state":"needs_setup"}]}}
/org/bluez/hci0/dev_98_47_44_CD_73_DE b true
/org/bluez/hci1/dev_98_47_44_CD_73_DE absent
2026-08-25T16:12:21,819978390-04:00
{"state":"ACTIVE","call":true,"output":{"desired":"wired:alsa_output.platform-3f00b840.mailbox.stereo-fallback","chosen":"wired:alsa_output.platform-3f00b840.mailbox.stereo-fallback","reason":"desired output is available","candidates":[{"id":"wired:alsa_output.platform-3f00b840.mailbox.stereo-fallback","present":true,"connected":true,"adapter":null,"adapter_address":null,"setup_state":"ready"},{"id":"a2dp:C9:5C:FD:6E:28:46","present":false,"connected":false,"adapter":"hci0","adapter_address":"A0:AD:9F:73:6C:24","setup_state":"needs_setup"},{"id":"a2dp:50:D7:1B:74:34:D6","present":false,"connected":false,"adapter":"hci0","adapter_address":"A0:AD:9F:73:6C:24","setup_state":"needs_setup"},{"id":"a2dp:98:47:44:CD:73:DE","present":false,"connected":false,"adapter":"hci0","adapter_address":"A0:AD:9F:73:6C:24","setup_state":"needs_setup"}]}}
/org/bluez/hci0/dev_98_47_44_CD_73_DE b true
/org/bluez/hci1/dev_98_47_44_CD_73_DE absent
2026-08-25T16:12:22,899968239-04:00
{"state":"ACTIVE","call":true,"output":{"desired":"wired:alsa_output.platform-3f00b840.mailbox.stereo-fallback","chosen":"wired:alsa_output.platform-3f00b840.mailbox.stereo-fallback","reason":"desired output is available","candidates":[{"id":"wired:alsa_output.platform-3f00b840.mailbox.stereo-fallback","present":true,"connected":true,"adapter":null,"adapter_address":null,"setup_state":"ready"},{"id":"a2dp:C9:5C:FD:6E:28:46","present":false,"connected":false,"adapter":"hci0","adapter_address":"A0:AD:9F:73:6C:24","setup_state":"needs_setup"},{"id":"a2dp:50:D7:1B:74:34:D6","present":false,"connected":false,"adapter":"hci0","adapter_address":"A0:AD:9F:73:6C:24","setup_state":"needs_setup"},{"id":"a2dp:98:47:44:CD:73:DE","present":false,"connected":false,"adapter":"hci0","adapter_address":"A0:AD:9F:73:6C:24","setup_state":"needs_setup"}]}}
/org/bluez/hci0/dev_98_47_44_CD_73_DE b true
/org/bluez/hci1/dev_98_47_44_CD_73_DE absent
2026-08-25T16:12:23,980466729-04:00
{"state":"ACTIVE","call":true,"output":{"desired":"wired:alsa_output.platform-3f00b840.mailbox.stereo-fallback","chosen":"wired:alsa_output.platform-3f00b840.mailbox.stereo-fallback","reason":"desired output is available","candidates":[{"id":"wired:alsa_output.platform-3f00b840.mailbox.stereo-fallback","present":true,"connected":true,"adapter":null,"adapter_address":null,"setup_state":"ready"},{"id":"a2dp:C9:5C:FD:6E:28:46","present":false,"connected":false,"adapter":"hci0","adapter_address":"A0:AD:9F:73:6C:24","setup_state":"needs_setup"},{"id":"a2dp:50:D7:1B:74:34:D6","present":false,"connected":false,"adapter":"hci0","adapter_address":"A0:AD:9F:73:6C:24","setup_state":"needs_setup"},{"id":"a2dp:98:47:44:CD:73:DE","present":false,"connected":false,"adapter":"hci0","adapter_address":"A0:AD:9F:73:6C:24","setup_state":"needs_setup"}]}}
/org/bluez/hci0/dev_98_47_44_CD_73_DE b true
/org/bluez/hci1/dev_98_47_44_CD_73_DE absent
2026-08-25T16:12:25,060863502-04:00
{"state":"ACTIVE","call":true,"output":{"desired":"wired:alsa_output.platform-3f00b840.mailbox.stereo-fallback","chosen":"wired:alsa_output.platform-3f00b840.mailbox.stereo-fallback","reason":"desired output is available","candidates":[{"id":"wired:alsa_output.platform-3f00b840.mailbox.stereo-fallback","present":true,"connected":true,"adapter":null,"adapter_address":null,"setup_state":"ready"},{"id":"a2dp:C9:5C:FD:6E:28:46","present":false,"connected":false,"adapter":"hci0","adapter_address":"A0:AD:9F:73:6C:24","setup_state":"needs_setup"},{"id":"a2dp:50:D7:1B:74:34:D6","present":false,"connected":false,"adapter":"hci0","adapter_address":"A0:AD:9F:73:6C:24","setup_state":"needs_setup"},{"id":"a2dp:98:47:44:CD:73:DE","present":false,"connected":false,"adapter":"hci0","adapter_address":"A0:AD:9F:73:6C:24","setup_state":"needs_setup"}]}}
/org/bluez/hci0/dev_98_47_44_CD_73_DE b true
/org/bluez/hci1/dev_98_47_44_CD_73_DE absent
2026-08-25T16:12:26,141304753-04:00
{"state":"ACTIVE","call":true,"output":{"desired":"wired:alsa_output.platform-3f00b840.mailbox.stereo-fallback","chosen":"wired:alsa_output.platform-3f00b840.mailbox.stereo-fallback","reason":"desired output is available","candidates":[{"id":"wired:alsa_output.platform-3f00b840.mailbox.stereo-fallback","present":true,"connected":true,"adapter":null,"adapter_address":null,"setup_state":"ready"},{"id":"a2dp:C9:5C:FD:6E:28:46","present":false,"connected":false,"adapter":"hci0","adapter_address":"A0:AD:9F:73:6C:24","setup_state":"needs_setup"},{"id":"a2dp:50:D7:1B:74:34:D6","present":false,"connected":false,"adapter":"hci0","adapter_address":"A0:AD:9F:73:6C:24","setup_state":"needs_setup"},{"id":"a2dp:98:47:44:CD:73:DE","present":false,"connected":false,"adapter":"hci0","adapter_address":"A0:AD:9F:73:6C:24","setup_state":"needs_setup"}]}}
/org/bluez/hci0/dev_98_47_44_CD_73_DE b true
/org/bluez/hci1/dev_98_47_44_CD_73_DE absent
2026-08-25T16:12:27,221618141-04:00
{"state":"ACTIVE","call":true,"output":{"desired":"wired:alsa_output.platform-3f00b840.mailbox.stereo-fallback","chosen":"wired:alsa_output.platform-3f00b840.mailbox.stereo-fallback","reason":"desired output is available","candidates":[{"id":"wired:alsa_output.platform-3f00b840.mailbox.stereo-fallback","present":true,"connected":true,"adapter":null,"adapter_address":null,"setup_state":"ready"},{"id":"a2dp:C9:5C:FD:6E:28:46","present":false,"connected":false,"adapter":"hci0","adapter_address":"A0:AD:9F:73:6C:24","setup_state":"needs_setup"},{"id":"a2dp:50:D7:1B:74:34:D6","present":false,"connected":false,"adapter":"hci0","adapter_address":"A0:AD:9F:73:6C:24","setup_state":"needs_setup"},{"id":"a2dp:98:47:44:CD:73:DE","present":false,"connected":false,"adapter":"hci0","adapter_address":"A0:AD:9F:73:6C:24","setup_state":"needs_setup"}]}}
/org/bluez/hci0/dev_98_47_44_CD_73_DE b true
/org/bluez/hci1/dev_98_47_44_CD_73_DE absent
2026-08-25T16:12:28,302550639-04:00
{"state":"ACTIVE","call":true,"output":{"desired":"wired:alsa_output.platform-3f00b840.mailbox.stereo-fallback","chosen":"wired:alsa_output.platform-3f00b840.mailbox.stereo-fallback","reason":"desired output is available","candidates":[{"id":"wired:alsa_output.platform-3f00b840.mailbox.stereo-fallback","present":true,"connected":true,"adapter":null,"adapter_address":null,"setup_state":"ready"},{"id":"a2dp:C9:5C:FD:6E:28:46","present":false,"connected":false,"adapter":"hci0","adapter_address":"A0:AD:9F:73:6C:24","setup_state":"needs_setup"},{"id":"a2dp:50:D7:1B:74:34:D6","present":false,"connected":false,"adapter":"hci0","adapter_address":"A0:AD:9F:73:6C:24","setup_state":"needs_setup"},{"id":"a2dp:98:47:44:CD:73:DE","present":false,"connected":false,"adapter":"hci0","adapter_address":"A0:AD:9F:73:6C:24","setup_state":"needs_setup"}]}}
/org/bluez/hci0/dev_98_47_44_CD_73_DE b true
/org/bluez/hci1/dev_98_47_44_CD_73_DE absent
2026-08-25T16:12:29,382478925-04:00
{"state":"ACTIVE","call":true,"output":{"desired":"wired:alsa_output.platform-3f00b840.mailbox.stereo-fallback","chosen":"wired:alsa_output.platform-3f00b840.mailbox.stereo-fallback","reason":"desired output is available","candidates":[{"id":"wired:alsa_output.platform-3f00b840.mailbox.stereo-fallback","present":true,"connected":true,"adapter":null,"adapter_address":null,"setup_state":"ready"},{"id":"a2dp:C9:5C:FD:6E:28:46","present":false,"connected":false,"adapter":"hci0","adapter_address":"A0:AD:9F:73:6C:24","setup_state":"needs_setup"},{"id":"a2dp:50:D7:1B:74:34:D6","present":false,"connected":false,"adapter":"hci0","adapter_address":"A0:AD:9F:73:6C:24","setup_state":"needs_setup"},{"id":"a2dp:98:47:44:CD:73:DE","present":false,"connected":false,"adapter":"hci0","adapter_address":"A0:AD:9F:73:6C:24","setup_state":"needs_setup"}]}}
/org/bluez/hci0/dev_98_47_44_CD_73_DE b true
/org/bluez/hci1/dev_98_47_44_CD_73_DE absent
2026-08-25T16:12:30,462643980-04:00
{"state":"ACTIVE","call":true,"output":{"desired":"wired:alsa_output.platform-3f00b840.mailbox.stereo-fallback","chosen":"wired:alsa_output.platform-3f00b840.mailbox.stereo-fallback","reason":"desired output is available","candidates":[{"id":"wired:alsa_output.platform-3f00b840.mailbox.stereo-fallback","present":true,"connected":true,"adapter":null,"adapter_address":null,"setup_state":"ready"},{"id":"a2dp:C9:5C:FD:6E:28:46","present":false,"connected":false,"adapter":"hci0","adapter_address":"A0:AD:9F:73:6C:24","setup_state":"needs_setup"},{"id":"a2dp:50:D7:1B:74:34:D6","present":false,"connected":false,"adapter":"hci0","adapter_address":"A0:AD:9F:73:6C:24","setup_state":"needs_setup"},{"id":"a2dp:98:47:44:CD:73:DE","present":false,"connected":false,"adapter":"hci0","adapter_address":"A0:AD:9F:73:6C:24","setup_state":"needs_setup"}]}}
/org/bluez/hci0/dev_98_47_44_CD_73_DE b true
/org/bluez/hci1/dev_98_47_44_CD_73_DE absent
2026-08-25T16:12:31,543815123-04:00
{"state":"ACTIVE","call":true,"output":{"desired":"wired:alsa_output.platform-3f00b840.mailbox.stereo-fallback","chosen":"wired:alsa_output.platform-3f00b840.mailbox.stereo-fallback","reason":"desired output is available","candidates":[{"id":"wired:alsa_output.platform-3f00b840.mailbox.stereo-fallback","present":true,"connected":true,"adapter":null,"adapter_address":null,"setup_state":"ready"},{"id":"a2dp:C9:5C:FD:6E:28:46","present":false,"connected":false,"adapter":"hci0","adapter_address":"A0:AD:9F:73:6C:24","setup_state":"needs_setup"},{"id":"a2dp:50:D7:1B:74:34:D6","present":false,"connected":false,"adapter":"hci0","adapter_address":"A0:AD:9F:73:6C:24","setup_state":"needs_setup"},{"id":"a2dp:98:47:44:CD:73:DE","present":false,"connected":false,"adapter":"hci0","adapter_address":"A0:AD:9F:73:6C:24","setup_state":"needs_setup"}]}}
/org/bluez/hci0/dev_98_47_44_CD_73_DE b true
/org/bluez/hci1/dev_98_47_44_CD_73_DE absent
2026-08-25T16:12:32,623742471-04:00
{"state":"ACTIVE","call":true,"output":{"desired":"wired:alsa_output.platform-3f00b840.mailbox.stereo-fallback","chosen":"wired:alsa_output.platform-3f00b840.mailbox.stereo-fallback","reason":"desired output is available","candidates":[{"id":"wired:alsa_output.platform-3f00b840.mailbox.stereo-fallback","present":true,"connected":true,"adapter":null,"adapter_address":null,"setup_state":"ready"},{"id":"a2dp:C9:5C:FD:6E:28:46","present":false,"connected":false,"adapter":"hci0","adapter_address":"A0:AD:9F:73:6C:24","setup_state":"needs_setup"},{"id":"a2dp:50:D7:1B:74:34:D6","present":false,"connected":false,"adapter":"hci0","adapter_address":"A0:AD:9F:73:6C:24","setup_state":"needs_setup"},{"id":"a2dp:98:47:44:CD:73:DE","present":false,"connected":false,"adapter":"hci0","adapter_address":"A0:AD:9F:73:6C:24","setup_state":"needs_setup"}]}}
/org/bluez/hci0/dev_98_47_44_CD_73_DE b true
/org/bluez/hci1/dev_98_47_44_CD_73_DE absent
2026-08-25T16:12:33,703973568-04:00
{"state":"ACTIVE","call":true,"output":{"desired":"wired:alsa_output.platform-3f00b840.mailbox.stereo-fallback","chosen":"wired:alsa_output.platform-3f00b840.mailbox.stereo-fallback","reason":"desired output is available","candidates":[{"id":"wired:alsa_output.platform-3f00b840.mailbox.stereo-fallback","present":true,"connected":true,"adapter":null,"adapter_address":null,"setup_state":"ready"},{"id":"a2dp:C9:5C:FD:6E:28:46","present":false,"connected":false,"adapter":"hci0","adapter_address":"A0:AD:9F:73:6C:24","setup_state":"needs_setup"},{"id":"a2dp:50:D7:1B:74:34:D6","present":false,"connected":false,"adapter":"hci0","adapter_address":"A0:AD:9F:73:6C:24","setup_state":"needs_setup"},{"id":"a2dp:98:47:44:CD:73:DE","present":false,"connected":false,"adapter":"hci0","adapter_address":"A0:AD:9F:73:6C:24","setup_state":"needs_setup"}]}}
/org/bluez/hci0/dev_98_47_44_CD_73_DE b true
/org/bluez/hci1/dev_98_47_44_CD_73_DE absent
2026-08-25T16:12:34,783765084-04:00
{"state":"ACTIVE","call":true,"output":{"desired":"wired:alsa_output.platform-3f00b840.mailbox.stereo-fallback","chosen":"wired:alsa_output.platform-3f00b840.mailbox.stereo-fallback","reason":"desired output is available","candidates":[{"id":"wired:alsa_output.platform-3f00b840.mailbox.stereo-fallback","present":true,"connected":true,"adapter":null,"adapter_address":null,"setup_state":"ready"},{"id":"a2dp:C9:5C:FD:6E:28:46","present":false,"connected":false,"adapter":"hci0","adapter_address":"A0:AD:9F:73:6C:24","setup_state":"needs_setup"},{"id":"a2dp:50:D7:1B:74:34:D6","present":false,"connected":false,"adapter":"hci0","adapter_address":"A0:AD:9F:73:6C:24","setup_state":"needs_setup"},{"id":"a2dp:98:47:44:CD:73:DE","present":false,"connected":false,"adapter":"hci0","adapter_address":"A0:AD:9F:73:6C:24","setup_state":"needs_setup"}]}}
/org/bluez/hci0/dev_98_47_44_CD_73_DE b true
/org/bluez/hci1/dev_98_47_44_CD_73_DE absent
2026-08-25T16:12:35,863414727-04:00
{"state":"ACTIVE","call":true,"output":{"desired":"wired:alsa_output.platform-3f00b840.mailbox.stereo-fallback","chosen":"wired:alsa_output.platform-3f00b840.mailbox.stereo-fallback","reason":"desired output is available","candidates":[{"id":"wired:alsa_output.platform-3f00b840.mailbox.stereo-fallback","present":true,"connected":true,"adapter":null,"adapter_address":null,"setup_state":"ready"},{"id":"a2dp:C9:5C:FD:6E:28:46","present":false,"connected":false,"adapter":"hci0","adapter_address":"A0:AD:9F:73:6C:24","setup_state":"needs_setup"},{"id":"a2dp:50:D7:1B:74:34:D6","present":false,"connected":false,"adapter":"hci0","adapter_address":"A0:AD:9F:73:6C:24","setup_state":"needs_setup"},{"id":"a2dp:98:47:44:CD:73:DE","present":false,"connected":false,"adapter":"hci0","adapter_address":"A0:AD:9F:73:6C:24","setup_state":"needs_setup"}]}}
/org/bluez/hci0/dev_98_47_44_CD_73_DE b true
/org/bluez/hci1/dev_98_47_44_CD_73_DE absent
