Bluetooth monitor ver 5.82
btmon[93046]: = Note: Linux version 6.18.34+rpt-..   2026-08-24 19:07:13.061289
btmon[93046]: = Note: Bluetooth subsystem versio..   2026-08-24 19:07:13.061297
= New Index: A0:AD:9F:7.. (Primary,USB,hci1)  [hci1] 2026-08-24 19:07:13.061303
= Open Index: A0:AD:9F:73:6C:24               [hci1] 2026-08-24 19:07:13.061307
= Index Info: A0:AD:9F:73:6C:24               [hci1] 2026-08-24 19:07:13.061309
= New Index: B8:27:EB:.. (Primary,UART,hci0)  [hci0] 2026-08-24 19:07:13.061312
= Open Index: B8:27:EB:43:8D:51               [hci0] 2026-08-24 19:07:13.061313
= Index Info: B8:27.. (Broadcom Corporation)  [hci0] 2026-08-24 19:07:13.061315
bluetoothctl[57097]: @ MGMT Open: bluet..   {0x0002} 2026-08-24 19:07:13.061320
bluetoothd[49821]: @ MGMT Open: bluetoo..   {0x0001} 2026-08-24 19:07:13.061324
hciconfig[93156]: @ RAW Open: hciconfig     {0x0003} 2026-08-24 19:07:18.912571
hciconfig[93156]: @ RAW Open: hc..   {0x0004} [hci0] 2026-08-24 19:07:18.912643
hciconfig[93156]: < HCI Command: Read...   #1 [hci0] 2026-08-24 19:07:18.912717
> HCI Event: Command Com.. (0x0e) plen 12  #2 [hci0] 2026-08-24 19:07:18.913301
      Read Local Version Information (0x04|0x0001) ncmd 1
        Status: Success (0x00)
        HCI version: Bluetooth 4.1 (0x07) - Revision 508 (0x01fc)
        LMP version: Bluetooth 4.1 (0x07) - Subversion 8713 (0x2209)
        Manufacturer: Broadcom Corporation (15)
          Firmware: 001.002.009
          Build: 0508
hciconfig[93156]: @ RAW Close: h..   {0x0004} [hci0] 2026-08-24 19:07:18.913581
hciconfig[93156]: @ RAW Close: hciconfig    {0x0003} 2026-08-24 19:07:18.913630
> ACL Data RX: Handl.. flags 0x02 dlen 22  #3 [hci0] 2026-08-24 19:07:20.967123
      Channel: 66 len 18 [PSM 0 mode Basic (0x00)] {chan 65535}
        19 ef 1d 0d 0a 2b 43 49 45 56 3a 20 34 2c 34 0d  .....+CIEV: 4,4.
        0a 55                                            .U              
> ACL Data RX: Handl.. flags 0x02 dlen 22  #4 [hci0] 2026-08-24 19:07:26.057075
      Channel: 66 len 18 [PSM 0 mode Basic (0x00)] {chan 65535}
        19 ef 1d 0d 0a 2b 43 49 45 56 3a 20 34 2c 33 0d  .....+CIEV: 4,3.
        0a 55                                            .U              
hciconfig[93269]: @ RAW Open: hciconfig     {0x0003} 2026-08-24 19:07:34.022665
hciconfig[93269]: @ RAW Open: hc..   {0x0004} [hci0] 2026-08-24 19:07:34.022747
hciconfig[93269]: < HCI Command: Read...   #5 [hci0] 2026-08-24 19:07:34.022816
> HCI Event: Command Com.. (0x0e) plen 12  #6 [hci0] 2026-08-24 19:07:34.023451
      Read Local Version Information (0x04|0x0001) ncmd 1
        Status: Success (0x00)
        HCI version: Bluetooth 4.1 (0x07) - Revision 508 (0x01fc)
        LMP version: Bluetooth 4.1 (0x07) - Subversion 8713 (0x2209)
        Manufacturer: Broadcom Corporation (15)
          Firmware: 001.002.009
          Build: 0508
hciconfig[93269]: @ RAW Close: h..   {0x0004} [hci0] 2026-08-24 19:07:34.023709
hciconfig[93269]: @ RAW Close: hciconfig    {0x0003} 2026-08-24 19:07:34.023766
hciconfig[93381]: @ RAW Open: hciconfig     {0x0003} 2026-08-24 19:07:49.132274
hciconfig[93381]: @ RAW Open: hc..   {0x0004} [hci0] 2026-08-24 19:07:49.132341
hciconfig[93381]: < HCI Command: Read...   #7 [hci0] 2026-08-24 19:07:49.132418
> HCI Event: Command Com.. (0x0e) plen 12  #8 [hci0] 2026-08-24 19:07:49.133181
      Read Local Version Information (0x04|0x0001) ncmd 1
        Status: Success (0x00)
        HCI version: Bluetooth 4.1 (0x07) - Revision 508 (0x01fc)
        LMP version: Bluetooth 4.1 (0x07) - Subversion 8713 (0x2209)
        Manufacturer: Broadcom Corporation (15)
          Firmware: 001.002.009
          Build: 0508
hciconfig[93381]: @ RAW Close: h..   {0x0004} [hci0] 2026-08-24 19:07:49.133434
hciconfig[93381]: @ RAW Close: hciconfig    {0x0003} 2026-08-24 19:07:49.133510
> HCI Event: Connect Req.. (0x04) plen 10  #9 [hci0] 2026-08-24 19:07:49.561472
        Address: 98:47:44:CD:73:DE (Shenzhen Boomtech Industrial Corporation)
        Class: 0x248404
          Major class: Audio/Video (headset, speaker, stereo, video, vcr)
          Minor class: Wearable Headset Device
          invalid service class
        Link type: ACL (0x01)
< HCI Command: Ac.. (0x01|0x0009) plen 7  #10 [hci0] 2026-08-24 19:07:49.561581
        Address: 98:47:44:CD:73:DE (Shenzhen Boomtech Industrial Corporation)
        Role: Central (0x00)
> HCI Event: Command Sta.. (0x0f) plen 4  #11 [hci0] 2026-08-24 19:07:49.562159
      Accept Connection Request (0x01|0x0009) ncmd 1
        Status: Success (0x00)
> HCI Event: Role Change (0x12) plen 8    #12 [hci0] 2026-08-24 19:07:49.723573
        Status: Success (0x00)
        Address: 98:47:44:CD:73:DE (Shenzhen Boomtech Industrial Corporation)
        Role: Central (0x00)
> HCI Event: Connect Co.. (0x03) plen 11  #13 [hci0] 2026-08-24 19:07:49.730340
        Status: Success (0x00)
        Handle: 11
        Address: 98:47:44:CD:73:DE (Shenzhen Boomtech Industrial Corporation)
        Link type: ACL (0x01)
        Encryption: Disabled (0x00)
< HCI Command: Re.. (0x01|0x001b) plen 2  #14 [hci0] 2026-08-24 19:07:49.730678
        Handle: 11 Address: 98:47:44:CD:73:DE (Shenzhen Boomtech Industrial Corporation)
btmon[93046]: @ RAW Open: btmon             {0x0003} 2026-08-24 19:07:49.731283
btmon[93046]: @ RAW Close: btmon            {0x0003} 2026-08-24 19:07:49.731313
> HCI Event: Command Sta.. (0x0f) plen 4  #15 [hci0] 2026-08-24 19:07:49.732417
      Read Remote Supported Features (0x01|0x001b) ncmd 1
        Status: Success (0x00)
> HCI Event: Read Remot.. (0x0b) plen 11  #16 [hci0] 2026-08-24 19:07:49.732439
        Status: Success (0x00)
        Handle: 11 Address: 98:47:44:CD:73:DE (Shenzhen Boomtech Industrial Corporation)
        Features: 0xbf 0xee 0xcd 0xfa 0xdb 0xbd 0x7b 0x87
          3 slot packets
          5 slot packets
          Encryption
          Slot offset
          Timing accuracy
          Role switch
          Sniff mode
          Power control requests
          Channel quality driven data rate (CQDDR)
          SCO link
          HV3 packets
          u-law log synchronous data
          A-law log synchronous data
          CVSD synchronous data
          Power control
          Transparent synchronous data
          Flow control lag (most significant bit)
          Broadcast Encryption
          Enhanced Data Rate ACL 2 Mbps mode
          Enhanced inquiry scan
          Interlaced inquiry scan
          Interlaced page scan
          RSSI with inquiry results
          Extended SCO link (EV3 packets)
          EV4 packets
          EV5 packets
          AFH capable peripheral
          AFH classification peripheral
          LE Supported (Controller)
          3-slot Enhanced Data Rate ACL packets
          5-slot Enhanced Data Rate ACL packets
          Pause encryption
          AFH capable central
          AFH classification central
          Enhanced Data Rate eSCO 2 Mbps mode
          3-slot Enhanced Data Rate eSCO packets
          Extended Inquiry Response
          Simultaneous LE and BR/EDR (Controller)
          Secure Simple Pairing
          Encapsulated PDU
          Erroneous Data Reporting
          Non-flushable Packet Boundary Flag
          Link Supervision Timeout Changed Event
          Inquiry TX Power Level
          Enhanced Power Control
          Extended features
< HCI Command: Re.. (0x01|0x001c) plen 3  #17 [hci0] 2026-08-24 19:07:49.732662
        Handle: 11 Address: 98:47:44:CD:73:DE (Shenzhen Boomtech Industrial Corporation)
        Page: 1
> HCI Event: Command Sta.. (0x0f) plen 4  #18 [hci0] 2026-08-24 19:07:49.733166
      Read Remote Extended Features (0x01|0x001c) ncmd 1
        Status: Success (0x00)
> HCI Event: Read Remot.. (0x23) plen 13  #19 [hci0] 2026-08-24 19:07:49.733343
        Status: Success (0x00)
        Handle: 11 Address: 98:47:44:CD:73:DE (Shenzhen Boomtech Industrial Corporation)
        Page: 1/2
        Features: 0x01 0x00 0x00 0x00 0x00 0x00 0x00 0x00
          Secure Simple Pairing (Host Support)
< HCI Command: R.. (0x01|0x0019) plen 10  #20 [hci0] 2026-08-24 19:07:49.733417
        Address: 98:47:44:CD:73:DE (Shenzhen Boomtech Industrial Corporation)
        Page scan repetition mode: R2 (0x02)
        Page scan mode: Mandatory (0x00)
        Clock offset: 0x0000
< ACL Data TX: Hand.. flags 0x00 dlen 10  #21 [hci0] 2026-08-24 19:07:49.733434
      L2CAP: Information Request (0x0a) ident 1 len 2
        Type: Extended features supported (0x0002)
> HCI Event: Command Sta.. (0x0f) plen 4  #22 [hci0] 2026-08-24 19:07:49.734263
      Remote Name Request (0x01|0x0019) ncmd 1
        Status: Success (0x00)
> HCI Event: Max Slots C.. (0x1b) plen 3  #23 [hci0] 2026-08-24 19:07:49.741949
        Handle: 11 Address: 98:47:44:CD:73:DE (Shenzhen Boomtech Industrial Corporation)
        Max slots: 5
> ACL Data RX: Hand.. flags 0x02 dlen 10  #24 [hci0] 2026-08-24 19:07:49.764314
      L2CAP: Information Request (0x0a) ident 3 len 2
        Type: Extended features supported (0x0002)
< ACL Data TX: Hand.. flags 0x00 dlen 16  #25 [hci0] 2026-08-24 19:07:49.764421
      L2CAP: Information Response (0x0b) ident 3 len 8
        Type: Extended features supported (0x0002)
        Result: Success (0x0000)
        Features: 0x000002b8
          Enhanced Retransmission Mode
          Streaming Mode
          FCS Option
          Fixed Channels
          Unicast Connectionless Data Reception
> ACL Data RX: Hand.. flags 0x02 dlen 16  #26 [hci0] 2026-08-24 19:07:49.766935
      L2CAP: Information Response (0x0b) ident 1 len 8
        Type: Extended features supported (0x0002)
        Result: Success (0x0000)
        Features: 0x000100bc
          Bi-directional QoS
          Enhanced Retransmission Mode
          Streaming Mode
          FCS Option
          Fixed Channels
          Unknown features (0x00010000)
< ACL Data TX: Hand.. flags 0x00 dlen 10  #27 [hci0] 2026-08-24 19:07:49.767051
      L2CAP: Information Request (0x0a) ident 2 len 2
        Type: Fixed channels supported (0x0003)
> HCI Event: Number of C.. (0x13) plen 5  #28 [hci0] 2026-08-24 19:07:49.768193
        Num handles: 1
        Handle: 11 Address: 98:47:44:CD:73:DE (Shenzhen Boomtech Industrial Corporation)
        Count: 2
        #21: len 10 (2 Kb/s)
        Latency: 34 msec (34-34 msec ~34 msec)
        #25: len 16 (42 Kb/s)
        Latency: 3 msec (3-34 msec ~19 msec)
> ACL Data RX: Hand.. flags 0x02 dlen 12  #29 [hci0] 2026-08-24 19:07:49.784335
      L2CAP: Connection Request (0x02) ident 4 len 4
        PSM: 1 (0x0001)
        Source CID: 82
< ACL Data TX: Hand.. flags 0x00 dlen 16  #30 [hci0] 2026-08-24 19:07:49.784452
      L2CAP: Connection Response (0x03) ident 4 len 8
        Destination CID: 64
        Source CID: 82
        Result: Connection pending (0x0001)
        Status: No further information available (0x0000)
< ACL Data TX: Hand.. flags 0x00 dlen 10  #31 [hci0] 2026-08-24 19:07:49.784517
      L2CAP: Information Request (0x0a) ident 3 len 2
        Type: Extended features supported (0x0002)
> ACL Data RX: Hand.. flags 0x02 dlen 20  #32 [hci0] 2026-08-24 19:07:49.785689
      L2CAP: Information Response (0x0b) ident 2 len 12
        Type: Fixed channels supported (0x0003)
        Result: Success (0x0000)
        Channels: 0x0000000000000052
          L2CAP Signaling (BR/EDR)
          Attribute Protocol
          Security Manager (LE)
> HCI Event: Number of C.. (0x13) plen 5  #33 [hci0] 2026-08-24 19:07:49.788109
        Num handles: 1
        Handle: 11 Address: 98:47:44:CD:73:DE (Shenzhen Boomtech Industrial Corporation)
        Count: 2
        #27: len 10 (3 Kb/s)
        Latency: 21 msec (3-34 msec ~20 msec)
        #30: len 16 (42 Kb/s)
        Latency: 3 msec (3-34 msec ~11 msec)
> HCI Event: Link Key Re.. (0x17) plen 6  #34 [hci0] 2026-08-24 19:07:49.791090
        Address: 98:47:44:CD:73:DE (Shenzhen Boomtech Industrial Corporation)
< HCI Command: L.. (0x01|0x000b) plen 22  #35 [hci0] 2026-08-24 19:07:49.791151
        Address: 98:47:44:CD:73:DE (Shenzhen Boomtech Industrial Corporation)
        Link key[16]: 11e448be443f7d06c89e0011c6a9d6db
> HCI Event: Command Co.. (0x0e) plen 10  #36 [hci0] 2026-08-24 19:07:49.793749
      Link Key Request Reply (0x01|0x000b) ncmd 1
        Status: Success (0x00)
        Address: 98:47:44:CD:73:DE (Shenzhen Boomtech Industrial Corporation)
> ACL Data RX: Hand.. flags 0x02 dlen 16  #37 [hci0] 2026-08-24 19:07:49.805646
      L2CAP: Information Response (0x0b) ident 3 len 8
        Type: Extended features supported (0x0002)
        Result: Success (0x0000)
        Features: 0x000100bc
          Bi-directional QoS
          Enhanced Retransmission Mode
          Streaming Mode
          FCS Option
          Fixed Channels
          Unknown features (0x00010000)
< ACL Data TX: Hand.. flags 0x00 dlen 10  #38 [hci0] 2026-08-24 19:07:49.805768
      L2CAP: Information Request (0x0a) ident 4 len 2
        Type: Fixed channels supported (0x0003)
> HCI Event: Number of C.. (0x13) plen 5  #39 [hci0] 2026-08-24 19:07:49.809370
        Num handles: 1
        Handle: 11 Address: 98:47:44:CD:73:DE (Shenzhen Boomtech Industrial Corporation)
        Count: 2
        #31: len 10 (3 Kb/s)
        Latency: 24 msec (3-34 msec ~18 msec)
        #38: len 10 (26 Kb/s)
        Latency: 3 msec (3-34 msec ~10 msec)
> HCI Event: Remote Na.. (0x07) plen 255  #40 [hci0] 2026-08-24 19:07:49.829562
        Status: Success (0x00)
        Address: 98:47:44:CD:73:DE (Shenzhen Boomtech Industrial Corporation)
        Name: Soundcore Space A40
@ MGMT Event: De.. (0x000b) plen 39  {0x0001} [hci0] 2026-08-24 19:07:49.829699
        BR/EDR Address: 98:47:44:CD:73:DE (Shenzhen Boomtech Industrial Corporation)
        Flags: 0x00000000
        Data length: 26
        Name (complete): Soundcore Space A40
        Class: 0x248404
          Major class: Audio/Video (headset, speaker, stereo, video, vcr)
          Minor class: Wearable Headset Device
          invalid service class
> HCI Event: Encryption... (0x08) plen 4  #41 [hci0] 2026-08-24 19:07:49.862711
        Status: Success (0x00)
        Handle: 11 Address: 98:47:44:CD:73:DE (Shenzhen Boomtech Industrial Corporation)
        Encryption: Enabled with E0 (0x01)
< HCI Command: Re.. (0x05|0x0008) plen 2  #42 [hci0] 2026-08-24 19:07:49.862809
        Handle: 11 Address: 98:47:44:CD:73:DE (Shenzhen Boomtech Industrial Corporation)
> HCI Event: Command Com.. (0x0e) plen 7  #43 [hci0] 2026-08-24 19:07:49.863283
      Read Encryption Key Size (0x05|0x0008) ncmd 1
        Status: Success (0x00)
        Handle: 11 Address: 98:47:44:CD:73:DE (Shenzhen Boomtech Industrial Corporation)
        Key size: 16
< ACL Data TX: Hand.. flags 0x00 dlen 16  #44 [hci0] 2026-08-24 19:07:49.863359
      L2CAP: Connection Response (0x03) ident 4 len 8
        Destination CID: 64
        Source CID: 82
        Result: Connection successful (0x0000)
        Status: No further information available (0x0000)
< ACL Data TX: Hand.. flags 0x00 dlen 23  #45 [hci0] 2026-08-24 19:07:49.863373
      L2CAP: Configure Request (0x04) ident 5 len 15
        Destination CID: 82
        Flags: 0x0000
        Option: Retransmission and Flow Control (0x04) [mandatory]
          Mode: Basic (0x00)
          TX window size: 0
          Max transmit: 0
          Retransmission timeout: 0
          Monitor timeout: 0
          Maximum PDU size: 0
> ACL Data RX: Hand.. flags 0x02 dlen 20  #46 [hci0] 2026-08-24 19:07:49.864440
      L2CAP: Information Response (0x0b) ident 4 len 12
        Type: Fixed channels supported (0x0003)
        Result: Success (0x0000)
        Channels: 0x0000000000000052
          L2CAP Signaling (BR/EDR)
          Attribute Protocol
          Security Manager (LE)
> HCI Event: Number of C.. (0x13) plen 5  #47 [hci0] 2026-08-24 19:07:49.894975
        Num handles: 1
        Handle: 11 Address: 98:47:44:CD:73:DE (Shenzhen Boomtech Industrial Corporation)
        Count: 2
        #44: len 16 (4 Kb/s)
        Latency: 31 msec (3-34 msec ~21 msec)
        #45: len 23 (5 Kb/s)
        Latency: 31 msec (3-34 msec ~26 msec)
> ACL Data RX: Hand.. flags 0x02 dlen 12  #48 [hci0] 2026-08-24 19:07:49.908114
      L2CAP: Configure Request (0x04) ident 5 len 4
        Destination CID: 64
        Flags: 0x0000
< ACL Data TX: Hand.. flags 0x00 dlen 18  #49 [hci0] 2026-08-24 19:07:49.908195
      L2CAP: Configure Response (0x05) ident 5 len 10
        Source CID: 82
        Flags: 0x0000
        Result: Success (0x0000)
        Option: Maximum Transmission Unit (0x01) [mandatory]
          MTU: 672
> ACL Data RX: Hand.. flags 0x02 dlen 14  #50 [hci0] 2026-08-24 19:07:49.909395
      L2CAP: Configure Response (0x05) ident 5 len 6
        Source CID: 64
        Flags: 0x0000
        Result: Success (0x0000)
> ACL Data RX: Hand.. flags 0x02 dlen 25  #51 [hci0] 2026-08-24 19:07:49.932017
      Channel: 64 len 21 [PSM 1 mode Basic (0x00)] {chan 0}
      SDP: Service Search Attribute Request (0x06) tid 1 len 16
        Search pattern: [len 5]
          Sequence (6) with 3 bytes [8 extra bits] len 5
            UUID (3) with 2 bytes [0 extra bits] len 3
              L2CAP (0x0100)
        Max record count: 1280
        Attribute list: [len 8]
          Sequence (6) with 6 bytes [8 extra bits] len 8
            Unsigned Integer (1) with 2 bytes [0 extra bits] len 3
              0x0001
            Unsigned Integer (1) with 2 bytes [0 extra bits] len 3
              0x0004
        Continuation state: 0
bluetoothd[49821]: < ACL Data TX: Han..   #52 [hci0] 2026-08-24 19:07:49.933372
      Channel: 82 len 350 [PSM 1 mode Basic (0x00)] {chan 0}
      SDP: Service Search Attribute Response (0x07) tid 1 len 345
        Attribute bytes: 342
          Attribute list: [len 32] {position 0}
            Attribute: Service Class ID List (0x0001) [len 2]
              UUID (3) with 2 bytes [0 extra bits] len 3
                Generic Access Profile (0x1800)
            Attribute: Protocol Descriptor List (0x0004) [len 2]
              Sequence (6) with 6 bytes [8 extra bits] len 8
                UUID (3) with 2 bytes [0 extra bits] len 3
                  L2CAP (0x0100)
                Unsigned Integer (1) with 2 bytes [0 extra bits] len 3
                  0x001f
              Sequence (6) with 9 bytes [8 extra bits] len 11
                UUID (3) with 2 bytes [0 extra bits] len 3
                  ATT (0x0007)
                Unsigned Integer (1) with 2 bytes [0 extra bits] len 3
                  0x0001
                Unsigned Integer (1) with 2 bytes [0 extra bits] len 3
                  0x0005
          Attribute list: [len 32] {position 1}
            Attribute: Service Class ID List (0x0001) [len 2]
              UUID (3) with 2 bytes [0 extra bits] len 3
                Generic Attribute Profile (0x1801)
            Attribute: Protocol Descriptor List (0x0004) [len 2]
              Sequence (6) with 6 bytes [8 extra bits] len 8
                UUID (3) with 2 bytes [0 extra bits] len 3
                  L2CAP (0x0100)
                Unsigned Integer (1) with 2 bytes [0 extra bits] len 3
                  0x001f
              Sequence (6) with 9 bytes [8 extra bits] len 11
                UUID (3) with 2 bytes [0 extra bits] len 3
                  ATT (0x0007)
                Unsigned Integer (1) with 2 bytes [0 extra bits] len 3
                  0x0006
                Unsigned Integer (1) with 2 bytes [0 extra bits] len 3
                  0x000f
          Attribute list: [len 32] {position 2}
            Attribute: Service Class ID List (0x0001) [len 2]
              UUID (3) with 2 bytes [0 extra bits] len 3
                Device Information (0x180a)
            Attribute: Protocol Descriptor List (0x0004) [len 2]
              Sequence (6) with 6 bytes [8 extra bits] len 8
                UUID (3) with 2 bytes [0 extra bits] len 3
                  L2CAP (0x0100)
                Unsigned Integer (1) with 2 bytes [0 extra bits] len 3
                  0x001f
              Sequence (6) with 9 bytes [8 extra bits] len 11
                UUID (3) with 2 bytes [0 extra bits] len 3
                  ATT (0x0007)
                Unsigned Integer (1) with 2 bytes [0 extra bits] len 3
                  0x0010
                Unsigned Integer (1) with 2 bytes [0 extra bits] len 3
                  0x0012
          Attribute list: [len 32] {position 3}
            Attribute: Service Class ID List (0x0001) [len 2]
              UUID (3) with 2 bytes [0 extra bits] len 3
                A/V Remote Control (0x110e)
              UUID (3) with 2 bytes [0 extra bits] len 3
                A/V Remote Control Controller (0x110f)
            Attribute: Protocol Descriptor List (0x0004) [len 2]
              Sequence (6) with 6 bytes [8 extra bits] len 8
                UUID (3) with 2 bytes [0 extra bits] len 3
                  L2CAP (0x0100)
                Unsigned Integer (1) with 2 bytes [0 extra bits] len 3
                  0x0017
              Sequence (6) with 6 bytes [8 extra bits] len 8
                UUID (3) with 2 bytes [0 extra bits] len 3
                  AVCTP (0x0017)
                Unsigned Integer (1) with 2 bytes [0 extra bits] len 3
                  0x0104
          Attribute list: [len 29] {position 4}
            Attribute: Service Class ID List (0x0001) [len 2]
              UUID (3) with 2 bytes [0 extra bits] len 3
                A/V Remote Control Target (0x110c)
            Attribute: Protocol Descriptor List (0x0004) [len 2]
              Sequence (6) with 6 bytes [8 extra bits] len 8
                UUID (3) with 2 bytes [0 extra bits] len 3
                  L2CAP (0x0100)
                Unsigned Integer (1) with 2 bytes [0 extra bits] len 3
                  0x0017
              Sequence (6) with 6 bytes [8 extra bits] len 8
                UUID (3) with 2 bytes [0 extra bits] len 3
                  AVCTP (0x0017)
                Unsigned Integer (1) with 2 bytes [0 extra bits] len 3
                  0x0104
          Attribute list: [len 28] {position 5}
            Attribute: Service Class ID List (0x0001) [len 2]
              UUID (3) with 2 bytes [0 extra bits] len 3
                SIM Access (0x112d)
              UUID (3) with 2 bytes [0 extra bits] len 3
                Generic Telephony (0x1204)
            Attribute: Protocol Descriptor List (0x0004) [len 2]
              Sequence (6) with 3 bytes [8 extra bits] len 5
                UUID (3) with 2 bytes [0 extra bits] len 3
                  L2CAP (0x0100)
              Sequence (6) with 5 bytes [8 extra bits] len 7
                UUID (3) with 2 bytes [0 extra bits] len 3
                  RFCOMM (0x0003)
                Unsigned Integer (1) with 1 byte [0 extra bits] len 2
                  0x08
          Attribute list: [len 31] {position 6}
            Attribute: Service Class ID List (0x0001) [len 2]
              UUID (3) with 2 bytes [0 extra bits] len 3
                Headset (0x1108)
              UUID (3) with 2 bytes [0 extra bits] len 3
                Headset HS (0x1131)
              UUID (3) with 2 bytes [0 extra bits] len 3
                Generic Audio (0x1203)
            Attribute: Protocol Descriptor List (0x0004) [len 2]
              Sequence (6) with 3 bytes [8 extra bits] len 5
                UUID (3) with 2 bytes [0 extra bits] len 3
                  L2CAP (0x0100)
              Sequence (6) with 5 bytes [8 extra bits] len 7
                UUID (3) with 2 bytes [0 extra bits] len 3
                  RFCOMM (0x0003)
                Unsigned Integer (1) with 1 byte [0 extra bits] len 2
                  0x03
          Attribute list: [len 28] {position 7}
            Attribute: Service Class ID List (0x0001) [len 2]
              UUID (3) with 2 bytes [0 extra bits] len 3
                Handsfree (0x111e)
              UUID (3) with 2 bytes [0 extra bits] len 3
                Generic Audio (0x1203)
            Attribute: Protocol Descriptor List (0x0004) [len 2]
              Sequence (6) with 3 bytes [8 extra bits] len 5
                UUID (3) with 2 bytes [0 extra bits] len 3
                  L2CAP (0x0100)
              Sequence (6) with 5 bytes [8 extra bits] len 7
                UUID (3) with 2 bytes [0 extra bits] len 3
                  RFCOMM (0x0003)
                Unsigned Integer (1) with 1 byte [0 extra bits] len 2
                  0x07
          Attribute list: [len 29] {position 8}
            Attribute: Service Class ID List (0x0001) [len 2]
              UUID (3) with 2 bytes [0 extra bits] len 3
                Audio Source (0x110a)
            Attribute: Protocol Descriptor List (0x0004) [len 2]
              Sequence (6) with 6 bytes [8 extra bits] len 8
                UUID (3) with 2 bytes [0 extra bits] len 3
                  L2CAP (0x0100)
                Unsigned Integer (1) with 2 bytes [0 extra bits] len 3
                  0x0019
              Sequence (6) with 6 bytes [8 extra bits] len 8
                UUID (3) with 2 bytes [0 extra bits] len 3
                  AVDTP (0x0019)
                Unsigned Integer (1) with 2 bytes [0 extra bits] len 3
                  0x0103
          Attribute list: [len 46] {position 9}
            Attribute: Service Class ID List (0x0001) [len 2]
              UUID (3) with 16 bytes [0 extra bits] len 17
                03b80e5a-ede8-4b33-a751-6ce34ec4c700
            Attribute: Protocol Descriptor List (0x0004) [len 2]
              Sequence (6) with 6 bytes [8 extra bits] len 8
                UUID (3) with 2 bytes [0 extra bits] len 3
                  L2CAP (0x0100)
                Unsigned Integer (1) with 2 bytes [0 extra bits] len 3
                  0x001f
              Sequence (6) with 9 bytes [8 extra bits] len 11
                UUID (3) with 2 bytes [0 extra bits] len 3
                  ATT (0x0007)
                Unsigned Integer (1) with 2 bytes [0 extra bits] len 3
                  0x001d
                Unsigned Integer (1) with 2 bytes [0 extra bits] len 3
                  0x0021
        Continuation state: 0
> HCI Event: Number of C.. (0x13) plen 5  #53 [hci0] 2026-08-24 19:07:49.953207
        Num handles: 1
        Handle: 11 Address: 98:47:44:CD:73:DE (Shenzhen Boomtech Industrial Corporation)
        Count: 2
        #49: len 18 (3 Kb/s)
        Latency: 45 msec (3-45 msec ~35 msec)
        #52: len 354 (149 Kb/s)
        Latency: 19 msec (3-45 msec ~27 msec)
        Channel: 82 [PSM 1 mode Basic (0x00)] {chan 0}
        Channel Latency: 19 msec (19-19 msec ~19 msec)
> ACL Data RX: Hand.. flags 0x02 dlen 12  #54 [hci0] 2026-08-24 19:07:49.963144
      L2CAP: Disconnection Request (0x06) ident 6 len 4
        Destination CID: 64
        Source CID: 82
< ACL Data TX: Hand.. flags 0x00 dlen 12  #55 [hci0] 2026-08-24 19:07:49.963266
      L2CAP: Disconnection Response (0x07) ident 6 len 4
        Destination CID: 64
        Source CID: 82
> ACL Data RX: Hand.. flags 0x02 dlen 12  #56 [hci0] 2026-08-24 19:07:49.986868
      L2CAP: Connection Request (0x02) ident 7 len 4
        PSM: 25 (0x0019)
        Source CID: 82
< ACL Data TX: Hand.. flags 0x00 dlen 16  #57 [hci0] 2026-08-24 19:07:49.987036
      L2CAP: Connection Response (0x03) ident 7 len 8
        Destination CID: 64
        Source CID: 82
        Result: Connection pending (0x0001)
        Status: Authorization pending (0x0002)
< ACL Data TX: Hand.. flags 0x00 dlen 16  #58 [hci0] 2026-08-24 19:07:49.987696
      L2CAP: Connection Response (0x03) ident 7 len 8
        Destination CID: 64
        Source CID: 82
        Result: Connection successful (0x0000)
        Status: No further information available (0x0000)
< ACL Data TX: Hand.. flags 0x00 dlen 27  #59 [hci0] 2026-08-24 19:07:49.987764
      L2CAP: Configure Request (0x04) ident 6 len 19
        Destination CID: 82
        Flags: 0x0000
        Option: Maximum Transmission Unit (0x01) [mandatory]
          MTU: 1021
        Option: Retransmission and Flow Control (0x04) [mandatory]
          Mode: Basic (0x00)
          TX window size: 0
          Max transmit: 0
          Retransmission timeout: 0
          Monitor timeout: 0
          Maximum PDU size: 0
> ACL Data RX: Hand.. flags 0x02 dlen 12  #60 [hci0] 2026-08-24 19:07:49.988187
      L2CAP: Connection Request (0x02) ident 8 len 4
        PSM: 23 (0x0017)
        Source CID: 81
< ACL Data TX: Hand.. flags 0x00 dlen 16  #61 [hci0] 2026-08-24 19:07:49.988350
      L2CAP: Connection Response (0x03) ident 8 len 8
        Destination CID: 65
        Source CID: 81
        Result: Connection pending (0x0001)
        Status: Authorization pending (0x0002)
< ACL Data TX: Hand.. flags 0x00 dlen 16  #62 [hci0] 2026-08-24 19:07:49.989050
      L2CAP: Connection Response (0x03) ident 8 len 8
        Destination CID: 65
        Source CID: 81
        Result: Connection successful (0x0000)
        Status: No further information available (0x0000)
< ACL Data TX: Hand.. flags 0x00 dlen 23  #63 [hci0] 2026-08-24 19:07:49.989131
      L2CAP: Configure Request (0x04) ident 7 len 15
        Destination CID: 81
        Flags: 0x0000
        Option: Retransmission and Flow Control (0x04) [mandatory]
          Mode: Basic (0x00)
          TX window size: 0
          Max transmit: 0
          Retransmission timeout: 0
          Monitor timeout: 0
          Maximum PDU size: 0
> HCI Event: Number of C.. (0x13) plen 5  #64 [hci0] 2026-08-24 19:07:49.999400
        Num handles: 1
        Handle: 11 Address: 98:47:44:CD:73:DE (Shenzhen Boomtech Industrial Corporation)
        Count: 2
        #55: len 12 (2 Kb/s)
        Latency: 36 msec (3-45 msec ~31 msec)
        #57: len 16 (10 Kb/s)
        Latency: 12 msec (3-45 msec ~22 msec)
> ACL Data RX: Hand.. flags 0x02 dlen 12  #65 [hci0] 2026-08-24 19:07:50.019437
      L2CAP: Configure Request (0x04) ident 9 len 4
        Destination CID: 64
        Flags: 0x0000
> HCI Event: Number of C.. (0x13) plen 5  #66 [hci0] 2026-08-24 19:07:50.019527
        Num handles: 1
        Handle: 11 Address: 98:47:44:CD:73:DE (Shenzhen Boomtech Industrial Corporation)
        Count: 2
        #58: len 16 (4 Kb/s)
        Latency: 31 msec (3-45 msec ~26 msec)
        #59: len 27 (6 Kb/s)
        Latency: 31 msec (3-45 msec ~29 msec)
< ACL Data TX: Hand.. flags 0x00 dlen 18  #67 [hci0] 2026-08-24 19:07:50.019552
      L2CAP: Configure Response (0x05) ident 9 len 10
        Source CID: 82
        Flags: 0x0000
        Result: Success (0x0000)
        Option: Maximum Transmission Unit (0x01) [mandatory]
          MTU: 672
> HCI Event: Number of C.. (0x13) plen 5  #68 [hci0] 2026-08-24 19:07:50.043181
        Num handles: 1
        Handle: 11 Address: 98:47:44:CD:73:DE (Shenzhen Boomtech Industrial Corporation)
        Count: 2
        #61: len 16 (2 Kb/s)
        Latency: 54 msec (3-54 msec ~42 msec)
        #62: len 16 (2 Kb/s)
        Latency: 54 msec (3-54 msec ~48 msec)
> ACL Data RX: Hand.. flags 0x02 dlen 14  #69 [hci0] 2026-08-24 19:07:50.044438
      L2CAP: Configure Response (0x05) ident 6 len 6
        Source CID: 64
        Flags: 0x0000
        Result: Success (0x0000)
> HCI Event: Number of C.. (0x13) plen 5  #70 [hci0] 2026-08-24 19:07:50.046941
        Num handles: 1
        Handle: 11 Address: 98:47:44:CD:73:DE (Shenzhen Boomtech Industrial Corporation)
        Count: 2
        #63: len 23 (3 Kb/s)
        Latency: 57 msec (3-57 msec ~52 msec)
        #67: len 18 (5 Kb/s)
        Latency: 27 msec (3-57 msec ~40 msec)
> ACL Data RX: Hand.. flags 0x02 dlen 16  #71 [hci0] 2026-08-24 19:07:50.061975
      L2CAP: Configure Request (0x04) ident 10 len 8
        Destination CID: 65
        Flags: 0x0000
        Option: Maximum Transmission Unit (0x01) [mandatory]
          MTU: 48
< ACL Data TX: Hand.. flags 0x00 dlen 18  #72 [hci0] 2026-08-24 19:07:50.062061
      L2CAP: Configure Response (0x05) ident 10 len 10
        Source CID: 81
        Flags: 0x0000
        Result: Success (0x0000)
        Option: Maximum Transmission Unit (0x01) [mandatory]
          MTU: 48
> ACL Data RX: Hand.. flags 0x02 dlen 14  #73 [hci0] 2026-08-24 19:07:50.063209
      L2CAP: Configure Response (0x05) ident 7 len 6
        Source CID: 65
        Flags: 0x0000
        Result: Success (0x0000)
bluetoothd[49821]: < ACL Data TX: Han..   #74 [hci0] 2026-08-24 19:07:50.069955
      Channel: 81 len 14 [PSM 23 mode Basic (0x00)] {chan 1}
      AVCTP Control: Command: type 0x00 label 0 PID 0x110e
        AV/C: Status: address 0x48 opcode 0x00
          Subunit: Panel
          Opcode: Vendor Dependent
          Company ID: 0x001958
          AVRCP: GetCapabilities pt Single len 0x0001
            CapabilityID: 0x03 (EventsID)
> ACL Data RX: Handl.. flags 0x02 dlen 6  #75 [hci0] 2026-08-24 19:07:50.065661
      Channel: 64 len 2 [PSM 25 mode Basic (0x00)] {chan 0}
      AVDTP: Discover (0x01) Command (0x00) type 0x00 label 0 nosp 0
bluetoothd[49821]: < ACL Data TX: Han..   #76 [hci0] 2026-08-24 19:07:50.070458
      Channel: 82 len 4 [PSM 25 mode Basic (0x00)] {chan 0}
      AVDTP: Discover (0x01) Response Accept (0x02) type 0x00 label 0 nosp 0
        ACP SEID: 1
          Media Type: Audio (0x00)
          SEP Type: SRC (0x00)
          In use: No
> ACL Data RX: Hand.. flags 0x02 dlen 18  #77 [hci0] 2026-08-24 19:07:50.085779
      Channel: 65 len 14 [PSM 23 mode Basic (0x00)] {chan 1}
      AVCTP Control: Command: type 0x00 label 0 PID 0x110e
        AV/C: Status: address 0x48 opcode 0x00
          Subunit: Panel
          Opcode: Vendor Dependent
          Company ID: 0x001958
          AVRCP: GetCapabilities pt Single len 0x0001
            CapabilityID: 0x03 (EventsID)
> HCI Event: Number of C.. (0x13) plen 5  #78 [hci0] 2026-08-24 19:07:50.085931
        Num handles: 1
        Handle: 11 Address: 98:47:44:CD:73:DE (Shenzhen Boomtech Industrial Corporation)
        Count: 2
        #72: len 18 (6 Kb/s)
        Latency: 23 msec (3-57 msec ~32 msec)
        #74: len 18 (9 Kb/s)
        Latency: 15 msec (3-57 msec ~23 msec)
        Channel: 81 [PSM 23 mode Basic (0x00)] {chan 1}
        Channel Latency: 15 msec (15-15 msec ~15 msec)
bluetoothd[49821]: < ACL Data TX: Han..   #79 [hci0] 2026-08-24 19:07:50.086312
      Channel: 81 len 22 [PSM 23 mode Basic (0x00)] {chan 1}
      AVCTP Control: Response: type 0x00 label 0 PID 0x110e
        AV/C: Stable: address 0x48 opcode 0x00
          Subunit: Panel
          Opcode: Vendor Dependent
          Company ID: 0x001958
          AVRCP: GetCapabilities pt Single len 0x0009
            CapabilityID: 0x03 (EventsID)
            CapabilityCount: 0x07
            EventsID: 0x01 (EVENT_PLAYBACK_STATUS_CHANGED)
            EventsID: 0x02 (EVENT_TRACK_CHANGED)
            EventsID: 0x03 (EVENT_TRACK_REACHED_END)
            EventsID: 0x04 (EVENT_TRACK_REACHED_START)
            EventsID: 0x08 (EVENT_PLAYER_APPLICATION_SETTING_CHANGED)
            EventsID: 0x0a (EVENT_AVAILABLE_PLAYERS_CHANGED)
            EventsID: 0x0b (EVENT_ADDRESSED_PLAYER_CHANGED)
> HCI Event: Number of C.. (0x13) plen 5  #80 [hci0] 2026-08-24 19:07:50.091953
        Num handles: 1
        Handle: 11 Address: 98:47:44:CD:73:DE (Shenzhen Boomtech Industrial Corporation)
        Count: 2
        #76: len 8 (3 Kb/s)
        Latency: 21 msec (3-57 msec ~22 msec)
        Channel: 82 [PSM 25 mode Basic (0x00)] {chan 0}
        Channel Latency: 21 msec (21-21 msec ~21 msec)
        #79: len 26 (41 Kb/s)
        Latency: 5 msec (3-57 msec ~14 msec)
        Channel: 81 [PSM 23 mode Basic (0x00)] {chan 1}
        Channel Latency: 5 msec (5-15 msec ~10 msec)
> ACL Data RX: Handl.. flags 0x02 dlen 7  #81 [hci0] 2026-08-24 19:07:50.108122
      Channel: 64 len 3 [PSM 25 mode Basic (0x00)] {chan 0}
      AVDTP: Get All Capabilities (0x0c) Command (0x00) type 0x00 label 0 nosp 0
        ACP SEID: 1
bluetoothd[49821]: < ACL Data TX: Han..   #82 [hci0] 2026-08-24 19:07:50.108595
      Channel: 82 len 14 [PSM 25 mode Basic (0x00)] {chan 0}
      AVDTP: Get All Capabilities (0x0c) Response Accept (0x02) type 0x00 label 0 nosp 0
        Service Category: Media Transport (0x01)
        Service Category: Media Codec (0x07)
          Media Type: Audio (0x00)
          Media Codec: SBC (0x00)
            Frequency: 0xf0
              16000
              32000
              44100
              48000
            Channel Mode: 0x0f
              Mono
              Dual Channel
              Stereo
              Joint Stereo
            Block Length: 0xf0
              4
              8
              12
              16
            Subbands: 0x0c
              4
              8
            Allocation Method: 0x03
              SNR
              Loudness
            Minimum Bitpool: 2
            Maximum Bitpool: 64
        Service Category: Delay Reporting (0x08)
> ACL Data RX: Hand.. flags 0x02 dlen 20  #83 [hci0] 2026-08-24 19:07:50.109524
      Channel: 65 len 16 [PSM 23 mode Basic (0x00)] {chan 1}
      AVCTP Control: Response: type 0x00 label 0 PID 0x110e
        AV/C: Stable: address 0x48 opcode 0x00
          Subunit: Panel
          Opcode: Vendor Dependent
          Company ID: 0x001958
          AVRCP: GetCapabilities pt Single len 0x0003
            CapabilityID: 0x03 (EventsID)
            CapabilityCount: 0x01
            EventsID: 0x0d (EVENT_VOLUME_CHANGED)
bluetoothd[49821]: < ACL Data TX: Han..   #84 [hci0] 2026-08-24 19:07:50.110187
      Channel: 81 len 18 [PSM 23 mode Basic (0x00)] {chan 1}
      AVCTP Control: Command: type 0x00 label 1 PID 0x110e
        AV/C: Notify: address 0x48 opcode 0x00
          Subunit: Panel
          Opcode: Vendor Dependent
          Company ID: 0x001958
          AVRCP: RegisterNotification pt Single len 0x0005
            EventID: 0x0d (EVENT_VOLUME_CHANGED)
            Interval: 0x00000000 (0 seconds)
> ACL Data RX: Hand.. flags 0x02 dlen 22  #85 [hci0] 2026-08-24 19:07:50.115818
      Channel: 65 len 18 [PSM 23 mode Basic (0x00)] {chan 1}
      AVCTP Control: Command: type 0x00 label 0 PID 0x110e
        AV/C: Notify: address 0x48 opcode 0x00
          Subunit: Panel
          Opcode: Vendor Dependent
          Company ID: 0x001958
          AVRCP: RegisterNotification pt Single len 0x0005
            EventID: 0x01 (EVENT_PLAYBACK_STATUS_CHANGED)
            Interval: 0x00000000 (0 seconds)
bluetoothd[49821]: < ACL Data TX: Han..   #86 [hci0] 2026-08-24 19:07:50.116136
      Channel: 81 len 15 [PSM 23 mode Basic (0x00)] {chan 1}
      AVCTP Control: Response: type 0x00 label 0 PID 0x110e
        AV/C: Interim: address 0x48 opcode 0x00
          Subunit: Panel
          Opcode: Vendor Dependent
          Company ID: 0x001958
          AVRCP: RegisterNotification pt Single len 0x0002
            EventID: 0x01 (EVENT_PLAYBACK_STATUS_CHANGED)
            PlayStatus: 0x00 (STOPPED)
> HCI Event: Number of C.. (0x13) plen 5  #87 [hci0] 2026-08-24 19:07:50.116959
        Num handles: 1
        Handle: 11 Address: 98:47:44:CD:73:DE (Shenzhen Boomtech Industrial Corporation)
        Count: 2
        #82: len 18 (18 Kb/s)
        Latency: 8 msec (3-57 msec ~11 msec)
        Channel: 82 [PSM 25 mode Basic (0x00)] {chan 0}
        Channel Latency: 8 msec (8-21 msec ~14 msec)
        #84: len 22 (29 Kb/s)
        Latency: 6 msec (3-57 msec ~9 msec)
        Channel: 81 [PSM 23 mode Basic (0x00)] {chan 1}
        Channel Latency: 6 msec (5-15 msec ~8 msec)
> ACL Data RX: Hand.. flags 0x02 dlen 19  #88 [hci0] 2026-08-24 19:07:50.137063
      Channel: 65 len 15 [PSM 23 mode Basic (0x00)] {chan 1}
      AVCTP Control: Response: type 0x00 label 1 PID 0x110e
        AV/C: Interim: address 0x48 opcode 0x00
          Subunit: Panel
          Opcode: Vendor Dependent
          Company ID: 0x001958
          AVRCP: RegisterNotification pt Single len 0x0002
            EventID: 0x0d (EVENT_VOLUME_CHANGED)
            Volume: 100.00% (127/127)
> ACL Data RX: Hand.. flags 0x02 dlen 18  #89 [hci0] 2026-08-24 19:07:50.138252
      Channel: 64 len 14 [PSM 25 mode Basic (0x00)] {chan 0}
      AVDTP: Set Configuration (0x03) Command (0x00) type 0x00 label 0 nosp 0
        ACP SEID: 1
        INT SEID: 2
        Service Category: Media Transport (0x01)
        Service Category: Media Codec (0x07)
          Media Type: Audio (0x00)
          Media Codec: SBC (0x00)
            Frequency: 48000 (0x10)
            Channel Mode: Joint Stereo (0x01)
            Block Length: 16 (0x10)
            Subbands: 8 (0x04)
            Allocation Method: Loudness (0x01)
            Minimum Bitpool: 2
            Maximum Bitpool: 43
bluetoothd[49821]: < ACL Data TX: Han..   #90 [hci0] 2026-08-24 19:07:50.151283
      Channel: 82 len 2 [PSM 25 mode Basic (0x00)] {chan 0}
      AVDTP: Set Configuration (0x03) Response Accept (0x02) type 0x00 label 0 nosp 0
> HCI Event: Number of C.. (0x13) plen 5  #91 [hci0] 2026-08-24 19:07:50.160813
        Num handles: 1
        Handle: 11 Address: 98:47:44:CD:73:DE (Shenzhen Boomtech Industrial Corporation)
        Count: 2
        #86: len 19 (3 Kb/s)
        Latency: 44 msec (3-57 msec ~26 msec)
        Channel: 81 [PSM 23 mode Basic (0x00)] {chan 1}
        Channel Latency: 44 msec (5-44 msec ~26 msec)
        #90: len 6 (5 Kb/s)
        Latency: 9 msec (3-57 msec ~18 msec)
        Channel: 82 [PSM 25 mode Basic (0x00)] {chan 0}
        Channel Latency: 9 msec (8-21 msec ~12 msec)
> ACL Data RX: Handl.. flags 0x02 dlen 7  #92 [hci0] 2026-08-24 19:07:50.166913
      Channel: 64 len 3 [PSM 25 mode Basic (0x00)] {chan 0}
      AVDTP: Open (0x06) Command (0x00) type 0x00 label 0 nosp 0
        ACP SEID: 1
bluetoothd[49821]: < ACL Data TX: Han..   #93 [hci0] 2026-08-24 19:07:50.167510
      Channel: 82 len 2 [PSM 25 mode Basic (0x00)] {chan 0}
      AVDTP: Open (0x06) Response Accept (0x02) type 0x00 label 0 nosp 0
> ACL Data RX: Hand.. flags 0x02 dlen 12  #94 [hci0] 2026-08-24 19:07:50.190705
      L2CAP: Connection Request (0x02) ident 11 len 4
        PSM: 25 (0x0019)
        Source CID: 80
< ACL Data TX: Hand.. flags 0x00 dlen 16  #95 [hci0] 2026-08-24 19:07:50.190965
      L2CAP: Connection Response (0x03) ident 11 len 8
        Destination CID: 66
        Source CID: 80
        Result: Connection pending (0x0001)
        Status: Authorization pending (0x0002)
< ACL Data TX: Hand.. flags 0x00 dlen 16  #96 [hci0] 2026-08-24 19:07:50.191912
      L2CAP: Connection Response (0x03) ident 11 len 8
        Destination CID: 66
        Source CID: 80
        Result: Connection successful (0x0000)
        Status: No further information available (0x0000)
< ACL Data TX: Hand.. flags 0x00 dlen 27  #97 [hci0] 2026-08-24 19:07:50.191969
      L2CAP: Configure Request (0x04) ident 8 len 19
        Destination CID: 80
        Flags: 0x0000
        Option: Maximum Transmission Unit (0x01) [mandatory]
          MTU: 1021
        Option: Retransmission and Flow Control (0x04) [mandatory]
          Mode: Basic (0x00)
          TX window size: 0
          Max transmit: 0
          Retransmission timeout: 0
          Monitor timeout: 0
          Maximum PDU size: 0
> HCI Event: Number of C.. (0x13) plen 5  #98 [hci0] 2026-08-24 19:07:50.194530
        Num handles: 1
        Handle: 11 Address: 98:47:44:CD:73:DE (Shenzhen Boomtech Industrial Corporation)
        Count: 2
        #93: len 6 (1 Kb/s)
        Latency: 27 msec (3-57 msec ~22 msec)
        Channel: 82 [PSM 25 mode Basic (0x00)] {chan 0}
        Channel Latency: 27 msec (8-27 msec ~19 msec)
        #95: len 16 (42 Kb/s)
        Latency: 3 msec (3-57 msec ~13 msec)
> ACL Data RX: Hand.. flags 0x02 dlen 16  #99 [hci0] 2026-08-24 19:07:50.214644
      L2CAP: Configure Request (0x04) ident 12 len 8
        Destination CID: 66
        Flags: 0x0000
        Option: Maximum Transmission Unit (0x01) [mandatory]
          MTU: 679
> HCI Event: Number of... (0x13) plen 5  #100 [hci0] 2026-08-24 19:07:50.214718
        Num handles: 1
        Handle: 11 Address: 98:47:44:CD:73:DE (Shenzhen Boomtech Industrial Corporation)
        Count: 2
        #96: len 16 (5 Kb/s)
        Latency: 22 msec (3-57 msec ~17 msec)
        #97: len 27 (9 Kb/s)
        Latency: 22 msec (3-57 msec ~20 msec)
< ACL Data TX: Han.. flags 0x00 dlen 18  #101 [hci0] 2026-08-24 19:07:50.214758
      L2CAP: Configure Response (0x05) ident 12 len 10
        Source CID: 80
        Flags: 0x0000
        Result: Success (0x0000)
        Option: Maximum Transmission Unit (0x01) [mandatory]
          MTU: 679
> ACL Data RX: Han.. flags 0x02 dlen 14  #102 [hci0] 2026-08-24 19:07:50.223335
      L2CAP: Configure Response (0x05) ident 8 len 6
        Source CID: 66
        Flags: 0x0000
        Result: Success (0x0000)
> HCI Event: Number of... (0x13) plen 5  #103 [hci0] 2026-08-24 19:07:50.431868
        Num handles: 1
        Handle: 11 Address: 98:47:44:CD:73:DE (Shenzhen Boomtech Industrial Corporation)
        Count: 1
        #101: len 18 (0 Kb/s)
        Latency: 217 msec (3-217 msec ~118 msec)
> ACL Data RX: Hand.. flags 0x02 dlen 7  #104 [hci0] 2026-08-24 19:07:50.950938
      Channel: 64 len 3 [PSM 25 mode Basic (0x00)] {chan 0}
      AVDTP: Close (0x08) Command (0x00) type 0x00 label 0 nosp 0
        ACP SEID: 1
bluetoothd[49821]: < ACL Data TX: Ha..   #105 [hci0] 2026-08-24 19:07:50.951338
      Channel: 82 len 2 [PSM 25 mode Basic (0x00)] {chan 0}
      AVDTP: Close (0x08) Response Accept (0x02) type 0x00 label 0 nosp 0
> ACL Data RX: Han.. flags 0x02 dlen 12  #106 [hci0] 2026-08-24 19:07:50.952181
      L2CAP: Disconnection Request (0x06) ident 13 len 4
        Destination CID: 65
        Source CID: 81
< ACL Data TX: Han.. flags 0x00 dlen 12  #107 [hci0] 2026-08-24 19:07:50.952283
      L2CAP: Disconnection Response (0x07) ident 13 len 4
        Destination CID: 65
        Source CID: 81
> HCI Event: Number of... (0x13) plen 5  #108 [hci0] 2026-08-24 19:07:50.964689
        Num handles: 1
        Handle: 11 Address: 98:47:44:CD:73:DE (Shenzhen Boomtech Industrial Corporation)
        Count: 2
        #105: len 6 (3 Kb/s)
        Latency: 13 msec (3-217 msec ~66 msec)
        Channel: 82 [PSM 25 mode Basic (0x00)] {chan 0}
        Channel Latency: 13 msec (8-27 msec ~16 msec)
        #107: len 12 (8 Kb/s)
        Latency: 12 msec (3-217 msec ~39 msec)
> ACL Data RX: Han.. flags 0x02 dlen 12  #109 [hci0] 2026-08-24 19:07:50.996133
      L2CAP: Disconnection Request (0x06) ident 14 len 4
        Destination CID: 66
        Source CID: 80
< ACL Data TX: Han.. flags 0x00 dlen 12  #110 [hci0] 2026-08-24 19:07:50.996223
      L2CAP: Disconnection Response (0x07) ident 14 len 4
        Destination CID: 66
        Source CID: 80
> ACL Data RX: Han.. flags 0x02 dlen 12  #111 [hci0] 2026-08-24 19:07:51.010935
      L2CAP: Disconnection Request (0x06) ident 15 len 4
        Destination CID: 64
        Source CID: 82
< ACL Data TX: Han.. flags 0x00 dlen 12  #112 [hci0] 2026-08-24 19:07:51.011029
      L2CAP: Disconnection Response (0x07) ident 15 len 4
        Destination CID: 64
        Source CID: 82
> HCI Event: Number of... (0x13) plen 5  #113 [hci0] 2026-08-24 19:07:51.163931
        Num handles: 1
        Handle: 11 Address: 98:47:44:CD:73:DE (Shenzhen Boomtech Industrial Corporation)
        Count: 2
        #110: len 12 (0 Kb/s)
        Latency: 167 msec (3-217 msec ~103 msec)
        #112: len 12 (0 Kb/s)
        Latency: 152 msec (3-217 msec ~128 msec)
> HCI Event: Disconnect.. (0x05) plen 4  #114 [hci0] 2026-08-24 19:07:51.164030
        Status: Success (0x00)
        Handle: 11 Address: 98:47:44:CD:73:DE (Shenzhen Boomtech Industrial Corporation)
        Reason: Remote User Terminated Connection (0x13)
@ MGMT Event: Dev.. (0x000c) plen 8  {0x0001} [hci0] 2026-08-24 19:07:51.164052
        BR/EDR Address: 98:47:44:CD:73:DE (Shenzhen Boomtech Industrial Corporation)
        Reason: Connection terminated by remote host (0x03)
> ACL Data RX: Hand.. flags 0x02 dlen 8  #115 [hci0] 2026-08-24 19:07:54.639166
      Channel: 66 len 4 [PSM 0 mode Basic (0x00)] {chan 65535}
        61 53 01 22                                      aS."            
< ACL Data TX: Hand.. flags 0x00 dlen 8  #116 [hci0] 2026-08-24 19:07:54.639286
      Channel: 74 len 4 [PSM 0 mode Basic (0x00)] {chan 65535}
        61 73 01 08                                      as..            
> HCI Event: Number of... (0x13) plen 5  #117 [hci0] 2026-08-24 19:07:54.805983
        Num handles: 1
        Handle: 12
        Count: 1
< HCI Command: Cr.. (0x01|0x0005) plen 13  #1 [hci1] 2026-08-24 19:07:59.645068
        Address: 5C:33:7B:CB:BF:C5 (Google, Inc.)
        Packet type: 0xcc18
          DM1 may be used
          DH1 may be used
          DM3 may be used
          DH3 may be used
          DM5 may be used
          DH5 may be used
        Page scan repetition mode: R2 (0x02)
        Page scan mode: Mandatory (0x00)
        Clock offset: 0x0000
        Role switch: Allow peripheral (0x01)
> HCI Event: Command Status (0x0f) plen 4  #2 [hci1] 2026-08-24 19:07:59.648578
      Create Connection (0x01|0x0005) ncmd 2
        Status: Success (0x00)
> HCI Event: Role Change (0x12) plen 8     #3 [hci1] 2026-08-24 19:08:00.090594
        Status: Success (0x00)
        Address: 5C:33:7B:CB:BF:C5 (Google, Inc.)
        Role: Peripheral (0x01)
> HCI Event: Connect Com.. (0x03) plen 11  #4 [hci1] 2026-08-24 19:08:00.093577
        Status: Success (0x00)
        Handle: 5
        Address: 5C:33:7B:CB:BF:C5 (Google, Inc.)
        Link type: ACL (0x01)
        Encryption: Disabled (0x00)
< HCI Command: Rea.. (0x01|0x001b) plen 2  #5 [hci1] 2026-08-24 19:08:00.093955
        Handle: 5 Address: 5C:33:7B:CB:BF:C5 (Google, Inc.)
btmon[93046]: @ RAW Open: btmon             {0x0003} 2026-08-24 19:08:00.094380
btmon[93046]: @ RAW Close: btmon            {0x0003} 2026-08-24 19:08:00.094397
> HCI Event: Command Status (0x0f) plen 4  #6 [hci1] 2026-08-24 19:08:00.098587
      Read Remote Supported Features (0x01|0x001b) ncmd 2
        Status: Success (0x00)
> HCI Event: Read Remote.. (0x0b) plen 11  #7 [hci1] 2026-08-24 19:08:00.100570
        Status: Success (0x00)
        Handle: 5 Address: 5C:33:7B:CB:BF:C5 (Google, Inc.)
        Features: 0xff 0xfe 0x8f 0xfe 0xd8 0x3f 0x5b 0x87
          3 slot packets
          5 slot packets
          Encryption
          Slot offset
          Timing accuracy
          Role switch
          Hold mode
          Sniff mode
          Power control requests
          Channel quality driven data rate (CQDDR)
          SCO link
          HV2 packets
          HV3 packets
          u-law log synchronous data
          A-law log synchronous data
          CVSD synchronous data
          Paging parameter negotiation
          Power control
          Transparent synchronous data
          Broadcast Encryption
          Enhanced Data Rate ACL 2 Mbps mode
          Enhanced Data Rate ACL 3 Mbps mode
          Enhanced inquiry scan
          Interlaced inquiry scan
          Interlaced page scan
          RSSI with inquiry results
          Extended SCO link (EV3 packets)
          AFH capable peripheral
          AFH classification peripheral
          LE Supported (Controller)
          3-slot Enhanced Data Rate ACL packets
          5-slot Enhanced Data Rate ACL packets
          Sniff subrating
          Pause encryption
          AFH capable central
          AFH classification central
          Enhanced Data Rate eSCO 2 Mbps mode
          Extended Inquiry Response
          Simultaneous LE and BR/EDR (Controller)
          Secure Simple Pairing
          Encapsulated PDU
          Non-flushable Packet Boundary Flag
          Link Supervision Timeout Changed Event
          Inquiry TX Power Level
          Enhanced Power Control
          Extended features
< HCI Command: Rea.. (0x01|0x001c) plen 3  #8 [hci1] 2026-08-24 19:08:00.100629
        Handle: 5 Address: 5C:33:7B:CB:BF:C5 (Google, Inc.)
        Page: 1
> HCI Event: Command Status (0x0f) plen 4  #9 [hci1] 2026-08-24 19:08:00.103615
      Read Remote Extended Features (0x01|0x001c) ncmd 2
        Status: Success (0x00)
> HCI Event: Read Remot.. (0x23) plen 13  #10 [hci1] 2026-08-24 19:08:00.105601
        Status: Success (0x00)
        Handle: 5 Address: 5C:33:7B:CB:BF:C5 (Google, Inc.)
        Page: 1/2
        Features: 0x0b 0x00 0x00 0x00 0x00 0x00 0x00 0x00
          Secure Simple Pairing (Host Support)
          LE Supported (Host)
          Secure Connections (Host Support)
< HCI Command: R.. (0x01|0x0019) plen 10  #11 [hci1] 2026-08-24 19:08:00.105734
        Address: 5C:33:7B:CB:BF:C5 (Google, Inc.)
        Page scan repetition mode: R2 (0x02)
        Page scan mode: Mandatory (0x00)
        Clock offset: 0x0000
< ACL Data TX: Hand.. flags 0x00 dlen 10  #12 [hci1] 2026-08-24 19:08:00.105765
      L2CAP: Information Request (0x0a) ident 1 len 2
        Type: Extended features supported (0x0002)
> HCI Event: Max Slots C.. (0x1b) plen 3  #13 [hci1] 2026-08-24 19:08:00.108593
        Handle: 5 Address: 5C:33:7B:CB:BF:C5 (Google, Inc.)
        Max slots: 5
> HCI Event: Command Sta.. (0x0f) plen 4  #14 [hci1] 2026-08-24 19:08:00.110591
      Remote Name Request (0x01|0x0019) ncmd 2
        Status: Success (0x00)
> HCI Event: Number of C.. (0x13) plen 5  #15 [hci1] 2026-08-24 19:08:00.112609
        Num handles: 1
        Handle: 5 Address: 5C:33:7B:CB:BF:C5 (Google, Inc.)
        Count: 1
        #12: len 10 (13 Kb/s)
        Latency: 6 msec (6-6 msec ~6 msec)
> HCI Event: Max Slots C.. (0x1b) plen 3  #16 [hci1] 2026-08-24 19:08:00.114583
        Handle: 5 Address: 5C:33:7B:CB:BF:C5 (Google, Inc.)
        Max slots: 5
> HCI Event: Remote Na.. (0x07) plen 255  #17 [hci1] 2026-08-24 19:08:00.121570
        Status: Success (0x00)
        Address: 5C:33:7B:CB:BF:C5 (Google, Inc.)
        Name: Pixel 7a
@ MGMT Event: De.. (0x000b) plen 23  {0x0001} [hci1] 2026-08-24 19:08:00.121627
        BR/EDR Address: 5C:33:7B:CB:BF:C5 (Google, Inc.)
        Flags: 0x00000008
          Connection Locally Initiated
        Data length: 10
        Name (complete): Pixel 7a
> HCI Event: Link Superv.. (0x38) plen 4  #18 [hci1] 2026-08-24 19:08:00.125591
        Handle: 5 Address: 5C:33:7B:CB:BF:C5 (Google, Inc.)
        Timeout: 5000.000 msec (0x1f40)
> ACL Data RX: Hand.. flags 0x02 dlen 10  #19 [hci1] 2026-08-24 19:08:00.126532
      L2CAP: Information Request (0x0a) ident 2 len 2
        Type: Extended features supported (0x0002)
> ACL Data RX: Hand.. flags 0x02 dlen 16  #20 [hci1] 2026-08-24 19:08:00.126558
      L2CAP: Information Response (0x0b) ident 1 len 8
        Type: Extended features supported (0x0002)
        Result: Success (0x0000)
        Features: 0x000000b8
          Enhanced Retransmission Mode
          Streaming Mode
          FCS Option
          Fixed Channels
< ACL Data TX: Hand.. flags 0x00 dlen 16  #21 [hci1] 2026-08-24 19:08:00.126675
      L2CAP: Information Response (0x0b) ident 2 len 8
        Type: Extended features supported (0x0002)
        Result: Success (0x0000)
        Features: 0x000002b8
          Enhanced Retransmission Mode
          Streaming Mode
          FCS Option
          Fixed Channels
          Unicast Connectionless Data Reception
< ACL Data TX: Hand.. flags 0x00 dlen 10  #22 [hci1] 2026-08-24 19:08:00.126718
      L2CAP: Information Request (0x0a) ident 2 len 2
        Type: Fixed channels supported (0x0003)
> HCI Event: Number of C.. (0x13) plen 5  #23 [hci1] 2026-08-24 19:08:00.135598
        Num handles: 1
        Handle: 5 Address: 5C:33:7B:CB:BF:C5 (Google, Inc.)
        Count: 1
        #21: len 16 (16 Kb/s)
        Latency: 8 msec (6-8 msec ~7 msec)
> HCI Event: Number of C.. (0x13) plen 5  #24 [hci1] 2026-08-24 19:08:00.137576
        Num handles: 1
        Handle: 5 Address: 5C:33:7B:CB:BF:C5 (Google, Inc.)
        Count: 1
        #22: len 10 (8 Kb/s)
        Latency: 10 msec (6-10 msec ~9 msec)
> ACL Data RX: Hand.. flags 0x02 dlen 10  #25 [hci1] 2026-08-24 19:08:00.149892
      L2CAP: Information Request (0x0a) ident 3 len 2
        Type: Fixed channels supported (0x0003)
> ACL Data RX: Hand.. flags 0x02 dlen 20  #26 [hci1] 2026-08-24 19:08:00.149899
      L2CAP: Information Response (0x0b) ident 2 len 12
        Type: Fixed channels supported (0x0003)
        Result: Success (0x0000)
        Channels: 0x0000000000000082
          L2CAP Signaling (BR/EDR)
          Security Manager (BR/EDR)
< ACL Data TX: Hand.. flags 0x00 dlen 20  #27 [hci1] 2026-08-24 19:08:00.149970
      L2CAP: Information Response (0x0b) ident 3 len 12
        Type: Fixed channels supported (0x0003)
        Result: Success (0x0000)
        Channels: 0x0000000000000086
          L2CAP Signaling (BR/EDR)
          Connectionless reception
          Security Manager (BR/EDR)
< ACL Data TX: Hand.. flags 0x00 dlen 12  #28 [hci1] 2026-08-24 19:08:00.149985
      L2CAP: Connection Request (0x02) ident 3 len 4
        PSM: 1 (0x0001)
        Source CID: 64
> HCI Event: Number of C.. (0x13) plen 5  #29 [hci1] 2026-08-24 19:08:00.154575
        Num handles: 1
        Handle: 5 Address: 5C:33:7B:CB:BF:C5 (Google, Inc.)
        Count: 1
        #27: len 20 (40 Kb/s)
        Latency: 4 msec (4-10 msec ~6 msec)
> HCI Event: Number of C.. (0x13) plen 5  #30 [hci1] 2026-08-24 19:08:00.156569
        Num handles: 1
        Handle: 5 Address: 5C:33:7B:CB:BF:C5 (Google, Inc.)
        Count: 1
        #28: len 12 (16 Kb/s)
        Latency: 6 msec (4-10 msec ~6 msec)
> ACL Data RX: Hand.. flags 0x02 dlen 16  #31 [hci1] 2026-08-24 19:08:00.193900
      L2CAP: Connection Response (0x03) ident 3 len 8
        Destination CID: 86
        Source CID: 64
        Result: Connection successful (0x0000)
        Status: No further information available (0x0000)
> ACL Data RX: Hand.. flags 0x02 dlen 16  #32 [hci1] 2026-08-24 19:08:00.193912
      L2CAP: Configure Request (0x04) ident 4 len 8
        Destination CID: 64
        Flags: 0x0000
        Option: Maximum Transmission Unit (0x01) [mandatory]
          MTU: 1024
< ACL Data TX: Hand.. flags 0x00 dlen 23  #33 [hci1] 2026-08-24 19:08:00.193989
      L2CAP: Configure Request (0x04) ident 4 len 15
        Destination CID: 86
        Flags: 0x0000
        Option: Retransmission and Flow Control (0x04) [mandatory]
          Mode: Basic (0x00)
          TX window size: 0
          Max transmit: 0
          Retransmission timeout: 0
          Monitor timeout: 0
          Maximum PDU size: 0
< ACL Data TX: Hand.. flags 0x00 dlen 18  #34 [hci1] 2026-08-24 19:08:00.194005
      L2CAP: Configure Response (0x05) ident 4 len 10
        Source CID: 86
        Flags: 0x0000
        Result: Success (0x0000)
        Option: Maximum Transmission Unit (0x01) [mandatory]
          MTU: 1024
> HCI Event: Number of C.. (0x13) plen 5  #35 [hci1] 2026-08-24 19:08:00.219579
        Num handles: 1
        Handle: 5 Address: 5C:33:7B:CB:BF:C5 (Google, Inc.)
        Count: 1
        #33: len 23 (7 Kb/s)
        Latency: 25 msec (4-25 msec ~16 msec)
> HCI Event: Number of C.. (0x13) plen 5  #36 [hci1] 2026-08-24 19:08:00.221574
        Num handles: 1
        Handle: 5 Address: 5C:33:7B:CB:BF:C5 (Google, Inc.)
        Count: 1
        #34: len 18 (5 Kb/s)
        Latency: 27 msec (4-27 msec ~21 msec)
> ACL Data RX: Hand.. flags 0x02 dlen 14  #37 [hci1] 2026-08-24 19:08:00.257879
      L2CAP: Configure Response (0x05) ident 4 len 6
        Source CID: 64
        Flags: 0x0000
        Result: Success (0x0000)
sdptool[93467]: < ACL Data TX: Handle 5   #38 [hci1] 2026-08-24 19:08:00.258155
      Channel: 86 len 20 [PSM 1 mode Basic (0x00)] {chan 0}
      SDP: Service Search Attribute Request (0x06) tid 0 len 15
        Search pattern: [len 5]
          Sequence (6) with 3 bytes [8 extra bits] len 5
            UUID (3) with 2 bytes [0 extra bits] len 3
              Public Browse Root (0x1002)
        Max record count: 65535
        Attribute list: [len 7]
          Sequence (6) with 5 bytes [8 extra bits] len 7
            Unsigned Integer (1) with 4 bytes [0 extra bits] len 5
              0x0000ffff
        Continuation state: 0
> HCI Event: Number of C.. (0x13) plen 5  #39 [hci1] 2026-08-24 19:08:00.289589
        Num handles: 1
        Handle: 5 Address: 5C:33:7B:CB:BF:C5 (Google, Inc.)
        Count: 1
        #38: len 24 (6 Kb/s)
        Latency: 31 msec (4-31 msec ~26 msec)
        Channel: 86 [PSM 1 mode Basic (0x00)] {chan 0}
        Channel Latency: 31 msec (31-31 msec ~31 msec)
> ACL Data RX: Han.. flags 0x02 dlen 676  #40 [hci1] 2026-08-24 19:08:00.341895
      Channel: 64 len 672 [PSM 1 mode Basic (0x00)] {chan 0}
      SDP: Service Search Attribute Response (0x07) tid 0 len 667
        Attribute bytes: 662
        Continuation state: 2
        02 96                                            ..              
sdptool[93467]: < ACL Data TX: Handle 5   #41 [hci1] 2026-08-24 19:08:00.342103
      Channel: 86 len 22 [PSM 1 mode Basic (0x00)] {chan 0}
      SDP: Service Search Attribute Request (0x06) tid 1 len 17
        Search pattern: [len 5]
          Sequence (6) with 3 bytes [8 extra bits] len 5
            UUID (3) with 2 bytes [0 extra bits] len 3
              Public Browse Root (0x1002)
        Max record count: 65535
        Attribute list: [len 7]
          Sequence (6) with 5 bytes [8 extra bits] len 7
            Unsigned Integer (1) with 4 bytes [0 extra bits] len 5
              0x0000ffff
        Continuation state: 2
        02 96                                            ..              
> HCI Event: Number of C.. (0x13) plen 5  #42 [hci1] 2026-08-24 19:08:00.349577
        Num handles: 1
        Handle: 5 Address: 5C:33:7B:CB:BF:C5 (Google, Inc.)
        Count: 1
        #41: len 26 (29 Kb/s)
        Latency: 7 msec (4-31 msec ~17 msec)
        Channel: 86 [PSM 1 mode Basic (0x00)] {chan 0}
        Channel Latency: 7 msec (7-31 msec ~19 msec)
> ACL Data RX: Han.. flags 0x02 dlen 676  #43 [hci1] 2026-08-24 19:08:00.369887
      Channel: 64 len 672 [PSM 1 mode Basic (0x00)] {chan 0}
      SDP: Service Search Attribute Response (0x07) tid 1 len 667
        Attribute bytes: 662
        Continuation state: 2
        05 2c                                            .,              
sdptool[93467]: < ACL Data TX: Handle 5   #44 [hci1] 2026-08-24 19:08:00.370013
      Channel: 86 len 22 [PSM 1 mode Basic (0x00)] {chan 0}
      SDP: Service Search Attribute Request (0x06) tid 2 len 17
        Search pattern: [len 5]
          Sequence (6) with 3 bytes [8 extra bits] len 5
            UUID (3) with 2 bytes [0 extra bits] len 3
              Public Browse Root (0x1002)
        Max record count: 65535
        Attribute list: [len 7]
          Sequence (6) with 5 bytes [8 extra bits] len 7
            Unsigned Integer (1) with 4 bytes [0 extra bits] len 5
              0x0000ffff
        Continuation state: 2
        05 2c                                            .,              
> HCI Event: Number of C.. (0x13) plen 5  #45 [hci1] 2026-08-24 19:08:00.390588
        Num handles: 1
        Handle: 5 Address: 5C:33:7B:CB:BF:C5 (Google, Inc.)
        Count: 1
        #44: len 26 (10 Kb/s)
        Latency: 20 msec (4-31 msec ~18 msec)
        Channel: 86 [PSM 1 mode Basic (0x00)] {chan 0}
        Channel Latency: 20 msec (7-31 msec ~20 msec)
> ACL Data RX: Han.. flags 0x02 dlen 309  #46 [hci1] 2026-08-24 19:08:00.405876
      Channel: 64 len 305 [PSM 1 mode Basic (0x00)] {chan 0}
      SDP: Service Search Attribute Response (0x07) tid 2 len 300
        Attribute bytes: 297
        Continuation state: 0
        Combined attribute bytes: 1621
          Attribute list: [len 48] {position 0}
            Attribute: Service Record Handle (0x0000) [len 2]
              0x00010000
            Attribute: Service Class ID List (0x0001) [len 2]
              UUID (3) with 2 bytes [0 extra bits] len 3
                Generic Attribute Profile (0x1801)
            Attribute: Protocol Descriptor List (0x0004) [len 2]
              Sequence (6) with 6 bytes [8 extra bits] len 8
                UUID (3) with 2 bytes [0 extra bits] len 3
                  L2CAP (0x0100)
                Unsigned Integer (1) with 2 bytes [0 extra bits] len 3
                  0x001f
              Sequence (6) with 9 bytes [8 extra bits] len 11
                UUID (3) with 2 bytes [0 extra bits] len 3
                  ATT (0x0007)
                Unsigned Integer (1) with 2 bytes [0 extra bits] len 3
                  0x0001
                Unsigned Integer (1) with 2 bytes [0 extra bits] len 3
                  0x0009
            Attribute: Browse Group List (0x0005) [len 2]
              UUID (3) with 2 bytes [0 extra bits] len 3
                Public Browse Root (0x1002)
          Attribute list: [len 48] {position 1}
            Attribute: Service Record Handle (0x0000) [len 2]
              0x00010001
            Attribute: Service Class ID List (0x0001) [len 2]
              UUID (3) with 2 bytes [0 extra bits] len 3
                Generic Access Profile (0x1800)
            Attribute: Protocol Descriptor List (0x0004) [len 2]
              Sequence (6) with 6 bytes [8 extra bits] len 8
                UUID (3) with 2 bytes [0 extra bits] len 3
                  L2CAP (0x0100)
                Unsigned Integer (1) with 2 bytes [0 extra bits] len 3
                  0x001f
              Sequence (6) with 9 bytes [8 extra bits] len 11
                UUID (3) with 2 bytes [0 extra bits] len 3
                  ATT (0x0007)
                Unsigned Integer (1) with 2 bytes [0 extra bits] len 3
                  0x0014
                Unsigned Integer (1) with 2 bytes [0 extra bits] len 3
                  0x001a
            Attribute: Browse Group List (0x0005) [len 2]
              UUID (3) with 2 bytes [0 extra bits] len 3
                Public Browse Root (0x1002)
          Attribute list: [len 91] {position 2}
            Attribute: Service Record Handle (0x0000) [len 2]
              0x00010003
            Attribute: Service Class ID List (0x0001) [len 2]
              UUID (3) with 2 bytes [0 extra bits] len 3
                Audio Source (0x110a)
            Attribute: Protocol Descriptor List (0x0004) [len 2]
              Sequence (6) with 6 bytes [8 extra bits] len 8
                UUID (3) with 2 bytes [0 extra bits] len 3
                  L2CAP (0x0100)
                Unsigned Integer (1) with 2 bytes [0 extra bits] len 3
                  0x0019
              Sequence (6) with 6 bytes [8 extra bits] len 8
                UUID (3) with 2 bytes [0 extra bits] len 3
                  AVDTP (0x0019)
                Unsigned Integer (1) with 2 bytes [0 extra bits] len 3
                  0x0103
            Attribute: Browse Group List (0x0005) [len 2]
              UUID (3) with 2 bytes [0 extra bits] len 3
                Public Browse Root (0x1002)
            Attribute: Bluetooth Profile Descriptor List (0x0009) [len 2]
              Sequence (6) with 6 bytes [8 extra bits] len 8
                UUID (3) with 2 bytes [0 extra bits] len 3
                  Advanced Audio Distribution (0x110d)
                Unsigned Integer (1) with 2 bytes [0 extra bits] len 3
                  0x0103
            Attribute: Unknown (0x0100) [len 2]
              Advanced Audio Source [len 22]
            Attribute: Unknown (0x0311) [len 2]
              0x0001
          Attribute list: [len 117] {position 3}
            Attribute: Service Record Handle (0x0000) [len 2]
              0x00010004
            Attribute: Service Class ID List (0x0001) [len 2]
              UUID (3) with 2 bytes [0 extra bits] len 3
                A/V Remote Control Target (0x110c)
            Attribute: Protocol Descriptor List (0x0004) [len 2]
              Sequence (6) with 6 bytes [8 extra bits] len 8
                UUID (3) with 2 bytes [0 extra bits] len 3
                  L2CAP (0x0100)
                Unsigned Integer (1) with 2 bytes [0 extra bits] len 3
                  0x0017
              Sequence (6) with 6 bytes [8 extra bits] len 8
                UUID (3) with 2 bytes [0 extra bits] len 3
                  AVCTP (0x0017)
                Unsigned Integer (1) with 2 bytes [0 extra bits] len 3
                  0x0104
            Attribute: Browse Group List (0x0005) [len 2]
              UUID (3) with 2 bytes [0 extra bits] len 3
                Public Browse Root (0x1002)
            Attribute: Bluetooth Profile Descriptor List (0x0009) [len 2]
              Sequence (6) with 6 bytes [8 extra bits] len 8
                UUID (3) with 2 bytes [0 extra bits] len 3
                  A/V Remote Control (0x110e)
                Unsigned Integer (1) with 2 bytes [0 extra bits] len 3
                  0x0105
            Attribute: Additional Protocol Descriptor List (0x000d) [len 2]
              Sequence (6) with 16 bytes [8 extra bits] len 18
                Sequence (6) with 6 bytes [8 extra bits] len 8
                  UUID (3) with 2 bytes [0 extra bits] len 3
                    L2CAP (0x0100)
                  Unsigned Integer (1) with 2 bytes [0 extra bits] len 3
                    0x001b
                Sequence (6) with 6 bytes [8 extra bits] len 8
                  UUID (3) with 2 bytes [0 extra bits] len 3
                    AVCTP (0x0017)
                  Unsigned Integer (1) with 2 bytes [0 extra bits] len 3
                    0x0104
            Attribute: Unknown (0x0100) [len 2]
              AV Remote Control Target [len 25]
            Attribute: Unknown (0x0311) [len 2]
              0x00c1
          Attribute list: [len 87] {position 4}
            Attribute: Service Record Handle (0x0000) [len 2]
              0x00010005
            Attribute: Service Class ID List (0x0001) [len 2]
              UUID (3) with 2 bytes [0 extra bits] len 3
                A/V Remote Control (0x110e)
            Attribute: Protocol Descriptor List (0x0004) [len 2]
              Sequence (6) with 6 bytes [8 extra bits] len 8
                UUID (3) with 2 bytes [0 extra bits] len 3
                  L2CAP (0x0100)
                Unsigned Integer (1) with 2 bytes [0 extra bits] len 3
                  0x0017
              Sequence (6) with 6 bytes [8 extra bits] len 8
                UUID (3) with 2 bytes [0 extra bits] len 3
                  AVCTP (0x0017)
                Unsigned Integer (1) with 2 bytes [0 extra bits] len 3
                  0x0102
            Attribute: Browse Group List (0x0005) [len 2]
              UUID (3) with 2 bytes [0 extra bits] len 3
                Public Browse Root (0x1002)
            Attribute: Bluetooth Profile Descriptor List (0x0009) [len 2]
              Sequence (6) with 6 bytes [8 extra bits] len 8
                UUID (3) with 2 bytes [0 extra bits] len 3
                  A/V Remote Control (0x110e)
                Unsigned Integer (1) with 2 bytes [0 extra bits] len 3
                  0x0103
            Attribute: Unknown (0x0100) [len 2]
              AV Remote Control [len 18]
            Attribute: Unknown (0x0311) [len 2]
              0x0002
          Attribute list: [len 78] {position 5}
            Attribute: Service Record Handle (0x0000) [len 2]
              0x00010006
            Attribute: Service Class ID List (0x0001) [len 2]
              UUID (3) with 2 bytes [0 extra bits] len 3
                Headset AG (0x1112)
              UUID (3) with 2 bytes [0 extra bits] len 3
                Generic Audio (0x1203)
            Attribute: Protocol Descriptor List (0x0004) [len 2]
              Sequence (6) with 3 bytes [8 extra bits] len 5
                UUID (3) with 2 bytes [0 extra bits] len 3
                  L2CAP (0x0100)
              Sequence (6) with 5 bytes [8 extra bits] len 7
                UUID (3) with 2 bytes [0 extra bits] len 3
                  RFCOMM (0x0003)
                Unsigned Integer (1) with 1 byte [0 extra bits] len 2
                  0x02
            Attribute: Browse Group List (0x0005) [len 2]
              UUID (3) with 2 bytes [0 extra bits] len 3
                Public Browse Root (0x1002)
            Attribute: Bluetooth Profile Descriptor List (0x0009) [len 2]
              Sequence (6) with 6 bytes [8 extra bits] len 8
                UUID (3) with 2 bytes [0 extra bits] len 3
                  Headset (0x1108)
                Unsigned Integer (1) with 2 bytes [0 extra bits] len 3
                  0x0102
            Attribute: Unknown (0x0100) [len 2]
              Headset Gateway [len 16]
          Attribute list: [len 91] {position 6}
            Attribute: Service Record Handle (0x0000) [len 2]
              0x00010007
            Attribute: Service Class ID List (0x0001) [len 2]
              UUID (3) with 2 bytes [0 extra bits] len 3
                Handsfree Audio Gateway (0x111f)
              UUID (3) with 2 bytes [0 extra bits] len 3
                Generic Audio (0x1203)
            Attribute: Protocol Descriptor List (0x0004) [len 2]
              Sequence (6) with 3 bytes [8 extra bits] len 5
                UUID (3) with 2 bytes [0 extra bits] len 3
                  L2CAP (0x0100)
              Sequence (6) with 5 bytes [8 extra bits] len 7
                UUID (3) with 2 bytes [0 extra bits] len 3
                  RFCOMM (0x0003)
                Unsigned Integer (1) with 1 byte [0 extra bits] len 2
                  0x03
            Attribute: Browse Group List (0x0005) [len 2]
              UUID (3) with 2 bytes [0 extra bits] len 3
                Public Browse Root (0x1002)
            Attribute: Bluetooth Profile Descriptor List (0x0009) [len 2]
              Sequence (6) with 6 bytes [8 extra bits] len 8
                UUID (3) with 2 bytes [0 extra bits] len 3
                  Handsfree (0x111e)
                Unsigned Integer (1) with 2 bytes [0 extra bits] len 3
                  0x0106
            Attribute: Unknown (0x0100) [len 2]
              Handsfree Gateway [len 18]
            Attribute: Unknown (0x0301) [len 2]
              0x01
            Attribute: Unknown (0x0311) [len 2]
              0x012f
          Attribute list: [len 48] {position 7}
            Attribute: Service Record Handle (0x0000) [len 2]
              0x00010008
            Attribute: Service Class ID List (0x0001) [len 2]
              UUID (3) with 2 bytes [0 extra bits] len 3
                Telephony and Media Audio (0x1855)
            Attribute: Protocol Descriptor List (0x0004) [len 2]
              Sequence (6) with 6 bytes [8 extra bits] len 8
                UUID (3) with 2 bytes [0 extra bits] len 3
                  L2CAP (0x0100)
                Unsigned Integer (1) with 2 bytes [0 extra bits] len 3
                  0x001f
              Sequence (6) with 9 bytes [8 extra bits] len 11
                UUID (3) with 2 bytes [0 extra bits] len 3
                  ATT (0x0007)
                Unsigned Integer (1) with 2 bytes [0 extra bits] len 3
                  0x0082
                Unsigned Integer (1) with 2 bytes [0 extra bits] len 3
                  0x0084
            Attribute: Browse Group List (0x0005) [len 2]
              UUID (3) with 2 bytes [0 extra bits] len 3
                Public Browse Root (0x1002)
          Attribute list: [len 143] {position 8}
            Attribute: Service Record Handle (0x0000) [len 2]
              0x00010009
            Attribute: Service Class ID List (0x0001) [len 2]
              UUID (3) with 2 bytes [0 extra bits] len 3
                NAP (0x1116)
            Attribute: Protocol Descriptor List (0x0004) [len 2]
              Sequence (6) with 6 bytes [8 extra bits] len 8
                UUID (3) with 2 bytes [0 extra bits] len 3
                  L2CAP (0x0100)
                Unsigned Integer (1) with 2 bytes [0 extra bits] len 3
                  0x000f
              Sequence (6) with 14 bytes [8 extra bits] len 16
                UUID (3) with 2 bytes [0 extra bits] len 3
                  BNEP (0x000f)
                Unsigned Integer (1) with 2 bytes [0 extra bits] len 3
                  0x0100
                Sequence (6) with 6 bytes [8 extra bits] len 8
                  Unsigned Integer (1) with 2 bytes [0 extra bits] len 3
                    0x0800
                  Unsigned Integer (1) with 2 bytes [0 extra bits] len 3
                    0x0806
            Attribute: Browse Group List (0x0005) [len 2]
              UUID (3) with 2 bytes [0 extra bits] len 3
                Public Browse Root (0x1002)
            Attribute: Language Base Attribute ID List (0x0006) [len 2]
              Unsigned Integer (1) with 2 bytes [0 extra bits] len 3
                0x656e
              Unsigned Integer (1) with 2 bytes [0 extra bits] len 3
                0x006a
              Unsigned Integer (1) with 2 bytes [0 extra bits] len 3
                0x0100
            Attribute: Bluetooth Profile Descriptor List (0x0009) [len 2]
              Sequence (6) with 6 bytes [8 extra bits] len 8
                UUID (3) with 2 bytes [0 extra bits] len 3
                  NAP (0x1116)
                Unsigned Integer (1) with 2 bytes [0 extra bits] len 3
                  0x0100
            Attribute: Unknown (0x0100) [len 2]
              Android Network Access Point [len 29]
            Attribute: Unknown (0x0101) [len 2]
              NAP [len 4]
            Attribute: Unknown (0x030a) [len 2]
              0x0001
            Attribute: Unknown (0x030b) [len 2]
              0x0005
            Attribute: Unknown (0x030c) [len 2]
              0x001312d0
          Attribute list: [len 122] {position 9}
            Attribute: Service Record Handle (0x0000) [len 2]
              0x0001000a
            Attribute: Service Class ID List (0x0001) [len 2]
              UUID (3) with 2 bytes [0 extra bits] len 3
                PANU (0x1115)
            Attribute: Protocol Descriptor List (0x0004) [len 2]
              Sequence (6) with 6 bytes [8 extra bits] len 8
                UUID (3) with 2 bytes [0 extra bits] len 3
                  L2CAP (0x0100)
                Unsigned Integer (1) with 2 bytes [0 extra bits] len 3
                  0x000f
              Sequence (6) with 14 bytes [8 extra bits] len 16
                UUID (3) with 2 bytes [0 extra bits] len 3
                  BNEP (0x000f)
                Unsigned Integer (1) with 2 bytes [0 extra bits] len 3
                  0x0100
                Sequence (6) with 6 bytes [8 extra bits] len 8
                  Unsigned Integer (1) with 2 bytes [0 extra bits] len 3
                    0x0800
                  Unsigned Integer (1) with 2 bytes [0 extra bits] len 3
                    0x0806
            Attribute: Browse Group List (0x0005) [len 2]
              UUID (3) with 2 bytes [0 extra bits] len 3
                Public Browse Root (0x1002)
            Attribute: Language Base Attribute ID List (0x0006) [len 2]
              Unsigned Integer (1) with 2 bytes [0 extra bits] len 3
                0x656e
              Unsigned Integer (1) with 2 bytes [0 extra bits] len 3
                0x006a
              Unsigned Integer (1) with 2 bytes [0 extra bits] len 3
                0x0100
            Attribute: Bluetooth Profile Descriptor List (0x0009) [len 2]
              Sequence (6) with 6 bytes [8 extra bits] len 8
                UUID (3) with 2 bytes [0 extra bits] len 3
                  PANU (0x1115)
                Unsigned Integer (1) with 2 bytes [0 extra bits] len 3
                  0x0100
            Attribute: Unknown (0x0100) [len 2]
              Android Network User [len 21]
            Attribute: Unknown (0x0101) [len 2]
              PANU [len 5]
            Attribute: Unknown (0x030a) [len 2]
              0x0001
          Attribute list: [len 96] {position 10}
            Attribute: Service Record Handle (0x0000) [len 2]
              0x0001000b
            Attribute: Service Class ID List (0x0001) [len 2]
              UUID (3) with 2 bytes [0 extra bits] len 3
                Message Access Server (0x1132)
            Attribute: Protocol Descriptor List (0x0004) [len 2]
              Sequence (6) with 3 bytes [8 extra bits] len 5
                UUID (3) with 2 bytes [0 extra bits] len 3
                  L2CAP (0x0100)
              Sequence (6) with 5 bytes [8 extra bits] len 7
                UUID (3) with 2 bytes [0 extra bits] len 3
                  RFCOMM (0x0003)
                Unsigned Integer (1) with 1 byte [0 extra bits] len 2
                  0x04
              Sequence (6) with 3 bytes [8 extra bits] len 5
                UUID (3) with 2 bytes [0 extra bits] len 3
                  OBEX (0x0008)
            Attribute: Browse Group List (0x0005) [len 2]
              UUID (3) with 2 bytes [0 extra bits] len 3
                Public Browse Root (0x1002)
            Attribute: Bluetooth Profile Descriptor List (0x0009) [len 2]
              Sequence (6) with 6 bytes [8 extra bits] len 8
                UUID (3) with 2 bytes [0 extra bits] len 3
                  Message Access Profile (0x1134)
                Unsigned Integer (1) with 2 bytes [0 extra bits] len 3
                  0x0104
            Attribute: Unknown (0x0100) [len 2]
              SMS/MMS [len 8]
            Attribute: Unknown (0x0200) [len 2]
              0x1001
            Attribute: Unknown (0x0315) [len 2]
              0x00
            Attribute: Unknown (0x0316) [len 2]
              0x0e
            Attribute: Unknown (0x0317) [len 2]
              0x000603ff
          Attribute list: [len 112] {position 11}
            Attribute: Service Record Handle (0x0000) [len 2]
              0x0001000c
            Attribute: Service Class ID List (0x0001) [len 2]
              UUID (3) with 2 bytes [0 extra bits] len 3
                Phonebook Access Server (0x112f)
            Attribute: Protocol Descriptor List (0x0004) [len 2]
              Sequence (6) with 3 bytes [8 extra bits] len 5
                UUID (3) with 2 bytes [0 extra bits] len 3
                  L2CAP (0x0100)
              Sequence (6) with 5 bytes [8 extra bits] len 7
                UUID (3) with 2 bytes [0 extra bits] len 3
                  RFCOMM (0x0003)
                Unsigned Integer (1) with 1 byte [0 extra bits] len 2
                  0x05
              Sequence (6) with 3 bytes [8 extra bits] len 5
                UUID (3) with 2 bytes [0 extra bits] len 3
                  OBEX (0x0008)
            Attribute: Browse Group List (0x0005) [len 2]
              UUID (3) with 2 bytes [0 extra bits] len 3
                Public Browse Root (0x1002)
            Attribute: Bluetooth Profile Descriptor List (0x0009) [len 2]
              Sequence (6) with 6 bytes [8 extra bits] len 8
                UUID (3) with 2 bytes [0 extra bits] len 3
                  Phonebook Access (0x1130)
                Unsigned Integer (1) with 2 bytes [0 extra bits] len 3
                  0x0102
            Attribute: Unknown (0x0100) [len 2]
              OBEX Phonebook Access Server [len 29]
            Attribute: Unknown (0x0200) [len 2]
              0x1003
            Attribute: Unknown (0x0314) [len 2]
              0x09
            Attribute: Unknown (0x0317) [len 2]
              0x0000021f
          Attribute list: [len 73] {position 12}
            Attribute: Service Record Handle (0x0000) [len 2]
              0x0001000d
            Attribute: Service Class ID List (0x0001) [len 2]
              UUID (3) with 2 bytes [0 extra bits] len 3
                SIM Access (0x112d)
              UUID (3) with 2 bytes [0 extra bits] len 3
                Generic Telephony (0x1204)
            Attribute: Protocol Descriptor List (0x0004) [len 2]
              Sequence (6) with 3 bytes [8 extra bits] len 5
                UUID (3) with 2 bytes [0 extra bits] len 3
                  L2CAP (0x0100)
              Sequence (6) with 5 bytes [8 extra bits] len 7
                UUID (3) with 2 bytes [0 extra bits] len 3
                  RFCOMM (0x0003)
                Unsigned Integer (1) with 1 byte [0 extra bits] len 2
                  0x07
            Attribute: Browse Group List (0x0005) [len 2]
              UUID (3) with 2 bytes [0 extra bits] len 3
                Public Browse Root (0x1002)
            Attribute: Bluetooth Profile Descriptor List (0x0009) [len 2]
              Sequence (6) with 6 bytes [8 extra bits] len 8
                UUID (3) with 2 bytes [0 extra bits] len 3
                  SIM Access (0x112d)
                Unsigned Integer (1) with 2 bytes [0 extra bits] len 3
                  0x0102
            Attribute: Unknown (0x0100) [len 2]
              SIM Access [len 11]
          Attribute list: [len 102] {position 13}
            Attribute: Service Record Handle (0x0000) [len 2]
              0x0001000e
            Attribute: Service Class ID List (0x0001) [len 2]
              UUID (3) with 2 bytes [0 extra bits] len 3
                OBEX Object Push (0x1105)
            Attribute: Protocol Descriptor List (0x0004) [len 2]
              Sequence (6) with 3 bytes [8 extra bits] len 5
                UUID (3) with 2 bytes [0 extra bits] len 3
                  L2CAP (0x0100)
              Sequence (6) with 5 bytes [8 extra bits] len 7
                UUID (3) with 2 bytes [0 extra bits] len 3
                  RFCOMM (0x0003)
                Unsigned Integer (1) with 1 byte [0 extra bits] len 2
                  0x06
              Sequence (6) with 3 bytes [8 extra bits] len 5
                UUID (3) with 2 bytes [0 extra bits] len 3
                  OBEX (0x0008)
            Attribute: Browse Group List (0x0005) [len 2]
              UUID (3) with 2 bytes [0 extra bits] len 3
                Public Browse Root (0x1002)
            Attribute: Bluetooth Profile Descriptor List (0x0009) [len 2]
              Sequence (6) with 6 bytes [8 extra bits] len 8
                UUID (3) with 2 bytes [0 extra bits] len 3
                  OBEX Object Push (0x1105)
                Unsigned Integer (1) with 2 bytes [0 extra bits] len 3
                  0x0102
            Attribute: Unknown (0x0100) [len 2]
              OBEX Object Push [len 17]
            Attribute: Unknown (0x0200) [len 2]
              0x1005
            Attribute: Unknown (0x0303) [len 2]
              Unsigned Integer (1) with 1 byte [0 extra bits] len 2
                0x01
              Unsigned Integer (1) with 1 byte [0 extra bits] len 2
                0x02
              Unsigned Integer (1) with 1 byte [0 extra bits] len 2
                0x03
              Unsigned Integer (1) with 1 byte [0 extra bits] len 2
                0x04
              Unsigned Integer (1) with 1 byte [0 extra bits] len 2
                0xff
          Attribute list: [len 62] {position 14}
            Attribute: Service Record Handle (0x0000) [len 2]
              0x0001000f
            Attribute: Service Class ID List (0x0001) [len 2]
              UUID (3) with 16 bytes [0 extra bits] len 17
                16bcfd00-253f-c348-e831-0db3e334d580
            Attribute: Protocol Descriptor List (0x0004) [len 2]
              Sequence (6) with 6 bytes [8 extra bits] len 8
                UUID (3) with 2 bytes [0 extra bits] len 3
                  L2CAP (0x0100)
                Unsigned Integer (1) with 2 bytes [0 extra bits] len 3
                  0x001f
              Sequence (6) with 9 bytes [8 extra bits] len 11
                UUID (3) with 2 bytes [0 extra bits] len 3
                  ATT (0x0007)
                Unsigned Integer (1) with 2 bytes [0 extra bits] len 3
                  0x0086
                Unsigned Integer (1) with 2 bytes [0 extra bits] len 3
                  0x0091
            Attribute: Browse Group List (0x0005) [len 2]
              UUID (3) with 2 bytes [0 extra bits] len 3
                Public Browse Root (0x1002)
          Attribute list: [len 48] {position 15}
            Attribute: Service Record Handle (0x0000) [len 2]
              0x00010010
            Attribute: Service Class ID List (0x0001) [len 2]
              UUID (3) with 2 bytes [0 extra bits] len 3
                Unknown (0xfcf1)
            Attribute: Protocol Descriptor List (0x0004) [len 2]
              Sequence (6) with 6 bytes [8 extra bits] len 8
                UUID (3) with 2 bytes [0 extra bits] len 3
                  L2CAP (0x0100)
                Unsigned Integer (1) with 2 bytes [0 extra bits] len 3
                  0x001f
              Sequence (6) with 9 bytes [8 extra bits] len 11
                UUID (3) with 2 bytes [0 extra bits] len 3
                  ATT (0x0007)
                Unsigned Integer (1) with 2 bytes [0 extra bits] len 3
                  0x0092
                Unsigned Integer (1) with 2 bytes [0 extra bits] len 3
                  0x0095
            Attribute: Browse Group List (0x0005) [len 2]
              UUID (3) with 2 bytes [0 extra bits] len 3
                Public Browse Root (0x1002)
          Attribute list: [len 62] {position 16}
            Attribute: Service Record Handle (0x0000) [len 2]
              0x00010011
            Attribute: Service Class ID List (0x0001) [len 2]
              UUID (3) with 16 bytes [0 extra bits] len 17
                abbafc00-e56a-484c-b832-8b17cf6cbfe8
            Attribute: Protocol Descriptor List (0x0004) [len 2]
              Sequence (6) with 6 bytes [8 extra bits] len 8
                UUID (3) with 2 bytes [0 extra bits] len 3
                  L2CAP (0x0100)
                Unsigned Integer (1) with 2 bytes [0 extra bits] len 3
                  0x001f
              Sequence (6) with 9 bytes [8 extra bits] len 11
                UUID (3) with 2 bytes [0 extra bits] len 3
                  ATT (0x0007)
                Unsigned Integer (1) with 2 bytes [0 extra bits] len 3
                  0x0096
                Unsigned Integer (1) with 2 bytes [0 extra bits] len 3
                  0x009f
            Attribute: Browse Group List (0x0005) [len 2]
              UUID (3) with 2 bytes [0 extra bits] len 3
                Public Browse Root (0x1002)
          Attribute list: [len 48] {position 17}
            Attribute: Service Record Handle (0x0000) [len 2]
              0x00010012
            Attribute: Service Class ID List (0x0001) [len 2]
              UUID (3) with 2 bytes [0 extra bits] len 3
                Google (0xfef3)
            Attribute: Protocol Descriptor List (0x0004) [len 2]
              Sequence (6) with 6 bytes [8 extra bits] len 8
                UUID (3) with 2 bytes [0 extra bits] len 3
                  L2CAP (0x0100)
                Unsigned Integer (1) with 2 bytes [0 extra bits] len 3
                  0x001f
              Sequence (6) with 9 bytes [8 extra bits] len 11
                UUID (3) with 2 bytes [0 extra bits] len 3
                  ATT (0x0007)
                Unsigned Integer (1) with 2 bytes [0 extra bits] len 3
                  0x00a0
                Unsigned Integer (1) with 2 bytes [0 extra bits] len 3
                  0x00a5
            Attribute: Browse Group List (0x0005) [len 2]
              UUID (3) with 2 bytes [0 extra bits] len 3
                Public Browse Root (0x1002)
          Attribute list: [len 85] {position 18}
            Attribute: Service Record Handle (0x0000) [len 2]
              0x00010013
            Attribute: Service Class ID List (0x0001) [len 2]
              UUID (3) with 16 bytes [0 extra bits] len 17
                6e0e6e72-3f13-4f7e-9d3f-87b6f5a43c11
            Attribute: Protocol Descriptor List (0x0004) [len 2]
              Sequence (6) with 3 bytes [8 extra bits] len 5
                UUID (3) with 2 bytes [0 extra bits] len 3
                  L2CAP (0x0100)
              Sequence (6) with 5 bytes [8 extra bits] len 7
                UUID (3) with 2 bytes [0 extra bits] len 3
                  RFCOMM (0x0003)
                Unsigned Integer (1) with 1 byte [0 extra bits] len 2
                  0x0d
            Attribute: Browse Group List (0x0005) [len 2]
              UUID (3) with 2 bytes [0 extra bits] len 3
                Public Browse Root (0x1002)
            Attribute: Unknown (0x0100) [len 2]
              LarkBridge Output Control [len 25]
< ACL Data TX: Hand.. flags 0x00 dlen 12  #47 [hci1] 2026-08-24 19:08:00.406625
      L2CAP: Connection Request (0x02) ident 5 len 4
        PSM: 1 (0x0001)
        Source CID: 65
> HCI Event: Number of C.. (0x13) plen 5  #48 [hci1] 2026-08-24 19:08:00.420577
        Num handles: 1
        Handle: 5 Address: 5C:33:7B:CB:BF:C5 (Google, Inc.)
        Count: 1
        #47: len 12 (7 Kb/s)
        Latency: 13 msec (4-31 msec ~16 msec)
> ACL Data RX: Hand.. flags 0x02 dlen 16  #49 [hci1] 2026-08-24 19:08:00.433881
      L2CAP: Connection Response (0x03) ident 5 len 8
        Destination CID: 124
        Source CID: 65
        Result: Connection successful (0x0000)
        Status: No further information available (0x0000)
> ACL Data RX: Hand.. flags 0x02 dlen 16  #50 [hci1] 2026-08-24 19:08:00.433886
      L2CAP: Configure Request (0x04) ident 5 len 8
        Destination CID: 65
        Flags: 0x0000
        Option: Maximum Transmission Unit (0x01) [mandatory]
          MTU: 1024
< ACL Data TX: Hand.. flags 0x00 dlen 23  #51 [hci1] 2026-08-24 19:08:00.433952
      L2CAP: Configure Request (0x04) ident 6 len 15
        Destination CID: 124
        Flags: 0x0000
        Option: Retransmission and Flow Control (0x04) [mandatory]
          Mode: Basic (0x00)
          TX window size: 0
          Max transmit: 0
          Retransmission timeout: 0
          Monitor timeout: 0
          Maximum PDU size: 0
< ACL Data TX: Hand.. flags 0x00 dlen 18  #52 [hci1] 2026-08-24 19:08:00.433966
      L2CAP: Configure Response (0x05) ident 5 len 10
        Source CID: 124
        Flags: 0x0000
        Result: Success (0x0000)
        Option: Maximum Transmission Unit (0x01) [mandatory]
          MTU: 1024
> HCI Event: Number of C.. (0x13) plen 5  #53 [hci1] 2026-08-24 19:08:00.438582
        Num handles: 1
        Handle: 5 Address: 5C:33:7B:CB:BF:C5 (Google, Inc.)
        Count: 1
        #51: len 23 (46 Kb/s)
        Latency: 4 msec (4-31 msec ~10 msec)
> HCI Event: Number of C.. (0x13) plen 5  #54 [hci1] 2026-08-24 19:08:00.440576
        Num handles: 1
        Handle: 5 Address: 5C:33:7B:CB:BF:C5 (Google, Inc.)
        Count: 1
        #52: len 18 (24 Kb/s)
        Latency: 6 msec (4-31 msec ~8 msec)
> ACL Data RX: Hand.. flags 0x02 dlen 14  #55 [hci1] 2026-08-24 19:08:00.449894
      L2CAP: Configure Response (0x05) ident 6 len 6
        Source CID: 65
        Flags: 0x0000
        Result: Success (0x0000)
< ACL Data TX: Hand.. flags 0x00 dlen 12  #56 [hci1] 2026-08-24 19:08:00.450102
      L2CAP: Disconnection Request (0x06) ident 7 len 4
        Destination CID: 124
        Source CID: 65
< ACL Data TX: Hand.. flags 0x00 dlen 12  #57 [hci1] 2026-08-24 19:08:00.450259
      L2CAP: Connection Request (0x02) ident 8 len 4
        PSM: 1 (0x0001)
        Source CID: 66
> HCI Event: Number of C.. (0x13) plen 5  #58 [hci1] 2026-08-24 19:08:00.458574
        Num handles: 1
        Handle: 5 Address: 5C:33:7B:CB:BF:C5 (Google, Inc.)
        Count: 1
        #56: len 12 (12 Kb/s)
        Latency: 8 msec (4-31 msec ~8 msec)
> HCI Event: Number of C.. (0x13) plen 5  #59 [hci1] 2026-08-24 19:08:00.460571
        Num handles: 1
        Handle: 5 Address: 5C:33:7B:CB:BF:C5 (Google, Inc.)
        Count: 1
        #57: len 12 (9 Kb/s)
        Latency: 10 msec (4-31 msec ~9 msec)
> ACL Data RX: Hand.. flags 0x02 dlen 12  #60 [hci1] 2026-08-24 19:08:00.469885
      L2CAP: Disconnection Response (0x07) ident 7 len 4
        Destination CID: 124
        Source CID: 65
> ACL Data RX: Hand.. flags 0x02 dlen 16  #61 [hci1] 2026-08-24 19:08:00.469890
      L2CAP: Connection Response (0x03) ident 8 len 8
        Destination CID: 89
        Source CID: 66
        Result: Connection successful (0x0000)
        Status: No further information available (0x0000)
> ACL Data RX: Hand.. flags 0x02 dlen 16  #62 [hci1] 2026-08-24 19:08:00.469890
      L2CAP: Configure Request (0x04) ident 6 len 8
        Destination CID: 66
        Flags: 0x0000
        Option: Maximum Transmission Unit (0x01) [mandatory]
          MTU: 1024
< ACL Data TX: Hand.. flags 0x00 dlen 23  #63 [hci1] 2026-08-24 19:08:00.469989
      L2CAP: Configure Request (0x04) ident 9 len 15
        Destination CID: 89
        Flags: 0x0000
        Option: Retransmission and Flow Control (0x04) [mandatory]
          Mode: Basic (0x00)
          TX window size: 0
          Max transmit: 0
          Retransmission timeout: 0
          Monitor timeout: 0
          Maximum PDU size: 0
< ACL Data TX: Hand.. flags 0x00 dlen 18  #64 [hci1] 2026-08-24 19:08:00.470005
      L2CAP: Configure Response (0x05) ident 6 len 10
        Source CID: 89
        Flags: 0x0000
        Result: Success (0x0000)
        Option: Maximum Transmission Unit (0x01) [mandatory]
          MTU: 1024
> HCI Event: Number of C.. (0x13) plen 5  #65 [hci1] 2026-08-24 19:08:00.476570
        Num handles: 1
        Handle: 5 Address: 5C:33:7B:CB:BF:C5 (Google, Inc.)
        Count: 1
        #63: len 23 (30 Kb/s)
        Latency: 6 msec (4-31 msec ~7 msec)
> HCI Event: Number of C.. (0x13) plen 5  #66 [hci1] 2026-08-24 19:08:00.478574
        Num handles: 1
        Handle: 5 Address: 5C:33:7B:CB:BF:C5 (Google, Inc.)
        Count: 1
        #64: len 18 (18 Kb/s)
        Latency: 8 msec (4-31 msec ~8 msec)
> ACL Data RX: Hand.. flags 0x02 dlen 14  #67 [hci1] 2026-08-24 19:08:00.489901
      L2CAP: Configure Response (0x05) ident 9 len 6
        Source CID: 66
        Flags: 0x0000
        Result: Success (0x0000)
< ACL Data TX: Hand.. flags 0x00 dlen 12  #68 [hci1] 2026-08-24 19:08:00.490114
      L2CAP: Disconnection Request (0x06) ident 10 len 4
        Destination CID: 89
        Source CID: 66
< ACL Data TX: Hand.. flags 0x00 dlen 12  #69 [hci1] 2026-08-24 19:08:00.490339
      L2CAP: Connection Request (0x02) ident 11 len 4
        PSM: 1 (0x0001)
        Source CID: 65
> HCI Event: Number of C.. (0x13) plen 5  #70 [hci1] 2026-08-24 19:08:00.499574
        Num handles: 1
        Handle: 5 Address: 5C:33:7B:CB:BF:C5 (Google, Inc.)
        Count: 1
        #68: len 12 (10 Kb/s)
        Latency: 9 msec (4-31 msec ~8 msec)
> HCI Event: Number of C.. (0x13) plen 5  #71 [hci1] 2026-08-24 19:08:00.501576
        Num handles: 1
        Handle: 5 Address: 5C:33:7B:CB:BF:C5 (Google, Inc.)
        Count: 1
        #69: len 12 (8 Kb/s)
        Latency: 11 msec (4-31 msec ~10 msec)
> ACL Data RX: Hand.. flags 0x02 dlen 12  #72 [hci1] 2026-08-24 19:08:00.513892
      L2CAP: Disconnection Response (0x07) ident 10 len 4
        Destination CID: 89
        Source CID: 66
> ACL Data RX: Hand.. flags 0x02 dlen 16  #73 [hci1] 2026-08-24 19:08:00.513898
      L2CAP: Connection Response (0x03) ident 11 len 8
        Destination CID: 111
        Source CID: 65
        Result: Connection successful (0x0000)
        Status: No further information available (0x0000)
> ACL Data RX: Hand.. flags 0x02 dlen 16  #74 [hci1] 2026-08-24 19:08:00.513899
      L2CAP: Configure Request (0x04) ident 7 len 8
        Destination CID: 65
        Flags: 0x0000
        Option: Maximum Transmission Unit (0x01) [mandatory]
          MTU: 1024
< ACL Data TX: Hand.. flags 0x00 dlen 23  #75 [hci1] 2026-08-24 19:08:00.513999
      L2CAP: Configure Request (0x04) ident 12 len 15
        Destination CID: 111
        Flags: 0x0000
        Option: Retransmission and Flow Control (0x04) [mandatory]
          Mode: Basic (0x00)
          TX window size: 0
          Max transmit: 0
          Retransmission timeout: 0
          Monitor timeout: 0
          Maximum PDU size: 0
< ACL Data TX: Hand.. flags 0x00 dlen 18  #76 [hci1] 2026-08-24 19:08:00.514014
      L2CAP: Configure Response (0x05) ident 7 len 10
        Source CID: 111
        Flags: 0x0000
        Result: Success (0x0000)
        Option: Maximum Transmission Unit (0x01) [mandatory]
          MTU: 1024
> HCI Event: Number of C.. (0x13) plen 5  #77 [hci1] 2026-08-24 19:08:00.516574
        Num handles: 1
        Handle: 5 Address: 5C:33:7B:CB:BF:C5 (Google, Inc.)
        Count: 1
        #75: len 23 (92 Kb/s)
        Latency: 2 msec (2-31 msec ~6 msec)
> HCI Event: Number of C.. (0x13) plen 5  #78 [hci1] 2026-08-24 19:08:00.518573
        Num handles: 1
        Handle: 5 Address: 5C:33:7B:CB:BF:C5 (Google, Inc.)
        Count: 1
        #76: len 18 (36 Kb/s)
        Latency: 4 msec (2-31 msec ~5 msec)
> ACL Data RX: Hand.. flags 0x02 dlen 14  #79 [hci1] 2026-08-24 19:08:00.529881
      L2CAP: Configure Response (0x05) ident 12 len 6
        Source CID: 65
        Flags: 0x0000
        Result: Success (0x0000)
< ACL Data TX: Hand.. flags 0x00 dlen 12  #80 [hci1] 2026-08-24 19:08:00.530060
      L2CAP: Disconnection Request (0x06) ident 13 len 4
        Destination CID: 111
        Source CID: 65
< ACL Data TX: Hand.. flags 0x00 dlen 12  #81 [hci1] 2026-08-24 19:08:00.530245
      L2CAP: Disconnection Request (0x06) ident 14 len 4
        Destination CID: 86
        Source CID: 64
< ACL Data TX: Han.. flags 0x00 dlen 18  #118 [hci0] 2026-08-24 19:08:00.531806
      Channel: 74 len 14 [PSM 0 mode Basic (0x00)] {chan 65535}
        03 ef 15 83 11 1a f0 07 00 f8 03 00 07 70        .............p  
> HCI Event: Number of C.. (0x13) plen 5  #82 [hci1] 2026-08-24 19:08:00.534575
        Num handles: 1
        Handle: 5 Address: 5C:33:7B:CB:BF:C5 (Google, Inc.)
        Count: 1
        #80: len 12 (24 Kb/s)
        Latency: 4 msec (2-31 msec ~4 msec)
> HCI Event: Number of C.. (0x13) plen 5  #83 [hci1] 2026-08-24 19:08:00.536572
        Num handles: 1
        Handle: 5 Address: 5C:33:7B:CB:BF:C5 (Google, Inc.)
        Count: 1
        #81: len 12 (16 Kb/s)
        Latency: 6 msec (2-31 msec ~5 msec)
> ACL Data RX: Hand.. flags 0x02 dlen 12  #84 [hci1] 2026-08-24 19:08:00.565882
      L2CAP: Disconnection Response (0x07) ident 13 len 4
        Destination CID: 111
        Source CID: 65
> ACL Data RX: Hand.. flags 0x02 dlen 12  #85 [hci1] 2026-08-24 19:08:00.565889
      L2CAP: Disconnection Response (0x07) ident 14 len 4
        Destination CID: 86
        Source CID: 64
> ACL Data RX: Han.. flags 0x02 dlen 18  #119 [hci0] 2026-08-24 19:08:00.569218
      Channel: 66 len 14 [PSM 0 mode Basic (0x00)] {chan 65535}
        01 ef 15 81 11 1a e0 07 00 de 03 00 07 aa        ..............  
< ACL Data TX: Hand.. flags 0x00 dlen 8  #120 [hci0] 2026-08-24 19:08:00.569310
      Channel: 74 len 4 [PSM 0 mode Basic (0x00)] {chan 65535}
        6b 3f 01 e7                                      k?..            
> HCI Event: Number of... (0x13) plen 5  #121 [hci0] 2026-08-24 19:08:00.572885
        Num handles: 1
        Handle: 12
        Count: 2
> ACL Data RX: Hand.. flags 0x02 dlen 8  #122 [hci0] 2026-08-24 19:08:00.577883
      Channel: 66 len 4 [PSM 0 mode Basic (0x00)] {chan 65535}
        6b 73 01 2c                                      ks.,            
< ACL Data TX: Han.. flags 0x00 dlen 12  #123 [hci0] 2026-08-24 19:08:00.577954
      Channel: 74 len 8 [PSM 0 mode Basic (0x00)] {chan 65535}
        03 ef 09 e3 05 6b 8d 70                          .....k.p        
> ACL Data RX: Han.. flags 0x02 dlen 12  #124 [hci0] 2026-08-24 19:08:00.587891
      Channel: 66 len 8 [PSM 0 mode Basic (0x00)] {chan 65535}
        01 ef 09 e1 05 6b 8d aa                          .....k..        
> ACL Data RX: Han.. flags 0x02 dlen 12  #125 [hci0] 2026-08-24 19:08:00.589161
      Channel: 66 len 8 [PSM 0 mode Basic (0x00)] {chan 65535}
        01 ef 09 e3 05 6b 8d aa                          .....k..        
< ACL Data TX: Han.. flags 0x00 dlen 12  #126 [hci0] 2026-08-24 19:08:00.589268
      Channel: 74 len 8 [PSM 0 mode Basic (0x00)] {chan 65535}
        03 ef 09 e1 05 6b 8d 70                          .....k.p        
< ACL Data TX: Hand.. flags 0x00 dlen 9  #127 [hci0] 2026-08-24 19:08:00.589295
      Channel: 74 len 5 [PSM 0 mode Basic (0x00)] {chan 65535}
        6b ff 01 21 f8                                   k..!.           
> HCI Event: Number of... (0x13) plen 5  #128 [hci0] 2026-08-24 19:08:00.605435
        Num handles: 1
        Handle: 12
        Count: 2
> ACL Data RX: Han.. flags 0x02 dlen 31  #129 [hci0] 2026-08-24 19:08:00.609369
      Channel: 66 len 27 [PSM 0 mode Basic (0x00)] {chan 65535}
        69 ff 2d 03 7b 22 69 64 22 3a 32 31 2c 22 6f 70  i.-.{"id":21,"op
        22 3a 22 6c 69 73 74 22 7d 0a 22                 ":"list"}."     
< ACL Data TX: Ha.. flags 0x00 dlen 804  #130 [hci0] 2026-08-24 19:08:00.611580
      Channel: 74 len 800 [PSM 0 mode Basic (0x00)] {chan 65535}
        6b ef 36 06 7b 22 69 64 22 3a 32 31 2c 22 6f 6b  k.6.{"id":21,"ok
        22 3a 74 72 75 65 2c 22 6f 75 74 70 75 74 73 22  ":true,"outputs"
        3a 5b 7b 22 69 64 22 3a 22 77 69 72 65 64 3a 61  :[{"id":"wired:a
        6c 73 61 5f 6f 75 74 70 75 74 2e 70 6c 61 74 66  lsa_output.platf
        6f 72 6d 2d 33 66 30 30 62 38 34 30 2e 6d 61 69  orm-3f00b840.mai
        6c 62 6f 78 2e 73 74 65 72 65 6f 2d 66 61 6c 6c  lbox.stereo-fall
        62 61 63 6b 22 2c 22 6c 61 62 65 6c 22 3a 22 42  back","label":"B
        75 69 6c 74 2d 69 6e 20 41 75 64 69 6f 20 53 74  uilt-in Audio St
        65 72 65 6f 22 2c 22 6b 69 6e 64 22 3a 22 77 69  ereo","kind":"wi
        72 65 64 22 2c 22 61 76 61 69 6c 61 62 6c 65 22  red","available"
        3a 74 72 75 65 2c 22 63 6f 6e 6e 65 63 74 65 64  :true,"connected
        22 3a 74 72 75 65 2c 22 73 65 74 75 70 5f 73 74  ":true,"setup_st
        61 74 65 22 3a 22 72 65 61 64 79 22 7d 2c 7b 22  ate":"ready"},{"
        69 64 22 3a 22 61 32 64 70 3a 43 39 3a 35 43 3a  id":"a2dp:C9:5C:
        46 44 3a 36 45 3a 32 38 3a 34 36 22 2c 22 6c 61  FD:6E:28:46","la
        62 65 6c 22 3a 22 42 6f 6f 6d 62 6f 78 22 2c 22  bel":"Boombox","
        6b 69 6e 64 22 3a 22 61 32 64 70 22 2c 22 61 76  kind":"a2dp","av
        61 69 6c 61 62 6c 65 22 3a 66 61 6c 73 65 2c 22  ailable":false,"
        63 6f 6e 6e 65 63 74 65 64 22 3a 66 61 6c 73 65  connected":false
        2c 22 73 65 74 75 70 5f 73 74 61 74 65 22 3a 22  ,"setup_state":"
        72 65 61 64 79 22 7d 2c 7b 22 69 64 22 3a 22 61  ready"},{"id":"a
        32 64 70 3a 35 30 3a 44 37 3a 31 42 3a 37 34 3a  2dp:50:D7:1B:74:
        33 34 3a 44 36 22 2c 22 6c 61 62 65 6c 22 3a 22  34:D6","label":"
        69 57 6f 72 6c 64 22 2c 22 6b 69 6e 64 22 3a 22  iWorld","kind":"
        61 32 64 70 22 2c 22 61 76 61 69 6c 61 62 6c 65  a2dp","available
        22 3a 66 61 6c 73 65 2c 22 63 6f 6e 6e 65 63 74  ":false,"connect
        65 64 22 3a 66 61 6c 73 65 2c 22 73 65 74 75 70  ed":false,"setup
        5f 73 74 61 74 65 22 3a 22 72 65 61 64 79 22 7d  _state":"ready"}
        2c 7b 22 69 64 22 3a 22 61 32 64 70 3a 39 38 3a  ,{"id":"a2dp:98:
        34 37 3a 34 34 3a 43 44 3a 37 33 3a 44 45 22 2c  47:44:CD:73:DE",
        22 6c 61 62 65 6c 22 3a 22 53 6f 75 6e 64 63 6f  "label":"Soundco
        72 65 20 53 70 61 63 65 20 41 34 30 22 2c 22 6b  re Space A40","k
        69 6e 64 22 3a 22 61 32 64 70 22 2c 22 61 76 61  ind":"a2dp","ava
        69 6c 61 62 6c 65 22 3a 66 61 6c 73 65 2c 22 63  ilable":false,"c
        6f 6e 6e 65 63 74 65 64 22 3a 66 61 6c 73 65 2c  onnected":false,
        22 73 65 74 75 70 5f 73 74 61 74 65 22 3a 22 6e  "setup_state":"n
        65 65 64 73 5f 73 65 74 75 70 22 7d 5d 2c 22 64  eeds_setup"}],"d
        65 73 69 72 65 64 5f 69 64 22 3a 22 77 69 72 65  esired_id":"wire
        64 3a 61 6c 73 61 5f 6f 75 74 70 75 74 2e 70 6c  d:alsa_output.pl
        61 74 66 6f 72 6d 2d 33 66 30 30 62 38 34 30 2e  atform-3f00b840.
        6d 61 69 6c 62 6f 78 2e 73 74 65 72 65 6f 2d 66  mailbox.stereo-f
        61 6c 6c 62 61 63 6b 22 2c 22 63 68 6f 73 65 6e  allback","chosen
        5f 69 64 22 3a 22 77 69 72 65 64 3a 61 6c 73 61  _id":"wired:alsa
        5f 6f 75 74 70 75 74 2e 70 6c 61 74 66 6f 72 6d  _output.platform
        2d 33 66 30 30 62 38 34 30 2e 6d 61 69 6c 62 6f  -3f00b840.mailbo
        78 2e 73 74 65 72 65 6f 2d 66 61 6c 6c 62 61 63  x.stereo-fallbac
        6b 22 2c 22 72 65 61 73 6f 6e 22 3a 22 64 65 73  k","reason":"des
        69 72 65 64 20 6f 75 74 70 75 74 20 69 73 20 61  ired output is a
        76 61 69 6c 61 62 6c 65 22 2c 22 63 61 6c 6c 5f  vailable","call_
        61 63 74 69 76 65 22 3a 66 61 6c 73 65 7d 0a e4  active":false}..
> HCI Event: Number of... (0x13) plen 5  #131 [hci0] 2026-08-24 19:08:00.631726
        Num handles: 1
        Handle: 12
        Count: 2
< HCI Command: Di.. (0x01|0x0006) plen 3  #86 [hci1] 2026-08-24 19:08:02.569947
        Handle: 5 Address: 5C:33:7B:CB:BF:C5 (Google, Inc.)
        Reason: Remote User Terminated Connection (0x13)
> HCI Event: Command Sta.. (0x0f) plen 4  #87 [hci1] 2026-08-24 19:08:02.572565
      Disconnect (0x01|0x0006) ncmd 2
        Status: Success (0x00)
> HCI Event: Vendor (0xff) plen 9         #88 [hci1] 2026-08-24 19:08:02.725570
        58 c5 bf cb 7b 33 5c 0c 1a                       X...{3\..       
> HCI Event: Disconnect... (0x05) plen 4  #89 [hci1] 2026-08-24 19:08:02.727583
        Status: Success (0x00)
        Handle: 5 Address: 5C:33:7B:CB:BF:C5 (Google, Inc.)
        Reason: Connection Terminated By Local Host (0x16)
@ MGMT Event: Dev.. (0x000c) plen 8  {0x0001} [hci1] 2026-08-24 19:08:02.727655
        BR/EDR Address: 5C:33:7B:CB:BF:C5 (Google, Inc.)
        Reason: Connection terminated by local host (0x02)
hciconfig[93503]: @ RAW Open: hciconfig     {0x0003} 2026-08-24 19:08:04.243349
hciconfig[93503]: @ RAW Open: hc..   {0x0004} [hci0] 2026-08-24 19:08:04.243415
hciconfig[93503]: < HCI Command: Rea..   #132 [hci0] 2026-08-24 19:08:04.243495
> HCI Event: Command C.. (0x0e) plen 12  #133 [hci0] 2026-08-24 19:08:04.244100
      Read Local Version Information (0x04|0x0001) ncmd 1
        Status: Success (0x00)
        HCI version: Bluetooth 4.1 (0x07) - Revision 508 (0x01fc)
        LMP version: Bluetooth 4.1 (0x07) - Subversion 8713 (0x2209)
        Manufacturer: Broadcom Corporation (15)
          Firmware: 001.002.009
          Build: 0508
hciconfig[93503]: @ RAW Close: h..   {0x0004} [hci0] 2026-08-24 19:08:04.244426
hciconfig[93503]: @ RAW Close: hciconfig    {0x0003} 2026-08-24 19:08:04.244510
> HCI Event: Mode Change (0x14) plen 6   #134 [hci0] 2026-08-24 19:08:07.633961
        Status: Success (0x00)
        Handle: 12
        Mode: Sniff (0x02)
        Interval: 480.000 msec (0x0300)
hciconfig[93614]: @ RAW Open: hciconfig     {0x0003} 2026-08-24 19:08:19.354871
hciconfig[93614]: @ RAW Open: hc..   {0x0004} [hci0] 2026-08-24 19:08:19.354939
hciconfig[93614]: < HCI Command: Rea..   #135 [hci0] 2026-08-24 19:08:19.355013
> HCI Event: Command C.. (0x0e) plen 12  #136 [hci0] 2026-08-24 19:08:19.355596
      Read Local Version Information (0x04|0x0001) ncmd 1
        Status: Success (0x00)
        HCI version: Bluetooth 4.1 (0x07) - Revision 508 (0x01fc)
        LMP version: Bluetooth 4.1 (0x07) - Subversion 8713 (0x2209)
        Manufacturer: Broadcom Corporation (15)
          Firmware: 001.002.009
          Build: 0508
hciconfig[93614]: @ RAW Close: h..   {0x0004} [hci0] 2026-08-24 19:08:19.355846
hciconfig[93614]: @ RAW Close: hciconfig    {0x0003} 2026-08-24 19:08:19.355906
hciconfig[93725]: @ RAW Open: hciconfig     {0x0003} 2026-08-24 19:08:34.470407
hciconfig[93725]: @ RAW Open: hc..   {0x0004} [hci0] 2026-08-24 19:08:34.470497
hciconfig[93725]: < HCI Command: Rea..   #137 [hci0] 2026-08-24 19:08:34.470586
> HCI Event: Command C.. (0x0e) plen 12  #138 [hci0] 2026-08-24 19:08:34.471114
      Read Local Version Information (0x04|0x0001) ncmd 1
        Status: Success (0x00)
        HCI version: Bluetooth 4.1 (0x07) - Revision 508 (0x01fc)
        LMP version: Bluetooth 4.1 (0x07) - Subversion 8713 (0x2209)
        Manufacturer: Broadcom Corporation (15)
          Firmware: 001.002.009
          Build: 0508
hciconfig[93725]: @ RAW Close: h..   {0x0004} [hci0] 2026-08-24 19:08:34.471480
hciconfig[93725]: @ RAW Close: hciconfig    {0x0003} 2026-08-24 19:08:34.471538
hciconfig[93833]: @ RAW Open: hciconfig     {0x0003} 2026-08-24 19:08:49.580202
hciconfig[93833]: @ RAW Open: hc..   {0x0004} [hci0] 2026-08-24 19:08:49.580342
hciconfig[93833]: < HCI Command: Rea..   #139 [hci0] 2026-08-24 19:08:49.580455
> HCI Event: Command C.. (0x0e) plen 12  #140 [hci0] 2026-08-24 19:08:49.581023
      Read Local Version Information (0x04|0x0001) ncmd 1
        Status: Success (0x00)
        HCI version: Bluetooth 4.1 (0x07) - Revision 508 (0x01fc)
        LMP version: Bluetooth 4.1 (0x07) - Subversion 8713 (0x2209)
        Manufacturer: Broadcom Corporation (15)
          Firmware: 001.002.009
          Build: 0508
hciconfig[93833]: @ RAW Close: h..   {0x0004} [hci0] 2026-08-24 19:08:49.581363
hciconfig[93833]: @ RAW Close: hciconfig    {0x0003} 2026-08-24 19:08:49.581426
hciconfig[93944]: @ RAW Open: hciconfig     {0x0003} 2026-08-24 19:09:04.700738
hciconfig[93944]: @ RAW Open: hc..   {0x0004} [hci0] 2026-08-24 19:09:04.700813
hciconfig[93944]: < HCI Command: Rea..   #141 [hci0] 2026-08-24 19:09:04.700884
> HCI Event: Command C.. (0x0e) plen 12  #142 [hci0] 2026-08-24 19:09:04.701403
      Read Local Version Information (0x04|0x0001) ncmd 1
        Status: Success (0x00)
        HCI version: Bluetooth 4.1 (0x07) - Revision 508 (0x01fc)
        LMP version: Bluetooth 4.1 (0x07) - Subversion 8713 (0x2209)
        Manufacturer: Broadcom Corporation (15)
          Firmware: 001.002.009
          Build: 0508
hciconfig[93944]: @ RAW Close: h..   {0x0004} [hci0] 2026-08-24 19:09:04.701697
hciconfig[93944]: @ RAW Close: hciconfig    {0x0003} 2026-08-24 19:09:04.701753
hciconfig[94055]: @ RAW Open: hciconfig     {0x0003} 2026-08-24 19:09:19.810805
hciconfig[94055]: @ RAW Open: hc..   {0x0004} [hci0] 2026-08-24 19:09:19.810874
hciconfig[94055]: < HCI Command: Rea..   #143 [hci0] 2026-08-24 19:09:19.810941
> HCI Event: Command C.. (0x0e) plen 12  #144 [hci0] 2026-08-24 19:09:19.811445
      Read Local Version Information (0x04|0x0001) ncmd 1
        Status: Success (0x00)
        HCI version: Bluetooth 4.1 (0x07) - Revision 508 (0x01fc)
        LMP version: Bluetooth 4.1 (0x07) - Subversion 8713 (0x2209)
        Manufacturer: Broadcom Corporation (15)
          Firmware: 001.002.009
          Build: 0508
hciconfig[94055]: @ RAW Close: h..   {0x0004} [hci0] 2026-08-24 19:09:19.811758
hciconfig[94055]: @ RAW Close: hciconfig    {0x0003} 2026-08-24 19:09:19.811804
> ACL Data RX: Han.. flags 0x02 dlen 31  #145 [hci0] 2026-08-24 19:09:26.756402
      Channel: 66 len 27 [PSM 0 mode Basic (0x00)] {chan 65535}
        69 ff 2d 01 7b 22 69 64 22 3a 32 32 2c 22 6f 70  i.-.{"id":22,"op
        22 3a 22 73 63 61 6e 22 7d 0a 22                 ":"scan"}."     
> HCI Event: Mode Change (0x14) plen 6   #146 [hci0] 2026-08-24 19:09:26.758785
        Status: Success (0x00)
        Handle: 12
        Mode: Active (0x00)
        Interval: 0.000 msec (0x0000)
< ACL Data TX: Ha.. flags 0x00 dlen 104  #147 [hci0] 2026-08-24 19:09:26.762362
      Channel: 74 len 100 [PSM 0 mode Basic (0x00)] {chan 65535}
        6b ef c1 7b 22 69 64 22 3a 32 32 2c 22 65 76 65  k..{"id":22,"eve
        6e 74 22 3a 22 70 72 6f 67 72 65 73 73 22 2c 22  nt":"progress","
        64 6f 6e 65 22 3a 66 61 6c 73 65 2c 22 70 68 61  done":false,"pha
        73 65 22 3a 22 73 63 61 6e 6e 69 6e 67 22 2c 22  se":"scanning","
        65 6c 61 70 73 65 64 5f 6d 73 22 3a 30 2c 22 64  elapsed_ms":0,"d
        75 72 61 74 69 6f 6e 5f 6d 73 22 3a 31 32 30 30  uration_ms":1200
        30 7d 0a e4                                      0}..            
bluetoothctl[94114]: @ MGMT Open: bluet..   {0x0003} 2026-08-24 19:09:26.900228
> HCI Event: Number of... (0x13) plen 5  #148 [hci0] 2026-08-24 19:09:26.930783
        Num handles: 1
        Handle: 12
        Count: 1
bluetoothd[49821]: @ MGMT Comman..   {0x0001} [hci0] 2026-08-24 19:09:26.969297
        Bondable: Enabled (0x01)
@ MGMT Event: Com.. (0x0001) plen 7  {0x0001} [hci0] 2026-08-24 19:09:26.969348
      Set Bondable (0x0009) plen 4
        Status: Success (0x00)
        Current settings: 0x00000adb
          Powered
          Connectable
          Discoverable
          Bondable
          Secure Simple Pairing
          BR/EDR
          Low Energy
          Secure Connections
@ MGMT Event: New.. (0x0006) plen 4  {0x0003} [hci0] 2026-08-24 19:09:26.969356
        Current settings: 0x00000adb
          Powered
          Connectable
          Discoverable
          Bondable
          Secure Simple Pairing
          BR/EDR
          Low Energy
          Secure Connections
@ MGMT Event: New.. (0x0006) plen 4  {0x0002} [hci0] 2026-08-24 19:09:26.969356
        Current settings: 0x00000adb
          Powered
          Connectable
          Discoverable
          Bondable
          Secure Simple Pairing
          BR/EDR
          Low Energy
          Secure Connections
bluetoothd[49821]: @ MGMT Comman..   {0x0001} [hci0] 2026-08-24 19:09:26.969672
        Capability: KeyboardDisplay (0x04)
@ MGMT Event: Com.. (0x0001) plen 3  {0x0001} [hci0] 2026-08-24 19:09:26.969692
      Set IO Capability (0x0018) plen 0
        Status: Success (0x00)
bluetoothd[49821]: @ MGMT Comman..   {0x0001} [hci1] 2026-08-24 19:09:26.969910
        Bondable: Enabled (0x01)
@ MGMT Event: Com.. (0x0001) plen 7  {0x0001} [hci1] 2026-08-24 19:09:26.969921
      Set Bondable (0x0009) plen 4
        Status: Success (0x00)
        Current settings: 0x007c0ad1
          Powered
          Bondable
          Secure Simple Pairing
          BR/EDR
          Low Energy
          Secure Connections
          CIS Central
          CIS Peripheral
          ISO Broadcaster
          Sync Receiver
          LL Privacy
@ MGMT Event: New.. (0x0006) plen 4  {0x0003} [hci1] 2026-08-24 19:09:26.969927
        Current settings: 0x007c0ad1
          Powered
          Bondable
          Secure Simple Pairing
          BR/EDR
          Low Energy
          Secure Connections
          CIS Central
          CIS Peripheral
          ISO Broadcaster
          Sync Receiver
          LL Privacy
@ MGMT Event: New.. (0x0006) plen 4  {0x0002} [hci1] 2026-08-24 19:09:26.969927
        Current settings: 0x007c0ad1
          Powered
          Bondable
          Secure Simple Pairing
          BR/EDR
          Low Energy
          Secure Connections
          CIS Central
          CIS Peripheral
          ISO Broadcaster
          Sync Receiver
          LL Privacy
bluetoothd[49821]: @ MGMT Comman..   {0x0001} [hci1] 2026-08-24 19:09:26.970204
        Capability: KeyboardDisplay (0x04)
@ MGMT Event: Com.. (0x0001) plen 3  {0x0001} [hci1] 2026-08-24 19:09:26.970217
      Set IO Capability (0x0018) plen 0
        Status: Success (0x00)
bluetoothd[49821]: @ MGMT Comman..   {0x0001} [hci1] 2026-08-24 19:09:26.984566
        Address type: 0x01
          BR/EDR
        RSSI: invalid (0x7f)
        UUIDs: 0
< HCI Command: In.. (0x01|0x0001) plen 5  #90 [hci1] 2026-08-24 19:09:26.984785
        Access code: 0x9e8b33 (General Inquiry)
        Length: 10.24s (0x08)
        Num responses: 0
> HCI Event: Command Sta.. (0x0f) plen 4  #91 [hci1] 2026-08-24 19:09:26.988058
      Inquiry (0x01|0x0001) ncmd 2
        Status: Success (0x00)
@ MGMT Event: Com.. (0x0001) plen 4  {0x0001} [hci1] 2026-08-24 19:09:26.988166
      Start Service Discovery (0x003a) plen 1
        Status: Success (0x00)
        Address type: 0x01
          BR/EDR
@ MGMT Event: Dis.. (0x0013) plen 2  {0x0001} [hci1] 2026-08-24 19:09:26.988181
        Address type: 0x01
          BR/EDR
        Discovery: Enabled (0x01)
< ACL Data TX: Ha.. flags 0x00 dlen 104  #149 [hci0] 2026-08-24 19:09:26.992539
      Channel: 74 len 100 [PSM 0 mode Basic (0x00)] {chan 65535}
        6b ef c1 7b 22 69 64 22 3a 32 32 2c 22 65 76 65  k..{"id":22,"eve
        6e 74 22 3a 22 70 72 6f 67 72 65 73 73 22 2c 22  nt":"progress","
        64 6f 6e 65 22 3a 66 61 6c 73 65 2c 22 70 68 61  done":false,"pha
        73 65 22 3a 22 73 63 61 6e 6e 69 6e 67 22 2c 22  se":"scanning","
        65 6c 61 70 73 65 64 5f 6d 73 22 3a 30 2c 22 64  elapsed_ms":0,"d
        75 72 61 74 69 6f 6e 5f 6d 73 22 3a 31 32 30 30  uration_ms":1200
        30 7d 0a e4                                      0}..            
> HCI Event: Extended... (0x2f) plen 255  #92 [hci1] 2026-08-24 19:09:27.021105
        Num responses: 1
        Address: 98:47:44:CD:73:DE (Shenzhen Boomtech Industrial Corporation)
        Page scan repetition mode: R1 (0x01)
        Page period mode: P0 (0x00)
        Class: 0x248404
          Major class: Audio/Video (headset, speaker, stereo, video, vcr)
          Minor class: Wearable Headset Device
          invalid service class
        Clock offset: 0x3038
        RSSI: -58 dBm (0xc6)
        Name (complete): Soundcore Space A40
        16-bit Service UUIDs (complete): 11 entries
          Service Discovery Server Service Class (0x1000)
          Serial Port (0x1101)
          Audio Sink (0x110b)
          A/V Remote Control Target (0x110c)
          A/V Remote Control (0x110e)
          A/V Remote Control Controller (0x110f)
          Handsfree (0x111e)
          Phonebook Access Client (0x112e)
          Message Notification Server (0x1133)
          PnP Information (0x1200)
          Generic Audio (0x1203)
@ MGMT Event: De.. (0x0012) plen 64  {0x0001} [hci1] 2026-08-24 19:09:27.021234
        BR/EDR Address: 98:47:44:CD:73:DE (Shenzhen Boomtech Industrial Corporation)
        RSSI: -58 dBm (0xc6)
        Flags: 0x00000000
        Data length: 50
        Name (complete): Soundcore Space A40
        16-bit Service UUIDs (complete): 11 entries
          Service Discovery Server Service Class (0x1000)
          Serial Port (0x1101)
          Audio Sink (0x110b)
          A/V Remote Control Target (0x110c)
          A/V Remote Control (0x110e)
          A/V Remote Control Controller (0x110f)
          Handsfree (0x111e)
          Phonebook Access Client (0x112e)
          Message Notification Server (0x1133)
          PnP Information (0x1200)
          Generic Audio (0x1203)
        Class: 0x248404
          Major class: Audio/Video (headset, speaker, stereo, video, vcr)
          Minor class: Wearable Headset Device
          invalid service class
> HCI Event: Number of... (0x13) plen 5  #150 [hci0] 2026-08-24 19:09:27.181537
        Num handles: 1
        Handle: 12
        Count: 1
> HCI Event: Extended... (0x2f) plen 255  #93 [hci1] 2026-08-24 19:09:27.482070
        Num responses: 1
        Address: 98:47:44:CD:73:DE (Shenzhen Boomtech Industrial Corporation)
        Page scan repetition mode: R1 (0x01)
        Page period mode: P0 (0x00)
        Class: 0x248404
          Major class: Audio/Video (headset, speaker, stereo, video, vcr)
          Minor class: Wearable Headset Device
          invalid service class
        Clock offset: 0x31a9
        RSSI: -60 dBm (0xc4)
        Name (complete): Soundcore Space A40
        16-bit Service UUIDs (complete): 11 entries
          Service Discovery Server Service Class (0x1000)
          Serial Port (0x1101)
          Audio Sink (0x110b)
          A/V Remote Control Target (0x110c)
          A/V Remote Control (0x110e)
          A/V Remote Control Controller (0x110f)
          Handsfree (0x111e)
          Phonebook Access Client (0x112e)
          Message Notification Server (0x1133)
          PnP Information (0x1200)
          Generic Audio (0x1203)
@ MGMT Event: De.. (0x0012) plen 64  {0x0001} [hci1] 2026-08-24 19:09:27.482144
        BR/EDR Address: 98:47:44:CD:73:DE (Shenzhen Boomtech Industrial Corporation)
        RSSI: -60 dBm (0xc4)
        Flags: 0x00000000
        Data length: 50
        Name (complete): Soundcore Space A40
        16-bit Service UUIDs (complete): 11 entries
          Service Discovery Server Service Class (0x1000)
          Serial Port (0x1101)
          Audio Sink (0x110b)
          A/V Remote Control Target (0x110c)
          A/V Remote Control (0x110e)
          A/V Remote Control Controller (0x110f)
          Handsfree (0x111e)
          Phonebook Access Client (0x112e)
          Message Notification Server (0x1133)
          PnP Information (0x1200)
          Generic Audio (0x1203)
        Class: 0x248404
          Major class: Audio/Video (headset, speaker, stereo, video, vcr)
          Minor class: Wearable Headset Device
          invalid service class
< ACL Data TX: Ha.. flags 0x00 dlen 107  #151 [hci0] 2026-08-24 19:09:27.996074
      Channel: 74 len 103 [PSM 0 mode Basic (0x00)] {chan 65535}
        6b ef c7 7b 22 69 64 22 3a 32 32 2c 22 65 76 65  k..{"id":22,"eve
        6e 74 22 3a 22 70 72 6f 67 72 65 73 73 22 2c 22  nt":"progress","
        64 6f 6e 65 22 3a 66 61 6c 73 65 2c 22 70 68 61  done":false,"pha
        73 65 22 3a 22 73 63 61 6e 6e 69 6e 67 22 2c 22  se":"scanning","
        65 6c 61 70 73 65 64 5f 6d 73 22 3a 31 30 30 33  elapsed_ms":1003
        2c 22 64 75 72 61 74 69 6f 6e 5f 6d 73 22 3a 31  ,"duration_ms":1
        32 30 30 30 7d 0a e4                             2000}..         
> HCI Event: Number of... (0x13) plen 5  #152 [hci0] 2026-08-24 19:09:28.180781
        Num handles: 1
        Handle: 12
        Count: 1
< ACL Data TX: Ha.. flags 0x00 dlen 107  #153 [hci0] 2026-08-24 19:09:29.070744
      Channel: 74 len 103 [PSM 0 mode Basic (0x00)] {chan 65535}
        6b ef c7 7b 22 69 64 22 3a 32 32 2c 22 65 76 65  k..{"id":22,"eve
        6e 74 22 3a 22 70 72 6f 67 72 65 73 73 22 2c 22  nt":"progress","
        64 6f 6e 65 22 3a 66 61 6c 73 65 2c 22 70 68 61  done":false,"pha
        73 65 22 3a 22 73 63 61 6e 6e 69 6e 67 22 2c 22  se":"scanning","
        65 6c 61 70 73 65 64 5f 6d 73 22 3a 32 30 37 38  elapsed_ms":2078
        2c 22 64 75 72 61 74 69 6f 6e 5f 6d 73 22 3a 31  ,"duration_ms":1
        32 30 30 30 7d 0a e4                             2000}..         
> HCI Event: Number of... (0x13) plen 5  #154 [hci0] 2026-08-24 19:09:29.305773
        Num handles: 1
        Handle: 12
        Count: 1
> HCI Event: Extended... (0x2f) plen 255  #94 [hci1] 2026-08-24 19:09:29.501053
        Num responses: 1
        Address: 98:47:44:CD:73:DE (Shenzhen Boomtech Industrial Corporation)
        Page scan repetition mode: R1 (0x01)
        Page period mode: P0 (0x00)
        Class: 0x248404
          Major class: Audio/Video (headset, speaker, stereo, video, vcr)
          Minor class: Wearable Headset Device
          invalid service class
        Clock offset: 0x37f8
        RSSI: -48 dBm (0xd0)
        Name (complete): Soundcore Space A40
        16-bit Service UUIDs (complete): 11 entries
          Service Discovery Server Service Class (0x1000)
          Serial Port (0x1101)
          Audio Sink (0x110b)
          A/V Remote Control Target (0x110c)
          A/V Remote Control (0x110e)
          A/V Remote Control Controller (0x110f)
          Handsfree (0x111e)
          Phonebook Access Client (0x112e)
          Message Notification Server (0x1133)
          PnP Information (0x1200)
          Generic Audio (0x1203)
@ MGMT Event: De.. (0x0012) plen 64  {0x0001} [hci1] 2026-08-24 19:09:29.501130
        BR/EDR Address: 98:47:44:CD:73:DE (Shenzhen Boomtech Industrial Corporation)
        RSSI: -48 dBm (0xd0)
        Flags: 0x00000000
        Data length: 50
        Name (complete): Soundcore Space A40
        16-bit Service UUIDs (complete): 11 entries
          Service Discovery Server Service Class (0x1000)
          Serial Port (0x1101)
          Audio Sink (0x110b)
          A/V Remote Control Target (0x110c)
          A/V Remote Control (0x110e)
          A/V Remote Control Controller (0x110f)
          Handsfree (0x111e)
          Phonebook Access Client (0x112e)
          Message Notification Server (0x1133)
          PnP Information (0x1200)
          Generic Audio (0x1203)
        Class: 0x248404
          Major class: Audio/Video (headset, speaker, stereo, video, vcr)
          Minor class: Wearable Headset Device
          invalid service class
< ACL Data TX: Ha.. flags 0x00 dlen 107  #155 [hci0] 2026-08-24 19:09:30.044723
      Channel: 74 len 103 [PSM 0 mode Basic (0x00)] {chan 65535}
        6b ef c7 7b 22 69 64 22 3a 32 32 2c 22 65 76 65  k..{"id":22,"eve
        6e 74 22 3a 22 70 72 6f 67 72 65 73 73 22 2c 22  nt":"progress","
        64 6f 6e 65 22 3a 66 61 6c 73 65 2c 22 70 68 61  done":false,"pha
        73 65 22 3a 22 73 63 61 6e 6e 69 6e 67 22 2c 22  se":"scanning","
        65 6c 61 70 73 65 64 5f 6d 73 22 3a 33 30 35 32  elapsed_ms":3052
        2c 22 64 75 72 61 74 69 6f 6e 5f 6d 73 22 3a 31  ,"duration_ms":1
        32 30 30 30 7d 0a e4                             2000}..         
> HCI Event: Number of... (0x13) plen 5  #156 [hci0] 2026-08-24 19:09:30.305789
        Num handles: 1
        Handle: 12
        Count: 1
> HCI Event: Extended... (0x2f) plen 255  #95 [hci1] 2026-08-24 19:09:30.603044
        Num responses: 1
        Address: 98:47:44:CD:73:DE (Shenzhen Boomtech Industrial Corporation)
        Page scan repetition mode: R1 (0x01)
        Page period mode: P0 (0x00)
        Class: 0x248404
          Major class: Audio/Video (headset, speaker, stereo, video, vcr)
          Minor class: Wearable Headset Device
          invalid service class
        Clock offset: 0x3b6a
        RSSI: -52 dBm (0xcc)
        Name (complete): Soundcore Space A40
        16-bit Service UUIDs (complete): 11 entries
          Service Discovery Server Service Class (0x1000)
          Serial Port (0x1101)
          Audio Sink (0x110b)
          A/V Remote Control Target (0x110c)
          A/V Remote Control (0x110e)
          A/V Remote Control Controller (0x110f)
          Handsfree (0x111e)
          Phonebook Access Client (0x112e)
          Message Notification Server (0x1133)
          PnP Information (0x1200)
          Generic Audio (0x1203)
@ MGMT Event: De.. (0x0012) plen 64  {0x0001} [hci1] 2026-08-24 19:09:30.603117
        BR/EDR Address: 98:47:44:CD:73:DE (Shenzhen Boomtech Industrial Corporation)
        RSSI: -52 dBm (0xcc)
        Flags: 0x00000000
        Data length: 50
        Name (complete): Soundcore Space A40
        16-bit Service UUIDs (complete): 11 entries
          Service Discovery Server Service Class (0x1000)
          Serial Port (0x1101)
          Audio Sink (0x110b)
          A/V Remote Control Target (0x110c)
          A/V Remote Control (0x110e)
          A/V Remote Control Controller (0x110f)
          Handsfree (0x111e)
          Phonebook Access Client (0x112e)
          Message Notification Server (0x1133)
          PnP Information (0x1200)
          Generic Audio (0x1203)
        Class: 0x248404
          Major class: Audio/Video (headset, speaker, stereo, video, vcr)
          Minor class: Wearable Headset Device
          invalid service class
> HCI Event: Extended... (0x2f) plen 255  #96 [hci1] 2026-08-24 19:09:30.854059
        Num responses: 1
        Address: 98:47:44:CD:73:DE (Shenzhen Boomtech Industrial Corporation)
        Page scan repetition mode: R1 (0x01)
        Page period mode: P0 (0x00)
        Class: 0x248404
          Major class: Audio/Video (headset, speaker, stereo, video, vcr)
          Minor class: Wearable Headset Device
          invalid service class
        Clock offset: 0x3c34
        RSSI: -52 dBm (0xcc)
        Name (complete): Soundcore Space A40
        16-bit Service UUIDs (complete): 11 entries
          Service Discovery Server Service Class (0x1000)
          Serial Port (0x1101)
          Audio Sink (0x110b)
          A/V Remote Control Target (0x110c)
          A/V Remote Control (0x110e)
          A/V Remote Control Controller (0x110f)
          Handsfree (0x111e)
          Phonebook Access Client (0x112e)
          Message Notification Server (0x1133)
          PnP Information (0x1200)
          Generic Audio (0x1203)
@ MGMT Event: De.. (0x0012) plen 64  {0x0001} [hci1] 2026-08-24 19:09:30.854160
        BR/EDR Address: 98:47:44:CD:73:DE (Shenzhen Boomtech Industrial Corporation)
        RSSI: -52 dBm (0xcc)
        Flags: 0x00000000
        Data length: 50
        Name (complete): Soundcore Space A40
        16-bit Service UUIDs (complete): 11 entries
          Service Discovery Server Service Class (0x1000)
          Serial Port (0x1101)
          Audio Sink (0x110b)
          A/V Remote Control Target (0x110c)
          A/V Remote Control (0x110e)
          A/V Remote Control Controller (0x110f)
          Handsfree (0x111e)
          Phonebook Access Client (0x112e)
          Message Notification Server (0x1133)
          PnP Information (0x1200)
          Generic Audio (0x1203)
        Class: 0x248404
          Major class: Audio/Video (headset, speaker, stereo, video, vcr)
          Minor class: Wearable Headset Device
          invalid service class
> HCI Event: Extended... (0x2f) plen 255  #97 [hci1] 2026-08-24 19:09:30.906058
        Num responses: 1
        Address: 98:47:44:CD:73:DE (Shenzhen Boomtech Industrial Corporation)
        Page scan repetition mode: R1 (0x01)
        Page period mode: P0 (0x00)
        Class: 0x248404
          Major class: Audio/Video (headset, speaker, stereo, video, vcr)
          Minor class: Wearable Headset Device
          invalid service class
        Clock offset: 0x3c5d
        RSSI: -50 dBm (0xce)
        Name (complete): Soundcore Space A40
        16-bit Service UUIDs (complete): 11 entries
          Service Discovery Server Service Class (0x1000)
          Serial Port (0x1101)
          Audio Sink (0x110b)
          A/V Remote Control Target (0x110c)
          A/V Remote Control (0x110e)
          A/V Remote Control Controller (0x110f)
          Handsfree (0x111e)
          Phonebook Access Client (0x112e)
          Message Notification Server (0x1133)
          PnP Information (0x1200)
          Generic Audio (0x1203)
@ MGMT Event: De.. (0x0012) plen 64  {0x0001} [hci1] 2026-08-24 19:09:30.906146
        BR/EDR Address: 98:47:44:CD:73:DE (Shenzhen Boomtech Industrial Corporation)
        RSSI: -50 dBm (0xce)
        Flags: 0x00000000
        Data length: 50
        Name (complete): Soundcore Space A40
        16-bit Service UUIDs (complete): 11 entries
          Service Discovery Server Service Class (0x1000)
          Serial Port (0x1101)
          Audio Sink (0x110b)
          A/V Remote Control Target (0x110c)
          A/V Remote Control (0x110e)
          A/V Remote Control Controller (0x110f)
          Handsfree (0x111e)
          Phonebook Access Client (0x112e)
          Message Notification Server (0x1133)
          PnP Information (0x1200)
          Generic Audio (0x1203)
        Class: 0x248404
          Major class: Audio/Video (headset, speaker, stereo, video, vcr)
          Minor class: Wearable Headset Device
          invalid service class
< ACL Data TX: Ha.. flags 0x00 dlen 107  #157 [hci0] 2026-08-24 19:09:31.024519
      Channel: 74 len 103 [PSM 0 mode Basic (0x00)] {chan 65535}
        6b ef c7 7b 22 69 64 22 3a 32 32 2c 22 65 76 65  k..{"id":22,"eve
        6e 74 22 3a 22 70 72 6f 67 72 65 73 73 22 2c 22  nt":"progress","
        64 6f 6e 65 22 3a 66 61 6c 73 65 2c 22 70 68 61  done":false,"pha
        73 65 22 3a 22 73 63 61 6e 6e 69 6e 67 22 2c 22  se":"scanning","
        65 6c 61 70 73 65 64 5f 6d 73 22 3a 34 30 33 31  elapsed_ms":4031
        2c 22 64 75 72 61 74 69 6f 6e 5f 6d 73 22 3a 31  ,"duration_ms":1
        32 30 30 30 7d 0a e4                             2000}..         
> HCI Event: Extended... (0x2f) plen 255  #98 [hci1] 2026-08-24 19:09:31.043027
        Num responses: 1
        Address: B8:27:EB:43:8D:51 (Raspberry Pi Foundation)
        Page scan repetition mode: R1 (0x01)
        Page period mode: P0 (0x00)
        Class: 0x680408
          Major class: Audio/Video (headset, speaker, stereo, video, vcr)
          Minor class: Hands-free Device
          Capturing (Scanner, Microphone)
          Audio (Speaker, Microphone, Headset)
          Telephony (Cordless telephony, Modem, Headset)
        Clock offset: 0x12ce
        RSSI: -23 dBm (0xe9)
        Name (complete): larkbridge-v2
        TX power: 0 dBm
        Device ID: USB Implementer's Forum assigned (0x0002)
          Vendor: Linux Foundation (0x1d6b)
          Product: 0x0246
          Version: 5.5.2 (0x0552)
        16-bit Service UUIDs (complete): 9 entries
          Generic Access Profile (0x1800)
          Generic Attribute Profile (0x1801)
          Device Information (0x180a)
          A/V Remote Control (0x110e)
          A/V Remote Control Target (0x110c)
          SIM Access (0x112d)
          Headset (0x1108)
          Handsfree (0x111e)
          Audio Source (0x110a)
        128-bit Service UUIDs (complete): 1 entry
          Vendor specific
@ MGMT Event: De.. (0x0012) plen 85  {0x0001} [hci1] 2026-08-24 19:09:31.043085
        BR/EDR Address: B8:27:EB:43:8D:51 (Raspberry Pi Foundation)
        RSSI: -23 dBm (0xe9)
        Flags: 0x00000000
        Data length: 71
        Name (complete): larkbridge-v2
        TX power: 0 dBm
        Device ID: USB Implementer's Forum assigned (0x0002)
          Vendor: Linux Foundation (0x1d6b)
          Product: 0x0246
          Version: 5.5.2 (0x0552)
        16-bit Service UUIDs (complete): 9 entries
          Generic Access Profile (0x1800)
          Generic Attribute Profile (0x1801)
          Device Information (0x180a)
          A/V Remote Control (0x110e)
          A/V Remote Control Target (0x110c)
          SIM Access (0x112d)
          Headset (0x1108)
          Handsfree (0x111e)
          Audio Source (0x110a)
        128-bit Service UUIDs (complete): 1 entry
          Vendor specific
        Class: 0x680408
          Major class: Audio/Video (headset, speaker, stereo, video, vcr)
          Minor class: Hands-free Device
          Capturing (Scanner, Microphone)
          Audio (Speaker, Microphone, Headset)
          Telephony (Cordless telephony, Modem, Headset)
> ACL Data RX: Hand.. flags 0x02 dlen 9  #158 [hci0] 2026-08-24 19:09:31.059948
      Channel: 66 len 5 [PSM 0 mode Basic (0x00)] {chan 65535}
        69 ff 01 06 22                                   i..."           
> HCI Event: Number of... (0x13) plen 5  #159 [hci0] 2026-08-24 19:09:31.181523
        Num handles: 1
        Handle: 12
        Count: 1
> HCI Event: Extended... (0x2f) plen 255  #99 [hci1] 2026-08-24 19:09:31.284035
        Num responses: 1
        Address: B8:27:EB:43:8D:51 (Raspberry Pi Foundation)
        Page scan repetition mode: R1 (0x01)
        Page period mode: P0 (0x00)
        Class: 0x680408
          Major class: Audio/Video (headset, speaker, stereo, video, vcr)
          Minor class: Hands-free Device
          Capturing (Scanner, Microphone)
          Audio (Speaker, Microphone, Headset)
          Telephony (Cordless telephony, Modem, Headset)
        Clock offset: 0x138f
        RSSI: -22 dBm (0xea)
        Name (complete): larkbridge-v2
        TX power: 0 dBm
        Device ID: USB Implementer's Forum assigned (0x0002)
          Vendor: Linux Foundation (0x1d6b)
          Product: 0x0246
          Version: 5.5.2 (0x0552)
        16-bit Service UUIDs (complete): 9 entries
          Generic Access Profile (0x1800)
          Generic Attribute Profile (0x1801)
          Device Information (0x180a)
          A/V Remote Control (0x110e)
          A/V Remote Control Target (0x110c)
          SIM Access (0x112d)
          Headset (0x1108)
          Handsfree (0x111e)
          Audio Source (0x110a)
        128-bit Service UUIDs (complete): 1 entry
          Vendor specific
@ MGMT Event: De.. (0x0012) plen 85  {0x0001} [hci1] 2026-08-24 19:09:31.284102
        BR/EDR Address: B8:27:EB:43:8D:51 (Raspberry Pi Foundation)
        RSSI: -22 dBm (0xea)
        Flags: 0x00000000
        Data length: 71
        Name (complete): larkbridge-v2
        TX power: 0 dBm
        Device ID: USB Implementer's Forum assigned (0x0002)
          Vendor: Linux Foundation (0x1d6b)
          Product: 0x0246
          Version: 5.5.2 (0x0552)
        16-bit Service UUIDs (complete): 9 entries
          Generic Access Profile (0x1800)
          Generic Attribute Profile (0x1801)
          Device Information (0x180a)
          A/V Remote Control (0x110e)
          A/V Remote Control Target (0x110c)
          SIM Access (0x112d)
          Headset (0x1108)
          Handsfree (0x111e)
          Audio Source (0x110a)
        128-bit Service UUIDs (complete): 1 entry
          Vendor specific
        Class: 0x680408
          Major class: Audio/Video (headset, speaker, stereo, video, vcr)
          Minor class: Hands-free Device
          Capturing (Scanner, Microphone)
          Audio (Speaker, Microphone, Headset)
          Telephony (Cordless telephony, Modem, Headset)
> HCI Event: Extended.. (0x2f) plen 255  #100 [hci1] 2026-08-24 19:09:31.606039
        Num responses: 1
        Address: 98:47:44:CD:73:DE (Shenzhen Boomtech Industrial Corporation)
        Page scan repetition mode: R1 (0x01)
        Page period mode: P0 (0x00)
        Class: 0x248404
          Major class: Audio/Video (headset, speaker, stereo, video, vcr)
          Minor class: Wearable Headset Device
          invalid service class
        Clock offset: 0x3e8e
        RSSI: -48 dBm (0xd0)
        Name (complete): Soundcore Space A40
        16-bit Service UUIDs (complete): 11 entries
          Service Discovery Server Service Class (0x1000)
          Serial Port (0x1101)
          Audio Sink (0x110b)
          A/V Remote Control Target (0x110c)
          A/V Remote Control (0x110e)
          A/V Remote Control Controller (0x110f)
          Handsfree (0x111e)
          Phonebook Access Client (0x112e)
          Message Notification Server (0x1133)
          PnP Information (0x1200)
          Generic Audio (0x1203)
@ MGMT Event: De.. (0x0012) plen 64  {0x0001} [hci1] 2026-08-24 19:09:31.606118
        BR/EDR Address: 98:47:44:CD:73:DE (Shenzhen Boomtech Industrial Corporation)
        RSSI: -48 dBm (0xd0)
        Flags: 0x00000000
        Data length: 50
        Name (complete): Soundcore Space A40
        16-bit Service UUIDs (complete): 11 entries
          Service Discovery Server Service Class (0x1000)
          Serial Port (0x1101)
          Audio Sink (0x110b)
          A/V Remote Control Target (0x110c)
          A/V Remote Control (0x110e)
          A/V Remote Control Controller (0x110f)
          Handsfree (0x111e)
          Phonebook Access Client (0x112e)
          Message Notification Server (0x1133)
          PnP Information (0x1200)
          Generic Audio (0x1203)
        Class: 0x248404
          Major class: Audio/Video (headset, speaker, stereo, video, vcr)
          Minor class: Wearable Headset Device
          invalid service class
< ACL Data TX: Ha.. flags 0x00 dlen 107  #160 [hci0] 2026-08-24 19:09:31.997490
      Channel: 74 len 103 [PSM 0 mode Basic (0x00)] {chan 65535}
        6b ef c7 7b 22 69 64 22 3a 32 32 2c 22 65 76 65  k..{"id":22,"eve
        6e 74 22 3a 22 70 72 6f 67 72 65 73 73 22 2c 22  nt":"progress","
        64 6f 6e 65 22 3a 66 61 6c 73 65 2c 22 70 68 61  done":false,"pha
        73 65 22 3a 22 73 63 61 6e 6e 69 6e 67 22 2c 22  se":"scanning","
        65 6c 61 70 73 65 64 5f 6d 73 22 3a 35 30 30 34  elapsed_ms":5004
        2c 22 64 75 72 61 74 69 6f 6e 5f 6d 73 22 3a 31  ,"duration_ms":1
        32 30 30 30 7d 0a e4                             2000}..         
> HCI Event: Number of... (0x13) plen 5  #161 [hci0] 2026-08-24 19:09:32.180800
        Num handles: 1
        Handle: 12
        Count: 1
> HCI Event: Extended.. (0x2f) plen 255  #101 [hci1] 2026-08-24 19:09:32.318029
        Num responses: 1
        Address: 98:47:44:CD:73:DE (Shenzhen Boomtech Industrial Corporation)
        Page scan repetition mode: R1 (0x01)
        Page period mode: P0 (0x00)
        Class: 0x248404
          Major class: Audio/Video (headset, speaker, stereo, video, vcr)
          Minor class: Wearable Headset Device
          invalid service class
        Clock offset: 0x40c8
        RSSI: -49 dBm (0xcf)
        Name (complete): Soundcore Space A40
        16-bit Service UUIDs (complete): 11 entries
          Service Discovery Server Service Class (0x1000)
          Serial Port (0x1101)
          Audio Sink (0x110b)
          A/V Remote Control Target (0x110c)
          A/V Remote Control (0x110e)
          A/V Remote Control Controller (0x110f)
          Handsfree (0x111e)
          Phonebook Access Client (0x112e)
          Message Notification Server (0x1133)
          PnP Information (0x1200)
          Generic Audio (0x1203)
@ MGMT Event: De.. (0x0012) plen 64  {0x0001} [hci1] 2026-08-24 19:09:32.318105
        BR/EDR Address: 98:47:44:CD:73:DE (Shenzhen Boomtech Industrial Corporation)
        RSSI: -49 dBm (0xcf)
        Flags: 0x00000000
        Data length: 50
        Name (complete): Soundcore Space A40
        16-bit Service UUIDs (complete): 11 entries
          Service Discovery Server Service Class (0x1000)
          Serial Port (0x1101)
          Audio Sink (0x110b)
          A/V Remote Control Target (0x110c)
          A/V Remote Control (0x110e)
          A/V Remote Control Controller (0x110f)
          Handsfree (0x111e)
          Phonebook Access Client (0x112e)
          Message Notification Server (0x1133)
          PnP Information (0x1200)
          Generic Audio (0x1203)
        Class: 0x248404
          Major class: Audio/Video (headset, speaker, stereo, video, vcr)
          Minor class: Wearable Headset Device
          invalid service class
> HCI Event: Extended.. (0x2f) plen 255  #102 [hci1] 2026-08-24 19:09:32.379020
        Num responses: 1
        Address: 98:47:44:CD:73:DE (Shenzhen Boomtech Industrial Corporation)
        Page scan repetition mode: R1 (0x01)
        Page period mode: P0 (0x00)
        Class: 0x248404
          Major class: Audio/Video (headset, speaker, stereo, video, vcr)
          Minor class: Wearable Headset Device
          invalid service class
        Clock offset: 0x40f9
        RSSI: -52 dBm (0xcc)
        Name (complete): Soundcore Space A40
        16-bit Service UUIDs (complete): 11 entries
          Service Discovery Server Service Class (0x1000)
          Serial Port (0x1101)
          Audio Sink (0x110b)
          A/V Remote Control Target (0x110c)
          A/V Remote Control (0x110e)
          A/V Remote Control Controller (0x110f)
          Handsfree (0x111e)
          Phonebook Access Client (0x112e)
          Message Notification Server (0x1133)
          PnP Information (0x1200)
          Generic Audio (0x1203)
@ MGMT Event: De.. (0x0012) plen 64  {0x0001} [hci1] 2026-08-24 19:09:32.379091
        BR/EDR Address: 98:47:44:CD:73:DE (Shenzhen Boomtech Industrial Corporation)
        RSSI: -52 dBm (0xcc)
        Flags: 0x00000000
        Data length: 50
        Name (complete): Soundcore Space A40
        16-bit Service UUIDs (complete): 11 entries
          Service Discovery Server Service Class (0x1000)
          Serial Port (0x1101)
          Audio Sink (0x110b)
          A/V Remote Control Target (0x110c)
          A/V Remote Control (0x110e)
          A/V Remote Control Controller (0x110f)
          Handsfree (0x111e)
          Phonebook Access Client (0x112e)
          Message Notification Server (0x1133)
          PnP Information (0x1200)
          Generic Audio (0x1203)
        Class: 0x248404
          Major class: Audio/Video (headset, speaker, stereo, video, vcr)
          Minor class: Wearable Headset Device
          invalid service class
> HCI Event: Extended.. (0x2f) plen 255  #103 [hci1] 2026-08-24 19:09:32.460025
        Num responses: 1
        Address: 98:47:44:CD:73:DE (Shenzhen Boomtech Industrial Corporation)
        Page scan repetition mode: R1 (0x01)
        Page period mode: P0 (0x00)
        Class: 0x248404
          Major class: Audio/Video (headset, speaker, stereo, video, vcr)
          Minor class: Wearable Headset Device
          invalid service class
        Clock offset: 0x4139
        RSSI: -50 dBm (0xce)
        Name (complete): Soundcore Space A40
        16-bit Service UUIDs (complete): 11 entries
          Service Discovery Server Service Class (0x1000)
          Serial Port (0x1101)
          Audio Sink (0x110b)
          A/V Remote Control Target (0x110c)
          A/V Remote Control (0x110e)
          A/V Remote Control Controller (0x110f)
          Handsfree (0x111e)
          Phonebook Access Client (0x112e)
          Message Notification Server (0x1133)
          PnP Information (0x1200)
          Generic Audio (0x1203)
@ MGMT Event: De.. (0x0012) plen 64  {0x0001} [hci1] 2026-08-24 19:09:32.460099
        BR/EDR Address: 98:47:44:CD:73:DE (Shenzhen Boomtech Industrial Corporation)
        RSSI: -50 dBm (0xce)
        Flags: 0x00000000
        Data length: 50
        Name (complete): Soundcore Space A40
        16-bit Service UUIDs (complete): 11 entries
          Service Discovery Server Service Class (0x1000)
          Serial Port (0x1101)
          Audio Sink (0x110b)
          A/V Remote Control Target (0x110c)
          A/V Remote Control (0x110e)
          A/V Remote Control Controller (0x110f)
          Handsfree (0x111e)
          Phonebook Access Client (0x112e)
          Message Notification Server (0x1133)
          PnP Information (0x1200)
          Generic Audio (0x1203)
        Class: 0x248404
          Major class: Audio/Video (headset, speaker, stereo, video, vcr)
          Minor class: Wearable Headset Device
          invalid service class
< ACL Data TX: Ha.. flags 0x00 dlen 107  #162 [hci0] 2026-08-24 19:09:33.045711
      Channel: 74 len 103 [PSM 0 mode Basic (0x00)] {chan 65535}
        6b ef c7 7b 22 69 64 22 3a 32 32 2c 22 65 76 65  k..{"id":22,"eve
        6e 74 22 3a 22 70 72 6f 67 72 65 73 73 22 2c 22  nt":"progress","
        64 6f 6e 65 22 3a 66 61 6c 73 65 2c 22 70 68 61  done":false,"pha
        73 65 22 3a 22 73 63 61 6e 6e 69 6e 67 22 2c 22  se":"scanning","
        65 6c 61 70 73 65 64 5f 6d 73 22 3a 36 30 35 32  elapsed_ms":6052
        2c 22 64 75 72 61 74 69 6f 6e 5f 6d 73 22 3a 31  ,"duration_ms":1
        32 30 30 30 7d 0a e4                             2000}..         
> HCI Event: Inquiry R.. (0x22) plen 15  #104 [hci1] 2026-08-24 19:09:33.077039
        Num responses: 1
        Address: 98:47:44:CD:73:DE (Shenzhen Boomtech Industrial Corporation)
        Page scan repetition mode: R1 (0x01)
        Page period mode: P2 (0x02)
        Class: 0x248404
          Major class: Audio/Video (headset, speaker, stereo, video, vcr)
          Minor class: Wearable Headset Device
          invalid service class
        Clock offset: 0x432b
        RSSI: -58 dBm (0xc6)
@ MGMT Event: De.. (0x0012) plen 19  {0x0001} [hci1] 2026-08-24 19:09:33.077115
        BR/EDR Address: 98:47:44:CD:73:DE (Shenzhen Boomtech Industrial Corporation)
        RSSI: -58 dBm (0xc6)
        Flags: 0x00000002
          Legacy Pairing
        Data length: 5
        Class: 0x248404
          Major class: Audio/Video (headset, speaker, stereo, video, vcr)
          Minor class: Wearable Headset Device
          invalid service class
> HCI Event: Number of... (0x13) plen 5  #163 [hci0] 2026-08-24 19:09:33.305767
        Num handles: 1
        Handle: 12
        Count: 1
> HCI Event: Mode Change (0x14) plen 6   #164 [hci0] 2026-08-24 19:09:33.783570
        Status: Success (0x00)
        Handle: 12
        Mode: Sniff (0x02)
        Interval: 480.000 msec (0x0300)
< ACL Data TX: Ha.. flags 0x00 dlen 107  #165 [hci0] 2026-08-24 19:09:34.080879
      Channel: 74 len 103 [PSM 0 mode Basic (0x00)] {chan 65535}
        6b ef c7 7b 22 69 64 22 3a 32 32 2c 22 65 76 65  k..{"id":22,"eve
        6e 74 22 3a 22 70 72 6f 67 72 65 73 73 22 2c 22  nt":"progress","
        64 6f 6e 65 22 3a 66 61 6c 73 65 2c 22 70 68 61  done":false,"pha
        73 65 22 3a 22 73 63 61 6e 6e 69 6e 67 22 2c 22  se":"scanning","
        65 6c 61 70 73 65 64 5f 6d 73 22 3a 37 30 38 38  elapsed_ms":7088
        2c 22 64 75 72 61 74 69 6f 6e 5f 6d 73 22 3a 31  ,"duration_ms":1
        32 30 30 30 7d 0a e4                             2000}..         
< HCI Command: E.. (0x02|0x0004) plen 2  #166 [hci0] 2026-08-24 19:09:34.080949
        Handle: 12
> HCI Event: Command St.. (0x0f) plen 4  #167 [hci0] 2026-08-24 19:09:34.082702
      Exit Sniff Mode (0x02|0x0004) ncmd 1
        Status: Success (0x00)
> HCI Event: Extended.. (0x2f) plen 255  #105 [hci1] 2026-08-24 19:09:34.312020
        Num responses: 1
        Address: 98:47:44:CD:73:DE (Shenzhen Boomtech Industrial Corporation)
        Page scan repetition mode: R1 (0x01)
        Page period mode: P0 (0x00)
        Class: 0x248404
          Major class: Audio/Video (headset, speaker, stereo, video, vcr)
          Minor class: Wearable Headset Device
          invalid service class
        Clock offset: 0x4704
        RSSI: -50 dBm (0xce)
        Name (complete): Soundcore Space A40
        16-bit Service UUIDs (complete): 11 entries
          Service Discovery Server Service Class (0x1000)
          Serial Port (0x1101)
          Audio Sink (0x110b)
          A/V Remote Control Target (0x110c)
          A/V Remote Control (0x110e)
          A/V Remote Control Controller (0x110f)
          Handsfree (0x111e)
          Phonebook Access Client (0x112e)
          Message Notification Server (0x1133)
          PnP Information (0x1200)
          Generic Audio (0x1203)
@ MGMT Event: De.. (0x0012) plen 64  {0x0001} [hci1] 2026-08-24 19:09:34.312096
        BR/EDR Address: 98:47:44:CD:73:DE (Shenzhen Boomtech Industrial Corporation)
        RSSI: -50 dBm (0xce)
        Flags: 0x00000002
          Legacy Pairing
        Data length: 50
        Name (complete): Soundcore Space A40
        16-bit Service UUIDs (complete): 11 entries
          Service Discovery Server Service Class (0x1000)
          Serial Port (0x1101)
          Audio Sink (0x110b)
          A/V Remote Control Target (0x110c)
          A/V Remote Control (0x110e)
          A/V Remote Control Controller (0x110f)
          Handsfree (0x111e)
          Phonebook Access Client (0x112e)
          Message Notification Server (0x1133)
          PnP Information (0x1200)
          Generic Audio (0x1203)
        Class: 0x248404
          Major class: Audio/Video (headset, speaker, stereo, video, vcr)
          Minor class: Wearable Headset Device
          invalid service class
> HCI Event: Mode Change (0x14) plen 6   #168 [hci0] 2026-08-24 19:09:34.441786
        Status: Success (0x00)
        Handle: 12
        Mode: Active (0x00)
        Interval: 0.000 msec (0x0000)
> HCI Event: Number of... (0x13) plen 5  #169 [hci0] 2026-08-24 19:09:34.680770
        Num handles: 1
        Handle: 12
        Count: 1
> HCI Event: Extended.. (0x2f) plen 255  #106 [hci1] 2026-08-24 19:09:34.854024
        Num responses: 1
        Address: 98:47:44:CD:73:DE (Shenzhen Boomtech Industrial Corporation)
        Page scan repetition mode: R1 (0x01)
        Page period mode: P0 (0x00)
        Class: 0x248404
          Major class: Audio/Video (headset, speaker, stereo, video, vcr)
          Minor class: Wearable Headset Device
          invalid service class
        Clock offset: 0x48b6
        RSSI: -50 dBm (0xce)
        Name (complete): Soundcore Space A40
        16-bit Service UUIDs (complete): 11 entries
          Service Discovery Server Service Class (0x1000)
          Serial Port (0x1101)
          Audio Sink (0x110b)
          A/V Remote Control Target (0x110c)
          A/V Remote Control (0x110e)
          A/V Remote Control Controller (0x110f)
          Handsfree (0x111e)
          Phonebook Access Client (0x112e)
          Message Notification Server (0x1133)
          PnP Information (0x1200)
          Generic Audio (0x1203)
@ MGMT Event: De.. (0x0012) plen 64  {0x0001} [hci1] 2026-08-24 19:09:34.854130
        BR/EDR Address: 98:47:44:CD:73:DE (Shenzhen Boomtech Industrial Corporation)
        RSSI: -50 dBm (0xce)
        Flags: 0x00000000
        Data length: 50
        Name (complete): Soundcore Space A40
        16-bit Service UUIDs (complete): 11 entries
          Service Discovery Server Service Class (0x1000)
          Serial Port (0x1101)
          Audio Sink (0x110b)
          A/V Remote Control Target (0x110c)
          A/V Remote Control (0x110e)
          A/V Remote Control Controller (0x110f)
          Handsfree (0x111e)
          Phonebook Access Client (0x112e)
          Message Notification Server (0x1133)
          PnP Information (0x1200)
          Generic Audio (0x1203)
        Class: 0x248404
          Major class: Audio/Video (headset, speaker, stereo, video, vcr)
          Minor class: Wearable Headset Device
          invalid service class
hciconfig[94176]: @ RAW Open: hciconfig     {0x0004} 2026-08-24 19:09:34.928955
hciconfig[94176]: @ RAW Open: hc..   {0x0005} [hci0] 2026-08-24 19:09:34.929041
hciconfig[94176]: < HCI Command: Rea..   #170 [hci0] 2026-08-24 19:09:34.929111
> HCI Event: Command C.. (0x0e) plen 12  #171 [hci0] 2026-08-24 19:09:34.929613
      Read Local Version Information (0x04|0x0001) ncmd 1
        Status: Success (0x00)
        HCI version: Bluetooth 4.1 (0x07) - Revision 508 (0x01fc)
        LMP version: Bluetooth 4.1 (0x07) - Subversion 8713 (0x2209)
        Manufacturer: Broadcom Corporation (15)
          Firmware: 001.002.009
          Build: 0508
hciconfig[94176]: @ RAW Close: h..   {0x0005} [hci0] 2026-08-24 19:09:34.929979
hciconfig[94176]: @ RAW Close: hciconfig    {0x0004} 2026-08-24 19:09:34.930041
> HCI Event: Extended.. (0x2f) plen 255  #107 [hci1] 2026-08-24 19:09:35.025006
        Num responses: 1
        Address: 98:47:44:CD:73:DE (Shenzhen Boomtech Industrial Corporation)
        Page scan repetition mode: R1 (0x01)
        Page period mode: P0 (0x00)
        Class: 0x248404
          Major class: Audio/Video (headset, speaker, stereo, video, vcr)
          Minor class: Wearable Headset Device
          invalid service class
        Clock offset: 0x493e
        RSSI: -49 dBm (0xcf)
        Name (complete): Soundcore Space A40
        16-bit Service UUIDs (complete): 11 entries
          Service Discovery Server Service Class (0x1000)
          Serial Port (0x1101)
          Audio Sink (0x110b)
          A/V Remote Control Target (0x110c)
          A/V Remote Control (0x110e)
          A/V Remote Control Controller (0x110f)
          Handsfree (0x111e)
          Phonebook Access Client (0x112e)
          Message Notification Server (0x1133)
          PnP Information (0x1200)
          Generic Audio (0x1203)
@ MGMT Event: De.. (0x0012) plen 64  {0x0001} [hci1] 2026-08-24 19:09:35.025070
        BR/EDR Address: 98:47:44:CD:73:DE (Shenzhen Boomtech Industrial Corporation)
        RSSI: -49 dBm (0xcf)
        Flags: 0x00000000
        Data length: 50
        Name (complete): Soundcore Space A40
        16-bit Service UUIDs (complete): 11 entries
          Service Discovery Server Service Class (0x1000)
          Serial Port (0x1101)
          Audio Sink (0x110b)
          A/V Remote Control Target (0x110c)
          A/V Remote Control (0x110e)
          A/V Remote Control Controller (0x110f)
          Handsfree (0x111e)
          Phonebook Access Client (0x112e)
          Message Notification Server (0x1133)
          PnP Information (0x1200)
          Generic Audio (0x1203)
        Class: 0x248404
          Major class: Audio/Video (headset, speaker, stereo, video, vcr)
          Minor class: Wearable Headset Device
          invalid service class
< ACL Data TX: Ha.. flags 0x00 dlen 107  #172 [hci0] 2026-08-24 19:09:35.030973
      Channel: 74 len 103 [PSM 0 mode Basic (0x00)] {chan 65535}
        6b ef c7 7b 22 69 64 22 3a 32 32 2c 22 65 76 65  k..{"id":22,"eve
        6e 74 22 3a 22 70 72 6f 67 72 65 73 73 22 2c 22  nt":"progress","
        64 6f 6e 65 22 3a 66 61 6c 73 65 2c 22 70 68 61  done":false,"pha
        73 65 22 3a 22 73 63 61 6e 6e 69 6e 67 22 2c 22  se":"scanning","
        65 6c 61 70 73 65 64 5f 6d 73 22 3a 38 30 33 38  elapsed_ms":8038
        2c 22 64 75 72 61 74 69 6f 6e 5f 6d 73 22 3a 31  ,"duration_ms":1
        32 30 30 30 7d 0a e4                             2000}..         
> HCI Event: Number of... (0x13) plen 5  #173 [hci0] 2026-08-24 19:09:35.181125
        Num handles: 1
        Handle: 12
        Count: 1
< ACL Data TX: Ha.. flags 0x00 dlen 107  #174 [hci0] 2026-08-24 19:09:36.075633
      Channel: 74 len 103 [PSM 0 mode Basic (0x00)] {chan 65535}
        6b ef c7 7b 22 69 64 22 3a 32 32 2c 22 65 76 65  k..{"id":22,"eve
        6e 74 22 3a 22 70 72 6f 67 72 65 73 73 22 2c 22  nt":"progress","
        64 6f 6e 65 22 3a 66 61 6c 73 65 2c 22 70 68 61  done":false,"pha
        73 65 22 3a 22 73 63 61 6e 6e 69 6e 67 22 2c 22  se":"scanning","
        65 6c 61 70 73 65 64 5f 6d 73 22 3a 39 30 38 33  elapsed_ms":9083
        2c 22 64 75 72 61 74 69 6f 6e 5f 6d 73 22 3a 31  ,"duration_ms":1
        32 30 30 30 7d 0a e4                             2000}..         
> HCI Event: Extended.. (0x2f) plen 255  #108 [hci1] 2026-08-24 19:09:36.177000
        Num responses: 1
        Address: B8:27:EB:43:8D:51 (Raspberry Pi Foundation)
        Page scan repetition mode: R1 (0x01)
        Page period mode: P0 (0x00)
        Class: 0x680408
          Major class: Audio/Video (headset, speaker, stereo, video, vcr)
          Minor class: Hands-free Device
          Capturing (Scanner, Microphone)
          Audio (Speaker, Microphone, Headset)
          Telephony (Cordless telephony, Modem, Headset)
        Clock offset: 0x22dc
        RSSI: -22 dBm (0xea)
        Name (complete): larkbridge-v2
        TX power: 0 dBm
        Device ID: USB Implementer's Forum assigned (0x0002)
          Vendor: Linux Foundation (0x1d6b)
          Product: 0x0246
          Version: 5.5.2 (0x0552)
        16-bit Service UUIDs (complete): 9 entries
          Generic Access Profile (0x1800)
          Generic Attribute Profile (0x1801)
          Device Information (0x180a)
          A/V Remote Control (0x110e)
          A/V Remote Control Target (0x110c)
          SIM Access (0x112d)
          Headset (0x1108)
          Handsfree (0x111e)
          Audio Source (0x110a)
        128-bit Service UUIDs (complete): 1 entry
          Vendor specific
@ MGMT Event: De.. (0x0012) plen 85  {0x0001} [hci1] 2026-08-24 19:09:36.177068
        BR/EDR Address: B8:27:EB:43:8D:51 (Raspberry Pi Foundation)
        RSSI: -22 dBm (0xea)
        Flags: 0x00000000
        Data length: 71
        Name (complete): larkbridge-v2
        TX power: 0 dBm
        Device ID: USB Implementer's Forum assigned (0x0002)
          Vendor: Linux Foundation (0x1d6b)
          Product: 0x0246
          Version: 5.5.2 (0x0552)
        16-bit Service UUIDs (complete): 9 entries
          Generic Access Profile (0x1800)
          Generic Attribute Profile (0x1801)
          Device Information (0x180a)
          A/V Remote Control (0x110e)
          A/V Remote Control Target (0x110c)
          SIM Access (0x112d)
          Headset (0x1108)
          Handsfree (0x111e)
          Audio Source (0x110a)
        128-bit Service UUIDs (complete): 1 entry
          Vendor specific
        Class: 0x680408
          Major class: Audio/Video (headset, speaker, stereo, video, vcr)
          Minor class: Hands-free Device
          Capturing (Scanner, Microphone)
          Audio (Speaker, Microphone, Headset)
          Telephony (Cordless telephony, Modem, Headset)
> HCI Event: Number of... (0x13) plen 5  #175 [hci0] 2026-08-24 19:09:36.305755
        Num handles: 1
        Handle: 12
        Count: 1
> HCI Event: Extended.. (0x2f) plen 255  #109 [hci1] 2026-08-24 19:09:36.746996
        Num responses: 1
        Address: 98:47:44:CD:73:DE (Shenzhen Boomtech Industrial Corporation)
        Page scan repetition mode: R1 (0x01)
        Page period mode: P0 (0x00)
        Class: 0x248404
          Major class: Audio/Video (headset, speaker, stereo, video, vcr)
          Minor class: Wearable Headset Device
          invalid service class
        Clock offset: 0x4ea1
        RSSI: -53 dBm (0xcb)
        Name (complete): Soundcore Space A40
        16-bit Service UUIDs (complete): 11 entries
          Service Discovery Server Service Class (0x1000)
          Serial Port (0x1101)
          Audio Sink (0x110b)
          A/V Remote Control Target (0x110c)
          A/V Remote Control (0x110e)
          A/V Remote Control Controller (0x110f)
          Handsfree (0x111e)
          Phonebook Access Client (0x112e)
          Message Notification Server (0x1133)
          PnP Information (0x1200)
          Generic Audio (0x1203)
@ MGMT Event: De.. (0x0012) plen 64  {0x0001} [hci1] 2026-08-24 19:09:36.747072
        BR/EDR Address: 98:47:44:CD:73:DE (Shenzhen Boomtech Industrial Corporation)
        RSSI: -53 dBm (0xcb)
        Flags: 0x00000000
        Data length: 50
        Name (complete): Soundcore Space A40
        16-bit Service UUIDs (complete): 11 entries
          Service Discovery Server Service Class (0x1000)
          Serial Port (0x1101)
          Audio Sink (0x110b)
          A/V Remote Control Target (0x110c)
          A/V Remote Control (0x110e)
          A/V Remote Control Controller (0x110f)
          Handsfree (0x111e)
          Phonebook Access Client (0x112e)
          Message Notification Server (0x1133)
          PnP Information (0x1200)
          Generic Audio (0x1203)
        Class: 0x248404
          Major class: Audio/Video (headset, speaker, stereo, video, vcr)
          Minor class: Wearable Headset Device
          invalid service class
> HCI Event: Extended.. (0x2f) plen 255  #110 [hci1] 2026-08-24 19:09:36.817986
        Num responses: 1
        Address: 98:47:44:CD:73:DE (Shenzhen Boomtech Industrial Corporation)
        Page scan repetition mode: R1 (0x01)
        Page period mode: P0 (0x00)
        Class: 0x248404
          Major class: Audio/Video (headset, speaker, stereo, video, vcr)
          Minor class: Wearable Headset Device
          invalid service class
        Clock offset: 0x4eda
        RSSI: -60 dBm (0xc4)
        Name (complete): Soundcore Space A40
        16-bit Service UUIDs (complete): 11 entries
          Service Discovery Server Service Class (0x1000)
          Serial Port (0x1101)
          Audio Sink (0x110b)
          A/V Remote Control Target (0x110c)
          A/V Remote Control (0x110e)
          A/V Remote Control Controller (0x110f)
          Handsfree (0x111e)
          Phonebook Access Client (0x112e)
          Message Notification Server (0x1133)
          PnP Information (0x1200)
          Generic Audio (0x1203)
@ MGMT Event: De.. (0x0012) plen 64  {0x0001} [hci1] 2026-08-24 19:09:36.818058
        BR/EDR Address: 98:47:44:CD:73:DE (Shenzhen Boomtech Industrial Corporation)
        RSSI: -60 dBm (0xc4)
        Flags: 0x00000000
        Data length: 50
        Name (complete): Soundcore Space A40
        16-bit Service UUIDs (complete): 11 entries
          Service Discovery Server Service Class (0x1000)
          Serial Port (0x1101)
          Audio Sink (0x110b)
          A/V Remote Control Target (0x110c)
          A/V Remote Control (0x110e)
          A/V Remote Control Controller (0x110f)
          Handsfree (0x111e)
          Phonebook Access Client (0x112e)
          Message Notification Server (0x1133)
          PnP Information (0x1200)
          Generic Audio (0x1203)
        Class: 0x248404
          Major class: Audio/Video (headset, speaker, stereo, video, vcr)
          Minor class: Wearable Headset Device
          invalid service class
< ACL Data TX: Ha.. flags 0x00 dlen 108  #176 [hci0] 2026-08-24 19:09:37.024758
      Channel: 74 len 104 [PSM 0 mode Basic (0x00)] {chan 65535}
        6b ef c9 7b 22 69 64 22 3a 32 32 2c 22 65 76 65  k..{"id":22,"eve
        6e 74 22 3a 22 70 72 6f 67 72 65 73 73 22 2c 22  nt":"progress","
        64 6f 6e 65 22 3a 66 61 6c 73 65 2c 22 70 68 61  done":false,"pha
        73 65 22 3a 22 73 63 61 6e 6e 69 6e 67 22 2c 22  se":"scanning","
        65 6c 61 70 73 65 64 5f 6d 73 22 3a 31 30 30 33  elapsed_ms":1003
        32 2c 22 64 75 72 61 74 69 6f 6e 5f 6d 73 22 3a  2,"duration_ms":
        31 32 30 30 30 7d 0a e4                          12000}..        
> ACL Data RX: Hand.. flags 0x02 dlen 9  #177 [hci0] 2026-08-24 19:09:37.054874
      Channel: 66 len 5 [PSM 0 mode Basic (0x00)] {chan 65535}
        69 ff 01 06 22                                   i..."           
> HCI Event: Number of... (0x13) plen 5  #178 [hci0] 2026-08-24 19:09:37.180754
        Num handles: 1
        Handle: 12
        Count: 1
> HCI Event: Extended.. (0x2f) plen 255  #111 [hci1] 2026-08-24 19:09:37.217985
        Num responses: 1
        Address: 98:47:44:CD:73:DE (Shenzhen Boomtech Industrial Corporation)
        Page scan repetition mode: R1 (0x01)
        Page period mode: P0 (0x00)
        Class: 0x248404
          Major class: Audio/Video (headset, speaker, stereo, video, vcr)
          Minor class: Wearable Headset Device
          invalid service class
        Clock offset: 0x501a
        RSSI: -52 dBm (0xcc)
        Name (complete): Soundcore Space A40
        16-bit Service UUIDs (complete): 11 entries
          Service Discovery Server Service Class (0x1000)
          Serial Port (0x1101)
          Audio Sink (0x110b)
          A/V Remote Control Target (0x110c)
          A/V Remote Control (0x110e)
          A/V Remote Control Controller (0x110f)
          Handsfree (0x111e)
          Phonebook Access Client (0x112e)
          Message Notification Server (0x1133)
          PnP Information (0x1200)
          Generic Audio (0x1203)
@ MGMT Event: De.. (0x0012) plen 64  {0x0001} [hci1] 2026-08-24 19:09:37.218050
        BR/EDR Address: 98:47:44:CD:73:DE (Shenzhen Boomtech Industrial Corporation)
        RSSI: -52 dBm (0xcc)
        Flags: 0x00000000
        Data length: 50
        Name (complete): Soundcore Space A40
        16-bit Service UUIDs (complete): 11 entries
          Service Discovery Server Service Class (0x1000)
          Serial Port (0x1101)
          Audio Sink (0x110b)
          A/V Remote Control Target (0x110c)
          A/V Remote Control (0x110e)
          A/V Remote Control Controller (0x110f)
          Handsfree (0x111e)
          Phonebook Access Client (0x112e)
          Message Notification Server (0x1133)
          PnP Information (0x1200)
          Generic Audio (0x1203)
        Class: 0x248404
          Major class: Audio/Video (headset, speaker, stereo, video, vcr)
          Minor class: Wearable Headset Device
          invalid service class
> HCI Event: Inquiry Co.. (0x01) plen 1  #112 [hci1] 2026-08-24 19:09:37.229995
        Status: Success (0x00)
@ MGMT Event: Dis.. (0x0013) plen 2  {0x0001} [hci1] 2026-08-24 19:09:37.230075
        Address type: 0x01
          BR/EDR
        Discovery: Disabled (0x00)
bluetoothd[49821]: @ MGMT Comman..   {0x0001} [hci1] 2026-08-24 19:09:37.230625
        Address type: 0x01
          BR/EDR
        RSSI: invalid (0x7f)
        UUIDs: 0
< HCI Command: I.. (0x01|0x0001) plen 5  #113 [hci1] 2026-08-24 19:09:37.230685
        Access code: 0x9e8b33 (General Inquiry)
        Length: 10.24s (0x08)
        Num responses: 0
> HCI Event: Command St.. (0x0f) plen 4  #114 [hci1] 2026-08-24 19:09:37.233974
      Inquiry (0x01|0x0001) ncmd 2
        Status: Success (0x00)
@ MGMT Event: Com.. (0x0001) plen 4  {0x0001} [hci1] 2026-08-24 19:09:37.234050
      Start Service Discovery (0x003a) plen 1
        Status: Success (0x00)
        Address type: 0x01
          BR/EDR
@ MGMT Event: Dis.. (0x0013) plen 2  {0x0001} [hci1] 2026-08-24 19:09:37.234071
        Address type: 0x01
          BR/EDR
        Discovery: Enabled (0x01)
> HCI Event: Extended.. (0x2f) plen 255  #115 [hci1] 2026-08-24 19:09:37.289983
        Num responses: 1
        Address: 98:47:44:CD:73:DE (Shenzhen Boomtech Industrial Corporation)
        Page scan repetition mode: R1 (0x01)
        Page period mode: P0 (0x00)
        Class: 0x248404
          Major class: Audio/Video (headset, speaker, stereo, video, vcr)
          Minor class: Wearable Headset Device
          invalid service class
        Clock offset: 0x5054
        RSSI: -52 dBm (0xcc)
        Name (complete): Soundcore Space A40
        16-bit Service UUIDs (complete): 11 entries
          Service Discovery Server Service Class (0x1000)
          Serial Port (0x1101)
          Audio Sink (0x110b)
          A/V Remote Control Target (0x110c)
          A/V Remote Control (0x110e)
          A/V Remote Control Controller (0x110f)
          Handsfree (0x111e)
          Phonebook Access Client (0x112e)
          Message Notification Server (0x1133)
          PnP Information (0x1200)
          Generic Audio (0x1203)
@ MGMT Event: De.. (0x0012) plen 64  {0x0001} [hci1] 2026-08-24 19:09:37.290046
        BR/EDR Address: 98:47:44:CD:73:DE (Shenzhen Boomtech Industrial Corporation)
        RSSI: -52 dBm (0xcc)
        Flags: 0x00000000
        Data length: 50
        Name (complete): Soundcore Space A40
        16-bit Service UUIDs (complete): 11 entries
          Service Discovery Server Service Class (0x1000)
          Serial Port (0x1101)
          Audio Sink (0x110b)
          A/V Remote Control Target (0x110c)
          A/V Remote Control (0x110e)
          A/V Remote Control Controller (0x110f)
          Handsfree (0x111e)
          Phonebook Access Client (0x112e)
          Message Notification Server (0x1133)
          PnP Information (0x1200)
          Generic Audio (0x1203)
        Class: 0x248404
          Major class: Audio/Video (headset, speaker, stereo, video, vcr)
          Minor class: Wearable Headset Device
          invalid service class
> HCI Event: Extended.. (0x2f) plen 255  #116 [hci1] 2026-08-24 19:09:37.740990
        Num responses: 1
        Address: 98:47:44:CD:73:DE (Shenzhen Boomtech Industrial Corporation)
        Page scan repetition mode: R1 (0x01)
        Page period mode: P0 (0x00)
        Class: 0x248404
          Major class: Audio/Video (headset, speaker, stereo, video, vcr)
          Minor class: Wearable Headset Device
          invalid service class
        Clock offset: 0x51bd
        RSSI: -52 dBm (0xcc)
        Name (complete): Soundcore Space A40
        16-bit Service UUIDs (complete): 11 entries
          Service Discovery Server Service Class (0x1000)
          Serial Port (0x1101)
          Audio Sink (0x110b)
          A/V Remote Control Target (0x110c)
          A/V Remote Control (0x110e)
          A/V Remote Control Controller (0x110f)
          Handsfree (0x111e)
          Phonebook Access Client (0x112e)
          Message Notification Server (0x1133)
          PnP Information (0x1200)
          Generic Audio (0x1203)
@ MGMT Event: De.. (0x0012) plen 64  {0x0001} [hci1] 2026-08-24 19:09:37.741066
        BR/EDR Address: 98:47:44:CD:73:DE (Shenzhen Boomtech Industrial Corporation)
        RSSI: -52 dBm (0xcc)
        Flags: 0x00000000
        Data length: 50
        Name (complete): Soundcore Space A40
        16-bit Service UUIDs (complete): 11 entries
          Service Discovery Server Service Class (0x1000)
          Serial Port (0x1101)
          Audio Sink (0x110b)
          A/V Remote Control Target (0x110c)
          A/V Remote Control (0x110e)
          A/V Remote Control Controller (0x110f)
          Handsfree (0x111e)
          Phonebook Access Client (0x112e)
          Message Notification Server (0x1133)
          PnP Information (0x1200)
          Generic Audio (0x1203)
        Class: 0x248404
          Major class: Audio/Video (headset, speaker, stereo, video, vcr)
          Minor class: Wearable Headset Device
          invalid service class
< ACL Data TX: Ha.. flags 0x00 dlen 108  #179 [hci0] 2026-08-24 19:09:38.047652
      Channel: 74 len 104 [PSM 0 mode Basic (0x00)] {chan 65535}
        6b ef c9 7b 22 69 64 22 3a 32 32 2c 22 65 76 65  k..{"id":22,"eve
        6e 74 22 3a 22 70 72 6f 67 72 65 73 73 22 2c 22  nt":"progress","
        64 6f 6e 65 22 3a 66 61 6c 73 65 2c 22 70 68 61  done":false,"pha
        73 65 22 3a 22 73 63 61 6e 6e 69 6e 67 22 2c 22  se":"scanning","
        65 6c 61 70 73 65 64 5f 6d 73 22 3a 31 31 30 35  elapsed_ms":1105
        35 2c 22 64 75 72 61 74 69 6f 6e 5f 6d 73 22 3a  5,"duration_ms":
        31 32 30 30 30 7d 0a e4                          12000}..        
> HCI Event: Number of... (0x13) plen 5  #180 [hci0] 2026-08-24 19:09:38.305721
        Num handles: 1
        Handle: 12
        Count: 1
> HCI Event: Extended.. (0x2f) plen 255  #117 [hci1] 2026-08-24 19:09:38.958986
        Num responses: 1
        Address: B8:27:EB:43:8D:51 (Raspberry Pi Foundation)
        Page scan repetition mode: R1 (0x01)
        Page period mode: P0 (0x00)
        Class: 0x680408
          Major class: Audio/Video (headset, speaker, stereo, video, vcr)
          Minor class: Hands-free Device
          Capturing (Scanner, Microphone)
          Audio (Speaker, Microphone, Headset)
          Telephony (Cordless telephony, Modem, Headset)
        Clock offset: 0x2b8f
        RSSI: -22 dBm (0xea)
        Name (complete): larkbridge-v2
        TX power: 0 dBm
        Device ID: USB Implementer's Forum assigned (0x0002)
          Vendor: Linux Foundation (0x1d6b)
          Product: 0x0246
          Version: 5.5.2 (0x0552)
        16-bit Service UUIDs (complete): 9 entries
          Generic Access Profile (0x1800)
          Generic Attribute Profile (0x1801)
          Device Information (0x180a)
          A/V Remote Control (0x110e)
          A/V Remote Control Target (0x110c)
          SIM Access (0x112d)
          Headset (0x1108)
          Handsfree (0x111e)
          Audio Source (0x110a)
        128-bit Service UUIDs (complete): 1 entry
          Vendor specific
@ MGMT Event: De.. (0x0012) plen 85  {0x0001} [hci1] 2026-08-24 19:09:38.959067
        BR/EDR Address: B8:27:EB:43:8D:51 (Raspberry Pi Foundation)
        RSSI: -22 dBm (0xea)
        Flags: 0x00000000
        Data length: 71
        Name (complete): larkbridge-v2
        TX power: 0 dBm
        Device ID: USB Implementer's Forum assigned (0x0002)
          Vendor: Linux Foundation (0x1d6b)
          Product: 0x0246
          Version: 5.5.2 (0x0552)
        16-bit Service UUIDs (complete): 9 entries
          Generic Access Profile (0x1800)
          Generic Attribute Profile (0x1801)
          Device Information (0x180a)
          A/V Remote Control (0x110e)
          A/V Remote Control Target (0x110c)
          SIM Access (0x112d)
          Headset (0x1108)
          Handsfree (0x111e)
          Audio Source (0x110a)
        128-bit Service UUIDs (complete): 1 entry
          Vendor specific
        Class: 0x680408
          Major class: Audio/Video (headset, speaker, stereo, video, vcr)
          Minor class: Hands-free Device
          Capturing (Scanner, Microphone)
          Audio (Speaker, Microphone, Headset)
          Telephony (Cordless telephony, Modem, Headset)
bluetoothd[49821]: @ MGMT Comman..   {0x0001} [hci1] 2026-08-24 19:09:38.994509
        Address type: 0x01
          BR/EDR
< HCI Command: I.. (0x01|0x0002) plen 0  #118 [hci1] 2026-08-24 19:09:38.994665
bluetoothctl[94114]: @ MGMT Close: blue..   {0x0003} 2026-08-24 19:09:38.995402
> HCI Event: Command Co.. (0x0e) plen 4  #119 [hci1] 2026-08-24 19:09:38.998976
      Inquiry Cancel (0x01|0x0002) ncmd 2
        Status: Success (0x00)
@ MGMT Event: Dis.. (0x0013) plen 2  {0x0001} [hci1] 2026-08-24 19:09:38.999051
        Address type: 0x01
          BR/EDR
        Discovery: Disabled (0x00)
@ MGMT Event: Com.. (0x0001) plen 4  {0x0001} [hci1] 2026-08-24 19:09:38.999127
      Stop Discovery (0x0024) plen 1
        Status: Success (0x00)
        Address type: 0x01
          BR/EDR
bluetoothd[49821]: @ MGMT Comman..   {0x0001} [hci0] 2026-08-24 19:09:39.027949
        Bondable: Disabled (0x00)
@ MGMT Event: Com.. (0x0001) plen 7  {0x0001} [hci0] 2026-08-24 19:09:39.028002
      Set Bondable (0x0009) plen 4
        Status: Success (0x00)
        Current settings: 0x00000acb
          Powered
          Connectable
          Discoverable
          Secure Simple Pairing
          BR/EDR
          Low Energy
          Secure Connections
@ MGMT Event: New.. (0x0006) plen 4  {0x0002} [hci0] 2026-08-24 19:09:39.028012
        Current settings: 0x00000acb
          Powered
          Connectable
          Discoverable
          Secure Simple Pairing
          BR/EDR
          Low Energy
          Secure Connections
bluetoothd[49821]: @ MGMT Comman..   {0x0001} [hci1] 2026-08-24 19:09:39.028848
        Bondable: Disabled (0x00)
@ MGMT Event: Com.. (0x0001) plen 7  {0x0001} [hci1] 2026-08-24 19:09:39.028873
      Set Bondable (0x0009) plen 4
        Status: Success (0x00)
        Current settings: 0x007c0ac1
          Powered
          Secure Simple Pairing
          BR/EDR
          Low Energy
          Secure Connections
          CIS Central
          CIS Peripheral
          ISO Broadcaster
          Sync Receiver
          LL Privacy
@ MGMT Event: New.. (0x0006) plen 4  {0x0002} [hci1] 2026-08-24 19:09:39.028880
        Current settings: 0x007c0ac1
          Powered
          Secure Simple Pairing
          BR/EDR
          Low Energy
          Secure Connections
          CIS Central
          CIS Peripheral
          ISO Broadcaster
          Sync Receiver
          LL Privacy
< ACL Data TX: Ha.. flags 0x00 dlen 999  #181 [hci0] 2026-08-24 19:09:41.071849
      Channel: 74 len 995 [PSM 0 mode Basic (0x00)] {chan 65535}
        6b ef bc 07 7b 22 69 64 22 3a 32 32 2c 22 64 6f  k...{"id":22,"do
        6e 65 22 3a 74 72 75 65 2c 22 6f 6b 22 3a 74 72  ne":true,"ok":tr
        75 65 2c 22 73 63 61 6e 5f 69 64 22 3a 22 45 32  ue,"scan_id":"E2
        52 48 46 65 63 55 39 54 79 6a 48 31 4c 56 2d 66  RHFecU9TyjH1LV-f
        71 43 72 58 4c 31 70 75 44 30 46 39 57 68 22 2c  qCrXL1puD0F9Wh",
        22 73 74 61 72 74 65 64 5f 61 74 5f 6d 73 22 3a  "started_at_ms":
        31 37 38 37 36 31 32 39 36 39 30 37 30 2c 22 63  1787612969070,"c
        6f 6d 70 6c 65 74 65 64 5f 61 74 5f 6d 73 22 3a  ompleted_at_ms":
        31 37 38 37 36 31 32 39 38 31 30 37 30 2c 22 76  1787612981070,"v
        61 6c 69 64 5f 75 6e 74 69 6c 5f 6d 73 22 3a 31  alid_until_ms":1
        37 38 37 36 31 33 30 34 31 30 37 30 2c 22 64 75  787613041070,"du
        72 61 74 69 6f 6e 5f 6d 73 22 3a 31 32 30 30 30  ration_ms":12000
        2c 22 72 65 73 75 6c 74 73 22 3a 5b 7b 22 6f 75  ,"results":[{"ou
        74 70 75 74 5f 69 64 22 3a 22 61 32 64 70 3a 42  tput_id":"a2dp:B
        38 3a 32 37 3a 45 42 3a 34 33 3a 38 44 3a 35 31  8:27:EB:43:8D:51
        22 2c 22 6c 61 62 65 6c 22 3a 22 6c 61 72 6b 62  ","label":"larkb
        72 69 64 67 65 2d 76 32 22 2c 22 72 73 73 69 5f  ridge-v2","rssi_
        64 62 6d 22 3a 2d 32 32 2c 22 61 75 64 69 6f 5f  dbm":-22,"audio_
        63 6f 6e 66 69 64 65 6e 63 65 22 3a 22 6c 69 6b  confidence":"lik
        65 6c 79 22 2c 22 73 65 74 75 70 5f 73 74 61 74  ely","setup_stat
        65 22 3a 22 6e 65 65 64 73 5f 73 65 74 75 70 22  e":"needs_setup"
        2c 22 64 75 70 6c 69 63 61 74 65 5f 6e 61 6d 65  ,"duplicate_name
        5f 64 69 73 63 72 69 6d 69 6e 61 74 6f 72 22 3a  _discriminator":
        6e 75 6c 6c 7d 2c 7b 22 6f 75 74 70 75 74 5f 69  null},{"output_i
        64 22 3a 22 61 32 64 70 3a 39 38 3a 34 37 3a 34  d":"a2dp:98:47:4
        34 3a 43 44 3a 37 33 3a 44 45 22 2c 22 6c 61 62  4:CD:73:DE","lab
        65 6c 22 3a 22 53 6f 75 6e 64 63 6f 72 65 20 53  el":"Soundcore S
        70 61 63 65 20 41 34 30 22 2c 22 72 73 73 69 5f  pace A40","rssi_
        64 62 6d 22 3a 2d 34 38 2c 22 61 75 64 69 6f 5f  dbm":-48,"audio_
        63 6f 6e 66 69 64 65 6e 63 65 22 3a 22 63 6f 6e  confidence":"con
        66 69 72 6d 65 64 22 2c 22 73 65 74 75 70 5f 73  firmed","setup_s
        74 61 74 65 22 3a 22 6e 65 65 64 73 5f 73 65 74  tate":"needs_set
        75 70 22 2c 22 64 75 70 6c 69 63 61 74 65 5f 6e  up","duplicate_n
        61 6d 65 5f 64 69 73 63 72 69 6d 69 6e 61 74 6f  ame_discriminato
        72 22 3a 6e 75 6c 6c 7d 5d 2c 22 6f 75 74 70 75  r":null}],"outpu
        74 73 22 3a 5b 7b 22 69 64 22 3a 22 77 69 72 65  ts":[{"id":"wire
        64 3a 61 6c 73 61 5f 6f 75 74 70 75 74 2e 70 6c  d:alsa_output.pl
        61 74 66 6f 72 6d 2d 33 66 30 30 62 38 34 30 2e  atform-3f00b840.
        6d 61 69 6c 62 6f 78 2e 73 74 65 72 65 6f 2d 66  mailbox.stereo-f
        61 6c 6c 62 61 63 6b 22 2c 22 6c 61 62 65 6c 22  allback","label"
        3a 22 42 75 69 6c 74 2d 69 6e 20 41 75 64 69 6f  :"Built-in Audio
        20 53 74 65 72 65 6f 22 2c 22 6b 69 6e 64 22 3a   Stereo","kind":
        22 77 69 72 65 64 22 2c 22 61 76 61 69 6c 61 62  "wired","availab
        6c 65 22 3a 74 72 75 65 2c 22 63 6f 6e 6e 65 63  le":true,"connec
        74 65 64 22 3a 74 72 75 65 2c 22 73 65 74 75 70  ted":true,"setup
        5f 73 74 61 74 65 22 3a 22 72 65 61 64 79 22 7d  _state":"ready"}
        2c 7b 22 69 64 22 3a 22 61 32 64 70 3a 43 39 3a  ,{"id":"a2dp:C9:
        35 43 3a 46 44 3a 36 45 3a 32 38 3a 34 36 22 2c  5C:FD:6E:28:46",
        22 6c 61 62 65 6c 22 3a 22 42 6f 6f 6d 62 6f 78  "label":"Boombox
        22 2c 22 6b 69 6e 64 22 3a 22 61 32 64 70 22 2c  ","kind":"a2dp",
        22 61 76 61 69 6c 61 62 6c 65 22 3a 66 61 6c 73  "available":fals
        65 2c 22 63 6f 6e 6e 65 63 74 65 64 22 3a 66 61  e,"connected":fa
        6c 73 65 2c 22 73 65 74 75 70 5f 73 74 61 74 65  lse,"setup_state
        22 3a 22 72 65 61 64 79 22 7d 2c 7b 22 69 64 22  ":"ready"},{"id"
        3a 22 61 32 64 70 3a 35 30 3a 44 37 3a 31 42 3a  :"a2dp:50:D7:1B:
        37 34 3a 33 34 3a 44 36 22 2c 22 6c 61 62 65 6c  74:34:D6","label
        22 3a 22 69 57 6f 72 6c 64 22 2c 22 6b 69 6e 64  ":"iWorld","kind
        22 3a 22 61 32 64 70 22 2c 22 61 76 61 69 6c 61  ":"a2dp","availa
        62 6c 65 22 3a 66 61 6c 73 65 2c 22 63 6f 6e 6e  ble":false,"conn
        65 63 74 65 64 22 3a 66 61 6c 73 65 2c 22 73 65  ected":false,"se
        74 75 70 5f 73 74 61 74 65 22 3a 22 72 65 61 64  tup_state":"read
        79 22 7d 2c 7b 22 69 64 22 3a 22 61 32 64 70 3a  y"},{"id":"a2dp:
        39 38 e4                                         98.             
< ACL Data TX: Ha.. flags 0x00 dlen 345  #182 [hci0] 2026-08-24 19:09:41.071894
      Channel: 74 len 341 [PSM 0 mode Basic (0x00)] {chan 65535}
        6b ef a0 02 3a 34 37 3a 34 34 3a 43 44 3a 37 33  k...:47:44:CD:73
        3a 44 45 22 2c 22 6c 61 62 65 6c 22 3a 22 53 6f  :DE","label":"So
        75 6e 64 63 6f 72 65 20 53 70 61 63 65 20 41 34  undcore Space A4
        30 22 2c 22 6b 69 6e 64 22 3a 22 61 32 64 70 22  0","kind":"a2dp"
        2c 22 61 76 61 69 6c 61 62 6c 65 22 3a 66 61 6c  ,"available":fal
        73 65 2c 22 63 6f 6e 6e 65 63 74 65 64 22 3a 66  se,"connected":f
        61 6c 73 65 2c 22 73 65 74 75 70 5f 73 74 61 74  alse,"setup_stat
        65 22 3a 22 6e 65 65 64 73 5f 73 65 74 75 70 22  e":"needs_setup"
        7d 5d 2c 22 64 65 73 69 72 65 64 5f 69 64 22 3a  }],"desired_id":
        22 77 69 72 65 64 3a 61 6c 73 61 5f 6f 75 74 70  "wired:alsa_outp
        75 74 2e 70 6c 61 74 66 6f 72 6d 2d 33 66 30 30  ut.platform-3f00
        62 38 34 30 2e 6d 61 69 6c 62 6f 78 2e 73 74 65  b840.mailbox.ste
        72 65 6f 2d 66 61 6c 6c 62 61 63 6b 22 2c 22 63  reo-fallback","c
        68 6f 73 65 6e 5f 69 64 22 3a 22 77 69 72 65 64  hosen_id":"wired
        3a 61 6c 73 61 5f 6f 75 74 70 75 74 2e 70 6c 61  :alsa_output.pla
        74 66 6f 72 6d 2d 33 66 30 30 62 38 34 30 2e 6d  tform-3f00b840.m
        61 69 6c 62 6f 78 2e 73 74 65 72 65 6f 2d 66 61  ailbox.stereo-fa
        6c 6c 62 61 63 6b 22 2c 22 72 65 61 73 6f 6e 22  llback","reason"
        3a 22 64 65 73 69 72 65 64 20 6f 75 74 70 75 74  :"desired output
        20 69 73 20 61 76 61 69 6c 61 62 6c 65 22 2c 22   is available","
        63 61 6c 6c 5f 61 63 74 69 76 65 22 3a 66 61 6c  call_active":fal
        73 65 7d 0a e4                                   se}..           
> HCI Event: Number of... (0x13) plen 5  #183 [hci0] 2026-08-24 19:09:41.092354
        Num handles: 1
        Handle: 12
        Count: 2
> HCI Event: Mode Change (0x14) plen 6   #184 [hci0] 2026-08-24 19:09:41.460972
        Status: Success (0x00)
        Handle: 12
        Mode: Sniff (0x02)
        Interval: 480.000 msec (0x0300)
> ACL Data RX: Ha.. flags 0x02 dlen 120  #185 [hci0] 2026-08-24 19:09:44.037766
      Channel: 66 len 116 [PSM 0 mode Basic (0x00)] {chan 65535}
        69 ff df 03 7b 22 69 64 22 3a 32 33 2c 22 6f 70  i...{"id":23,"op
        22 3a 22 70 61 69 72 5f 73 65 6c 65 63 74 22 2c  ":"pair_select",
        22 6f 75 74 70 75 74 5f 69 64 22 3a 22 61 32 64  "output_id":"a2d
        70 3a 39 38 3a 34 37 3a 34 34 3a 43 44 3a 37 33  p:98:47:44:CD:73
        3a 44 45 22 2c 22 73 63 61 6e 5f 69 64 22 3a 22  :DE","scan_id":"
        45 32 52 48 46 65 63 55 39 54 79 6a 48 31 4c 56  E2RHFecU9TyjH1LV
        2d 66 71 43 72 58 4c 31 70 75 44 30 46 39 57 68  -fqCrXL1puD0F9Wh
        22 7d 0a 22                                      "}."            
> HCI Event: Mode Change (0x14) plen 6   #186 [hci0] 2026-08-24 19:09:44.039824
        Status: Success (0x00)
        Handle: 12
        Mode: Active (0x00)
        Interval: 0.000 msec (0x0000)
< ACL Data TX: Han.. flags 0x00 dlen 71  #187 [hci0] 2026-08-24 19:09:44.040677
      Channel: 74 len 67 [PSM 0 mode Basic (0x00)] {chan 65535}
        6b ef 7f 7b 22 69 64 22 3a 32 33 2c 22 65 76 65  k..{"id":23,"eve
        6e 74 22 3a 22 70 72 6f 67 72 65 73 73 22 2c 22  nt":"progress","
        64 6f 6e 65 22 3a 66 61 6c 73 65 2c 22 70 68 61  done":false,"pha
        73 65 22 3a 22 76 61 6c 69 64 61 74 69 6e 67 22  se":"validating"
        7d 0a e4                                         }..             
< ACL Data TX: Han.. flags 0x00 dlen 71  #188 [hci0] 2026-08-24 19:09:44.045472
      Channel: 74 len 67 [PSM 0 mode Basic (0x00)] {chan 65535}
        6b ef 7f 7b 22 69 64 22 3a 32 33 2c 22 65 76 65  k..{"id":23,"eve
        6e 74 22 3a 22 70 72 6f 67 72 65 73 73 22 2c 22  nt":"progress","
        64 6f 6e 65 22 3a 66 61 6c 73 65 2c 22 70 68 61  done":false,"pha
        73 65 22 3a 22 76 61 6c 69 64 61 74 69 6e 67 22  se":"validating"
        7d 0a e4                                         }..             
> HCI Event: Number of... (0x13) plen 5  #189 [hci0] 2026-08-24 19:09:44.049923
        Num handles: 1
        Handle: 12
        Count: 2
< ACL Data TX: Han.. flags 0x00 dlen 68  #190 [hci0] 2026-08-24 19:09:44.151337
      Channel: 74 len 64 [PSM 0 mode Basic (0x00)] {chan 65535}
        6b ef 79 7b 22 69 64 22 3a 32 33 2c 22 65 76 65  k.y{"id":23,"eve
        6e 74 22 3a 22 70 72 6f 67 72 65 73 73 22 2c 22  nt":"progress","
        64 6f 6e 65 22 3a 66 61 6c 73 65 2c 22 70 68 61  done":false,"pha
        73 65 22 3a 22 70 61 69 72 69 6e 67 22 7d 0a e4  se":"pairing"}..
bluetoothctl[94250]: @ MGMT Open: bluet..   {0x0003} 2026-08-24 19:09:44.205245
bluetoothd[49821]: @ MGMT Comman..   {0x0001} [hci0] 2026-08-24 19:09:44.250458
        Bondable: Enabled (0x01)
@ MGMT Event: Com.. (0x0001) plen 7  {0x0001} [hci0] 2026-08-24 19:09:44.250507
      Set Bondable (0x0009) plen 4
        Status: Success (0x00)
        Current settings: 0x00000adb
          Powered
          Connectable
          Discoverable
          Bondable
          Secure Simple Pairing
          BR/EDR
          Low Energy
          Secure Connections
@ MGMT Event: New.. (0x0006) plen 4  {0x0003} [hci0] 2026-08-24 19:09:44.250516
        Current settings: 0x00000adb
          Powered
          Connectable
          Discoverable
          Bondable
          Secure Simple Pairing
          BR/EDR
          Low Energy
          Secure Connections
@ MGMT Event: New.. (0x0006) plen 4  {0x0002} [hci0] 2026-08-24 19:09:44.250516
        Current settings: 0x00000adb
          Powered
          Connectable
          Discoverable
          Bondable
          Secure Simple Pairing
          BR/EDR
          Low Energy
          Secure Connections
bluetoothd[49821]: @ MGMT Comman..   {0x0001} [hci0] 2026-08-24 19:09:44.251034
        Capability: NoInputNoOutput (0x03)
@ MGMT Event: Com.. (0x0001) plen 3  {0x0001} [hci0] 2026-08-24 19:09:44.251050
      Set IO Capability (0x0018) plen 0
        Status: Success (0x00)
bluetoothd[49821]: @ MGMT Comman..   {0x0001} [hci1] 2026-08-24 19:09:44.251231
        Bondable: Enabled (0x01)
@ MGMT Event: Com.. (0x0001) plen 7  {0x0001} [hci1] 2026-08-24 19:09:44.251240
      Set Bondable (0x0009) plen 4
        Status: Success (0x00)
        Current settings: 0x007c0ad1
          Powered
          Bondable
          Secure Simple Pairing
          BR/EDR
          Low Energy
          Secure Connections
          CIS Central
          CIS Peripheral
          ISO Broadcaster
          Sync Receiver
          LL Privacy
@ MGMT Event: New.. (0x0006) plen 4  {0x0003} [hci1] 2026-08-24 19:09:44.251244
        Current settings: 0x007c0ad1
          Powered
          Bondable
          Secure Simple Pairing
          BR/EDR
          Low Energy
          Secure Connections
          CIS Central
          CIS Peripheral
          ISO Broadcaster
          Sync Receiver
          LL Privacy
@ MGMT Event: New.. (0x0006) plen 4  {0x0002} [hci1] 2026-08-24 19:09:44.251244
        Current settings: 0x007c0ad1
          Powered
          Bondable
          Secure Simple Pairing
          BR/EDR
          Low Energy
          Secure Connections
          CIS Central
          CIS Peripheral
          ISO Broadcaster
          Sync Receiver
          LL Privacy
bluetoothd[49821]: @ MGMT Comman..   {0x0001} [hci1] 2026-08-24 19:09:44.251436
        Capability: NoInputNoOutput (0x03)
@ MGMT Event: Com.. (0x0001) plen 3  {0x0001} [hci1] 2026-08-24 19:09:44.251441
      Set IO Capability (0x0018) plen 0
        Status: Success (0x00)
< ACL Data TX: Han.. flags 0x00 dlen 68  #191 [hci0] 2026-08-24 19:09:44.263507
      Channel: 74 len 64 [PSM 0 mode Basic (0x00)] {chan 65535}
        6b ef 79 7b 22 69 64 22 3a 32 33 2c 22 65 76 65  k.y{"id":23,"eve
        6e 74 22 3a 22 70 72 6f 67 72 65 73 73 22 2c 22  nt":"progress","
        64 6f 6e 65 22 3a 66 61 6c 73 65 2c 22 70 68 61  done":false,"pha
        73 65 22 3a 22 70 61 69 72 69 6e 67 22 7d 0a e4  se":"pairing"}..
> HCI Event: Number of... (0x13) plen 5  #192 [hci0] 2026-08-24 19:09:44.281097
        Num handles: 1
        Handle: 12
        Count: 2
bluetoothd[49821]: @ MGMT Comman..   {0x0001} [hci1] 2026-08-24 19:09:44.287023
        BR/EDR Address: 98:47:44:CD:73:DE (Shenzhen Boomtech Industrial Corporation)
        Action: Allow incoming connection (0x01)
@ MGMT Event: Dev.. (0x001a) plen 8  {0x0003} [hci1] 2026-08-24 19:09:44.287067
        BR/EDR Address: 98:47:44:CD:73:DE (Shenzhen Boomtech Industrial Corporation)
        Action: Allow incoming connection (0x01)
@ MGMT Event: De.. (0x002a) plen 15  {0x0003} [hci1] 2026-08-24 19:09:44.287104
        BR/EDR Address: 98:47:44:CD:73:DE (Shenzhen Boomtech Industrial Corporation)
        Supported Flags: 0x00000007
          Remote Wakeup
          Device Privacy Mode
          Address Resolution
        Current Flags: 0x00000000
@ MGMT Event: De.. (0x002a) plen 15  {0x0001} [hci1] 2026-08-24 19:09:44.287104
        BR/EDR Address: 98:47:44:CD:73:DE (Shenzhen Boomtech Industrial Corporation)
        Supported Flags: 0x00000007
          Remote Wakeup
          Device Privacy Mode
          Address Resolution
        Current Flags: 0x00000000
@ MGMT Event: Co.. (0x0001) plen 10  {0x0001} [hci1] 2026-08-24 19:09:44.287116
      Add Device (0x0033) plen 7
        Status: Success (0x00)
        BR/EDR Address: 98:47:44:CD:73:DE (Shenzhen Boomtech Industrial Corporation)
bluetoothd[49821]: @ MGMT Comman..   {0x0001} [hci1] 2026-08-24 19:09:44.287464
        BR/EDR Address: 98:47:44:CD:73:DE (Shenzhen Boomtech Industrial Corporation)
        Capability: NoInputNoOutput (0x03)
< HCI Command:... (0x01|0x0005) plen 13  #120 [hci1] 2026-08-24 19:09:44.287615
        Address: 98:47:44:CD:73:DE (Shenzhen Boomtech Industrial Corporation)
        Packet type: 0xcc18
          DM1 may be used
          DH1 may be used
          DM3 may be used
          DH3 may be used
          DM5 may be used
          DH5 may be used
        Page scan repetition mode: R2 (0x02)
        Page scan mode: Mandatory (0x00)
        Clock offset: 0x0000
        Role switch: Allow peripheral (0x01)
> HCI Event: Command St.. (0x0f) plen 4  #121 [hci1] 2026-08-24 19:09:44.291927
      Create Connection (0x01|0x0005) ncmd 2
        Status: Success (0x00)
> HCI Event: Connect C.. (0x03) plen 11  #122 [hci1] 2026-08-24 19:09:44.712937
        Status: Success (0x00)
        Handle: 6
        Address: 98:47:44:CD:73:DE (Shenzhen Boomtech Industrial Corporation)
        Link type: ACL (0x01)
        Encryption: Disabled (0x00)
< HCI Command: R.. (0x01|0x001b) plen 2  #123 [hci1] 2026-08-24 19:09:44.713283
        Handle: 6 Address: 98:47:44:CD:73:DE (Shenzhen Boomtech Industrial Corporation)
btmon[93046]: @ RAW Open: btmon             {0x0004} 2026-08-24 19:09:44.714031
btmon[93046]: @ RAW Close: btmon            {0x0004} 2026-08-24 19:09:44.714056
> HCI Event: Max Slots... (0x1b) plen 3  #124 [hci1] 2026-08-24 19:09:44.714971
        Handle: 6 Address: 98:47:44:CD:73:DE (Shenzhen Boomtech Industrial Corporation)
        Max slots: 5
> HCI Event: Command St.. (0x0f) plen 4  #125 [hci1] 2026-08-24 19:09:44.716933
      Read Remote Supported Features (0x01|0x001b) ncmd 2
        Status: Success (0x00)
> HCI Event: Read Remo.. (0x0b) plen 11  #126 [hci1] 2026-08-24 19:09:44.718930
        Status: Success (0x00)
        Handle: 6 Address: 98:47:44:CD:73:DE (Shenzhen Boomtech Industrial Corporation)
        Features: 0xbf 0xee 0xcd 0xfa 0xdb 0xbd 0x7b 0x87
          3 slot packets
          5 slot packets
          Encryption
          Slot offset
          Timing accuracy
          Role switch
          Sniff mode
          Power control requests
          Channel quality driven data rate (CQDDR)
          SCO link
          HV3 packets
          u-law log synchronous data
          A-law log synchronous data
          CVSD synchronous data
          Power control
          Transparent synchronous data
          Flow control lag (most significant bit)
          Broadcast Encryption
          Enhanced Data Rate ACL 2 Mbps mode
          Enhanced inquiry scan
          Interlaced inquiry scan
          Interlaced page scan
          RSSI with inquiry results
          Extended SCO link (EV3 packets)
          EV4 packets
          EV5 packets
          AFH capable peripheral
          AFH classification peripheral
          LE Supported (Controller)
          3-slot Enhanced Data Rate ACL packets
          5-slot Enhanced Data Rate ACL packets
          Pause encryption
          AFH capable central
          AFH classification central
          Enhanced Data Rate eSCO 2 Mbps mode
          3-slot Enhanced Data Rate eSCO packets
          Extended Inquiry Response
          Simultaneous LE and BR/EDR (Controller)
          Secure Simple Pairing
          Encapsulated PDU
          Erroneous Data Reporting
          Non-flushable Packet Boundary Flag
          Link Supervision Timeout Changed Event
          Inquiry TX Power Level
          Enhanced Power Control
          Extended features
< HCI Command: R.. (0x01|0x001c) plen 3  #127 [hci1] 2026-08-24 19:09:44.718999
        Handle: 6 Address: 98:47:44:CD:73:DE (Shenzhen Boomtech Industrial Corporation)
        Page: 1
> HCI Event: Command St.. (0x0f) plen 4  #128 [hci1] 2026-08-24 19:09:44.721961
      Read Remote Extended Features (0x01|0x001c) ncmd 2
        Status: Success (0x00)
> HCI Event: Read Remo.. (0x23) plen 13  #129 [hci1] 2026-08-24 19:09:44.723947
        Status: Success (0x00)
        Handle: 6 Address: 98:47:44:CD:73:DE (Shenzhen Boomtech Industrial Corporation)
        Page: 1/2
        Features: 0x01 0x00 0x00 0x00 0x00 0x00 0x00 0x00
          Secure Simple Pairing (Host Support)
< HCI Command:... (0x01|0x0019) plen 10  #130 [hci1] 2026-08-24 19:09:44.724035
        Address: 98:47:44:CD:73:DE (Shenzhen Boomtech Industrial Corporation)
        Page scan repetition mode: R2 (0x02)
        Page scan mode: Mandatory (0x00)
        Clock offset: 0x0000
> HCI Event: Command St.. (0x0f) plen 4  #131 [hci1] 2026-08-24 19:09:44.726945
      Remote Name Request (0x01|0x0019) ncmd 2
        Status: Success (0x00)
> HCI Event: Max Slots... (0x1b) plen 3  #132 [hci1] 2026-08-24 19:09:44.731950
        Handle: 6 Address: 98:47:44:CD:73:DE (Shenzhen Boomtech Industrial Corporation)
        Max slots: 5
> HCI Event: Remote N.. (0x07) plen 255  #133 [hci1] 2026-08-24 19:09:44.743910
        Status: Success (0x00)
        Address: 98:47:44:CD:73:DE (Shenzhen Boomtech Industrial Corporation)
        Name: Soundcore Space A40
@ MGMT Event: De.. (0x000b) plen 39  {0x0003} [hci1] 2026-08-24 19:09:44.743964
        BR/EDR Address: 98:47:44:CD:73:DE (Shenzhen Boomtech Industrial Corporation)
        Flags: 0x00000008
          Connection Locally Initiated
        Data length: 26
        Name (complete): Soundcore Space A40
        Class: 0x248404
          Major class: Audio/Video (headset, speaker, stereo, video, vcr)
          Minor class: Wearable Headset Device
          invalid service class
@ MGMT Event: De.. (0x000b) plen 39  {0x0001} [hci1] 2026-08-24 19:09:44.743964
        BR/EDR Address: 98:47:44:CD:73:DE (Shenzhen Boomtech Industrial Corporation)
        Flags: 0x00000008
          Connection Locally Initiated
        Data length: 26
        Name (complete): Soundcore Space A40
        Class: 0x248404
          Major class: Audio/Video (headset, speaker, stereo, video, vcr)
          Minor class: Wearable Headset Device
          invalid service class
< HCI Command: A.. (0x01|0x0011) plen 2  #134 [hci1] 2026-08-24 19:09:44.744018
        Handle: 6 Address: 98:47:44:CD:73:DE (Shenzhen Boomtech Industrial Corporation)
> ACL Data RX: Han.. flags 0x02 dlen 10  #135 [hci1] 2026-08-24 19:09:44.746270
      L2CAP: Information Request (0x0a) ident 16 len 2
        Type: Extended features supported (0x0002)
> HCI Event: Command St.. (0x0f) plen 4  #136 [hci1] 2026-08-24 19:09:44.746937
      Authentication Requested (0x01|0x0011) ncmd 2
        Status: Success (0x00)
> HCI Event: Link Key R.. (0x17) plen 6  #137 [hci1] 2026-08-24 19:09:44.748961
        Address: 98:47:44:CD:73:DE (Shenzhen Boomtech Industrial Corporation)
< HCI Command: L.. (0x01|0x000c) plen 6  #138 [hci1] 2026-08-24 19:09:44.749071
        Address: 98:47:44:CD:73:DE (Shenzhen Boomtech Industrial Corporation)
> HCI Event: Command C.. (0x0e) plen 10  #139 [hci1] 2026-08-24 19:09:44.751952
      Link Key Request Negative Reply (0x01|0x000c) ncmd 2
        Status: Success (0x00)
        Address: 98:47:44:CD:73:DE (Shenzhen Boomtech Industrial Corporation)
> HCI Event: IO Capabil.. (0x31) plen 6  #140 [hci1] 2026-08-24 19:09:44.753950
        Address: 98:47:44:CD:73:DE (Shenzhen Boomtech Industrial Corporation)
< HCI Command: I.. (0x01|0x002b) plen 9  #141 [hci1] 2026-08-24 19:09:44.754002
        Address: 98:47:44:CD:73:DE (Shenzhen Boomtech Industrial Corporation)
        IO capability: NoInputNoOutput (0x03)
        OOB data: Authentication data not present (0x00)
        Authentication: Dedicated Bonding - MITM not required (0x02)
> HCI Event: Command C.. (0x0e) plen 10  #142 [hci1] 2026-08-24 19:09:44.756922
      IO Capability Request Reply (0x01|0x002b) ncmd 2
        Status: Success (0x00)
        Address: 98:47:44:CD:73:DE (Shenzhen Boomtech Industrial Corporation)
> HCI Event: IO Capabil.. (0x32) plen 9  #143 [hci1] 2026-08-24 19:09:44.797930
        Address: 98:47:44:CD:73:DE (Shenzhen Boomtech Industrial Corporation)
        IO capability: NoInputNoOutput (0x03)
        OOB data: Authentication data not present (0x00)
        Authentication: Dedicated Bonding - MITM not required (0x02)
> HCI Event: User Conf.. (0x33) plen 10  #144 [hci1] 2026-08-24 19:09:45.116938
        Address: 98:47:44:CD:73:DE (Shenzhen Boomtech Industrial Corporation)
        Passkey: 830408
< HCI Command: U.. (0x01|0x002c) plen 6  #145 [hci1] 2026-08-24 19:09:45.117026
        Address: 98:47:44:CD:73:DE (Shenzhen Boomtech Industrial Corporation)
> HCI Event: Command C.. (0x0e) plen 10  #146 [hci1] 2026-08-24 19:09:45.119922
      User Confirmation Request Reply (0x01|0x002c) ncmd 2
        Status: Success (0x00)
        Address: 98:47:44:CD:73:DE (Shenzhen Boomtech Industrial Corporation)
< ACL Data TX: Han.. flags 0x00 dlen 68  #193 [hci0] 2026-08-24 19:09:45.266208
      Channel: 74 len 64 [PSM 0 mode Basic (0x00)] {chan 65535}
        6b ef 79 7b 22 69 64 22 3a 32 33 2c 22 65 76 65  k.y{"id":23,"eve
        6e 74 22 3a 22 70 72 6f 67 72 65 73 73 22 2c 22  nt":"progress","
        64 6f 6e 65 22 3a 66 61 6c 73 65 2c 22 70 68 61  done":false,"pha
        73 65 22 3a 22 70 61 69 72 69 6e 67 22 7d 0a e4  se":"pairing"}..
> HCI Event: Simple Pai.. (0x36) plen 7  #147 [hci1] 2026-08-24 19:09:45.334916
        Status: Success (0x00)
        Address: 98:47:44:CD:73:DE (Shenzhen Boomtech Industrial Corporation)
> HCI Event: Link Key... (0x18) plen 23  #148 [hci1] 2026-08-24 19:09:45.368929
        Address: 98:47:44:CD:73:DE (Shenzhen Boomtech Industrial Corporation)
        Link key[16]: f9ba2fdb0ce259698a73742993152d95
        Key type: Unauthenticated Combination key from P-192 (0x04)
@ MGMT Event: Ne.. (0x0009) plen 26  {0x0003} [hci1] 2026-08-24 19:09:45.369006
        Store hint: Yes (0x01)
        BR/EDR Address: 98:47:44:CD:73:DE (Shenzhen Boomtech Industrial Corporation)
        Key type: Unauthenticated Combination key from P-192 (0x04)
        Link key[16]: f9ba2fdb0ce259698a73742993152d95
        PIN length: 0
@ MGMT Event: Ne.. (0x0009) plen 26  {0x0001} [hci1] 2026-08-24 19:09:45.369006
        Store hint: Yes (0x01)
        BR/EDR Address: 98:47:44:CD:73:DE (Shenzhen Boomtech Industrial Corporation)
        Key type: Unauthenticated Combination key from P-192 (0x04)
        Link key[16]: f9ba2fdb0ce259698a73742993152d95
        PIN length: 0
> HCI Event: Auth Compl.. (0x06) plen 3  #149 [hci1] 2026-08-24 19:09:45.370943
        Status: Success (0x00)
        Handle: 6 Address: 98:47:44:CD:73:DE (Shenzhen Boomtech Industrial Corporation)
< HCI Command: S.. (0x01|0x0013) plen 3  #150 [hci1] 2026-08-24 19:09:45.371019
        Handle: 6 Address: 98:47:44:CD:73:DE (Shenzhen Boomtech Industrial Corporation)
        Encryption: Enabled (0x01)
> HCI Event: Command St.. (0x0f) plen 4  #151 [hci1] 2026-08-24 19:09:45.373948
      Set Connection Encryption (0x01|0x0013) ncmd 2
        Status: Success (0x00)
> HCI Event: Number of... (0x13) plen 5  #194 [hci0] 2026-08-24 19:09:45.430665
        Num handles: 1
        Handle: 12
        Count: 1
> HCI Event: Encryption.. (0x08) plen 4  #152 [hci1] 2026-08-24 19:09:45.488913
        Status: Success (0x00)
        Handle: 6 Address: 98:47:44:CD:73:DE (Shenzhen Boomtech Industrial Corporation)
        Encryption: Enabled with E0 (0x01)
< HCI Command: R.. (0x05|0x0008) plen 2  #153 [hci1] 2026-08-24 19:09:45.488981
        Handle: 6 Address: 98:47:44:CD:73:DE (Shenzhen Boomtech Industrial Corporation)
> HCI Event: Command Co.. (0x0e) plen 7  #154 [hci1] 2026-08-24 19:09:45.491918
      Read Encryption Key Size (0x05|0x0008) ncmd 2
        Status: Success (0x00)
        Handle: 6 Address: 98:47:44:CD:73:DE (Shenzhen Boomtech Industrial Corporation)
        Key size: 16
@ MGMT Event: Co.. (0x0001) plen 10  {0x0001} [hci1] 2026-08-24 19:09:45.492006
      Pair Device (0x0019) plen 7
        Status: Success (0x00)
        BR/EDR Address: 98:47:44:CD:73:DE (Shenzhen Boomtech Industrial Corporation)
< ACL Data TX: Han.. flags 0x00 dlen 10  #155 [hci1] 2026-08-24 19:09:45.492041
      L2CAP: Information Request (0x0a) ident 1 len 2
        Type: Extended features supported (0x0002)
< ACL Data TX: Han.. flags 0x00 dlen 16  #156 [hci1] 2026-08-24 19:09:45.492081
      L2CAP: Information Response (0x0b) ident 16 len 8
        Type: Extended features supported (0x0002)
        Result: Success (0x0000)
        Features: 0x000002b8
          Enhanced Retransmission Mode
          Streaming Mode
          FCS Option
          Fixed Channels
          Unicast Connectionless Data Reception
> HCI Event: Number of... (0x13) plen 5  #157 [hci1] 2026-08-24 19:09:45.515910
        Num handles: 1
        Handle: 6 Address: 98:47:44:CD:73:DE (Shenzhen Boomtech Industrial Corporation)
        Count: 1
        #155: len 10 (3 Kb/s)
        Latency: 23 msec (23-23 msec ~23 msec)
> HCI Event: Number of... (0x13) plen 5  #158 [hci1] 2026-08-24 19:09:45.517941
        Num handles: 1
        Handle: 6 Address: 98:47:44:CD:73:DE (Shenzhen Boomtech Industrial Corporation)
        Count: 1
        #156: len 16 (5 Kb/s)
        Latency: 25 msec (23-25 msec ~24 msec)
> ACL Data RX: Han.. flags 0x02 dlen 16  #159 [hci1] 2026-08-24 19:09:45.549900
      L2CAP: Information Response (0x0b) ident 1 len 8
        Type: Extended features supported (0x0002)
        Result: Success (0x0000)
        Features: 0x000100bc
          Bi-directional QoS
          Enhanced Retransmission Mode
          Streaming Mode
          FCS Option
          Fixed Channels
          Unknown features (0x00010000)
> ACL Data RX: Han.. flags 0x02 dlen 12  #160 [hci1] 2026-08-24 19:09:45.549908
      L2CAP: Connection Request (0x02) ident 17 len 4
        PSM: 1 (0x0001)
        Source CID: 82
< ACL Data TX: Han.. flags 0x00 dlen 10  #161 [hci1] 2026-08-24 19:09:45.550022
      L2CAP: Information Request (0x0a) ident 2 len 2
        Type: Fixed channels supported (0x0003)
< ACL Data TX: Han.. flags 0x00 dlen 16  #162 [hci1] 2026-08-24 19:09:45.550037
      L2CAP: Connection Response (0x03) ident 17 len 8
        Destination CID: 65
        Source CID: 82
        Result: Connection pending (0x0001)
        Status: No further information available (0x0000)
< ACL Data TX: Han.. flags 0x00 dlen 10  #163 [hci1] 2026-08-24 19:09:45.550045
      L2CAP: Information Request (0x0a) ident 3 len 2
        Type: Extended features supported (0x0002)
> HCI Event: Number of... (0x13) plen 5  #164 [hci1] 2026-08-24 19:09:45.553922
        Num handles: 1
        Handle: 6 Address: 98:47:44:CD:73:DE (Shenzhen Boomtech Industrial Corporation)
        Count: 1
        #161: len 10 (26 Kb/s)
        Latency: 3 msec (3-25 msec ~14 msec)
> HCI Event: Number of... (0x13) plen 5  #165 [hci1] 2026-08-24 19:09:45.555910
        Num handles: 1
        Handle: 6 Address: 98:47:44:CD:73:DE (Shenzhen Boomtech Industrial Corporation)
        Count: 1
        #162: len 16 (25 Kb/s)
        Latency: 5 msec (3-25 msec ~10 msec)
> HCI Event: Number of... (0x13) plen 5  #166 [hci1] 2026-08-24 19:09:45.557937
        Num handles: 1
        Handle: 6 Address: 98:47:44:CD:73:DE (Shenzhen Boomtech Industrial Corporation)
        Count: 1
        #163: len 10 (11 Kb/s)
        Latency: 7 msec (3-25 msec ~9 msec)
> ACL Data RX: Han.. flags 0x02 dlen 20  #167 [hci1] 2026-08-24 19:09:45.589897
      L2CAP: Information Response (0x0b) ident 2 len 12
        Type: Fixed channels supported (0x0003)
        Result: Success (0x0000)
        Channels: 0x0000000000000052
          L2CAP Signaling (BR/EDR)
          Attribute Protocol
          Security Manager (LE)
> ACL Data RX: Han.. flags 0x02 dlen 16  #168 [hci1] 2026-08-24 19:09:45.597881
      L2CAP: Information Response (0x0b) ident 3 len 8
        Type: Extended features supported (0x0002)
        Result: Success (0x0000)
        Features: 0x000100bc
          Bi-directional QoS
          Enhanced Retransmission Mode
          Streaming Mode
          FCS Option
          Fixed Channels
          Unknown features (0x00010000)
< ACL Data TX: Han.. flags 0x00 dlen 10  #169 [hci1] 2026-08-24 19:09:45.597934
      L2CAP: Information Request (0x0a) ident 4 len 2
        Type: Fixed channels supported (0x0003)
> HCI Event: Number of... (0x13) plen 5  #170 [hci1] 2026-08-24 19:09:45.628923
        Num handles: 1
        Handle: 6 Address: 98:47:44:CD:73:DE (Shenzhen Boomtech Industrial Corporation)
        Count: 1
        #169: len 10 (2 Kb/s)
        Latency: 30 msec (3-30 msec ~19 msec)
> ACL Data RX: Han.. flags 0x02 dlen 20  #171 [hci1] 2026-08-24 19:09:45.661893
      L2CAP: Information Response (0x0b) ident 4 len 12
        Type: Fixed channels supported (0x0003)
        Result: Success (0x0000)
        Channels: 0x0000000000000052
          L2CAP Signaling (BR/EDR)
          Attribute Protocol
          Security Manager (LE)
< ACL Data TX: Han.. flags 0x00 dlen 12  #172 [hci1] 2026-08-24 19:09:45.661969
      L2CAP: Connection Request (0x02) ident 5 len 4
        PSM: 1 (0x0001)
        Source CID: 64
< ACL Data TX: Han.. flags 0x00 dlen 16  #173 [hci1] 2026-08-24 19:09:45.661984
      L2CAP: Connection Response (0x03) ident 17 len 8
        Destination CID: 65
        Source CID: 82
        Result: Connection successful (0x0000)
        Status: No further information available (0x0000)
< ACL Data TX: Han.. flags 0x00 dlen 23  #174 [hci1] 2026-08-24 19:09:45.661992
      L2CAP: Configure Request (0x04) ident 6 len 15
        Destination CID: 82
        Flags: 0x0000
        Option: Retransmission and Flow Control (0x04) [mandatory]
          Mode: Basic (0x00)
          TX window size: 0
          Max transmit: 0
          Retransmission timeout: 0
          Monitor timeout: 0
          Maximum PDU size: 0
> HCI Event: Number of... (0x13) plen 5  #175 [hci1] 2026-08-24 19:09:45.665912
        Num handles: 1
        Handle: 6 Address: 98:47:44:CD:73:DE (Shenzhen Boomtech Industrial Corporation)
        Count: 1
        #172: len 12 (32 Kb/s)
        Latency: 3 msec (3-30 msec ~11 msec)
> HCI Event: Number of... (0x13) plen 5  #176 [hci1] 2026-08-24 19:09:45.667911
        Num handles: 1
        Handle: 6 Address: 98:47:44:CD:73:DE (Shenzhen Boomtech Industrial Corporation)
        Count: 1
        #173: len 16 (25 Kb/s)
        Latency: 5 msec (3-30 msec ~8 msec)
> HCI Event: Number of... (0x13) plen 5  #177 [hci1] 2026-08-24 19:09:45.669953
        Num handles: 1
        Handle: 6 Address: 98:47:44:CD:73:DE (Shenzhen Boomtech Industrial Corporation)
        Count: 1
        #174: len 23 (26 Kb/s)
        Latency: 7 msec (3-30 msec ~8 msec)
> ACL Data RX: Han.. flags 0x02 dlen 16  #178 [hci1] 2026-08-24 19:09:45.701885
      L2CAP: Connection Response (0x03) ident 5 len 8
        Destination CID: 81
        Source CID: 64
        Result: Connection successful (0x0000)
        Status: No further information available (0x0000)
< ACL Data TX: Han.. flags 0x00 dlen 23  #179 [hci1] 2026-08-24 19:09:45.701962
      L2CAP: Configure Request (0x04) ident 7 len 15
        Destination CID: 81
        Flags: 0x0000
        Option: Retransmission and Flow Control (0x04) [mandatory]
          Mode: Basic (0x00)
          TX window size: 0
          Max transmit: 0
          Retransmission timeout: 0
          Monitor timeout: 0
          Maximum PDU size: 0
> HCI Event: Number of... (0x13) plen 5  #180 [hci1] 2026-08-24 19:09:45.704905
        Num handles: 1
        Handle: 6 Address: 98:47:44:CD:73:DE (Shenzhen Boomtech Industrial Corporation)
        Count: 1
        #179: len 23 (92 Kb/s)
        Latency: 2 msec (2-30 msec ~5 msec)
> ACL Data RX: Han.. flags 0x02 dlen 12  #181 [hci1] 2026-08-24 19:09:45.709885
      L2CAP: Configure Request (0x04) ident 18 len 4
        Destination CID: 65
        Flags: 0x0000
> ACL Data RX: Han.. flags 0x02 dlen 14  #182 [hci1] 2026-08-24 19:09:45.709896
      L2CAP: Configure Response (0x05) ident 6 len 6
        Source CID: 65
        Flags: 0x0000
        Result: Success (0x0000)
< ACL Data TX: Han.. flags 0x00 dlen 18  #183 [hci1] 2026-08-24 19:09:45.709964
      L2CAP: Configure Response (0x05) ident 18 len 10
        Source CID: 82
        Flags: 0x0000
        Result: Success (0x0000)
        Option: Maximum Transmission Unit (0x01) [mandatory]
          MTU: 672
> HCI Event: Number of... (0x13) plen 5  #184 [hci1] 2026-08-24 19:09:45.740921
        Num handles: 1
        Handle: 6 Address: 98:47:44:CD:73:DE (Shenzhen Boomtech Industrial Corporation)
        Count: 1
        #183: len 18 (4 Kb/s)
        Latency: 30 msec (2-30 msec ~18 msec)
> ACL Data RX: Han.. flags 0x02 dlen 14  #185 [hci1] 2026-08-24 19:09:45.753892
      L2CAP: Configure Response (0x05) ident 7 len 6
        Source CID: 64
        Flags: 0x0000
        Result: Success (0x0000)
> ACL Data RX: Han.. flags 0x02 dlen 12  #186 [hci1] 2026-08-24 19:09:45.753898
      L2CAP: Configure Request (0x04) ident 19 len 4
        Destination CID: 64
        Flags: 0x0000
< ACL Data TX: Han.. flags 0x00 dlen 18  #187 [hci1] 2026-08-24 19:09:45.753970
      L2CAP: Configure Response (0x05) ident 19 len 10
        Source CID: 81
        Flags: 0x0000
        Result: Success (0x0000)
        Option: Maximum Transmission Unit (0x01) [mandatory]
          MTU: 672
bluetoothd[49821]: < ACL Data TX: Ha..   #188 [hci1] 2026-08-24 19:09:45.754239
      Channel: 81 len 20 [PSM 1 mode Basic (0x00)] {chan 1}
      SDP: Service Search Attribute Request (0x06) tid 0 len 15
        Search pattern: [len 5]
          Sequence (6) with 3 bytes [8 extra bits] len 5
            UUID (3) with 2 bytes [0 extra bits] len 3
              L2CAP (0x0100)
        Max record count: 65535
        Attribute list: [len 7]
          Sequence (6) with 5 bytes [8 extra bits] len 7
            Unsigned Integer (1) with 4 bytes [0 extra bits] len 5
              0x0000ffff
        Continuation state: 0
> HCI Event: Number of... (0x13) plen 5  #189 [hci1] 2026-08-24 19:09:45.778900
        Num handles: 1
        Handle: 6 Address: 98:47:44:CD:73:DE (Shenzhen Boomtech Industrial Corporation)
        Count: 1
        #187: len 18 (6 Kb/s)
        Latency: 24 msec (2-30 msec ~21 msec)
> HCI Event: Number of... (0x13) plen 5  #190 [hci1] 2026-08-24 19:09:45.780901
        Num handles: 1
        Handle: 6 Address: 98:47:44:CD:73:DE (Shenzhen Boomtech Industrial Corporation)
        Count: 1
        #188: len 24 (7 Kb/s)
        Latency: 26 msec (2-30 msec ~24 msec)
        Channel: 81 [PSM 1 mode Basic (0x00)] {chan 1}
        Channel Latency: 26 msec (26-26 msec ~26 msec)
> ACL Data RX: Han.. flags 0x02 dlen 25  #191 [hci1] 2026-08-24 19:09:45.785899
      Channel: 65 len 21 [PSM 1 mode Basic (0x00)] {chan 0}
      SDP: Service Search Attribute Request (0x06) tid 1 len 16
        Search pattern: [len 5]
          Sequence (6) with 3 bytes [8 extra bits] len 5
            UUID (3) with 2 bytes [0 extra bits] len 3
              L2CAP (0x0100)
        Max record count: 1280
        Attribute list: [len 8]
          Sequence (6) with 6 bytes [8 extra bits] len 8
            Unsigned Integer (1) with 2 bytes [0 extra bits] len 3
              0x0001
            Unsigned Integer (1) with 2 bytes [0 extra bits] len 3
              0x0004
        Continuation state: 0
bluetoothd[49821]: < ACL Data TX: Ha..   #192 [hci1] 2026-08-24 19:09:45.786878
      Channel: 82 len 350 [PSM 1 mode Basic (0x00)] {chan 0}
      SDP: Service Search Attribute Response (0x07) tid 1 len 345
        Attribute bytes: 342
          Attribute list: [len 32] {position 0}
            Attribute: Service Class ID List (0x0001) [len 2]
              UUID (3) with 2 bytes [0 extra bits] len 3
                Generic Access Profile (0x1800)
            Attribute: Protocol Descriptor List (0x0004) [len 2]
              Sequence (6) with 6 bytes [8 extra bits] len 8
                UUID (3) with 2 bytes [0 extra bits] len 3
                  L2CAP (0x0100)
                Unsigned Integer (1) with 2 bytes [0 extra bits] len 3
                  0x001f
              Sequence (6) with 9 bytes [8 extra bits] len 11
                UUID (3) with 2 bytes [0 extra bits] len 3
                  ATT (0x0007)
                Unsigned Integer (1) with 2 bytes [0 extra bits] len 3
                  0x0001
                Unsigned Integer (1) with 2 bytes [0 extra bits] len 3
                  0x0005
          Attribute list: [len 32] {position 1}
            Attribute: Service Class ID List (0x0001) [len 2]
              UUID (3) with 2 bytes [0 extra bits] len 3
                Generic Attribute Profile (0x1801)
            Attribute: Protocol Descriptor List (0x0004) [len 2]
              Sequence (6) with 6 bytes [8 extra bits] len 8
                UUID (3) with 2 bytes [0 extra bits] len 3
                  L2CAP (0x0100)
                Unsigned Integer (1) with 2 bytes [0 extra bits] len 3
                  0x001f
              Sequence (6) with 9 bytes [8 extra bits] len 11
                UUID (3) with 2 bytes [0 extra bits] len 3
                  ATT (0x0007)
                Unsigned Integer (1) with 2 bytes [0 extra bits] len 3
                  0x0006
                Unsigned Integer (1) with 2 bytes [0 extra bits] len 3
                  0x000f
          Attribute list: [len 32] {position 2}
            Attribute: Service Class ID List (0x0001) [len 2]
              UUID (3) with 2 bytes [0 extra bits] len 3
                Device Information (0x180a)
            Attribute: Protocol Descriptor List (0x0004) [len 2]
              Sequence (6) with 6 bytes [8 extra bits] len 8
                UUID (3) with 2 bytes [0 extra bits] len 3
                  L2CAP (0x0100)
                Unsigned Integer (1) with 2 bytes [0 extra bits] len 3
                  0x001f
              Sequence (6) with 9 bytes [8 extra bits] len 11
                UUID (3) with 2 bytes [0 extra bits] len 3
                  ATT (0x0007)
                Unsigned Integer (1) with 2 bytes [0 extra bits] len 3
                  0x0010
                Unsigned Integer (1) with 2 bytes [0 extra bits] len 3
                  0x0012
          Attribute list: [len 32] {position 3}
            Attribute: Service Class ID List (0x0001) [len 2]
              UUID (3) with 2 bytes [0 extra bits] len 3
                A/V Remote Control (0x110e)
              UUID (3) with 2 bytes [0 extra bits] len 3
                A/V Remote Control Controller (0x110f)
            Attribute: Protocol Descriptor List (0x0004) [len 2]
              Sequence (6) with 6 bytes [8 extra bits] len 8
                UUID (3) with 2 bytes [0 extra bits] len 3
                  L2CAP (0x0100)
                Unsigned Integer (1) with 2 bytes [0 extra bits] len 3
                  0x0017
              Sequence (6) with 6 bytes [8 extra bits] len 8
                UUID (3) with 2 bytes [0 extra bits] len 3
                  AVCTP (0x0017)
                Unsigned Integer (1) with 2 bytes [0 extra bits] len 3
                  0x0104
          Attribute list: [len 29] {position 4}
            Attribute: Service Class ID List (0x0001) [len 2]
              UUID (3) with 2 bytes [0 extra bits] len 3
                A/V Remote Control Target (0x110c)
            Attribute: Protocol Descriptor List (0x0004) [len 2]
              Sequence (6) with 6 bytes [8 extra bits] len 8
                UUID (3) with 2 bytes [0 extra bits] len 3
                  L2CAP (0x0100)
                Unsigned Integer (1) with 2 bytes [0 extra bits] len 3
                  0x0017
              Sequence (6) with 6 bytes [8 extra bits] len 8
                UUID (3) with 2 bytes [0 extra bits] len 3
                  AVCTP (0x0017)
                Unsigned Integer (1) with 2 bytes [0 extra bits] len 3
                  0x0104
          Attribute list: [len 28] {position 5}
            Attribute: Service Class ID List (0x0001) [len 2]
              UUID (3) with 2 bytes [0 extra bits] len 3
                SIM Access (0x112d)
              UUID (3) with 2 bytes [0 extra bits] len 3
                Generic Telephony (0x1204)
            Attribute: Protocol Descriptor List (0x0004) [len 2]
              Sequence (6) with 3 bytes [8 extra bits] len 5
                UUID (3) with 2 bytes [0 extra bits] len 3
                  L2CAP (0x0100)
              Sequence (6) with 5 bytes [8 extra bits] len 7
                UUID (3) with 2 bytes [0 extra bits] len 3
                  RFCOMM (0x0003)
                Unsigned Integer (1) with 1 byte [0 extra bits] len 2
                  0x08
          Attribute list: [len 31] {position 6}
            Attribute: Service Class ID List (0x0001) [len 2]
              UUID (3) with 2 bytes [0 extra bits] len 3
                Headset (0x1108)
              UUID (3) with 2 bytes [0 extra bits] len 3
                Headset HS (0x1131)
              UUID (3) with 2 bytes [0 extra bits] len 3
                Generic Audio (0x1203)
            Attribute: Protocol Descriptor List (0x0004) [len 2]
              Sequence (6) with 3 bytes [8 extra bits] len 5
                UUID (3) with 2 bytes [0 extra bits] len 3
                  L2CAP (0x0100)
              Sequence (6) with 5 bytes [8 extra bits] len 7
                UUID (3) with 2 bytes [0 extra bits] len 3
                  RFCOMM (0x0003)
                Unsigned Integer (1) with 1 byte [0 extra bits] len 2
                  0x03
          Attribute list: [len 28] {position 7}
            Attribute: Service Class ID List (0x0001) [len 2]
              UUID (3) with 2 bytes [0 extra bits] len 3
                Handsfree (0x111e)
              UUID (3) with 2 bytes [0 extra bits] len 3
                Generic Audio (0x1203)
            Attribute: Protocol Descriptor List (0x0004) [len 2]
              Sequence (6) with 3 bytes [8 extra bits] len 5
                UUID (3) with 2 bytes [0 extra bits] len 3
                  L2CAP (0x0100)
              Sequence (6) with 5 bytes [8 extra bits] len 7
                UUID (3) with 2 bytes [0 extra bits] len 3
                  RFCOMM (0x0003)
                Unsigned Integer (1) with 1 byte [0 extra bits] len 2
                  0x07
          Attribute list: [len 29] {position 8}
            Attribute: Service Class ID List (0x0001) [len 2]
              UUID (3) with 2 bytes [0 extra bits] len 3
                Audio Source (0x110a)
            Attribute: Protocol Descriptor List (0x0004) [len 2]
              Sequence (6) with 6 bytes [8 extra bits] len 8
                UUID (3) with 2 bytes [0 extra bits] len 3
                  L2CAP (0x0100)
                Unsigned Integer (1) with 2 bytes [0 extra bits] len 3
                  0x0019
              Sequence (6) with 6 bytes [8 extra bits] len 8
                UUID (3) with 2 bytes [0 extra bits] len 3
                  AVDTP (0x0019)
                Unsigned Integer (1) with 2 bytes [0 extra bits] len 3
                  0x0103
          Attribute list: [len 46] {position 9}
            Attribute: Service Class ID List (0x0001) [len 2]
              UUID (3) with 16 bytes [0 extra bits] len 17
                03b80e5a-ede8-4b33-a751-6ce34ec4c700
            Attribute: Protocol Descriptor List (0x0004) [len 2]
              Sequence (6) with 6 bytes [8 extra bits] len 8
                UUID (3) with 2 bytes [0 extra bits] len 3
                  L2CAP (0x0100)
                Unsigned Integer (1) with 2 bytes [0 extra bits] len 3
                  0x001f
              Sequence (6) with 9 bytes [8 extra bits] len 11
                UUID (3) with 2 bytes [0 extra bits] len 3
                  ATT (0x0007)
                Unsigned Integer (1) with 2 bytes [0 extra bits] len 3
                  0x0018
                Unsigned Integer (1) with 2 bytes [0 extra bits] len 3
                  0x001c
        Continuation state: 0
> HCI Event: Number of... (0x13) plen 5  #193 [hci1] 2026-08-24 19:09:45.819910
        Num handles: 1
        Handle: 6 Address: 98:47:44:CD:73:DE (Shenzhen Boomtech Industrial Corporation)
        Count: 1
        #192: len 354 (85 Kb/s)
        Latency: 33 msec (2-33 msec ~28 msec)
        Channel: 82 [PSM 1 mode Basic (0x00)] {chan 0}
        Channel Latency: 33 msec (33-33 msec ~33 msec)
> ACL Data RX: Ha.. flags 0x02 dlen 669  #194 [hci1] 2026-08-24 19:09:45.825881
      Channel: 64 len 665 [PSM 1 mode Basic (0x00)] {chan 1}
      SDP: Service Search Attribute Response (0x07) tid 0 len 660
        Attribute bytes: 641
        Continuation state: 16
        01 06 00 09 00 06 00 00 00 00 00 00 00 6a 00 00  .............j..
bluetoothd[49821]: < ACL Data TX: Ha..   #195 [hci1] 2026-08-24 19:09:45.826273
      Channel: 81 len 36 [PSM 1 mode Basic (0x00)] {chan 1}
      SDP: Service Search Attribute Request (0x06) tid 1 len 31
        Search pattern: [len 5]
          Sequence (6) with 3 bytes [8 extra bits] len 5
            UUID (3) with 2 bytes [0 extra bits] len 3
              L2CAP (0x0100)
        Max record count: 65535
        Attribute list: [len 7]
          Sequence (6) with 5 bytes [8 extra bits] len 7
            Unsigned Integer (1) with 4 bytes [0 extra bits] len 5
              0x0000ffff
        Continuation state: 16
        01 06 00 09 00 06 00 00 00 00 00 00 00 6a 00 00  .............j..
> HCI Event: Number of... (0x13) plen 5  #196 [hci1] 2026-08-24 19:09:45.829938
        Num handles: 1
        Handle: 6 Address: 98:47:44:CD:73:DE (Shenzhen Boomtech Industrial Corporation)
        Count: 1
        #195: len 40 (106 Kb/s)
        Latency: 3 msec (2-33 msec ~16 msec)
        Channel: 81 [PSM 1 mode Basic (0x00)] {chan 1}
        Channel Latency: 3 msec (3-26 msec ~15 msec)
> ACL Data RX: Han.. flags 0x02 dlen 12  #197 [hci1] 2026-08-24 19:09:45.833916
      L2CAP: Disconnection Request (0x06) ident 20 len 4
        Destination CID: 65
        Source CID: 82
< ACL Data TX: Han.. flags 0x00 dlen 12  #198 [hci1] 2026-08-24 19:09:45.833979
      L2CAP: Disconnection Response (0x07) ident 20 len 4
        Destination CID: 65
        Source CID: 82
> HCI Event: Number of... (0x13) plen 5  #199 [hci1] 2026-08-24 19:09:45.859899
        Num handles: 1
        Handle: 6 Address: 98:47:44:CD:73:DE (Shenzhen Boomtech Industrial Corporation)
        Count: 1
        #198: len 12 (3 Kb/s)
        Latency: 25 msec (2-33 msec ~21 msec)
> ACL Data RX: Ha.. flags 0x02 dlen 306  #200 [hci1] 2026-08-24 19:09:45.865882
      Channel: 64 len 302 [PSM 1 mode Basic (0x00)] {chan 1}
      SDP: Service Search Attribute Response (0x07) tid 1 len 297
        Attribute bytes: 294
        Continuation state: 0
        Combined attribute bytes: 935
          Attribute list: [len 78] {position 0}
            Attribute: Service Record Handle (0x0000) [len 2]
              0x00090001
            Attribute: Service Class ID List (0x0001) [len 2]
              UUID (3) with 2 bytes [0 extra bits] len 3
                Serial Port (0x1101)
            Attribute: Protocol Descriptor List (0x0004) [len 2]
              Sequence (6) with 3 bytes [8 extra bits] len 5
                UUID (3) with 2 bytes [0 extra bits] len 3
                  L2CAP (0x0100)
              Sequence (6) with 5 bytes [8 extra bits] len 7
                UUID (3) with 2 bytes [0 extra bits] len 3
                  RFCOMM (0x0003)
                Unsigned Integer (1) with 1 byte [0 extra bits] len 2
                  0x01
            Attribute: Browse Group List (0x0005) [len 2]
              UUID (3) with 2 bytes [0 extra bits] len 3
                Public Browse Root (0x1002)
            Attribute: Language Base Attribute ID List (0x0006) [len 2]
              Unsigned Integer (1) with 2 bytes [0 extra bits] len 3
                0x656e
              Unsigned Integer (1) with 2 bytes [0 extra bits] len 3
                0x006a
              Unsigned Integer (1) with 2 bytes [0 extra bits] len 3
                0x0100
            Attribute: Bluetooth Profile Descriptor List (0x0009) [len 2]
              Sequence (6) with 6 bytes [8 extra bits] len 8
                UUID (3) with 2 bytes [0 extra bits] len 3
                  Serial Port (0x1101)
                Unsigned Integer (1) with 2 bytes [0 extra bits] len 3
                  0x0102
            Attribute: Unknown (0x0100) [len 2]
              COM5 [len 5]
          Attribute list: [len 86] {position 1}
            Attribute: Service Record Handle (0x0000) [len 2]
              0x00090002
            Attribute: Service Class ID List (0x0001) [len 2]
              UUID (3) with 2 bytes [0 extra bits] len 3
                Handsfree (0x111e)
              UUID (3) with 2 bytes [0 extra bits] len 3
                Generic Audio (0x1203)
            Attribute: Protocol Descriptor List (0x0004) [len 2]
              Sequence (6) with 3 bytes [8 extra bits] len 5
                UUID (3) with 2 bytes [0 extra bits] len 3
                  L2CAP (0x0100)
              Sequence (6) with 5 bytes [8 extra bits] len 7
                UUID (3) with 2 bytes [0 extra bits] len 3
                  RFCOMM (0x0003)
                Unsigned Integer (1) with 1 byte [0 extra bits] len 2
                  0x02
            Attribute: Browse Group List (0x0005) [len 2]
              UUID (3) with 2 bytes [0 extra bits] len 3
                Public Browse Root (0x1002)
            Attribute: Language Base Attribute ID List (0x0006) [len 2]
              Unsigned Integer (1) with 2 bytes [0 extra bits] len 3
                0x656e
              Unsigned Integer (1) with 2 bytes [0 extra bits] len 3
                0x006a
              Unsigned Integer (1) with 2 bytes [0 extra bits] len 3
                0x0100
            Attribute: Bluetooth Profile Descriptor List (0x0009) [len 2]
              Sequence (6) with 6 bytes [8 extra bits] len 8
                UUID (3) with 2 bytes [0 extra bits] len 3
                  Handsfree (0x111e)
                Unsigned Integer (1) with 2 bytes [0 extra bits] len 3
                  0x0107
            Attribute: Unknown (0x0100) [len 2]
              HFU [len 4]
            Attribute: Unknown (0x0311) [len 2]
              0x003f
          Attribute list: [len 102] {position 2}
            Attribute: Service Record Handle (0x0000) [len 2]
              0x00090003
            Attribute: Service Class ID List (0x0001) [len 2]
              UUID (3) with 2 bytes [0 extra bits] len 3
                Audio Sink (0x110b)
            Attribute: Protocol Descriptor List (0x0004) [len 2]
              Sequence (6) with 6 bytes [8 extra bits] len 8
                UUID (3) with 2 bytes [0 extra bits] len 3
                  L2CAP (0x0100)
                Unsigned Integer (1) with 2 bytes [0 extra bits] len 3
                  0x0019
              Sequence (6) with 6 bytes [8 extra bits] len 8
                UUID (3) with 2 bytes [0 extra bits] len 3
                  AVDTP (0x0019)
                Unsigned Integer (1) with 2 bytes [0 extra bits] len 3
                  0x0103
            Attribute: Browse Group List (0x0005) [len 2]
              UUID (3) with 2 bytes [0 extra bits] len 3
                Public Browse Root (0x1002)
            Attribute: Language Base Attribute ID List (0x0006) [len 2]
              Unsigned Integer (1) with 2 bytes [0 extra bits] len 3
                0x656e
              Unsigned Integer (1) with 2 bytes [0 extra bits] len 3
                0x006a
              Unsigned Integer (1) with 2 bytes [0 extra bits] len 3
                0x0100
            Attribute: Bluetooth Profile Descriptor List (0x0009) [len 2]
              Sequence (6) with 6 bytes [8 extra bits] len 8
                UUID (3) with 2 bytes [0 extra bits] len 3
                  Advanced Audio Distribution (0x110d)
                Unsigned Integer (1) with 2 bytes [0 extra bits] len 3
                  0x0103
            Attribute: Unknown (0x0100) [len 2]
              A2DPSink [len 9]
            Attribute: Unknown (0x0102) [len 2]
              WUQI [len 5]
            Attribute: Unknown (0x0311) [len 2]
              0x0001
          Attribute list: [len 136] {position 3}
            Attribute: Service Record Handle (0x0000) [len 2]
              0x00090004
            Attribute: Service Class ID List (0x0001) [len 2]
              UUID (3) with 2 bytes [0 extra bits] len 3
                A/V Remote Control (0x110e)
              UUID (3) with 2 bytes [0 extra bits] len 3
                A/V Remote Control Controller (0x110f)
            Attribute: Protocol Descriptor List (0x0004) [len 2]
              Sequence (6) with 6 bytes [8 extra bits] len 8
                UUID (3) with 2 bytes [0 extra bits] len 3
                  L2CAP (0x0100)
                Unsigned Integer (1) with 2 bytes [0 extra bits] len 3
                  0x0017
              Sequence (6) with 6 bytes [8 extra bits] len 8
                UUID (3) with 2 bytes [0 extra bits] len 3
                  AVCTP (0x0017)
                Unsigned Integer (1) with 2 bytes [0 extra bits] len 3
                  0x0104
            Attribute: Browse Group List (0x0005) [len 2]
              UUID (3) with 2 bytes [0 extra bits] len 3
                Public Browse Root (0x1002)
            Attribute: Language Base Attribute ID List (0x0006) [len 2]
              Unsigned Integer (1) with 2 bytes [0 extra bits] len 3
                0x656e
              Unsigned Integer (1) with 2 bytes [0 extra bits] len 3
                0x006a
              Unsigned Integer (1) with 2 bytes [0 extra bits] len 3
                0x0100
            Attribute: Bluetooth Profile Descriptor List (0x0009) [len 2]
              Sequence (6) with 6 bytes [8 extra bits] len 8
                UUID (3) with 2 bytes [0 extra bits] len 3
                  A/V Remote Control (0x110e)
                Unsigned Integer (1) with 2 bytes [0 extra bits] len 3
                  0x0106
            Attribute: Additional Protocol Descriptor List (0x000d) [len 2]
              Sequence (6) with 16 bytes [8 extra bits] len 18
                Sequence (6) with 6 bytes [8 extra bits] len 8
                  UUID (3) with 2 bytes [0 extra bits] len 3
                    L2CAP (0x0100)
                  Unsigned Integer (1) with 2 bytes [0 extra bits] len 3
                    0x001b
                Sequence (6) with 6 bytes [8 extra bits] len 8
                  UUID (3) with 2 bytes [0 extra bits] len 3
                    AVCTP (0x0017)
                  Unsigned Integer (1) with 2 bytes [0 extra bits] len 3
                    0x0104
            Attribute: Unknown (0x0100) [len 2]
              AVRCP Controller [len 17]
            Attribute: Unknown (0x0102) [len 2]
              WUQI [len 5]
            Attribute: Unknown (0x0311) [len 2]
              0x0001
          Attribute list: [len 144] {position 4}
            Attribute: Service Record Handle (0x0000) [len 2]
              0x00090005
            Attribute: Service Class ID List (0x0001) [len 2]
              UUID (3) with 2 bytes [0 extra bits] len 3
                A/V Remote Control Target (0x110c)
            Attribute: Protocol Descriptor List (0x0004) [len 2]
              Sequence (6) with 6 bytes [8 extra bits] len 8
                UUID (3) with 2 bytes [0 extra bits] len 3
                  L2CAP (0x0100)
                Unsigned Integer (1) with 2 bytes [0 extra bits] len 3
                  0x0017
              Sequence (6) with 6 bytes [8 extra bits] len 8
                UUID (3) with 2 bytes [0 extra bits] len 3
                  AVCTP (0x0017)
                Unsigned Integer (1) with 2 bytes [0 extra bits] len 3
                  0x0104
            Attribute: Browse Group List (0x0005) [len 2]
              UUID (3) with 2 bytes [0 extra bits] len 3
                Public Browse Root (0x1002)
            Attribute: Language Base Attribute ID List (0x0006) [len 2]
              Unsigned Integer (1) with 2 bytes [0 extra bits] len 3
                0x656e
              Unsigned Integer (1) with 2 bytes [0 extra bits] len 3
                0x006a
              Unsigned Integer (1) with 2 bytes [0 extra bits] len 3
                0x0100
            Attribute: Bluetooth Profile Descriptor List (0x0009) [len 2]
              Sequence (6) with 6 bytes [8 extra bits] len 8
                UUID (3) with 2 bytes [0 extra bits] len 3
                  A/V Remote Control (0x110e)
                Unsigned Integer (1) with 2 bytes [0 extra bits] len 3
                  0x0106
            Attribute: Additional Protocol Descriptor List (0x000d) [len 2]
              Sequence (6) with 16 bytes [8 extra bits] len 18
                Sequence (6) with 6 bytes [8 extra bits] len 8
                  UUID (3) with 2 bytes [0 extra bits] len 3
                    L2CAP (0x0100)
                  Unsigned Integer (1) with 2 bytes [0 extra bits] len 3
                    0x001b
                Sequence (6) with 6 bytes [8 extra bits] len 8
                  UUID (3) with 2 bytes [0 extra bits] len 3
                    AVCTP (0x0017)
                  Unsigned Integer (1) with 2 bytes [0 extra bits] len 3
                    0x0104
              Sequence (6) with 13 bytes [8 extra bits] len 15
                Sequence (6) with 6 bytes [8 extra bits] len 8
                  UUID (3) with 2 bytes [0 extra bits] len 3
                    L2CAP (0x0100)
                  Unsigned Integer (1) with 2 bytes [0 extra bits] len 3
                    0x1006
                Sequence (6) with 3 bytes [8 extra bits] len 5
                  UUID (3) with 2 bytes [0 extra bits] len 3
                    OBEX (0x0008)
            Attribute: Unknown (0x0100) [len 2]
              AVRCP Target [len 13]
            Attribute: Unknown (0x0102) [len 2]
              WUQI [len 5]
            Attribute: Unknown (0x0311) [len 2]
              0x0002
          Attribute list: [len 78] {position 5}
            Attribute: Service Record Handle (0x0000) [len 2]
              0x00090008
            Attribute: Service Class ID List (0x0001) [len 2]
              UUID (3) with 2 bytes [0 extra bits] len 3
                Unknown (0x7034)
            Attribute: Protocol Descriptor List (0x0004) [len 2]
              Sequence (6) with 3 bytes [8 extra bits] len 5
                UUID (3) with 2 bytes [0 extra bits] len 3
                  L2CAP (0x0100)
              Sequence (6) with 5 bytes [8 extra bits] len 7
                UUID (3) with 2 bytes [0 extra bits] len 3
                  RFCOMM (0x0003)
                Unsigned Integer (1) with 1 byte [0 extra bits] len 2
                  0x04
            Attribute: Browse Group List (0x0005) [len 2]
              UUID (3) with 2 bytes [0 extra bits] len 3
                Public Browse Root (0x1002)
            Attribute: Language Base Attribute ID List (0x0006) [len 2]
              Unsigned Integer (1) with 2 bytes [0 extra bits] len 3
                0x656e
              Unsigned Integer (1) with 2 bytes [0 extra bits] len 3
                0x006a
              Unsigned Integer (1) with 2 bytes [0 extra bits] len 3
                0x0100
            Attribute: Bluetooth Profile Descriptor List (0x0009) [len 2]
              Sequence (6) with 6 bytes [8 extra bits] len 8
                UUID (3) with 2 bytes [0 extra bits] len 3
                  Unknown (0x7034)
                Unsigned Integer (1) with 2 bytes [0 extra bits] len 3
                  0x0101
            Attribute: Unknown (0x0100) [len 2]
              COM6 [len 5]
          Attribute list: [len 106] {position 6}
            Attribute: Service Record Handle (0x0000) [len 2]
              0x00090009
            Attribute: Service Class ID List (0x0001) [len 2]
              UUID (3) with 16 bytes [0 extra bits] len 17
                0cf12d31-fac3-4553-bd80-d6832e7b3936
            Attribute: Protocol Descriptor List (0x0004) [len 2]
              Sequence (6) with 3 bytes [8 extra bits] len 5
                UUID (3) with 2 bytes [0 extra bits] len 3
                  L2CAP (0x0100)
              Sequence (6) with 5 bytes [8 extra bits] len 7
                UUID (3) with 2 bytes [0 extra bits] len 3
                  RFCOMM (0x0003)
                Unsigned Integer (1) with 1 byte [0 extra bits] len 2
                  0x05
            Attribute: Browse Group List (0x0005) [len 2]
              UUID (3) with 2 bytes [0 extra bits] len 3
                Public Browse Root (0x1002)
            Attribute: Language Base Attribute ID List (0x0006) [len 2]
              Unsigned Integer (1) with 2 bytes [0 extra bits] len 3
                0x656e
              Unsigned Integer (1) with 2 bytes [0 extra bits] len 3
                0x006a
              Unsigned Integer (1) with 2 bytes [0 extra bits] len 3
                0x0100
            Attribute: Bluetooth Profile Descriptor List (0x0009) [len 2]
              Sequence (6) with 20 bytes [8 extra bits] len 22
                UUID (3) with 16 bytes [0 extra bits] len 17
                  0cf12d31-fac3-4553-bd80-d6832e7b3936
                Unsigned Integer (1) with 2 bytes [0 extra bits] len 3
                  0x0101
            Attribute: Unknown (0x0100) [len 2]
              COM7 [len 5]
          Attribute list: [len 78] {position 7}
            Attribute: Service Record Handle (0x0000) [len 2]
              0x0009000a
            Attribute: Service Class ID List (0x0001) [len 2]
              UUID (3) with 2 bytes [0 extra bits] len 3
                Unknown (0x7056)
            Attribute: Protocol Descriptor List (0x0004) [len 2]
              Sequence (6) with 3 bytes [8 extra bits] len 5
                UUID (3) with 2 bytes [0 extra bits] len 3
                  L2CAP (0x0100)
              Sequence (6) with 5 bytes [8 extra bits] len 7
                UUID (3) with 2 bytes [0 extra bits] len 3
                  RFCOMM (0x0003)
                Unsigned Integer (1) with 1 byte [0 extra bits] len 2
                  0x06
            Attribute: Browse Group List (0x0005) [len 2]
              UUID (3) with 2 bytes [0 extra bits] len 3
                Public Browse Root (0x1002)
            Attribute: Language Base Attribute ID List (0x0006) [len 2]
              Unsigned Integer (1) with 2 bytes [0 extra bits] len 3
                0x656e
              Unsigned Integer (1) with 2 bytes [0 extra bits] len 3
                0x006a
              Unsigned Integer (1) with 2 bytes [0 extra bits] len 3
                0x0100
            Attribute: Bluetooth Profile Descriptor List (0x0009) [len 2]
              Sequence (6) with 6 bytes [8 extra bits] len 8
                UUID (3) with 2 bytes [0 extra bits] len 3
                  Unknown (0x7056)
                Unsigned Integer (1) with 2 bytes [0 extra bits] len 3
                  0x0101
            Attribute: Unknown (0x0100) [len 2]
              COM8 [len 5]
          Attribute list: [len 106] {position 8}
            Attribute: Service Record Handle (0x0000) [len 2]
              0x0009000b
            Attribute: Service Class ID List (0x0001) [len 2]
              UUID (3) with 16 bytes [0 extra bits] len 17
                df21fe2c-2515-4fdb-8886-f12c4d67927c
            Attribute: Protocol Descriptor List (0x0004) [len 2]
              Sequence (6) with 3 bytes [8 extra bits] len 5
                UUID (3) with 2 bytes [0 extra bits] len 3
                  L2CAP (0x0100)
              Sequence (6) with 5 bytes [8 extra bits] len 7
                UUID (3) with 2 bytes [0 extra bits] len 3
                  RFCOMM (0x0003)
                Unsigned Integer (1) with 1 byte [0 extra bits] len 2
                  0x07
            Attribute: Browse Group List (0x0005) [len 2]
              UUID (3) with 2 bytes [0 extra bits] len 3
                Public Browse Root (0x1002)
            Attribute: Language Base Attribute ID List (0x0006) [len 2]
              Unsigned Integer (1) with 2 bytes [0 extra bits] len 3
                0x656e
              Unsigned Integer (1) with 2 bytes [0 extra bits] len 3
                0x006a
              Unsigned Integer (1) with 2 bytes [0 extra bits] len 3
                0x0100
            Attribute: Bluetooth Profile Descriptor List (0x0009) [len 2]
              Sequence (6) with 20 bytes [8 extra bits] len 22
                UUID (3) with 16 bytes [0 extra bits] len 17
                  df21fe2c-2515-4fdb-8886-f12c4d67927c
                Unsigned Integer (1) with 2 bytes [0 extra bits] len 3
                  0x0101
            Attribute: Unknown (0x0100) [len 2]
              COM9 [len 5]
bluetoothd[49821]: < ACL Data TX: Ha..   #201 [hci1] 2026-08-24 19:09:45.894898
      Channel: 81 len 20 [PSM 1 mode Basic (0x00)] {chan 1}
      SDP: Service Search Attribute Request (0x06) tid 2 len 15
        Search pattern: [len 5]
          Sequence (6) with 3 bytes [8 extra bits] len 5
            UUID (3) with 2 bytes [0 extra bits] len 3
              PnP Information (0x1200)
        Max record count: 65535
        Attribute list: [len 7]
          Sequence (6) with 5 bytes [8 extra bits] len 7
            Unsigned Integer (1) with 4 bytes [0 extra bits] len 5
              0x0000ffff
        Continuation state: 0
> HCI Event: Number of... (0x13) plen 5  #202 [hci1] 2026-08-24 19:09:45.916956
        Num handles: 1
        Handle: 6 Address: 98:47:44:CD:73:DE (Shenzhen Boomtech Industrial Corporation)
        Count: 1
        #201: len 24 (8 Kb/s)
        Latency: 22 msec (2-33 msec ~21 msec)
        Channel: 81 [PSM 1 mode Basic (0x00)] {chan 1}
        Channel Latency: 22 msec (3-26 msec ~18 msec)
> ACL Data RX: Han.. flags 0x02 dlen 14  #203 [hci1] 2026-08-24 19:09:45.949932
      Channel: 64 len 10 [PSM 1 mode Basic (0x00)] {chan 1}
      SDP: Service Search Attribute Response (0x07) tid 2 len 5
        Attribute bytes: 2
        Continuation state: 0
bluetoothctl[94250]: @ MGMT Close: blue..   {0x0003} 2026-08-24 19:09:46.110261
bluetoothd[49821]: @ MGMT Comman..   {0x0001} [hci0] 2026-08-24 19:09:46.110527
        Bondable: Disabled (0x00)
@ MGMT Event: Com.. (0x0001) plen 7  {0x0001} [hci0] 2026-08-24 19:09:46.110554
      Set Bondable (0x0009) plen 4
        Status: Success (0x00)
        Current settings: 0x00000acb
          Powered
          Connectable
          Discoverable
          Secure Simple Pairing
          BR/EDR
          Low Energy
          Secure Connections
@ MGMT Event: New.. (0x0006) plen 4  {0x0002} [hci0] 2026-08-24 19:09:46.110561
        Current settings: 0x00000acb
          Powered
          Connectable
          Discoverable
          Secure Simple Pairing
          BR/EDR
          Low Energy
          Secure Connections
bluetoothd[49821]: @ MGMT Comman..   {0x0001} [hci1] 2026-08-24 19:09:46.110913
        Bondable: Disabled (0x00)
@ MGMT Event: Com.. (0x0001) plen 7  {0x0001} [hci1] 2026-08-24 19:09:46.110928
      Set Bondable (0x0009) plen 4
        Status: Success (0x00)
        Current settings: 0x007c0ac1
          Powered
          Secure Simple Pairing
          BR/EDR
          Low Energy
          Secure Connections
          CIS Central
          CIS Peripheral
          ISO Broadcaster
          Sync Receiver
          LL Privacy
@ MGMT Event: New.. (0x0006) plen 4  {0x0002} [hci1] 2026-08-24 19:09:46.110934
        Current settings: 0x007c0ac1
          Powered
          Secure Simple Pairing
          BR/EDR
          Low Energy
          Secure Connections
          CIS Central
          CIS Peripheral
          ISO Broadcaster
          Sync Receiver
          LL Privacy
< ACL Data TX: Han.. flags 0x00 dlen 79  #195 [hci0] 2026-08-24 19:09:46.174075
      Channel: 74 len 75 [PSM 0 mode Basic (0x00)] {chan 65535}
        6b ef 8f 7b 22 69 64 22 3a 32 33 2c 22 65 76 65  k..{"id":23,"eve
        6e 74 22 3a 22 70 72 6f 67 72 65 73 73 22 2c 22  nt":"progress","
        64 6f 6e 65 22 3a 66 61 6c 73 65 2c 22 70 68 61  done":false,"pha
        73 65 22 3a 22 72 65 73 6f 6c 76 69 6e 67 5f 73  se":"resolving_s
        65 72 76 69 63 65 73 22 7d 0a e4                 ervices"}..     
< ACL Data TX: Han.. flags 0x00 dlen 79  #196 [hci0] 2026-08-24 19:09:46.176060
      Channel: 74 len 75 [PSM 0 mode Basic (0x00)] {chan 65535}
        6b ef 8f 7b 22 69 64 22 3a 32 33 2c 22 65 76 65  k..{"id":23,"eve
        6e 74 22 3a 22 70 72 6f 67 72 65 73 73 22 2c 22  nt":"progress","
        64 6f 6e 65 22 3a 66 61 6c 73 65 2c 22 70 68 61  done":false,"pha
        73 65 22 3a 22 72 65 73 6f 6c 76 69 6e 67 5f 73  se":"resolving_s
        65 72 76 69 63 65 73 22 7d 0a e4                 ervices"}..     
> HCI Event: Number of... (0x13) plen 5  #197 [hci0] 2026-08-24 19:09:46.188583
        Num handles: 1
        Handle: 12
        Count: 2
> ACL Data RX: Hand.. flags 0x02 dlen 9  #198 [hci0] 2026-08-24 19:09:46.192287
      Channel: 66 len 5 [PSM 0 mode Basic (0x00)] {chan 65535}
        69 ff 01 06 22                                   i..."           
< ACL Data TX: Han.. flags 0x00 dlen 74  #199 [hci0] 2026-08-24 19:09:46.278295
      Channel: 74 len 70 [PSM 0 mode Basic (0x00)] {chan 65535}
        6b ef 85 7b 22 69 64 22 3a 32 33 2c 22 65 76 65  k..{"id":23,"eve
        6e 74 22 3a 22 70 72 6f 67 72 65 73 73 22 2c 22  nt":"progress","
        64 6f 6e 65 22 3a 66 61 6c 73 65 2c 22 70 68 61  done":false,"pha
        73 65 22 3a 22 70 69 6e 6e 69 6e 67 5f 74 72 75  se":"pinning_tru
        73 74 22 7d 0a e4                                st"}..          
< ACL Data TX: Han.. flags 0x00 dlen 71  #200 [hci0] 2026-08-24 19:09:46.428846
      Channel: 74 len 67 [PSM 0 mode Basic (0x00)] {chan 65535}
        6b ef 7f 7b 22 69 64 22 3a 32 33 2c 22 65 76 65  k..{"id":23,"eve
        6e 74 22 3a 22 70 72 6f 67 72 65 73 73 22 2c 22  nt":"progress","
        64 6f 6e 65 22 3a 66 61 6c 73 65 2c 22 70 68 61  done":false,"pha
        73 65 22 3a 22 63 6f 6e 6e 65 63 74 69 6e 67 22  se":"connecting"
        7d 0a e4                                         }..             
< ACL Data TX: Han.. flags 0x00 dlen 71  #201 [hci0] 2026-08-24 19:09:46.431139
      Channel: 74 len 67 [PSM 0 mode Basic (0x00)] {chan 65535}
        6b ef 7f 7b 22 69 64 22 3a 32 33 2c 22 65 76 65  k..{"id":23,"eve
        6e 74 22 3a 22 70 72 6f 67 72 65 73 73 22 2c 22  nt":"progress","
        64 6f 6e 65 22 3a 66 61 6c 73 65 2c 22 70 68 61  done":false,"pha
        73 65 22 3a 22 63 6f 6e 6e 65 63 74 69 6e 67 22  se":"connecting"
        7d 0a e4                                         }..             
< ACL Data TX: Han.. flags 0x00 dlen 12  #204 [hci1] 2026-08-24 19:09:46.453840
      L2CAP: Connection Request (0x02) ident 8 len 4
        PSM: 25 (0x0019)
        Source CID: 65
> HCI Event: Number of... (0x13) plen 5  #202 [hci0] 2026-08-24 19:09:46.457269
        Num handles: 1
        Handle: 12
        Count: 2
> HCI Event: Number of... (0x13) plen 5  #205 [hci1] 2026-08-24 19:09:46.480915
        Num handles: 1
        Handle: 6 Address: 98:47:44:CD:73:DE (Shenzhen Boomtech Industrial Corporation)
        Count: 1
        #204: len 12 (3 Kb/s)
        Latency: 27 msec (2-33 msec ~24 msec)
> ACL Data RX: Han.. flags 0x02 dlen 16  #206 [hci1] 2026-08-24 19:09:46.513917
      L2CAP: Connection Response (0x03) ident 8 len 8
        Destination CID: 82
        Source CID: 65
        Result: Connection successful (0x0000)
        Status: No further information available (0x0000)
< ACL Data TX: Han.. flags 0x00 dlen 23  #207 [hci1] 2026-08-24 19:09:46.513995
      L2CAP: Configure Request (0x04) ident 9 len 15
        Destination CID: 82
        Flags: 0x0000
        Option: Retransmission and Flow Control (0x04) [mandatory]
          Mode: Basic (0x00)
          TX window size: 0
          Max transmit: 0
          Retransmission timeout: 0
          Monitor timeout: 0
          Maximum PDU size: 0
> HCI Event: Number of... (0x13) plen 5  #208 [hci1] 2026-08-24 19:09:46.535919
        Num handles: 1
        Handle: 6 Address: 98:47:44:CD:73:DE (Shenzhen Boomtech Industrial Corporation)
        Count: 1
        #207: len 23 (8 Kb/s)
        Latency: 21 msec (2-33 msec ~23 msec)
> ACL Data RX: Han.. flags 0x02 dlen 14  #209 [hci1] 2026-08-24 19:09:46.573876
      L2CAP: Configure Response (0x05) ident 9 len 6
        Source CID: 65
        Flags: 0x0000
        Result: Success (0x0000)
> ACL Data RX: Han.. flags 0x02 dlen 12  #210 [hci1] 2026-08-24 19:09:46.573887
      L2CAP: Configure Request (0x04) ident 21 len 4
        Destination CID: 65
        Flags: 0x0000
< ACL Data TX: Han.. flags 0x00 dlen 18  #211 [hci1] 2026-08-24 19:09:46.573957
      L2CAP: Configure Response (0x05) ident 21 len 10
        Source CID: 82
        Flags: 0x0000
        Result: Success (0x0000)
        Option: Maximum Transmission Unit (0x01) [mandatory]
          MTU: 672
bluetoothd[49821]: < ACL Data TX: Ha..   #212 [hci1] 2026-08-24 19:09:46.574537
      Channel: 82 len 2 [PSM 25 mode Basic (0x00)] {chan 0}
      AVDTP: Discover (0x01) Command (0x00) type 0x00 label 7 nosp 0
> HCI Event: Number of... (0x13) plen 5  #213 [hci1] 2026-08-24 19:09:46.602911
        Num handles: 1
        Handle: 6 Address: 98:47:44:CD:73:DE (Shenzhen Boomtech Industrial Corporation)
        Count: 1
        #211: len 18 (5 Kb/s)
        Latency: 28 msec (2-33 msec ~26 msec)
> HCI Event: Number of... (0x13) plen 5  #214 [hci1] 2026-08-24 19:09:46.604903
        Num handles: 1
        Handle: 6 Address: 98:47:44:CD:73:DE (Shenzhen Boomtech Industrial Corporation)
        Count: 1
        #212: len 6 (1 Kb/s)
        Latency: 30 msec (2-33 msec ~28 msec)
        Channel: 82 [PSM 25 mode Basic (0x00)] {chan 0}
        Channel Latency: 30 msec (30-30 msec ~30 msec)
> ACL Data RX: Han.. flags 0x02 dlen 10  #215 [hci1] 2026-08-24 19:09:46.637900
      Channel: 65 len 6 [PSM 25 mode Basic (0x00)] {chan 0}
      AVDTP: Discover (0x01) Response Accept (0x02) type 0x00 label 7 nosp 0
        ACP SEID: 2
          Media Type: Audio (0x00)
          SEP Type: SNK (0x01)
          In use: No
        ACP SEID: 4
          Media Type: Audio (0x00)
          SEP Type: SNK (0x01)
          In use: No
bluetoothd[49821]: < ACL Data TX: Ha..   #216 [hci1] 2026-08-24 19:09:46.638226
      Channel: 82 len 3 [PSM 25 mode Basic (0x00)] {chan 0}
      AVDTP: Get All Capabilities (0x0c) Command (0x00) type 0x00 label 8 nosp 0
        ACP SEID: 2
> HCI Event: Number of... (0x13) plen 5  #217 [hci1] 2026-08-24 19:09:46.641934
        Num handles: 1
        Handle: 6 Address: 98:47:44:CD:73:DE (Shenzhen Boomtech Industrial Corporation)
        Count: 1
        #216: len 7 (18 Kb/s)
        Latency: 3 msec (2-33 msec ~15 msec)
        Channel: 82 [PSM 25 mode Basic (0x00)] {chan 0}
        Channel Latency: 3 msec (3-30 msec ~17 msec)
> ACL Data RX: Han.. flags 0x02 dlen 16  #218 [hci1] 2026-08-24 19:09:46.673898
      Channel: 65 len 12 [PSM 25 mode Basic (0x00)] {chan 0}
      AVDTP: Get All Capabilities (0x0c) Response Accept (0x02) type 0x00 label 8 nosp 0
        Service Category: Media Transport (0x01)
        Service Category: Media Codec (0x07)
          Media Type: Audio (0x00)
          Media Codec: SBC (0x00)
            Frequency: 0xf0
              16000
              32000
              44100
              48000
            Channel Mode: 0x0f
              Mono
              Dual Channel
              Stereo
              Joint Stereo
            Block Length: 0xf0
              4
              8
              12
              16
            Subbands: 0x0c
              4
              8
            Allocation Method: 0x03
              SNR
              Loudness
            Minimum Bitpool: 2
            Maximum Bitpool: 43
bluetoothd[49821]: < ACL Data TX: Ha..   #219 [hci1] 2026-08-24 19:09:46.674183
      Channel: 82 len 3 [PSM 25 mode Basic (0x00)] {chan 0}
      AVDTP: Get All Capabilities (0x0c) Command (0x00) type 0x00 label 9 nosp 0
        ACP SEID: 4
> HCI Event: Number of... (0x13) plen 5  #203 [hci0] 2026-08-24 19:09:46.680623
        Num handles: 1
        Handle: 12
        Count: 1
> HCI Event: Number of... (0x13) plen 5  #220 [hci1] 2026-08-24 19:09:46.696933
        Num handles: 1
        Handle: 6 Address: 98:47:44:CD:73:DE (Shenzhen Boomtech Industrial Corporation)
        Count: 1
        #219: len 7 (2 Kb/s)
        Latency: 22 msec (2-33 msec ~19 msec)
        Channel: 82 [PSM 25 mode Basic (0x00)] {chan 0}
        Channel Latency: 22 msec (3-30 msec ~19 msec)
> ACL Data RX: Han.. flags 0x02 dlen 18  #221 [hci1] 2026-08-24 19:09:46.729907
      Channel: 65 len 14 [PSM 25 mode Basic (0x00)] {chan 0}
      AVDTP: Get All Capabilities (0x0c) Response Accept (0x02) type 0x00 label 9 nosp 0
        Service Category: Media Transport (0x01)
        Service Category: Media Codec (0x07)
          Media Type: Audio (0x00)
          Media Codec: MPEG-2,4 AAC (0x02)
            Object Type: 0x80
              MPEG-2 AAC LC
            Frequency: 0x180
              44100
              48000
            Channels: 0x0c
              1
              2
            Bitrate: 168000bps
            VBR: Yes
bluetoothd[49821]: < ACL Data TX: Ha..   #222 [hci1] 2026-08-24 19:09:46.758430
      Channel: 82 len 14 [PSM 25 mode Basic (0x00)] {chan 0}
      AVDTP: Set Configuration (0x03) Command (0x00) type 0x00 label 10 nosp 0
        ACP SEID: 2
        INT SEID: 1
        Service Category: Media Transport (0x01)
        Service Category: Media Codec (0x07)
          Media Type: Audio (0x00)
          Media Codec: SBC (0x00)
            Frequency: 44100 (0x20)
            Channel Mode: Joint Stereo (0x01)
            Block Length: 16 (0x10)
            Subbands: 8 (0x04)
            Allocation Method: Loudness (0x01)
            Minimum Bitpool: 2
            Maximum Bitpool: 43
> HCI Event: Number of... (0x13) plen 5  #223 [hci1] 2026-08-24 19:09:46.779941
        Num handles: 1
        Handle: 6 Address: 98:47:44:CD:73:DE (Shenzhen Boomtech Industrial Corporation)
        Count: 1
        #222: len 18 (6 Kb/s)
        Latency: 21 msec (2-33 msec ~20 msec)
        Channel: 82 [PSM 25 mode Basic (0x00)] {chan 0}
        Channel Latency: 21 msec (3-30 msec ~20 msec)
> ACL Data RX: Hand.. flags 0x02 dlen 6  #224 [hci1] 2026-08-24 19:09:46.814008
      Channel: 65 len 2 [PSM 25 mode Basic (0x00)] {chan 0}
      AVDTP: Set Configuration (0x03) Response Accept (0x02) type 0x00 label 10 nosp 0
bluetoothd[49821]: < ACL Data TX: Ha..   #225 [hci1] 2026-08-24 19:09:46.831334
      Channel: 82 len 3 [PSM 25 mode Basic (0x00)] {chan 0}
      AVDTP: Open (0x06) Command (0x00) type 0x00 label 11 nosp 0
        ACP SEID: 2
> HCI Event: Number of... (0x13) plen 5  #226 [hci1] 2026-08-24 19:09:46.840959
        Num handles: 1
        Handle: 6 Address: 98:47:44:CD:73:DE (Shenzhen Boomtech Industrial Corporation)
        Count: 1
        #225: len 7 (6 Kb/s)
        Latency: 9 msec (2-33 msec ~15 msec)
        Channel: 82 [PSM 25 mode Basic (0x00)] {chan 0}
        Channel Latency: 9 msec (3-30 msec ~15 msec)
> ACL Data RX: Hand.. flags 0x02 dlen 6  #227 [hci1] 2026-08-24 19:09:46.874000
      Channel: 65 len 2 [PSM 25 mode Basic (0x00)] {chan 0}
      AVDTP: Open (0x06) Response Accept (0x02) type 0x00 label 11 nosp 0
< ACL Data TX: Han.. flags 0x00 dlen 12  #228 [hci1] 2026-08-24 19:09:46.874639
      L2CAP: Connection Request (0x02) ident 10 len 4
        PSM: 25 (0x0019)
        Source CID: 66
> HCI Event: Number of... (0x13) plen 5  #229 [hci1] 2026-08-24 19:09:46.895948
        Num handles: 1
        Handle: 6 Address: 98:47:44:CD:73:DE (Shenzhen Boomtech Industrial Corporation)
        Count: 1
        #228: len 12 (4 Kb/s)
        Latency: 21 msec (2-33 msec ~18 msec)
> ACL Data RX: Han.. flags 0x02 dlen 16  #230 [hci1] 2026-08-24 19:09:46.925973
      L2CAP: Connection Response (0x03) ident 10 len 8
        Destination CID: 80
        Source CID: 66
        Result: Connection successful (0x0000)
        Status: No further information available (0x0000)
< ACL Data TX: Han.. flags 0x00 dlen 27  #231 [hci1] 2026-08-24 19:09:46.926092
      L2CAP: Configure Request (0x04) ident 11 len 19
        Destination CID: 80
        Flags: 0x0000
        Option: Maximum Transmission Unit (0x01) [mandatory]
          MTU: 1021
        Option: Retransmission and Flow Control (0x04) [mandatory]
          Mode: Basic (0x00)
          TX window size: 0
          Max transmit: 0
          Retransmission timeout: 0
          Monitor timeout: 0
          Maximum PDU size: 0
> HCI Event: Number of... (0x13) plen 5  #232 [hci1] 2026-08-24 19:09:46.950008
        Num handles: 1
        Handle: 6 Address: 98:47:44:CD:73:DE (Shenzhen Boomtech Industrial Corporation)
        Count: 1
        #231: len 27 (9 Kb/s)
        Latency: 23 msec (2-33 msec ~21 msec)
> ACL Data RX: Han.. flags 0x02 dlen 14  #233 [hci1] 2026-08-24 19:09:46.985956
      L2CAP: Configure Response (0x05) ident 11 len 6
        Source CID: 66
        Flags: 0x0000
        Result: Success (0x0000)
> ACL Data RX: Han.. flags 0x02 dlen 16  #234 [hci1] 2026-08-24 19:09:46.985971
      L2CAP: Configure Request (0x04) ident 22 len 8
        Destination CID: 66
        Flags: 0x0000
        Option: Maximum Transmission Unit (0x01) [mandatory]
          MTU: 679
< ACL Data TX: Han.. flags 0x00 dlen 18  #235 [hci1] 2026-08-24 19:09:46.986108
      L2CAP: Configure Response (0x05) ident 22 len 10
        Source CID: 80
        Flags: 0x0000
        Result: Success (0x0000)
        Option: Maximum Transmission Unit (0x01) [mandatory]
          MTU: 679
< ACL Data TX: Han.. flags 0x00 dlen 12  #236 [hci1] 2026-08-24 19:09:47.009279
      L2CAP: Connection Request (0x02) ident 12 len 4
        PSM: 23 (0x0017)
        Source CID: 67
> HCI Event: Number of... (0x13) plen 5  #237 [hci1] 2026-08-24 19:09:47.015976
        Num handles: 1
        Handle: 6 Address: 98:47:44:CD:73:DE (Shenzhen Boomtech Industrial Corporation)
        Count: 1
        #235: len 18 (4 Kb/s)
        Latency: 29 msec (2-33 msec ~25 msec)
> HCI Event: Number of... (0x13) plen 5  #238 [hci1] 2026-08-24 19:09:47.017989
        Num handles: 1
        Handle: 6 Address: 98:47:44:CD:73:DE (Shenzhen Boomtech Industrial Corporation)
        Count: 1
        #236: len 12 (12 Kb/s)
        Latency: 8 msec (2-33 msec ~17 msec)
< ACL Data TX: Han.. flags 0x00 dlen 71  #204 [hci0] 2026-08-24 19:09:47.036378
      Channel: 74 len 67 [PSM 0 mode Basic (0x00)] {chan 65535}
        6b ef 7f 7b 22 69 64 22 3a 32 33 2c 22 65 76 65  k..{"id":23,"eve
        6e 74 22 3a 22 70 72 6f 67 72 65 73 73 22 2c 22  nt":"progress","
        64 6f 6e 65 22 3a 66 61 6c 73 65 2c 22 70 68 61  done":false,"pha
        73 65 22 3a 22 63 6f 6e 6e 65 63 74 69 6e 67 22  se":"connecting"
        7d 0a e4                                         }..             
> ACL Data RX: Han.. flags 0x02 dlen 16  #239 [hci1] 2026-08-24 19:09:47.049944
      L2CAP: Connection Response (0x03) ident 12 len 8
        Destination CID: 79
        Source CID: 67
        Result: Connection successful (0x0000)
        Status: No further information available (0x0000)
< ACL Data TX: Han.. flags 0x00 dlen 23  #240 [hci1] 2026-08-24 19:09:47.050070
      L2CAP: Configure Request (0x04) ident 13 len 15
        Destination CID: 79
        Flags: 0x0000
        Option: Retransmission and Flow Control (0x04) [mandatory]
          Mode: Basic (0x00)
          TX window size: 0
          Max transmit: 0
          Retransmission timeout: 0
          Monitor timeout: 0
          Maximum PDU size: 0
> HCI Event: Number of... (0x13) plen 5  #241 [hci1] 2026-08-24 19:09:47.056929
        Num handles: 1
        Handle: 6 Address: 98:47:44:CD:73:DE (Shenzhen Boomtech Industrial Corporation)
        Count: 1
        #240: len 23 (30 Kb/s)
        Latency: 6 msec (2-33 msec ~11 msec)
> ACL Data RX: Han.. flags 0x02 dlen 14  #242 [hci1] 2026-08-24 19:09:47.097951
      L2CAP: Configure Response (0x05) ident 13 len 6
        Source CID: 67
        Flags: 0x0000
        Result: Success (0x0000)
> ACL Data RX: Han.. flags 0x02 dlen 16  #243 [hci1] 2026-08-24 19:09:47.097964
      L2CAP: Configure Request (0x04) ident 23 len 8
        Destination CID: 67
        Flags: 0x0000
        Option: Maximum Transmission Unit (0x01) [mandatory]
          MTU: 48
< ACL Data TX: Han.. flags 0x00 dlen 18  #244 [hci1] 2026-08-24 19:09:47.098065
      L2CAP: Configure Response (0x05) ident 23 len 10
        Source CID: 79
        Flags: 0x0000
        Result: Success (0x0000)
        Option: Maximum Transmission Unit (0x01) [mandatory]
          MTU: 48
bluetoothd[49821]: < ACL Data TX: Ha..   #245 [hci1] 2026-08-24 19:09:47.099418
      Channel: 79 len 14 [PSM 23 mode Basic (0x00)] {chan 3}
      AVCTP Control: Command: type 0x00 label 0 PID 0x110e
        AV/C: Status: address 0x48 opcode 0x00
          Subunit: Panel
          Opcode: Vendor Dependent
          Company ID: 0x001958
          AVRCP: GetCapabilities pt Single len 0x0001
            CapabilityID: 0x03 (EventsID)
> HCI Event: Number of... (0x13) plen 5  #246 [hci1] 2026-08-24 19:09:47.127915
        Num handles: 1
        Handle: 6 Address: 98:47:44:CD:73:DE (Shenzhen Boomtech Industrial Corporation)
        Count: 1
        #244: len 18 (4 Kb/s)
        Latency: 29 msec (2-33 msec ~20 msec)
> HCI Event: Number of... (0x13) plen 5  #247 [hci1] 2026-08-24 19:09:47.129944
        Num handles: 1
        Handle: 6 Address: 98:47:44:CD:73:DE (Shenzhen Boomtech Industrial Corporation)
        Count: 1
        #245: len 18 (4 Kb/s)
        Latency: 30 msec (2-33 msec ~25 msec)
        Channel: 79 [PSM 23 mode Basic (0x00)] {chan 3}
        Channel Latency: 30 msec (30-30 msec ~30 msec)
< ACL Data TX: Han.. flags 0x00 dlen 78  #205 [hci0] 2026-08-24 19:09:47.138606
      Channel: 74 len 74 [PSM 0 mode Basic (0x00)] {chan 65535}
        6b ef 8d 7b 22 69 64 22 3a 32 33 2c 22 65 76 65  k..{"id":23,"eve
        6e 74 22 3a 22 70 72 6f 67 72 65 73 73 22 2c 22  nt":"progress","
        64 6f 6e 65 22 3a 66 61 6c 73 65 2c 22 70 68 61  done":false,"pha
        73 65 22 3a 22 77 61 69 74 69 6e 67 5f 66 6f 72  se":"waiting_for
        5f 61 75 64 69 6f 22 7d 0a e4                    _audio"}..      
< ACL Data TX: Han.. flags 0x00 dlen 78  #206 [hci0] 2026-08-24 19:09:47.140595
      Channel: 74 len 74 [PSM 0 mode Basic (0x00)] {chan 65535}
        6b ef 8d 7b 22 69 64 22 3a 32 33 2c 22 65 76 65  k..{"id":23,"eve
        6e 74 22 3a 22 70 72 6f 67 72 65 73 73 22 2c 22  nt":"progress","
        64 6f 6e 65 22 3a 66 61 6c 73 65 2c 22 70 68 61  done":false,"pha
        73 65 22 3a 22 77 61 69 74 69 6e 67 5f 66 6f 72  se":"waiting_for
        5f 61 75 64 69 6f 22 7d 0a e4                    _audio"}..      
> HCI Event: Number of... (0x13) plen 5  #207 [hci0] 2026-08-24 19:09:47.149813
        Num handles: 1
        Handle: 12
        Count: 2
> ACL Data RX: Hand.. flags 0x02 dlen 9  #208 [hci0] 2026-08-24 19:09:47.153531
      Channel: 66 len 5 [PSM 0 mode Basic (0x00)] {chan 65535}
        69 ff 01 06 22                                   i..."           
> ACL Data RX: Han.. flags 0x02 dlen 18  #248 [hci1] 2026-08-24 19:09:47.161976
      Channel: 67 len 14 [PSM 23 mode Basic (0x00)] {chan 3}
      AVCTP Control: Command: type 0x00 label 0 PID 0x110e
        AV/C: Status: address 0x48 opcode 0x00
          Subunit: Panel
          Opcode: Vendor Dependent
          Company ID: 0x001958
          AVRCP: GetCapabilities pt Single len 0x0001
            CapabilityID: 0x03 (EventsID)
> ACL Data RX: Han.. flags 0x02 dlen 20  #249 [hci1] 2026-08-24 19:09:47.162000
      Channel: 67 len 16 [PSM 23 mode Basic (0x00)] {chan 3}
      AVCTP Control: Response: type 0x00 label 0 PID 0x110e
        AV/C: Stable: address 0x48 opcode 0x00
          Subunit: Panel
          Opcode: Vendor Dependent
          Company ID: 0x001958
          AVRCP: GetCapabilities pt Single len 0x0003
            CapabilityID: 0x03 (EventsID)
            CapabilityCount: 0x01
            EventsID: 0x0d (EVENT_VOLUME_CHANGED)
bluetoothd[49821]: < ACL Data TX: Ha..   #250 [hci1] 2026-08-24 19:09:47.162374
      Channel: 79 len 22 [PSM 23 mode Basic (0x00)] {chan 3}
      AVCTP Control: Response: type 0x00 label 0 PID 0x110e
        AV/C: Stable: address 0x48 opcode 0x00
          Subunit: Panel
          Opcode: Vendor Dependent
          Company ID: 0x001958
          AVRCP: GetCapabilities pt Single len 0x0009
            CapabilityID: 0x03 (EventsID)
            CapabilityCount: 0x07
            EventsID: 0x01 (EVENT_PLAYBACK_STATUS_CHANGED)
            EventsID: 0x02 (EVENT_TRACK_CHANGED)
            EventsID: 0x03 (EVENT_TRACK_REACHED_END)
            EventsID: 0x04 (EVENT_TRACK_REACHED_START)
            EventsID: 0x08 (EVENT_PLAYER_APPLICATION_SETTING_CHANGED)
            EventsID: 0x0a (EVENT_AVAILABLE_PLAYERS_CHANGED)
            EventsID: 0x0b (EVENT_ADDRESSED_PLAYER_CHANGED)
bluetoothd[49821]: < ACL Data TX: Ha..   #251 [hci1] 2026-08-24 19:09:47.162706
      Channel: 79 len 18 [PSM 23 mode Basic (0x00)] {chan 3}
      AVCTP Control: Command: type 0x00 label 1 PID 0x110e
        AV/C: Notify: address 0x48 opcode 0x00
          Subunit: Panel
          Opcode: Vendor Dependent
          Company ID: 0x001958
          AVRCP: RegisterNotification pt Single len 0x0005
            EventID: 0x0d (EVENT_VOLUME_CHANGED)
            Interval: 0x00000000 (0 seconds)
> HCI Event: Number of... (0x13) plen 5  #252 [hci1] 2026-08-24 19:09:47.166008
        Num handles: 1
        Handle: 6 Address: 98:47:44:CD:73:DE (Shenzhen Boomtech Industrial Corporation)
        Count: 1
        #250: len 26 (69 Kb/s)
        Latency: 3 msec (2-33 msec ~14 msec)
        Channel: 79 [PSM 23 mode Basic (0x00)] {chan 3}
        Channel Latency: 3 msec (3-30 msec ~17 msec)
> HCI Event: Number of... (0x13) plen 5  #253 [hci1] 2026-08-24 19:09:47.167950
        Num handles: 1
        Handle: 6 Address: 98:47:44:CD:73:DE (Shenzhen Boomtech Industrial Corporation)
        Count: 1
        #251: len 22 (35 Kb/s)
        Latency: 5 msec (2-33 msec ~9 msec)
        Channel: 79 [PSM 23 mode Basic (0x00)] {chan 3}
        Channel Latency: 5 msec (3-30 msec ~11 msec)
> ACL Data RX: Han.. flags 0x02 dlen 22  #254 [hci1] 2026-08-24 19:09:47.201900
      Channel: 67 len 18 [PSM 23 mode Basic (0x00)] {chan 3}
      AVCTP Control: Command: type 0x00 label 0 PID 0x110e
        AV/C: Notify: address 0x48 opcode 0x00
          Subunit: Panel
          Opcode: Vendor Dependent
          Company ID: 0x001958
          AVRCP: RegisterNotification pt Single len 0x0005
            EventID: 0x01 (EVENT_PLAYBACK_STATUS_CHANGED)
            Interval: 0x00000000 (0 seconds)
> ACL Data RX: Han.. flags 0x02 dlen 19  #255 [hci1] 2026-08-24 19:09:47.201912
      Channel: 67 len 15 [PSM 23 mode Basic (0x00)] {chan 3}
      AVCTP Control: Response: type 0x00 label 1 PID 0x110e
        AV/C: Interim: address 0x48 opcode 0x00
          Subunit: Panel
          Opcode: Vendor Dependent
          Company ID: 0x001958
          AVRCP: RegisterNotification pt Single len 0x0002
            EventID: 0x0d (EVENT_VOLUME_CHANGED)
            Volume: 100.00% (127/127)
bluetoothd[49821]: < ACL Data TX: Ha..   #256 [hci1] 2026-08-24 19:09:47.202256
      Channel: 79 len 15 [PSM 23 mode Basic (0x00)] {chan 3}
      AVCTP Control: Response: type 0x00 label 0 PID 0x110e
        AV/C: Interim: address 0x48 opcode 0x00
          Subunit: Panel
          Opcode: Vendor Dependent
          Company ID: 0x001958
          AVRCP: RegisterNotification pt Single len 0x0002
            EventID: 0x01 (EVENT_PLAYBACK_STATUS_CHANGED)
            PlayStatus: 0x00 (STOPPED)
> HCI Event: Number of... (0x13) plen 5  #257 [hci1] 2026-08-24 19:09:47.204965
        Num handles: 1
        Handle: 6 Address: 98:47:44:CD:73:DE (Shenzhen Boomtech Industrial Corporation)
        Count: 1
        #256: len 19 (76 Kb/s)
        Latency: 2 msec (2-33 msec ~6 msec)
        Channel: 79 [PSM 23 mode Basic (0x00)] {chan 3}
        Channel Latency: 2 msec (2-30 msec ~6 msec)
> HCI Event: Number of... (0x13) plen 5  #209 [hci0] 2026-08-24 19:09:47.305643
        Num handles: 1
        Handle: 12
        Count: 1
< ACL Data TX: Han.. flags 0x00 dlen 67  #210 [hci0] 2026-08-24 19:09:47.358469
      Channel: 74 len 63 [PSM 0 mode Basic (0x00)] {chan 65535}
        6b ef 77 7b 22 69 64 22 3a 32 33 2c 22 65 76 65  k.w{"id":23,"eve
        6e 74 22 3a 22 70 72 6f 67 72 65 73 73 22 2c 22  nt":"progress","
        64 6f 6e 65 22 3a 66 61 6c 73 65 2c 22 70 68 61  done":false,"pha
        73 65 22 3a 22 73 61 76 69 6e 67 22 7d 0a e4     se":"saving"}.. 
> HCI Event: Number of... (0x13) plen 5  #211 [hci0] 2026-08-24 19:09:47.555677
        Num handles: 1
        Handle: 12
        Count: 1
< ACL Data TX: Han.. flags 0x00 dlen 12  #258 [hci1] 2026-08-24 19:09:47.982923
      L2CAP: Disconnection Request (0x06) ident 14 len 4
        Destination CID: 81
        Source CID: 64
> HCI Event: Number of... (0x13) plen 5  #259 [hci1] 2026-08-24 19:09:47.996899
        Num handles: 1
        Handle: 6 Address: 98:47:44:CD:73:DE (Shenzhen Boomtech Industrial Corporation)
        Count: 1
        #258: len 12 (7 Kb/s)
        Latency: 13 msec (2-33 msec ~10 msec)
> ACL Data RX: Han.. flags 0x02 dlen 12  #260 [hci1] 2026-08-24 19:09:48.033896
      L2CAP: Disconnection Response (0x07) ident 14 len 4
        Destination CID: 81
        Source CID: 64
< ACL Data TX: Ha.. flags 0x00 dlen 834  #212 [hci0] 2026-08-24 19:09:49.614812
      Channel: 74 len 830 [PSM 0 mode Basic (0x00)] {chan 65535}
        6b ef 72 06 7b 22 69 64 22 3a 32 33 2c 22 64 6f  k.r.{"id":23,"do
        6e 65 22 3a 74 72 75 65 2c 22 6f 6b 22 3a 74 72  ne":true,"ok":tr
        75 65 2c 22 61 63 63 65 70 74 65 64 5f 69 64 22  ue,"accepted_id"
        3a 22 61 32 64 70 3a 39 38 3a 34 37 3a 34 34 3a  :"a2dp:98:47:44:
        43 44 3a 37 33 3a 44 45 22 2c 22 61 63 63 65 70  CD:73:DE","accep
        74 65 64 5f 6c 61 62 65 6c 22 3a 22 53 6f 75 6e  ted_label":"Soun
        64 63 6f 72 65 20 53 70 61 63 65 20 41 34 30 22  dcore Space A40"
        2c 22 73 65 74 75 70 5f 73 74 61 74 65 22 3a 22  ,"setup_state":"
        72 65 61 64 79 22 2c 22 6f 75 74 70 75 74 73 22  ready","outputs"
        3a 5b 7b 22 69 64 22 3a 22 77 69 72 65 64 3a 61  :[{"id":"wired:a
        6c 73 61 5f 6f 75 74 70 75 74 2e 70 6c 61 74 66  lsa_output.platf
        6f 72 6d 2d 33 66 30 30 62 38 34 30 2e 6d 61 69  orm-3f00b840.mai
        6c 62 6f 78 2e 73 74 65 72 65 6f 2d 66 61 6c 6c  lbox.stereo-fall
        62 61 63 6b 22 2c 22 6c 61 62 65 6c 22 3a 22 42  back","label":"B
        75 69 6c 74 2d 69 6e 20 41 75 64 69 6f 20 53 74  uilt-in Audio St
        65 72 65 6f 22 2c 22 6b 69 6e 64 22 3a 22 77 69  ereo","kind":"wi
        72 65 64 22 2c 22 61 76 61 69 6c 61 62 6c 65 22  red","available"
        3a 74 72 75 65 2c 22 63 6f 6e 6e 65 63 74 65 64  :true,"connected
        22 3a 74 72 75 65 2c 22 73 65 74 75 70 5f 73 74  ":true,"setup_st
        61 74 65 22 3a 22 72 65 61 64 79 22 7d 2c 7b 22  ate":"ready"},{"
        69 64 22 3a 22 61 32 64 70 3a 39 38 3a 34 37 3a  id":"a2dp:98:47:
        34 34 3a 43 44 3a 37 33 3a 44 45 22 2c 22 6c 61  44:CD:73:DE","la
        62 65 6c 22 3a 22 53 6f 75 6e 64 63 6f 72 65 20  bel":"Soundcore 
        53 70 61 63 65 20 41 34 30 22 2c 22 6b 69 6e 64  Space A40","kind
        22 3a 22 61 32 64 70 22 2c 22 61 76 61 69 6c 61  ":"a2dp","availa
        62 6c 65 22 3a 74 72 75 65 2c 22 63 6f 6e 6e 65  ble":true,"conne
        63 74 65 64 22 3a 74 72 75 65 2c 22 73 65 74 75  cted":true,"setu
        70 5f 73 74 61 74 65 22 3a 22 72 65 61 64 79 22  p_state":"ready"
        7d 2c 7b 22 69 64 22 3a 22 61 32 64 70 3a 43 39  },{"id":"a2dp:C9
        3a 35 43 3a 46 44 3a 36 45 3a 32 38 3a 34 36 22  :5C:FD:6E:28:46"
        2c 22 6c 61 62 65 6c 22 3a 22 42 6f 6f 6d 62 6f  ,"label":"Boombo
        78 22 2c 22 6b 69 6e 64 22 3a 22 61 32 64 70 22  x","kind":"a2dp"
        2c 22 61 76 61 69 6c 61 62 6c 65 22 3a 66 61 6c  ,"available":fal
        73 65 2c 22 63 6f 6e 6e 65 63 74 65 64 22 3a 66  se,"connected":f
        61 6c 73 65 2c 22 73 65 74 75 70 5f 73 74 61 74  alse,"setup_stat
        65 22 3a 22 72 65 61 64 79 22 7d 2c 7b 22 69 64  e":"ready"},{"id
        22 3a 22 61 32 64 70 3a 35 30 3a 44 37 3a 31 42  ":"a2dp:50:D7:1B
        3a 37 34 3a 33 34 3a 44 36 22 2c 22 6c 61 62 65  :74:34:D6","labe
        6c 22 3a 22 69 57 6f 72 6c 64 22 2c 22 6b 69 6e  l":"iWorld","kin
        64 22 3a 22 61 32 64 70 22 2c 22 61 76 61 69 6c  d":"a2dp","avail
        61 62 6c 65 22 3a 66 61 6c 73 65 2c 22 63 6f 6e  able":false,"con
        6e 65 63 74 65 64 22 3a 66 61 6c 73 65 2c 22 73  nected":false,"s
        65 74 75 70 5f 73 74 61 74 65 22 3a 22 72 65 61  etup_state":"rea
        64 79 22 7d 5d 2c 22 64 65 73 69 72 65 64 5f 69  dy"}],"desired_i
        64 22 3a 22 61 32 64 70 3a 39 38 3a 34 37 3a 34  d":"a2dp:98:47:4
        34 3a 43 44 3a 37 33 3a 44 45 22 2c 22 63 68 6f  4:CD:73:DE","cho
        73 65 6e 5f 69 64 22 3a 22 61 32 64 70 3a 39 38  sen_id":"a2dp:98
        3a 34 37 3a 34 34 3a 43 44 3a 37 33 3a 44 45 22  :47:44:CD:73:DE"
        2c 22 72 65 61 73 6f 6e 22 3a 22 64 65 73 69 72  ,"reason":"desir
        65 64 20 6f 75 74 70 75 74 20 69 73 20 61 76 61  ed output is ava
        69 6c 61 62 6c 65 22 2c 22 63 61 6c 6c 5f 61 63  ilable","call_ac
        74 69 76 65 22 3a 66 61 6c 73 65 7d 0a e4        tive":false}..  
> ACL Data RX: Han.. flags 0x02 dlen 31  #213 [hci0] 2026-08-24 19:09:49.664984
      Channel: 66 len 27 [PSM 0 mode Basic (0x00)] {chan 65535}
        69 ff 2d 03 7b 22 69 64 22 3a 32 34 2c 22 6f 70  i.-.{"id":24,"op
        22 3a 22 6c 69 73 74 22 7d 0a 22                 ":"list"}."     
< ACL Data TX: Ha.. flags 0x00 dlen 722  #214 [hci0] 2026-08-24 19:09:49.666815
      Channel: 74 len 718 [PSM 0 mode Basic (0x00)] {chan 65535}
        6b ef 92 05 7b 22 69 64 22 3a 32 34 2c 22 6f 6b  k...{"id":24,"ok
        22 3a 74 72 75 65 2c 22 6f 75 74 70 75 74 73 22  ":true,"outputs"
        3a 5b 7b 22 69 64 22 3a 22 77 69 72 65 64 3a 61  :[{"id":"wired:a
        6c 73 61 5f 6f 75 74 70 75 74 2e 70 6c 61 74 66  lsa_output.platf
        6f 72 6d 2d 33 66 30 30 62 38 34 30 2e 6d 61 69  orm-3f00b840.mai
        6c 62 6f 78 2e 73 74 65 72 65 6f 2d 66 61 6c 6c  lbox.stereo-fall
        62 61 63 6b 22 2c 22 6c 61 62 65 6c 22 3a 22 42  back","label":"B
        75 69 6c 74 2d 69 6e 20 41 75 64 69 6f 20 53 74  uilt-in Audio St
        65 72 65 6f 22 2c 22 6b 69 6e 64 22 3a 22 77 69  ereo","kind":"wi
        72 65 64 22 2c 22 61 76 61 69 6c 61 62 6c 65 22  red","available"
        3a 74 72 75 65 2c 22 63 6f 6e 6e 65 63 74 65 64  :true,"connected
        22 3a 74 72 75 65 2c 22 73 65 74 75 70 5f 73 74  ":true,"setup_st
        61 74 65 22 3a 22 72 65 61 64 79 22 7d 2c 7b 22  ate":"ready"},{"
        69 64 22 3a 22 61 32 64 70 3a 39 38 3a 34 37 3a  id":"a2dp:98:47:
        34 34 3a 43 44 3a 37 33 3a 44 45 22 2c 22 6c 61  44:CD:73:DE","la
        62 65 6c 22 3a 22 53 6f 75 6e 64 63 6f 72 65 20  bel":"Soundcore 
        53 70 61 63 65 20 41 34 30 22 2c 22 6b 69 6e 64  Space A40","kind
        22 3a 22 61 32 64 70 22 2c 22 61 76 61 69 6c 61  ":"a2dp","availa
        62 6c 65 22 3a 74 72 75 65 2c 22 63 6f 6e 6e 65  ble":true,"conne
        63 74 65 64 22 3a 74 72 75 65 2c 22 73 65 74 75  cted":true,"setu
        70 5f 73 74 61 74 65 22 3a 22 72 65 61 64 79 22  p_state":"ready"
        7d 2c 7b 22 69 64 22 3a 22 61 32 64 70 3a 43 39  },{"id":"a2dp:C9
        3a 35 43 3a 46 44 3a 36 45 3a 32 38 3a 34 36 22  :5C:FD:6E:28:46"
        2c 22 6c 61 62 65 6c 22 3a 22 42 6f 6f 6d 62 6f  ,"label":"Boombo
        78 22 2c 22 6b 69 6e 64 22 3a 22 61 32 64 70 22  x","kind":"a2dp"
        2c 22 61 76 61 69 6c 61 62 6c 65 22 3a 66 61 6c  ,"available":fal
        73 65 2c 22 63 6f 6e 6e 65 63 74 65 64 22 3a 66  se,"connected":f
        61 6c 73 65 2c 22 73 65 74 75 70 5f 73 74 61 74  alse,"setup_stat
        65 22 3a 22 72 65 61 64 79 22 7d 2c 7b 22 69 64  e":"ready"},{"id
        22 3a 22 61 32 64 70 3a 35 30 3a 44 37 3a 31 42  ":"a2dp:50:D7:1B
        3a 37 34 3a 33 34 3a 44 36 22 2c 22 6c 61 62 65  :74:34:D6","labe
        6c 22 3a 22 69 57 6f 72 6c 64 22 2c 22 6b 69 6e  l":"iWorld","kin
        64 22 3a 22 61 32 64 70 22 2c 22 61 76 61 69 6c  d":"a2dp","avail
        61 62 6c 65 22 3a 66 61 6c 73 65 2c 22 63 6f 6e  able":false,"con
        6e 65 63 74 65 64 22 3a 66 61 6c 73 65 2c 22 73  nected":false,"s
        65 74 75 70 5f 73 74 61 74 65 22 3a 22 72 65 61  etup_state":"rea
        64 79 22 7d 5d 2c 22 64 65 73 69 72 65 64 5f 69  dy"}],"desired_i
        64 22 3a 22 61 32 64 70 3a 39 38 3a 34 37 3a 34  d":"a2dp:98:47:4
        34 3a 43 44 3a 37 33 3a 44 45 22 2c 22 63 68 6f  4:CD:73:DE","cho
        73 65 6e 5f 69 64 22 3a 22 61 32 64 70 3a 39 38  sen_id":"a2dp:98
        3a 34 37 3a 34 34 3a 43 44 3a 37 33 3a 44 45 22  :47:44:CD:73:DE"
        2c 22 72 65 61 73 6f 6e 22 3a 22 64 65 73 69 72  ,"reason":"desir
        65 64 20 6f 75 74 70 75 74 20 69 73 20 61 76 61  ed output is ava
        69 6c 61 62 6c 65 22 2c 22 63 61 6c 6c 5f 61 63  ilable","call_ac
        74 69 76 65 22 3a 66 61 6c 73 65 7d 0a e4        tive":false}..  
> HCI Event: Number of... (0x13) plen 5  #215 [hci0] 2026-08-24 19:09:49.691012
        Num handles: 1
        Handle: 12
        Count: 2
hciconfig[94318]: @ RAW Open: hciconfig     {0x0003} 2026-08-24 19:09:50.046642
hciconfig[94318]: @ RAW Open: hc..   {0x0004} [hci0] 2026-08-24 19:09:50.046707
hciconfig[94318]: < HCI Command: Rea..   #216 [hci0] 2026-08-24 19:09:50.046792
> HCI Event: Command C.. (0x0e) plen 12  #217 [hci0] 2026-08-24 19:09:50.047495
      Read Local Version Information (0x04|0x0001) ncmd 1
        Status: Success (0x00)
        HCI version: Bluetooth 4.1 (0x07) - Revision 508 (0x01fc)
        LMP version: Bluetooth 4.1 (0x07) - Subversion 8713 (0x2209)
        Manufacturer: Broadcom Corporation (15)
          Firmware: 001.002.009
          Build: 0508
hciconfig[94318]: @ RAW Close: h..   {0x0004} [hci0] 2026-08-24 19:09:50.047813
hciconfig[94318]: @ RAW Close: hciconfig    {0x0003} 2026-08-24 19:09:50.047862
> HCI Event: Mode Change (0x14) plen 6   #218 [hci0] 2026-08-24 19:09:56.678304
        Status: Success (0x00)
        Handle: 12
        Mode: Sniff (0x02)
        Interval: 480.000 msec (0x0300)
hciconfig[94446]: @ RAW Open: hciconfig     {0x0003} 2026-08-24 19:10:05.164580
hciconfig[94446]: @ RAW Open: hc..   {0x0004} [hci0] 2026-08-24 19:10:05.164667
hciconfig[94446]: < HCI Command: Rea..   #219 [hci0] 2026-08-24 19:10:05.164756
> HCI Event: Command C.. (0x0e) plen 12  #220 [hci0] 2026-08-24 19:10:05.165305
      Read Local Version Information (0x04|0x0001) ncmd 1
        Status: Success (0x00)
        HCI version: Bluetooth 4.1 (0x07) - Revision 508 (0x01fc)
        LMP version: Bluetooth 4.1 (0x07) - Subversion 8713 (0x2209)
        Manufacturer: Broadcom Corporation (15)
          Firmware: 001.002.009
          Build: 0508
hciconfig[94446]: @ RAW Close: h..   {0x0004} [hci0] 2026-08-24 19:10:05.165560
hciconfig[94446]: @ RAW Close: hciconfig    {0x0003} 2026-08-24 19:10:05.165644
hciconfig[94553]: @ RAW Open: hciconfig     {0x0003} 2026-08-24 19:10:20.282259
hciconfig[94553]: @ RAW Open: hc..   {0x0004} [hci0] 2026-08-24 19:10:20.282326
hciconfig[94553]: < HCI Command: Rea..   #221 [hci0] 2026-08-24 19:10:20.282396
> HCI Event: Command C.. (0x0e) plen 12  #222 [hci0] 2026-08-24 19:10:20.282910
      Read Local Version Information (0x04|0x0001) ncmd 1
        Status: Success (0x00)
        HCI version: Bluetooth 4.1 (0x07) - Revision 508 (0x01fc)
        LMP version: Bluetooth 4.1 (0x07) - Subversion 8713 (0x2209)
        Manufacturer: Broadcom Corporation (15)
          Firmware: 001.002.009
          Build: 0508
hciconfig[94553]: @ RAW Close: h..   {0x0004} [hci0] 2026-08-24 19:10:20.283308
hciconfig[94553]: @ RAW Close: hciconfig    {0x0003} 2026-08-24 19:10:20.283402
hciconfig[94667]: @ RAW Open: hciconfig     {0x0003} 2026-08-24 19:10:35.430309
hciconfig[94667]: @ RAW Open: hc..   {0x0004} [hci0] 2026-08-24 19:10:35.430401
hciconfig[94667]: < HCI Command: Rea..   #223 [hci0] 2026-08-24 19:10:35.430503
> HCI Event: Command C.. (0x0e) plen 12  #224 [hci0] 2026-08-24 19:10:35.431025
      Read Local Version Information (0x04|0x0001) ncmd 1
        Status: Success (0x00)
        HCI version: Bluetooth 4.1 (0x07) - Revision 508 (0x01fc)
        LMP version: Bluetooth 4.1 (0x07) - Subversion 8713 (0x2209)
        Manufacturer: Broadcom Corporation (15)
          Firmware: 001.002.009
          Build: 0508
hciconfig[94667]: @ RAW Close: h..   {0x0004} [hci0] 2026-08-24 19:10:35.431718
hciconfig[94667]: @ RAW Close: hciconfig    {0x0003} 2026-08-24 19:10:35.431795
hciconfig[94782]: @ RAW Open: hciconfig     {0x0003} 2026-08-24 19:10:50.554432
hciconfig[94782]: @ RAW Open: hc..   {0x0004} [hci0] 2026-08-24 19:10:50.554498
hciconfig[94782]: < HCI Command: Rea..   #225 [hci0] 2026-08-24 19:10:50.554581
> HCI Event: Command C.. (0x0e) plen 12  #226 [hci0] 2026-08-24 19:10:50.555088
      Read Local Version Information (0x04|0x0001) ncmd 1
        Status: Success (0x00)
        HCI version: Bluetooth 4.1 (0x07) - Revision 508 (0x01fc)
        LMP version: Bluetooth 4.1 (0x07) - Subversion 8713 (0x2209)
        Manufacturer: Broadcom Corporation (15)
          Firmware: 001.002.009
          Build: 0508
hciconfig[94782]: @ RAW Close: h..   {0x0004} [hci0] 2026-08-24 19:10:50.555396
hciconfig[94782]: @ RAW Close: hciconfig    {0x0003} 2026-08-24 19:10:50.555450
hciconfig[94893]: @ RAW Open: hciconfig     {0x0003} 2026-08-24 19:11:05.669469
hciconfig[94893]: @ RAW Open: hc..   {0x0004} [hci0] 2026-08-24 19:11:05.669542
hciconfig[94893]: < HCI Command: Rea..   #227 [hci0] 2026-08-24 19:11:05.669611
> HCI Event: Command C.. (0x0e) plen 12  #228 [hci0] 2026-08-24 19:11:05.670120
      Read Local Version Information (0x04|0x0001) ncmd 1
        Status: Success (0x00)
        HCI version: Bluetooth 4.1 (0x07) - Revision 508 (0x01fc)
        LMP version: Bluetooth 4.1 (0x07) - Subversion 8713 (0x2209)
        Manufacturer: Broadcom Corporation (15)
          Firmware: 001.002.009
          Build: 0508
hciconfig[94893]: @ RAW Close: h..   {0x0004} [hci0] 2026-08-24 19:11:05.670561
hciconfig[94893]: @ RAW Close: hciconfig    {0x0003} 2026-08-24 19:11:05.670610
