2026-08-24T19:07:13,188345237-04:00
{"state":"CALL_DOWN","call":false,"output":{"desired":"wired:alsa_output.platform-3f00b840.mailbox.stereo-fallback","chosen":"wired:alsa_output.platform-3f00b840.mailbox.stereo-fallback","reason":"desired output is available","candidates":[{"id":"wired:alsa_output.platform-3f00b840.mailbox.stereo-fallback","present":true,"connected":true,"adapter":null,"adapter_address":null,"setup_state":"ready"},{"id":"a2dp:C9:5C:FD:6E:28:46","present":false,"connected":false,"adapter":"hci1","adapter_address":"A0:AD:9F:73:6C:24","setup_state":"ready"},{"id":"a2dp:50:D7:1B:74:34:D6","present":false,"connected":false,"adapter":"hci1","adapter_address":"A0:AD:9F:73:6C:24","setup_state":"ready"},{"id":"a2dp:98:47:44:CD:73:DE","present":false,"connected":false,"adapter":"hci0","adapter_address":"B8:27:EB:43:8D:51","setup_state":"needs_setup"}]}}
/org/bluez/hci0/dev_98_47_44_CD_73_DE b true
/org/bluez/hci1/dev_98_47_44_CD_73_DE absent
2026-08-24T19:07:14,338298235-04:00
{"state":"CALL_DOWN","call":false,"output":{"desired":"wired:alsa_output.platform-3f00b840.mailbox.stereo-fallback","chosen":"wired:alsa_output.platform-3f00b840.mailbox.stereo-fallback","reason":"desired output is available","candidates":[{"id":"wired:alsa_output.platform-3f00b840.mailbox.stereo-fallback","present":true,"connected":true,"adapter":null,"adapter_address":null,"setup_state":"ready"},{"id":"a2dp:C9:5C:FD:6E:28:46","present":false,"connected":false,"adapter":"hci1","adapter_address":"A0:AD:9F:73:6C:24","setup_state":"ready"},{"id":"a2dp:50:D7:1B:74:34:D6","present":false,"connected":false,"adapter":"hci1","adapter_address":"A0:AD:9F:73:6C:24","setup_state":"ready"},{"id":"a2dp:98:47:44:CD:73:DE","present":false,"connected":false,"adapter":"hci0","adapter_address":"B8:27:EB:43:8D:51","setup_state":"needs_setup"}]}}
/org/bluez/hci0/dev_98_47_44_CD_73_DE b true
/org/bluez/hci1/dev_98_47_44_CD_73_DE absent
2026-08-24T19:07:15,410751412-04:00
{"state":"CALL_DOWN","call":false,"output":{"desired":"wired:alsa_output.platform-3f00b840.mailbox.stereo-fallback","chosen":"wired:alsa_output.platform-3f00b840.mailbox.stereo-fallback","reason":"desired output is available","candidates":[{"id":"wired:alsa_output.platform-3f00b840.mailbox.stereo-fallback","present":true,"connected":true,"adapter":null,"adapter_address":null,"setup_state":"ready"},{"id":"a2dp:C9:5C:FD:6E:28:46","present":false,"connected":false,"adapter":"hci1","adapter_address":"A0:AD:9F:73:6C:24","setup_state":"ready"},{"id":"a2dp:50:D7:1B:74:34:D6","present":false,"connected":false,"adapter":"hci1","adapter_address":"A0:AD:9F:73:6C:24","setup_state":"ready"},{"id":"a2dp:98:47:44:CD:73:DE","present":false,"connected":false,"adapter":"hci0","adapter_address":"B8:27:EB:43:8D:51","setup_state":"needs_setup"}]}}
/org/bluez/hci0/dev_98_47_44_CD_73_DE b true
/org/bluez/hci1/dev_98_47_44_CD_73_DE absent
2026-08-24T19:07:16,483244433-04:00
{"state":"CALL_DOWN","call":false,"output":{"desired":"wired:alsa_output.platform-3f00b840.mailbox.stereo-fallback","chosen":"wired:alsa_output.platform-3f00b840.mailbox.stereo-fallback","reason":"desired output is available","candidates":[{"id":"wired:alsa_output.platform-3f00b840.mailbox.stereo-fallback","present":true,"connected":true,"adapter":null,"adapter_address":null,"setup_state":"ready"},{"id":"a2dp:C9:5C:FD:6E:28:46","present":false,"connected":false,"adapter":"hci1","adapter_address":"A0:AD:9F:73:6C:24","setup_state":"ready"},{"id":"a2dp:50:D7:1B:74:34:D6","present":false,"connected":false,"adapter":"hci1","adapter_address":"A0:AD:9F:73:6C:24","setup_state":"ready"},{"id":"a2dp:98:47:44:CD:73:DE","present":false,"connected":false,"adapter":"hci0","adapter_address":"B8:27:EB:43:8D:51","setup_state":"needs_setup"}]}}
/org/bluez/hci0/dev_98_47_44_CD_73_DE b true
/org/bluez/hci1/dev_98_47_44_CD_73_DE absent
2026-08-24T19:07:17,556373283-04:00
{"state":"CALL_DOWN","call":false,"output":{"desired":"wired:alsa_output.platform-3f00b840.mailbox.stereo-fallback","chosen":"wired:alsa_output.platform-3f00b840.mailbox.stereo-fallback","reason":"desired output is available","candidates":[{"id":"wired:alsa_output.platform-3f00b840.mailbox.stereo-fallback","present":true,"connected":true,"adapter":null,"adapter_address":null,"setup_state":"ready"},{"id":"a2dp:C9:5C:FD:6E:28:46","present":false,"connected":false,"adapter":"hci1","adapter_address":"A0:AD:9F:73:6C:24","setup_state":"ready"},{"id":"a2dp:50:D7:1B:74:34:D6","present":false,"connected":false,"adapter":"hci1","adapter_address":"A0:AD:9F:73:6C:24","setup_state":"ready"},{"id":"a2dp:98:47:44:CD:73:DE","present":false,"connected":false,"adapter":"hci0","adapter_address":"B8:27:EB:43:8D:51","setup_state":"needs_setup"}]}}
/org/bluez/hci0/dev_98_47_44_CD_73_DE b true
/org/bluez/hci1/dev_98_47_44_CD_73_DE absent
2026-08-24T19:07:18,630004266-04:00
{"state":"CALL_DOWN","call":false,"output":{"desired":"wired:alsa_output.platform-3f00b840.mailbox.stereo-fallback","chosen":"wired:alsa_output.platform-3f00b840.mailbox.stereo-fallback","reason":"desired output is available","candidates":[{"id":"wired:alsa_output.platform-3f00b840.mailbox.stereo-fallback","present":true,"connected":true,"adapter":null,"adapter_address":null,"setup_state":"ready"},{"id":"a2dp:C9:5C:FD:6E:28:46","present":false,"connected":false,"adapter":"hci1","adapter_address":"A0:AD:9F:73:6C:24","setup_state":"ready"},{"id":"a2dp:50:D7:1B:74:34:D6","present":false,"connected":false,"adapter":"hci1","adapter_address":"A0:AD:9F:73:6C:24","setup_state":"ready"},{"id":"a2dp:98:47:44:CD:73:DE","present":false,"connected":false,"adapter":"hci0","adapter_address":"B8:27:EB:43:8D:51","setup_state":"needs_setup"}]}}
/org/bluez/hci0/dev_98_47_44_CD_73_DE b true
/org/bluez/hci1/dev_98_47_44_CD_73_DE absent
2026-08-24T19:07:19,703581654-04:00
{"state":"CALL_DOWN","call":false,"output":{"desired":"wired:alsa_output.platform-3f00b840.mailbox.stereo-fallback","chosen":"wired:alsa_output.platform-3f00b840.mailbox.stereo-fallback","reason":"desired output is available","candidates":[{"id":"wired:alsa_output.platform-3f00b840.mailbox.stereo-fallback","present":true,"connected":true,"adapter":null,"adapter_address":null,"setup_state":"ready"},{"id":"a2dp:C9:5C:FD:6E:28:46","present":false,"connected":false,"adapter":"hci1","adapter_address":"A0:AD:9F:73:6C:24","setup_state":"ready"},{"id":"a2dp:50:D7:1B:74:34:D6","present":false,"connected":false,"adapter":"hci1","adapter_address":"A0:AD:9F:73:6C:24","setup_state":"ready"},{"id":"a2dp:98:47:44:CD:73:DE","present":false,"connected":false,"adapter":"hci0","adapter_address":"B8:27:EB:43:8D:51","setup_state":"needs_setup"}]}}
/org/bluez/hci0/dev_98_47_44_CD_73_DE b true
/org/bluez/hci1/dev_98_47_44_CD_73_DE absent
2026-08-24T19:07:20,787362371-04:00
{"state":"CALL_DOWN","call":false,"output":{"desired":"wired:alsa_output.platform-3f00b840.mailbox.stereo-fallback","chosen":"wired:alsa_output.platform-3f00b840.mailbox.stereo-fallback","reason":"desired output is available","candidates":[{"id":"wired:alsa_output.platform-3f00b840.mailbox.stereo-fallback","present":true,"connected":true,"adapter":null,"adapter_address":null,"setup_state":"ready"},{"id":"a2dp:C9:5C:FD:6E:28:46","present":false,"connected":false,"adapter":"hci1","adapter_address":"A0:AD:9F:73:6C:24","setup_state":"ready"},{"id":"a2dp:50:D7:1B:74:34:D6","present":false,"connected":false,"adapter":"hci1","adapter_address":"A0:AD:9F:73:6C:24","setup_state":"ready"},{"id":"a2dp:98:47:44:CD:73:DE","present":false,"connected":false,"adapter":"hci0","adapter_address":"B8:27:EB:43:8D:51","setup_state":"needs_setup"}]}}
/org/bluez/hci0/dev_98_47_44_CD_73_DE b true
/org/bluez/hci1/dev_98_47_44_CD_73_DE absent
2026-08-24T19:07:21,860381221-04:00
{"state":"CALL_DOWN","call":false,"output":{"desired":"wired:alsa_output.platform-3f00b840.mailbox.stereo-fallback","chosen":"wired:alsa_output.platform-3f00b840.mailbox.stereo-fallback","reason":"desired output is available","candidates":[{"id":"wired:alsa_output.platform-3f00b840.mailbox.stereo-fallback","present":true,"connected":true,"adapter":null,"adapter_address":null,"setup_state":"ready"},{"id":"a2dp:C9:5C:FD:6E:28:46","present":false,"connected":false,"adapter":"hci1","adapter_address":"A0:AD:9F:73:6C:24","setup_state":"ready"},{"id":"a2dp:50:D7:1B:74:34:D6","present":false,"connected":false,"adapter":"hci1","adapter_address":"A0:AD:9F:73:6C:24","setup_state":"ready"},{"id":"a2dp:98:47:44:CD:73:DE","present":false,"connected":false,"adapter":"hci0","adapter_address":"B8:27:EB:43:8D:51","setup_state":"needs_setup"}]}}
/org/bluez/hci0/dev_98_47_44_CD_73_DE b true
/org/bluez/hci1/dev_98_47_44_CD_73_DE absent
2026-08-24T19:07:22,950207110-04:00
{"state":"CALL_DOWN","call":false,"output":{"desired":"wired:alsa_output.platform-3f00b840.mailbox.stereo-fallback","chosen":"wired:alsa_output.platform-3f00b840.mailbox.stereo-fallback","reason":"desired output is available","candidates":[{"id":"wired:alsa_output.platform-3f00b840.mailbox.stereo-fallback","present":true,"connected":true,"adapter":null,"adapter_address":null,"setup_state":"ready"},{"id":"a2dp:C9:5C:FD:6E:28:46","present":false,"connected":false,"adapter":"hci1","adapter_address":"A0:AD:9F:73:6C:24","setup_state":"ready"},{"id":"a2dp:50:D7:1B:74:34:D6","present":false,"connected":false,"adapter":"hci1","adapter_address":"A0:AD:9F:73:6C:24","setup_state":"ready"},{"id":"a2dp:98:47:44:CD:73:DE","present":false,"connected":false,"adapter":"hci0","adapter_address":"B8:27:EB:43:8D:51","setup_state":"needs_setup"}]}}
/org/bluez/hci0/dev_98_47_44_CD_73_DE b true
/org/bluez/hci1/dev_98_47_44_CD_73_DE absent
2026-08-24T19:07:24,022921535-04:00
{"state":"CALL_DOWN","call":false,"output":{"desired":"wired:alsa_output.platform-3f00b840.mailbox.stereo-fallback","chosen":"wired:alsa_output.platform-3f00b840.mailbox.stereo-fallback","reason":"desired output is available","candidates":[{"id":"wired:alsa_output.platform-3f00b840.mailbox.stereo-fallback","present":true,"connected":true,"adapter":null,"adapter_address":null,"setup_state":"ready"},{"id":"a2dp:C9:5C:FD:6E:28:46","present":false,"connected":false,"adapter":"hci1","adapter_address":"A0:AD:9F:73:6C:24","setup_state":"ready"},{"id":"a2dp:50:D7:1B:74:34:D6","present":false,"connected":false,"adapter":"hci1","adapter_address":"A0:AD:9F:73:6C:24","setup_state":"ready"},{"id":"a2dp:98:47:44:CD:73:DE","present":false,"connected":false,"adapter":"hci0","adapter_address":"B8:27:EB:43:8D:51","setup_state":"needs_setup"}]}}
/org/bluez/hci0/dev_98_47_44_CD_73_DE b true
/org/bluez/hci1/dev_98_47_44_CD_73_DE absent
2026-08-24T19:07:25,106664854-04:00
{"state":"CALL_DOWN","call":false,"output":{"desired":"wired:alsa_output.platform-3f00b840.mailbox.stereo-fallback","chosen":"wired:alsa_output.platform-3f00b840.mailbox.stereo-fallback","reason":"desired output is available","candidates":[{"id":"wired:alsa_output.platform-3f00b840.mailbox.stereo-fallback","present":true,"connected":true,"adapter":null,"adapter_address":null,"setup_state":"ready"},{"id":"a2dp:C9:5C:FD:6E:28:46","present":false,"connected":false,"adapter":"hci1","adapter_address":"A0:AD:9F:73:6C:24","setup_state":"ready"},{"id":"a2dp:50:D7:1B:74:34:D6","present":false,"connected":false,"adapter":"hci1","adapter_address":"A0:AD:9F:73:6C:24","setup_state":"ready"},{"id":"a2dp:98:47:44:CD:73:DE","present":false,"connected":false,"adapter":"hci0","adapter_address":"B8:27:EB:43:8D:51","setup_state":"needs_setup"}]}}
/org/bluez/hci0/dev_98_47_44_CD_73_DE b true
/org/bluez/hci1/dev_98_47_44_CD_73_DE absent
2026-08-24T19:07:26,179516205-04:00
{"state":"CALL_DOWN","call":false,"output":{"desired":"wired:alsa_output.platform-3f00b840.mailbox.stereo-fallback","chosen":"wired:alsa_output.platform-3f00b840.mailbox.stereo-fallback","reason":"desired output is available","candidates":[{"id":"wired:alsa_output.platform-3f00b840.mailbox.stereo-fallback","present":true,"connected":true,"adapter":null,"adapter_address":null,"setup_state":"ready"},{"id":"a2dp:C9:5C:FD:6E:28:46","present":false,"connected":false,"adapter":"hci1","adapter_address":"A0:AD:9F:73:6C:24","setup_state":"ready"},{"id":"a2dp:50:D7:1B:74:34:D6","present":false,"connected":false,"adapter":"hci1","adapter_address":"A0:AD:9F:73:6C:24","setup_state":"ready"},{"id":"a2dp:98:47:44:CD:73:DE","present":false,"connected":false,"adapter":"hci0","adapter_address":"B8:27:EB:43:8D:51","setup_state":"needs_setup"}]}}
/org/bluez/hci0/dev_98_47_44_CD_73_DE b true
/org/bluez/hci1/dev_98_47_44_CD_73_DE absent
2026-08-24T19:07:27,264830765-04:00
{"state":"CALL_DOWN","call":false,"output":{"desired":"wired:alsa_output.platform-3f00b840.mailbox.stereo-fallback","chosen":"wired:alsa_output.platform-3f00b840.mailbox.stereo-fallback","reason":"desired output is available","candidates":[{"id":"wired:alsa_output.platform-3f00b840.mailbox.stereo-fallback","present":true,"connected":true,"adapter":null,"adapter_address":null,"setup_state":"ready"},{"id":"a2dp:C9:5C:FD:6E:28:46","present":false,"connected":false,"adapter":"hci1","adapter_address":"A0:AD:9F:73:6C:24","setup_state":"ready"},{"id":"a2dp:50:D7:1B:74:34:D6","present":false,"connected":false,"adapter":"hci1","adapter_address":"A0:AD:9F:73:6C:24","setup_state":"ready"},{"id":"a2dp:98:47:44:CD:73:DE","present":false,"connected":false,"adapter":"hci0","adapter_address":"B8:27:EB:43:8D:51","setup_state":"needs_setup"}]}}
/org/bluez/hci0/dev_98_47_44_CD_73_DE b true
/org/bluez/hci1/dev_98_47_44_CD_73_DE absent
2026-08-24T19:07:28,337345606-04:00
{"state":"CALL_DOWN","call":false,"output":{"desired":"wired:alsa_output.platform-3f00b840.mailbox.stereo-fallback","chosen":"wired:alsa_output.platform-3f00b840.mailbox.stereo-fallback","reason":"desired output is available","candidates":[{"id":"wired:alsa_output.platform-3f00b840.mailbox.stereo-fallback","present":true,"connected":true,"adapter":null,"adapter_address":null,"setup_state":"ready"},{"id":"a2dp:C9:5C:FD:6E:28:46","present":false,"connected":false,"adapter":"hci1","adapter_address":"A0:AD:9F:73:6C:24","setup_state":"ready"},{"id":"a2dp:50:D7:1B:74:34:D6","present":false,"connected":false,"adapter":"hci1","adapter_address":"A0:AD:9F:73:6C:24","setup_state":"ready"},{"id":"a2dp:98:47:44:CD:73:DE","present":false,"connected":false,"adapter":"hci0","adapter_address":"B8:27:EB:43:8D:51","setup_state":"needs_setup"}]}}
/org/bluez/hci0/dev_98_47_44_CD_73_DE b true
/org/bluez/hci1/dev_98_47_44_CD_73_DE absent
2026-08-24T19:07:29,420439866-04:00
{"state":"CALL_DOWN","call":false,"output":{"desired":"wired:alsa_output.platform-3f00b840.mailbox.stereo-fallback","chosen":"wired:alsa_output.platform-3f00b840.mailbox.stereo-fallback","reason":"desired output is available","candidates":[{"id":"wired:alsa_output.platform-3f00b840.mailbox.stereo-fallback","present":true,"connected":true,"adapter":null,"adapter_address":null,"setup_state":"ready"},{"id":"a2dp:C9:5C:FD:6E:28:46","present":false,"connected":false,"adapter":"hci1","adapter_address":"A0:AD:9F:73:6C:24","setup_state":"ready"},{"id":"a2dp:50:D7:1B:74:34:D6","present":false,"connected":false,"adapter":"hci1","adapter_address":"A0:AD:9F:73:6C:24","setup_state":"ready"},{"id":"a2dp:98:47:44:CD:73:DE","present":false,"connected":false,"adapter":"hci0","adapter_address":"B8:27:EB:43:8D:51","setup_state":"needs_setup"}]}}
/org/bluez/hci0/dev_98_47_44_CD_73_DE b true
/org/bluez/hci1/dev_98_47_44_CD_73_DE absent
2026-08-24T19:07:30,492690803-04:00
{"state":"CALL_DOWN","call":false,"output":{"desired":"wired:alsa_output.platform-3f00b840.mailbox.stereo-fallback","chosen":"wired:alsa_output.platform-3f00b840.mailbox.stereo-fallback","reason":"desired output is available","candidates":[{"id":"wired:alsa_output.platform-3f00b840.mailbox.stereo-fallback","present":true,"connected":true,"adapter":null,"adapter_address":null,"setup_state":"ready"},{"id":"a2dp:C9:5C:FD:6E:28:46","present":false,"connected":false,"adapter":"hci1","adapter_address":"A0:AD:9F:73:6C:24","setup_state":"ready"},{"id":"a2dp:50:D7:1B:74:34:D6","present":false,"connected":false,"adapter":"hci1","adapter_address":"A0:AD:9F:73:6C:24","setup_state":"ready"},{"id":"a2dp:98:47:44:CD:73:DE","present":false,"connected":false,"adapter":"hci0","adapter_address":"B8:27:EB:43:8D:51","setup_state":"needs_setup"}]}}
/org/bluez/hci0/dev_98_47_44_CD_73_DE b true
/org/bluez/hci1/dev_98_47_44_CD_73_DE absent
2026-08-24T19:07:31,565371059-04:00
{"state":"CALL_DOWN","call":false,"output":{"desired":"wired:alsa_output.platform-3f00b840.mailbox.stereo-fallback","chosen":"wired:alsa_output.platform-3f00b840.mailbox.stereo-fallback","reason":"desired output is available","candidates":[{"id":"wired:alsa_output.platform-3f00b840.mailbox.stereo-fallback","present":true,"connected":true,"adapter":null,"adapter_address":null,"setup_state":"ready"},{"id":"a2dp:C9:5C:FD:6E:28:46","present":false,"connected":false,"adapter":"hci1","adapter_address":"A0:AD:9F:73:6C:24","setup_state":"ready"},{"id":"a2dp:50:D7:1B:74:34:D6","present":false,"connected":false,"adapter":"hci1","adapter_address":"A0:AD:9F:73:6C:24","setup_state":"ready"},{"id":"a2dp:98:47:44:CD:73:DE","present":false,"connected":false,"adapter":"hci0","adapter_address":"B8:27:EB:43:8D:51","setup_state":"needs_setup"}]}}
/org/bluez/hci0/dev_98_47_44_CD_73_DE b true
/org/bluez/hci1/dev_98_47_44_CD_73_DE absent
2026-08-24T19:07:32,638156888-04:00
{"state":"CALL_DOWN","call":false,"output":{"desired":"wired:alsa_output.platform-3f00b840.mailbox.stereo-fallback","chosen":"wired:alsa_output.platform-3f00b840.mailbox.stereo-fallback","reason":"desired output is available","candidates":[{"id":"wired:alsa_output.platform-3f00b840.mailbox.stereo-fallback","present":true,"connected":true,"adapter":null,"adapter_address":null,"setup_state":"ready"},{"id":"a2dp:C9:5C:FD:6E:28:46","present":false,"connected":false,"adapter":"hci1","adapter_address":"A0:AD:9F:73:6C:24","setup_state":"ready"},{"id":"a2dp:50:D7:1B:74:34:D6","present":false,"connected":false,"adapter":"hci1","adapter_address":"A0:AD:9F:73:6C:24","setup_state":"ready"},{"id":"a2dp:98:47:44:CD:73:DE","present":false,"connected":false,"adapter":"hci0","adapter_address":"B8:27:EB:43:8D:51","setup_state":"needs_setup"}]}}
/org/bluez/hci0/dev_98_47_44_CD_73_DE b true
/org/bluez/hci1/dev_98_47_44_CD_73_DE absent
2026-08-24T19:07:33,711063340-04:00
{"state":"CALL_DOWN","call":false,"output":{"desired":"wired:alsa_output.platform-3f00b840.mailbox.stereo-fallback","chosen":"wired:alsa_output.platform-3f00b840.mailbox.stereo-fallback","reason":"desired output is available","candidates":[{"id":"wired:alsa_output.platform-3f00b840.mailbox.stereo-fallback","present":true,"connected":true,"adapter":null,"adapter_address":null,"setup_state":"ready"},{"id":"a2dp:C9:5C:FD:6E:28:46","present":false,"connected":false,"adapter":"hci1","adapter_address":"A0:AD:9F:73:6C:24","setup_state":"ready"},{"id":"a2dp:50:D7:1B:74:34:D6","present":false,"connected":false,"adapter":"hci1","adapter_address":"A0:AD:9F:73:6C:24","setup_state":"ready"},{"id":"a2dp:98:47:44:CD:73:DE","present":false,"connected":false,"adapter":"hci0","adapter_address":"B8:27:EB:43:8D:51","setup_state":"needs_setup"}]}}
/org/bluez/hci0/dev_98_47_44_CD_73_DE b true
/org/bluez/hci1/dev_98_47_44_CD_73_DE absent
2026-08-24T19:07:34,784158334-04:00
{"state":"CALL_DOWN","call":false,"output":{"desired":"wired:alsa_output.platform-3f00b840.mailbox.stereo-fallback","chosen":"wired:alsa_output.platform-3f00b840.mailbox.stereo-fallback","reason":"desired output is available","candidates":[{"id":"wired:alsa_output.platform-3f00b840.mailbox.stereo-fallback","present":true,"connected":true,"adapter":null,"adapter_address":null,"setup_state":"ready"},{"id":"a2dp:C9:5C:FD:6E:28:46","present":false,"connected":false,"adapter":"hci1","adapter_address":"A0:AD:9F:73:6C:24","setup_state":"ready"},{"id":"a2dp:50:D7:1B:74:34:D6","present":false,"connected":false,"adapter":"hci1","adapter_address":"A0:AD:9F:73:6C:24","setup_state":"ready"},{"id":"a2dp:98:47:44:CD:73:DE","present":false,"connected":false,"adapter":"hci0","adapter_address":"B8:27:EB:43:8D:51","setup_state":"needs_setup"}]}}
/org/bluez/hci0/dev_98_47_44_CD_73_DE b true
/org/bluez/hci1/dev_98_47_44_CD_73_DE absent
2026-08-24T19:07:35,857381659-04:00
{"state":"CALL_DOWN","call":false,"output":{"desired":"wired:alsa_output.platform-3f00b840.mailbox.stereo-fallback","chosen":"wired:alsa_output.platform-3f00b840.mailbox.stereo-fallback","reason":"desired output is available","candidates":[{"id":"wired:alsa_output.platform-3f00b840.mailbox.stereo-fallback","present":true,"connected":true,"adapter":null,"adapter_address":null,"setup_state":"ready"},{"id":"a2dp:C9:5C:FD:6E:28:46","present":false,"connected":false,"adapter":"hci1","adapter_address":"A0:AD:9F:73:6C:24","setup_state":"ready"},{"id":"a2dp:50:D7:1B:74:34:D6","present":false,"connected":false,"adapter":"hci1","adapter_address":"A0:AD:9F:73:6C:24","setup_state":"ready"},{"id":"a2dp:98:47:44:CD:73:DE","present":false,"connected":false,"adapter":"hci0","adapter_address":"B8:27:EB:43:8D:51","setup_state":"needs_setup"}]}}
/org/bluez/hci0/dev_98_47_44_CD_73_DE b true
/org/bluez/hci1/dev_98_47_44_CD_73_DE absent
2026-08-24T19:07:36,929943217-04:00
{"state":"CALL_DOWN","call":false,"output":{"desired":"wired:alsa_output.platform-3f00b840.mailbox.stereo-fallback","chosen":"wired:alsa_output.platform-3f00b840.mailbox.stereo-fallback","reason":"desired output is available","candidates":[{"id":"wired:alsa_output.platform-3f00b840.mailbox.stereo-fallback","present":true,"connected":true,"adapter":null,"adapter_address":null,"setup_state":"ready"},{"id":"a2dp:C9:5C:FD:6E:28:46","present":false,"connected":false,"adapter":"hci1","adapter_address":"A0:AD:9F:73:6C:24","setup_state":"ready"},{"id":"a2dp:50:D7:1B:74:34:D6","present":false,"connected":false,"adapter":"hci1","adapter_address":"A0:AD:9F:73:6C:24","setup_state":"ready"},{"id":"a2dp:98:47:44:CD:73:DE","present":false,"connected":false,"adapter":"hci0","adapter_address":"B8:27:EB:43:8D:51","setup_state":"needs_setup"}]}}
/org/bluez/hci0/dev_98_47_44_CD_73_DE b true
/org/bluez/hci1/dev_98_47_44_CD_73_DE absent
2026-08-24T19:07:38,003184459-04:00
{"state":"CALL_DOWN","call":false,"output":{"desired":"wired:alsa_output.platform-3f00b840.mailbox.stereo-fallback","chosen":"wired:alsa_output.platform-3f00b840.mailbox.stereo-fallback","reason":"desired output is available","candidates":[{"id":"wired:alsa_output.platform-3f00b840.mailbox.stereo-fallback","present":true,"connected":true,"adapter":null,"adapter_address":null,"setup_state":"ready"},{"id":"a2dp:C9:5C:FD:6E:28:46","present":false,"connected":false,"adapter":"hci1","adapter_address":"A0:AD:9F:73:6C:24","setup_state":"ready"},{"id":"a2dp:50:D7:1B:74:34:D6","present":false,"connected":false,"adapter":"hci1","adapter_address":"A0:AD:9F:73:6C:24","setup_state":"ready"},{"id":"a2dp:98:47:44:CD:73:DE","present":false,"connected":false,"adapter":"hci0","adapter_address":"B8:27:EB:43:8D:51","setup_state":"needs_setup"}]}}
/org/bluez/hci0/dev_98_47_44_CD_73_DE b true
/org/bluez/hci1/dev_98_47_44_CD_73_DE absent
2026-08-24T19:07:39,075938464-04:00
{"state":"CALL_DOWN","call":false,"output":{"desired":"wired:alsa_output.platform-3f00b840.mailbox.stereo-fallback","chosen":"wired:alsa_output.platform-3f00b840.mailbox.stereo-fallback","reason":"desired output is available","candidates":[{"id":"wired:alsa_output.platform-3f00b840.mailbox.stereo-fallback","present":true,"connected":true,"adapter":null,"adapter_address":null,"setup_state":"ready"},{"id":"a2dp:C9:5C:FD:6E:28:46","present":false,"connected":false,"adapter":"hci1","adapter_address":"A0:AD:9F:73:6C:24","setup_state":"ready"},{"id":"a2dp:50:D7:1B:74:34:D6","present":false,"connected":false,"adapter":"hci1","adapter_address":"A0:AD:9F:73:6C:24","setup_state":"ready"},{"id":"a2dp:98:47:44:CD:73:DE","present":false,"connected":false,"adapter":"hci0","adapter_address":"B8:27:EB:43:8D:51","setup_state":"needs_setup"}]}}
/org/bluez/hci0/dev_98_47_44_CD_73_DE b true
/org/bluez/hci1/dev_98_47_44_CD_73_DE absent
2026-08-24T19:07:40,148597625-04:00
{"state":"CALL_DOWN","call":false,"output":{"desired":"wired:alsa_output.platform-3f00b840.mailbox.stereo-fallback","chosen":"wired:alsa_output.platform-3f00b840.mailbox.stereo-fallback","reason":"desired output is available","candidates":[{"id":"wired:alsa_output.platform-3f00b840.mailbox.stereo-fallback","present":true,"connected":true,"adapter":null,"adapter_address":null,"setup_state":"ready"},{"id":"a2dp:C9:5C:FD:6E:28:46","present":false,"connected":false,"adapter":"hci1","adapter_address":"A0:AD:9F:73:6C:24","setup_state":"ready"},{"id":"a2dp:50:D7:1B:74:34:D6","present":false,"connected":false,"adapter":"hci1","adapter_address":"A0:AD:9F:73:6C:24","setup_state":"ready"},{"id":"a2dp:98:47:44:CD:73:DE","present":false,"connected":false,"adapter":"hci0","adapter_address":"B8:27:EB:43:8D:51","setup_state":"needs_setup"}]}}
/org/bluez/hci0/dev_98_47_44_CD_73_DE b true
/org/bluez/hci1/dev_98_47_44_CD_73_DE absent
2026-08-24T19:07:41,221151110-04:00
{"state":"CALL_DOWN","call":false,"output":{"desired":"wired:alsa_output.platform-3f00b840.mailbox.stereo-fallback","chosen":"wired:alsa_output.platform-3f00b840.mailbox.stereo-fallback","reason":"desired output is available","candidates":[{"id":"wired:alsa_output.platform-3f00b840.mailbox.stereo-fallback","present":true,"connected":true,"adapter":null,"adapter_address":null,"setup_state":"ready"},{"id":"a2dp:C9:5C:FD:6E:28:46","present":false,"connected":false,"adapter":"hci1","adapter_address":"A0:AD:9F:73:6C:24","setup_state":"ready"},{"id":"a2dp:50:D7:1B:74:34:D6","present":false,"connected":false,"adapter":"hci1","adapter_address":"A0:AD:9F:73:6C:24","setup_state":"ready"},{"id":"a2dp:98:47:44:CD:73:DE","present":false,"connected":false,"adapter":"hci0","adapter_address":"B8:27:EB:43:8D:51","setup_state":"needs_setup"}]}}
/org/bluez/hci0/dev_98_47_44_CD_73_DE b true
/org/bluez/hci1/dev_98_47_44_CD_73_DE absent
2026-08-24T19:07:42,294096050-04:00
{"state":"CALL_DOWN","call":false,"output":{"desired":"wired:alsa_output.platform-3f00b840.mailbox.stereo-fallback","chosen":"wired:alsa_output.platform-3f00b840.mailbox.stereo-fallback","reason":"desired output is available","candidates":[{"id":"wired:alsa_output.platform-3f00b840.mailbox.stereo-fallback","present":true,"connected":true,"adapter":null,"adapter_address":null,"setup_state":"ready"},{"id":"a2dp:C9:5C:FD:6E:28:46","present":false,"connected":false,"adapter":"hci1","adapter_address":"A0:AD:9F:73:6C:24","setup_state":"ready"},{"id":"a2dp:50:D7:1B:74:34:D6","present":false,"connected":false,"adapter":"hci1","adapter_address":"A0:AD:9F:73:6C:24","setup_state":"ready"},{"id":"a2dp:98:47:44:CD:73:DE","present":false,"connected":false,"adapter":"hci0","adapter_address":"B8:27:EB:43:8D:51","setup_state":"needs_setup"}]}}
/org/bluez/hci0/dev_98_47_44_CD_73_DE b true
/org/bluez/hci1/dev_98_47_44_CD_73_DE absent
2026-08-24T19:07:43,366775940-04:00
{"state":"CALL_DOWN","call":false,"output":{"desired":"wired:alsa_output.platform-3f00b840.mailbox.stereo-fallback","chosen":"wired:alsa_output.platform-3f00b840.mailbox.stereo-fallback","reason":"desired output is available","candidates":[{"id":"wired:alsa_output.platform-3f00b840.mailbox.stereo-fallback","present":true,"connected":true,"adapter":null,"adapter_address":null,"setup_state":"ready"},{"id":"a2dp:C9:5C:FD:6E:28:46","present":false,"connected":false,"adapter":"hci1","adapter_address":"A0:AD:9F:73:6C:24","setup_state":"ready"},{"id":"a2dp:50:D7:1B:74:34:D6","present":false,"connected":false,"adapter":"hci1","adapter_address":"A0:AD:9F:73:6C:24","setup_state":"ready"},{"id":"a2dp:98:47:44:CD:73:DE","present":false,"connected":false,"adapter":"hci0","adapter_address":"B8:27:EB:43:8D:51","setup_state":"needs_setup"}]}}
/org/bluez/hci0/dev_98_47_44_CD_73_DE b true
/org/bluez/hci1/dev_98_47_44_CD_73_DE absent
2026-08-24T19:07:44,439739370-04:00
{"state":"CALL_DOWN","call":false,"output":{"desired":"wired:alsa_output.platform-3f00b840.mailbox.stereo-fallback","chosen":"wired:alsa_output.platform-3f00b840.mailbox.stereo-fallback","reason":"desired output is available","candidates":[{"id":"wired:alsa_output.platform-3f00b840.mailbox.stereo-fallback","present":true,"connected":true,"adapter":null,"adapter_address":null,"setup_state":"ready"},{"id":"a2dp:C9:5C:FD:6E:28:46","present":false,"connected":false,"adapter":"hci1","adapter_address":"A0:AD:9F:73:6C:24","setup_state":"ready"},{"id":"a2dp:50:D7:1B:74:34:D6","present":false,"connected":false,"adapter":"hci1","adapter_address":"A0:AD:9F:73:6C:24","setup_state":"ready"},{"id":"a2dp:98:47:44:CD:73:DE","present":false,"connected":false,"adapter":"hci0","adapter_address":"B8:27:EB:43:8D:51","setup_state":"needs_setup"}]}}
/org/bluez/hci0/dev_98_47_44_CD_73_DE b true
/org/bluez/hci1/dev_98_47_44_CD_73_DE absent
2026-08-24T19:07:45,512672747-04:00
{"state":"CALL_DOWN","call":false,"output":{"desired":"wired:alsa_output.platform-3f00b840.mailbox.stereo-fallback","chosen":"wired:alsa_output.platform-3f00b840.mailbox.stereo-fallback","reason":"desired output is available","candidates":[{"id":"wired:alsa_output.platform-3f00b840.mailbox.stereo-fallback","present":true,"connected":true,"adapter":null,"adapter_address":null,"setup_state":"ready"},{"id":"a2dp:C9:5C:FD:6E:28:46","present":false,"connected":false,"adapter":"hci1","adapter_address":"A0:AD:9F:73:6C:24","setup_state":"ready"},{"id":"a2dp:50:D7:1B:74:34:D6","present":false,"connected":false,"adapter":"hci1","adapter_address":"A0:AD:9F:73:6C:24","setup_state":"ready"},{"id":"a2dp:98:47:44:CD:73:DE","present":false,"connected":false,"adapter":"hci0","adapter_address":"B8:27:EB:43:8D:51","setup_state":"needs_setup"}]}}
/org/bluez/hci0/dev_98_47_44_CD_73_DE b true
/org/bluez/hci1/dev_98_47_44_CD_73_DE absent
2026-08-24T19:07:46,585660395-04:00
{"state":"CALL_DOWN","call":false,"output":{"desired":"wired:alsa_output.platform-3f00b840.mailbox.stereo-fallback","chosen":"wired:alsa_output.platform-3f00b840.mailbox.stereo-fallback","reason":"desired output is available","candidates":[{"id":"wired:alsa_output.platform-3f00b840.mailbox.stereo-fallback","present":true,"connected":true,"adapter":null,"adapter_address":null,"setup_state":"ready"},{"id":"a2dp:C9:5C:FD:6E:28:46","present":false,"connected":false,"adapter":"hci1","adapter_address":"A0:AD:9F:73:6C:24","setup_state":"ready"},{"id":"a2dp:50:D7:1B:74:34:D6","present":false,"connected":false,"adapter":"hci1","adapter_address":"A0:AD:9F:73:6C:24","setup_state":"ready"},{"id":"a2dp:98:47:44:CD:73:DE","present":false,"connected":false,"adapter":"hci0","adapter_address":"B8:27:EB:43:8D:51","setup_state":"needs_setup"}]}}
/org/bluez/hci0/dev_98_47_44_CD_73_DE b true
/org/bluez/hci1/dev_98_47_44_CD_73_DE absent
2026-08-24T19:07:47,658513981-04:00
{"state":"CALL_DOWN","call":false,"output":{"desired":"wired:alsa_output.platform-3f00b840.mailbox.stereo-fallback","chosen":"wired:alsa_output.platform-3f00b840.mailbox.stereo-fallback","reason":"desired output is available","candidates":[{"id":"wired:alsa_output.platform-3f00b840.mailbox.stereo-fallback","present":true,"connected":true,"adapter":null,"adapter_address":null,"setup_state":"ready"},{"id":"a2dp:C9:5C:FD:6E:28:46","present":false,"connected":false,"adapter":"hci1","adapter_address":"A0:AD:9F:73:6C:24","setup_state":"ready"},{"id":"a2dp:50:D7:1B:74:34:D6","present":false,"connected":false,"adapter":"hci1","adapter_address":"A0:AD:9F:73:6C:24","setup_state":"ready"},{"id":"a2dp:98:47:44:CD:73:DE","present":false,"connected":false,"adapter":"hci0","adapter_address":"B8:27:EB:43:8D:51","setup_state":"needs_setup"}]}}
/org/bluez/hci0/dev_98_47_44_CD_73_DE b true
/org/bluez/hci1/dev_98_47_44_CD_73_DE absent
2026-08-24T19:07:48,731190120-04:00
{"state":"CALL_DOWN","call":false,"output":{"desired":"wired:alsa_output.platform-3f00b840.mailbox.stereo-fallback","chosen":"wired:alsa_output.platform-3f00b840.mailbox.stereo-fallback","reason":"desired output is available","candidates":[{"id":"wired:alsa_output.platform-3f00b840.mailbox.stereo-fallback","present":true,"connected":true,"adapter":null,"adapter_address":null,"setup_state":"ready"},{"id":"a2dp:C9:5C:FD:6E:28:46","present":false,"connected":false,"adapter":"hci1","adapter_address":"A0:AD:9F:73:6C:24","setup_state":"ready"},{"id":"a2dp:50:D7:1B:74:34:D6","present":false,"connected":false,"adapter":"hci1","adapter_address":"A0:AD:9F:73:6C:24","setup_state":"ready"},{"id":"a2dp:98:47:44:CD:73:DE","present":false,"connected":false,"adapter":"hci0","adapter_address":"B8:27:EB:43:8D:51","setup_state":"needs_setup"}]}}
/org/bluez/hci0/dev_98_47_44_CD_73_DE b true
/org/bluez/hci1/dev_98_47_44_CD_73_DE absent
2026-08-24T19:07:49,804384016-04:00
{"state":"CALL_DOWN","call":false,"output":{"desired":"wired:alsa_output.platform-3f00b840.mailbox.stereo-fallback","chosen":"wired:alsa_output.platform-3f00b840.mailbox.stereo-fallback","reason":"desired output is available","candidates":[{"id":"wired:alsa_output.platform-3f00b840.mailbox.stereo-fallback","present":true,"connected":true,"adapter":null,"adapter_address":null,"setup_state":"ready"},{"id":"a2dp:C9:5C:FD:6E:28:46","present":false,"connected":false,"adapter":"hci1","adapter_address":"A0:AD:9F:73:6C:24","setup_state":"ready"},{"id":"a2dp:50:D7:1B:74:34:D6","present":false,"connected":false,"adapter":"hci1","adapter_address":"A0:AD:9F:73:6C:24","setup_state":"ready"},{"id":"a2dp:98:47:44:CD:73:DE","present":false,"connected":false,"adapter":"hci0","adapter_address":"B8:27:EB:43:8D:51","setup_state":"needs_setup"}]}}
/org/bluez/hci0/dev_98_47_44_CD_73_DE b true
/org/bluez/hci1/dev_98_47_44_CD_73_DE absent
2026-08-24T19:07:50,889209356-04:00
{"state":"CALL_DOWN","call":false,"output":{"desired":"wired:alsa_output.platform-3f00b840.mailbox.stereo-fallback","chosen":"wired:alsa_output.platform-3f00b840.mailbox.stereo-fallback","reason":"desired output is available","candidates":[{"id":"wired:alsa_output.platform-3f00b840.mailbox.stereo-fallback","present":true,"connected":true,"adapter":null,"adapter_address":null,"setup_state":"ready"},{"id":"a2dp:C9:5C:FD:6E:28:46","present":false,"connected":false,"adapter":"hci1","adapter_address":"A0:AD:9F:73:6C:24","setup_state":"ready"},{"id":"a2dp:50:D7:1B:74:34:D6","present":false,"connected":false,"adapter":"hci1","adapter_address":"A0:AD:9F:73:6C:24","setup_state":"ready"},{"id":"a2dp:98:47:44:CD:73:DE","present":false,"connected":false,"adapter":"hci0","adapter_address":"B8:27:EB:43:8D:51","setup_state":"needs_setup"}]}}
/org/bluez/hci0/dev_98_47_44_CD_73_DE b true
/org/bluez/hci1/dev_98_47_44_CD_73_DE absent
2026-08-24T19:07:51,997647271-04:00
{"state":"CALL_DOWN","call":false,"output":{"desired":"wired:alsa_output.platform-3f00b840.mailbox.stereo-fallback","chosen":"wired:alsa_output.platform-3f00b840.mailbox.stereo-fallback","reason":"desired output is available","candidates":[{"id":"wired:alsa_output.platform-3f00b840.mailbox.stereo-fallback","present":true,"connected":true,"adapter":null,"adapter_address":null,"setup_state":"ready"},{"id":"a2dp:C9:5C:FD:6E:28:46","present":false,"connected":false,"adapter":"hci1","adapter_address":"A0:AD:9F:73:6C:24","setup_state":"ready"},{"id":"a2dp:50:D7:1B:74:34:D6","present":false,"connected":false,"adapter":"hci1","adapter_address":"A0:AD:9F:73:6C:24","setup_state":"ready"},{"id":"a2dp:98:47:44:CD:73:DE","present":false,"connected":false,"adapter":"hci0","adapter_address":"B8:27:EB:43:8D:51","setup_state":"needs_setup"}]}}
/org/bluez/hci0/dev_98_47_44_CD_73_DE b true
/org/bluez/hci1/dev_98_47_44_CD_73_DE absent
2026-08-24T19:07:53,070768979-04:00
{"state":"CALL_DOWN","call":false,"output":{"desired":"wired:alsa_output.platform-3f00b840.mailbox.stereo-fallback","chosen":"wired:alsa_output.platform-3f00b840.mailbox.stereo-fallback","reason":"desired output is available","candidates":[{"id":"wired:alsa_output.platform-3f00b840.mailbox.stereo-fallback","present":true,"connected":true,"adapter":null,"adapter_address":null,"setup_state":"ready"},{"id":"a2dp:C9:5C:FD:6E:28:46","present":false,"connected":false,"adapter":"hci1","adapter_address":"A0:AD:9F:73:6C:24","setup_state":"ready"},{"id":"a2dp:50:D7:1B:74:34:D6","present":false,"connected":false,"adapter":"hci1","adapter_address":"A0:AD:9F:73:6C:24","setup_state":"ready"},{"id":"a2dp:98:47:44:CD:73:DE","present":false,"connected":false,"adapter":"hci0","adapter_address":"B8:27:EB:43:8D:51","setup_state":"needs_setup"}]}}
/org/bluez/hci0/dev_98_47_44_CD_73_DE b true
/org/bluez/hci1/dev_98_47_44_CD_73_DE absent
2026-08-24T19:07:54,143627356-04:00
{"state":"CALL_DOWN","call":false,"output":{"desired":"wired:alsa_output.platform-3f00b840.mailbox.stereo-fallback","chosen":"wired:alsa_output.platform-3f00b840.mailbox.stereo-fallback","reason":"desired output is available","candidates":[{"id":"wired:alsa_output.platform-3f00b840.mailbox.stereo-fallback","present":true,"connected":true,"adapter":null,"adapter_address":null,"setup_state":"ready"},{"id":"a2dp:C9:5C:FD:6E:28:46","present":false,"connected":false,"adapter":"hci1","adapter_address":"A0:AD:9F:73:6C:24","setup_state":"ready"},{"id":"a2dp:50:D7:1B:74:34:D6","present":false,"connected":false,"adapter":"hci1","adapter_address":"A0:AD:9F:73:6C:24","setup_state":"ready"},{"id":"a2dp:98:47:44:CD:73:DE","present":false,"connected":false,"adapter":"hci0","adapter_address":"B8:27:EB:43:8D:51","setup_state":"needs_setup"}]}}
/org/bluez/hci0/dev_98_47_44_CD_73_DE b true
/org/bluez/hci1/dev_98_47_44_CD_73_DE absent
2026-08-24T19:07:55,216411982-04:00
{"state":"CALL_DOWN","call":false,"output":{"desired":"wired:alsa_output.platform-3f00b840.mailbox.stereo-fallback","chosen":"wired:alsa_output.platform-3f00b840.mailbox.stereo-fallback","reason":"desired output is available","candidates":[{"id":"wired:alsa_output.platform-3f00b840.mailbox.stereo-fallback","present":true,"connected":true,"adapter":null,"adapter_address":null,"setup_state":"ready"},{"id":"a2dp:C9:5C:FD:6E:28:46","present":false,"connected":false,"adapter":"hci1","adapter_address":"A0:AD:9F:73:6C:24","setup_state":"ready"},{"id":"a2dp:50:D7:1B:74:34:D6","present":false,"connected":false,"adapter":"hci1","adapter_address":"A0:AD:9F:73:6C:24","setup_state":"ready"},{"id":"a2dp:98:47:44:CD:73:DE","present":false,"connected":false,"adapter":"hci0","adapter_address":"B8:27:EB:43:8D:51","setup_state":"needs_setup"}]}}
/org/bluez/hci0/dev_98_47_44_CD_73_DE b true
/org/bluez/hci1/dev_98_47_44_CD_73_DE absent
2026-08-24T19:07:56,289295775-04:00
{"state":"CALL_DOWN","call":false,"output":{"desired":"wired:alsa_output.platform-3f00b840.mailbox.stereo-fallback","chosen":"wired:alsa_output.platform-3f00b840.mailbox.stereo-fallback","reason":"desired output is available","candidates":[{"id":"wired:alsa_output.platform-3f00b840.mailbox.stereo-fallback","present":true,"connected":true,"adapter":null,"adapter_address":null,"setup_state":"ready"},{"id":"a2dp:C9:5C:FD:6E:28:46","present":false,"connected":false,"adapter":"hci1","adapter_address":"A0:AD:9F:73:6C:24","setup_state":"ready"},{"id":"a2dp:50:D7:1B:74:34:D6","present":false,"connected":false,"adapter":"hci1","adapter_address":"A0:AD:9F:73:6C:24","setup_state":"ready"},{"id":"a2dp:98:47:44:CD:73:DE","present":false,"connected":false,"adapter":"hci0","adapter_address":"B8:27:EB:43:8D:51","setup_state":"needs_setup"}]}}
/org/bluez/hci0/dev_98_47_44_CD_73_DE b true
/org/bluez/hci1/dev_98_47_44_CD_73_DE absent
2026-08-24T19:07:57,362295765-04:00
{"state":"CALL_DOWN","call":false,"output":{"desired":"wired:alsa_output.platform-3f00b840.mailbox.stereo-fallback","chosen":"wired:alsa_output.platform-3f00b840.mailbox.stereo-fallback","reason":"desired output is available","candidates":[{"id":"wired:alsa_output.platform-3f00b840.mailbox.stereo-fallback","present":true,"connected":true,"adapter":null,"adapter_address":null,"setup_state":"ready"},{"id":"a2dp:C9:5C:FD:6E:28:46","present":false,"connected":false,"adapter":"hci1","adapter_address":"A0:AD:9F:73:6C:24","setup_state":"ready"},{"id":"a2dp:50:D7:1B:74:34:D6","present":false,"connected":false,"adapter":"hci1","adapter_address":"A0:AD:9F:73:6C:24","setup_state":"ready"},{"id":"a2dp:98:47:44:CD:73:DE","present":false,"connected":false,"adapter":"hci0","adapter_address":"B8:27:EB:43:8D:51","setup_state":"needs_setup"}]}}
/org/bluez/hci0/dev_98_47_44_CD_73_DE b true
/org/bluez/hci1/dev_98_47_44_CD_73_DE absent
2026-08-24T19:07:58,435128359-04:00
{"state":"CALL_DOWN","call":false,"output":{"desired":"wired:alsa_output.platform-3f00b840.mailbox.stereo-fallback","chosen":"wired:alsa_output.platform-3f00b840.mailbox.stereo-fallback","reason":"desired output is available","candidates":[{"id":"wired:alsa_output.platform-3f00b840.mailbox.stereo-fallback","present":true,"connected":true,"adapter":null,"adapter_address":null,"setup_state":"ready"},{"id":"a2dp:C9:5C:FD:6E:28:46","present":false,"connected":false,"adapter":"hci1","adapter_address":"A0:AD:9F:73:6C:24","setup_state":"ready"},{"id":"a2dp:50:D7:1B:74:34:D6","present":false,"connected":false,"adapter":"hci1","adapter_address":"A0:AD:9F:73:6C:24","setup_state":"ready"},{"id":"a2dp:98:47:44:CD:73:DE","present":false,"connected":false,"adapter":"hci0","adapter_address":"B8:27:EB:43:8D:51","setup_state":"needs_setup"}]}}
/org/bluez/hci0/dev_98_47_44_CD_73_DE b true
/org/bluez/hci1/dev_98_47_44_CD_73_DE absent
2026-08-24T19:07:59,508234546-04:00
{"state":"CALL_DOWN","call":false,"output":{"desired":"wired:alsa_output.platform-3f00b840.mailbox.stereo-fallback","chosen":"wired:alsa_output.platform-3f00b840.mailbox.stereo-fallback","reason":"desired output is available","candidates":[{"id":"wired:alsa_output.platform-3f00b840.mailbox.stereo-fallback","present":true,"connected":true,"adapter":null,"adapter_address":null,"setup_state":"ready"},{"id":"a2dp:C9:5C:FD:6E:28:46","present":false,"connected":false,"adapter":"hci1","adapter_address":"A0:AD:9F:73:6C:24","setup_state":"ready"},{"id":"a2dp:50:D7:1B:74:34:D6","present":false,"connected":false,"adapter":"hci1","adapter_address":"A0:AD:9F:73:6C:24","setup_state":"ready"},{"id":"a2dp:98:47:44:CD:73:DE","present":false,"connected":false,"adapter":"hci0","adapter_address":"B8:27:EB:43:8D:51","setup_state":"needs_setup"}]}}
/org/bluez/hci0/dev_98_47_44_CD_73_DE b true
/org/bluez/hci1/dev_98_47_44_CD_73_DE absent
2026-08-24T19:08:00,581286306-04:00
{"state":"CALL_DOWN","call":false,"output":{"desired":"wired:alsa_output.platform-3f00b840.mailbox.stereo-fallback","chosen":"wired:alsa_output.platform-3f00b840.mailbox.stereo-fallback","reason":"desired output is available","candidates":[{"id":"wired:alsa_output.platform-3f00b840.mailbox.stereo-fallback","present":true,"connected":true,"adapter":null,"adapter_address":null,"setup_state":"ready"},{"id":"a2dp:C9:5C:FD:6E:28:46","present":false,"connected":false,"adapter":"hci1","adapter_address":"A0:AD:9F:73:6C:24","setup_state":"ready"},{"id":"a2dp:50:D7:1B:74:34:D6","present":false,"connected":false,"adapter":"hci1","adapter_address":"A0:AD:9F:73:6C:24","setup_state":"ready"},{"id":"a2dp:98:47:44:CD:73:DE","present":false,"connected":false,"adapter":"hci0","adapter_address":"B8:27:EB:43:8D:51","setup_state":"needs_setup"}]}}
/org/bluez/hci0/dev_98_47_44_CD_73_DE b true
/org/bluez/hci1/dev_98_47_44_CD_73_DE absent
2026-08-24T19:08:01,656499355-04:00
{"state":"CALL_DOWN","call":false,"output":{"desired":"wired:alsa_output.platform-3f00b840.mailbox.stereo-fallback","chosen":"wired:alsa_output.platform-3f00b840.mailbox.stereo-fallback","reason":"desired output is available","candidates":[{"id":"wired:alsa_output.platform-3f00b840.mailbox.stereo-fallback","present":true,"connected":true,"adapter":null,"adapter_address":null,"setup_state":"ready"},{"id":"a2dp:C9:5C:FD:6E:28:46","present":false,"connected":false,"adapter":"hci1","adapter_address":"A0:AD:9F:73:6C:24","setup_state":"ready"},{"id":"a2dp:50:D7:1B:74:34:D6","present":false,"connected":false,"adapter":"hci1","adapter_address":"A0:AD:9F:73:6C:24","setup_state":"ready"},{"id":"a2dp:98:47:44:CD:73:DE","present":false,"connected":false,"adapter":"hci0","adapter_address":"B8:27:EB:43:8D:51","setup_state":"needs_setup"}]}}
/org/bluez/hci0/dev_98_47_44_CD_73_DE b true
/org/bluez/hci1/dev_98_47_44_CD_73_DE absent
2026-08-24T19:08:02,730180069-04:00
{"state":"CALL_DOWN","call":false,"output":{"desired":"wired:alsa_output.platform-3f00b840.mailbox.stereo-fallback","chosen":"wired:alsa_output.platform-3f00b840.mailbox.stereo-fallback","reason":"desired output is available","candidates":[{"id":"wired:alsa_output.platform-3f00b840.mailbox.stereo-fallback","present":true,"connected":true,"adapter":null,"adapter_address":null,"setup_state":"ready"},{"id":"a2dp:C9:5C:FD:6E:28:46","present":false,"connected":false,"adapter":"hci1","adapter_address":"A0:AD:9F:73:6C:24","setup_state":"ready"},{"id":"a2dp:50:D7:1B:74:34:D6","present":false,"connected":false,"adapter":"hci1","adapter_address":"A0:AD:9F:73:6C:24","setup_state":"ready"},{"id":"a2dp:98:47:44:CD:73:DE","present":false,"connected":false,"adapter":"hci0","adapter_address":"B8:27:EB:43:8D:51","setup_state":"needs_setup"}]}}
/org/bluez/hci0/dev_98_47_44_CD_73_DE b true
/org/bluez/hci1/dev_98_47_44_CD_73_DE absent
2026-08-24T19:08:03,805964365-04:00
{"state":"CALL_DOWN","call":false,"output":{"desired":"wired:alsa_output.platform-3f00b840.mailbox.stereo-fallback","chosen":"wired:alsa_output.platform-3f00b840.mailbox.stereo-fallback","reason":"desired output is available","candidates":[{"id":"wired:alsa_output.platform-3f00b840.mailbox.stereo-fallback","present":true,"connected":true,"adapter":null,"adapter_address":null,"setup_state":"ready"},{"id":"a2dp:C9:5C:FD:6E:28:46","present":false,"connected":false,"adapter":"hci1","adapter_address":"A0:AD:9F:73:6C:24","setup_state":"ready"},{"id":"a2dp:50:D7:1B:74:34:D6","present":false,"connected":false,"adapter":"hci1","adapter_address":"A0:AD:9F:73:6C:24","setup_state":"ready"},{"id":"a2dp:98:47:44:CD:73:DE","present":false,"connected":false,"adapter":"hci0","adapter_address":"B8:27:EB:43:8D:51","setup_state":"needs_setup"}]}}
/org/bluez/hci0/dev_98_47_44_CD_73_DE b true
/org/bluez/hci1/dev_98_47_44_CD_73_DE absent
2026-08-24T19:08:04,879288831-04:00
{"state":"CALL_DOWN","call":false,"output":{"desired":"wired:alsa_output.platform-3f00b840.mailbox.stereo-fallback","chosen":"wired:alsa_output.platform-3f00b840.mailbox.stereo-fallback","reason":"desired output is available","candidates":[{"id":"wired:alsa_output.platform-3f00b840.mailbox.stereo-fallback","present":true,"connected":true,"adapter":null,"adapter_address":null,"setup_state":"ready"},{"id":"a2dp:C9:5C:FD:6E:28:46","present":false,"connected":false,"adapter":"hci1","adapter_address":"A0:AD:9F:73:6C:24","setup_state":"ready"},{"id":"a2dp:50:D7:1B:74:34:D6","present":false,"connected":false,"adapter":"hci1","adapter_address":"A0:AD:9F:73:6C:24","setup_state":"ready"},{"id":"a2dp:98:47:44:CD:73:DE","present":false,"connected":false,"adapter":"hci0","adapter_address":"B8:27:EB:43:8D:51","setup_state":"needs_setup"}]}}
/org/bluez/hci0/dev_98_47_44_CD_73_DE b true
/org/bluez/hci1/dev_98_47_44_CD_73_DE absent
2026-08-24T19:08:05,952124914-04:00
{"state":"CALL_DOWN","call":false,"output":{"desired":"wired:alsa_output.platform-3f00b840.mailbox.stereo-fallback","chosen":"wired:alsa_output.platform-3f00b840.mailbox.stereo-fallback","reason":"desired output is available","candidates":[{"id":"wired:alsa_output.platform-3f00b840.mailbox.stereo-fallback","present":true,"connected":true,"adapter":null,"adapter_address":null,"setup_state":"ready"},{"id":"a2dp:C9:5C:FD:6E:28:46","present":false,"connected":false,"adapter":"hci1","adapter_address":"A0:AD:9F:73:6C:24","setup_state":"ready"},{"id":"a2dp:50:D7:1B:74:34:D6","present":false,"connected":false,"adapter":"hci1","adapter_address":"A0:AD:9F:73:6C:24","setup_state":"ready"},{"id":"a2dp:98:47:44:CD:73:DE","present":false,"connected":false,"adapter":"hci0","adapter_address":"B8:27:EB:43:8D:51","setup_state":"needs_setup"}]}}
/org/bluez/hci0/dev_98_47_44_CD_73_DE b true
/org/bluez/hci1/dev_98_47_44_CD_73_DE absent
2026-08-24T19:08:07,025231516-04:00
{"state":"CALL_DOWN","call":false,"output":{"desired":"wired:alsa_output.platform-3f00b840.mailbox.stereo-fallback","chosen":"wired:alsa_output.platform-3f00b840.mailbox.stereo-fallback","reason":"desired output is available","candidates":[{"id":"wired:alsa_output.platform-3f00b840.mailbox.stereo-fallback","present":true,"connected":true,"adapter":null,"adapter_address":null,"setup_state":"ready"},{"id":"a2dp:C9:5C:FD:6E:28:46","present":false,"connected":false,"adapter":"hci1","adapter_address":"A0:AD:9F:73:6C:24","setup_state":"ready"},{"id":"a2dp:50:D7:1B:74:34:D6","present":false,"connected":false,"adapter":"hci1","adapter_address":"A0:AD:9F:73:6C:24","setup_state":"ready"},{"id":"a2dp:98:47:44:CD:73:DE","present":false,"connected":false,"adapter":"hci0","adapter_address":"B8:27:EB:43:8D:51","setup_state":"needs_setup"}]}}
/org/bluez/hci0/dev_98_47_44_CD_73_DE b true
/org/bluez/hci1/dev_98_47_44_CD_73_DE absent
2026-08-24T19:08:08,098463117-04:00
{"state":"CALL_DOWN","call":false,"output":{"desired":"wired:alsa_output.platform-3f00b840.mailbox.stereo-fallback","chosen":"wired:alsa_output.platform-3f00b840.mailbox.stereo-fallback","reason":"desired output is available","candidates":[{"id":"wired:alsa_output.platform-3f00b840.mailbox.stereo-fallback","present":true,"connected":true,"adapter":null,"adapter_address":null,"setup_state":"ready"},{"id":"a2dp:C9:5C:FD:6E:28:46","present":false,"connected":false,"adapter":"hci1","adapter_address":"A0:AD:9F:73:6C:24","setup_state":"ready"},{"id":"a2dp:50:D7:1B:74:34:D6","present":false,"connected":false,"adapter":"hci1","adapter_address":"A0:AD:9F:73:6C:24","setup_state":"ready"},{"id":"a2dp:98:47:44:CD:73:DE","present":false,"connected":false,"adapter":"hci0","adapter_address":"B8:27:EB:43:8D:51","setup_state":"needs_setup"}]}}
/org/bluez/hci0/dev_98_47_44_CD_73_DE b true
/org/bluez/hci1/dev_98_47_44_CD_73_DE absent
2026-08-24T19:08:09,171058159-04:00
{"state":"CALL_DOWN","call":false,"output":{"desired":"wired:alsa_output.platform-3f00b840.mailbox.stereo-fallback","chosen":"wired:alsa_output.platform-3f00b840.mailbox.stereo-fallback","reason":"desired output is available","candidates":[{"id":"wired:alsa_output.platform-3f00b840.mailbox.stereo-fallback","present":true,"connected":true,"adapter":null,"adapter_address":null,"setup_state":"ready"},{"id":"a2dp:C9:5C:FD:6E:28:46","present":false,"connected":false,"adapter":"hci1","adapter_address":"A0:AD:9F:73:6C:24","setup_state":"ready"},{"id":"a2dp:50:D7:1B:74:34:D6","present":false,"connected":false,"adapter":"hci1","adapter_address":"A0:AD:9F:73:6C:24","setup_state":"ready"},{"id":"a2dp:98:47:44:CD:73:DE","present":false,"connected":false,"adapter":"hci0","adapter_address":"B8:27:EB:43:8D:51","setup_state":"needs_setup"}]}}
/org/bluez/hci0/dev_98_47_44_CD_73_DE b true
/org/bluez/hci1/dev_98_47_44_CD_73_DE absent
2026-08-24T19:08:10,244432207-04:00
{"state":"CALL_DOWN","call":false,"output":{"desired":"wired:alsa_output.platform-3f00b840.mailbox.stereo-fallback","chosen":"wired:alsa_output.platform-3f00b840.mailbox.stereo-fallback","reason":"desired output is available","candidates":[{"id":"wired:alsa_output.platform-3f00b840.mailbox.stereo-fallback","present":true,"connected":true,"adapter":null,"adapter_address":null,"setup_state":"ready"},{"id":"a2dp:C9:5C:FD:6E:28:46","present":false,"connected":false,"adapter":"hci1","adapter_address":"A0:AD:9F:73:6C:24","setup_state":"ready"},{"id":"a2dp:50:D7:1B:74:34:D6","present":false,"connected":false,"adapter":"hci1","adapter_address":"A0:AD:9F:73:6C:24","setup_state":"ready"},{"id":"a2dp:98:47:44:CD:73:DE","present":false,"connected":false,"adapter":"hci0","adapter_address":"B8:27:EB:43:8D:51","setup_state":"needs_setup"}]}}
/org/bluez/hci0/dev_98_47_44_CD_73_DE b true
/org/bluez/hci1/dev_98_47_44_CD_73_DE absent
2026-08-24T19:08:11,323430962-04:00
{"state":"CALL_DOWN","call":false,"output":{"desired":"wired:alsa_output.platform-3f00b840.mailbox.stereo-fallback","chosen":"wired:alsa_output.platform-3f00b840.mailbox.stereo-fallback","reason":"desired output is available","candidates":[{"id":"wired:alsa_output.platform-3f00b840.mailbox.stereo-fallback","present":true,"connected":true,"adapter":null,"adapter_address":null,"setup_state":"ready"},{"id":"a2dp:C9:5C:FD:6E:28:46","present":false,"connected":false,"adapter":"hci1","adapter_address":"A0:AD:9F:73:6C:24","setup_state":"ready"},{"id":"a2dp:50:D7:1B:74:34:D6","present":false,"connected":false,"adapter":"hci1","adapter_address":"A0:AD:9F:73:6C:24","setup_state":"ready"},{"id":"a2dp:98:47:44:CD:73:DE","present":false,"connected":false,"adapter":"hci0","adapter_address":"B8:27:EB:43:8D:51","setup_state":"needs_setup"}]}}
/org/bluez/hci0/dev_98_47_44_CD_73_DE b true
/org/bluez/hci1/dev_98_47_44_CD_73_DE absent
2026-08-24T19:08:12,397035634-04:00
{"state":"CALL_DOWN","call":false,"output":{"desired":"wired:alsa_output.platform-3f00b840.mailbox.stereo-fallback","chosen":"wired:alsa_output.platform-3f00b840.mailbox.stereo-fallback","reason":"desired output is available","candidates":[{"id":"wired:alsa_output.platform-3f00b840.mailbox.stereo-fallback","present":true,"connected":true,"adapter":null,"adapter_address":null,"setup_state":"ready"},{"id":"a2dp:C9:5C:FD:6E:28:46","present":false,"connected":false,"adapter":"hci1","adapter_address":"A0:AD:9F:73:6C:24","setup_state":"ready"},{"id":"a2dp:50:D7:1B:74:34:D6","present":false,"connected":false,"adapter":"hci1","adapter_address":"A0:AD:9F:73:6C:24","setup_state":"ready"},{"id":"a2dp:98:47:44:CD:73:DE","present":false,"connected":false,"adapter":"hci0","adapter_address":"B8:27:EB:43:8D:51","setup_state":"needs_setup"}]}}
/org/bluez/hci0/dev_98_47_44_CD_73_DE b true
/org/bluez/hci1/dev_98_47_44_CD_73_DE absent
2026-08-24T19:08:13,484015333-04:00
{"state":"CALL_DOWN","call":false,"output":{"desired":"wired:alsa_output.platform-3f00b840.mailbox.stereo-fallback","chosen":"wired:alsa_output.platform-3f00b840.mailbox.stereo-fallback","reason":"desired output is available","candidates":[{"id":"wired:alsa_output.platform-3f00b840.mailbox.stereo-fallback","present":true,"connected":true,"adapter":null,"adapter_address":null,"setup_state":"ready"},{"id":"a2dp:C9:5C:FD:6E:28:46","present":false,"connected":false,"adapter":"hci1","adapter_address":"A0:AD:9F:73:6C:24","setup_state":"ready"},{"id":"a2dp:50:D7:1B:74:34:D6","present":false,"connected":false,"adapter":"hci1","adapter_address":"A0:AD:9F:73:6C:24","setup_state":"ready"},{"id":"a2dp:98:47:44:CD:73:DE","present":false,"connected":false,"adapter":"hci0","adapter_address":"B8:27:EB:43:8D:51","setup_state":"needs_setup"}]}}
/org/bluez/hci0/dev_98_47_44_CD_73_DE b true
/org/bluez/hci1/dev_98_47_44_CD_73_DE absent
2026-08-24T19:08:14,557274277-04:00
{"state":"CALL_DOWN","call":false,"output":{"desired":"wired:alsa_output.platform-3f00b840.mailbox.stereo-fallback","chosen":"wired:alsa_output.platform-3f00b840.mailbox.stereo-fallback","reason":"desired output is available","candidates":[{"id":"wired:alsa_output.platform-3f00b840.mailbox.stereo-fallback","present":true,"connected":true,"adapter":null,"adapter_address":null,"setup_state":"ready"},{"id":"a2dp:C9:5C:FD:6E:28:46","present":false,"connected":false,"adapter":"hci1","adapter_address":"A0:AD:9F:73:6C:24","setup_state":"ready"},{"id":"a2dp:50:D7:1B:74:34:D6","present":false,"connected":false,"adapter":"hci1","adapter_address":"A0:AD:9F:73:6C:24","setup_state":"ready"},{"id":"a2dp:98:47:44:CD:73:DE","present":false,"connected":false,"adapter":"hci0","adapter_address":"B8:27:EB:43:8D:51","setup_state":"needs_setup"}]}}
/org/bluez/hci0/dev_98_47_44_CD_73_DE b true
/org/bluez/hci1/dev_98_47_44_CD_73_DE absent
2026-08-24T19:08:15,644029966-04:00
{"state":"CALL_DOWN","call":false,"output":{"desired":"wired:alsa_output.platform-3f00b840.mailbox.stereo-fallback","chosen":"wired:alsa_output.platform-3f00b840.mailbox.stereo-fallback","reason":"desired output is available","candidates":[{"id":"wired:alsa_output.platform-3f00b840.mailbox.stereo-fallback","present":true,"connected":true,"adapter":null,"adapter_address":null,"setup_state":"ready"},{"id":"a2dp:C9:5C:FD:6E:28:46","present":false,"connected":false,"adapter":"hci1","adapter_address":"A0:AD:9F:73:6C:24","setup_state":"ready"},{"id":"a2dp:50:D7:1B:74:34:D6","present":false,"connected":false,"adapter":"hci1","adapter_address":"A0:AD:9F:73:6C:24","setup_state":"ready"},{"id":"a2dp:98:47:44:CD:73:DE","present":false,"connected":false,"adapter":"hci0","adapter_address":"B8:27:EB:43:8D:51","setup_state":"needs_setup"}]}}
/org/bluez/hci0/dev_98_47_44_CD_73_DE b true
/org/bluez/hci1/dev_98_47_44_CD_73_DE absent
2026-08-24T19:08:16,717233024-04:00
{"state":"CALL_DOWN","call":false,"output":{"desired":"wired:alsa_output.platform-3f00b840.mailbox.stereo-fallback","chosen":"wired:alsa_output.platform-3f00b840.mailbox.stereo-fallback","reason":"desired output is available","candidates":[{"id":"wired:alsa_output.platform-3f00b840.mailbox.stereo-fallback","present":true,"connected":true,"adapter":null,"adapter_address":null,"setup_state":"ready"},{"id":"a2dp:C9:5C:FD:6E:28:46","present":false,"connected":false,"adapter":"hci1","adapter_address":"A0:AD:9F:73:6C:24","setup_state":"ready"},{"id":"a2dp:50:D7:1B:74:34:D6","present":false,"connected":false,"adapter":"hci1","adapter_address":"A0:AD:9F:73:6C:24","setup_state":"ready"},{"id":"a2dp:98:47:44:CD:73:DE","present":false,"connected":false,"adapter":"hci0","adapter_address":"B8:27:EB:43:8D:51","setup_state":"needs_setup"}]}}
/org/bluez/hci0/dev_98_47_44_CD_73_DE b true
/org/bluez/hci1/dev_98_47_44_CD_73_DE absent
2026-08-24T19:08:17,801806382-04:00
{"state":"CALL_DOWN","call":false,"output":{"desired":"wired:alsa_output.platform-3f00b840.mailbox.stereo-fallback","chosen":"wired:alsa_output.platform-3f00b840.mailbox.stereo-fallback","reason":"desired output is available","candidates":[{"id":"wired:alsa_output.platform-3f00b840.mailbox.stereo-fallback","present":true,"connected":true,"adapter":null,"adapter_address":null,"setup_state":"ready"},{"id":"a2dp:C9:5C:FD:6E:28:46","present":false,"connected":false,"adapter":"hci1","adapter_address":"A0:AD:9F:73:6C:24","setup_state":"ready"},{"id":"a2dp:50:D7:1B:74:34:D6","present":false,"connected":false,"adapter":"hci1","adapter_address":"A0:AD:9F:73:6C:24","setup_state":"ready"},{"id":"a2dp:98:47:44:CD:73:DE","present":false,"connected":false,"adapter":"hci0","adapter_address":"B8:27:EB:43:8D:51","setup_state":"needs_setup"}]}}
/org/bluez/hci0/dev_98_47_44_CD_73_DE b true
/org/bluez/hci1/dev_98_47_44_CD_73_DE absent
2026-08-24T19:08:18,874777202-04:00
{"state":"CALL_DOWN","call":false,"output":{"desired":"wired:alsa_output.platform-3f00b840.mailbox.stereo-fallback","chosen":"wired:alsa_output.platform-3f00b840.mailbox.stereo-fallback","reason":"desired output is available","candidates":[{"id":"wired:alsa_output.platform-3f00b840.mailbox.stereo-fallback","present":true,"connected":true,"adapter":null,"adapter_address":null,"setup_state":"ready"},{"id":"a2dp:C9:5C:FD:6E:28:46","present":false,"connected":false,"adapter":"hci1","adapter_address":"A0:AD:9F:73:6C:24","setup_state":"ready"},{"id":"a2dp:50:D7:1B:74:34:D6","present":false,"connected":false,"adapter":"hci1","adapter_address":"A0:AD:9F:73:6C:24","setup_state":"ready"},{"id":"a2dp:98:47:44:CD:73:DE","present":false,"connected":false,"adapter":"hci0","adapter_address":"B8:27:EB:43:8D:51","setup_state":"needs_setup"}]}}
/org/bluez/hci0/dev_98_47_44_CD_73_DE b true
/org/bluez/hci1/dev_98_47_44_CD_73_DE absent
2026-08-24T19:08:19,959856807-04:00
{"state":"CALL_DOWN","call":false,"output":{"desired":"wired:alsa_output.platform-3f00b840.mailbox.stereo-fallback","chosen":"wired:alsa_output.platform-3f00b840.mailbox.stereo-fallback","reason":"desired output is available","candidates":[{"id":"wired:alsa_output.platform-3f00b840.mailbox.stereo-fallback","present":true,"connected":true,"adapter":null,"adapter_address":null,"setup_state":"ready"},{"id":"a2dp:C9:5C:FD:6E:28:46","present":false,"connected":false,"adapter":"hci1","adapter_address":"A0:AD:9F:73:6C:24","setup_state":"ready"},{"id":"a2dp:50:D7:1B:74:34:D6","present":false,"connected":false,"adapter":"hci1","adapter_address":"A0:AD:9F:73:6C:24","setup_state":"ready"},{"id":"a2dp:98:47:44:CD:73:DE","present":false,"connected":false,"adapter":"hci0","adapter_address":"B8:27:EB:43:8D:51","setup_state":"needs_setup"}]}}
/org/bluez/hci0/dev_98_47_44_CD_73_DE b true
/org/bluez/hci1/dev_98_47_44_CD_73_DE absent
2026-08-24T19:08:21,032591794-04:00
{"state":"CALL_DOWN","call":false,"output":{"desired":"wired:alsa_output.platform-3f00b840.mailbox.stereo-fallback","chosen":"wired:alsa_output.platform-3f00b840.mailbox.stereo-fallback","reason":"desired output is available","candidates":[{"id":"wired:alsa_output.platform-3f00b840.mailbox.stereo-fallback","present":true,"connected":true,"adapter":null,"adapter_address":null,"setup_state":"ready"},{"id":"a2dp:C9:5C:FD:6E:28:46","present":false,"connected":false,"adapter":"hci1","adapter_address":"A0:AD:9F:73:6C:24","setup_state":"ready"},{"id":"a2dp:50:D7:1B:74:34:D6","present":false,"connected":false,"adapter":"hci1","adapter_address":"A0:AD:9F:73:6C:24","setup_state":"ready"},{"id":"a2dp:98:47:44:CD:73:DE","present":false,"connected":false,"adapter":"hci0","adapter_address":"B8:27:EB:43:8D:51","setup_state":"needs_setup"}]}}
/org/bluez/hci0/dev_98_47_44_CD_73_DE b true
/org/bluez/hci1/dev_98_47_44_CD_73_DE absent
2026-08-24T19:08:22,106036100-04:00
{"state":"CALL_DOWN","call":false,"output":{"desired":"wired:alsa_output.platform-3f00b840.mailbox.stereo-fallback","chosen":"wired:alsa_output.platform-3f00b840.mailbox.stereo-fallback","reason":"desired output is available","candidates":[{"id":"wired:alsa_output.platform-3f00b840.mailbox.stereo-fallback","present":true,"connected":true,"adapter":null,"adapter_address":null,"setup_state":"ready"},{"id":"a2dp:C9:5C:FD:6E:28:46","present":false,"connected":false,"adapter":"hci1","adapter_address":"A0:AD:9F:73:6C:24","setup_state":"ready"},{"id":"a2dp:50:D7:1B:74:34:D6","present":false,"connected":false,"adapter":"hci1","adapter_address":"A0:AD:9F:73:6C:24","setup_state":"ready"},{"id":"a2dp:98:47:44:CD:73:DE","present":false,"connected":false,"adapter":"hci0","adapter_address":"B8:27:EB:43:8D:51","setup_state":"needs_setup"}]}}
/org/bluez/hci0/dev_98_47_44_CD_73_DE b true
/org/bluez/hci1/dev_98_47_44_CD_73_DE absent
2026-08-24T19:08:23,179138116-04:00
{"state":"CALL_DOWN","call":false,"output":{"desired":"wired:alsa_output.platform-3f00b840.mailbox.stereo-fallback","chosen":"wired:alsa_output.platform-3f00b840.mailbox.stereo-fallback","reason":"desired output is available","candidates":[{"id":"wired:alsa_output.platform-3f00b840.mailbox.stereo-fallback","present":true,"connected":true,"adapter":null,"adapter_address":null,"setup_state":"ready"},{"id":"a2dp:C9:5C:FD:6E:28:46","present":false,"connected":false,"adapter":"hci1","adapter_address":"A0:AD:9F:73:6C:24","setup_state":"ready"},{"id":"a2dp:50:D7:1B:74:34:D6","present":false,"connected":false,"adapter":"hci1","adapter_address":"A0:AD:9F:73:6C:24","setup_state":"ready"},{"id":"a2dp:98:47:44:CD:73:DE","present":false,"connected":false,"adapter":"hci0","adapter_address":"B8:27:EB:43:8D:51","setup_state":"needs_setup"}]}}
/org/bluez/hci0/dev_98_47_44_CD_73_DE b true
/org/bluez/hci1/dev_98_47_44_CD_73_DE absent
2026-08-24T19:08:24,252256903-04:00
{"state":"CALL_DOWN","call":false,"output":{"desired":"wired:alsa_output.platform-3f00b840.mailbox.stereo-fallback","chosen":"wired:alsa_output.platform-3f00b840.mailbox.stereo-fallback","reason":"desired output is available","candidates":[{"id":"wired:alsa_output.platform-3f00b840.mailbox.stereo-fallback","present":true,"connected":true,"adapter":null,"adapter_address":null,"setup_state":"ready"},{"id":"a2dp:C9:5C:FD:6E:28:46","present":false,"connected":false,"adapter":"hci1","adapter_address":"A0:AD:9F:73:6C:24","setup_state":"ready"},{"id":"a2dp:50:D7:1B:74:34:D6","present":false,"connected":false,"adapter":"hci1","adapter_address":"A0:AD:9F:73:6C:24","setup_state":"ready"},{"id":"a2dp:98:47:44:CD:73:DE","present":false,"connected":false,"adapter":"hci0","adapter_address":"B8:27:EB:43:8D:51","setup_state":"needs_setup"}]}}
/org/bluez/hci0/dev_98_47_44_CD_73_DE b true
/org/bluez/hci1/dev_98_47_44_CD_73_DE absent
2026-08-24T19:08:25,325532720-04:00
{"state":"CALL_DOWN","call":false,"output":{"desired":"wired:alsa_output.platform-3f00b840.mailbox.stereo-fallback","chosen":"wired:alsa_output.platform-3f00b840.mailbox.stereo-fallback","reason":"desired output is available","candidates":[{"id":"wired:alsa_output.platform-3f00b840.mailbox.stereo-fallback","present":true,"connected":true,"adapter":null,"adapter_address":null,"setup_state":"ready"},{"id":"a2dp:C9:5C:FD:6E:28:46","present":false,"connected":false,"adapter":"hci1","adapter_address":"A0:AD:9F:73:6C:24","setup_state":"ready"},{"id":"a2dp:50:D7:1B:74:34:D6","present":false,"connected":false,"adapter":"hci1","adapter_address":"A0:AD:9F:73:6C:24","setup_state":"ready"},{"id":"a2dp:98:47:44:CD:73:DE","present":false,"connected":false,"adapter":"hci0","adapter_address":"B8:27:EB:43:8D:51","setup_state":"needs_setup"}]}}
/org/bluez/hci0/dev_98_47_44_CD_73_DE b true
/org/bluez/hci1/dev_98_47_44_CD_73_DE absent
2026-08-24T19:08:26,398751610-04:00
{"state":"CALL_DOWN","call":false,"output":{"desired":"wired:alsa_output.platform-3f00b840.mailbox.stereo-fallback","chosen":"wired:alsa_output.platform-3f00b840.mailbox.stereo-fallback","reason":"desired output is available","candidates":[{"id":"wired:alsa_output.platform-3f00b840.mailbox.stereo-fallback","present":true,"connected":true,"adapter":null,"adapter_address":null,"setup_state":"ready"},{"id":"a2dp:C9:5C:FD:6E:28:46","present":false,"connected":false,"adapter":"hci1","adapter_address":"A0:AD:9F:73:6C:24","setup_state":"ready"},{"id":"a2dp:50:D7:1B:74:34:D6","present":false,"connected":false,"adapter":"hci1","adapter_address":"A0:AD:9F:73:6C:24","setup_state":"ready"},{"id":"a2dp:98:47:44:CD:73:DE","present":false,"connected":false,"adapter":"hci0","adapter_address":"B8:27:EB:43:8D:51","setup_state":"needs_setup"}]}}
/org/bluez/hci0/dev_98_47_44_CD_73_DE b true
/org/bluez/hci1/dev_98_47_44_CD_73_DE absent
2026-08-24T19:08:27,471684980-04:00
{"state":"CALL_DOWN","call":false,"output":{"desired":"wired:alsa_output.platform-3f00b840.mailbox.stereo-fallback","chosen":"wired:alsa_output.platform-3f00b840.mailbox.stereo-fallback","reason":"desired output is available","candidates":[{"id":"wired:alsa_output.platform-3f00b840.mailbox.stereo-fallback","present":true,"connected":true,"adapter":null,"adapter_address":null,"setup_state":"ready"},{"id":"a2dp:C9:5C:FD:6E:28:46","present":false,"connected":false,"adapter":"hci1","adapter_address":"A0:AD:9F:73:6C:24","setup_state":"ready"},{"id":"a2dp:50:D7:1B:74:34:D6","present":false,"connected":false,"adapter":"hci1","adapter_address":"A0:AD:9F:73:6C:24","setup_state":"ready"},{"id":"a2dp:98:47:44:CD:73:DE","present":false,"connected":false,"adapter":"hci0","adapter_address":"B8:27:EB:43:8D:51","setup_state":"needs_setup"}]}}
/org/bluez/hci0/dev_98_47_44_CD_73_DE b true
/org/bluez/hci1/dev_98_47_44_CD_73_DE absent
2026-08-24T19:08:28,544212780-04:00
{"state":"CALL_DOWN","call":false,"output":{"desired":"wired:alsa_output.platform-3f00b840.mailbox.stereo-fallback","chosen":"wired:alsa_output.platform-3f00b840.mailbox.stereo-fallback","reason":"desired output is available","candidates":[{"id":"wired:alsa_output.platform-3f00b840.mailbox.stereo-fallback","present":true,"connected":true,"adapter":null,"adapter_address":null,"setup_state":"ready"},{"id":"a2dp:C9:5C:FD:6E:28:46","present":false,"connected":false,"adapter":"hci1","adapter_address":"A0:AD:9F:73:6C:24","setup_state":"ready"},{"id":"a2dp:50:D7:1B:74:34:D6","present":false,"connected":false,"adapter":"hci1","adapter_address":"A0:AD:9F:73:6C:24","setup_state":"ready"},{"id":"a2dp:98:47:44:CD:73:DE","present":false,"connected":false,"adapter":"hci0","adapter_address":"B8:27:EB:43:8D:51","setup_state":"needs_setup"}]}}
/org/bluez/hci0/dev_98_47_44_CD_73_DE b true
/org/bluez/hci1/dev_98_47_44_CD_73_DE absent
2026-08-24T19:08:29,617482867-04:00
{"state":"CALL_DOWN","call":false,"output":{"desired":"wired:alsa_output.platform-3f00b840.mailbox.stereo-fallback","chosen":"wired:alsa_output.platform-3f00b840.mailbox.stereo-fallback","reason":"desired output is available","candidates":[{"id":"wired:alsa_output.platform-3f00b840.mailbox.stereo-fallback","present":true,"connected":true,"adapter":null,"adapter_address":null,"setup_state":"ready"},{"id":"a2dp:C9:5C:FD:6E:28:46","present":false,"connected":false,"adapter":"hci1","adapter_address":"A0:AD:9F:73:6C:24","setup_state":"ready"},{"id":"a2dp:50:D7:1B:74:34:D6","present":false,"connected":false,"adapter":"hci1","adapter_address":"A0:AD:9F:73:6C:24","setup_state":"ready"},{"id":"a2dp:98:47:44:CD:73:DE","present":false,"connected":false,"adapter":"hci0","adapter_address":"B8:27:EB:43:8D:51","setup_state":"needs_setup"}]}}
/org/bluez/hci0/dev_98_47_44_CD_73_DE b true
/org/bluez/hci1/dev_98_47_44_CD_73_DE absent
2026-08-24T19:08:30,690151968-04:00
{"state":"CALL_DOWN","call":false,"output":{"desired":"wired:alsa_output.platform-3f00b840.mailbox.stereo-fallback","chosen":"wired:alsa_output.platform-3f00b840.mailbox.stereo-fallback","reason":"desired output is available","candidates":[{"id":"wired:alsa_output.platform-3f00b840.mailbox.stereo-fallback","present":true,"connected":true,"adapter":null,"adapter_address":null,"setup_state":"ready"},{"id":"a2dp:C9:5C:FD:6E:28:46","present":false,"connected":false,"adapter":"hci1","adapter_address":"A0:AD:9F:73:6C:24","setup_state":"ready"},{"id":"a2dp:50:D7:1B:74:34:D6","present":false,"connected":false,"adapter":"hci1","adapter_address":"A0:AD:9F:73:6C:24","setup_state":"ready"},{"id":"a2dp:98:47:44:CD:73:DE","present":false,"connected":false,"adapter":"hci0","adapter_address":"B8:27:EB:43:8D:51","setup_state":"needs_setup"}]}}
/org/bluez/hci0/dev_98_47_44_CD_73_DE b true
/org/bluez/hci1/dev_98_47_44_CD_73_DE absent
2026-08-24T19:08:31,763191118-04:00
{"state":"CALL_DOWN","call":false,"output":{"desired":"wired:alsa_output.platform-3f00b840.mailbox.stereo-fallback","chosen":"wired:alsa_output.platform-3f00b840.mailbox.stereo-fallback","reason":"desired output is available","candidates":[{"id":"wired:alsa_output.platform-3f00b840.mailbox.stereo-fallback","present":true,"connected":true,"adapter":null,"adapter_address":null,"setup_state":"ready"},{"id":"a2dp:C9:5C:FD:6E:28:46","present":false,"connected":false,"adapter":"hci1","adapter_address":"A0:AD:9F:73:6C:24","setup_state":"ready"},{"id":"a2dp:50:D7:1B:74:34:D6","present":false,"connected":false,"adapter":"hci1","adapter_address":"A0:AD:9F:73:6C:24","setup_state":"ready"},{"id":"a2dp:98:47:44:CD:73:DE","present":false,"connected":false,"adapter":"hci0","adapter_address":"B8:27:EB:43:8D:51","setup_state":"needs_setup"}]}}
/org/bluez/hci0/dev_98_47_44_CD_73_DE b true
/org/bluez/hci1/dev_98_47_44_CD_73_DE absent
2026-08-24T19:08:32,836455111-04:00
{"state":"CALL_DOWN","call":false,"output":{"desired":"wired:alsa_output.platform-3f00b840.mailbox.stereo-fallback","chosen":"wired:alsa_output.platform-3f00b840.mailbox.stereo-fallback","reason":"desired output is available","candidates":[{"id":"wired:alsa_output.platform-3f00b840.mailbox.stereo-fallback","present":true,"connected":true,"adapter":null,"adapter_address":null,"setup_state":"ready"},{"id":"a2dp:C9:5C:FD:6E:28:46","present":false,"connected":false,"adapter":"hci1","adapter_address":"A0:AD:9F:73:6C:24","setup_state":"ready"},{"id":"a2dp:50:D7:1B:74:34:D6","present":false,"connected":false,"adapter":"hci1","adapter_address":"A0:AD:9F:73:6C:24","setup_state":"ready"},{"id":"a2dp:98:47:44:CD:73:DE","present":false,"connected":false,"adapter":"hci0","adapter_address":"B8:27:EB:43:8D:51","setup_state":"needs_setup"}]}}
/org/bluez/hci0/dev_98_47_44_CD_73_DE b true
/org/bluez/hci1/dev_98_47_44_CD_73_DE absent
2026-08-24T19:08:33,909442387-04:00
{"state":"CALL_DOWN","call":false,"output":{"desired":"wired:alsa_output.platform-3f00b840.mailbox.stereo-fallback","chosen":"wired:alsa_output.platform-3f00b840.mailbox.stereo-fallback","reason":"desired output is available","candidates":[{"id":"wired:alsa_output.platform-3f00b840.mailbox.stereo-fallback","present":true,"connected":true,"adapter":null,"adapter_address":null,"setup_state":"ready"},{"id":"a2dp:C9:5C:FD:6E:28:46","present":false,"connected":false,"adapter":"hci1","adapter_address":"A0:AD:9F:73:6C:24","setup_state":"ready"},{"id":"a2dp:50:D7:1B:74:34:D6","present":false,"connected":false,"adapter":"hci1","adapter_address":"A0:AD:9F:73:6C:24","setup_state":"ready"},{"id":"a2dp:98:47:44:CD:73:DE","present":false,"connected":false,"adapter":"hci0","adapter_address":"B8:27:EB:43:8D:51","setup_state":"needs_setup"}]}}
/org/bluez/hci0/dev_98_47_44_CD_73_DE b true
/org/bluez/hci1/dev_98_47_44_CD_73_DE absent
2026-08-24T19:08:34,982787629-04:00
{"state":"CALL_DOWN","call":false,"output":{"desired":"wired:alsa_output.platform-3f00b840.mailbox.stereo-fallback","chosen":"wired:alsa_output.platform-3f00b840.mailbox.stereo-fallback","reason":"desired output is available","candidates":[{"id":"wired:alsa_output.platform-3f00b840.mailbox.stereo-fallback","present":true,"connected":true,"adapter":null,"adapter_address":null,"setup_state":"ready"},{"id":"a2dp:C9:5C:FD:6E:28:46","present":false,"connected":false,"adapter":"hci1","adapter_address":"A0:AD:9F:73:6C:24","setup_state":"ready"},{"id":"a2dp:50:D7:1B:74:34:D6","present":false,"connected":false,"adapter":"hci1","adapter_address":"A0:AD:9F:73:6C:24","setup_state":"ready"},{"id":"a2dp:98:47:44:CD:73:DE","present":false,"connected":false,"adapter":"hci0","adapter_address":"B8:27:EB:43:8D:51","setup_state":"needs_setup"}]}}
/org/bluez/hci0/dev_98_47_44_CD_73_DE b true
/org/bluez/hci1/dev_98_47_44_CD_73_DE absent
2026-08-24T19:08:36,055545999-04:00
{"state":"CALL_DOWN","call":false,"output":{"desired":"wired:alsa_output.platform-3f00b840.mailbox.stereo-fallback","chosen":"wired:alsa_output.platform-3f00b840.mailbox.stereo-fallback","reason":"desired output is available","candidates":[{"id":"wired:alsa_output.platform-3f00b840.mailbox.stereo-fallback","present":true,"connected":true,"adapter":null,"adapter_address":null,"setup_state":"ready"},{"id":"a2dp:C9:5C:FD:6E:28:46","present":false,"connected":false,"adapter":"hci1","adapter_address":"A0:AD:9F:73:6C:24","setup_state":"ready"},{"id":"a2dp:50:D7:1B:74:34:D6","present":false,"connected":false,"adapter":"hci1","adapter_address":"A0:AD:9F:73:6C:24","setup_state":"ready"},{"id":"a2dp:98:47:44:CD:73:DE","present":false,"connected":false,"adapter":"hci0","adapter_address":"B8:27:EB:43:8D:51","setup_state":"needs_setup"}]}}
/org/bluez/hci0/dev_98_47_44_CD_73_DE b true
/org/bluez/hci1/dev_98_47_44_CD_73_DE absent
2026-08-24T19:08:37,128266453-04:00
{"state":"CALL_DOWN","call":false,"output":{"desired":"wired:alsa_output.platform-3f00b840.mailbox.stereo-fallback","chosen":"wired:alsa_output.platform-3f00b840.mailbox.stereo-fallback","reason":"desired output is available","candidates":[{"id":"wired:alsa_output.platform-3f00b840.mailbox.stereo-fallback","present":true,"connected":true,"adapter":null,"adapter_address":null,"setup_state":"ready"},{"id":"a2dp:C9:5C:FD:6E:28:46","present":false,"connected":false,"adapter":"hci1","adapter_address":"A0:AD:9F:73:6C:24","setup_state":"ready"},{"id":"a2dp:50:D7:1B:74:34:D6","present":false,"connected":false,"adapter":"hci1","adapter_address":"A0:AD:9F:73:6C:24","setup_state":"ready"},{"id":"a2dp:98:47:44:CD:73:DE","present":false,"connected":false,"adapter":"hci0","adapter_address":"B8:27:EB:43:8D:51","setup_state":"needs_setup"}]}}
/org/bluez/hci0/dev_98_47_44_CD_73_DE b true
/org/bluez/hci1/dev_98_47_44_CD_73_DE absent
2026-08-24T19:08:38,200663470-04:00
{"state":"CALL_DOWN","call":false,"output":{"desired":"wired:alsa_output.platform-3f00b840.mailbox.stereo-fallback","chosen":"wired:alsa_output.platform-3f00b840.mailbox.stereo-fallback","reason":"desired output is available","candidates":[{"id":"wired:alsa_output.platform-3f00b840.mailbox.stereo-fallback","present":true,"connected":true,"adapter":null,"adapter_address":null,"setup_state":"ready"},{"id":"a2dp:C9:5C:FD:6E:28:46","present":false,"connected":false,"adapter":"hci1","adapter_address":"A0:AD:9F:73:6C:24","setup_state":"ready"},{"id":"a2dp:50:D7:1B:74:34:D6","present":false,"connected":false,"adapter":"hci1","adapter_address":"A0:AD:9F:73:6C:24","setup_state":"ready"},{"id":"a2dp:98:47:44:CD:73:DE","present":false,"connected":false,"adapter":"hci0","adapter_address":"B8:27:EB:43:8D:51","setup_state":"needs_setup"}]}}
/org/bluez/hci0/dev_98_47_44_CD_73_DE b true
/org/bluez/hci1/dev_98_47_44_CD_73_DE absent
2026-08-24T19:08:39,273558245-04:00
{"state":"CALL_DOWN","call":false,"output":{"desired":"wired:alsa_output.platform-3f00b840.mailbox.stereo-fallback","chosen":"wired:alsa_output.platform-3f00b840.mailbox.stereo-fallback","reason":"desired output is available","candidates":[{"id":"wired:alsa_output.platform-3f00b840.mailbox.stereo-fallback","present":true,"connected":true,"adapter":null,"adapter_address":null,"setup_state":"ready"},{"id":"a2dp:C9:5C:FD:6E:28:46","present":false,"connected":false,"adapter":"hci1","adapter_address":"A0:AD:9F:73:6C:24","setup_state":"ready"},{"id":"a2dp:50:D7:1B:74:34:D6","present":false,"connected":false,"adapter":"hci1","adapter_address":"A0:AD:9F:73:6C:24","setup_state":"ready"},{"id":"a2dp:98:47:44:CD:73:DE","present":false,"connected":false,"adapter":"hci0","adapter_address":"B8:27:EB:43:8D:51","setup_state":"needs_setup"}]}}
/org/bluez/hci0/dev_98_47_44_CD_73_DE b true
/org/bluez/hci1/dev_98_47_44_CD_73_DE absent
2026-08-24T19:08:40,346619634-04:00
{"state":"CALL_DOWN","call":false,"output":{"desired":"wired:alsa_output.platform-3f00b840.mailbox.stereo-fallback","chosen":"wired:alsa_output.platform-3f00b840.mailbox.stereo-fallback","reason":"desired output is available","candidates":[{"id":"wired:alsa_output.platform-3f00b840.mailbox.stereo-fallback","present":true,"connected":true,"adapter":null,"adapter_address":null,"setup_state":"ready"},{"id":"a2dp:C9:5C:FD:6E:28:46","present":false,"connected":false,"adapter":"hci1","adapter_address":"A0:AD:9F:73:6C:24","setup_state":"ready"},{"id":"a2dp:50:D7:1B:74:34:D6","present":false,"connected":false,"adapter":"hci1","adapter_address":"A0:AD:9F:73:6C:24","setup_state":"ready"},{"id":"a2dp:98:47:44:CD:73:DE","present":false,"connected":false,"adapter":"hci0","adapter_address":"B8:27:EB:43:8D:51","setup_state":"needs_setup"}]}}
/org/bluez/hci0/dev_98_47_44_CD_73_DE b true
/org/bluez/hci1/dev_98_47_44_CD_73_DE absent
2026-08-24T19:08:41,419397222-04:00
{"state":"CALL_DOWN","call":false,"output":{"desired":"wired:alsa_output.platform-3f00b840.mailbox.stereo-fallback","chosen":"wired:alsa_output.platform-3f00b840.mailbox.stereo-fallback","reason":"desired output is available","candidates":[{"id":"wired:alsa_output.platform-3f00b840.mailbox.stereo-fallback","present":true,"connected":true,"adapter":null,"adapter_address":null,"setup_state":"ready"},{"id":"a2dp:C9:5C:FD:6E:28:46","present":false,"connected":false,"adapter":"hci1","adapter_address":"A0:AD:9F:73:6C:24","setup_state":"ready"},{"id":"a2dp:50:D7:1B:74:34:D6","present":false,"connected":false,"adapter":"hci1","adapter_address":"A0:AD:9F:73:6C:24","setup_state":"ready"},{"id":"a2dp:98:47:44:CD:73:DE","present":false,"connected":false,"adapter":"hci0","adapter_address":"B8:27:EB:43:8D:51","setup_state":"needs_setup"}]}}
/org/bluez/hci0/dev_98_47_44_CD_73_DE b true
/org/bluez/hci1/dev_98_47_44_CD_73_DE absent
2026-08-24T19:08:42,492091737-04:00
{"state":"CALL_DOWN","call":false,"output":{"desired":"wired:alsa_output.platform-3f00b840.mailbox.stereo-fallback","chosen":"wired:alsa_output.platform-3f00b840.mailbox.stereo-fallback","reason":"desired output is available","candidates":[{"id":"wired:alsa_output.platform-3f00b840.mailbox.stereo-fallback","present":true,"connected":true,"adapter":null,"adapter_address":null,"setup_state":"ready"},{"id":"a2dp:C9:5C:FD:6E:28:46","present":false,"connected":false,"adapter":"hci1","adapter_address":"A0:AD:9F:73:6C:24","setup_state":"ready"},{"id":"a2dp:50:D7:1B:74:34:D6","present":false,"connected":false,"adapter":"hci1","adapter_address":"A0:AD:9F:73:6C:24","setup_state":"ready"},{"id":"a2dp:98:47:44:CD:73:DE","present":false,"connected":false,"adapter":"hci0","adapter_address":"B8:27:EB:43:8D:51","setup_state":"needs_setup"}]}}
/org/bluez/hci0/dev_98_47_44_CD_73_DE b true
/org/bluez/hci1/dev_98_47_44_CD_73_DE absent
2026-08-24T19:08:43,564939116-04:00
{"state":"CALL_DOWN","call":false,"output":{"desired":"wired:alsa_output.platform-3f00b840.mailbox.stereo-fallback","chosen":"wired:alsa_output.platform-3f00b840.mailbox.stereo-fallback","reason":"desired output is available","candidates":[{"id":"wired:alsa_output.platform-3f00b840.mailbox.stereo-fallback","present":true,"connected":true,"adapter":null,"adapter_address":null,"setup_state":"ready"},{"id":"a2dp:C9:5C:FD:6E:28:46","present":false,"connected":false,"adapter":"hci1","adapter_address":"A0:AD:9F:73:6C:24","setup_state":"ready"},{"id":"a2dp:50:D7:1B:74:34:D6","present":false,"connected":false,"adapter":"hci1","adapter_address":"A0:AD:9F:73:6C:24","setup_state":"ready"},{"id":"a2dp:98:47:44:CD:73:DE","present":false,"connected":false,"adapter":"hci0","adapter_address":"B8:27:EB:43:8D:51","setup_state":"needs_setup"}]}}
/org/bluez/hci0/dev_98_47_44_CD_73_DE b true
/org/bluez/hci1/dev_98_47_44_CD_73_DE absent
2026-08-24T19:08:44,638149931-04:00
{"state":"CALL_DOWN","call":false,"output":{"desired":"wired:alsa_output.platform-3f00b840.mailbox.stereo-fallback","chosen":"wired:alsa_output.platform-3f00b840.mailbox.stereo-fallback","reason":"desired output is available","candidates":[{"id":"wired:alsa_output.platform-3f00b840.mailbox.stereo-fallback","present":true,"connected":true,"adapter":null,"adapter_address":null,"setup_state":"ready"},{"id":"a2dp:C9:5C:FD:6E:28:46","present":false,"connected":false,"adapter":"hci1","adapter_address":"A0:AD:9F:73:6C:24","setup_state":"ready"},{"id":"a2dp:50:D7:1B:74:34:D6","present":false,"connected":false,"adapter":"hci1","adapter_address":"A0:AD:9F:73:6C:24","setup_state":"ready"},{"id":"a2dp:98:47:44:CD:73:DE","present":false,"connected":false,"adapter":"hci0","adapter_address":"B8:27:EB:43:8D:51","setup_state":"needs_setup"}]}}
/org/bluez/hci0/dev_98_47_44_CD_73_DE b true
/org/bluez/hci1/dev_98_47_44_CD_73_DE absent
2026-08-24T19:08:45,711171319-04:00
{"state":"CALL_DOWN","call":false,"output":{"desired":"wired:alsa_output.platform-3f00b840.mailbox.stereo-fallback","chosen":"wired:alsa_output.platform-3f00b840.mailbox.stereo-fallback","reason":"desired output is available","candidates":[{"id":"wired:alsa_output.platform-3f00b840.mailbox.stereo-fallback","present":true,"connected":true,"adapter":null,"adapter_address":null,"setup_state":"ready"},{"id":"a2dp:C9:5C:FD:6E:28:46","present":false,"connected":false,"adapter":"hci1","adapter_address":"A0:AD:9F:73:6C:24","setup_state":"ready"},{"id":"a2dp:50:D7:1B:74:34:D6","present":false,"connected":false,"adapter":"hci1","adapter_address":"A0:AD:9F:73:6C:24","setup_state":"ready"},{"id":"a2dp:98:47:44:CD:73:DE","present":false,"connected":false,"adapter":"hci0","adapter_address":"B8:27:EB:43:8D:51","setup_state":"needs_setup"}]}}
/org/bluez/hci0/dev_98_47_44_CD_73_DE b true
/org/bluez/hci1/dev_98_47_44_CD_73_DE absent
2026-08-24T19:08:46,784785776-04:00
{"state":"CALL_DOWN","call":false,"output":{"desired":"wired:alsa_output.platform-3f00b840.mailbox.stereo-fallback","chosen":"wired:alsa_output.platform-3f00b840.mailbox.stereo-fallback","reason":"desired output is available","candidates":[{"id":"wired:alsa_output.platform-3f00b840.mailbox.stereo-fallback","present":true,"connected":true,"adapter":null,"adapter_address":null,"setup_state":"ready"},{"id":"a2dp:C9:5C:FD:6E:28:46","present":false,"connected":false,"adapter":"hci1","adapter_address":"A0:AD:9F:73:6C:24","setup_state":"ready"},{"id":"a2dp:50:D7:1B:74:34:D6","present":false,"connected":false,"adapter":"hci1","adapter_address":"A0:AD:9F:73:6C:24","setup_state":"ready"},{"id":"a2dp:98:47:44:CD:73:DE","present":false,"connected":false,"adapter":"hci0","adapter_address":"B8:27:EB:43:8D:51","setup_state":"needs_setup"}]}}
/org/bluez/hci0/dev_98_47_44_CD_73_DE b true
/org/bluez/hci1/dev_98_47_44_CD_73_DE absent
2026-08-24T19:08:47,857938100-04:00
{"state":"CALL_DOWN","call":false,"output":{"desired":"wired:alsa_output.platform-3f00b840.mailbox.stereo-fallback","chosen":"wired:alsa_output.platform-3f00b840.mailbox.stereo-fallback","reason":"desired output is available","candidates":[{"id":"wired:alsa_output.platform-3f00b840.mailbox.stereo-fallback","present":true,"connected":true,"adapter":null,"adapter_address":null,"setup_state":"ready"},{"id":"a2dp:C9:5C:FD:6E:28:46","present":false,"connected":false,"adapter":"hci1","adapter_address":"A0:AD:9F:73:6C:24","setup_state":"ready"},{"id":"a2dp:50:D7:1B:74:34:D6","present":false,"connected":false,"adapter":"hci1","adapter_address":"A0:AD:9F:73:6C:24","setup_state":"ready"},{"id":"a2dp:98:47:44:CD:73:DE","present":false,"connected":false,"adapter":"hci0","adapter_address":"B8:27:EB:43:8D:51","setup_state":"needs_setup"}]}}
/org/bluez/hci0/dev_98_47_44_CD_73_DE b true
/org/bluez/hci1/dev_98_47_44_CD_73_DE absent
2026-08-24T19:08:48,930813083-04:00
{"state":"CALL_DOWN","call":false,"output":{"desired":"wired:alsa_output.platform-3f00b840.mailbox.stereo-fallback","chosen":"wired:alsa_output.platform-3f00b840.mailbox.stereo-fallback","reason":"desired output is available","candidates":[{"id":"wired:alsa_output.platform-3f00b840.mailbox.stereo-fallback","present":true,"connected":true,"adapter":null,"adapter_address":null,"setup_state":"ready"},{"id":"a2dp:C9:5C:FD:6E:28:46","present":false,"connected":false,"adapter":"hci1","adapter_address":"A0:AD:9F:73:6C:24","setup_state":"ready"},{"id":"a2dp:50:D7:1B:74:34:D6","present":false,"connected":false,"adapter":"hci1","adapter_address":"A0:AD:9F:73:6C:24","setup_state":"ready"},{"id":"a2dp:98:47:44:CD:73:DE","present":false,"connected":false,"adapter":"hci0","adapter_address":"B8:27:EB:43:8D:51","setup_state":"needs_setup"}]}}
/org/bluez/hci0/dev_98_47_44_CD_73_DE b true
/org/bluez/hci1/dev_98_47_44_CD_73_DE absent
2026-08-24T19:08:50,003894730-04:00
{"state":"CALL_DOWN","call":false,"output":{"desired":"wired:alsa_output.platform-3f00b840.mailbox.stereo-fallback","chosen":"wired:alsa_output.platform-3f00b840.mailbox.stereo-fallback","reason":"desired output is available","candidates":[{"id":"wired:alsa_output.platform-3f00b840.mailbox.stereo-fallback","present":true,"connected":true,"adapter":null,"adapter_address":null,"setup_state":"ready"},{"id":"a2dp:C9:5C:FD:6E:28:46","present":false,"connected":false,"adapter":"hci1","adapter_address":"A0:AD:9F:73:6C:24","setup_state":"ready"},{"id":"a2dp:50:D7:1B:74:34:D6","present":false,"connected":false,"adapter":"hci1","adapter_address":"A0:AD:9F:73:6C:24","setup_state":"ready"},{"id":"a2dp:98:47:44:CD:73:DE","present":false,"connected":false,"adapter":"hci0","adapter_address":"B8:27:EB:43:8D:51","setup_state":"needs_setup"}]}}
/org/bluez/hci0/dev_98_47_44_CD_73_DE b true
/org/bluez/hci1/dev_98_47_44_CD_73_DE absent
2026-08-24T19:08:51,076619765-04:00
{"state":"CALL_DOWN","call":false,"output":{"desired":"wired:alsa_output.platform-3f00b840.mailbox.stereo-fallback","chosen":"wired:alsa_output.platform-3f00b840.mailbox.stereo-fallback","reason":"desired output is available","candidates":[{"id":"wired:alsa_output.platform-3f00b840.mailbox.stereo-fallback","present":true,"connected":true,"adapter":null,"adapter_address":null,"setup_state":"ready"},{"id":"a2dp:C9:5C:FD:6E:28:46","present":false,"connected":false,"adapter":"hci1","adapter_address":"A0:AD:9F:73:6C:24","setup_state":"ready"},{"id":"a2dp:50:D7:1B:74:34:D6","present":false,"connected":false,"adapter":"hci1","adapter_address":"A0:AD:9F:73:6C:24","setup_state":"ready"},{"id":"a2dp:98:47:44:CD:73:DE","present":false,"connected":false,"adapter":"hci0","adapter_address":"B8:27:EB:43:8D:51","setup_state":"needs_setup"}]}}
/org/bluez/hci0/dev_98_47_44_CD_73_DE b true
/org/bluez/hci1/dev_98_47_44_CD_73_DE absent
2026-08-24T19:08:52,149327039-04:00
{"state":"CALL_DOWN","call":false,"output":{"desired":"wired:alsa_output.platform-3f00b840.mailbox.stereo-fallback","chosen":"wired:alsa_output.platform-3f00b840.mailbox.stereo-fallback","reason":"desired output is available","candidates":[{"id":"wired:alsa_output.platform-3f00b840.mailbox.stereo-fallback","present":true,"connected":true,"adapter":null,"adapter_address":null,"setup_state":"ready"},{"id":"a2dp:C9:5C:FD:6E:28:46","present":false,"connected":false,"adapter":"hci1","adapter_address":"A0:AD:9F:73:6C:24","setup_state":"ready"},{"id":"a2dp:50:D7:1B:74:34:D6","present":false,"connected":false,"adapter":"hci1","adapter_address":"A0:AD:9F:73:6C:24","setup_state":"ready"},{"id":"a2dp:98:47:44:CD:73:DE","present":false,"connected":false,"adapter":"hci0","adapter_address":"B8:27:EB:43:8D:51","setup_state":"needs_setup"}]}}
/org/bluez/hci0/dev_98_47_44_CD_73_DE b true
/org/bluez/hci1/dev_98_47_44_CD_73_DE absent
2026-08-24T19:08:53,222667851-04:00
{"state":"CALL_DOWN","call":false,"output":{"desired":"wired:alsa_output.platform-3f00b840.mailbox.stereo-fallback","chosen":"wired:alsa_output.platform-3f00b840.mailbox.stereo-fallback","reason":"desired output is available","candidates":[{"id":"wired:alsa_output.platform-3f00b840.mailbox.stereo-fallback","present":true,"connected":true,"adapter":null,"adapter_address":null,"setup_state":"ready"},{"id":"a2dp:C9:5C:FD:6E:28:46","present":false,"connected":false,"adapter":"hci1","adapter_address":"A0:AD:9F:73:6C:24","setup_state":"ready"},{"id":"a2dp:50:D7:1B:74:34:D6","present":false,"connected":false,"adapter":"hci1","adapter_address":"A0:AD:9F:73:6C:24","setup_state":"ready"},{"id":"a2dp:98:47:44:CD:73:DE","present":false,"connected":false,"adapter":"hci0","adapter_address":"B8:27:EB:43:8D:51","setup_state":"needs_setup"}]}}
/org/bluez/hci0/dev_98_47_44_CD_73_DE b true
/org/bluez/hci1/dev_98_47_44_CD_73_DE absent
2026-08-24T19:08:54,295381792-04:00
{"state":"CALL_DOWN","call":false,"output":{"desired":"wired:alsa_output.platform-3f00b840.mailbox.stereo-fallback","chosen":"wired:alsa_output.platform-3f00b840.mailbox.stereo-fallback","reason":"desired output is available","candidates":[{"id":"wired:alsa_output.platform-3f00b840.mailbox.stereo-fallback","present":true,"connected":true,"adapter":null,"adapter_address":null,"setup_state":"ready"},{"id":"a2dp:C9:5C:FD:6E:28:46","present":false,"connected":false,"adapter":"hci1","adapter_address":"A0:AD:9F:73:6C:24","setup_state":"ready"},{"id":"a2dp:50:D7:1B:74:34:D6","present":false,"connected":false,"adapter":"hci1","adapter_address":"A0:AD:9F:73:6C:24","setup_state":"ready"},{"id":"a2dp:98:47:44:CD:73:DE","present":false,"connected":false,"adapter":"hci0","adapter_address":"B8:27:EB:43:8D:51","setup_state":"needs_setup"}]}}
/org/bluez/hci0/dev_98_47_44_CD_73_DE b true
/org/bluez/hci1/dev_98_47_44_CD_73_DE absent
2026-08-24T19:08:55,368248127-04:00
{"state":"CALL_DOWN","call":false,"output":{"desired":"wired:alsa_output.platform-3f00b840.mailbox.stereo-fallback","chosen":"wired:alsa_output.platform-3f00b840.mailbox.stereo-fallback","reason":"desired output is available","candidates":[{"id":"wired:alsa_output.platform-3f00b840.mailbox.stereo-fallback","present":true,"connected":true,"adapter":null,"adapter_address":null,"setup_state":"ready"},{"id":"a2dp:C9:5C:FD:6E:28:46","present":false,"connected":false,"adapter":"hci1","adapter_address":"A0:AD:9F:73:6C:24","setup_state":"ready"},{"id":"a2dp:50:D7:1B:74:34:D6","present":false,"connected":false,"adapter":"hci1","adapter_address":"A0:AD:9F:73:6C:24","setup_state":"ready"},{"id":"a2dp:98:47:44:CD:73:DE","present":false,"connected":false,"adapter":"hci0","adapter_address":"B8:27:EB:43:8D:51","setup_state":"needs_setup"}]}}
/org/bluez/hci0/dev_98_47_44_CD_73_DE b true
/org/bluez/hci1/dev_98_47_44_CD_73_DE absent
2026-08-24T19:08:56,441470710-04:00
{"state":"CALL_DOWN","call":false,"output":{"desired":"wired:alsa_output.platform-3f00b840.mailbox.stereo-fallback","chosen":"wired:alsa_output.platform-3f00b840.mailbox.stereo-fallback","reason":"desired output is available","candidates":[{"id":"wired:alsa_output.platform-3f00b840.mailbox.stereo-fallback","present":true,"connected":true,"adapter":null,"adapter_address":null,"setup_state":"ready"},{"id":"a2dp:C9:5C:FD:6E:28:46","present":false,"connected":false,"adapter":"hci1","adapter_address":"A0:AD:9F:73:6C:24","setup_state":"ready"},{"id":"a2dp:50:D7:1B:74:34:D6","present":false,"connected":false,"adapter":"hci1","adapter_address":"A0:AD:9F:73:6C:24","setup_state":"ready"},{"id":"a2dp:98:47:44:CD:73:DE","present":false,"connected":false,"adapter":"hci0","adapter_address":"B8:27:EB:43:8D:51","setup_state":"needs_setup"}]}}
/org/bluez/hci0/dev_98_47_44_CD_73_DE b true
/org/bluez/hci1/dev_98_47_44_CD_73_DE absent
2026-08-24T19:08:57,514812876-04:00
{"state":"CALL_DOWN","call":false,"output":{"desired":"wired:alsa_output.platform-3f00b840.mailbox.stereo-fallback","chosen":"wired:alsa_output.platform-3f00b840.mailbox.stereo-fallback","reason":"desired output is available","candidates":[{"id":"wired:alsa_output.platform-3f00b840.mailbox.stereo-fallback","present":true,"connected":true,"adapter":null,"adapter_address":null,"setup_state":"ready"},{"id":"a2dp:C9:5C:FD:6E:28:46","present":false,"connected":false,"adapter":"hci1","adapter_address":"A0:AD:9F:73:6C:24","setup_state":"ready"},{"id":"a2dp:50:D7:1B:74:34:D6","present":false,"connected":false,"adapter":"hci1","adapter_address":"A0:AD:9F:73:6C:24","setup_state":"ready"},{"id":"a2dp:98:47:44:CD:73:DE","present":false,"connected":false,"adapter":"hci0","adapter_address":"B8:27:EB:43:8D:51","setup_state":"needs_setup"}]}}
/org/bluez/hci0/dev_98_47_44_CD_73_DE b true
/org/bluez/hci1/dev_98_47_44_CD_73_DE absent
2026-08-24T19:08:58,587758637-04:00
{"state":"CALL_DOWN","call":false,"output":{"desired":"wired:alsa_output.platform-3f00b840.mailbox.stereo-fallback","chosen":"wired:alsa_output.platform-3f00b840.mailbox.stereo-fallback","reason":"desired output is available","candidates":[{"id":"wired:alsa_output.platform-3f00b840.mailbox.stereo-fallback","present":true,"connected":true,"adapter":null,"adapter_address":null,"setup_state":"ready"},{"id":"a2dp:C9:5C:FD:6E:28:46","present":false,"connected":false,"adapter":"hci1","adapter_address":"A0:AD:9F:73:6C:24","setup_state":"ready"},{"id":"a2dp:50:D7:1B:74:34:D6","present":false,"connected":false,"adapter":"hci1","adapter_address":"A0:AD:9F:73:6C:24","setup_state":"ready"},{"id":"a2dp:98:47:44:CD:73:DE","present":false,"connected":false,"adapter":"hci0","adapter_address":"B8:27:EB:43:8D:51","setup_state":"needs_setup"}]}}
/org/bluez/hci0/dev_98_47_44_CD_73_DE b true
/org/bluez/hci1/dev_98_47_44_CD_73_DE absent
2026-08-24T19:08:59,660635128-04:00
{"state":"CALL_DOWN","call":false,"output":{"desired":"wired:alsa_output.platform-3f00b840.mailbox.stereo-fallback","chosen":"wired:alsa_output.platform-3f00b840.mailbox.stereo-fallback","reason":"desired output is available","candidates":[{"id":"wired:alsa_output.platform-3f00b840.mailbox.stereo-fallback","present":true,"connected":true,"adapter":null,"adapter_address":null,"setup_state":"ready"},{"id":"a2dp:C9:5C:FD:6E:28:46","present":false,"connected":false,"adapter":"hci1","adapter_address":"A0:AD:9F:73:6C:24","setup_state":"ready"},{"id":"a2dp:50:D7:1B:74:34:D6","present":false,"connected":false,"adapter":"hci1","adapter_address":"A0:AD:9F:73:6C:24","setup_state":"ready"},{"id":"a2dp:98:47:44:CD:73:DE","present":false,"connected":false,"adapter":"hci0","adapter_address":"B8:27:EB:43:8D:51","setup_state":"needs_setup"}]}}
/org/bluez/hci0/dev_98_47_44_CD_73_DE b true
/org/bluez/hci1/dev_98_47_44_CD_73_DE absent
2026-08-24T19:09:00,733770107-04:00
{"state":"CALL_DOWN","call":false,"output":{"desired":"wired:alsa_output.platform-3f00b840.mailbox.stereo-fallback","chosen":"wired:alsa_output.platform-3f00b840.mailbox.stereo-fallback","reason":"desired output is available","candidates":[{"id":"wired:alsa_output.platform-3f00b840.mailbox.stereo-fallback","present":true,"connected":true,"adapter":null,"adapter_address":null,"setup_state":"ready"},{"id":"a2dp:C9:5C:FD:6E:28:46","present":false,"connected":false,"adapter":"hci1","adapter_address":"A0:AD:9F:73:6C:24","setup_state":"ready"},{"id":"a2dp:50:D7:1B:74:34:D6","present":false,"connected":false,"adapter":"hci1","adapter_address":"A0:AD:9F:73:6C:24","setup_state":"ready"},{"id":"a2dp:98:47:44:CD:73:DE","present":false,"connected":false,"adapter":"hci0","adapter_address":"B8:27:EB:43:8D:51","setup_state":"needs_setup"}]}}
/org/bluez/hci0/dev_98_47_44_CD_73_DE b true
/org/bluez/hci1/dev_98_47_44_CD_73_DE absent
2026-08-24T19:09:01,806504463-04:00
{"state":"CALL_DOWN","call":false,"output":{"desired":"wired:alsa_output.platform-3f00b840.mailbox.stereo-fallback","chosen":"wired:alsa_output.platform-3f00b840.mailbox.stereo-fallback","reason":"desired output is available","candidates":[{"id":"wired:alsa_output.platform-3f00b840.mailbox.stereo-fallback","present":true,"connected":true,"adapter":null,"adapter_address":null,"setup_state":"ready"},{"id":"a2dp:C9:5C:FD:6E:28:46","present":false,"connected":false,"adapter":"hci1","adapter_address":"A0:AD:9F:73:6C:24","setup_state":"ready"},{"id":"a2dp:50:D7:1B:74:34:D6","present":false,"connected":false,"adapter":"hci1","adapter_address":"A0:AD:9F:73:6C:24","setup_state":"ready"},{"id":"a2dp:98:47:44:CD:73:DE","present":false,"connected":false,"adapter":"hci0","adapter_address":"B8:27:EB:43:8D:51","setup_state":"needs_setup"}]}}
/org/bluez/hci0/dev_98_47_44_CD_73_DE b true
/org/bluez/hci1/dev_98_47_44_CD_73_DE absent
2026-08-24T19:09:02,880360896-04:00
{"state":"CALL_DOWN","call":false,"output":{"desired":"wired:alsa_output.platform-3f00b840.mailbox.stereo-fallback","chosen":"wired:alsa_output.platform-3f00b840.mailbox.stereo-fallback","reason":"desired output is available","candidates":[{"id":"wired:alsa_output.platform-3f00b840.mailbox.stereo-fallback","present":true,"connected":true,"adapter":null,"adapter_address":null,"setup_state":"ready"},{"id":"a2dp:C9:5C:FD:6E:28:46","present":false,"connected":false,"adapter":"hci1","adapter_address":"A0:AD:9F:73:6C:24","setup_state":"ready"},{"id":"a2dp:50:D7:1B:74:34:D6","present":false,"connected":false,"adapter":"hci1","adapter_address":"A0:AD:9F:73:6C:24","setup_state":"ready"},{"id":"a2dp:98:47:44:CD:73:DE","present":false,"connected":false,"adapter":"hci0","adapter_address":"B8:27:EB:43:8D:51","setup_state":"needs_setup"}]}}
/org/bluez/hci0/dev_98_47_44_CD_73_DE b true
/org/bluez/hci1/dev_98_47_44_CD_73_DE absent
2026-08-24T19:09:03,956277160-04:00
{"state":"CALL_DOWN","call":false,"output":{"desired":"wired:alsa_output.platform-3f00b840.mailbox.stereo-fallback","chosen":"wired:alsa_output.platform-3f00b840.mailbox.stereo-fallback","reason":"desired output is available","candidates":[{"id":"wired:alsa_output.platform-3f00b840.mailbox.stereo-fallback","present":true,"connected":true,"adapter":null,"adapter_address":null,"setup_state":"ready"},{"id":"a2dp:C9:5C:FD:6E:28:46","present":false,"connected":false,"adapter":"hci1","adapter_address":"A0:AD:9F:73:6C:24","setup_state":"ready"},{"id":"a2dp:50:D7:1B:74:34:D6","present":false,"connected":false,"adapter":"hci1","adapter_address":"A0:AD:9F:73:6C:24","setup_state":"ready"},{"id":"a2dp:98:47:44:CD:73:DE","present":false,"connected":false,"adapter":"hci0","adapter_address":"B8:27:EB:43:8D:51","setup_state":"needs_setup"}]}}
/org/bluez/hci0/dev_98_47_44_CD_73_DE b true
/org/bluez/hci1/dev_98_47_44_CD_73_DE absent
2026-08-24T19:09:05,029347556-04:00
{"state":"CALL_DOWN","call":false,"output":{"desired":"wired:alsa_output.platform-3f00b840.mailbox.stereo-fallback","chosen":"wired:alsa_output.platform-3f00b840.mailbox.stereo-fallback","reason":"desired output is available","candidates":[{"id":"wired:alsa_output.platform-3f00b840.mailbox.stereo-fallback","present":true,"connected":true,"adapter":null,"adapter_address":null,"setup_state":"ready"},{"id":"a2dp:C9:5C:FD:6E:28:46","present":false,"connected":false,"adapter":"hci1","adapter_address":"A0:AD:9F:73:6C:24","setup_state":"ready"},{"id":"a2dp:50:D7:1B:74:34:D6","present":false,"connected":false,"adapter":"hci1","adapter_address":"A0:AD:9F:73:6C:24","setup_state":"ready"},{"id":"a2dp:98:47:44:CD:73:DE","present":false,"connected":false,"adapter":"hci0","adapter_address":"B8:27:EB:43:8D:51","setup_state":"needs_setup"}]}}
/org/bluez/hci0/dev_98_47_44_CD_73_DE b true
/org/bluez/hci1/dev_98_47_44_CD_73_DE absent
2026-08-24T19:09:06,116405527-04:00
{"state":"CALL_DOWN","call":false,"output":{"desired":"wired:alsa_output.platform-3f00b840.mailbox.stereo-fallback","chosen":"wired:alsa_output.platform-3f00b840.mailbox.stereo-fallback","reason":"desired output is available","candidates":[{"id":"wired:alsa_output.platform-3f00b840.mailbox.stereo-fallback","present":true,"connected":true,"adapter":null,"adapter_address":null,"setup_state":"ready"},{"id":"a2dp:C9:5C:FD:6E:28:46","present":false,"connected":false,"adapter":"hci1","adapter_address":"A0:AD:9F:73:6C:24","setup_state":"ready"},{"id":"a2dp:50:D7:1B:74:34:D6","present":false,"connected":false,"adapter":"hci1","adapter_address":"A0:AD:9F:73:6C:24","setup_state":"ready"},{"id":"a2dp:98:47:44:CD:73:DE","present":false,"connected":false,"adapter":"hci0","adapter_address":"B8:27:EB:43:8D:51","setup_state":"needs_setup"}]}}
/org/bluez/hci0/dev_98_47_44_CD_73_DE b true
/org/bluez/hci1/dev_98_47_44_CD_73_DE absent
2026-08-24T19:09:07,189418943-04:00
{"state":"CALL_DOWN","call":false,"output":{"desired":"wired:alsa_output.platform-3f00b840.mailbox.stereo-fallback","chosen":"wired:alsa_output.platform-3f00b840.mailbox.stereo-fallback","reason":"desired output is available","candidates":[{"id":"wired:alsa_output.platform-3f00b840.mailbox.stereo-fallback","present":true,"connected":true,"adapter":null,"adapter_address":null,"setup_state":"ready"},{"id":"a2dp:C9:5C:FD:6E:28:46","present":false,"connected":false,"adapter":"hci1","adapter_address":"A0:AD:9F:73:6C:24","setup_state":"ready"},{"id":"a2dp:50:D7:1B:74:34:D6","present":false,"connected":false,"adapter":"hci1","adapter_address":"A0:AD:9F:73:6C:24","setup_state":"ready"},{"id":"a2dp:98:47:44:CD:73:DE","present":false,"connected":false,"adapter":"hci0","adapter_address":"B8:27:EB:43:8D:51","setup_state":"needs_setup"}]}}
/org/bluez/hci0/dev_98_47_44_CD_73_DE b true
/org/bluez/hci1/dev_98_47_44_CD_73_DE absent
2026-08-24T19:09:08,279187107-04:00
{"state":"CALL_DOWN","call":false,"output":{"desired":"wired:alsa_output.platform-3f00b840.mailbox.stereo-fallback","chosen":"wired:alsa_output.platform-3f00b840.mailbox.stereo-fallback","reason":"desired output is available","candidates":[{"id":"wired:alsa_output.platform-3f00b840.mailbox.stereo-fallback","present":true,"connected":true,"adapter":null,"adapter_address":null,"setup_state":"ready"},{"id":"a2dp:C9:5C:FD:6E:28:46","present":false,"connected":false,"adapter":"hci1","adapter_address":"A0:AD:9F:73:6C:24","setup_state":"ready"},{"id":"a2dp:50:D7:1B:74:34:D6","present":false,"connected":false,"adapter":"hci1","adapter_address":"A0:AD:9F:73:6C:24","setup_state":"ready"},{"id":"a2dp:98:47:44:CD:73:DE","present":false,"connected":false,"adapter":"hci0","adapter_address":"B8:27:EB:43:8D:51","setup_state":"needs_setup"}]}}
/org/bluez/hci0/dev_98_47_44_CD_73_DE b true
/org/bluez/hci1/dev_98_47_44_CD_73_DE absent
2026-08-24T19:09:09,352476772-04:00
{"state":"CALL_DOWN","call":false,"output":{"desired":"wired:alsa_output.platform-3f00b840.mailbox.stereo-fallback","chosen":"wired:alsa_output.platform-3f00b840.mailbox.stereo-fallback","reason":"desired output is available","candidates":[{"id":"wired:alsa_output.platform-3f00b840.mailbox.stereo-fallback","present":true,"connected":true,"adapter":null,"adapter_address":null,"setup_state":"ready"},{"id":"a2dp:C9:5C:FD:6E:28:46","present":false,"connected":false,"adapter":"hci1","adapter_address":"A0:AD:9F:73:6C:24","setup_state":"ready"},{"id":"a2dp:50:D7:1B:74:34:D6","present":false,"connected":false,"adapter":"hci1","adapter_address":"A0:AD:9F:73:6C:24","setup_state":"ready"},{"id":"a2dp:98:47:44:CD:73:DE","present":false,"connected":false,"adapter":"hci0","adapter_address":"B8:27:EB:43:8D:51","setup_state":"needs_setup"}]}}
/org/bluez/hci0/dev_98_47_44_CD_73_DE b true
/org/bluez/hci1/dev_98_47_44_CD_73_DE absent
2026-08-24T19:09:10,435574348-04:00
{"state":"CALL_DOWN","call":false,"output":{"desired":"wired:alsa_output.platform-3f00b840.mailbox.stereo-fallback","chosen":"wired:alsa_output.platform-3f00b840.mailbox.stereo-fallback","reason":"desired output is available","candidates":[{"id":"wired:alsa_output.platform-3f00b840.mailbox.stereo-fallback","present":true,"connected":true,"adapter":null,"adapter_address":null,"setup_state":"ready"},{"id":"a2dp:C9:5C:FD:6E:28:46","present":false,"connected":false,"adapter":"hci1","adapter_address":"A0:AD:9F:73:6C:24","setup_state":"ready"},{"id":"a2dp:50:D7:1B:74:34:D6","present":false,"connected":false,"adapter":"hci1","adapter_address":"A0:AD:9F:73:6C:24","setup_state":"ready"},{"id":"a2dp:98:47:44:CD:73:DE","present":false,"connected":false,"adapter":"hci0","adapter_address":"B8:27:EB:43:8D:51","setup_state":"needs_setup"}]}}
/org/bluez/hci0/dev_98_47_44_CD_73_DE b true
/org/bluez/hci1/dev_98_47_44_CD_73_DE absent
2026-08-24T19:09:11,508932345-04:00
{"state":"CALL_DOWN","call":false,"output":{"desired":"wired:alsa_output.platform-3f00b840.mailbox.stereo-fallback","chosen":"wired:alsa_output.platform-3f00b840.mailbox.stereo-fallback","reason":"desired output is available","candidates":[{"id":"wired:alsa_output.platform-3f00b840.mailbox.stereo-fallback","present":true,"connected":true,"adapter":null,"adapter_address":null,"setup_state":"ready"},{"id":"a2dp:C9:5C:FD:6E:28:46","present":false,"connected":false,"adapter":"hci1","adapter_address":"A0:AD:9F:73:6C:24","setup_state":"ready"},{"id":"a2dp:50:D7:1B:74:34:D6","present":false,"connected":false,"adapter":"hci1","adapter_address":"A0:AD:9F:73:6C:24","setup_state":"ready"},{"id":"a2dp:98:47:44:CD:73:DE","present":false,"connected":false,"adapter":"hci0","adapter_address":"B8:27:EB:43:8D:51","setup_state":"needs_setup"}]}}
/org/bluez/hci0/dev_98_47_44_CD_73_DE b true
/org/bluez/hci1/dev_98_47_44_CD_73_DE absent
2026-08-24T19:09:12,594700480-04:00
{"state":"CALL_DOWN","call":false,"output":{"desired":"wired:alsa_output.platform-3f00b840.mailbox.stereo-fallback","chosen":"wired:alsa_output.platform-3f00b840.mailbox.stereo-fallback","reason":"desired output is available","candidates":[{"id":"wired:alsa_output.platform-3f00b840.mailbox.stereo-fallback","present":true,"connected":true,"adapter":null,"adapter_address":null,"setup_state":"ready"},{"id":"a2dp:C9:5C:FD:6E:28:46","present":false,"connected":false,"adapter":"hci1","adapter_address":"A0:AD:9F:73:6C:24","setup_state":"ready"},{"id":"a2dp:50:D7:1B:74:34:D6","present":false,"connected":false,"adapter":"hci1","adapter_address":"A0:AD:9F:73:6C:24","setup_state":"ready"},{"id":"a2dp:98:47:44:CD:73:DE","present":false,"connected":false,"adapter":"hci0","adapter_address":"B8:27:EB:43:8D:51","setup_state":"needs_setup"}]}}
/org/bluez/hci0/dev_98_47_44_CD_73_DE b true
/org/bluez/hci1/dev_98_47_44_CD_73_DE absent
2026-08-24T19:09:13,667756915-04:00
{"state":"CALL_DOWN","call":false,"output":{"desired":"wired:alsa_output.platform-3f00b840.mailbox.stereo-fallback","chosen":"wired:alsa_output.platform-3f00b840.mailbox.stereo-fallback","reason":"desired output is available","candidates":[{"id":"wired:alsa_output.platform-3f00b840.mailbox.stereo-fallback","present":true,"connected":true,"adapter":null,"adapter_address":null,"setup_state":"ready"},{"id":"a2dp:C9:5C:FD:6E:28:46","present":false,"connected":false,"adapter":"hci1","adapter_address":"A0:AD:9F:73:6C:24","setup_state":"ready"},{"id":"a2dp:50:D7:1B:74:34:D6","present":false,"connected":false,"adapter":"hci1","adapter_address":"A0:AD:9F:73:6C:24","setup_state":"ready"},{"id":"a2dp:98:47:44:CD:73:DE","present":false,"connected":false,"adapter":"hci0","adapter_address":"B8:27:EB:43:8D:51","setup_state":"needs_setup"}]}}
/org/bluez/hci0/dev_98_47_44_CD_73_DE b true
/org/bluez/hci1/dev_98_47_44_CD_73_DE absent
2026-08-24T19:09:14,750892147-04:00
{"state":"CALL_DOWN","call":false,"output":{"desired":"wired:alsa_output.platform-3f00b840.mailbox.stereo-fallback","chosen":"wired:alsa_output.platform-3f00b840.mailbox.stereo-fallback","reason":"desired output is available","candidates":[{"id":"wired:alsa_output.platform-3f00b840.mailbox.stereo-fallback","present":true,"connected":true,"adapter":null,"adapter_address":null,"setup_state":"ready"},{"id":"a2dp:C9:5C:FD:6E:28:46","present":false,"connected":false,"adapter":"hci1","adapter_address":"A0:AD:9F:73:6C:24","setup_state":"ready"},{"id":"a2dp:50:D7:1B:74:34:D6","present":false,"connected":false,"adapter":"hci1","adapter_address":"A0:AD:9F:73:6C:24","setup_state":"ready"},{"id":"a2dp:98:47:44:CD:73:DE","present":false,"connected":false,"adapter":"hci0","adapter_address":"B8:27:EB:43:8D:51","setup_state":"needs_setup"}]}}
/org/bluez/hci0/dev_98_47_44_CD_73_DE b true
/org/bluez/hci1/dev_98_47_44_CD_73_DE absent
2026-08-24T19:09:15,823992114-04:00
{"state":"CALL_DOWN","call":false,"output":{"desired":"wired:alsa_output.platform-3f00b840.mailbox.stereo-fallback","chosen":"wired:alsa_output.platform-3f00b840.mailbox.stereo-fallback","reason":"desired output is available","candidates":[{"id":"wired:alsa_output.platform-3f00b840.mailbox.stereo-fallback","present":true,"connected":true,"adapter":null,"adapter_address":null,"setup_state":"ready"},{"id":"a2dp:C9:5C:FD:6E:28:46","present":false,"connected":false,"adapter":"hci1","adapter_address":"A0:AD:9F:73:6C:24","setup_state":"ready"},{"id":"a2dp:50:D7:1B:74:34:D6","present":false,"connected":false,"adapter":"hci1","adapter_address":"A0:AD:9F:73:6C:24","setup_state":"ready"},{"id":"a2dp:98:47:44:CD:73:DE","present":false,"connected":false,"adapter":"hci0","adapter_address":"B8:27:EB:43:8D:51","setup_state":"needs_setup"}]}}
/org/bluez/hci0/dev_98_47_44_CD_73_DE b true
/org/bluez/hci1/dev_98_47_44_CD_73_DE absent
2026-08-24T19:09:16,896996665-04:00
{"state":"CALL_DOWN","call":false,"output":{"desired":"wired:alsa_output.platform-3f00b840.mailbox.stereo-fallback","chosen":"wired:alsa_output.platform-3f00b840.mailbox.stereo-fallback","reason":"desired output is available","candidates":[{"id":"wired:alsa_output.platform-3f00b840.mailbox.stereo-fallback","present":true,"connected":true,"adapter":null,"adapter_address":null,"setup_state":"ready"},{"id":"a2dp:C9:5C:FD:6E:28:46","present":false,"connected":false,"adapter":"hci1","adapter_address":"A0:AD:9F:73:6C:24","setup_state":"ready"},{"id":"a2dp:50:D7:1B:74:34:D6","present":false,"connected":false,"adapter":"hci1","adapter_address":"A0:AD:9F:73:6C:24","setup_state":"ready"},{"id":"a2dp:98:47:44:CD:73:DE","present":false,"connected":false,"adapter":"hci0","adapter_address":"B8:27:EB:43:8D:51","setup_state":"needs_setup"}]}}
/org/bluez/hci0/dev_98_47_44_CD_73_DE b true
/org/bluez/hci1/dev_98_47_44_CD_73_DE absent
2026-08-24T19:09:17,969814503-04:00
{"state":"CALL_DOWN","call":false,"output":{"desired":"wired:alsa_output.platform-3f00b840.mailbox.stereo-fallback","chosen":"wired:alsa_output.platform-3f00b840.mailbox.stereo-fallback","reason":"desired output is available","candidates":[{"id":"wired:alsa_output.platform-3f00b840.mailbox.stereo-fallback","present":true,"connected":true,"adapter":null,"adapter_address":null,"setup_state":"ready"},{"id":"a2dp:C9:5C:FD:6E:28:46","present":false,"connected":false,"adapter":"hci1","adapter_address":"A0:AD:9F:73:6C:24","setup_state":"ready"},{"id":"a2dp:50:D7:1B:74:34:D6","present":false,"connected":false,"adapter":"hci1","adapter_address":"A0:AD:9F:73:6C:24","setup_state":"ready"},{"id":"a2dp:98:47:44:CD:73:DE","present":false,"connected":false,"adapter":"hci0","adapter_address":"B8:27:EB:43:8D:51","setup_state":"needs_setup"}]}}
/org/bluez/hci0/dev_98_47_44_CD_73_DE b true
/org/bluez/hci1/dev_98_47_44_CD_73_DE absent
2026-08-24T19:09:19,043137080-04:00
{"state":"CALL_DOWN","call":false,"output":{"desired":"wired:alsa_output.platform-3f00b840.mailbox.stereo-fallback","chosen":"wired:alsa_output.platform-3f00b840.mailbox.stereo-fallback","reason":"desired output is available","candidates":[{"id":"wired:alsa_output.platform-3f00b840.mailbox.stereo-fallback","present":true,"connected":true,"adapter":null,"adapter_address":null,"setup_state":"ready"},{"id":"a2dp:C9:5C:FD:6E:28:46","present":false,"connected":false,"adapter":"hci1","adapter_address":"A0:AD:9F:73:6C:24","setup_state":"ready"},{"id":"a2dp:50:D7:1B:74:34:D6","present":false,"connected":false,"adapter":"hci1","adapter_address":"A0:AD:9F:73:6C:24","setup_state":"ready"},{"id":"a2dp:98:47:44:CD:73:DE","present":false,"connected":false,"adapter":"hci0","adapter_address":"B8:27:EB:43:8D:51","setup_state":"needs_setup"}]}}
/org/bluez/hci0/dev_98_47_44_CD_73_DE b true
/org/bluez/hci1/dev_98_47_44_CD_73_DE absent
2026-08-24T19:09:20,115735971-04:00
{"state":"CALL_DOWN","call":false,"output":{"desired":"wired:alsa_output.platform-3f00b840.mailbox.stereo-fallback","chosen":"wired:alsa_output.platform-3f00b840.mailbox.stereo-fallback","reason":"desired output is available","candidates":[{"id":"wired:alsa_output.platform-3f00b840.mailbox.stereo-fallback","present":true,"connected":true,"adapter":null,"adapter_address":null,"setup_state":"ready"},{"id":"a2dp:C9:5C:FD:6E:28:46","present":false,"connected":false,"adapter":"hci1","adapter_address":"A0:AD:9F:73:6C:24","setup_state":"ready"},{"id":"a2dp:50:D7:1B:74:34:D6","present":false,"connected":false,"adapter":"hci1","adapter_address":"A0:AD:9F:73:6C:24","setup_state":"ready"},{"id":"a2dp:98:47:44:CD:73:DE","present":false,"connected":false,"adapter":"hci0","adapter_address":"B8:27:EB:43:8D:51","setup_state":"needs_setup"}]}}
/org/bluez/hci0/dev_98_47_44_CD_73_DE b true
/org/bluez/hci1/dev_98_47_44_CD_73_DE absent
2026-08-24T19:09:21,188764497-04:00
{"state":"CALL_DOWN","call":false,"output":{"desired":"wired:alsa_output.platform-3f00b840.mailbox.stereo-fallback","chosen":"wired:alsa_output.platform-3f00b840.mailbox.stereo-fallback","reason":"desired output is available","candidates":[{"id":"wired:alsa_output.platform-3f00b840.mailbox.stereo-fallback","present":true,"connected":true,"adapter":null,"adapter_address":null,"setup_state":"ready"},{"id":"a2dp:C9:5C:FD:6E:28:46","present":false,"connected":false,"adapter":"hci1","adapter_address":"A0:AD:9F:73:6C:24","setup_state":"ready"},{"id":"a2dp:50:D7:1B:74:34:D6","present":false,"connected":false,"adapter":"hci1","adapter_address":"A0:AD:9F:73:6C:24","setup_state":"ready"},{"id":"a2dp:98:47:44:CD:73:DE","present":false,"connected":false,"adapter":"hci0","adapter_address":"B8:27:EB:43:8D:51","setup_state":"needs_setup"}]}}
/org/bluez/hci0/dev_98_47_44_CD_73_DE b true
/org/bluez/hci1/dev_98_47_44_CD_73_DE absent
2026-08-24T19:09:22,262504428-04:00
{"state":"CALL_DOWN","call":false,"output":{"desired":"wired:alsa_output.platform-3f00b840.mailbox.stereo-fallback","chosen":"wired:alsa_output.platform-3f00b840.mailbox.stereo-fallback","reason":"desired output is available","candidates":[{"id":"wired:alsa_output.platform-3f00b840.mailbox.stereo-fallback","present":true,"connected":true,"adapter":null,"adapter_address":null,"setup_state":"ready"},{"id":"a2dp:C9:5C:FD:6E:28:46","present":false,"connected":false,"adapter":"hci1","adapter_address":"A0:AD:9F:73:6C:24","setup_state":"ready"},{"id":"a2dp:50:D7:1B:74:34:D6","present":false,"connected":false,"adapter":"hci1","adapter_address":"A0:AD:9F:73:6C:24","setup_state":"ready"},{"id":"a2dp:98:47:44:CD:73:DE","present":false,"connected":false,"adapter":"hci0","adapter_address":"B8:27:EB:43:8D:51","setup_state":"needs_setup"}]}}
/org/bluez/hci0/dev_98_47_44_CD_73_DE b true
/org/bluez/hci1/dev_98_47_44_CD_73_DE absent
2026-08-24T19:09:23,335489005-04:00
{"state":"CALL_DOWN","call":false,"output":{"desired":"wired:alsa_output.platform-3f00b840.mailbox.stereo-fallback","chosen":"wired:alsa_output.platform-3f00b840.mailbox.stereo-fallback","reason":"desired output is available","candidates":[{"id":"wired:alsa_output.platform-3f00b840.mailbox.stereo-fallback","present":true,"connected":true,"adapter":null,"adapter_address":null,"setup_state":"ready"},{"id":"a2dp:C9:5C:FD:6E:28:46","present":false,"connected":false,"adapter":"hci1","adapter_address":"A0:AD:9F:73:6C:24","setup_state":"ready"},{"id":"a2dp:50:D7:1B:74:34:D6","present":false,"connected":false,"adapter":"hci1","adapter_address":"A0:AD:9F:73:6C:24","setup_state":"ready"},{"id":"a2dp:98:47:44:CD:73:DE","present":false,"connected":false,"adapter":"hci0","adapter_address":"B8:27:EB:43:8D:51","setup_state":"needs_setup"}]}}
/org/bluez/hci0/dev_98_47_44_CD_73_DE b true
/org/bluez/hci1/dev_98_47_44_CD_73_DE absent
2026-08-24T19:09:24,408267390-04:00
{"state":"CALL_DOWN","call":false,"output":{"desired":"wired:alsa_output.platform-3f00b840.mailbox.stereo-fallback","chosen":"wired:alsa_output.platform-3f00b840.mailbox.stereo-fallback","reason":"desired output is available","candidates":[{"id":"wired:alsa_output.platform-3f00b840.mailbox.stereo-fallback","present":true,"connected":true,"adapter":null,"adapter_address":null,"setup_state":"ready"},{"id":"a2dp:C9:5C:FD:6E:28:46","present":false,"connected":false,"adapter":"hci1","adapter_address":"A0:AD:9F:73:6C:24","setup_state":"ready"},{"id":"a2dp:50:D7:1B:74:34:D6","present":false,"connected":false,"adapter":"hci1","adapter_address":"A0:AD:9F:73:6C:24","setup_state":"ready"},{"id":"a2dp:98:47:44:CD:73:DE","present":false,"connected":false,"adapter":"hci0","adapter_address":"B8:27:EB:43:8D:51","setup_state":"needs_setup"}]}}
/org/bluez/hci0/dev_98_47_44_CD_73_DE b true
/org/bluez/hci1/dev_98_47_44_CD_73_DE absent
2026-08-24T19:09:25,481536349-04:00
{"state":"CALL_DOWN","call":false,"output":{"desired":"wired:alsa_output.platform-3f00b840.mailbox.stereo-fallback","chosen":"wired:alsa_output.platform-3f00b840.mailbox.stereo-fallback","reason":"desired output is available","candidates":[{"id":"wired:alsa_output.platform-3f00b840.mailbox.stereo-fallback","present":true,"connected":true,"adapter":null,"adapter_address":null,"setup_state":"ready"},{"id":"a2dp:C9:5C:FD:6E:28:46","present":false,"connected":false,"adapter":"hci1","adapter_address":"A0:AD:9F:73:6C:24","setup_state":"ready"},{"id":"a2dp:50:D7:1B:74:34:D6","present":false,"connected":false,"adapter":"hci1","adapter_address":"A0:AD:9F:73:6C:24","setup_state":"ready"},{"id":"a2dp:98:47:44:CD:73:DE","present":false,"connected":false,"adapter":"hci0","adapter_address":"B8:27:EB:43:8D:51","setup_state":"needs_setup"}]}}
/org/bluez/hci0/dev_98_47_44_CD_73_DE b true
/org/bluez/hci1/dev_98_47_44_CD_73_DE absent
2026-08-24T19:09:26,555075049-04:00
{"state":"CALL_DOWN","call":false,"output":{"desired":"wired:alsa_output.platform-3f00b840.mailbox.stereo-fallback","chosen":"wired:alsa_output.platform-3f00b840.mailbox.stereo-fallback","reason":"desired output is available","candidates":[{"id":"wired:alsa_output.platform-3f00b840.mailbox.stereo-fallback","present":true,"connected":true,"adapter":null,"adapter_address":null,"setup_state":"ready"},{"id":"a2dp:C9:5C:FD:6E:28:46","present":false,"connected":false,"adapter":"hci1","adapter_address":"A0:AD:9F:73:6C:24","setup_state":"ready"},{"id":"a2dp:50:D7:1B:74:34:D6","present":false,"connected":false,"adapter":"hci1","adapter_address":"A0:AD:9F:73:6C:24","setup_state":"ready"},{"id":"a2dp:98:47:44:CD:73:DE","present":false,"connected":false,"adapter":"hci0","adapter_address":"B8:27:EB:43:8D:51","setup_state":"needs_setup"}]}}
/org/bluez/hci0/dev_98_47_44_CD_73_DE b true
/org/bluez/hci1/dev_98_47_44_CD_73_DE absent
2026-08-24T19:09:27,628211621-04:00
{"state":"CALL_DOWN","call":false,"output":{"desired":"wired:alsa_output.platform-3f00b840.mailbox.stereo-fallback","chosen":"wired:alsa_output.platform-3f00b840.mailbox.stereo-fallback","reason":"desired output is available","candidates":[{"id":"wired:alsa_output.platform-3f00b840.mailbox.stereo-fallback","present":true,"connected":true,"adapter":null,"adapter_address":null,"setup_state":"ready"},{"id":"a2dp:C9:5C:FD:6E:28:46","present":false,"connected":false,"adapter":"hci1","adapter_address":"A0:AD:9F:73:6C:24","setup_state":"ready"},{"id":"a2dp:50:D7:1B:74:34:D6","present":false,"connected":false,"adapter":"hci1","adapter_address":"A0:AD:9F:73:6C:24","setup_state":"ready"},{"id":"a2dp:98:47:44:CD:73:DE","present":false,"connected":false,"adapter":"hci0","adapter_address":"B8:27:EB:43:8D:51","setup_state":"needs_setup"}]}}
/org/bluez/hci0/dev_98_47_44_CD_73_DE b true
/org/bluez/hci1/dev_98_47_44_CD_73_DE b false
2026-08-24T19:09:28,702791415-04:00
{"state":"CALL_DOWN","call":false,"output":{"desired":"wired:alsa_output.platform-3f00b840.mailbox.stereo-fallback","chosen":"wired:alsa_output.platform-3f00b840.mailbox.stereo-fallback","reason":"desired output is available","candidates":[{"id":"wired:alsa_output.platform-3f00b840.mailbox.stereo-fallback","present":true,"connected":true,"adapter":null,"adapter_address":null,"setup_state":"ready"},{"id":"a2dp:C9:5C:FD:6E:28:46","present":false,"connected":false,"adapter":"hci1","adapter_address":"A0:AD:9F:73:6C:24","setup_state":"ready"},{"id":"a2dp:50:D7:1B:74:34:D6","present":false,"connected":false,"adapter":"hci1","adapter_address":"A0:AD:9F:73:6C:24","setup_state":"ready"},{"id":"a2dp:98:47:44:CD:73:DE","present":false,"connected":false,"adapter":"hci0","adapter_address":"B8:27:EB:43:8D:51","setup_state":"needs_setup"}]}}
/org/bluez/hci0/dev_98_47_44_CD_73_DE b true
/org/bluez/hci1/dev_98_47_44_CD_73_DE b false
2026-08-24T19:09:29,776873821-04:00
{"state":"CALL_DOWN","call":false,"output":{"desired":"wired:alsa_output.platform-3f00b840.mailbox.stereo-fallback","chosen":"wired:alsa_output.platform-3f00b840.mailbox.stereo-fallback","reason":"desired output is available","candidates":[{"id":"wired:alsa_output.platform-3f00b840.mailbox.stereo-fallback","present":true,"connected":true,"adapter":null,"adapter_address":null,"setup_state":"ready"},{"id":"a2dp:C9:5C:FD:6E:28:46","present":false,"connected":false,"adapter":"hci1","adapter_address":"A0:AD:9F:73:6C:24","setup_state":"ready"},{"id":"a2dp:50:D7:1B:74:34:D6","present":false,"connected":false,"adapter":"hci1","adapter_address":"A0:AD:9F:73:6C:24","setup_state":"ready"},{"id":"a2dp:98:47:44:CD:73:DE","present":false,"connected":false,"adapter":"hci0","adapter_address":"B8:27:EB:43:8D:51","setup_state":"needs_setup"}]}}
/org/bluez/hci0/dev_98_47_44_CD_73_DE b true
/org/bluez/hci1/dev_98_47_44_CD_73_DE b false
2026-08-24T19:09:30,851406645-04:00
{"state":"CALL_DOWN","call":false,"output":{"desired":"wired:alsa_output.platform-3f00b840.mailbox.stereo-fallback","chosen":"wired:alsa_output.platform-3f00b840.mailbox.stereo-fallback","reason":"desired output is available","candidates":[{"id":"wired:alsa_output.platform-3f00b840.mailbox.stereo-fallback","present":true,"connected":true,"adapter":null,"adapter_address":null,"setup_state":"ready"},{"id":"a2dp:C9:5C:FD:6E:28:46","present":false,"connected":false,"adapter":"hci1","adapter_address":"A0:AD:9F:73:6C:24","setup_state":"ready"},{"id":"a2dp:50:D7:1B:74:34:D6","present":false,"connected":false,"adapter":"hci1","adapter_address":"A0:AD:9F:73:6C:24","setup_state":"ready"},{"id":"a2dp:98:47:44:CD:73:DE","present":false,"connected":false,"adapter":"hci0","adapter_address":"B8:27:EB:43:8D:51","setup_state":"needs_setup"}]}}
/org/bluez/hci0/dev_98_47_44_CD_73_DE b true
/org/bluez/hci1/dev_98_47_44_CD_73_DE b false
2026-08-24T19:09:31,931173233-04:00
{"state":"CALL_DOWN","call":false,"output":{"desired":"wired:alsa_output.platform-3f00b840.mailbox.stereo-fallback","chosen":"wired:alsa_output.platform-3f00b840.mailbox.stereo-fallback","reason":"desired output is available","candidates":[{"id":"wired:alsa_output.platform-3f00b840.mailbox.stereo-fallback","present":true,"connected":true,"adapter":null,"adapter_address":null,"setup_state":"ready"},{"id":"a2dp:C9:5C:FD:6E:28:46","present":false,"connected":false,"adapter":"hci1","adapter_address":"A0:AD:9F:73:6C:24","setup_state":"ready"},{"id":"a2dp:50:D7:1B:74:34:D6","present":false,"connected":false,"adapter":"hci1","adapter_address":"A0:AD:9F:73:6C:24","setup_state":"ready"},{"id":"a2dp:98:47:44:CD:73:DE","present":false,"connected":false,"adapter":"hci0","adapter_address":"B8:27:EB:43:8D:51","setup_state":"needs_setup"}]}}
/org/bluez/hci0/dev_98_47_44_CD_73_DE b true
/org/bluez/hci1/dev_98_47_44_CD_73_DE b false
2026-08-24T19:09:33,005960074-04:00
{"state":"CALL_DOWN","call":false,"output":{"desired":"wired:alsa_output.platform-3f00b840.mailbox.stereo-fallback","chosen":"wired:alsa_output.platform-3f00b840.mailbox.stereo-fallback","reason":"desired output is available","candidates":[{"id":"wired:alsa_output.platform-3f00b840.mailbox.stereo-fallback","present":true,"connected":true,"adapter":null,"adapter_address":null,"setup_state":"ready"},{"id":"a2dp:C9:5C:FD:6E:28:46","present":false,"connected":false,"adapter":"hci1","adapter_address":"A0:AD:9F:73:6C:24","setup_state":"ready"},{"id":"a2dp:50:D7:1B:74:34:D6","present":false,"connected":false,"adapter":"hci1","adapter_address":"A0:AD:9F:73:6C:24","setup_state":"ready"},{"id":"a2dp:98:47:44:CD:73:DE","present":false,"connected":false,"adapter":"hci0","adapter_address":"B8:27:EB:43:8D:51","setup_state":"needs_setup"}]}}
/org/bluez/hci0/dev_98_47_44_CD_73_DE b true
/org/bluez/hci1/dev_98_47_44_CD_73_DE b false
2026-08-24T19:09:34,081826025-04:00
{"state":"CALL_DOWN","call":false,"output":{"desired":"wired:alsa_output.platform-3f00b840.mailbox.stereo-fallback","chosen":"wired:alsa_output.platform-3f00b840.mailbox.stereo-fallback","reason":"desired output is available","candidates":[{"id":"wired:alsa_output.platform-3f00b840.mailbox.stereo-fallback","present":true,"connected":true,"adapter":null,"adapter_address":null,"setup_state":"ready"},{"id":"a2dp:C9:5C:FD:6E:28:46","present":false,"connected":false,"adapter":"hci1","adapter_address":"A0:AD:9F:73:6C:24","setup_state":"ready"},{"id":"a2dp:50:D7:1B:74:34:D6","present":false,"connected":false,"adapter":"hci1","adapter_address":"A0:AD:9F:73:6C:24","setup_state":"ready"},{"id":"a2dp:98:47:44:CD:73:DE","present":false,"connected":false,"adapter":"hci0","adapter_address":"B8:27:EB:43:8D:51","setup_state":"needs_setup"}]}}
/org/bluez/hci0/dev_98_47_44_CD_73_DE b true
/org/bluez/hci1/dev_98_47_44_CD_73_DE b false
2026-08-24T19:09:35,156161419-04:00
{"state":"CALL_DOWN","call":false,"output":{"desired":"wired:alsa_output.platform-3f00b840.mailbox.stereo-fallback","chosen":"wired:alsa_output.platform-3f00b840.mailbox.stereo-fallback","reason":"desired output is available","candidates":[{"id":"wired:alsa_output.platform-3f00b840.mailbox.stereo-fallback","present":true,"connected":true,"adapter":null,"adapter_address":null,"setup_state":"ready"},{"id":"a2dp:C9:5C:FD:6E:28:46","present":false,"connected":false,"adapter":"hci1","adapter_address":"A0:AD:9F:73:6C:24","setup_state":"ready"},{"id":"a2dp:50:D7:1B:74:34:D6","present":false,"connected":false,"adapter":"hci1","adapter_address":"A0:AD:9F:73:6C:24","setup_state":"ready"},{"id":"a2dp:98:47:44:CD:73:DE","present":false,"connected":false,"adapter":"hci0","adapter_address":"B8:27:EB:43:8D:51","setup_state":"needs_setup"}]}}
/org/bluez/hci0/dev_98_47_44_CD_73_DE b true
/org/bluez/hci1/dev_98_47_44_CD_73_DE b false
2026-08-24T19:09:36,230419996-04:00
{"state":"CALL_DOWN","call":false,"output":{"desired":"wired:alsa_output.platform-3f00b840.mailbox.stereo-fallback","chosen":"wired:alsa_output.platform-3f00b840.mailbox.stereo-fallback","reason":"desired output is available","candidates":[{"id":"wired:alsa_output.platform-3f00b840.mailbox.stereo-fallback","present":true,"connected":true,"adapter":null,"adapter_address":null,"setup_state":"ready"},{"id":"a2dp:C9:5C:FD:6E:28:46","present":false,"connected":false,"adapter":"hci1","adapter_address":"A0:AD:9F:73:6C:24","setup_state":"ready"},{"id":"a2dp:50:D7:1B:74:34:D6","present":false,"connected":false,"adapter":"hci1","adapter_address":"A0:AD:9F:73:6C:24","setup_state":"ready"},{"id":"a2dp:98:47:44:CD:73:DE","present":false,"connected":false,"adapter":"hci0","adapter_address":"B8:27:EB:43:8D:51","setup_state":"needs_setup"}]}}
/org/bluez/hci0/dev_98_47_44_CD_73_DE b true
/org/bluez/hci1/dev_98_47_44_CD_73_DE b false
2026-08-24T19:09:37,304849460-04:00
{"state":"CALL_DOWN","call":false,"output":{"desired":"wired:alsa_output.platform-3f00b840.mailbox.stereo-fallback","chosen":"wired:alsa_output.platform-3f00b840.mailbox.stereo-fallback","reason":"desired output is available","candidates":[{"id":"wired:alsa_output.platform-3f00b840.mailbox.stereo-fallback","present":true,"connected":true,"adapter":null,"adapter_address":null,"setup_state":"ready"},{"id":"a2dp:C9:5C:FD:6E:28:46","present":false,"connected":false,"adapter":"hci1","adapter_address":"A0:AD:9F:73:6C:24","setup_state":"ready"},{"id":"a2dp:50:D7:1B:74:34:D6","present":false,"connected":false,"adapter":"hci1","adapter_address":"A0:AD:9F:73:6C:24","setup_state":"ready"},{"id":"a2dp:98:47:44:CD:73:DE","present":false,"connected":false,"adapter":"hci0","adapter_address":"B8:27:EB:43:8D:51","setup_state":"needs_setup"}]}}
/org/bluez/hci0/dev_98_47_44_CD_73_DE b true
/org/bluez/hci1/dev_98_47_44_CD_73_DE b false
2026-08-24T19:09:38,379481427-04:00
{"state":"CALL_DOWN","call":false,"output":{"desired":"wired:alsa_output.platform-3f00b840.mailbox.stereo-fallback","chosen":"wired:alsa_output.platform-3f00b840.mailbox.stereo-fallback","reason":"desired output is available","candidates":[{"id":"wired:alsa_output.platform-3f00b840.mailbox.stereo-fallback","present":true,"connected":true,"adapter":null,"adapter_address":null,"setup_state":"ready"},{"id":"a2dp:C9:5C:FD:6E:28:46","present":false,"connected":false,"adapter":"hci1","adapter_address":"A0:AD:9F:73:6C:24","setup_state":"ready"},{"id":"a2dp:50:D7:1B:74:34:D6","present":false,"connected":false,"adapter":"hci1","adapter_address":"A0:AD:9F:73:6C:24","setup_state":"ready"},{"id":"a2dp:98:47:44:CD:73:DE","present":false,"connected":false,"adapter":"hci0","adapter_address":"B8:27:EB:43:8D:51","setup_state":"needs_setup"}]}}
/org/bluez/hci0/dev_98_47_44_CD_73_DE b true
/org/bluez/hci1/dev_98_47_44_CD_73_DE b false
2026-08-24T19:09:39,453707256-04:00
{"state":"CALL_DOWN","call":false,"output":{"desired":"wired:alsa_output.platform-3f00b840.mailbox.stereo-fallback","chosen":"wired:alsa_output.platform-3f00b840.mailbox.stereo-fallback","reason":"desired output is available","candidates":[{"id":"wired:alsa_output.platform-3f00b840.mailbox.stereo-fallback","present":true,"connected":true,"adapter":null,"adapter_address":null,"setup_state":"ready"},{"id":"a2dp:C9:5C:FD:6E:28:46","present":false,"connected":false,"adapter":"hci1","adapter_address":"A0:AD:9F:73:6C:24","setup_state":"ready"},{"id":"a2dp:50:D7:1B:74:34:D6","present":false,"connected":false,"adapter":"hci1","adapter_address":"A0:AD:9F:73:6C:24","setup_state":"ready"},{"id":"a2dp:98:47:44:CD:73:DE","present":false,"connected":false,"adapter":"hci0","adapter_address":"B8:27:EB:43:8D:51","setup_state":"needs_setup"}]}}
/org/bluez/hci0/dev_98_47_44_CD_73_DE b true
/org/bluez/hci1/dev_98_47_44_CD_73_DE b false
2026-08-24T19:09:40,527524394-04:00
{"state":"CALL_DOWN","call":false,"output":{"desired":"wired:alsa_output.platform-3f00b840.mailbox.stereo-fallback","chosen":"wired:alsa_output.platform-3f00b840.mailbox.stereo-fallback","reason":"desired output is available","candidates":[{"id":"wired:alsa_output.platform-3f00b840.mailbox.stereo-fallback","present":true,"connected":true,"adapter":null,"adapter_address":null,"setup_state":"ready"},{"id":"a2dp:C9:5C:FD:6E:28:46","present":false,"connected":false,"adapter":"hci1","adapter_address":"A0:AD:9F:73:6C:24","setup_state":"ready"},{"id":"a2dp:50:D7:1B:74:34:D6","present":false,"connected":false,"adapter":"hci1","adapter_address":"A0:AD:9F:73:6C:24","setup_state":"ready"},{"id":"a2dp:98:47:44:CD:73:DE","present":false,"connected":false,"adapter":"hci0","adapter_address":"B8:27:EB:43:8D:51","setup_state":"needs_setup"}]}}
/org/bluez/hci0/dev_98_47_44_CD_73_DE b true
/org/bluez/hci1/dev_98_47_44_CD_73_DE b false
2026-08-24T19:09:41,601458775-04:00
{"state":"CALL_DOWN","call":false,"output":{"desired":"wired:alsa_output.platform-3f00b840.mailbox.stereo-fallback","chosen":"wired:alsa_output.platform-3f00b840.mailbox.stereo-fallback","reason":"desired output is available","candidates":[{"id":"wired:alsa_output.platform-3f00b840.mailbox.stereo-fallback","present":true,"connected":true,"adapter":null,"adapter_address":null,"setup_state":"ready"},{"id":"a2dp:C9:5C:FD:6E:28:46","present":false,"connected":false,"adapter":"hci1","adapter_address":"A0:AD:9F:73:6C:24","setup_state":"ready"},{"id":"a2dp:50:D7:1B:74:34:D6","present":false,"connected":false,"adapter":"hci1","adapter_address":"A0:AD:9F:73:6C:24","setup_state":"ready"},{"id":"a2dp:98:47:44:CD:73:DE","present":false,"connected":false,"adapter":"hci0","adapter_address":"B8:27:EB:43:8D:51","setup_state":"needs_setup"}]}}
/org/bluez/hci0/dev_98_47_44_CD_73_DE b true
/org/bluez/hci1/dev_98_47_44_CD_73_DE b false
2026-08-24T19:09:42,674783112-04:00
{"state":"CALL_DOWN","call":false,"output":{"desired":"wired:alsa_output.platform-3f00b840.mailbox.stereo-fallback","chosen":"wired:alsa_output.platform-3f00b840.mailbox.stereo-fallback","reason":"desired output is available","candidates":[{"id":"wired:alsa_output.platform-3f00b840.mailbox.stereo-fallback","present":true,"connected":true,"adapter":null,"adapter_address":null,"setup_state":"ready"},{"id":"a2dp:C9:5C:FD:6E:28:46","present":false,"connected":false,"adapter":"hci1","adapter_address":"A0:AD:9F:73:6C:24","setup_state":"ready"},{"id":"a2dp:50:D7:1B:74:34:D6","present":false,"connected":false,"adapter":"hci1","adapter_address":"A0:AD:9F:73:6C:24","setup_state":"ready"},{"id":"a2dp:98:47:44:CD:73:DE","present":false,"connected":false,"adapter":"hci0","adapter_address":"B8:27:EB:43:8D:51","setup_state":"needs_setup"}]}}
/org/bluez/hci0/dev_98_47_44_CD_73_DE b true
/org/bluez/hci1/dev_98_47_44_CD_73_DE b false
2026-08-24T19:09:43,747730113-04:00
{"state":"CALL_DOWN","call":false,"output":{"desired":"wired:alsa_output.platform-3f00b840.mailbox.stereo-fallback","chosen":"wired:alsa_output.platform-3f00b840.mailbox.stereo-fallback","reason":"desired output is available","candidates":[{"id":"wired:alsa_output.platform-3f00b840.mailbox.stereo-fallback","present":true,"connected":true,"adapter":null,"adapter_address":null,"setup_state":"ready"},{"id":"a2dp:C9:5C:FD:6E:28:46","present":false,"connected":false,"adapter":"hci1","adapter_address":"A0:AD:9F:73:6C:24","setup_state":"ready"},{"id":"a2dp:50:D7:1B:74:34:D6","present":false,"connected":false,"adapter":"hci1","adapter_address":"A0:AD:9F:73:6C:24","setup_state":"ready"},{"id":"a2dp:98:47:44:CD:73:DE","present":false,"connected":false,"adapter":"hci0","adapter_address":"B8:27:EB:43:8D:51","setup_state":"needs_setup"}]}}
/org/bluez/hci0/dev_98_47_44_CD_73_DE b true
/org/bluez/hci1/dev_98_47_44_CD_73_DE b false
2026-08-24T19:09:44,820402745-04:00
{"state":"CALL_DOWN","call":false,"output":{"desired":"wired:alsa_output.platform-3f00b840.mailbox.stereo-fallback","chosen":"wired:alsa_output.platform-3f00b840.mailbox.stereo-fallback","reason":"desired output is available","candidates":[{"id":"wired:alsa_output.platform-3f00b840.mailbox.stereo-fallback","present":true,"connected":true,"adapter":null,"adapter_address":null,"setup_state":"ready"},{"id":"a2dp:C9:5C:FD:6E:28:46","present":false,"connected":false,"adapter":"hci1","adapter_address":"A0:AD:9F:73:6C:24","setup_state":"ready"},{"id":"a2dp:50:D7:1B:74:34:D6","present":false,"connected":false,"adapter":"hci1","adapter_address":"A0:AD:9F:73:6C:24","setup_state":"ready"},{"id":"a2dp:98:47:44:CD:73:DE","present":false,"connected":false,"adapter":"hci0","adapter_address":"B8:27:EB:43:8D:51","setup_state":"needs_setup"}]}}
/org/bluez/hci0/dev_98_47_44_CD_73_DE b true
/org/bluez/hci1/dev_98_47_44_CD_73_DE b false
2026-08-24T19:09:45,894191675-04:00
{"state":"CALL_DOWN","call":false,"output":{"desired":"wired:alsa_output.platform-3f00b840.mailbox.stereo-fallback","chosen":"wired:alsa_output.platform-3f00b840.mailbox.stereo-fallback","reason":"desired output is available","candidates":[{"id":"wired:alsa_output.platform-3f00b840.mailbox.stereo-fallback","present":true,"connected":true,"adapter":null,"adapter_address":null,"setup_state":"ready"},{"id":"a2dp:C9:5C:FD:6E:28:46","present":false,"connected":false,"adapter":"hci1","adapter_address":"A0:AD:9F:73:6C:24","setup_state":"ready"},{"id":"a2dp:50:D7:1B:74:34:D6","present":false,"connected":false,"adapter":"hci1","adapter_address":"A0:AD:9F:73:6C:24","setup_state":"ready"},{"id":"a2dp:98:47:44:CD:73:DE","present":false,"connected":false,"adapter":"hci0","adapter_address":"B8:27:EB:43:8D:51","setup_state":"needs_setup"}]}}
/org/bluez/hci0/dev_98_47_44_CD_73_DE b true
/org/bluez/hci1/dev_98_47_44_CD_73_DE b true
2026-08-24T19:09:47,011064959-04:00
{"state":"CALL_DOWN","call":false,"output":{"desired":"wired:alsa_output.platform-3f00b840.mailbox.stereo-fallback","chosen":"wired:alsa_output.platform-3f00b840.mailbox.stereo-fallback","reason":"desired output is available","candidates":[{"id":"wired:alsa_output.platform-3f00b840.mailbox.stereo-fallback","present":true,"connected":true,"adapter":null,"adapter_address":null,"setup_state":"ready"},{"id":"a2dp:98:47:44:CD:73:DE","present":false,"connected":true,"adapter":"hci1","adapter_address":"A0:AD:9F:73:6C:24","setup_state":"ready"},{"id":"a2dp:C9:5C:FD:6E:28:46","present":false,"connected":false,"adapter":"hci1","adapter_address":"A0:AD:9F:73:6C:24","setup_state":"ready"},{"id":"a2dp:50:D7:1B:74:34:D6","present":false,"connected":false,"adapter":"hci1","adapter_address":"A0:AD:9F:73:6C:24","setup_state":"ready"}]}}
/org/bluez/hci0/dev_98_47_44_CD_73_DE b true
/org/bluez/hci1/dev_98_47_44_CD_73_DE b true
2026-08-24T19:09:48,098676966-04:00
{"state":"CALL_DOWN","call":false,"output":{"desired":"wired:alsa_output.platform-3f00b840.mailbox.stereo-fallback","chosen":"wired:alsa_output.platform-3f00b840.mailbox.stereo-fallback","reason":"desired output is available","candidates":[{"id":"wired:alsa_output.platform-3f00b840.mailbox.stereo-fallback","present":true,"connected":true,"adapter":null,"adapter_address":null,"setup_state":"ready"},{"id":"a2dp:98:47:44:CD:73:DE","present":false,"connected":true,"adapter":"hci1","adapter_address":"A0:AD:9F:73:6C:24","setup_state":"ready"},{"id":"a2dp:C9:5C:FD:6E:28:46","present":false,"connected":false,"adapter":"hci1","adapter_address":"A0:AD:9F:73:6C:24","setup_state":"ready"},{"id":"a2dp:50:D7:1B:74:34:D6","present":false,"connected":false,"adapter":"hci1","adapter_address":"A0:AD:9F:73:6C:24","setup_state":"ready"}]}}
/org/bluez/hci0/dev_98_47_44_CD_73_DE b true
/org/bluez/hci1/dev_98_47_44_CD_73_DE b true
2026-08-24T19:09:49,176311660-04:00
{"state":"CALL_DOWN","call":false,"output":{"desired":"wired:alsa_output.platform-3f00b840.mailbox.stereo-fallback","chosen":"wired:alsa_output.platform-3f00b840.mailbox.stereo-fallback","reason":"desired output is available","candidates":[{"id":"wired:alsa_output.platform-3f00b840.mailbox.stereo-fallback","present":true,"connected":true,"adapter":null,"adapter_address":null,"setup_state":"ready"},{"id":"a2dp:98:47:44:CD:73:DE","present":true,"connected":true,"adapter":"hci1","adapter_address":"A0:AD:9F:73:6C:24","setup_state":"ready"},{"id":"a2dp:C9:5C:FD:6E:28:46","present":false,"connected":false,"adapter":"hci1","adapter_address":"A0:AD:9F:73:6C:24","setup_state":"ready"},{"id":"a2dp:50:D7:1B:74:34:D6","present":false,"connected":false,"adapter":"hci1","adapter_address":"A0:AD:9F:73:6C:24","setup_state":"ready"}]}}
/org/bluez/hci0/dev_98_47_44_CD_73_DE b true
/org/bluez/hci1/dev_98_47_44_CD_73_DE b true
2026-08-24T19:09:50,258190595-04:00
{"state":"CALL_DOWN","call":false,"output":{"desired":"a2dp:98:47:44:CD:73:DE","chosen":"a2dp:98:47:44:CD:73:DE","reason":"desired output is available","candidates":[{"id":"wired:alsa_output.platform-3f00b840.mailbox.stereo-fallback","present":true,"connected":true,"adapter":null,"adapter_address":null,"setup_state":"ready"},{"id":"a2dp:98:47:44:CD:73:DE","present":true,"connected":true,"adapter":"hci1","adapter_address":"A0:AD:9F:73:6C:24","setup_state":"ready"},{"id":"a2dp:C9:5C:FD:6E:28:46","present":false,"connected":false,"adapter":"hci1","adapter_address":"A0:AD:9F:73:6C:24","setup_state":"ready"},{"id":"a2dp:50:D7:1B:74:34:D6","present":false,"connected":false,"adapter":"hci1","adapter_address":"A0:AD:9F:73:6C:24","setup_state":"ready"}]}}
/org/bluez/hci0/dev_98_47_44_CD_73_DE b true
/org/bluez/hci1/dev_98_47_44_CD_73_DE b true
2026-08-24T19:09:51,330992991-04:00
{"state":"CALL_DOWN","call":false,"output":{"desired":"a2dp:98:47:44:CD:73:DE","chosen":"a2dp:98:47:44:CD:73:DE","reason":"desired output is available","candidates":[{"id":"wired:alsa_output.platform-3f00b840.mailbox.stereo-fallback","present":true,"connected":true,"adapter":null,"adapter_address":null,"setup_state":"ready"},{"id":"a2dp:98:47:44:CD:73:DE","present":true,"connected":true,"adapter":"hci1","adapter_address":"A0:AD:9F:73:6C:24","setup_state":"ready"},{"id":"a2dp:C9:5C:FD:6E:28:46","present":false,"connected":false,"adapter":"hci1","adapter_address":"A0:AD:9F:73:6C:24","setup_state":"ready"},{"id":"a2dp:50:D7:1B:74:34:D6","present":false,"connected":false,"adapter":"hci1","adapter_address":"A0:AD:9F:73:6C:24","setup_state":"ready"}]}}
/org/bluez/hci0/dev_98_47_44_CD_73_DE b true
/org/bluez/hci1/dev_98_47_44_CD_73_DE b true
2026-08-24T19:09:52,403852630-04:00
{"state":"CALL_DOWN","call":false,"output":{"desired":"a2dp:98:47:44:CD:73:DE","chosen":"a2dp:98:47:44:CD:73:DE","reason":"desired output is available","candidates":[{"id":"wired:alsa_output.platform-3f00b840.mailbox.stereo-fallback","present":true,"connected":true,"adapter":null,"adapter_address":null,"setup_state":"ready"},{"id":"a2dp:98:47:44:CD:73:DE","present":true,"connected":true,"adapter":"hci1","adapter_address":"A0:AD:9F:73:6C:24","setup_state":"ready"},{"id":"a2dp:C9:5C:FD:6E:28:46","present":false,"connected":false,"adapter":"hci1","adapter_address":"A0:AD:9F:73:6C:24","setup_state":"ready"},{"id":"a2dp:50:D7:1B:74:34:D6","present":false,"connected":false,"adapter":"hci1","adapter_address":"A0:AD:9F:73:6C:24","setup_state":"ready"}]}}
/org/bluez/hci0/dev_98_47_44_CD_73_DE b true
/org/bluez/hci1/dev_98_47_44_CD_73_DE b true
2026-08-24T19:09:53,476899927-04:00
{"state":"CALL_DOWN","call":false,"output":{"desired":"a2dp:98:47:44:CD:73:DE","chosen":"a2dp:98:47:44:CD:73:DE","reason":"desired output is available","candidates":[{"id":"wired:alsa_output.platform-3f00b840.mailbox.stereo-fallback","present":true,"connected":true,"adapter":null,"adapter_address":null,"setup_state":"ready"},{"id":"a2dp:98:47:44:CD:73:DE","present":true,"connected":true,"adapter":"hci1","adapter_address":"A0:AD:9F:73:6C:24","setup_state":"ready"},{"id":"a2dp:C9:5C:FD:6E:28:46","present":false,"connected":false,"adapter":"hci1","adapter_address":"A0:AD:9F:73:6C:24","setup_state":"ready"},{"id":"a2dp:50:D7:1B:74:34:D6","present":false,"connected":false,"adapter":"hci1","adapter_address":"A0:AD:9F:73:6C:24","setup_state":"ready"}]}}
/org/bluez/hci0/dev_98_47_44_CD_73_DE b true
/org/bluez/hci1/dev_98_47_44_CD_73_DE b true
2026-08-24T19:09:54,549977333-04:00
{"state":"CALL_DOWN","call":false,"output":{"desired":"a2dp:98:47:44:CD:73:DE","chosen":"a2dp:98:47:44:CD:73:DE","reason":"desired output is available","candidates":[{"id":"wired:alsa_output.platform-3f00b840.mailbox.stereo-fallback","present":true,"connected":true,"adapter":null,"adapter_address":null,"setup_state":"ready"},{"id":"a2dp:98:47:44:CD:73:DE","present":true,"connected":true,"adapter":"hci1","adapter_address":"A0:AD:9F:73:6C:24","setup_state":"ready"},{"id":"a2dp:C9:5C:FD:6E:28:46","present":false,"connected":false,"adapter":"hci1","adapter_address":"A0:AD:9F:73:6C:24","setup_state":"ready"},{"id":"a2dp:50:D7:1B:74:34:D6","present":false,"connected":false,"adapter":"hci1","adapter_address":"A0:AD:9F:73:6C:24","setup_state":"ready"}]}}
/org/bluez/hci0/dev_98_47_44_CD_73_DE b true
/org/bluez/hci1/dev_98_47_44_CD_73_DE b true
2026-08-24T19:09:55,622697298-04:00
{"state":"CALL_DOWN","call":false,"output":{"desired":"a2dp:98:47:44:CD:73:DE","chosen":"a2dp:98:47:44:CD:73:DE","reason":"desired output is available","candidates":[{"id":"wired:alsa_output.platform-3f00b840.mailbox.stereo-fallback","present":true,"connected":true,"adapter":null,"adapter_address":null,"setup_state":"ready"},{"id":"a2dp:98:47:44:CD:73:DE","present":true,"connected":true,"adapter":"hci1","adapter_address":"A0:AD:9F:73:6C:24","setup_state":"ready"},{"id":"a2dp:C9:5C:FD:6E:28:46","present":false,"connected":false,"adapter":"hci1","adapter_address":"A0:AD:9F:73:6C:24","setup_state":"ready"},{"id":"a2dp:50:D7:1B:74:34:D6","present":false,"connected":false,"adapter":"hci1","adapter_address":"A0:AD:9F:73:6C:24","setup_state":"ready"}]}}
/org/bluez/hci0/dev_98_47_44_CD_73_DE b true
/org/bluez/hci1/dev_98_47_44_CD_73_DE b true
2026-08-24T19:09:56,695255184-04:00
{"state":"CALL_DOWN","call":false,"output":{"desired":"a2dp:98:47:44:CD:73:DE","chosen":"a2dp:98:47:44:CD:73:DE","reason":"desired output is available","candidates":[{"id":"wired:alsa_output.platform-3f00b840.mailbox.stereo-fallback","present":true,"connected":true,"adapter":null,"adapter_address":null,"setup_state":"ready"},{"id":"a2dp:98:47:44:CD:73:DE","present":true,"connected":true,"adapter":"hci1","adapter_address":"A0:AD:9F:73:6C:24","setup_state":"ready"},{"id":"a2dp:C9:5C:FD:6E:28:46","present":false,"connected":false,"adapter":"hci1","adapter_address":"A0:AD:9F:73:6C:24","setup_state":"ready"},{"id":"a2dp:50:D7:1B:74:34:D6","present":false,"connected":false,"adapter":"hci1","adapter_address":"A0:AD:9F:73:6C:24","setup_state":"ready"}]}}
/org/bluez/hci0/dev_98_47_44_CD_73_DE b true
/org/bluez/hci1/dev_98_47_44_CD_73_DE b true
2026-08-24T19:09:57,767964584-04:00
{"state":"CALL_DOWN","call":false,"output":{"desired":"a2dp:98:47:44:CD:73:DE","chosen":"a2dp:98:47:44:CD:73:DE","reason":"desired output is available","candidates":[{"id":"wired:alsa_output.platform-3f00b840.mailbox.stereo-fallback","present":true,"connected":true,"adapter":null,"adapter_address":null,"setup_state":"ready"},{"id":"a2dp:98:47:44:CD:73:DE","present":true,"connected":true,"adapter":"hci1","adapter_address":"A0:AD:9F:73:6C:24","setup_state":"ready"},{"id":"a2dp:C9:5C:FD:6E:28:46","present":false,"connected":false,"adapter":"hci1","adapter_address":"A0:AD:9F:73:6C:24","setup_state":"ready"},{"id":"a2dp:50:D7:1B:74:34:D6","present":false,"connected":false,"adapter":"hci1","adapter_address":"A0:AD:9F:73:6C:24","setup_state":"ready"}]}}
/org/bluez/hci0/dev_98_47_44_CD_73_DE b true
/org/bluez/hci1/dev_98_47_44_CD_73_DE b true
2026-08-24T19:09:58,841068151-04:00
{"state":"CALL_DOWN","call":false,"output":{"desired":"a2dp:98:47:44:CD:73:DE","chosen":"a2dp:98:47:44:CD:73:DE","reason":"desired output is available","candidates":[{"id":"wired:alsa_output.platform-3f00b840.mailbox.stereo-fallback","present":true,"connected":true,"adapter":null,"adapter_address":null,"setup_state":"ready"},{"id":"a2dp:98:47:44:CD:73:DE","present":true,"connected":true,"adapter":"hci1","adapter_address":"A0:AD:9F:73:6C:24","setup_state":"ready"},{"id":"a2dp:C9:5C:FD:6E:28:46","present":false,"connected":false,"adapter":"hci1","adapter_address":"A0:AD:9F:73:6C:24","setup_state":"ready"},{"id":"a2dp:50:D7:1B:74:34:D6","present":false,"connected":false,"adapter":"hci1","adapter_address":"A0:AD:9F:73:6C:24","setup_state":"ready"}]}}
/org/bluez/hci0/dev_98_47_44_CD_73_DE b true
/org/bluez/hci1/dev_98_47_44_CD_73_DE b true
2026-08-24T19:09:59,914121411-04:00
{"state":"CALL_DOWN","call":false,"output":{"desired":"a2dp:98:47:44:CD:73:DE","chosen":"a2dp:98:47:44:CD:73:DE","reason":"desired output is available","candidates":[{"id":"wired:alsa_output.platform-3f00b840.mailbox.stereo-fallback","present":true,"connected":true,"adapter":null,"adapter_address":null,"setup_state":"ready"},{"id":"a2dp:98:47:44:CD:73:DE","present":true,"connected":true,"adapter":"hci1","adapter_address":"A0:AD:9F:73:6C:24","setup_state":"ready"},{"id":"a2dp:C9:5C:FD:6E:28:46","present":false,"connected":false,"adapter":"hci1","adapter_address":"A0:AD:9F:73:6C:24","setup_state":"ready"},{"id":"a2dp:50:D7:1B:74:34:D6","present":false,"connected":false,"adapter":"hci1","adapter_address":"A0:AD:9F:73:6C:24","setup_state":"ready"}]}}
/org/bluez/hci0/dev_98_47_44_CD_73_DE b true
/org/bluez/hci1/dev_98_47_44_CD_73_DE b true
2026-08-24T19:10:00,986983738-04:00
{"state":"CALL_DOWN","call":false,"output":{"desired":"a2dp:98:47:44:CD:73:DE","chosen":"a2dp:98:47:44:CD:73:DE","reason":"desired output is available","candidates":[{"id":"wired:alsa_output.platform-3f00b840.mailbox.stereo-fallback","present":true,"connected":true,"adapter":null,"adapter_address":null,"setup_state":"ready"},{"id":"a2dp:98:47:44:CD:73:DE","present":true,"connected":true,"adapter":"hci1","adapter_address":"A0:AD:9F:73:6C:24","setup_state":"ready"},{"id":"a2dp:C9:5C:FD:6E:28:46","present":false,"connected":false,"adapter":"hci1","adapter_address":"A0:AD:9F:73:6C:24","setup_state":"ready"},{"id":"a2dp:50:D7:1B:74:34:D6","present":false,"connected":false,"adapter":"hci1","adapter_address":"A0:AD:9F:73:6C:24","setup_state":"ready"}]}}
/org/bluez/hci0/dev_98_47_44_CD_73_DE b true
/org/bluez/hci1/dev_98_47_44_CD_73_DE b true
2026-08-24T19:10:02,059836277-04:00
{"state":"CALL_DOWN","call":false,"output":{"desired":"a2dp:98:47:44:CD:73:DE","chosen":"a2dp:98:47:44:CD:73:DE","reason":"desired output is available","candidates":[{"id":"wired:alsa_output.platform-3f00b840.mailbox.stereo-fallback","present":true,"connected":true,"adapter":null,"adapter_address":null,"setup_state":"ready"},{"id":"a2dp:98:47:44:CD:73:DE","present":true,"connected":true,"adapter":"hci1","adapter_address":"A0:AD:9F:73:6C:24","setup_state":"ready"},{"id":"a2dp:C9:5C:FD:6E:28:46","present":false,"connected":false,"adapter":"hci1","adapter_address":"A0:AD:9F:73:6C:24","setup_state":"ready"},{"id":"a2dp:50:D7:1B:74:34:D6","present":false,"connected":false,"adapter":"hci1","adapter_address":"A0:AD:9F:73:6C:24","setup_state":"ready"}]}}
/org/bluez/hci0/dev_98_47_44_CD_73_DE b true
/org/bluez/hci1/dev_98_47_44_CD_73_DE b true
2026-08-24T19:10:03,132447990-04:00
{"state":"CALL_DOWN","call":false,"output":{"desired":"a2dp:98:47:44:CD:73:DE","chosen":"a2dp:98:47:44:CD:73:DE","reason":"desired output is available","candidates":[{"id":"wired:alsa_output.platform-3f00b840.mailbox.stereo-fallback","present":true,"connected":true,"adapter":null,"adapter_address":null,"setup_state":"ready"},{"id":"a2dp:98:47:44:CD:73:DE","present":true,"connected":true,"adapter":"hci1","adapter_address":"A0:AD:9F:73:6C:24","setup_state":"ready"},{"id":"a2dp:C9:5C:FD:6E:28:46","present":false,"connected":false,"adapter":"hci1","adapter_address":"A0:AD:9F:73:6C:24","setup_state":"ready"},{"id":"a2dp:50:D7:1B:74:34:D6","present":false,"connected":false,"adapter":"hci1","adapter_address":"A0:AD:9F:73:6C:24","setup_state":"ready"}]}}
/org/bluez/hci0/dev_98_47_44_CD_73_DE b true
/org/bluez/hci1/dev_98_47_44_CD_73_DE b true
2026-08-24T19:10:04,205396682-04:00
{"state":"CALL_DOWN","call":false,"output":{"desired":"a2dp:98:47:44:CD:73:DE","chosen":"a2dp:98:47:44:CD:73:DE","reason":"desired output is available","candidates":[{"id":"wired:alsa_output.platform-3f00b840.mailbox.stereo-fallback","present":true,"connected":true,"adapter":null,"adapter_address":null,"setup_state":"ready"},{"id":"a2dp:98:47:44:CD:73:DE","present":true,"connected":true,"adapter":"hci1","adapter_address":"A0:AD:9F:73:6C:24","setup_state":"ready"},{"id":"a2dp:C9:5C:FD:6E:28:46","present":false,"connected":false,"adapter":"hci1","adapter_address":"A0:AD:9F:73:6C:24","setup_state":"ready"},{"id":"a2dp:50:D7:1B:74:34:D6","present":false,"connected":false,"adapter":"hci1","adapter_address":"A0:AD:9F:73:6C:24","setup_state":"ready"}]}}
/org/bluez/hci0/dev_98_47_44_CD_73_DE b true
/org/bluez/hci1/dev_98_47_44_CD_73_DE b true
2026-08-24T19:10:05,278287255-04:00
{"state":"CALL_DOWN","call":false,"output":{"desired":"a2dp:98:47:44:CD:73:DE","chosen":"a2dp:98:47:44:CD:73:DE","reason":"desired output is available","candidates":[{"id":"wired:alsa_output.platform-3f00b840.mailbox.stereo-fallback","present":true,"connected":true,"adapter":null,"adapter_address":null,"setup_state":"ready"},{"id":"a2dp:98:47:44:CD:73:DE","present":true,"connected":true,"adapter":"hci1","adapter_address":"A0:AD:9F:73:6C:24","setup_state":"ready"},{"id":"a2dp:C9:5C:FD:6E:28:46","present":false,"connected":false,"adapter":"hci1","adapter_address":"A0:AD:9F:73:6C:24","setup_state":"ready"},{"id":"a2dp:50:D7:1B:74:34:D6","present":false,"connected":false,"adapter":"hci1","adapter_address":"A0:AD:9F:73:6C:24","setup_state":"ready"}]}}
/org/bluez/hci0/dev_98_47_44_CD_73_DE b true
/org/bluez/hci1/dev_98_47_44_CD_73_DE b true
2026-08-24T19:10:06,351298559-04:00
{"state":"CALL_DOWN","call":false,"output":{"desired":"a2dp:98:47:44:CD:73:DE","chosen":"a2dp:98:47:44:CD:73:DE","reason":"desired output is available","candidates":[{"id":"wired:alsa_output.platform-3f00b840.mailbox.stereo-fallback","present":true,"connected":true,"adapter":null,"adapter_address":null,"setup_state":"ready"},{"id":"a2dp:98:47:44:CD:73:DE","present":true,"connected":true,"adapter":"hci1","adapter_address":"A0:AD:9F:73:6C:24","setup_state":"ready"},{"id":"a2dp:C9:5C:FD:6E:28:46","present":false,"connected":false,"adapter":"hci1","adapter_address":"A0:AD:9F:73:6C:24","setup_state":"ready"},{"id":"a2dp:50:D7:1B:74:34:D6","present":false,"connected":false,"adapter":"hci1","adapter_address":"A0:AD:9F:73:6C:24","setup_state":"ready"}]}}
/org/bluez/hci0/dev_98_47_44_CD_73_DE b true
/org/bluez/hci1/dev_98_47_44_CD_73_DE b true
2026-08-24T19:10:07,423996276-04:00
{"state":"CALL_DOWN","call":false,"output":{"desired":"a2dp:98:47:44:CD:73:DE","chosen":"a2dp:98:47:44:CD:73:DE","reason":"desired output is available","candidates":[{"id":"wired:alsa_output.platform-3f00b840.mailbox.stereo-fallback","present":true,"connected":true,"adapter":null,"adapter_address":null,"setup_state":"ready"},{"id":"a2dp:98:47:44:CD:73:DE","present":true,"connected":true,"adapter":"hci1","adapter_address":"A0:AD:9F:73:6C:24","setup_state":"ready"},{"id":"a2dp:C9:5C:FD:6E:28:46","present":false,"connected":false,"adapter":"hci1","adapter_address":"A0:AD:9F:73:6C:24","setup_state":"ready"},{"id":"a2dp:50:D7:1B:74:34:D6","present":false,"connected":false,"adapter":"hci1","adapter_address":"A0:AD:9F:73:6C:24","setup_state":"ready"}]}}
/org/bluez/hci0/dev_98_47_44_CD_73_DE b true
/org/bluez/hci1/dev_98_47_44_CD_73_DE b true
2026-08-24T19:10:08,496705768-04:00
{"state":"CALL_DOWN","call":false,"output":{"desired":"a2dp:98:47:44:CD:73:DE","chosen":"a2dp:98:47:44:CD:73:DE","reason":"desired output is available","candidates":[{"id":"wired:alsa_output.platform-3f00b840.mailbox.stereo-fallback","present":true,"connected":true,"adapter":null,"adapter_address":null,"setup_state":"ready"},{"id":"a2dp:98:47:44:CD:73:DE","present":true,"connected":true,"adapter":"hci1","adapter_address":"A0:AD:9F:73:6C:24","setup_state":"ready"},{"id":"a2dp:C9:5C:FD:6E:28:46","present":false,"connected":false,"adapter":"hci1","adapter_address":"A0:AD:9F:73:6C:24","setup_state":"ready"},{"id":"a2dp:50:D7:1B:74:34:D6","present":false,"connected":false,"adapter":"hci1","adapter_address":"A0:AD:9F:73:6C:24","setup_state":"ready"}]}}
/org/bluez/hci0/dev_98_47_44_CD_73_DE b true
/org/bluez/hci1/dev_98_47_44_CD_73_DE b true
2026-08-24T19:10:09,569581251-04:00
{"state":"CALL_DOWN","call":false,"output":{"desired":"a2dp:98:47:44:CD:73:DE","chosen":"a2dp:98:47:44:CD:73:DE","reason":"desired output is available","candidates":[{"id":"wired:alsa_output.platform-3f00b840.mailbox.stereo-fallback","present":true,"connected":true,"adapter":null,"adapter_address":null,"setup_state":"ready"},{"id":"a2dp:98:47:44:CD:73:DE","present":true,"connected":true,"adapter":"hci1","adapter_address":"A0:AD:9F:73:6C:24","setup_state":"ready"},{"id":"a2dp:C9:5C:FD:6E:28:46","present":false,"connected":false,"adapter":"hci1","adapter_address":"A0:AD:9F:73:6C:24","setup_state":"ready"},{"id":"a2dp:50:D7:1B:74:34:D6","present":false,"connected":false,"adapter":"hci1","adapter_address":"A0:AD:9F:73:6C:24","setup_state":"ready"}]}}
/org/bluez/hci0/dev_98_47_44_CD_73_DE b true
/org/bluez/hci1/dev_98_47_44_CD_73_DE b true
2026-08-24T19:10:10,643110119-04:00
{"state":"CALL_DOWN","call":false,"output":{"desired":"a2dp:98:47:44:CD:73:DE","chosen":"a2dp:98:47:44:CD:73:DE","reason":"desired output is available","candidates":[{"id":"wired:alsa_output.platform-3f00b840.mailbox.stereo-fallback","present":true,"connected":true,"adapter":null,"adapter_address":null,"setup_state":"ready"},{"id":"a2dp:98:47:44:CD:73:DE","present":true,"connected":true,"adapter":"hci1","adapter_address":"A0:AD:9F:73:6C:24","setup_state":"ready"},{"id":"a2dp:C9:5C:FD:6E:28:46","present":false,"connected":false,"adapter":"hci1","adapter_address":"A0:AD:9F:73:6C:24","setup_state":"ready"},{"id":"a2dp:50:D7:1B:74:34:D6","present":false,"connected":false,"adapter":"hci1","adapter_address":"A0:AD:9F:73:6C:24","setup_state":"ready"}]}}
/org/bluez/hci0/dev_98_47_44_CD_73_DE b true
/org/bluez/hci1/dev_98_47_44_CD_73_DE b true
2026-08-24T19:10:11,716131495-04:00
{"state":"CALL_DOWN","call":false,"output":{"desired":"a2dp:98:47:44:CD:73:DE","chosen":"a2dp:98:47:44:CD:73:DE","reason":"desired output is available","candidates":[{"id":"wired:alsa_output.platform-3f00b840.mailbox.stereo-fallback","present":true,"connected":true,"adapter":null,"adapter_address":null,"setup_state":"ready"},{"id":"a2dp:98:47:44:CD:73:DE","present":true,"connected":true,"adapter":"hci1","adapter_address":"A0:AD:9F:73:6C:24","setup_state":"ready"},{"id":"a2dp:C9:5C:FD:6E:28:46","present":false,"connected":false,"adapter":"hci1","adapter_address":"A0:AD:9F:73:6C:24","setup_state":"ready"},{"id":"a2dp:50:D7:1B:74:34:D6","present":false,"connected":false,"adapter":"hci1","adapter_address":"A0:AD:9F:73:6C:24","setup_state":"ready"}]}}
/org/bluez/hci0/dev_98_47_44_CD_73_DE b true
/org/bluez/hci1/dev_98_47_44_CD_73_DE b true
2026-08-24T19:10:12,789168344-04:00
{"state":"CALL_DOWN","call":false,"output":{"desired":"a2dp:98:47:44:CD:73:DE","chosen":"a2dp:98:47:44:CD:73:DE","reason":"desired output is available","candidates":[{"id":"wired:alsa_output.platform-3f00b840.mailbox.stereo-fallback","present":true,"connected":true,"adapter":null,"adapter_address":null,"setup_state":"ready"},{"id":"a2dp:98:47:44:CD:73:DE","present":true,"connected":true,"adapter":"hci1","adapter_address":"A0:AD:9F:73:6C:24","setup_state":"ready"},{"id":"a2dp:C9:5C:FD:6E:28:46","present":false,"connected":false,"adapter":"hci1","adapter_address":"A0:AD:9F:73:6C:24","setup_state":"ready"},{"id":"a2dp:50:D7:1B:74:34:D6","present":false,"connected":false,"adapter":"hci1","adapter_address":"A0:AD:9F:73:6C:24","setup_state":"ready"}]}}
/org/bluez/hci0/dev_98_47_44_CD_73_DE b true
/org/bluez/hci1/dev_98_47_44_CD_73_DE b true
2026-08-24T19:10:13,862071759-04:00
{"state":"CALL_DOWN","call":false,"output":{"desired":"a2dp:98:47:44:CD:73:DE","chosen":"a2dp:98:47:44:CD:73:DE","reason":"desired output is available","candidates":[{"id":"wired:alsa_output.platform-3f00b840.mailbox.stereo-fallback","present":true,"connected":true,"adapter":null,"adapter_address":null,"setup_state":"ready"},{"id":"a2dp:98:47:44:CD:73:DE","present":true,"connected":true,"adapter":"hci1","adapter_address":"A0:AD:9F:73:6C:24","setup_state":"ready"},{"id":"a2dp:C9:5C:FD:6E:28:46","present":false,"connected":false,"adapter":"hci1","adapter_address":"A0:AD:9F:73:6C:24","setup_state":"ready"},{"id":"a2dp:50:D7:1B:74:34:D6","present":false,"connected":false,"adapter":"hci1","adapter_address":"A0:AD:9F:73:6C:24","setup_state":"ready"}]}}
/org/bluez/hci0/dev_98_47_44_CD_73_DE b true
/org/bluez/hci1/dev_98_47_44_CD_73_DE b true
2026-08-24T19:10:14,934974294-04:00
{"state":"CALL_DOWN","call":false,"output":{"desired":"a2dp:98:47:44:CD:73:DE","chosen":"a2dp:98:47:44:CD:73:DE","reason":"desired output is available","candidates":[{"id":"wired:alsa_output.platform-3f00b840.mailbox.stereo-fallback","present":true,"connected":true,"adapter":null,"adapter_address":null,"setup_state":"ready"},{"id":"a2dp:98:47:44:CD:73:DE","present":true,"connected":true,"adapter":"hci1","adapter_address":"A0:AD:9F:73:6C:24","setup_state":"ready"},{"id":"a2dp:C9:5C:FD:6E:28:46","present":false,"connected":false,"adapter":"hci1","adapter_address":"A0:AD:9F:73:6C:24","setup_state":"ready"},{"id":"a2dp:50:D7:1B:74:34:D6","present":false,"connected":false,"adapter":"hci1","adapter_address":"A0:AD:9F:73:6C:24","setup_state":"ready"}]}}
/org/bluez/hci0/dev_98_47_44_CD_73_DE b true
/org/bluez/hci1/dev_98_47_44_CD_73_DE b true
2026-08-24T19:10:16,008101153-04:00
{"state":"CALL_DOWN","call":false,"output":{"desired":"a2dp:98:47:44:CD:73:DE","chosen":"a2dp:98:47:44:CD:73:DE","reason":"desired output is available","candidates":[{"id":"wired:alsa_output.platform-3f00b840.mailbox.stereo-fallback","present":true,"connected":true,"adapter":null,"adapter_address":null,"setup_state":"ready"},{"id":"a2dp:98:47:44:CD:73:DE","present":true,"connected":true,"adapter":"hci1","adapter_address":"A0:AD:9F:73:6C:24","setup_state":"ready"},{"id":"a2dp:C9:5C:FD:6E:28:46","present":false,"connected":false,"adapter":"hci1","adapter_address":"A0:AD:9F:73:6C:24","setup_state":"ready"},{"id":"a2dp:50:D7:1B:74:34:D6","present":false,"connected":false,"adapter":"hci1","adapter_address":"A0:AD:9F:73:6C:24","setup_state":"ready"}]}}
/org/bluez/hci0/dev_98_47_44_CD_73_DE b true
/org/bluez/hci1/dev_98_47_44_CD_73_DE b true
2026-08-24T19:10:17,087604686-04:00
{"state":"CALL_DOWN","call":false,"output":{"desired":"a2dp:98:47:44:CD:73:DE","chosen":"a2dp:98:47:44:CD:73:DE","reason":"desired output is available","candidates":[{"id":"wired:alsa_output.platform-3f00b840.mailbox.stereo-fallback","present":true,"connected":true,"adapter":null,"adapter_address":null,"setup_state":"ready"},{"id":"a2dp:98:47:44:CD:73:DE","present":true,"connected":true,"adapter":"hci1","adapter_address":"A0:AD:9F:73:6C:24","setup_state":"ready"},{"id":"a2dp:C9:5C:FD:6E:28:46","present":false,"connected":false,"adapter":"hci1","adapter_address":"A0:AD:9F:73:6C:24","setup_state":"ready"},{"id":"a2dp:50:D7:1B:74:34:D6","present":false,"connected":false,"adapter":"hci1","adapter_address":"A0:AD:9F:73:6C:24","setup_state":"ready"}]}}
/org/bluez/hci0/dev_98_47_44_CD_73_DE b true
/org/bluez/hci1/dev_98_47_44_CD_73_DE b true
2026-08-24T19:10:18,162673621-04:00
{"state":"CALL_DOWN","call":false,"output":{"desired":"a2dp:98:47:44:CD:73:DE","chosen":"a2dp:98:47:44:CD:73:DE","reason":"desired output is available","candidates":[{"id":"wired:alsa_output.platform-3f00b840.mailbox.stereo-fallback","present":true,"connected":true,"adapter":null,"adapter_address":null,"setup_state":"ready"},{"id":"a2dp:98:47:44:CD:73:DE","present":true,"connected":true,"adapter":"hci1","adapter_address":"A0:AD:9F:73:6C:24","setup_state":"ready"},{"id":"a2dp:C9:5C:FD:6E:28:46","present":false,"connected":false,"adapter":"hci1","adapter_address":"A0:AD:9F:73:6C:24","setup_state":"ready"},{"id":"a2dp:50:D7:1B:74:34:D6","present":false,"connected":false,"adapter":"hci1","adapter_address":"A0:AD:9F:73:6C:24","setup_state":"ready"}]}}
/org/bluez/hci0/dev_98_47_44_CD_73_DE b true
/org/bluez/hci1/dev_98_47_44_CD_73_DE b true
2026-08-24T19:10:19,253555251-04:00
{"state":"CALL_DOWN","call":false,"output":{"desired":"a2dp:98:47:44:CD:73:DE","chosen":"a2dp:98:47:44:CD:73:DE","reason":"desired output is available","candidates":[{"id":"wired:alsa_output.platform-3f00b840.mailbox.stereo-fallback","present":true,"connected":true,"adapter":null,"adapter_address":null,"setup_state":"ready"},{"id":"a2dp:98:47:44:CD:73:DE","present":true,"connected":true,"adapter":"hci1","adapter_address":"A0:AD:9F:73:6C:24","setup_state":"ready"},{"id":"a2dp:C9:5C:FD:6E:28:46","present":false,"connected":false,"adapter":"hci1","adapter_address":"A0:AD:9F:73:6C:24","setup_state":"ready"},{"id":"a2dp:50:D7:1B:74:34:D6","present":false,"connected":false,"adapter":"hci1","adapter_address":"A0:AD:9F:73:6C:24","setup_state":"ready"}]}}
/org/bluez/hci0/dev_98_47_44_CD_73_DE b true
/org/bluez/hci1/dev_98_47_44_CD_73_DE b true
2026-08-24T19:10:20,327025978-04:00
{"state":"CALL_DOWN","call":false,"output":{"desired":"a2dp:98:47:44:CD:73:DE","chosen":"a2dp:98:47:44:CD:73:DE","reason":"desired output is available","candidates":[{"id":"wired:alsa_output.platform-3f00b840.mailbox.stereo-fallback","present":true,"connected":true,"adapter":null,"adapter_address":null,"setup_state":"ready"},{"id":"a2dp:98:47:44:CD:73:DE","present":true,"connected":true,"adapter":"hci1","adapter_address":"A0:AD:9F:73:6C:24","setup_state":"ready"},{"id":"a2dp:C9:5C:FD:6E:28:46","present":false,"connected":false,"adapter":"hci1","adapter_address":"A0:AD:9F:73:6C:24","setup_state":"ready"},{"id":"a2dp:50:D7:1B:74:34:D6","present":false,"connected":false,"adapter":"hci1","adapter_address":"A0:AD:9F:73:6C:24","setup_state":"ready"}]}}
/org/bluez/hci0/dev_98_47_44_CD_73_DE b true
/org/bluez/hci1/dev_98_47_44_CD_73_DE b true
2026-08-24T19:10:21,411257979-04:00
{"state":"CALL_DOWN","call":false,"output":{"desired":"a2dp:98:47:44:CD:73:DE","chosen":"a2dp:98:47:44:CD:73:DE","reason":"desired output is available","candidates":[{"id":"wired:alsa_output.platform-3f00b840.mailbox.stereo-fallback","present":true,"connected":true,"adapter":null,"adapter_address":null,"setup_state":"ready"},{"id":"a2dp:98:47:44:CD:73:DE","present":true,"connected":true,"adapter":"hci1","adapter_address":"A0:AD:9F:73:6C:24","setup_state":"ready"},{"id":"a2dp:C9:5C:FD:6E:28:46","present":false,"connected":false,"adapter":"hci1","adapter_address":"A0:AD:9F:73:6C:24","setup_state":"ready"},{"id":"a2dp:50:D7:1B:74:34:D6","present":false,"connected":false,"adapter":"hci1","adapter_address":"A0:AD:9F:73:6C:24","setup_state":"ready"}]}}
/org/bluez/hci0/dev_98_47_44_CD_73_DE b true
/org/bluez/hci1/dev_98_47_44_CD_73_DE b true
2026-08-24T19:10:22,483982417-04:00
{"state":"CALL_DOWN","call":false,"output":{"desired":"a2dp:98:47:44:CD:73:DE","chosen":"a2dp:98:47:44:CD:73:DE","reason":"desired output is available","candidates":[{"id":"wired:alsa_output.platform-3f00b840.mailbox.stereo-fallback","present":true,"connected":true,"adapter":null,"adapter_address":null,"setup_state":"ready"},{"id":"a2dp:98:47:44:CD:73:DE","present":true,"connected":true,"adapter":"hci1","adapter_address":"A0:AD:9F:73:6C:24","setup_state":"ready"},{"id":"a2dp:C9:5C:FD:6E:28:46","present":false,"connected":false,"adapter":"hci1","adapter_address":"A0:AD:9F:73:6C:24","setup_state":"ready"},{"id":"a2dp:50:D7:1B:74:34:D6","present":false,"connected":false,"adapter":"hci1","adapter_address":"A0:AD:9F:73:6C:24","setup_state":"ready"}]}}
/org/bluez/hci0/dev_98_47_44_CD_73_DE b true
/org/bluez/hci1/dev_98_47_44_CD_73_DE b true
2026-08-24T19:10:23,569556395-04:00
{"state":"CALL_DOWN","call":false,"output":{"desired":"a2dp:98:47:44:CD:73:DE","chosen":"a2dp:98:47:44:CD:73:DE","reason":"desired output is available","candidates":[{"id":"wired:alsa_output.platform-3f00b840.mailbox.stereo-fallback","present":true,"connected":true,"adapter":null,"adapter_address":null,"setup_state":"ready"},{"id":"a2dp:98:47:44:CD:73:DE","present":true,"connected":true,"adapter":"hci1","adapter_address":"A0:AD:9F:73:6C:24","setup_state":"ready"},{"id":"a2dp:C9:5C:FD:6E:28:46","present":false,"connected":false,"adapter":"hci1","adapter_address":"A0:AD:9F:73:6C:24","setup_state":"ready"},{"id":"a2dp:50:D7:1B:74:34:D6","present":false,"connected":false,"adapter":"hci1","adapter_address":"A0:AD:9F:73:6C:24","setup_state":"ready"}]}}
/org/bluez/hci0/dev_98_47_44_CD_73_DE b true
/org/bluez/hci1/dev_98_47_44_CD_73_DE b true
2026-08-24T19:10:24,642538078-04:00
{"state":"CALL_DOWN","call":false,"output":{"desired":"a2dp:98:47:44:CD:73:DE","chosen":"a2dp:98:47:44:CD:73:DE","reason":"desired output is available","candidates":[{"id":"wired:alsa_output.platform-3f00b840.mailbox.stereo-fallback","present":true,"connected":true,"adapter":null,"adapter_address":null,"setup_state":"ready"},{"id":"a2dp:98:47:44:CD:73:DE","present":true,"connected":true,"adapter":"hci1","adapter_address":"A0:AD:9F:73:6C:24","setup_state":"ready"},{"id":"a2dp:C9:5C:FD:6E:28:46","present":false,"connected":false,"adapter":"hci1","adapter_address":"A0:AD:9F:73:6C:24","setup_state":"ready"},{"id":"a2dp:50:D7:1B:74:34:D6","present":false,"connected":false,"adapter":"hci1","adapter_address":"A0:AD:9F:73:6C:24","setup_state":"ready"}]}}
/org/bluez/hci0/dev_98_47_44_CD_73_DE b true
/org/bluez/hci1/dev_98_47_44_CD_73_DE b true
2026-08-24T19:10:25,718597502-04:00
{"state":"CALL_DOWN","call":false,"output":{"desired":"a2dp:98:47:44:CD:73:DE","chosen":"a2dp:98:47:44:CD:73:DE","reason":"desired output is available","candidates":[{"id":"wired:alsa_output.platform-3f00b840.mailbox.stereo-fallback","present":true,"connected":true,"adapter":null,"adapter_address":null,"setup_state":"ready"},{"id":"a2dp:98:47:44:CD:73:DE","present":true,"connected":true,"adapter":"hci1","adapter_address":"A0:AD:9F:73:6C:24","setup_state":"ready"},{"id":"a2dp:C9:5C:FD:6E:28:46","present":false,"connected":false,"adapter":"hci1","adapter_address":"A0:AD:9F:73:6C:24","setup_state":"ready"},{"id":"a2dp:50:D7:1B:74:34:D6","present":false,"connected":false,"adapter":"hci1","adapter_address":"A0:AD:9F:73:6C:24","setup_state":"ready"}]}}
/org/bluez/hci0/dev_98_47_44_CD_73_DE b true
/org/bluez/hci1/dev_98_47_44_CD_73_DE b true
2026-08-24T19:10:26,791794295-04:00
{"state":"CALL_DOWN","call":false,"output":{"desired":"a2dp:98:47:44:CD:73:DE","chosen":"a2dp:98:47:44:CD:73:DE","reason":"desired output is available","candidates":[{"id":"wired:alsa_output.platform-3f00b840.mailbox.stereo-fallback","present":true,"connected":true,"adapter":null,"adapter_address":null,"setup_state":"ready"},{"id":"a2dp:98:47:44:CD:73:DE","present":true,"connected":true,"adapter":"hci1","adapter_address":"A0:AD:9F:73:6C:24","setup_state":"ready"},{"id":"a2dp:C9:5C:FD:6E:28:46","present":false,"connected":false,"adapter":"hci1","adapter_address":"A0:AD:9F:73:6C:24","setup_state":"ready"},{"id":"a2dp:50:D7:1B:74:34:D6","present":false,"connected":false,"adapter":"hci1","adapter_address":"A0:AD:9F:73:6C:24","setup_state":"ready"}]}}
/org/bluez/hci0/dev_98_47_44_CD_73_DE b true
/org/bluez/hci1/dev_98_47_44_CD_73_DE b true
2026-08-24T19:10:27,865133591-04:00
{"state":"CALL_DOWN","call":false,"output":{"desired":"a2dp:98:47:44:CD:73:DE","chosen":"a2dp:98:47:44:CD:73:DE","reason":"desired output is available","candidates":[{"id":"wired:alsa_output.platform-3f00b840.mailbox.stereo-fallback","present":true,"connected":true,"adapter":null,"adapter_address":null,"setup_state":"ready"},{"id":"a2dp:98:47:44:CD:73:DE","present":true,"connected":true,"adapter":"hci1","adapter_address":"A0:AD:9F:73:6C:24","setup_state":"ready"},{"id":"a2dp:C9:5C:FD:6E:28:46","present":false,"connected":false,"adapter":"hci1","adapter_address":"A0:AD:9F:73:6C:24","setup_state":"ready"},{"id":"a2dp:50:D7:1B:74:34:D6","present":false,"connected":false,"adapter":"hci1","adapter_address":"A0:AD:9F:73:6C:24","setup_state":"ready"}]}}
/org/bluez/hci0/dev_98_47_44_CD_73_DE b true
/org/bluez/hci1/dev_98_47_44_CD_73_DE b true
2026-08-24T19:10:28,937847895-04:00
{"state":"CALL_DOWN","call":false,"output":{"desired":"a2dp:98:47:44:CD:73:DE","chosen":"a2dp:98:47:44:CD:73:DE","reason":"desired output is available","candidates":[{"id":"wired:alsa_output.platform-3f00b840.mailbox.stereo-fallback","present":true,"connected":true,"adapter":null,"adapter_address":null,"setup_state":"ready"},{"id":"a2dp:98:47:44:CD:73:DE","present":true,"connected":true,"adapter":"hci1","adapter_address":"A0:AD:9F:73:6C:24","setup_state":"ready"},{"id":"a2dp:C9:5C:FD:6E:28:46","present":false,"connected":false,"adapter":"hci1","adapter_address":"A0:AD:9F:73:6C:24","setup_state":"ready"},{"id":"a2dp:50:D7:1B:74:34:D6","present":false,"connected":false,"adapter":"hci1","adapter_address":"A0:AD:9F:73:6C:24","setup_state":"ready"}]}}
/org/bluez/hci0/dev_98_47_44_CD_73_DE b true
/org/bluez/hci1/dev_98_47_44_CD_73_DE b true
2026-08-24T19:10:30,010569495-04:00
{"state":"CALL_DOWN","call":false,"output":{"desired":"a2dp:98:47:44:CD:73:DE","chosen":"a2dp:98:47:44:CD:73:DE","reason":"desired output is available","candidates":[{"id":"wired:alsa_output.platform-3f00b840.mailbox.stereo-fallback","present":true,"connected":true,"adapter":null,"adapter_address":null,"setup_state":"ready"},{"id":"a2dp:98:47:44:CD:73:DE","present":true,"connected":true,"adapter":"hci1","adapter_address":"A0:AD:9F:73:6C:24","setup_state":"ready"},{"id":"a2dp:C9:5C:FD:6E:28:46","present":false,"connected":false,"adapter":"hci1","adapter_address":"A0:AD:9F:73:6C:24","setup_state":"ready"},{"id":"a2dp:50:D7:1B:74:34:D6","present":false,"connected":false,"adapter":"hci1","adapter_address":"A0:AD:9F:73:6C:24","setup_state":"ready"}]}}
/org/bluez/hci0/dev_98_47_44_CD_73_DE b true
/org/bluez/hci1/dev_98_47_44_CD_73_DE b true
2026-08-24T19:10:31,083204485-04:00
{"state":"CALL_DOWN","call":false,"output":{"desired":"a2dp:98:47:44:CD:73:DE","chosen":"a2dp:98:47:44:CD:73:DE","reason":"desired output is available","candidates":[{"id":"wired:alsa_output.platform-3f00b840.mailbox.stereo-fallback","present":true,"connected":true,"adapter":null,"adapter_address":null,"setup_state":"ready"},{"id":"a2dp:98:47:44:CD:73:DE","present":true,"connected":true,"adapter":"hci1","adapter_address":"A0:AD:9F:73:6C:24","setup_state":"ready"},{"id":"a2dp:C9:5C:FD:6E:28:46","present":false,"connected":false,"adapter":"hci1","adapter_address":"A0:AD:9F:73:6C:24","setup_state":"ready"},{"id":"a2dp:50:D7:1B:74:34:D6","present":false,"connected":false,"adapter":"hci1","adapter_address":"A0:AD:9F:73:6C:24","setup_state":"ready"}]}}
/org/bluez/hci0/dev_98_47_44_CD_73_DE b true
/org/bluez/hci1/dev_98_47_44_CD_73_DE b true
2026-08-24T19:10:32,156104060-04:00
{"state":"CALL_DOWN","call":false,"output":{"desired":"a2dp:98:47:44:CD:73:DE","chosen":"a2dp:98:47:44:CD:73:DE","reason":"desired output is available","candidates":[{"id":"wired:alsa_output.platform-3f00b840.mailbox.stereo-fallback","present":true,"connected":true,"adapter":null,"adapter_address":null,"setup_state":"ready"},{"id":"a2dp:98:47:44:CD:73:DE","present":true,"connected":true,"adapter":"hci1","adapter_address":"A0:AD:9F:73:6C:24","setup_state":"ready"},{"id":"a2dp:C9:5C:FD:6E:28:46","present":false,"connected":false,"adapter":"hci1","adapter_address":"A0:AD:9F:73:6C:24","setup_state":"ready"},{"id":"a2dp:50:D7:1B:74:34:D6","present":false,"connected":false,"adapter":"hci1","adapter_address":"A0:AD:9F:73:6C:24","setup_state":"ready"}]}}
/org/bluez/hci0/dev_98_47_44_CD_73_DE b true
/org/bluez/hci1/dev_98_47_44_CD_73_DE b true
2026-08-24T19:10:33,228869577-04:00
{"state":"CALL_DOWN","call":false,"output":{"desired":"a2dp:98:47:44:CD:73:DE","chosen":"a2dp:98:47:44:CD:73:DE","reason":"desired output is available","candidates":[{"id":"wired:alsa_output.platform-3f00b840.mailbox.stereo-fallback","present":true,"connected":true,"adapter":null,"adapter_address":null,"setup_state":"ready"},{"id":"a2dp:98:47:44:CD:73:DE","present":true,"connected":true,"adapter":"hci1","adapter_address":"A0:AD:9F:73:6C:24","setup_state":"ready"},{"id":"a2dp:C9:5C:FD:6E:28:46","present":false,"connected":false,"adapter":"hci1","adapter_address":"A0:AD:9F:73:6C:24","setup_state":"ready"},{"id":"a2dp:50:D7:1B:74:34:D6","present":false,"connected":false,"adapter":"hci1","adapter_address":"A0:AD:9F:73:6C:24","setup_state":"ready"}]}}
/org/bluez/hci0/dev_98_47_44_CD_73_DE b true
/org/bluez/hci1/dev_98_47_44_CD_73_DE b true
2026-08-24T19:10:34,301502078-04:00
{"state":"CALL_DOWN","call":false,"output":{"desired":"a2dp:98:47:44:CD:73:DE","chosen":"a2dp:98:47:44:CD:73:DE","reason":"desired output is available","candidates":[{"id":"wired:alsa_output.platform-3f00b840.mailbox.stereo-fallback","present":true,"connected":true,"adapter":null,"adapter_address":null,"setup_state":"ready"},{"id":"a2dp:98:47:44:CD:73:DE","present":true,"connected":true,"adapter":"hci1","adapter_address":"A0:AD:9F:73:6C:24","setup_state":"ready"},{"id":"a2dp:C9:5C:FD:6E:28:46","present":false,"connected":false,"adapter":"hci1","adapter_address":"A0:AD:9F:73:6C:24","setup_state":"ready"},{"id":"a2dp:50:D7:1B:74:34:D6","present":false,"connected":false,"adapter":"hci1","adapter_address":"A0:AD:9F:73:6C:24","setup_state":"ready"}]}}
/org/bluez/hci0/dev_98_47_44_CD_73_DE b true
/org/bluez/hci1/dev_98_47_44_CD_73_DE b true
2026-08-24T19:10:35,375347698-04:00
{"state":"CALL_DOWN","call":false,"output":{"desired":"a2dp:98:47:44:CD:73:DE","chosen":"a2dp:98:47:44:CD:73:DE","reason":"desired output is available","candidates":[{"id":"wired:alsa_output.platform-3f00b840.mailbox.stereo-fallback","present":true,"connected":true,"adapter":null,"adapter_address":null,"setup_state":"ready"},{"id":"a2dp:98:47:44:CD:73:DE","present":true,"connected":true,"adapter":"hci1","adapter_address":"A0:AD:9F:73:6C:24","setup_state":"ready"},{"id":"a2dp:C9:5C:FD:6E:28:46","present":false,"connected":false,"adapter":"hci1","adapter_address":"A0:AD:9F:73:6C:24","setup_state":"ready"},{"id":"a2dp:50:D7:1B:74:34:D6","present":false,"connected":false,"adapter":"hci1","adapter_address":"A0:AD:9F:73:6C:24","setup_state":"ready"}]}}
/org/bluez/hci0/dev_98_47_44_CD_73_DE b true
/org/bluez/hci1/dev_98_47_44_CD_73_DE b true
2026-08-24T19:10:36,463004675-04:00
{"state":"CALL_DOWN","call":false,"output":{"desired":"a2dp:98:47:44:CD:73:DE","chosen":"a2dp:98:47:44:CD:73:DE","reason":"desired output is available","candidates":[{"id":"wired:alsa_output.platform-3f00b840.mailbox.stereo-fallback","present":true,"connected":true,"adapter":null,"adapter_address":null,"setup_state":"ready"},{"id":"a2dp:98:47:44:CD:73:DE","present":true,"connected":true,"adapter":"hci1","adapter_address":"A0:AD:9F:73:6C:24","setup_state":"ready"},{"id":"a2dp:C9:5C:FD:6E:28:46","present":false,"connected":false,"adapter":"hci1","adapter_address":"A0:AD:9F:73:6C:24","setup_state":"ready"},{"id":"a2dp:50:D7:1B:74:34:D6","present":false,"connected":false,"adapter":"hci1","adapter_address":"A0:AD:9F:73:6C:24","setup_state":"ready"}]}}
/org/bluez/hci0/dev_98_47_44_CD_73_DE b true
/org/bluez/hci1/dev_98_47_44_CD_73_DE b true
2026-08-24T19:10:37,535704999-04:00
{"state":"CALL_DOWN","call":false,"output":{"desired":"a2dp:98:47:44:CD:73:DE","chosen":"a2dp:98:47:44:CD:73:DE","reason":"desired output is available","candidates":[{"id":"wired:alsa_output.platform-3f00b840.mailbox.stereo-fallback","present":true,"connected":true,"adapter":null,"adapter_address":null,"setup_state":"ready"},{"id":"a2dp:98:47:44:CD:73:DE","present":true,"connected":true,"adapter":"hci1","adapter_address":"A0:AD:9F:73:6C:24","setup_state":"ready"},{"id":"a2dp:C9:5C:FD:6E:28:46","present":false,"connected":false,"adapter":"hci1","adapter_address":"A0:AD:9F:73:6C:24","setup_state":"ready"},{"id":"a2dp:50:D7:1B:74:34:D6","present":false,"connected":false,"adapter":"hci1","adapter_address":"A0:AD:9F:73:6C:24","setup_state":"ready"}]}}
/org/bluez/hci0/dev_98_47_44_CD_73_DE b true
/org/bluez/hci1/dev_98_47_44_CD_73_DE b true
2026-08-24T19:10:38,608566055-04:00
{"state":"CALL_DOWN","call":false,"output":{"desired":"a2dp:98:47:44:CD:73:DE","chosen":"a2dp:98:47:44:CD:73:DE","reason":"desired output is available","candidates":[{"id":"wired:alsa_output.platform-3f00b840.mailbox.stereo-fallback","present":true,"connected":true,"adapter":null,"adapter_address":null,"setup_state":"ready"},{"id":"a2dp:98:47:44:CD:73:DE","present":true,"connected":true,"adapter":"hci1","adapter_address":"A0:AD:9F:73:6C:24","setup_state":"ready"},{"id":"a2dp:C9:5C:FD:6E:28:46","present":false,"connected":false,"adapter":"hci1","adapter_address":"A0:AD:9F:73:6C:24","setup_state":"ready"},{"id":"a2dp:50:D7:1B:74:34:D6","present":false,"connected":false,"adapter":"hci1","adapter_address":"A0:AD:9F:73:6C:24","setup_state":"ready"}]}}
/org/bluez/hci0/dev_98_47_44_CD_73_DE b true
/org/bluez/hci1/dev_98_47_44_CD_73_DE b true
2026-08-24T19:10:39,682006121-04:00
{"state":"CALL_DOWN","call":false,"output":{"desired":"a2dp:98:47:44:CD:73:DE","chosen":"a2dp:98:47:44:CD:73:DE","reason":"desired output is available","candidates":[{"id":"wired:alsa_output.platform-3f00b840.mailbox.stereo-fallback","present":true,"connected":true,"adapter":null,"adapter_address":null,"setup_state":"ready"},{"id":"a2dp:98:47:44:CD:73:DE","present":true,"connected":true,"adapter":"hci1","adapter_address":"A0:AD:9F:73:6C:24","setup_state":"ready"},{"id":"a2dp:C9:5C:FD:6E:28:46","present":false,"connected":false,"adapter":"hci1","adapter_address":"A0:AD:9F:73:6C:24","setup_state":"ready"},{"id":"a2dp:50:D7:1B:74:34:D6","present":false,"connected":false,"adapter":"hci1","adapter_address":"A0:AD:9F:73:6C:24","setup_state":"ready"}]}}
/org/bluez/hci0/dev_98_47_44_CD_73_DE b true
/org/bluez/hci1/dev_98_47_44_CD_73_DE b true
2026-08-24T19:10:40,754191303-04:00
{"state":"CALL_DOWN","call":false,"output":{"desired":"a2dp:98:47:44:CD:73:DE","chosen":"a2dp:98:47:44:CD:73:DE","reason":"desired output is available","candidates":[{"id":"wired:alsa_output.platform-3f00b840.mailbox.stereo-fallback","present":true,"connected":true,"adapter":null,"adapter_address":null,"setup_state":"ready"},{"id":"a2dp:98:47:44:CD:73:DE","present":true,"connected":true,"adapter":"hci1","adapter_address":"A0:AD:9F:73:6C:24","setup_state":"ready"},{"id":"a2dp:C9:5C:FD:6E:28:46","present":false,"connected":false,"adapter":"hci1","adapter_address":"A0:AD:9F:73:6C:24","setup_state":"ready"},{"id":"a2dp:50:D7:1B:74:34:D6","present":false,"connected":false,"adapter":"hci1","adapter_address":"A0:AD:9F:73:6C:24","setup_state":"ready"}]}}
/org/bluez/hci0/dev_98_47_44_CD_73_DE b true
/org/bluez/hci1/dev_98_47_44_CD_73_DE b true
2026-08-24T19:10:41,827533669-04:00
{"state":"CALL_DOWN","call":false,"output":{"desired":"a2dp:98:47:44:CD:73:DE","chosen":"a2dp:98:47:44:CD:73:DE","reason":"desired output is available","candidates":[{"id":"wired:alsa_output.platform-3f00b840.mailbox.stereo-fallback","present":true,"connected":true,"adapter":null,"adapter_address":null,"setup_state":"ready"},{"id":"a2dp:98:47:44:CD:73:DE","present":true,"connected":true,"adapter":"hci1","adapter_address":"A0:AD:9F:73:6C:24","setup_state":"ready"},{"id":"a2dp:C9:5C:FD:6E:28:46","present":false,"connected":false,"adapter":"hci1","adapter_address":"A0:AD:9F:73:6C:24","setup_state":"ready"},{"id":"a2dp:50:D7:1B:74:34:D6","present":false,"connected":false,"adapter":"hci1","adapter_address":"A0:AD:9F:73:6C:24","setup_state":"ready"}]}}
/org/bluez/hci0/dev_98_47_44_CD_73_DE b true
/org/bluez/hci1/dev_98_47_44_CD_73_DE b true
2026-08-24T19:10:42,900769945-04:00
{"state":"CALL_DOWN","call":false,"output":{"desired":"a2dp:98:47:44:CD:73:DE","chosen":"a2dp:98:47:44:CD:73:DE","reason":"desired output is available","candidates":[{"id":"wired:alsa_output.platform-3f00b840.mailbox.stereo-fallback","present":true,"connected":true,"adapter":null,"adapter_address":null,"setup_state":"ready"},{"id":"a2dp:98:47:44:CD:73:DE","present":true,"connected":true,"adapter":"hci1","adapter_address":"A0:AD:9F:73:6C:24","setup_state":"ready"},{"id":"a2dp:C9:5C:FD:6E:28:46","present":false,"connected":false,"adapter":"hci1","adapter_address":"A0:AD:9F:73:6C:24","setup_state":"ready"},{"id":"a2dp:50:D7:1B:74:34:D6","present":false,"connected":false,"adapter":"hci1","adapter_address":"A0:AD:9F:73:6C:24","setup_state":"ready"}]}}
/org/bluez/hci0/dev_98_47_44_CD_73_DE b true
/org/bluez/hci1/dev_98_47_44_CD_73_DE b true
2026-08-24T19:10:43,974152734-04:00
{"state":"CALL_DOWN","call":false,"output":{"desired":"a2dp:98:47:44:CD:73:DE","chosen":"a2dp:98:47:44:CD:73:DE","reason":"desired output is available","candidates":[{"id":"wired:alsa_output.platform-3f00b840.mailbox.stereo-fallback","present":true,"connected":true,"adapter":null,"adapter_address":null,"setup_state":"ready"},{"id":"a2dp:98:47:44:CD:73:DE","present":true,"connected":true,"adapter":"hci1","adapter_address":"A0:AD:9F:73:6C:24","setup_state":"ready"},{"id":"a2dp:C9:5C:FD:6E:28:46","present":false,"connected":false,"adapter":"hci1","adapter_address":"A0:AD:9F:73:6C:24","setup_state":"ready"},{"id":"a2dp:50:D7:1B:74:34:D6","present":false,"connected":false,"adapter":"hci1","adapter_address":"A0:AD:9F:73:6C:24","setup_state":"ready"}]}}
/org/bluez/hci0/dev_98_47_44_CD_73_DE b true
/org/bluez/hci1/dev_98_47_44_CD_73_DE b true
2026-08-24T19:10:45,046752043-04:00
{"state":"CALL_DOWN","call":false,"output":{"desired":"a2dp:98:47:44:CD:73:DE","chosen":"a2dp:98:47:44:CD:73:DE","reason":"desired output is available","candidates":[{"id":"wired:alsa_output.platform-3f00b840.mailbox.stereo-fallback","present":true,"connected":true,"adapter":null,"adapter_address":null,"setup_state":"ready"},{"id":"a2dp:98:47:44:CD:73:DE","present":true,"connected":true,"adapter":"hci1","adapter_address":"A0:AD:9F:73:6C:24","setup_state":"ready"},{"id":"a2dp:C9:5C:FD:6E:28:46","present":false,"connected":false,"adapter":"hci1","adapter_address":"A0:AD:9F:73:6C:24","setup_state":"ready"},{"id":"a2dp:50:D7:1B:74:34:D6","present":false,"connected":false,"adapter":"hci1","adapter_address":"A0:AD:9F:73:6C:24","setup_state":"ready"}]}}
/org/bluez/hci0/dev_98_47_44_CD_73_DE b true
/org/bluez/hci1/dev_98_47_44_CD_73_DE b true
2026-08-24T19:10:46,119483125-04:00
{"state":"CALL_DOWN","call":false,"output":{"desired":"a2dp:98:47:44:CD:73:DE","chosen":"a2dp:98:47:44:CD:73:DE","reason":"desired output is available","candidates":[{"id":"wired:alsa_output.platform-3f00b840.mailbox.stereo-fallback","present":true,"connected":true,"adapter":null,"adapter_address":null,"setup_state":"ready"},{"id":"a2dp:98:47:44:CD:73:DE","present":true,"connected":true,"adapter":"hci1","adapter_address":"A0:AD:9F:73:6C:24","setup_state":"ready"},{"id":"a2dp:C9:5C:FD:6E:28:46","present":false,"connected":false,"adapter":"hci1","adapter_address":"A0:AD:9F:73:6C:24","setup_state":"ready"},{"id":"a2dp:50:D7:1B:74:34:D6","present":false,"connected":false,"adapter":"hci1","adapter_address":"A0:AD:9F:73:6C:24","setup_state":"ready"}]}}
/org/bluez/hci0/dev_98_47_44_CD_73_DE b true
/org/bluez/hci1/dev_98_47_44_CD_73_DE b true
2026-08-24T19:10:47,192497335-04:00
{"state":"CALL_DOWN","call":false,"output":{"desired":"a2dp:98:47:44:CD:73:DE","chosen":"a2dp:98:47:44:CD:73:DE","reason":"desired output is available","candidates":[{"id":"wired:alsa_output.platform-3f00b840.mailbox.stereo-fallback","present":true,"connected":true,"adapter":null,"adapter_address":null,"setup_state":"ready"},{"id":"a2dp:98:47:44:CD:73:DE","present":true,"connected":true,"adapter":"hci1","adapter_address":"A0:AD:9F:73:6C:24","setup_state":"ready"},{"id":"a2dp:C9:5C:FD:6E:28:46","present":false,"connected":false,"adapter":"hci1","adapter_address":"A0:AD:9F:73:6C:24","setup_state":"ready"},{"id":"a2dp:50:D7:1B:74:34:D6","present":false,"connected":false,"adapter":"hci1","adapter_address":"A0:AD:9F:73:6C:24","setup_state":"ready"}]}}
/org/bluez/hci0/dev_98_47_44_CD_73_DE b true
/org/bluez/hci1/dev_98_47_44_CD_73_DE b true
2026-08-24T19:10:48,265803264-04:00
{"state":"CALL_DOWN","call":false,"output":{"desired":"a2dp:98:47:44:CD:73:DE","chosen":"a2dp:98:47:44:CD:73:DE","reason":"desired output is available","candidates":[{"id":"wired:alsa_output.platform-3f00b840.mailbox.stereo-fallback","present":true,"connected":true,"adapter":null,"adapter_address":null,"setup_state":"ready"},{"id":"a2dp:98:47:44:CD:73:DE","present":true,"connected":true,"adapter":"hci1","adapter_address":"A0:AD:9F:73:6C:24","setup_state":"ready"},{"id":"a2dp:C9:5C:FD:6E:28:46","present":false,"connected":false,"adapter":"hci1","adapter_address":"A0:AD:9F:73:6C:24","setup_state":"ready"},{"id":"a2dp:50:D7:1B:74:34:D6","present":false,"connected":false,"adapter":"hci1","adapter_address":"A0:AD:9F:73:6C:24","setup_state":"ready"}]}}
/org/bluez/hci0/dev_98_47_44_CD_73_DE b true
/org/bluez/hci1/dev_98_47_44_CD_73_DE b true
2026-08-24T19:10:49,338946333-04:00
{"state":"CALL_DOWN","call":false,"output":{"desired":"a2dp:98:47:44:CD:73:DE","chosen":"a2dp:98:47:44:CD:73:DE","reason":"desired output is available","candidates":[{"id":"wired:alsa_output.platform-3f00b840.mailbox.stereo-fallback","present":true,"connected":true,"adapter":null,"adapter_address":null,"setup_state":"ready"},{"id":"a2dp:98:47:44:CD:73:DE","present":true,"connected":true,"adapter":"hci1","adapter_address":"A0:AD:9F:73:6C:24","setup_state":"ready"},{"id":"a2dp:C9:5C:FD:6E:28:46","present":false,"connected":false,"adapter":"hci1","adapter_address":"A0:AD:9F:73:6C:24","setup_state":"ready"},{"id":"a2dp:50:D7:1B:74:34:D6","present":false,"connected":false,"adapter":"hci1","adapter_address":"A0:AD:9F:73:6C:24","setup_state":"ready"}]}}
/org/bluez/hci0/dev_98_47_44_CD_73_DE b true
/org/bluez/hci1/dev_98_47_44_CD_73_DE b true
2026-08-24T19:10:50,411992636-04:00
{"state":"CALL_DOWN","call":false,"output":{"desired":"a2dp:98:47:44:CD:73:DE","chosen":"a2dp:98:47:44:CD:73:DE","reason":"desired output is available","candidates":[{"id":"wired:alsa_output.platform-3f00b840.mailbox.stereo-fallback","present":true,"connected":true,"adapter":null,"adapter_address":null,"setup_state":"ready"},{"id":"a2dp:98:47:44:CD:73:DE","present":true,"connected":true,"adapter":"hci1","adapter_address":"A0:AD:9F:73:6C:24","setup_state":"ready"},{"id":"a2dp:C9:5C:FD:6E:28:46","present":false,"connected":false,"adapter":"hci1","adapter_address":"A0:AD:9F:73:6C:24","setup_state":"ready"},{"id":"a2dp:50:D7:1B:74:34:D6","present":false,"connected":false,"adapter":"hci1","adapter_address":"A0:AD:9F:73:6C:24","setup_state":"ready"}]}}
/org/bluez/hci0/dev_98_47_44_CD_73_DE b true
/org/bluez/hci1/dev_98_47_44_CD_73_DE b true
2026-08-24T19:10:51,487619184-04:00
{"state":"CALL_DOWN","call":false,"output":{"desired":"a2dp:98:47:44:CD:73:DE","chosen":"a2dp:98:47:44:CD:73:DE","reason":"desired output is available","candidates":[{"id":"wired:alsa_output.platform-3f00b840.mailbox.stereo-fallback","present":true,"connected":true,"adapter":null,"adapter_address":null,"setup_state":"ready"},{"id":"a2dp:98:47:44:CD:73:DE","present":true,"connected":true,"adapter":"hci1","adapter_address":"A0:AD:9F:73:6C:24","setup_state":"ready"},{"id":"a2dp:C9:5C:FD:6E:28:46","present":false,"connected":false,"adapter":"hci1","adapter_address":"A0:AD:9F:73:6C:24","setup_state":"ready"},{"id":"a2dp:50:D7:1B:74:34:D6","present":false,"connected":false,"adapter":"hci1","adapter_address":"A0:AD:9F:73:6C:24","setup_state":"ready"}]}}
/org/bluez/hci0/dev_98_47_44_CD_73_DE b true
/org/bluez/hci1/dev_98_47_44_CD_73_DE b true
2026-08-24T19:10:52,560382215-04:00
{"state":"CALL_DOWN","call":false,"output":{"desired":"a2dp:98:47:44:CD:73:DE","chosen":"a2dp:98:47:44:CD:73:DE","reason":"desired output is available","candidates":[{"id":"wired:alsa_output.platform-3f00b840.mailbox.stereo-fallback","present":true,"connected":true,"adapter":null,"adapter_address":null,"setup_state":"ready"},{"id":"a2dp:98:47:44:CD:73:DE","present":true,"connected":true,"adapter":"hci1","adapter_address":"A0:AD:9F:73:6C:24","setup_state":"ready"},{"id":"a2dp:C9:5C:FD:6E:28:46","present":false,"connected":false,"adapter":"hci1","adapter_address":"A0:AD:9F:73:6C:24","setup_state":"ready"},{"id":"a2dp:50:D7:1B:74:34:D6","present":false,"connected":false,"adapter":"hci1","adapter_address":"A0:AD:9F:73:6C:24","setup_state":"ready"}]}}
/org/bluez/hci0/dev_98_47_44_CD_73_DE b true
/org/bluez/hci1/dev_98_47_44_CD_73_DE b true
2026-08-24T19:10:53,633018115-04:00
{"state":"CALL_DOWN","call":false,"output":{"desired":"a2dp:98:47:44:CD:73:DE","chosen":"a2dp:98:47:44:CD:73:DE","reason":"desired output is available","candidates":[{"id":"wired:alsa_output.platform-3f00b840.mailbox.stereo-fallback","present":true,"connected":true,"adapter":null,"adapter_address":null,"setup_state":"ready"},{"id":"a2dp:98:47:44:CD:73:DE","present":true,"connected":true,"adapter":"hci1","adapter_address":"A0:AD:9F:73:6C:24","setup_state":"ready"},{"id":"a2dp:C9:5C:FD:6E:28:46","present":false,"connected":false,"adapter":"hci1","adapter_address":"A0:AD:9F:73:6C:24","setup_state":"ready"},{"id":"a2dp:50:D7:1B:74:34:D6","present":false,"connected":false,"adapter":"hci1","adapter_address":"A0:AD:9F:73:6C:24","setup_state":"ready"}]}}
/org/bluez/hci0/dev_98_47_44_CD_73_DE b true
/org/bluez/hci1/dev_98_47_44_CD_73_DE b true
2026-08-24T19:10:54,705843966-04:00
{"state":"CALL_DOWN","call":false,"output":{"desired":"a2dp:98:47:44:CD:73:DE","chosen":"a2dp:98:47:44:CD:73:DE","reason":"desired output is available","candidates":[{"id":"wired:alsa_output.platform-3f00b840.mailbox.stereo-fallback","present":true,"connected":true,"adapter":null,"adapter_address":null,"setup_state":"ready"},{"id":"a2dp:98:47:44:CD:73:DE","present":true,"connected":true,"adapter":"hci1","adapter_address":"A0:AD:9F:73:6C:24","setup_state":"ready"},{"id":"a2dp:C9:5C:FD:6E:28:46","present":false,"connected":false,"adapter":"hci1","adapter_address":"A0:AD:9F:73:6C:24","setup_state":"ready"},{"id":"a2dp:50:D7:1B:74:34:D6","present":false,"connected":false,"adapter":"hci1","adapter_address":"A0:AD:9F:73:6C:24","setup_state":"ready"}]}}
/org/bluez/hci0/dev_98_47_44_CD_73_DE b true
/org/bluez/hci1/dev_98_47_44_CD_73_DE b true
2026-08-24T19:10:55,778773569-04:00
{"state":"CALL_DOWN","call":false,"output":{"desired":"a2dp:98:47:44:CD:73:DE","chosen":"a2dp:98:47:44:CD:73:DE","reason":"desired output is available","candidates":[{"id":"wired:alsa_output.platform-3f00b840.mailbox.stereo-fallback","present":true,"connected":true,"adapter":null,"adapter_address":null,"setup_state":"ready"},{"id":"a2dp:98:47:44:CD:73:DE","present":true,"connected":true,"adapter":"hci1","adapter_address":"A0:AD:9F:73:6C:24","setup_state":"ready"},{"id":"a2dp:C9:5C:FD:6E:28:46","present":false,"connected":false,"adapter":"hci1","adapter_address":"A0:AD:9F:73:6C:24","setup_state":"ready"},{"id":"a2dp:50:D7:1B:74:34:D6","present":false,"connected":false,"adapter":"hci1","adapter_address":"A0:AD:9F:73:6C:24","setup_state":"ready"}]}}
/org/bluez/hci0/dev_98_47_44_CD_73_DE b true
/org/bluez/hci1/dev_98_47_44_CD_73_DE b true
2026-08-24T19:10:56,851474896-04:00
{"state":"CALL_DOWN","call":false,"output":{"desired":"a2dp:98:47:44:CD:73:DE","chosen":"a2dp:98:47:44:CD:73:DE","reason":"desired output is available","candidates":[{"id":"wired:alsa_output.platform-3f00b840.mailbox.stereo-fallback","present":true,"connected":true,"adapter":null,"adapter_address":null,"setup_state":"ready"},{"id":"a2dp:98:47:44:CD:73:DE","present":true,"connected":true,"adapter":"hci1","adapter_address":"A0:AD:9F:73:6C:24","setup_state":"ready"},{"id":"a2dp:C9:5C:FD:6E:28:46","present":false,"connected":false,"adapter":"hci1","adapter_address":"A0:AD:9F:73:6C:24","setup_state":"ready"},{"id":"a2dp:50:D7:1B:74:34:D6","present":false,"connected":false,"adapter":"hci1","adapter_address":"A0:AD:9F:73:6C:24","setup_state":"ready"}]}}
/org/bluez/hci0/dev_98_47_44_CD_73_DE b true
/org/bluez/hci1/dev_98_47_44_CD_73_DE b true
2026-08-24T19:10:57,924173414-04:00
{"state":"CALL_DOWN","call":false,"output":{"desired":"a2dp:98:47:44:CD:73:DE","chosen":"a2dp:98:47:44:CD:73:DE","reason":"desired output is available","candidates":[{"id":"wired:alsa_output.platform-3f00b840.mailbox.stereo-fallback","present":true,"connected":true,"adapter":null,"adapter_address":null,"setup_state":"ready"},{"id":"a2dp:98:47:44:CD:73:DE","present":true,"connected":true,"adapter":"hci1","adapter_address":"A0:AD:9F:73:6C:24","setup_state":"ready"},{"id":"a2dp:C9:5C:FD:6E:28:46","present":false,"connected":false,"adapter":"hci1","adapter_address":"A0:AD:9F:73:6C:24","setup_state":"ready"},{"id":"a2dp:50:D7:1B:74:34:D6","present":false,"connected":false,"adapter":"hci1","adapter_address":"A0:AD:9F:73:6C:24","setup_state":"ready"}]}}
/org/bluez/hci0/dev_98_47_44_CD_73_DE b true
/org/bluez/hci1/dev_98_47_44_CD_73_DE b true
2026-08-24T19:10:58,996849020-04:00
{"state":"CALL_DOWN","call":false,"output":{"desired":"a2dp:98:47:44:CD:73:DE","chosen":"a2dp:98:47:44:CD:73:DE","reason":"desired output is available","candidates":[{"id":"wired:alsa_output.platform-3f00b840.mailbox.stereo-fallback","present":true,"connected":true,"adapter":null,"adapter_address":null,"setup_state":"ready"},{"id":"a2dp:98:47:44:CD:73:DE","present":true,"connected":true,"adapter":"hci1","adapter_address":"A0:AD:9F:73:6C:24","setup_state":"ready"},{"id":"a2dp:C9:5C:FD:6E:28:46","present":false,"connected":false,"adapter":"hci1","adapter_address":"A0:AD:9F:73:6C:24","setup_state":"ready"},{"id":"a2dp:50:D7:1B:74:34:D6","present":false,"connected":false,"adapter":"hci1","adapter_address":"A0:AD:9F:73:6C:24","setup_state":"ready"}]}}
/org/bluez/hci0/dev_98_47_44_CD_73_DE b true
/org/bluez/hci1/dev_98_47_44_CD_73_DE b true
2026-08-24T19:11:00,070595245-04:00
{"state":"CALL_DOWN","call":false,"output":{"desired":"a2dp:98:47:44:CD:73:DE","chosen":"a2dp:98:47:44:CD:73:DE","reason":"desired output is available","candidates":[{"id":"wired:alsa_output.platform-3f00b840.mailbox.stereo-fallback","present":true,"connected":true,"adapter":null,"adapter_address":null,"setup_state":"ready"},{"id":"a2dp:98:47:44:CD:73:DE","present":true,"connected":true,"adapter":"hci1","adapter_address":"A0:AD:9F:73:6C:24","setup_state":"ready"},{"id":"a2dp:C9:5C:FD:6E:28:46","present":false,"connected":false,"adapter":"hci1","adapter_address":"A0:AD:9F:73:6C:24","setup_state":"ready"},{"id":"a2dp:50:D7:1B:74:34:D6","present":false,"connected":false,"adapter":"hci1","adapter_address":"A0:AD:9F:73:6C:24","setup_state":"ready"}]}}
/org/bluez/hci0/dev_98_47_44_CD_73_DE b true
/org/bluez/hci1/dev_98_47_44_CD_73_DE b true
2026-08-24T19:11:01,153194377-04:00
{"state":"CALL_DOWN","call":false,"output":{"desired":"a2dp:98:47:44:CD:73:DE","chosen":"a2dp:98:47:44:CD:73:DE","reason":"desired output is available","candidates":[{"id":"wired:alsa_output.platform-3f00b840.mailbox.stereo-fallback","present":true,"connected":true,"adapter":null,"adapter_address":null,"setup_state":"ready"},{"id":"a2dp:98:47:44:CD:73:DE","present":true,"connected":true,"adapter":"hci1","adapter_address":"A0:AD:9F:73:6C:24","setup_state":"ready"},{"id":"a2dp:C9:5C:FD:6E:28:46","present":false,"connected":false,"adapter":"hci1","adapter_address":"A0:AD:9F:73:6C:24","setup_state":"ready"},{"id":"a2dp:50:D7:1B:74:34:D6","present":false,"connected":false,"adapter":"hci1","adapter_address":"A0:AD:9F:73:6C:24","setup_state":"ready"}]}}
/org/bluez/hci0/dev_98_47_44_CD_73_DE b true
/org/bluez/hci1/dev_98_47_44_CD_73_DE b true
2026-08-24T19:11:02,226685820-04:00
{"state":"CALL_DOWN","call":false,"output":{"desired":"a2dp:98:47:44:CD:73:DE","chosen":"a2dp:98:47:44:CD:73:DE","reason":"desired output is available","candidates":[{"id":"wired:alsa_output.platform-3f00b840.mailbox.stereo-fallback","present":true,"connected":true,"adapter":null,"adapter_address":null,"setup_state":"ready"},{"id":"a2dp:98:47:44:CD:73:DE","present":true,"connected":true,"adapter":"hci1","adapter_address":"A0:AD:9F:73:6C:24","setup_state":"ready"},{"id":"a2dp:C9:5C:FD:6E:28:46","present":false,"connected":false,"adapter":"hci1","adapter_address":"A0:AD:9F:73:6C:24","setup_state":"ready"},{"id":"a2dp:50:D7:1B:74:34:D6","present":false,"connected":false,"adapter":"hci1","adapter_address":"A0:AD:9F:73:6C:24","setup_state":"ready"}]}}
/org/bluez/hci0/dev_98_47_44_CD_73_DE b true
/org/bluez/hci1/dev_98_47_44_CD_73_DE b true
2026-08-24T19:11:03,315577879-04:00
{"state":"CALL_DOWN","call":false,"output":{"desired":"a2dp:98:47:44:CD:73:DE","chosen":"a2dp:98:47:44:CD:73:DE","reason":"desired output is available","candidates":[{"id":"wired:alsa_output.platform-3f00b840.mailbox.stereo-fallback","present":true,"connected":true,"adapter":null,"adapter_address":null,"setup_state":"ready"},{"id":"a2dp:98:47:44:CD:73:DE","present":true,"connected":true,"adapter":"hci1","adapter_address":"A0:AD:9F:73:6C:24","setup_state":"ready"},{"id":"a2dp:C9:5C:FD:6E:28:46","present":false,"connected":false,"adapter":"hci1","adapter_address":"A0:AD:9F:73:6C:24","setup_state":"ready"},{"id":"a2dp:50:D7:1B:74:34:D6","present":false,"connected":false,"adapter":"hci1","adapter_address":"A0:AD:9F:73:6C:24","setup_state":"ready"}]}}
/org/bluez/hci0/dev_98_47_44_CD_73_DE b true
/org/bluez/hci1/dev_98_47_44_CD_73_DE b true
2026-08-24T19:11:04,389064121-04:00
{"state":"CALL_DOWN","call":false,"output":{"desired":"a2dp:98:47:44:CD:73:DE","chosen":"a2dp:98:47:44:CD:73:DE","reason":"desired output is available","candidates":[{"id":"wired:alsa_output.platform-3f00b840.mailbox.stereo-fallback","present":true,"connected":true,"adapter":null,"adapter_address":null,"setup_state":"ready"},{"id":"a2dp:98:47:44:CD:73:DE","present":true,"connected":true,"adapter":"hci1","adapter_address":"A0:AD:9F:73:6C:24","setup_state":"ready"},{"id":"a2dp:C9:5C:FD:6E:28:46","present":false,"connected":false,"adapter":"hci1","adapter_address":"A0:AD:9F:73:6C:24","setup_state":"ready"},{"id":"a2dp:50:D7:1B:74:34:D6","present":false,"connected":false,"adapter":"hci1","adapter_address":"A0:AD:9F:73:6C:24","setup_state":"ready"}]}}
/org/bluez/hci0/dev_98_47_44_CD_73_DE b true
/org/bluez/hci1/dev_98_47_44_CD_73_DE b true
2026-08-24T19:11:05,473686012-04:00
{"state":"CALL_DOWN","call":false,"output":{"desired":"a2dp:98:47:44:CD:73:DE","chosen":"a2dp:98:47:44:CD:73:DE","reason":"desired output is available","candidates":[{"id":"wired:alsa_output.platform-3f00b840.mailbox.stereo-fallback","present":true,"connected":true,"adapter":null,"adapter_address":null,"setup_state":"ready"},{"id":"a2dp:98:47:44:CD:73:DE","present":true,"connected":true,"adapter":"hci1","adapter_address":"A0:AD:9F:73:6C:24","setup_state":"ready"},{"id":"a2dp:C9:5C:FD:6E:28:46","present":false,"connected":false,"adapter":"hci1","adapter_address":"A0:AD:9F:73:6C:24","setup_state":"ready"},{"id":"a2dp:50:D7:1B:74:34:D6","present":false,"connected":false,"adapter":"hci1","adapter_address":"A0:AD:9F:73:6C:24","setup_state":"ready"}]}}
/org/bluez/hci0/dev_98_47_44_CD_73_DE b true
/org/bluez/hci1/dev_98_47_44_CD_73_DE b true
2026-08-24T19:11:06,546668098-04:00
{"state":"CALL_DOWN","call":false,"output":{"desired":"a2dp:98:47:44:CD:73:DE","chosen":"a2dp:98:47:44:CD:73:DE","reason":"desired output is available","candidates":[{"id":"wired:alsa_output.platform-3f00b840.mailbox.stereo-fallback","present":true,"connected":true,"adapter":null,"adapter_address":null,"setup_state":"ready"},{"id":"a2dp:98:47:44:CD:73:DE","present":true,"connected":true,"adapter":"hci1","adapter_address":"A0:AD:9F:73:6C:24","setup_state":"ready"},{"id":"a2dp:C9:5C:FD:6E:28:46","present":false,"connected":false,"adapter":"hci1","adapter_address":"A0:AD:9F:73:6C:24","setup_state":"ready"},{"id":"a2dp:50:D7:1B:74:34:D6","present":false,"connected":false,"adapter":"hci1","adapter_address":"A0:AD:9F:73:6C:24","setup_state":"ready"}]}}
/org/bluez/hci0/dev_98_47_44_CD_73_DE b true
/org/bluez/hci1/dev_98_47_44_CD_73_DE b true
2026-08-24T19:11:07,631686555-04:00
{"state":"CALL_DOWN","call":false,"output":{"desired":"a2dp:98:47:44:CD:73:DE","chosen":"a2dp:98:47:44:CD:73:DE","reason":"desired output is available","candidates":[{"id":"wired:alsa_output.platform-3f00b840.mailbox.stereo-fallback","present":true,"connected":true,"adapter":null,"adapter_address":null,"setup_state":"ready"},{"id":"a2dp:98:47:44:CD:73:DE","present":true,"connected":true,"adapter":"hci1","adapter_address":"A0:AD:9F:73:6C:24","setup_state":"ready"},{"id":"a2dp:C9:5C:FD:6E:28:46","present":false,"connected":false,"adapter":"hci1","adapter_address":"A0:AD:9F:73:6C:24","setup_state":"ready"},{"id":"a2dp:50:D7:1B:74:34:D6","present":false,"connected":false,"adapter":"hci1","adapter_address":"A0:AD:9F:73:6C:24","setup_state":"ready"}]}}
/org/bluez/hci0/dev_98_47_44_CD_73_DE b true
/org/bluez/hci1/dev_98_47_44_CD_73_DE b true
2026-08-24T19:11:08,704397453-04:00
{"state":"CALL_DOWN","call":false,"output":{"desired":"a2dp:98:47:44:CD:73:DE","chosen":"a2dp:98:47:44:CD:73:DE","reason":"desired output is available","candidates":[{"id":"wired:alsa_output.platform-3f00b840.mailbox.stereo-fallback","present":true,"connected":true,"adapter":null,"adapter_address":null,"setup_state":"ready"},{"id":"a2dp:98:47:44:CD:73:DE","present":true,"connected":true,"adapter":"hci1","adapter_address":"A0:AD:9F:73:6C:24","setup_state":"ready"},{"id":"a2dp:C9:5C:FD:6E:28:46","present":false,"connected":false,"adapter":"hci1","adapter_address":"A0:AD:9F:73:6C:24","setup_state":"ready"},{"id":"a2dp:50:D7:1B:74:34:D6","present":false,"connected":false,"adapter":"hci1","adapter_address":"A0:AD:9F:73:6C:24","setup_state":"ready"}]}}
/org/bluez/hci0/dev_98_47_44_CD_73_DE b true
/org/bluez/hci1/dev_98_47_44_CD_73_DE b true
2026-08-24T19:11:09,777331477-04:00
{"state":"CALL_DOWN","call":false,"output":{"desired":"a2dp:98:47:44:CD:73:DE","chosen":"a2dp:98:47:44:CD:73:DE","reason":"desired output is available","candidates":[{"id":"wired:alsa_output.platform-3f00b840.mailbox.stereo-fallback","present":true,"connected":true,"adapter":null,"adapter_address":null,"setup_state":"ready"},{"id":"a2dp:98:47:44:CD:73:DE","present":true,"connected":true,"adapter":"hci1","adapter_address":"A0:AD:9F:73:6C:24","setup_state":"ready"},{"id":"a2dp:C9:5C:FD:6E:28:46","present":false,"connected":false,"adapter":"hci1","adapter_address":"A0:AD:9F:73:6C:24","setup_state":"ready"},{"id":"a2dp:50:D7:1B:74:34:D6","present":false,"connected":false,"adapter":"hci1","adapter_address":"A0:AD:9F:73:6C:24","setup_state":"ready"}]}}
/org/bluez/hci0/dev_98_47_44_CD_73_DE b true
/org/bluez/hci1/dev_98_47_44_CD_73_DE b true
2026-08-24T19:11:10,850341702-04:00
{"state":"CALL_DOWN","call":false,"output":{"desired":"a2dp:98:47:44:CD:73:DE","chosen":"a2dp:98:47:44:CD:73:DE","reason":"desired output is available","candidates":[{"id":"wired:alsa_output.platform-3f00b840.mailbox.stereo-fallback","present":true,"connected":true,"adapter":null,"adapter_address":null,"setup_state":"ready"},{"id":"a2dp:98:47:44:CD:73:DE","present":true,"connected":true,"adapter":"hci1","adapter_address":"A0:AD:9F:73:6C:24","setup_state":"ready"},{"id":"a2dp:C9:5C:FD:6E:28:46","present":false,"connected":false,"adapter":"hci1","adapter_address":"A0:AD:9F:73:6C:24","setup_state":"ready"},{"id":"a2dp:50:D7:1B:74:34:D6","present":false,"connected":false,"adapter":"hci1","adapter_address":"A0:AD:9F:73:6C:24","setup_state":"ready"}]}}
/org/bluez/hci0/dev_98_47_44_CD_73_DE b true
/org/bluez/hci1/dev_98_47_44_CD_73_DE b true
2026-08-24T19:11:11,923246306-04:00
{"state":"CALL_DOWN","call":false,"output":{"desired":"a2dp:98:47:44:CD:73:DE","chosen":"a2dp:98:47:44:CD:73:DE","reason":"desired output is available","candidates":[{"id":"wired:alsa_output.platform-3f00b840.mailbox.stereo-fallback","present":true,"connected":true,"adapter":null,"adapter_address":null,"setup_state":"ready"},{"id":"a2dp:98:47:44:CD:73:DE","present":true,"connected":true,"adapter":"hci1","adapter_address":"A0:AD:9F:73:6C:24","setup_state":"ready"},{"id":"a2dp:C9:5C:FD:6E:28:46","present":false,"connected":false,"adapter":"hci1","adapter_address":"A0:AD:9F:73:6C:24","setup_state":"ready"},{"id":"a2dp:50:D7:1B:74:34:D6","present":false,"connected":false,"adapter":"hci1","adapter_address":"A0:AD:9F:73:6C:24","setup_state":"ready"}]}}
/org/bluez/hci0/dev_98_47_44_CD_73_DE b true
/org/bluez/hci1/dev_98_47_44_CD_73_DE b true
