2026-08-24T18:49:38,424158060-04:00
{"state":"CALL_DOWN","call":false,"output":{"desired":"wired:alsa_output.platform-3f00b840.mailbox.stereo-fallback","chosen":"wired:alsa_output.platform-3f00b840.mailbox.stereo-fallback","reason":"desired output is available","candidates":[{"id":"wired:alsa_output.platform-3f00b840.mailbox.stereo-fallback","present":true,"connected":true,"adapter":null,"adapter_address":null,"setup_state":"ready"},{"id":"a2dp:C9:5C:FD:6E:28:46","present":false,"connected":false,"adapter":"hci1","adapter_address":"A0:AD:9F:73:6C:24","setup_state":"ready"},{"id":"a2dp:50:D7:1B:74:34:D6","present":false,"connected":false,"adapter":"hci1","adapter_address":"A0:AD:9F:73:6C:24","setup_state":"ready"},{"id":"a2dp:98:47:44:CD:73:DE","present":false,"connected":false,"adapter":"hci0","adapter_address":"B8:27:EB:43:8D:51","setup_state":"needs_setup"}]}}
/org/bluez/hci0/dev_98_47_44_CD_73_DE b true
/org/bluez/hci1/dev_98_47_44_CD_73_DE absent
2026-08-24T18:49:39,545218253-04:00
{"state":"CALL_DOWN","call":false,"output":{"desired":"wired:alsa_output.platform-3f00b840.mailbox.stereo-fallback","chosen":"wired:alsa_output.platform-3f00b840.mailbox.stereo-fallback","reason":"desired output is available","candidates":[{"id":"wired:alsa_output.platform-3f00b840.mailbox.stereo-fallback","present":true,"connected":true,"adapter":null,"adapter_address":null,"setup_state":"ready"},{"id":"a2dp:C9:5C:FD:6E:28:46","present":false,"connected":false,"adapter":"hci1","adapter_address":"A0:AD:9F:73:6C:24","setup_state":"ready"},{"id":"a2dp:50:D7:1B:74:34:D6","present":false,"connected":false,"adapter":"hci1","adapter_address":"A0:AD:9F:73:6C:24","setup_state":"ready"},{"id":"a2dp:98:47:44:CD:73:DE","present":false,"connected":false,"adapter":"hci0","adapter_address":"B8:27:EB:43:8D:51","setup_state":"needs_setup"}]}}
/org/bluez/hci0/dev_98_47_44_CD_73_DE b true
/org/bluez/hci1/dev_98_47_44_CD_73_DE absent
2026-08-24T18:49:40,618267907-04:00
{"state":"CALL_DOWN","call":false,"output":{"desired":"wired:alsa_output.platform-3f00b840.mailbox.stereo-fallback","chosen":"wired:alsa_output.platform-3f00b840.mailbox.stereo-fallback","reason":"desired output is available","candidates":[{"id":"wired:alsa_output.platform-3f00b840.mailbox.stereo-fallback","present":true,"connected":true,"adapter":null,"adapter_address":null,"setup_state":"ready"},{"id":"a2dp:C9:5C:FD:6E:28:46","present":false,"connected":false,"adapter":"hci1","adapter_address":"A0:AD:9F:73:6C:24","setup_state":"ready"},{"id":"a2dp:50:D7:1B:74:34:D6","present":false,"connected":false,"adapter":"hci1","adapter_address":"A0:AD:9F:73:6C:24","setup_state":"ready"},{"id":"a2dp:98:47:44:CD:73:DE","present":false,"connected":false,"adapter":"hci0","adapter_address":"B8:27:EB:43:8D:51","setup_state":"needs_setup"}]}}
/org/bluez/hci0/dev_98_47_44_CD_73_DE b true
/org/bluez/hci1/dev_98_47_44_CD_73_DE absent
2026-08-24T18:49:41,691233186-04:00
{"state":"CALL_DOWN","call":false,"output":{"desired":"wired:alsa_output.platform-3f00b840.mailbox.stereo-fallback","chosen":"wired:alsa_output.platform-3f00b840.mailbox.stereo-fallback","reason":"desired output is available","candidates":[{"id":"wired:alsa_output.platform-3f00b840.mailbox.stereo-fallback","present":true,"connected":true,"adapter":null,"adapter_address":null,"setup_state":"ready"},{"id":"a2dp:C9:5C:FD:6E:28:46","present":false,"connected":false,"adapter":"hci1","adapter_address":"A0:AD:9F:73:6C:24","setup_state":"ready"},{"id":"a2dp:50:D7:1B:74:34:D6","present":false,"connected":false,"adapter":"hci1","adapter_address":"A0:AD:9F:73:6C:24","setup_state":"ready"},{"id":"a2dp:98:47:44:CD:73:DE","present":false,"connected":false,"adapter":"hci0","adapter_address":"B8:27:EB:43:8D:51","setup_state":"needs_setup"}]}}
/org/bluez/hci0/dev_98_47_44_CD_73_DE b true
/org/bluez/hci1/dev_98_47_44_CD_73_DE absent
2026-08-24T18:49:42,764132994-04:00
{"state":"CALL_DOWN","call":false,"output":{"desired":"wired:alsa_output.platform-3f00b840.mailbox.stereo-fallback","chosen":"wired:alsa_output.platform-3f00b840.mailbox.stereo-fallback","reason":"desired output is available","candidates":[{"id":"wired:alsa_output.platform-3f00b840.mailbox.stereo-fallback","present":true,"connected":true,"adapter":null,"adapter_address":null,"setup_state":"ready"},{"id":"a2dp:C9:5C:FD:6E:28:46","present":false,"connected":false,"adapter":"hci1","adapter_address":"A0:AD:9F:73:6C:24","setup_state":"ready"},{"id":"a2dp:50:D7:1B:74:34:D6","present":false,"connected":false,"adapter":"hci1","adapter_address":"A0:AD:9F:73:6C:24","setup_state":"ready"},{"id":"a2dp:98:47:44:CD:73:DE","present":false,"connected":false,"adapter":"hci0","adapter_address":"B8:27:EB:43:8D:51","setup_state":"needs_setup"}]}}
/org/bluez/hci0/dev_98_47_44_CD_73_DE b true
/org/bluez/hci1/dev_98_47_44_CD_73_DE absent
2026-08-24T18:49:43,837251602-04:00
{"state":"CALL_DOWN","call":false,"output":{"desired":"wired:alsa_output.platform-3f00b840.mailbox.stereo-fallback","chosen":"wired:alsa_output.platform-3f00b840.mailbox.stereo-fallback","reason":"desired output is available","candidates":[{"id":"wired:alsa_output.platform-3f00b840.mailbox.stereo-fallback","present":true,"connected":true,"adapter":null,"adapter_address":null,"setup_state":"ready"},{"id":"a2dp:C9:5C:FD:6E:28:46","present":false,"connected":false,"adapter":"hci1","adapter_address":"A0:AD:9F:73:6C:24","setup_state":"ready"},{"id":"a2dp:50:D7:1B:74:34:D6","present":false,"connected":false,"adapter":"hci1","adapter_address":"A0:AD:9F:73:6C:24","setup_state":"ready"},{"id":"a2dp:98:47:44:CD:73:DE","present":false,"connected":false,"adapter":"hci0","adapter_address":"B8:27:EB:43:8D:51","setup_state":"needs_setup"}]}}
/org/bluez/hci0/dev_98_47_44_CD_73_DE b true
/org/bluez/hci1/dev_98_47_44_CD_73_DE absent
2026-08-24T18:49:44,909986408-04:00
{"state":"CALL_DOWN","call":false,"output":{"desired":"wired:alsa_output.platform-3f00b840.mailbox.stereo-fallback","chosen":"wired:alsa_output.platform-3f00b840.mailbox.stereo-fallback","reason":"desired output is available","candidates":[{"id":"wired:alsa_output.platform-3f00b840.mailbox.stereo-fallback","present":true,"connected":true,"adapter":null,"adapter_address":null,"setup_state":"ready"},{"id":"a2dp:C9:5C:FD:6E:28:46","present":false,"connected":false,"adapter":"hci1","adapter_address":"A0:AD:9F:73:6C:24","setup_state":"ready"},{"id":"a2dp:50:D7:1B:74:34:D6","present":false,"connected":false,"adapter":"hci1","adapter_address":"A0:AD:9F:73:6C:24","setup_state":"ready"},{"id":"a2dp:98:47:44:CD:73:DE","present":false,"connected":false,"adapter":"hci0","adapter_address":"B8:27:EB:43:8D:51","setup_state":"needs_setup"}]}}
/org/bluez/hci0/dev_98_47_44_CD_73_DE b true
/org/bluez/hci1/dev_98_47_44_CD_73_DE absent
2026-08-24T18:49:45,983005846-04:00
{"state":"CALL_DOWN","call":false,"output":{"desired":"wired:alsa_output.platform-3f00b840.mailbox.stereo-fallback","chosen":"wired:alsa_output.platform-3f00b840.mailbox.stereo-fallback","reason":"desired output is available","candidates":[{"id":"wired:alsa_output.platform-3f00b840.mailbox.stereo-fallback","present":true,"connected":true,"adapter":null,"adapter_address":null,"setup_state":"ready"},{"id":"a2dp:C9:5C:FD:6E:28:46","present":false,"connected":false,"adapter":"hci1","adapter_address":"A0:AD:9F:73:6C:24","setup_state":"ready"},{"id":"a2dp:50:D7:1B:74:34:D6","present":false,"connected":false,"adapter":"hci1","adapter_address":"A0:AD:9F:73:6C:24","setup_state":"ready"},{"id":"a2dp:98:47:44:CD:73:DE","present":false,"connected":false,"adapter":"hci0","adapter_address":"B8:27:EB:43:8D:51","setup_state":"needs_setup"}]}}
/org/bluez/hci0/dev_98_47_44_CD_73_DE b true
/org/bluez/hci1/dev_98_47_44_CD_73_DE absent
2026-08-24T18:49:47,056175178-04:00
{"state":"CALL_DOWN","call":false,"output":{"desired":"wired:alsa_output.platform-3f00b840.mailbox.stereo-fallback","chosen":"wired:alsa_output.platform-3f00b840.mailbox.stereo-fallback","reason":"desired output is available","candidates":[{"id":"wired:alsa_output.platform-3f00b840.mailbox.stereo-fallback","present":true,"connected":true,"adapter":null,"adapter_address":null,"setup_state":"ready"},{"id":"a2dp:C9:5C:FD:6E:28:46","present":false,"connected":false,"adapter":"hci1","adapter_address":"A0:AD:9F:73:6C:24","setup_state":"ready"},{"id":"a2dp:50:D7:1B:74:34:D6","present":false,"connected":false,"adapter":"hci1","adapter_address":"A0:AD:9F:73:6C:24","setup_state":"ready"},{"id":"a2dp:98:47:44:CD:73:DE","present":false,"connected":false,"adapter":"hci0","adapter_address":"B8:27:EB:43:8D:51","setup_state":"needs_setup"}]}}
/org/bluez/hci0/dev_98_47_44_CD_73_DE b true
/org/bluez/hci1/dev_98_47_44_CD_73_DE absent
2026-08-24T18:49:48,129093416-04:00
{"state":"CALL_DOWN","call":false,"output":{"desired":"wired:alsa_output.platform-3f00b840.mailbox.stereo-fallback","chosen":"wired:alsa_output.platform-3f00b840.mailbox.stereo-fallback","reason":"desired output is available","candidates":[{"id":"wired:alsa_output.platform-3f00b840.mailbox.stereo-fallback","present":true,"connected":true,"adapter":null,"adapter_address":null,"setup_state":"ready"},{"id":"a2dp:C9:5C:FD:6E:28:46","present":false,"connected":false,"adapter":"hci1","adapter_address":"A0:AD:9F:73:6C:24","setup_state":"ready"},{"id":"a2dp:50:D7:1B:74:34:D6","present":false,"connected":false,"adapter":"hci1","adapter_address":"A0:AD:9F:73:6C:24","setup_state":"ready"},{"id":"a2dp:98:47:44:CD:73:DE","present":false,"connected":false,"adapter":"hci0","adapter_address":"B8:27:EB:43:8D:51","setup_state":"needs_setup"}]}}
/org/bluez/hci0/dev_98_47_44_CD_73_DE b true
/org/bluez/hci1/dev_98_47_44_CD_73_DE absent
2026-08-24T18:49:49,202966960-04:00
{"state":"CALL_DOWN","call":false,"output":{"desired":"wired:alsa_output.platform-3f00b840.mailbox.stereo-fallback","chosen":"wired:alsa_output.platform-3f00b840.mailbox.stereo-fallback","reason":"desired output is available","candidates":[{"id":"wired:alsa_output.platform-3f00b840.mailbox.stereo-fallback","present":true,"connected":true,"adapter":null,"adapter_address":null,"setup_state":"ready"},{"id":"a2dp:C9:5C:FD:6E:28:46","present":false,"connected":false,"adapter":"hci1","adapter_address":"A0:AD:9F:73:6C:24","setup_state":"ready"},{"id":"a2dp:50:D7:1B:74:34:D6","present":false,"connected":false,"adapter":"hci1","adapter_address":"A0:AD:9F:73:6C:24","setup_state":"ready"},{"id":"a2dp:98:47:44:CD:73:DE","present":false,"connected":false,"adapter":"hci0","adapter_address":"B8:27:EB:43:8D:51","setup_state":"needs_setup"}]}}
/org/bluez/hci0/dev_98_47_44_CD_73_DE b true
/org/bluez/hci1/dev_98_47_44_CD_73_DE absent
2026-08-24T18:49:50,285094315-04:00
{"state":"CALL_DOWN","call":false,"output":{"desired":"wired:alsa_output.platform-3f00b840.mailbox.stereo-fallback","chosen":"wired:alsa_output.platform-3f00b840.mailbox.stereo-fallback","reason":"desired output is available","candidates":[{"id":"wired:alsa_output.platform-3f00b840.mailbox.stereo-fallback","present":true,"connected":true,"adapter":null,"adapter_address":null,"setup_state":"ready"},{"id":"a2dp:C9:5C:FD:6E:28:46","present":false,"connected":false,"adapter":"hci1","adapter_address":"A0:AD:9F:73:6C:24","setup_state":"ready"},{"id":"a2dp:50:D7:1B:74:34:D6","present":false,"connected":false,"adapter":"hci1","adapter_address":"A0:AD:9F:73:6C:24","setup_state":"ready"},{"id":"a2dp:98:47:44:CD:73:DE","present":false,"connected":false,"adapter":"hci0","adapter_address":"B8:27:EB:43:8D:51","setup_state":"needs_setup"}]}}
/org/bluez/hci0/dev_98_47_44_CD_73_DE b true
/org/bluez/hci1/dev_98_47_44_CD_73_DE absent
2026-08-24T18:49:51,359373791-04:00
{"state":"CALL_DOWN","call":false,"output":{"desired":"wired:alsa_output.platform-3f00b840.mailbox.stereo-fallback","chosen":"wired:alsa_output.platform-3f00b840.mailbox.stereo-fallback","reason":"desired output is available","candidates":[{"id":"wired:alsa_output.platform-3f00b840.mailbox.stereo-fallback","present":true,"connected":true,"adapter":null,"adapter_address":null,"setup_state":"ready"},{"id":"a2dp:C9:5C:FD:6E:28:46","present":false,"connected":false,"adapter":"hci1","adapter_address":"A0:AD:9F:73:6C:24","setup_state":"ready"},{"id":"a2dp:50:D7:1B:74:34:D6","present":false,"connected":false,"adapter":"hci1","adapter_address":"A0:AD:9F:73:6C:24","setup_state":"ready"},{"id":"a2dp:98:47:44:CD:73:DE","present":false,"connected":false,"adapter":"hci0","adapter_address":"B8:27:EB:43:8D:51","setup_state":"needs_setup"}]}}
/org/bluez/hci0/dev_98_47_44_CD_73_DE b true
/org/bluez/hci1/dev_98_47_44_CD_73_DE absent
2026-08-24T18:49:52,448032256-04:00
{"state":"CALL_DOWN","call":false,"output":{"desired":"wired:alsa_output.platform-3f00b840.mailbox.stereo-fallback","chosen":"wired:alsa_output.platform-3f00b840.mailbox.stereo-fallback","reason":"desired output is available","candidates":[{"id":"wired:alsa_output.platform-3f00b840.mailbox.stereo-fallback","present":true,"connected":true,"adapter":null,"adapter_address":null,"setup_state":"ready"},{"id":"a2dp:C9:5C:FD:6E:28:46","present":false,"connected":false,"adapter":"hci1","adapter_address":"A0:AD:9F:73:6C:24","setup_state":"ready"},{"id":"a2dp:50:D7:1B:74:34:D6","present":false,"connected":false,"adapter":"hci1","adapter_address":"A0:AD:9F:73:6C:24","setup_state":"ready"},{"id":"a2dp:98:47:44:CD:73:DE","present":false,"connected":false,"adapter":"hci0","adapter_address":"B8:27:EB:43:8D:51","setup_state":"needs_setup"}]}}
/org/bluez/hci0/dev_98_47_44_CD_73_DE b true
/org/bluez/hci1/dev_98_47_44_CD_73_DE absent
2026-08-24T18:49:53,520494759-04:00
{"state":"CALL_DOWN","call":false,"output":{"desired":"wired:alsa_output.platform-3f00b840.mailbox.stereo-fallback","chosen":"wired:alsa_output.platform-3f00b840.mailbox.stereo-fallback","reason":"desired output is available","candidates":[{"id":"wired:alsa_output.platform-3f00b840.mailbox.stereo-fallback","present":true,"connected":true,"adapter":null,"adapter_address":null,"setup_state":"ready"},{"id":"a2dp:C9:5C:FD:6E:28:46","present":false,"connected":false,"adapter":"hci1","adapter_address":"A0:AD:9F:73:6C:24","setup_state":"ready"},{"id":"a2dp:50:D7:1B:74:34:D6","present":false,"connected":false,"adapter":"hci1","adapter_address":"A0:AD:9F:73:6C:24","setup_state":"ready"},{"id":"a2dp:98:47:44:CD:73:DE","present":false,"connected":false,"adapter":"hci0","adapter_address":"B8:27:EB:43:8D:51","setup_state":"needs_setup"}]}}
/org/bluez/hci0/dev_98_47_44_CD_73_DE b true
/org/bluez/hci1/dev_98_47_44_CD_73_DE absent
2026-08-24T18:49:54,603681477-04:00
{"state":"CALL_DOWN","call":false,"output":{"desired":"wired:alsa_output.platform-3f00b840.mailbox.stereo-fallback","chosen":"wired:alsa_output.platform-3f00b840.mailbox.stereo-fallback","reason":"desired output is available","candidates":[{"id":"wired:alsa_output.platform-3f00b840.mailbox.stereo-fallback","present":true,"connected":true,"adapter":null,"adapter_address":null,"setup_state":"ready"},{"id":"a2dp:C9:5C:FD:6E:28:46","present":false,"connected":false,"adapter":"hci1","adapter_address":"A0:AD:9F:73:6C:24","setup_state":"ready"},{"id":"a2dp:50:D7:1B:74:34:D6","present":false,"connected":false,"adapter":"hci1","adapter_address":"A0:AD:9F:73:6C:24","setup_state":"ready"},{"id":"a2dp:98:47:44:CD:73:DE","present":false,"connected":false,"adapter":"hci0","adapter_address":"B8:27:EB:43:8D:51","setup_state":"needs_setup"}]}}
/org/bluez/hci0/dev_98_47_44_CD_73_DE b true
/org/bluez/hci1/dev_98_47_44_CD_73_DE absent
2026-08-24T18:49:55,677186785-04:00
{"state":"CALL_DOWN","call":false,"output":{"desired":"wired:alsa_output.platform-3f00b840.mailbox.stereo-fallback","chosen":"wired:alsa_output.platform-3f00b840.mailbox.stereo-fallback","reason":"desired output is available","candidates":[{"id":"wired:alsa_output.platform-3f00b840.mailbox.stereo-fallback","present":true,"connected":true,"adapter":null,"adapter_address":null,"setup_state":"ready"},{"id":"a2dp:C9:5C:FD:6E:28:46","present":false,"connected":false,"adapter":"hci1","adapter_address":"A0:AD:9F:73:6C:24","setup_state":"ready"},{"id":"a2dp:50:D7:1B:74:34:D6","present":false,"connected":false,"adapter":"hci1","adapter_address":"A0:AD:9F:73:6C:24","setup_state":"ready"},{"id":"a2dp:98:47:44:CD:73:DE","present":false,"connected":false,"adapter":"hci0","adapter_address":"B8:27:EB:43:8D:51","setup_state":"needs_setup"}]}}
/org/bluez/hci0/dev_98_47_44_CD_73_DE b true
/org/bluez/hci1/dev_98_47_44_CD_73_DE absent
2026-08-24T18:49:56,761436463-04:00
{"state":"CALL_DOWN","call":false,"output":{"desired":"wired:alsa_output.platform-3f00b840.mailbox.stereo-fallback","chosen":"wired:alsa_output.platform-3f00b840.mailbox.stereo-fallback","reason":"desired output is available","candidates":[{"id":"wired:alsa_output.platform-3f00b840.mailbox.stereo-fallback","present":true,"connected":true,"adapter":null,"adapter_address":null,"setup_state":"ready"},{"id":"a2dp:C9:5C:FD:6E:28:46","present":false,"connected":false,"adapter":"hci1","adapter_address":"A0:AD:9F:73:6C:24","setup_state":"ready"},{"id":"a2dp:50:D7:1B:74:34:D6","present":false,"connected":false,"adapter":"hci1","adapter_address":"A0:AD:9F:73:6C:24","setup_state":"ready"},{"id":"a2dp:98:47:44:CD:73:DE","present":false,"connected":false,"adapter":"hci0","adapter_address":"B8:27:EB:43:8D:51","setup_state":"needs_setup"}]}}
/org/bluez/hci0/dev_98_47_44_CD_73_DE b true
/org/bluez/hci1/dev_98_47_44_CD_73_DE absent
2026-08-24T18:49:57,834913070-04:00
{"state":"CALL_DOWN","call":false,"output":{"desired":"wired:alsa_output.platform-3f00b840.mailbox.stereo-fallback","chosen":"wired:alsa_output.platform-3f00b840.mailbox.stereo-fallback","reason":"desired output is available","candidates":[{"id":"wired:alsa_output.platform-3f00b840.mailbox.stereo-fallback","present":true,"connected":true,"adapter":null,"adapter_address":null,"setup_state":"ready"},{"id":"a2dp:C9:5C:FD:6E:28:46","present":false,"connected":false,"adapter":"hci1","adapter_address":"A0:AD:9F:73:6C:24","setup_state":"ready"},{"id":"a2dp:50:D7:1B:74:34:D6","present":false,"connected":false,"adapter":"hci1","adapter_address":"A0:AD:9F:73:6C:24","setup_state":"ready"},{"id":"a2dp:98:47:44:CD:73:DE","present":false,"connected":false,"adapter":"hci0","adapter_address":"B8:27:EB:43:8D:51","setup_state":"needs_setup"}]}}
/org/bluez/hci0/dev_98_47_44_CD_73_DE b true
/org/bluez/hci1/dev_98_47_44_CD_73_DE absent
2026-08-24T18:49:58,919564358-04:00
{"state":"CALL_DOWN","call":false,"output":{"desired":"wired:alsa_output.platform-3f00b840.mailbox.stereo-fallback","chosen":"wired:alsa_output.platform-3f00b840.mailbox.stereo-fallback","reason":"desired output is available","candidates":[{"id":"wired:alsa_output.platform-3f00b840.mailbox.stereo-fallback","present":true,"connected":true,"adapter":null,"adapter_address":null,"setup_state":"ready"},{"id":"a2dp:C9:5C:FD:6E:28:46","present":false,"connected":false,"adapter":"hci1","adapter_address":"A0:AD:9F:73:6C:24","setup_state":"ready"},{"id":"a2dp:50:D7:1B:74:34:D6","present":false,"connected":false,"adapter":"hci1","adapter_address":"A0:AD:9F:73:6C:24","setup_state":"ready"},{"id":"a2dp:98:47:44:CD:73:DE","present":false,"connected":false,"adapter":"hci0","adapter_address":"B8:27:EB:43:8D:51","setup_state":"needs_setup"}]}}
/org/bluez/hci0/dev_98_47_44_CD_73_DE b true
/org/bluez/hci1/dev_98_47_44_CD_73_DE absent
2026-08-24T18:49:59,992011384-04:00
{"state":"CALL_DOWN","call":false,"output":{"desired":"wired:alsa_output.platform-3f00b840.mailbox.stereo-fallback","chosen":"wired:alsa_output.platform-3f00b840.mailbox.stereo-fallback","reason":"desired output is available","candidates":[{"id":"wired:alsa_output.platform-3f00b840.mailbox.stereo-fallback","present":true,"connected":true,"adapter":null,"adapter_address":null,"setup_state":"ready"},{"id":"a2dp:C9:5C:FD:6E:28:46","present":false,"connected":false,"adapter":"hci1","adapter_address":"A0:AD:9F:73:6C:24","setup_state":"ready"},{"id":"a2dp:50:D7:1B:74:34:D6","present":false,"connected":false,"adapter":"hci1","adapter_address":"A0:AD:9F:73:6C:24","setup_state":"ready"},{"id":"a2dp:98:47:44:CD:73:DE","present":false,"connected":false,"adapter":"hci0","adapter_address":"B8:27:EB:43:8D:51","setup_state":"needs_setup"}]}}
/org/bluez/hci0/dev_98_47_44_CD_73_DE b true
/org/bluez/hci1/dev_98_47_44_CD_73_DE absent
2026-08-24T18:50:01,065285852-04:00
{"state":"CALL_DOWN","call":false,"output":{"desired":"wired:alsa_output.platform-3f00b840.mailbox.stereo-fallback","chosen":"wired:alsa_output.platform-3f00b840.mailbox.stereo-fallback","reason":"desired output is available","candidates":[{"id":"wired:alsa_output.platform-3f00b840.mailbox.stereo-fallback","present":true,"connected":true,"adapter":null,"adapter_address":null,"setup_state":"ready"},{"id":"a2dp:C9:5C:FD:6E:28:46","present":false,"connected":false,"adapter":"hci1","adapter_address":"A0:AD:9F:73:6C:24","setup_state":"ready"},{"id":"a2dp:50:D7:1B:74:34:D6","present":false,"connected":false,"adapter":"hci1","adapter_address":"A0:AD:9F:73:6C:24","setup_state":"ready"},{"id":"a2dp:98:47:44:CD:73:DE","present":false,"connected":false,"adapter":"hci0","adapter_address":"B8:27:EB:43:8D:51","setup_state":"needs_setup"}]}}
/org/bluez/hci0/dev_98_47_44_CD_73_DE b true
/org/bluez/hci1/dev_98_47_44_CD_73_DE absent
2026-08-24T18:50:02,138329590-04:00
{"state":"CALL_DOWN","call":false,"output":{"desired":"wired:alsa_output.platform-3f00b840.mailbox.stereo-fallback","chosen":"wired:alsa_output.platform-3f00b840.mailbox.stereo-fallback","reason":"desired output is available","candidates":[{"id":"wired:alsa_output.platform-3f00b840.mailbox.stereo-fallback","present":true,"connected":true,"adapter":null,"adapter_address":null,"setup_state":"ready"},{"id":"a2dp:C9:5C:FD:6E:28:46","present":false,"connected":false,"adapter":"hci1","adapter_address":"A0:AD:9F:73:6C:24","setup_state":"ready"},{"id":"a2dp:50:D7:1B:74:34:D6","present":false,"connected":false,"adapter":"hci1","adapter_address":"A0:AD:9F:73:6C:24","setup_state":"ready"},{"id":"a2dp:98:47:44:CD:73:DE","present":false,"connected":false,"adapter":"hci0","adapter_address":"B8:27:EB:43:8D:51","setup_state":"needs_setup"}]}}
/org/bluez/hci0/dev_98_47_44_CD_73_DE b true
/org/bluez/hci1/dev_98_47_44_CD_73_DE absent
2026-08-24T18:50:03,211088797-04:00
{"state":"CALL_DOWN","call":false,"output":{"desired":"wired:alsa_output.platform-3f00b840.mailbox.stereo-fallback","chosen":"wired:alsa_output.platform-3f00b840.mailbox.stereo-fallback","reason":"desired output is available","candidates":[{"id":"wired:alsa_output.platform-3f00b840.mailbox.stereo-fallback","present":true,"connected":true,"adapter":null,"adapter_address":null,"setup_state":"ready"},{"id":"a2dp:C9:5C:FD:6E:28:46","present":false,"connected":false,"adapter":"hci1","adapter_address":"A0:AD:9F:73:6C:24","setup_state":"ready"},{"id":"a2dp:50:D7:1B:74:34:D6","present":false,"connected":false,"adapter":"hci1","adapter_address":"A0:AD:9F:73:6C:24","setup_state":"ready"},{"id":"a2dp:98:47:44:CD:73:DE","present":false,"connected":false,"adapter":"hci0","adapter_address":"B8:27:EB:43:8D:51","setup_state":"needs_setup"}]}}
/org/bluez/hci0/dev_98_47_44_CD_73_DE b true
/org/bluez/hci1/dev_98_47_44_CD_73_DE absent
2026-08-24T18:50:04,283580817-04:00
{"state":"CALL_DOWN","call":false,"output":{"desired":"wired:alsa_output.platform-3f00b840.mailbox.stereo-fallback","chosen":"wired:alsa_output.platform-3f00b840.mailbox.stereo-fallback","reason":"desired output is available","candidates":[{"id":"wired:alsa_output.platform-3f00b840.mailbox.stereo-fallback","present":true,"connected":true,"adapter":null,"adapter_address":null,"setup_state":"ready"},{"id":"a2dp:C9:5C:FD:6E:28:46","present":false,"connected":false,"adapter":"hci1","adapter_address":"A0:AD:9F:73:6C:24","setup_state":"ready"},{"id":"a2dp:50:D7:1B:74:34:D6","present":false,"connected":false,"adapter":"hci1","adapter_address":"A0:AD:9F:73:6C:24","setup_state":"ready"},{"id":"a2dp:98:47:44:CD:73:DE","present":false,"connected":false,"adapter":"hci0","adapter_address":"B8:27:EB:43:8D:51","setup_state":"needs_setup"}]}}
/org/bluez/hci0/dev_98_47_44_CD_73_DE b true
/org/bluez/hci1/dev_98_47_44_CD_73_DE absent
2026-08-24T18:50:05,356384396-04:00
{"state":"CALL_DOWN","call":false,"output":{"desired":"wired:alsa_output.platform-3f00b840.mailbox.stereo-fallback","chosen":"wired:alsa_output.platform-3f00b840.mailbox.stereo-fallback","reason":"desired output is available","candidates":[{"id":"wired:alsa_output.platform-3f00b840.mailbox.stereo-fallback","present":true,"connected":true,"adapter":null,"adapter_address":null,"setup_state":"ready"},{"id":"a2dp:C9:5C:FD:6E:28:46","present":false,"connected":false,"adapter":"hci1","adapter_address":"A0:AD:9F:73:6C:24","setup_state":"ready"},{"id":"a2dp:50:D7:1B:74:34:D6","present":false,"connected":false,"adapter":"hci1","adapter_address":"A0:AD:9F:73:6C:24","setup_state":"ready"},{"id":"a2dp:98:47:44:CD:73:DE","present":false,"connected":false,"adapter":"hci0","adapter_address":"B8:27:EB:43:8D:51","setup_state":"needs_setup"}]}}
/org/bluez/hci0/dev_98_47_44_CD_73_DE b true
/org/bluez/hci1/dev_98_47_44_CD_73_DE absent
2026-08-24T18:50:06,429099484-04:00
{"state":"CALL_DOWN","call":false,"output":{"desired":"wired:alsa_output.platform-3f00b840.mailbox.stereo-fallback","chosen":"wired:alsa_output.platform-3f00b840.mailbox.stereo-fallback","reason":"desired output is available","candidates":[{"id":"wired:alsa_output.platform-3f00b840.mailbox.stereo-fallback","present":true,"connected":true,"adapter":null,"adapter_address":null,"setup_state":"ready"},{"id":"a2dp:C9:5C:FD:6E:28:46","present":false,"connected":false,"adapter":"hci1","adapter_address":"A0:AD:9F:73:6C:24","setup_state":"ready"},{"id":"a2dp:50:D7:1B:74:34:D6","present":false,"connected":false,"adapter":"hci1","adapter_address":"A0:AD:9F:73:6C:24","setup_state":"ready"},{"id":"a2dp:98:47:44:CD:73:DE","present":false,"connected":false,"adapter":"hci0","adapter_address":"B8:27:EB:43:8D:51","setup_state":"needs_setup"}]}}
/org/bluez/hci0/dev_98_47_44_CD_73_DE b true
/org/bluez/hci1/dev_98_47_44_CD_73_DE absent
2026-08-24T18:50:07,501610405-04:00
{"state":"CALL_DOWN","call":false,"output":{"desired":"wired:alsa_output.platform-3f00b840.mailbox.stereo-fallback","chosen":"wired:alsa_output.platform-3f00b840.mailbox.stereo-fallback","reason":"desired output is available","candidates":[{"id":"wired:alsa_output.platform-3f00b840.mailbox.stereo-fallback","present":true,"connected":true,"adapter":null,"adapter_address":null,"setup_state":"ready"},{"id":"a2dp:C9:5C:FD:6E:28:46","present":false,"connected":false,"adapter":"hci1","adapter_address":"A0:AD:9F:73:6C:24","setup_state":"ready"},{"id":"a2dp:50:D7:1B:74:34:D6","present":false,"connected":false,"adapter":"hci1","adapter_address":"A0:AD:9F:73:6C:24","setup_state":"ready"},{"id":"a2dp:98:47:44:CD:73:DE","present":false,"connected":false,"adapter":"hci0","adapter_address":"B8:27:EB:43:8D:51","setup_state":"needs_setup"}]}}
/org/bluez/hci0/dev_98_47_44_CD_73_DE b true
/org/bluez/hci1/dev_98_47_44_CD_73_DE absent
2026-08-24T18:50:08,574603458-04:00
{"state":"CALL_DOWN","call":false,"output":{"desired":"wired:alsa_output.platform-3f00b840.mailbox.stereo-fallback","chosen":"wired:alsa_output.platform-3f00b840.mailbox.stereo-fallback","reason":"desired output is available","candidates":[{"id":"wired:alsa_output.platform-3f00b840.mailbox.stereo-fallback","present":true,"connected":true,"adapter":null,"adapter_address":null,"setup_state":"ready"},{"id":"a2dp:C9:5C:FD:6E:28:46","present":false,"connected":false,"adapter":"hci1","adapter_address":"A0:AD:9F:73:6C:24","setup_state":"ready"},{"id":"a2dp:50:D7:1B:74:34:D6","present":false,"connected":false,"adapter":"hci1","adapter_address":"A0:AD:9F:73:6C:24","setup_state":"ready"},{"id":"a2dp:98:47:44:CD:73:DE","present":false,"connected":false,"adapter":"hci0","adapter_address":"B8:27:EB:43:8D:51","setup_state":"needs_setup"}]}}
/org/bluez/hci0/dev_98_47_44_CD_73_DE b true
/org/bluez/hci1/dev_98_47_44_CD_73_DE absent
2026-08-24T18:50:09,647781092-04:00
{"state":"CALL_DOWN","call":false,"output":{"desired":"wired:alsa_output.platform-3f00b840.mailbox.stereo-fallback","chosen":"wired:alsa_output.platform-3f00b840.mailbox.stereo-fallback","reason":"desired output is available","candidates":[{"id":"wired:alsa_output.platform-3f00b840.mailbox.stereo-fallback","present":true,"connected":true,"adapter":null,"adapter_address":null,"setup_state":"ready"},{"id":"a2dp:C9:5C:FD:6E:28:46","present":false,"connected":false,"adapter":"hci1","adapter_address":"A0:AD:9F:73:6C:24","setup_state":"ready"},{"id":"a2dp:50:D7:1B:74:34:D6","present":false,"connected":false,"adapter":"hci1","adapter_address":"A0:AD:9F:73:6C:24","setup_state":"ready"},{"id":"a2dp:98:47:44:CD:73:DE","present":false,"connected":false,"adapter":"hci0","adapter_address":"B8:27:EB:43:8D:51","setup_state":"needs_setup"}]}}
/org/bluez/hci0/dev_98_47_44_CD_73_DE b true
/org/bluez/hci1/dev_98_47_44_CD_73_DE absent
2026-08-24T18:50:10,720652215-04:00
{"state":"CALL_DOWN","call":false,"output":{"desired":"wired:alsa_output.platform-3f00b840.mailbox.stereo-fallback","chosen":"wired:alsa_output.platform-3f00b840.mailbox.stereo-fallback","reason":"desired output is available","candidates":[{"id":"wired:alsa_output.platform-3f00b840.mailbox.stereo-fallback","present":true,"connected":true,"adapter":null,"adapter_address":null,"setup_state":"ready"},{"id":"a2dp:C9:5C:FD:6E:28:46","present":false,"connected":false,"adapter":"hci1","adapter_address":"A0:AD:9F:73:6C:24","setup_state":"ready"},{"id":"a2dp:50:D7:1B:74:34:D6","present":false,"connected":false,"adapter":"hci1","adapter_address":"A0:AD:9F:73:6C:24","setup_state":"ready"},{"id":"a2dp:98:47:44:CD:73:DE","present":false,"connected":false,"adapter":"hci0","adapter_address":"B8:27:EB:43:8D:51","setup_state":"needs_setup"}]}}
/org/bluez/hci0/dev_98_47_44_CD_73_DE b true
/org/bluez/hci1/dev_98_47_44_CD_73_DE absent
2026-08-24T18:50:11,793738596-04:00
{"state":"CALL_DOWN","call":false,"output":{"desired":"wired:alsa_output.platform-3f00b840.mailbox.stereo-fallback","chosen":"wired:alsa_output.platform-3f00b840.mailbox.stereo-fallback","reason":"desired output is available","candidates":[{"id":"wired:alsa_output.platform-3f00b840.mailbox.stereo-fallback","present":true,"connected":true,"adapter":null,"adapter_address":null,"setup_state":"ready"},{"id":"a2dp:C9:5C:FD:6E:28:46","present":false,"connected":false,"adapter":"hci1","adapter_address":"A0:AD:9F:73:6C:24","setup_state":"ready"},{"id":"a2dp:50:D7:1B:74:34:D6","present":false,"connected":false,"adapter":"hci1","adapter_address":"A0:AD:9F:73:6C:24","setup_state":"ready"},{"id":"a2dp:98:47:44:CD:73:DE","present":false,"connected":false,"adapter":"hci0","adapter_address":"B8:27:EB:43:8D:51","setup_state":"needs_setup"}]}}
/org/bluez/hci0/dev_98_47_44_CD_73_DE b true
/org/bluez/hci1/dev_98_47_44_CD_73_DE absent
2026-08-24T18:50:12,867368671-04:00
{"state":"CALL_DOWN","call":false,"output":{"desired":"wired:alsa_output.platform-3f00b840.mailbox.stereo-fallback","chosen":"wired:alsa_output.platform-3f00b840.mailbox.stereo-fallback","reason":"desired output is available","candidates":[{"id":"wired:alsa_output.platform-3f00b840.mailbox.stereo-fallback","present":true,"connected":true,"adapter":null,"adapter_address":null,"setup_state":"ready"},{"id":"a2dp:C9:5C:FD:6E:28:46","present":false,"connected":false,"adapter":"hci1","adapter_address":"A0:AD:9F:73:6C:24","setup_state":"ready"},{"id":"a2dp:50:D7:1B:74:34:D6","present":false,"connected":false,"adapter":"hci1","adapter_address":"A0:AD:9F:73:6C:24","setup_state":"ready"},{"id":"a2dp:98:47:44:CD:73:DE","present":false,"connected":false,"adapter":"hci0","adapter_address":"B8:27:EB:43:8D:51","setup_state":"needs_setup"}]}}
/org/bluez/hci0/dev_98_47_44_CD_73_DE b true
/org/bluez/hci1/dev_98_47_44_CD_73_DE absent
2026-08-24T18:50:13,940390883-04:00
{"state":"CALL_DOWN","call":false,"output":{"desired":"wired:alsa_output.platform-3f00b840.mailbox.stereo-fallback","chosen":"wired:alsa_output.platform-3f00b840.mailbox.stereo-fallback","reason":"desired output is available","candidates":[{"id":"wired:alsa_output.platform-3f00b840.mailbox.stereo-fallback","present":true,"connected":true,"adapter":null,"adapter_address":null,"setup_state":"ready"},{"id":"a2dp:C9:5C:FD:6E:28:46","present":false,"connected":false,"adapter":"hci1","adapter_address":"A0:AD:9F:73:6C:24","setup_state":"ready"},{"id":"a2dp:50:D7:1B:74:34:D6","present":false,"connected":false,"adapter":"hci1","adapter_address":"A0:AD:9F:73:6C:24","setup_state":"ready"},{"id":"a2dp:98:47:44:CD:73:DE","present":false,"connected":false,"adapter":"hci0","adapter_address":"B8:27:EB:43:8D:51","setup_state":"needs_setup"}]}}
/org/bluez/hci0/dev_98_47_44_CD_73_DE b true
/org/bluez/hci1/dev_98_47_44_CD_73_DE absent
2026-08-24T18:50:15,013141585-04:00
{"state":"CALL_DOWN","call":false,"output":{"desired":"wired:alsa_output.platform-3f00b840.mailbox.stereo-fallback","chosen":"wired:alsa_output.platform-3f00b840.mailbox.stereo-fallback","reason":"desired output is available","candidates":[{"id":"wired:alsa_output.platform-3f00b840.mailbox.stereo-fallback","present":true,"connected":true,"adapter":null,"adapter_address":null,"setup_state":"ready"},{"id":"a2dp:C9:5C:FD:6E:28:46","present":false,"connected":false,"adapter":"hci1","adapter_address":"A0:AD:9F:73:6C:24","setup_state":"ready"},{"id":"a2dp:50:D7:1B:74:34:D6","present":false,"connected":false,"adapter":"hci1","adapter_address":"A0:AD:9F:73:6C:24","setup_state":"ready"},{"id":"a2dp:98:47:44:CD:73:DE","present":false,"connected":false,"adapter":"hci0","adapter_address":"B8:27:EB:43:8D:51","setup_state":"needs_setup"}]}}
/org/bluez/hci0/dev_98_47_44_CD_73_DE b true
/org/bluez/hci1/dev_98_47_44_CD_73_DE absent
2026-08-24T18:50:16,086194887-04:00
{"state":"CALL_DOWN","call":false,"output":{"desired":"wired:alsa_output.platform-3f00b840.mailbox.stereo-fallback","chosen":"wired:alsa_output.platform-3f00b840.mailbox.stereo-fallback","reason":"desired output is available","candidates":[{"id":"wired:alsa_output.platform-3f00b840.mailbox.stereo-fallback","present":true,"connected":true,"adapter":null,"adapter_address":null,"setup_state":"ready"},{"id":"a2dp:C9:5C:FD:6E:28:46","present":false,"connected":false,"adapter":"hci1","adapter_address":"A0:AD:9F:73:6C:24","setup_state":"ready"},{"id":"a2dp:50:D7:1B:74:34:D6","present":false,"connected":false,"adapter":"hci1","adapter_address":"A0:AD:9F:73:6C:24","setup_state":"ready"},{"id":"a2dp:98:47:44:CD:73:DE","present":false,"connected":false,"adapter":"hci0","adapter_address":"B8:27:EB:43:8D:51","setup_state":"needs_setup"}]}}
/org/bluez/hci0/dev_98_47_44_CD_73_DE b true
/org/bluez/hci1/dev_98_47_44_CD_73_DE absent
2026-08-24T18:50:17,159076002-04:00
{"state":"CALL_DOWN","call":false,"output":{"desired":"wired:alsa_output.platform-3f00b840.mailbox.stereo-fallback","chosen":"wired:alsa_output.platform-3f00b840.mailbox.stereo-fallback","reason":"desired output is available","candidates":[{"id":"wired:alsa_output.platform-3f00b840.mailbox.stereo-fallback","present":true,"connected":true,"adapter":null,"adapter_address":null,"setup_state":"ready"},{"id":"a2dp:C9:5C:FD:6E:28:46","present":false,"connected":false,"adapter":"hci1","adapter_address":"A0:AD:9F:73:6C:24","setup_state":"ready"},{"id":"a2dp:50:D7:1B:74:34:D6","present":false,"connected":false,"adapter":"hci1","adapter_address":"A0:AD:9F:73:6C:24","setup_state":"ready"},{"id":"a2dp:98:47:44:CD:73:DE","present":false,"connected":false,"adapter":"hci0","adapter_address":"B8:27:EB:43:8D:51","setup_state":"needs_setup"}]}}
/org/bluez/hci0/dev_98_47_44_CD_73_DE b true
/org/bluez/hci1/dev_98_47_44_CD_73_DE absent
2026-08-24T18:50:18,231455190-04:00
{"state":"CALL_DOWN","call":false,"output":{"desired":"wired:alsa_output.platform-3f00b840.mailbox.stereo-fallback","chosen":"wired:alsa_output.platform-3f00b840.mailbox.stereo-fallback","reason":"desired output is available","candidates":[{"id":"wired:alsa_output.platform-3f00b840.mailbox.stereo-fallback","present":true,"connected":true,"adapter":null,"adapter_address":null,"setup_state":"ready"},{"id":"a2dp:C9:5C:FD:6E:28:46","present":false,"connected":false,"adapter":"hci1","adapter_address":"A0:AD:9F:73:6C:24","setup_state":"ready"},{"id":"a2dp:50:D7:1B:74:34:D6","present":false,"connected":false,"adapter":"hci1","adapter_address":"A0:AD:9F:73:6C:24","setup_state":"ready"},{"id":"a2dp:98:47:44:CD:73:DE","present":false,"connected":false,"adapter":"hci0","adapter_address":"B8:27:EB:43:8D:51","setup_state":"needs_setup"}]}}
/org/bluez/hci0/dev_98_47_44_CD_73_DE b true
/org/bluez/hci1/dev_98_47_44_CD_73_DE absent
2026-08-24T18:50:19,304771664-04:00
{"state":"CALL_DOWN","call":false,"output":{"desired":"wired:alsa_output.platform-3f00b840.mailbox.stereo-fallback","chosen":"wired:alsa_output.platform-3f00b840.mailbox.stereo-fallback","reason":"desired output is available","candidates":[{"id":"wired:alsa_output.platform-3f00b840.mailbox.stereo-fallback","present":true,"connected":true,"adapter":null,"adapter_address":null,"setup_state":"ready"},{"id":"a2dp:C9:5C:FD:6E:28:46","present":false,"connected":false,"adapter":"hci1","adapter_address":"A0:AD:9F:73:6C:24","setup_state":"ready"},{"id":"a2dp:50:D7:1B:74:34:D6","present":false,"connected":false,"adapter":"hci1","adapter_address":"A0:AD:9F:73:6C:24","setup_state":"ready"},{"id":"a2dp:98:47:44:CD:73:DE","present":false,"connected":false,"adapter":"hci0","adapter_address":"B8:27:EB:43:8D:51","setup_state":"needs_setup"}]}}
/org/bluez/hci0/dev_98_47_44_CD_73_DE b true
/org/bluez/hci1/dev_98_47_44_CD_73_DE absent
2026-08-24T18:50:20,377699024-04:00
{"state":"CALL_DOWN","call":false,"output":{"desired":"wired:alsa_output.platform-3f00b840.mailbox.stereo-fallback","chosen":"wired:alsa_output.platform-3f00b840.mailbox.stereo-fallback","reason":"desired output is available","candidates":[{"id":"wired:alsa_output.platform-3f00b840.mailbox.stereo-fallback","present":true,"connected":true,"adapter":null,"adapter_address":null,"setup_state":"ready"},{"id":"a2dp:C9:5C:FD:6E:28:46","present":false,"connected":false,"adapter":"hci1","adapter_address":"A0:AD:9F:73:6C:24","setup_state":"ready"},{"id":"a2dp:50:D7:1B:74:34:D6","present":false,"connected":false,"adapter":"hci1","adapter_address":"A0:AD:9F:73:6C:24","setup_state":"ready"},{"id":"a2dp:98:47:44:CD:73:DE","present":false,"connected":false,"adapter":"hci0","adapter_address":"B8:27:EB:43:8D:51","setup_state":"needs_setup"}]}}
/org/bluez/hci0/dev_98_47_44_CD_73_DE b true
/org/bluez/hci1/dev_98_47_44_CD_73_DE absent
2026-08-24T18:50:21,450370030-04:00
{"state":"CALL_DOWN","call":false,"output":{"desired":"wired:alsa_output.platform-3f00b840.mailbox.stereo-fallback","chosen":"wired:alsa_output.platform-3f00b840.mailbox.stereo-fallback","reason":"desired output is available","candidates":[{"id":"wired:alsa_output.platform-3f00b840.mailbox.stereo-fallback","present":true,"connected":true,"adapter":null,"adapter_address":null,"setup_state":"ready"},{"id":"a2dp:C9:5C:FD:6E:28:46","present":false,"connected":false,"adapter":"hci1","adapter_address":"A0:AD:9F:73:6C:24","setup_state":"ready"},{"id":"a2dp:50:D7:1B:74:34:D6","present":false,"connected":false,"adapter":"hci1","adapter_address":"A0:AD:9F:73:6C:24","setup_state":"ready"},{"id":"a2dp:98:47:44:CD:73:DE","present":false,"connected":false,"adapter":"hci0","adapter_address":"B8:27:EB:43:8D:51","setup_state":"needs_setup"}]}}
/org/bluez/hci0/dev_98_47_44_CD_73_DE b true
/org/bluez/hci1/dev_98_47_44_CD_73_DE absent
2026-08-24T18:50:22,523104419-04:00
{"state":"CALL_DOWN","call":false,"output":{"desired":"wired:alsa_output.platform-3f00b840.mailbox.stereo-fallback","chosen":"wired:alsa_output.platform-3f00b840.mailbox.stereo-fallback","reason":"desired output is available","candidates":[{"id":"wired:alsa_output.platform-3f00b840.mailbox.stereo-fallback","present":true,"connected":true,"adapter":null,"adapter_address":null,"setup_state":"ready"},{"id":"a2dp:C9:5C:FD:6E:28:46","present":false,"connected":false,"adapter":"hci1","adapter_address":"A0:AD:9F:73:6C:24","setup_state":"ready"},{"id":"a2dp:50:D7:1B:74:34:D6","present":false,"connected":false,"adapter":"hci1","adapter_address":"A0:AD:9F:73:6C:24","setup_state":"ready"},{"id":"a2dp:98:47:44:CD:73:DE","present":false,"connected":false,"adapter":"hci0","adapter_address":"B8:27:EB:43:8D:51","setup_state":"needs_setup"}]}}
/org/bluez/hci0/dev_98_47_44_CD_73_DE b true
/org/bluez/hci1/dev_98_47_44_CD_73_DE absent
2026-08-24T18:50:23,596087764-04:00
{"state":"CALL_DOWN","call":false,"output":{"desired":"wired:alsa_output.platform-3f00b840.mailbox.stereo-fallback","chosen":"wired:alsa_output.platform-3f00b840.mailbox.stereo-fallback","reason":"desired output is available","candidates":[{"id":"wired:alsa_output.platform-3f00b840.mailbox.stereo-fallback","present":true,"connected":true,"adapter":null,"adapter_address":null,"setup_state":"ready"},{"id":"a2dp:C9:5C:FD:6E:28:46","present":false,"connected":false,"adapter":"hci1","adapter_address":"A0:AD:9F:73:6C:24","setup_state":"ready"},{"id":"a2dp:50:D7:1B:74:34:D6","present":false,"connected":false,"adapter":"hci1","adapter_address":"A0:AD:9F:73:6C:24","setup_state":"ready"},{"id":"a2dp:98:47:44:CD:73:DE","present":false,"connected":false,"adapter":"hci0","adapter_address":"B8:27:EB:43:8D:51","setup_state":"needs_setup"}]}}
/org/bluez/hci0/dev_98_47_44_CD_73_DE b true
/org/bluez/hci1/dev_98_47_44_CD_73_DE absent
2026-08-24T18:50:24,668972463-04:00
{"state":"CALL_DOWN","call":false,"output":{"desired":"wired:alsa_output.platform-3f00b840.mailbox.stereo-fallback","chosen":"wired:alsa_output.platform-3f00b840.mailbox.stereo-fallback","reason":"desired output is available","candidates":[{"id":"wired:alsa_output.platform-3f00b840.mailbox.stereo-fallback","present":true,"connected":true,"adapter":null,"adapter_address":null,"setup_state":"ready"},{"id":"a2dp:C9:5C:FD:6E:28:46","present":false,"connected":false,"adapter":"hci1","adapter_address":"A0:AD:9F:73:6C:24","setup_state":"ready"},{"id":"a2dp:50:D7:1B:74:34:D6","present":false,"connected":false,"adapter":"hci1","adapter_address":"A0:AD:9F:73:6C:24","setup_state":"ready"},{"id":"a2dp:98:47:44:CD:73:DE","present":false,"connected":false,"adapter":"hci0","adapter_address":"B8:27:EB:43:8D:51","setup_state":"needs_setup"}]}}
/org/bluez/hci0/dev_98_47_44_CD_73_DE b true
/org/bluez/hci1/dev_98_47_44_CD_73_DE absent
2026-08-24T18:50:25,741692421-04:00
{"state":"CALL_DOWN","call":false,"output":{"desired":"wired:alsa_output.platform-3f00b840.mailbox.stereo-fallback","chosen":"wired:alsa_output.platform-3f00b840.mailbox.stereo-fallback","reason":"desired output is available","candidates":[{"id":"wired:alsa_output.platform-3f00b840.mailbox.stereo-fallback","present":true,"connected":true,"adapter":null,"adapter_address":null,"setup_state":"ready"},{"id":"a2dp:C9:5C:FD:6E:28:46","present":false,"connected":false,"adapter":"hci1","adapter_address":"A0:AD:9F:73:6C:24","setup_state":"ready"},{"id":"a2dp:50:D7:1B:74:34:D6","present":false,"connected":false,"adapter":"hci1","adapter_address":"A0:AD:9F:73:6C:24","setup_state":"ready"},{"id":"a2dp:98:47:44:CD:73:DE","present":false,"connected":false,"adapter":"hci0","adapter_address":"B8:27:EB:43:8D:51","setup_state":"needs_setup"}]}}
/org/bluez/hci0/dev_98_47_44_CD_73_DE b true
/org/bluez/hci1/dev_98_47_44_CD_73_DE absent
2026-08-24T18:50:26,814720240-04:00
{"state":"CALL_DOWN","call":false,"output":{"desired":"wired:alsa_output.platform-3f00b840.mailbox.stereo-fallback","chosen":"wired:alsa_output.platform-3f00b840.mailbox.stereo-fallback","reason":"desired output is available","candidates":[{"id":"wired:alsa_output.platform-3f00b840.mailbox.stereo-fallback","present":true,"connected":true,"adapter":null,"adapter_address":null,"setup_state":"ready"},{"id":"a2dp:C9:5C:FD:6E:28:46","present":false,"connected":false,"adapter":"hci1","adapter_address":"A0:AD:9F:73:6C:24","setup_state":"ready"},{"id":"a2dp:50:D7:1B:74:34:D6","present":false,"connected":false,"adapter":"hci1","adapter_address":"A0:AD:9F:73:6C:24","setup_state":"ready"},{"id":"a2dp:98:47:44:CD:73:DE","present":false,"connected":false,"adapter":"hci0","adapter_address":"B8:27:EB:43:8D:51","setup_state":"needs_setup"}]}}
/org/bluez/hci0/dev_98_47_44_CD_73_DE b true
/org/bluez/hci1/dev_98_47_44_CD_73_DE absent
2026-08-24T18:50:27,887953162-04:00
{"state":"CALL_DOWN","call":false,"output":{"desired":"wired:alsa_output.platform-3f00b840.mailbox.stereo-fallback","chosen":"wired:alsa_output.platform-3f00b840.mailbox.stereo-fallback","reason":"desired output is available","candidates":[{"id":"wired:alsa_output.platform-3f00b840.mailbox.stereo-fallback","present":true,"connected":true,"adapter":null,"adapter_address":null,"setup_state":"ready"},{"id":"a2dp:C9:5C:FD:6E:28:46","present":false,"connected":false,"adapter":"hci1","adapter_address":"A0:AD:9F:73:6C:24","setup_state":"ready"},{"id":"a2dp:50:D7:1B:74:34:D6","present":false,"connected":false,"adapter":"hci1","adapter_address":"A0:AD:9F:73:6C:24","setup_state":"ready"},{"id":"a2dp:98:47:44:CD:73:DE","present":false,"connected":false,"adapter":"hci0","adapter_address":"B8:27:EB:43:8D:51","setup_state":"needs_setup"}]}}
/org/bluez/hci0/dev_98_47_44_CD_73_DE b true
/org/bluez/hci1/dev_98_47_44_CD_73_DE absent
2026-08-24T18:50:28,960841136-04:00
{"state":"CALL_DOWN","call":false,"output":{"desired":"wired:alsa_output.platform-3f00b840.mailbox.stereo-fallback","chosen":"wired:alsa_output.platform-3f00b840.mailbox.stereo-fallback","reason":"desired output is available","candidates":[{"id":"wired:alsa_output.platform-3f00b840.mailbox.stereo-fallback","present":true,"connected":true,"adapter":null,"adapter_address":null,"setup_state":"ready"},{"id":"a2dp:C9:5C:FD:6E:28:46","present":false,"connected":false,"adapter":"hci1","adapter_address":"A0:AD:9F:73:6C:24","setup_state":"ready"},{"id":"a2dp:50:D7:1B:74:34:D6","present":false,"connected":false,"adapter":"hci1","adapter_address":"A0:AD:9F:73:6C:24","setup_state":"ready"},{"id":"a2dp:98:47:44:CD:73:DE","present":false,"connected":false,"adapter":"hci0","adapter_address":"B8:27:EB:43:8D:51","setup_state":"needs_setup"}]}}
/org/bluez/hci0/dev_98_47_44_CD_73_DE b true
/org/bluez/hci1/dev_98_47_44_CD_73_DE absent
2026-08-24T18:50:30,033999940-04:00
{"state":"CALL_DOWN","call":false,"output":{"desired":"wired:alsa_output.platform-3f00b840.mailbox.stereo-fallback","chosen":"wired:alsa_output.platform-3f00b840.mailbox.stereo-fallback","reason":"desired output is available","candidates":[{"id":"wired:alsa_output.platform-3f00b840.mailbox.stereo-fallback","present":true,"connected":true,"adapter":null,"adapter_address":null,"setup_state":"ready"},{"id":"a2dp:C9:5C:FD:6E:28:46","present":false,"connected":false,"adapter":"hci1","adapter_address":"A0:AD:9F:73:6C:24","setup_state":"ready"},{"id":"a2dp:50:D7:1B:74:34:D6","present":false,"connected":false,"adapter":"hci1","adapter_address":"A0:AD:9F:73:6C:24","setup_state":"ready"},{"id":"a2dp:98:47:44:CD:73:DE","present":false,"connected":false,"adapter":"hci0","adapter_address":"B8:27:EB:43:8D:51","setup_state":"needs_setup"}]}}
/org/bluez/hci0/dev_98_47_44_CD_73_DE b true
/org/bluez/hci1/dev_98_47_44_CD_73_DE absent
2026-08-24T18:50:31,106768224-04:00
{"state":"CALL_DOWN","call":false,"output":{"desired":"wired:alsa_output.platform-3f00b840.mailbox.stereo-fallback","chosen":"wired:alsa_output.platform-3f00b840.mailbox.stereo-fallback","reason":"desired output is available","candidates":[{"id":"wired:alsa_output.platform-3f00b840.mailbox.stereo-fallback","present":true,"connected":true,"adapter":null,"adapter_address":null,"setup_state":"ready"},{"id":"a2dp:C9:5C:FD:6E:28:46","present":false,"connected":false,"adapter":"hci1","adapter_address":"A0:AD:9F:73:6C:24","setup_state":"ready"},{"id":"a2dp:50:D7:1B:74:34:D6","present":false,"connected":false,"adapter":"hci1","adapter_address":"A0:AD:9F:73:6C:24","setup_state":"ready"},{"id":"a2dp:98:47:44:CD:73:DE","present":false,"connected":false,"adapter":"hci0","adapter_address":"B8:27:EB:43:8D:51","setup_state":"needs_setup"}]}}
/org/bluez/hci0/dev_98_47_44_CD_73_DE b true
/org/bluez/hci1/dev_98_47_44_CD_73_DE absent
2026-08-24T18:50:32,179790359-04:00
{"state":"CALL_DOWN","call":false,"output":{"desired":"wired:alsa_output.platform-3f00b840.mailbox.stereo-fallback","chosen":"wired:alsa_output.platform-3f00b840.mailbox.stereo-fallback","reason":"desired output is available","candidates":[{"id":"wired:alsa_output.platform-3f00b840.mailbox.stereo-fallback","present":true,"connected":true,"adapter":null,"adapter_address":null,"setup_state":"ready"},{"id":"a2dp:C9:5C:FD:6E:28:46","present":false,"connected":false,"adapter":"hci1","adapter_address":"A0:AD:9F:73:6C:24","setup_state":"ready"},{"id":"a2dp:50:D7:1B:74:34:D6","present":false,"connected":false,"adapter":"hci1","adapter_address":"A0:AD:9F:73:6C:24","setup_state":"ready"},{"id":"a2dp:98:47:44:CD:73:DE","present":false,"connected":false,"adapter":"hci0","adapter_address":"B8:27:EB:43:8D:51","setup_state":"needs_setup"}]}}
/org/bluez/hci0/dev_98_47_44_CD_73_DE b true
/org/bluez/hci1/dev_98_47_44_CD_73_DE absent
2026-08-24T18:50:33,253052232-04:00
{"state":"CALL_DOWN","call":false,"output":{"desired":"wired:alsa_output.platform-3f00b840.mailbox.stereo-fallback","chosen":"wired:alsa_output.platform-3f00b840.mailbox.stereo-fallback","reason":"desired output is available","candidates":[{"id":"wired:alsa_output.platform-3f00b840.mailbox.stereo-fallback","present":true,"connected":true,"adapter":null,"adapter_address":null,"setup_state":"ready"},{"id":"a2dp:C9:5C:FD:6E:28:46","present":false,"connected":false,"adapter":"hci1","adapter_address":"A0:AD:9F:73:6C:24","setup_state":"ready"},{"id":"a2dp:50:D7:1B:74:34:D6","present":false,"connected":false,"adapter":"hci1","adapter_address":"A0:AD:9F:73:6C:24","setup_state":"ready"},{"id":"a2dp:98:47:44:CD:73:DE","present":false,"connected":false,"adapter":"hci0","adapter_address":"B8:27:EB:43:8D:51","setup_state":"needs_setup"}]}}
/org/bluez/hci0/dev_98_47_44_CD_73_DE b true
/org/bluez/hci1/dev_98_47_44_CD_73_DE absent
2026-08-24T18:50:34,326123739-04:00
{"state":"CALL_DOWN","call":false,"output":{"desired":"wired:alsa_output.platform-3f00b840.mailbox.stereo-fallback","chosen":"wired:alsa_output.platform-3f00b840.mailbox.stereo-fallback","reason":"desired output is available","candidates":[{"id":"wired:alsa_output.platform-3f00b840.mailbox.stereo-fallback","present":true,"connected":true,"adapter":null,"adapter_address":null,"setup_state":"ready"},{"id":"a2dp:C9:5C:FD:6E:28:46","present":false,"connected":false,"adapter":"hci1","adapter_address":"A0:AD:9F:73:6C:24","setup_state":"ready"},{"id":"a2dp:50:D7:1B:74:34:D6","present":false,"connected":false,"adapter":"hci1","adapter_address":"A0:AD:9F:73:6C:24","setup_state":"ready"},{"id":"a2dp:98:47:44:CD:73:DE","present":false,"connected":false,"adapter":"hci0","adapter_address":"B8:27:EB:43:8D:51","setup_state":"needs_setup"}]}}
/org/bluez/hci0/dev_98_47_44_CD_73_DE b true
/org/bluez/hci1/dev_98_47_44_CD_73_DE absent
2026-08-24T18:50:35,399483056-04:00
{"state":"CALL_DOWN","call":false,"output":{"desired":"wired:alsa_output.platform-3f00b840.mailbox.stereo-fallback","chosen":"wired:alsa_output.platform-3f00b840.mailbox.stereo-fallback","reason":"desired output is available","candidates":[{"id":"wired:alsa_output.platform-3f00b840.mailbox.stereo-fallback","present":true,"connected":true,"adapter":null,"adapter_address":null,"setup_state":"ready"},{"id":"a2dp:C9:5C:FD:6E:28:46","present":false,"connected":false,"adapter":"hci1","adapter_address":"A0:AD:9F:73:6C:24","setup_state":"ready"},{"id":"a2dp:50:D7:1B:74:34:D6","present":false,"connected":false,"adapter":"hci1","adapter_address":"A0:AD:9F:73:6C:24","setup_state":"ready"},{"id":"a2dp:98:47:44:CD:73:DE","present":false,"connected":false,"adapter":"hci0","adapter_address":"B8:27:EB:43:8D:51","setup_state":"needs_setup"}]}}
/org/bluez/hci0/dev_98_47_44_CD_73_DE b true
/org/bluez/hci1/dev_98_47_44_CD_73_DE absent
2026-08-24T18:50:36,472611852-04:00
{"state":"CALL_DOWN","call":false,"output":{"desired":"wired:alsa_output.platform-3f00b840.mailbox.stereo-fallback","chosen":"wired:alsa_output.platform-3f00b840.mailbox.stereo-fallback","reason":"desired output is available","candidates":[{"id":"wired:alsa_output.platform-3f00b840.mailbox.stereo-fallback","present":true,"connected":true,"adapter":null,"adapter_address":null,"setup_state":"ready"},{"id":"a2dp:C9:5C:FD:6E:28:46","present":false,"connected":false,"adapter":"hci1","adapter_address":"A0:AD:9F:73:6C:24","setup_state":"ready"},{"id":"a2dp:50:D7:1B:74:34:D6","present":false,"connected":false,"adapter":"hci1","adapter_address":"A0:AD:9F:73:6C:24","setup_state":"ready"},{"id":"a2dp:98:47:44:CD:73:DE","present":false,"connected":false,"adapter":"hci0","adapter_address":"B8:27:EB:43:8D:51","setup_state":"needs_setup"}]}}
/org/bluez/hci0/dev_98_47_44_CD_73_DE b true
/org/bluez/hci1/dev_98_47_44_CD_73_DE absent
2026-08-24T18:50:37,545409347-04:00
{"state":"CALL_DOWN","call":false,"output":{"desired":"wired:alsa_output.platform-3f00b840.mailbox.stereo-fallback","chosen":"wired:alsa_output.platform-3f00b840.mailbox.stereo-fallback","reason":"desired output is available","candidates":[{"id":"wired:alsa_output.platform-3f00b840.mailbox.stereo-fallback","present":true,"connected":true,"adapter":null,"adapter_address":null,"setup_state":"ready"},{"id":"a2dp:C9:5C:FD:6E:28:46","present":false,"connected":false,"adapter":"hci1","adapter_address":"A0:AD:9F:73:6C:24","setup_state":"ready"},{"id":"a2dp:50:D7:1B:74:34:D6","present":false,"connected":false,"adapter":"hci1","adapter_address":"A0:AD:9F:73:6C:24","setup_state":"ready"},{"id":"a2dp:98:47:44:CD:73:DE","present":false,"connected":false,"adapter":"hci0","adapter_address":"B8:27:EB:43:8D:51","setup_state":"needs_setup"}]}}
/org/bluez/hci0/dev_98_47_44_CD_73_DE b true
/org/bluez/hci1/dev_98_47_44_CD_73_DE absent
2026-08-24T18:50:38,618474026-04:00
{"state":"CALL_DOWN","call":false,"output":{"desired":"wired:alsa_output.platform-3f00b840.mailbox.stereo-fallback","chosen":"wired:alsa_output.platform-3f00b840.mailbox.stereo-fallback","reason":"desired output is available","candidates":[{"id":"wired:alsa_output.platform-3f00b840.mailbox.stereo-fallback","present":true,"connected":true,"adapter":null,"adapter_address":null,"setup_state":"ready"},{"id":"a2dp:C9:5C:FD:6E:28:46","present":false,"connected":false,"adapter":"hci1","adapter_address":"A0:AD:9F:73:6C:24","setup_state":"ready"},{"id":"a2dp:50:D7:1B:74:34:D6","present":false,"connected":false,"adapter":"hci1","adapter_address":"A0:AD:9F:73:6C:24","setup_state":"ready"},{"id":"a2dp:98:47:44:CD:73:DE","present":false,"connected":false,"adapter":"hci0","adapter_address":"B8:27:EB:43:8D:51","setup_state":"needs_setup"}]}}
/org/bluez/hci0/dev_98_47_44_CD_73_DE b true
/org/bluez/hci1/dev_98_47_44_CD_73_DE absent
2026-08-24T18:50:39,691428391-04:00
{"state":"CALL_DOWN","call":false,"output":{"desired":"wired:alsa_output.platform-3f00b840.mailbox.stereo-fallback","chosen":"wired:alsa_output.platform-3f00b840.mailbox.stereo-fallback","reason":"desired output is available","candidates":[{"id":"wired:alsa_output.platform-3f00b840.mailbox.stereo-fallback","present":true,"connected":true,"adapter":null,"adapter_address":null,"setup_state":"ready"},{"id":"a2dp:C9:5C:FD:6E:28:46","present":false,"connected":false,"adapter":"hci1","adapter_address":"A0:AD:9F:73:6C:24","setup_state":"ready"},{"id":"a2dp:50:D7:1B:74:34:D6","present":false,"connected":false,"adapter":"hci1","adapter_address":"A0:AD:9F:73:6C:24","setup_state":"ready"},{"id":"a2dp:98:47:44:CD:73:DE","present":false,"connected":false,"adapter":"hci0","adapter_address":"B8:27:EB:43:8D:51","setup_state":"needs_setup"}]}}
/org/bluez/hci0/dev_98_47_44_CD_73_DE b true
/org/bluez/hci1/dev_98_47_44_CD_73_DE absent
2026-08-24T18:50:40,764437078-04:00
{"state":"CALL_DOWN","call":false,"output":{"desired":"wired:alsa_output.platform-3f00b840.mailbox.stereo-fallback","chosen":"wired:alsa_output.platform-3f00b840.mailbox.stereo-fallback","reason":"desired output is available","candidates":[{"id":"wired:alsa_output.platform-3f00b840.mailbox.stereo-fallback","present":true,"connected":true,"adapter":null,"adapter_address":null,"setup_state":"ready"},{"id":"a2dp:C9:5C:FD:6E:28:46","present":false,"connected":false,"adapter":"hci1","adapter_address":"A0:AD:9F:73:6C:24","setup_state":"ready"},{"id":"a2dp:50:D7:1B:74:34:D6","present":false,"connected":false,"adapter":"hci1","adapter_address":"A0:AD:9F:73:6C:24","setup_state":"ready"},{"id":"a2dp:98:47:44:CD:73:DE","present":false,"connected":false,"adapter":"hci0","adapter_address":"B8:27:EB:43:8D:51","setup_state":"needs_setup"}]}}
/org/bluez/hci0/dev_98_47_44_CD_73_DE b true
/org/bluez/hci1/dev_98_47_44_CD_73_DE absent
2026-08-24T18:50:41,838470133-04:00
{"state":"CALL_DOWN","call":false,"output":{"desired":"wired:alsa_output.platform-3f00b840.mailbox.stereo-fallback","chosen":"wired:alsa_output.platform-3f00b840.mailbox.stereo-fallback","reason":"desired output is available","candidates":[{"id":"wired:alsa_output.platform-3f00b840.mailbox.stereo-fallback","present":true,"connected":true,"adapter":null,"adapter_address":null,"setup_state":"ready"},{"id":"a2dp:C9:5C:FD:6E:28:46","present":false,"connected":false,"adapter":"hci1","adapter_address":"A0:AD:9F:73:6C:24","setup_state":"ready"},{"id":"a2dp:50:D7:1B:74:34:D6","present":false,"connected":false,"adapter":"hci1","adapter_address":"A0:AD:9F:73:6C:24","setup_state":"ready"},{"id":"a2dp:98:47:44:CD:73:DE","present":false,"connected":false,"adapter":"hci0","adapter_address":"B8:27:EB:43:8D:51","setup_state":"needs_setup"}]}}
/org/bluez/hci0/dev_98_47_44_CD_73_DE b true
/org/bluez/hci1/dev_98_47_44_CD_73_DE absent
2026-08-24T18:50:42,917538526-04:00
{"state":"CALL_DOWN","call":false,"output":{"desired":"wired:alsa_output.platform-3f00b840.mailbox.stereo-fallback","chosen":"wired:alsa_output.platform-3f00b840.mailbox.stereo-fallback","reason":"desired output is available","candidates":[{"id":"wired:alsa_output.platform-3f00b840.mailbox.stereo-fallback","present":true,"connected":true,"adapter":null,"adapter_address":null,"setup_state":"ready"},{"id":"a2dp:C9:5C:FD:6E:28:46","present":false,"connected":false,"adapter":"hci1","adapter_address":"A0:AD:9F:73:6C:24","setup_state":"ready"},{"id":"a2dp:50:D7:1B:74:34:D6","present":false,"connected":false,"adapter":"hci1","adapter_address":"A0:AD:9F:73:6C:24","setup_state":"ready"},{"id":"a2dp:98:47:44:CD:73:DE","present":false,"connected":false,"adapter":"hci0","adapter_address":"B8:27:EB:43:8D:51","setup_state":"needs_setup"}]}}
/org/bluez/hci0/dev_98_47_44_CD_73_DE b true
/org/bluez/hci1/dev_98_47_44_CD_73_DE absent
2026-08-24T18:50:43,991617464-04:00
{"state":"CALL_DOWN","call":false,"output":{"desired":"wired:alsa_output.platform-3f00b840.mailbox.stereo-fallback","chosen":"wired:alsa_output.platform-3f00b840.mailbox.stereo-fallback","reason":"desired output is available","candidates":[{"id":"wired:alsa_output.platform-3f00b840.mailbox.stereo-fallback","present":true,"connected":true,"adapter":null,"adapter_address":null,"setup_state":"ready"},{"id":"a2dp:C9:5C:FD:6E:28:46","present":false,"connected":false,"adapter":"hci1","adapter_address":"A0:AD:9F:73:6C:24","setup_state":"ready"},{"id":"a2dp:50:D7:1B:74:34:D6","present":false,"connected":false,"adapter":"hci1","adapter_address":"A0:AD:9F:73:6C:24","setup_state":"ready"},{"id":"a2dp:98:47:44:CD:73:DE","present":false,"connected":false,"adapter":"hci0","adapter_address":"B8:27:EB:43:8D:51","setup_state":"needs_setup"}]}}
/org/bluez/hci0/dev_98_47_44_CD_73_DE b true
/org/bluez/hci1/dev_98_47_44_CD_73_DE absent
2026-08-24T18:50:45,079215914-04:00
{"state":"CALL_DOWN","call":false,"output":{"desired":"wired:alsa_output.platform-3f00b840.mailbox.stereo-fallback","chosen":"wired:alsa_output.platform-3f00b840.mailbox.stereo-fallback","reason":"desired output is available","candidates":[{"id":"wired:alsa_output.platform-3f00b840.mailbox.stereo-fallback","present":true,"connected":true,"adapter":null,"adapter_address":null,"setup_state":"ready"},{"id":"a2dp:C9:5C:FD:6E:28:46","present":false,"connected":false,"adapter":"hci1","adapter_address":"A0:AD:9F:73:6C:24","setup_state":"ready"},{"id":"a2dp:50:D7:1B:74:34:D6","present":false,"connected":false,"adapter":"hci1","adapter_address":"A0:AD:9F:73:6C:24","setup_state":"ready"},{"id":"a2dp:98:47:44:CD:73:DE","present":false,"connected":false,"adapter":"hci0","adapter_address":"B8:27:EB:43:8D:51","setup_state":"needs_setup"}]}}
/org/bluez/hci0/dev_98_47_44_CD_73_DE b true
/org/bluez/hci1/dev_98_47_44_CD_73_DE absent
2026-08-24T18:50:46,152137146-04:00
{"state":"CALL_DOWN","call":false,"output":{"desired":"wired:alsa_output.platform-3f00b840.mailbox.stereo-fallback","chosen":"wired:alsa_output.platform-3f00b840.mailbox.stereo-fallback","reason":"desired output is available","candidates":[{"id":"wired:alsa_output.platform-3f00b840.mailbox.stereo-fallback","present":true,"connected":true,"adapter":null,"adapter_address":null,"setup_state":"ready"},{"id":"a2dp:C9:5C:FD:6E:28:46","present":false,"connected":false,"adapter":"hci1","adapter_address":"A0:AD:9F:73:6C:24","setup_state":"ready"},{"id":"a2dp:50:D7:1B:74:34:D6","present":false,"connected":false,"adapter":"hci1","adapter_address":"A0:AD:9F:73:6C:24","setup_state":"ready"},{"id":"a2dp:98:47:44:CD:73:DE","present":false,"connected":false,"adapter":"hci0","adapter_address":"B8:27:EB:43:8D:51","setup_state":"needs_setup"}]}}
/org/bluez/hci0/dev_98_47_44_CD_73_DE b true
/org/bluez/hci1/dev_98_47_44_CD_73_DE absent
2026-08-24T18:50:47,236347381-04:00
{"state":"CALL_DOWN","call":false,"output":{"desired":"wired:alsa_output.platform-3f00b840.mailbox.stereo-fallback","chosen":"wired:alsa_output.platform-3f00b840.mailbox.stereo-fallback","reason":"desired output is available","candidates":[{"id":"wired:alsa_output.platform-3f00b840.mailbox.stereo-fallback","present":true,"connected":true,"adapter":null,"adapter_address":null,"setup_state":"ready"},{"id":"a2dp:C9:5C:FD:6E:28:46","present":false,"connected":false,"adapter":"hci1","adapter_address":"A0:AD:9F:73:6C:24","setup_state":"ready"},{"id":"a2dp:50:D7:1B:74:34:D6","present":false,"connected":false,"adapter":"hci1","adapter_address":"A0:AD:9F:73:6C:24","setup_state":"ready"},{"id":"a2dp:98:47:44:CD:73:DE","present":false,"connected":false,"adapter":"hci0","adapter_address":"B8:27:EB:43:8D:51","setup_state":"needs_setup"}]}}
/org/bluez/hci0/dev_98_47_44_CD_73_DE b true
/org/bluez/hci1/dev_98_47_44_CD_73_DE absent
2026-08-24T18:50:48,309150904-04:00
{"state":"CALL_DOWN","call":false,"output":{"desired":"wired:alsa_output.platform-3f00b840.mailbox.stereo-fallback","chosen":"wired:alsa_output.platform-3f00b840.mailbox.stereo-fallback","reason":"desired output is available","candidates":[{"id":"wired:alsa_output.platform-3f00b840.mailbox.stereo-fallback","present":true,"connected":true,"adapter":null,"adapter_address":null,"setup_state":"ready"},{"id":"a2dp:C9:5C:FD:6E:28:46","present":false,"connected":false,"adapter":"hci1","adapter_address":"A0:AD:9F:73:6C:24","setup_state":"ready"},{"id":"a2dp:50:D7:1B:74:34:D6","present":false,"connected":false,"adapter":"hci1","adapter_address":"A0:AD:9F:73:6C:24","setup_state":"ready"},{"id":"a2dp:98:47:44:CD:73:DE","present":false,"connected":false,"adapter":"hci0","adapter_address":"B8:27:EB:43:8D:51","setup_state":"needs_setup"}]}}
/org/bluez/hci0/dev_98_47_44_CD_73_DE b true
/org/bluez/hci1/dev_98_47_44_CD_73_DE absent
2026-08-24T18:50:49,396105601-04:00
{"state":"CALL_DOWN","call":false,"output":{"desired":"wired:alsa_output.platform-3f00b840.mailbox.stereo-fallback","chosen":"wired:alsa_output.platform-3f00b840.mailbox.stereo-fallback","reason":"desired output is available","candidates":[{"id":"wired:alsa_output.platform-3f00b840.mailbox.stereo-fallback","present":true,"connected":true,"adapter":null,"adapter_address":null,"setup_state":"ready"},{"id":"a2dp:C9:5C:FD:6E:28:46","present":false,"connected":false,"adapter":"hci1","adapter_address":"A0:AD:9F:73:6C:24","setup_state":"ready"},{"id":"a2dp:50:D7:1B:74:34:D6","present":false,"connected":false,"adapter":"hci1","adapter_address":"A0:AD:9F:73:6C:24","setup_state":"ready"},{"id":"a2dp:98:47:44:CD:73:DE","present":false,"connected":false,"adapter":"hci0","adapter_address":"B8:27:EB:43:8D:51","setup_state":"needs_setup"}]}}
/org/bluez/hci0/dev_98_47_44_CD_73_DE b true
/org/bluez/hci1/dev_98_47_44_CD_73_DE absent
2026-08-24T18:50:50,468393759-04:00
{"state":"CALL_DOWN","call":false,"output":{"desired":"wired:alsa_output.platform-3f00b840.mailbox.stereo-fallback","chosen":"wired:alsa_output.platform-3f00b840.mailbox.stereo-fallback","reason":"desired output is available","candidates":[{"id":"wired:alsa_output.platform-3f00b840.mailbox.stereo-fallback","present":true,"connected":true,"adapter":null,"adapter_address":null,"setup_state":"ready"},{"id":"a2dp:C9:5C:FD:6E:28:46","present":false,"connected":false,"adapter":"hci1","adapter_address":"A0:AD:9F:73:6C:24","setup_state":"ready"},{"id":"a2dp:50:D7:1B:74:34:D6","present":false,"connected":false,"adapter":"hci1","adapter_address":"A0:AD:9F:73:6C:24","setup_state":"ready"},{"id":"a2dp:98:47:44:CD:73:DE","present":false,"connected":false,"adapter":"hci0","adapter_address":"B8:27:EB:43:8D:51","setup_state":"needs_setup"}]}}
/org/bluez/hci0/dev_98_47_44_CD_73_DE b true
/org/bluez/hci1/dev_98_47_44_CD_73_DE absent
2026-08-24T18:50:51,553217058-04:00
{"state":"CALL_DOWN","call":false,"output":{"desired":"wired:alsa_output.platform-3f00b840.mailbox.stereo-fallback","chosen":"wired:alsa_output.platform-3f00b840.mailbox.stereo-fallback","reason":"desired output is available","candidates":[{"id":"wired:alsa_output.platform-3f00b840.mailbox.stereo-fallback","present":true,"connected":true,"adapter":null,"adapter_address":null,"setup_state":"ready"},{"id":"a2dp:C9:5C:FD:6E:28:46","present":false,"connected":false,"adapter":"hci1","adapter_address":"A0:AD:9F:73:6C:24","setup_state":"ready"},{"id":"a2dp:50:D7:1B:74:34:D6","present":false,"connected":false,"adapter":"hci1","adapter_address":"A0:AD:9F:73:6C:24","setup_state":"ready"},{"id":"a2dp:98:47:44:CD:73:DE","present":false,"connected":false,"adapter":"hci0","adapter_address":"B8:27:EB:43:8D:51","setup_state":"needs_setup"}]}}
/org/bluez/hci0/dev_98_47_44_CD_73_DE b true
/org/bluez/hci1/dev_98_47_44_CD_73_DE absent
2026-08-24T18:50:52,626494114-04:00
{"state":"CALL_DOWN","call":false,"output":{"desired":"wired:alsa_output.platform-3f00b840.mailbox.stereo-fallback","chosen":"wired:alsa_output.platform-3f00b840.mailbox.stereo-fallback","reason":"desired output is available","candidates":[{"id":"wired:alsa_output.platform-3f00b840.mailbox.stereo-fallback","present":true,"connected":true,"adapter":null,"adapter_address":null,"setup_state":"ready"},{"id":"a2dp:C9:5C:FD:6E:28:46","present":false,"connected":false,"adapter":"hci1","adapter_address":"A0:AD:9F:73:6C:24","setup_state":"ready"},{"id":"a2dp:50:D7:1B:74:34:D6","present":false,"connected":false,"adapter":"hci1","adapter_address":"A0:AD:9F:73:6C:24","setup_state":"ready"},{"id":"a2dp:98:47:44:CD:73:DE","present":false,"connected":false,"adapter":"hci0","adapter_address":"B8:27:EB:43:8D:51","setup_state":"needs_setup"}]}}
/org/bluez/hci0/dev_98_47_44_CD_73_DE b true
/org/bluez/hci1/dev_98_47_44_CD_73_DE absent
2026-08-24T18:50:53,699958199-04:00
{"state":"CALL_DOWN","call":false,"output":{"desired":"wired:alsa_output.platform-3f00b840.mailbox.stereo-fallback","chosen":"wired:alsa_output.platform-3f00b840.mailbox.stereo-fallback","reason":"desired output is available","candidates":[{"id":"wired:alsa_output.platform-3f00b840.mailbox.stereo-fallback","present":true,"connected":true,"adapter":null,"adapter_address":null,"setup_state":"ready"},{"id":"a2dp:C9:5C:FD:6E:28:46","present":false,"connected":false,"adapter":"hci1","adapter_address":"A0:AD:9F:73:6C:24","setup_state":"ready"},{"id":"a2dp:50:D7:1B:74:34:D6","present":false,"connected":false,"adapter":"hci1","adapter_address":"A0:AD:9F:73:6C:24","setup_state":"ready"},{"id":"a2dp:98:47:44:CD:73:DE","present":false,"connected":false,"adapter":"hci0","adapter_address":"B8:27:EB:43:8D:51","setup_state":"needs_setup"}]}}
/org/bluez/hci0/dev_98_47_44_CD_73_DE b true
/org/bluez/hci1/dev_98_47_44_CD_73_DE absent
2026-08-24T18:50:54,772408538-04:00
{"state":"CALL_DOWN","call":false,"output":{"desired":"wired:alsa_output.platform-3f00b840.mailbox.stereo-fallback","chosen":"wired:alsa_output.platform-3f00b840.mailbox.stereo-fallback","reason":"desired output is available","candidates":[{"id":"wired:alsa_output.platform-3f00b840.mailbox.stereo-fallback","present":true,"connected":true,"adapter":null,"adapter_address":null,"setup_state":"ready"},{"id":"a2dp:C9:5C:FD:6E:28:46","present":false,"connected":false,"adapter":"hci1","adapter_address":"A0:AD:9F:73:6C:24","setup_state":"ready"},{"id":"a2dp:50:D7:1B:74:34:D6","present":false,"connected":false,"adapter":"hci1","adapter_address":"A0:AD:9F:73:6C:24","setup_state":"ready"},{"id":"a2dp:98:47:44:CD:73:DE","present":false,"connected":false,"adapter":"hci0","adapter_address":"B8:27:EB:43:8D:51","setup_state":"needs_setup"}]}}
/org/bluez/hci0/dev_98_47_44_CD_73_DE b true
/org/bluez/hci1/dev_98_47_44_CD_73_DE absent
2026-08-24T18:50:55,845765693-04:00
{"state":"CALL_DOWN","call":false,"output":{"desired":"wired:alsa_output.platform-3f00b840.mailbox.stereo-fallback","chosen":"wired:alsa_output.platform-3f00b840.mailbox.stereo-fallback","reason":"desired output is available","candidates":[{"id":"wired:alsa_output.platform-3f00b840.mailbox.stereo-fallback","present":true,"connected":true,"adapter":null,"adapter_address":null,"setup_state":"ready"},{"id":"a2dp:C9:5C:FD:6E:28:46","present":false,"connected":false,"adapter":"hci1","adapter_address":"A0:AD:9F:73:6C:24","setup_state":"ready"},{"id":"a2dp:50:D7:1B:74:34:D6","present":false,"connected":false,"adapter":"hci1","adapter_address":"A0:AD:9F:73:6C:24","setup_state":"ready"},{"id":"a2dp:98:47:44:CD:73:DE","present":false,"connected":false,"adapter":"hci0","adapter_address":"B8:27:EB:43:8D:51","setup_state":"needs_setup"}]}}
/org/bluez/hci0/dev_98_47_44_CD_73_DE b true
/org/bluez/hci1/dev_98_47_44_CD_73_DE absent
2026-08-24T18:50:56,918975765-04:00
{"state":"CALL_DOWN","call":false,"output":{"desired":"wired:alsa_output.platform-3f00b840.mailbox.stereo-fallback","chosen":"wired:alsa_output.platform-3f00b840.mailbox.stereo-fallback","reason":"desired output is available","candidates":[{"id":"wired:alsa_output.platform-3f00b840.mailbox.stereo-fallback","present":true,"connected":true,"adapter":null,"adapter_address":null,"setup_state":"ready"},{"id":"a2dp:C9:5C:FD:6E:28:46","present":false,"connected":false,"adapter":"hci1","adapter_address":"A0:AD:9F:73:6C:24","setup_state":"ready"},{"id":"a2dp:50:D7:1B:74:34:D6","present":false,"connected":false,"adapter":"hci1","adapter_address":"A0:AD:9F:73:6C:24","setup_state":"ready"},{"id":"a2dp:98:47:44:CD:73:DE","present":false,"connected":false,"adapter":"hci0","adapter_address":"B8:27:EB:43:8D:51","setup_state":"needs_setup"}]}}
/org/bluez/hci0/dev_98_47_44_CD_73_DE b true
/org/bluez/hci1/dev_98_47_44_CD_73_DE absent
2026-08-24T18:50:57,992368751-04:00
{"state":"CALL_DOWN","call":false,"output":{"desired":"wired:alsa_output.platform-3f00b840.mailbox.stereo-fallback","chosen":"wired:alsa_output.platform-3f00b840.mailbox.stereo-fallback","reason":"desired output is available","candidates":[{"id":"wired:alsa_output.platform-3f00b840.mailbox.stereo-fallback","present":true,"connected":true,"adapter":null,"adapter_address":null,"setup_state":"ready"},{"id":"a2dp:C9:5C:FD:6E:28:46","present":false,"connected":false,"adapter":"hci1","adapter_address":"A0:AD:9F:73:6C:24","setup_state":"ready"},{"id":"a2dp:50:D7:1B:74:34:D6","present":false,"connected":false,"adapter":"hci1","adapter_address":"A0:AD:9F:73:6C:24","setup_state":"ready"},{"id":"a2dp:98:47:44:CD:73:DE","present":false,"connected":false,"adapter":"hci0","adapter_address":"B8:27:EB:43:8D:51","setup_state":"needs_setup"}]}}
/org/bluez/hci0/dev_98_47_44_CD_73_DE b true
/org/bluez/hci1/dev_98_47_44_CD_73_DE absent
2026-08-24T18:50:59,065230697-04:00
{"state":"CALL_DOWN","call":false,"output":{"desired":"wired:alsa_output.platform-3f00b840.mailbox.stereo-fallback","chosen":"wired:alsa_output.platform-3f00b840.mailbox.stereo-fallback","reason":"desired output is available","candidates":[{"id":"wired:alsa_output.platform-3f00b840.mailbox.stereo-fallback","present":true,"connected":true,"adapter":null,"adapter_address":null,"setup_state":"ready"},{"id":"a2dp:C9:5C:FD:6E:28:46","present":false,"connected":false,"adapter":"hci1","adapter_address":"A0:AD:9F:73:6C:24","setup_state":"ready"},{"id":"a2dp:50:D7:1B:74:34:D6","present":false,"connected":false,"adapter":"hci1","adapter_address":"A0:AD:9F:73:6C:24","setup_state":"ready"},{"id":"a2dp:98:47:44:CD:73:DE","present":false,"connected":false,"adapter":"hci0","adapter_address":"B8:27:EB:43:8D:51","setup_state":"needs_setup"}]}}
/org/bluez/hci0/dev_98_47_44_CD_73_DE b true
/org/bluez/hci1/dev_98_47_44_CD_73_DE absent
2026-08-24T18:51:00,138734044-04:00
{"state":"CALL_DOWN","call":false,"output":{"desired":"wired:alsa_output.platform-3f00b840.mailbox.stereo-fallback","chosen":"wired:alsa_output.platform-3f00b840.mailbox.stereo-fallback","reason":"desired output is available","candidates":[{"id":"wired:alsa_output.platform-3f00b840.mailbox.stereo-fallback","present":true,"connected":true,"adapter":null,"adapter_address":null,"setup_state":"ready"},{"id":"a2dp:C9:5C:FD:6E:28:46","present":false,"connected":false,"adapter":"hci1","adapter_address":"A0:AD:9F:73:6C:24","setup_state":"ready"},{"id":"a2dp:50:D7:1B:74:34:D6","present":false,"connected":false,"adapter":"hci1","adapter_address":"A0:AD:9F:73:6C:24","setup_state":"ready"},{"id":"a2dp:98:47:44:CD:73:DE","present":false,"connected":false,"adapter":"hci0","adapter_address":"B8:27:EB:43:8D:51","setup_state":"needs_setup"}]}}
/org/bluez/hci0/dev_98_47_44_CD_73_DE b true
/org/bluez/hci1/dev_98_47_44_CD_73_DE absent
2026-08-24T18:51:01,211607393-04:00
{"state":"CALL_DOWN","call":false,"output":{"desired":"wired:alsa_output.platform-3f00b840.mailbox.stereo-fallback","chosen":"wired:alsa_output.platform-3f00b840.mailbox.stereo-fallback","reason":"desired output is available","candidates":[{"id":"wired:alsa_output.platform-3f00b840.mailbox.stereo-fallback","present":true,"connected":true,"adapter":null,"adapter_address":null,"setup_state":"ready"},{"id":"a2dp:C9:5C:FD:6E:28:46","present":false,"connected":false,"adapter":"hci1","adapter_address":"A0:AD:9F:73:6C:24","setup_state":"ready"},{"id":"a2dp:50:D7:1B:74:34:D6","present":false,"connected":false,"adapter":"hci1","adapter_address":"A0:AD:9F:73:6C:24","setup_state":"ready"},{"id":"a2dp:98:47:44:CD:73:DE","present":false,"connected":false,"adapter":"hci0","adapter_address":"B8:27:EB:43:8D:51","setup_state":"needs_setup"}]}}
/org/bluez/hci0/dev_98_47_44_CD_73_DE b true
/org/bluez/hci1/dev_98_47_44_CD_73_DE absent
2026-08-24T18:51:02,284591366-04:00
{"state":"CALL_DOWN","call":false,"output":{"desired":"wired:alsa_output.platform-3f00b840.mailbox.stereo-fallback","chosen":"wired:alsa_output.platform-3f00b840.mailbox.stereo-fallback","reason":"desired output is available","candidates":[{"id":"wired:alsa_output.platform-3f00b840.mailbox.stereo-fallback","present":true,"connected":true,"adapter":null,"adapter_address":null,"setup_state":"ready"},{"id":"a2dp:C9:5C:FD:6E:28:46","present":false,"connected":false,"adapter":"hci1","adapter_address":"A0:AD:9F:73:6C:24","setup_state":"ready"},{"id":"a2dp:50:D7:1B:74:34:D6","present":false,"connected":false,"adapter":"hci1","adapter_address":"A0:AD:9F:73:6C:24","setup_state":"ready"},{"id":"a2dp:98:47:44:CD:73:DE","present":false,"connected":false,"adapter":"hci0","adapter_address":"B8:27:EB:43:8D:51","setup_state":"needs_setup"}]}}
/org/bluez/hci0/dev_98_47_44_CD_73_DE b true
/org/bluez/hci1/dev_98_47_44_CD_73_DE absent
2026-08-24T18:51:03,357289869-04:00
{"state":"CALL_DOWN","call":false,"output":{"desired":"wired:alsa_output.platform-3f00b840.mailbox.stereo-fallback","chosen":"wired:alsa_output.platform-3f00b840.mailbox.stereo-fallback","reason":"desired output is available","candidates":[{"id":"wired:alsa_output.platform-3f00b840.mailbox.stereo-fallback","present":true,"connected":true,"adapter":null,"adapter_address":null,"setup_state":"ready"},{"id":"a2dp:C9:5C:FD:6E:28:46","present":false,"connected":false,"adapter":"hci1","adapter_address":"A0:AD:9F:73:6C:24","setup_state":"ready"},{"id":"a2dp:50:D7:1B:74:34:D6","present":false,"connected":false,"adapter":"hci1","adapter_address":"A0:AD:9F:73:6C:24","setup_state":"ready"},{"id":"a2dp:98:47:44:CD:73:DE","present":false,"connected":false,"adapter":"hci0","adapter_address":"B8:27:EB:43:8D:51","setup_state":"needs_setup"}]}}
/org/bluez/hci0/dev_98_47_44_CD_73_DE b true
/org/bluez/hci1/dev_98_47_44_CD_73_DE absent
2026-08-24T18:51:04,430523525-04:00
{"state":"CALL_DOWN","call":false,"output":{"desired":"wired:alsa_output.platform-3f00b840.mailbox.stereo-fallback","chosen":"wired:alsa_output.platform-3f00b840.mailbox.stereo-fallback","reason":"desired output is available","candidates":[{"id":"wired:alsa_output.platform-3f00b840.mailbox.stereo-fallback","present":true,"connected":true,"adapter":null,"adapter_address":null,"setup_state":"ready"},{"id":"a2dp:C9:5C:FD:6E:28:46","present":false,"connected":false,"adapter":"hci1","adapter_address":"A0:AD:9F:73:6C:24","setup_state":"ready"},{"id":"a2dp:50:D7:1B:74:34:D6","present":false,"connected":false,"adapter":"hci1","adapter_address":"A0:AD:9F:73:6C:24","setup_state":"ready"},{"id":"a2dp:98:47:44:CD:73:DE","present":false,"connected":false,"adapter":"hci0","adapter_address":"B8:27:EB:43:8D:51","setup_state":"needs_setup"}]}}
/org/bluez/hci0/dev_98_47_44_CD_73_DE b true
/org/bluez/hci1/dev_98_47_44_CD_73_DE absent
2026-08-24T18:51:05,504054887-04:00
{"state":"CALL_DOWN","call":false,"output":{"desired":"wired:alsa_output.platform-3f00b840.mailbox.stereo-fallback","chosen":"wired:alsa_output.platform-3f00b840.mailbox.stereo-fallback","reason":"desired output is available","candidates":[{"id":"wired:alsa_output.platform-3f00b840.mailbox.stereo-fallback","present":true,"connected":true,"adapter":null,"adapter_address":null,"setup_state":"ready"},{"id":"a2dp:C9:5C:FD:6E:28:46","present":false,"connected":false,"adapter":"hci1","adapter_address":"A0:AD:9F:73:6C:24","setup_state":"ready"},{"id":"a2dp:50:D7:1B:74:34:D6","present":false,"connected":false,"adapter":"hci1","adapter_address":"A0:AD:9F:73:6C:24","setup_state":"ready"},{"id":"a2dp:98:47:44:CD:73:DE","present":false,"connected":false,"adapter":"hci0","adapter_address":"B8:27:EB:43:8D:51","setup_state":"needs_setup"}]}}
/org/bluez/hci0/dev_98_47_44_CD_73_DE b true
/org/bluez/hci1/dev_98_47_44_CD_73_DE absent
2026-08-24T18:51:06,577293123-04:00
{"state":"CALL_DOWN","call":false,"output":{"desired":"wired:alsa_output.platform-3f00b840.mailbox.stereo-fallback","chosen":"wired:alsa_output.platform-3f00b840.mailbox.stereo-fallback","reason":"desired output is available","candidates":[{"id":"wired:alsa_output.platform-3f00b840.mailbox.stereo-fallback","present":true,"connected":true,"adapter":null,"adapter_address":null,"setup_state":"ready"},{"id":"a2dp:C9:5C:FD:6E:28:46","present":false,"connected":false,"adapter":"hci1","adapter_address":"A0:AD:9F:73:6C:24","setup_state":"ready"},{"id":"a2dp:50:D7:1B:74:34:D6","present":false,"connected":false,"adapter":"hci1","adapter_address":"A0:AD:9F:73:6C:24","setup_state":"ready"},{"id":"a2dp:98:47:44:CD:73:DE","present":false,"connected":false,"adapter":"hci0","adapter_address":"B8:27:EB:43:8D:51","setup_state":"needs_setup"}]}}
/org/bluez/hci0/dev_98_47_44_CD_73_DE b true
/org/bluez/hci1/dev_98_47_44_CD_73_DE absent
2026-08-24T18:51:07,650355631-04:00
{"state":"CALL_DOWN","call":false,"output":{"desired":"wired:alsa_output.platform-3f00b840.mailbox.stereo-fallback","chosen":"wired:alsa_output.platform-3f00b840.mailbox.stereo-fallback","reason":"desired output is available","candidates":[{"id":"wired:alsa_output.platform-3f00b840.mailbox.stereo-fallback","present":true,"connected":true,"adapter":null,"adapter_address":null,"setup_state":"ready"},{"id":"a2dp:C9:5C:FD:6E:28:46","present":false,"connected":false,"adapter":"hci1","adapter_address":"A0:AD:9F:73:6C:24","setup_state":"ready"},{"id":"a2dp:50:D7:1B:74:34:D6","present":false,"connected":false,"adapter":"hci1","adapter_address":"A0:AD:9F:73:6C:24","setup_state":"ready"},{"id":"a2dp:98:47:44:CD:73:DE","present":false,"connected":false,"adapter":"hci0","adapter_address":"B8:27:EB:43:8D:51","setup_state":"needs_setup"}]}}
/org/bluez/hci0/dev_98_47_44_CD_73_DE b true
/org/bluez/hci1/dev_98_47_44_CD_73_DE absent
2026-08-24T18:51:08,723473292-04:00
{"state":"CALL_DOWN","call":false,"output":{"desired":"wired:alsa_output.platform-3f00b840.mailbox.stereo-fallback","chosen":"wired:alsa_output.platform-3f00b840.mailbox.stereo-fallback","reason":"desired output is available","candidates":[{"id":"wired:alsa_output.platform-3f00b840.mailbox.stereo-fallback","present":true,"connected":true,"adapter":null,"adapter_address":null,"setup_state":"ready"},{"id":"a2dp:C9:5C:FD:6E:28:46","present":false,"connected":false,"adapter":"hci1","adapter_address":"A0:AD:9F:73:6C:24","setup_state":"ready"},{"id":"a2dp:50:D7:1B:74:34:D6","present":false,"connected":false,"adapter":"hci1","adapter_address":"A0:AD:9F:73:6C:24","setup_state":"ready"},{"id":"a2dp:98:47:44:CD:73:DE","present":false,"connected":false,"adapter":"hci0","adapter_address":"B8:27:EB:43:8D:51","setup_state":"needs_setup"}]}}
/org/bluez/hci0/dev_98_47_44_CD_73_DE b true
/org/bluez/hci1/dev_98_47_44_CD_73_DE absent
2026-08-24T18:51:09,796349652-04:00
{"state":"CALL_DOWN","call":false,"output":{"desired":"wired:alsa_output.platform-3f00b840.mailbox.stereo-fallback","chosen":"wired:alsa_output.platform-3f00b840.mailbox.stereo-fallback","reason":"desired output is available","candidates":[{"id":"wired:alsa_output.platform-3f00b840.mailbox.stereo-fallback","present":true,"connected":true,"adapter":null,"adapter_address":null,"setup_state":"ready"},{"id":"a2dp:C9:5C:FD:6E:28:46","present":false,"connected":false,"adapter":"hci1","adapter_address":"A0:AD:9F:73:6C:24","setup_state":"ready"},{"id":"a2dp:50:D7:1B:74:34:D6","present":false,"connected":false,"adapter":"hci1","adapter_address":"A0:AD:9F:73:6C:24","setup_state":"ready"},{"id":"a2dp:98:47:44:CD:73:DE","present":false,"connected":false,"adapter":"hci0","adapter_address":"B8:27:EB:43:8D:51","setup_state":"needs_setup"}]}}
/org/bluez/hci0/dev_98_47_44_CD_73_DE b true
/org/bluez/hci1/dev_98_47_44_CD_73_DE absent
2026-08-24T18:51:10,869452519-04:00
{"state":"CALL_DOWN","call":false,"output":{"desired":"wired:alsa_output.platform-3f00b840.mailbox.stereo-fallback","chosen":"wired:alsa_output.platform-3f00b840.mailbox.stereo-fallback","reason":"desired output is available","candidates":[{"id":"wired:alsa_output.platform-3f00b840.mailbox.stereo-fallback","present":true,"connected":true,"adapter":null,"adapter_address":null,"setup_state":"ready"},{"id":"a2dp:C9:5C:FD:6E:28:46","present":false,"connected":false,"adapter":"hci1","adapter_address":"A0:AD:9F:73:6C:24","setup_state":"ready"},{"id":"a2dp:50:D7:1B:74:34:D6","present":false,"connected":false,"adapter":"hci1","adapter_address":"A0:AD:9F:73:6C:24","setup_state":"ready"},{"id":"a2dp:98:47:44:CD:73:DE","present":false,"connected":false,"adapter":"hci0","adapter_address":"B8:27:EB:43:8D:51","setup_state":"needs_setup"}]}}
/org/bluez/hci0/dev_98_47_44_CD_73_DE b true
/org/bluez/hci1/dev_98_47_44_CD_73_DE absent
2026-08-24T18:51:11,942630594-04:00
{"state":"CALL_DOWN","call":false,"output":{"desired":"wired:alsa_output.platform-3f00b840.mailbox.stereo-fallback","chosen":"wired:alsa_output.platform-3f00b840.mailbox.stereo-fallback","reason":"desired output is available","candidates":[{"id":"wired:alsa_output.platform-3f00b840.mailbox.stereo-fallback","present":true,"connected":true,"adapter":null,"adapter_address":null,"setup_state":"ready"},{"id":"a2dp:C9:5C:FD:6E:28:46","present":false,"connected":false,"adapter":"hci1","adapter_address":"A0:AD:9F:73:6C:24","setup_state":"ready"},{"id":"a2dp:50:D7:1B:74:34:D6","present":false,"connected":false,"adapter":"hci1","adapter_address":"A0:AD:9F:73:6C:24","setup_state":"ready"},{"id":"a2dp:98:47:44:CD:73:DE","present":false,"connected":false,"adapter":"hci0","adapter_address":"B8:27:EB:43:8D:51","setup_state":"needs_setup"}]}}
/org/bluez/hci0/dev_98_47_44_CD_73_DE b true
/org/bluez/hci1/dev_98_47_44_CD_73_DE absent
2026-08-24T18:51:13,015664553-04:00
{"state":"CALL_DOWN","call":false,"output":{"desired":"wired:alsa_output.platform-3f00b840.mailbox.stereo-fallback","chosen":"wired:alsa_output.platform-3f00b840.mailbox.stereo-fallback","reason":"desired output is available","candidates":[{"id":"wired:alsa_output.platform-3f00b840.mailbox.stereo-fallback","present":true,"connected":true,"adapter":null,"adapter_address":null,"setup_state":"ready"},{"id":"a2dp:C9:5C:FD:6E:28:46","present":false,"connected":false,"adapter":"hci1","adapter_address":"A0:AD:9F:73:6C:24","setup_state":"ready"},{"id":"a2dp:50:D7:1B:74:34:D6","present":false,"connected":false,"adapter":"hci1","adapter_address":"A0:AD:9F:73:6C:24","setup_state":"ready"},{"id":"a2dp:98:47:44:CD:73:DE","present":false,"connected":false,"adapter":"hci0","adapter_address":"B8:27:EB:43:8D:51","setup_state":"needs_setup"}]}}
/org/bluez/hci0/dev_98_47_44_CD_73_DE b true
/org/bluez/hci1/dev_98_47_44_CD_73_DE absent
2026-08-24T18:51:14,088772833-04:00
{"state":"CALL_DOWN","call":false,"output":{"desired":"wired:alsa_output.platform-3f00b840.mailbox.stereo-fallback","chosen":"wired:alsa_output.platform-3f00b840.mailbox.stereo-fallback","reason":"desired output is available","candidates":[{"id":"wired:alsa_output.platform-3f00b840.mailbox.stereo-fallback","present":true,"connected":true,"adapter":null,"adapter_address":null,"setup_state":"ready"},{"id":"a2dp:C9:5C:FD:6E:28:46","present":false,"connected":false,"adapter":"hci1","adapter_address":"A0:AD:9F:73:6C:24","setup_state":"ready"},{"id":"a2dp:50:D7:1B:74:34:D6","present":false,"connected":false,"adapter":"hci1","adapter_address":"A0:AD:9F:73:6C:24","setup_state":"ready"},{"id":"a2dp:98:47:44:CD:73:DE","present":false,"connected":false,"adapter":"hci0","adapter_address":"B8:27:EB:43:8D:51","setup_state":"needs_setup"}]}}
/org/bluez/hci0/dev_98_47_44_CD_73_DE b true
/org/bluez/hci1/dev_98_47_44_CD_73_DE absent
2026-08-24T18:51:15,161818560-04:00
{"state":"CALL_DOWN","call":false,"output":{"desired":"wired:alsa_output.platform-3f00b840.mailbox.stereo-fallback","chosen":"wired:alsa_output.platform-3f00b840.mailbox.stereo-fallback","reason":"desired output is available","candidates":[{"id":"wired:alsa_output.platform-3f00b840.mailbox.stereo-fallback","present":true,"connected":true,"adapter":null,"adapter_address":null,"setup_state":"ready"},{"id":"a2dp:C9:5C:FD:6E:28:46","present":false,"connected":false,"adapter":"hci1","adapter_address":"A0:AD:9F:73:6C:24","setup_state":"ready"},{"id":"a2dp:50:D7:1B:74:34:D6","present":false,"connected":false,"adapter":"hci1","adapter_address":"A0:AD:9F:73:6C:24","setup_state":"ready"},{"id":"a2dp:98:47:44:CD:73:DE","present":false,"connected":false,"adapter":"hci0","adapter_address":"B8:27:EB:43:8D:51","setup_state":"needs_setup"}]}}
/org/bluez/hci0/dev_98_47_44_CD_73_DE b true
/org/bluez/hci1/dev_98_47_44_CD_73_DE absent
2026-08-24T18:51:16,234787307-04:00
{"state":"CALL_DOWN","call":false,"output":{"desired":"wired:alsa_output.platform-3f00b840.mailbox.stereo-fallback","chosen":"wired:alsa_output.platform-3f00b840.mailbox.stereo-fallback","reason":"desired output is available","candidates":[{"id":"wired:alsa_output.platform-3f00b840.mailbox.stereo-fallback","present":true,"connected":true,"adapter":null,"adapter_address":null,"setup_state":"ready"},{"id":"a2dp:C9:5C:FD:6E:28:46","present":false,"connected":false,"adapter":"hci1","adapter_address":"A0:AD:9F:73:6C:24","setup_state":"ready"},{"id":"a2dp:50:D7:1B:74:34:D6","present":false,"connected":false,"adapter":"hci1","adapter_address":"A0:AD:9F:73:6C:24","setup_state":"ready"},{"id":"a2dp:98:47:44:CD:73:DE","present":false,"connected":false,"adapter":"hci0","adapter_address":"B8:27:EB:43:8D:51","setup_state":"needs_setup"}]}}
/org/bluez/hci0/dev_98_47_44_CD_73_DE b true
/org/bluez/hci1/dev_98_47_44_CD_73_DE absent
2026-08-24T18:51:17,307591471-04:00
{"state":"CALL_DOWN","call":false,"output":{"desired":"wired:alsa_output.platform-3f00b840.mailbox.stereo-fallback","chosen":"wired:alsa_output.platform-3f00b840.mailbox.stereo-fallback","reason":"desired output is available","candidates":[{"id":"wired:alsa_output.platform-3f00b840.mailbox.stereo-fallback","present":true,"connected":true,"adapter":null,"adapter_address":null,"setup_state":"ready"},{"id":"a2dp:C9:5C:FD:6E:28:46","present":false,"connected":false,"adapter":"hci1","adapter_address":"A0:AD:9F:73:6C:24","setup_state":"ready"},{"id":"a2dp:50:D7:1B:74:34:D6","present":false,"connected":false,"adapter":"hci1","adapter_address":"A0:AD:9F:73:6C:24","setup_state":"ready"},{"id":"a2dp:98:47:44:CD:73:DE","present":false,"connected":false,"adapter":"hci0","adapter_address":"B8:27:EB:43:8D:51","setup_state":"needs_setup"}]}}
/org/bluez/hci0/dev_98_47_44_CD_73_DE b true
/org/bluez/hci1/dev_98_47_44_CD_73_DE absent
2026-08-24T18:51:18,380981619-04:00
{"state":"CALL_DOWN","call":false,"output":{"desired":"wired:alsa_output.platform-3f00b840.mailbox.stereo-fallback","chosen":"wired:alsa_output.platform-3f00b840.mailbox.stereo-fallback","reason":"desired output is available","candidates":[{"id":"wired:alsa_output.platform-3f00b840.mailbox.stereo-fallback","present":true,"connected":true,"adapter":null,"adapter_address":null,"setup_state":"ready"},{"id":"a2dp:C9:5C:FD:6E:28:46","present":false,"connected":false,"adapter":"hci1","adapter_address":"A0:AD:9F:73:6C:24","setup_state":"ready"},{"id":"a2dp:50:D7:1B:74:34:D6","present":false,"connected":false,"adapter":"hci1","adapter_address":"A0:AD:9F:73:6C:24","setup_state":"ready"},{"id":"a2dp:98:47:44:CD:73:DE","present":false,"connected":false,"adapter":"hci0","adapter_address":"B8:27:EB:43:8D:51","setup_state":"needs_setup"}]}}
/org/bluez/hci0/dev_98_47_44_CD_73_DE b true
/org/bluez/hci1/dev_98_47_44_CD_73_DE absent
2026-08-24T18:51:19,453719166-04:00
{"state":"CALL_DOWN","call":false,"output":{"desired":"wired:alsa_output.platform-3f00b840.mailbox.stereo-fallback","chosen":"wired:alsa_output.platform-3f00b840.mailbox.stereo-fallback","reason":"desired output is available","candidates":[{"id":"wired:alsa_output.platform-3f00b840.mailbox.stereo-fallback","present":true,"connected":true,"adapter":null,"adapter_address":null,"setup_state":"ready"},{"id":"a2dp:C9:5C:FD:6E:28:46","present":false,"connected":false,"adapter":"hci1","adapter_address":"A0:AD:9F:73:6C:24","setup_state":"ready"},{"id":"a2dp:50:D7:1B:74:34:D6","present":false,"connected":false,"adapter":"hci1","adapter_address":"A0:AD:9F:73:6C:24","setup_state":"ready"},{"id":"a2dp:98:47:44:CD:73:DE","present":false,"connected":false,"adapter":"hci0","adapter_address":"B8:27:EB:43:8D:51","setup_state":"needs_setup"}]}}
/org/bluez/hci0/dev_98_47_44_CD_73_DE b true
/org/bluez/hci1/dev_98_47_44_CD_73_DE absent
2026-08-24T18:51:20,526556502-04:00
{"state":"CALL_DOWN","call":false,"output":{"desired":"wired:alsa_output.platform-3f00b840.mailbox.stereo-fallback","chosen":"wired:alsa_output.platform-3f00b840.mailbox.stereo-fallback","reason":"desired output is available","candidates":[{"id":"wired:alsa_output.platform-3f00b840.mailbox.stereo-fallback","present":true,"connected":true,"adapter":null,"adapter_address":null,"setup_state":"ready"},{"id":"a2dp:C9:5C:FD:6E:28:46","present":false,"connected":false,"adapter":"hci1","adapter_address":"A0:AD:9F:73:6C:24","setup_state":"ready"},{"id":"a2dp:50:D7:1B:74:34:D6","present":false,"connected":false,"adapter":"hci1","adapter_address":"A0:AD:9F:73:6C:24","setup_state":"ready"},{"id":"a2dp:98:47:44:CD:73:DE","present":false,"connected":false,"adapter":"hci0","adapter_address":"B8:27:EB:43:8D:51","setup_state":"needs_setup"}]}}
/org/bluez/hci0/dev_98_47_44_CD_73_DE b true
/org/bluez/hci1/dev_98_47_44_CD_73_DE absent
2026-08-24T18:51:21,599362067-04:00
{"state":"CALL_DOWN","call":false,"output":{"desired":"wired:alsa_output.platform-3f00b840.mailbox.stereo-fallback","chosen":"wired:alsa_output.platform-3f00b840.mailbox.stereo-fallback","reason":"desired output is available","candidates":[{"id":"wired:alsa_output.platform-3f00b840.mailbox.stereo-fallback","present":true,"connected":true,"adapter":null,"adapter_address":null,"setup_state":"ready"},{"id":"a2dp:C9:5C:FD:6E:28:46","present":false,"connected":false,"adapter":"hci1","adapter_address":"A0:AD:9F:73:6C:24","setup_state":"ready"},{"id":"a2dp:50:D7:1B:74:34:D6","present":false,"connected":false,"adapter":"hci1","adapter_address":"A0:AD:9F:73:6C:24","setup_state":"ready"},{"id":"a2dp:98:47:44:CD:73:DE","present":false,"connected":false,"adapter":"hci0","adapter_address":"B8:27:EB:43:8D:51","setup_state":"needs_setup"}]}}
/org/bluez/hci0/dev_98_47_44_CD_73_DE b true
/org/bluez/hci1/dev_98_47_44_CD_73_DE absent
2026-08-24T18:51:22,672304504-04:00
{"state":"CALL_DOWN","call":false,"output":{"desired":"wired:alsa_output.platform-3f00b840.mailbox.stereo-fallback","chosen":"wired:alsa_output.platform-3f00b840.mailbox.stereo-fallback","reason":"desired output is available","candidates":[{"id":"wired:alsa_output.platform-3f00b840.mailbox.stereo-fallback","present":true,"connected":true,"adapter":null,"adapter_address":null,"setup_state":"ready"},{"id":"a2dp:C9:5C:FD:6E:28:46","present":false,"connected":false,"adapter":"hci1","adapter_address":"A0:AD:9F:73:6C:24","setup_state":"ready"},{"id":"a2dp:50:D7:1B:74:34:D6","present":false,"connected":false,"adapter":"hci1","adapter_address":"A0:AD:9F:73:6C:24","setup_state":"ready"},{"id":"a2dp:98:47:44:CD:73:DE","present":false,"connected":false,"adapter":"hci0","adapter_address":"B8:27:EB:43:8D:51","setup_state":"needs_setup"}]}}
/org/bluez/hci0/dev_98_47_44_CD_73_DE b true
/org/bluez/hci1/dev_98_47_44_CD_73_DE absent
2026-08-24T18:51:23,745798917-04:00
{"state":"CALL_DOWN","call":false,"output":{"desired":"wired:alsa_output.platform-3f00b840.mailbox.stereo-fallback","chosen":"wired:alsa_output.platform-3f00b840.mailbox.stereo-fallback","reason":"desired output is available","candidates":[{"id":"wired:alsa_output.platform-3f00b840.mailbox.stereo-fallback","present":true,"connected":true,"adapter":null,"adapter_address":null,"setup_state":"ready"},{"id":"a2dp:C9:5C:FD:6E:28:46","present":false,"connected":false,"adapter":"hci1","adapter_address":"A0:AD:9F:73:6C:24","setup_state":"ready"},{"id":"a2dp:50:D7:1B:74:34:D6","present":false,"connected":false,"adapter":"hci1","adapter_address":"A0:AD:9F:73:6C:24","setup_state":"ready"},{"id":"a2dp:98:47:44:CD:73:DE","present":false,"connected":false,"adapter":"hci0","adapter_address":"B8:27:EB:43:8D:51","setup_state":"needs_setup"}]}}
/org/bluez/hci0/dev_98_47_44_CD_73_DE b true
/org/bluez/hci1/dev_98_47_44_CD_73_DE absent
2026-08-24T18:51:24,818887653-04:00
{"state":"CALL_DOWN","call":false,"output":{"desired":"wired:alsa_output.platform-3f00b840.mailbox.stereo-fallback","chosen":"wired:alsa_output.platform-3f00b840.mailbox.stereo-fallback","reason":"desired output is available","candidates":[{"id":"wired:alsa_output.platform-3f00b840.mailbox.stereo-fallback","present":true,"connected":true,"adapter":null,"adapter_address":null,"setup_state":"ready"},{"id":"a2dp:C9:5C:FD:6E:28:46","present":false,"connected":false,"adapter":"hci1","adapter_address":"A0:AD:9F:73:6C:24","setup_state":"ready"},{"id":"a2dp:50:D7:1B:74:34:D6","present":false,"connected":false,"adapter":"hci1","adapter_address":"A0:AD:9F:73:6C:24","setup_state":"ready"},{"id":"a2dp:98:47:44:CD:73:DE","present":false,"connected":false,"adapter":"hci0","adapter_address":"B8:27:EB:43:8D:51","setup_state":"needs_setup"}]}}
/org/bluez/hci0/dev_98_47_44_CD_73_DE b true
/org/bluez/hci1/dev_98_47_44_CD_73_DE absent
2026-08-24T18:51:25,892061127-04:00
{"state":"CALL_DOWN","call":false,"output":{"desired":"wired:alsa_output.platform-3f00b840.mailbox.stereo-fallback","chosen":"wired:alsa_output.platform-3f00b840.mailbox.stereo-fallback","reason":"desired output is available","candidates":[{"id":"wired:alsa_output.platform-3f00b840.mailbox.stereo-fallback","present":true,"connected":true,"adapter":null,"adapter_address":null,"setup_state":"ready"},{"id":"a2dp:C9:5C:FD:6E:28:46","present":false,"connected":false,"adapter":"hci1","adapter_address":"A0:AD:9F:73:6C:24","setup_state":"ready"},{"id":"a2dp:50:D7:1B:74:34:D6","present":false,"connected":false,"adapter":"hci1","adapter_address":"A0:AD:9F:73:6C:24","setup_state":"ready"},{"id":"a2dp:98:47:44:CD:73:DE","present":false,"connected":false,"adapter":"hci0","adapter_address":"B8:27:EB:43:8D:51","setup_state":"needs_setup"}]}}
/org/bluez/hci0/dev_98_47_44_CD_73_DE b true
/org/bluez/hci1/dev_98_47_44_CD_73_DE absent
2026-08-24T18:51:26,965167048-04:00
{"state":"CALL_DOWN","call":false,"output":{"desired":"wired:alsa_output.platform-3f00b840.mailbox.stereo-fallback","chosen":"wired:alsa_output.platform-3f00b840.mailbox.stereo-fallback","reason":"desired output is available","candidates":[{"id":"wired:alsa_output.platform-3f00b840.mailbox.stereo-fallback","present":true,"connected":true,"adapter":null,"adapter_address":null,"setup_state":"ready"},{"id":"a2dp:C9:5C:FD:6E:28:46","present":false,"connected":false,"adapter":"hci1","adapter_address":"A0:AD:9F:73:6C:24","setup_state":"ready"},{"id":"a2dp:50:D7:1B:74:34:D6","present":false,"connected":false,"adapter":"hci1","adapter_address":"A0:AD:9F:73:6C:24","setup_state":"ready"},{"id":"a2dp:98:47:44:CD:73:DE","present":false,"connected":false,"adapter":"hci0","adapter_address":"B8:27:EB:43:8D:51","setup_state":"needs_setup"}]}}
/org/bluez/hci0/dev_98_47_44_CD_73_DE b true
/org/bluez/hci1/dev_98_47_44_CD_73_DE absent
2026-08-24T18:51:28,038805830-04:00
{"state":"CALL_DOWN","call":false,"output":{"desired":"wired:alsa_output.platform-3f00b840.mailbox.stereo-fallback","chosen":"wired:alsa_output.platform-3f00b840.mailbox.stereo-fallback","reason":"desired output is available","candidates":[{"id":"wired:alsa_output.platform-3f00b840.mailbox.stereo-fallback","present":true,"connected":true,"adapter":null,"adapter_address":null,"setup_state":"ready"},{"id":"a2dp:C9:5C:FD:6E:28:46","present":false,"connected":false,"adapter":"hci1","adapter_address":"A0:AD:9F:73:6C:24","setup_state":"ready"},{"id":"a2dp:50:D7:1B:74:34:D6","present":false,"connected":false,"adapter":"hci1","adapter_address":"A0:AD:9F:73:6C:24","setup_state":"ready"},{"id":"a2dp:98:47:44:CD:73:DE","present":false,"connected":false,"adapter":"hci0","adapter_address":"B8:27:EB:43:8D:51","setup_state":"needs_setup"}]}}
/org/bluez/hci0/dev_98_47_44_CD_73_DE b true
/org/bluez/hci1/dev_98_47_44_CD_73_DE absent
2026-08-24T18:51:29,111713729-04:00
{"state":"CALL_DOWN","call":false,"output":{"desired":"wired:alsa_output.platform-3f00b840.mailbox.stereo-fallback","chosen":"wired:alsa_output.platform-3f00b840.mailbox.stereo-fallback","reason":"desired output is available","candidates":[{"id":"wired:alsa_output.platform-3f00b840.mailbox.stereo-fallback","present":true,"connected":true,"adapter":null,"adapter_address":null,"setup_state":"ready"},{"id":"a2dp:C9:5C:FD:6E:28:46","present":false,"connected":false,"adapter":"hci1","adapter_address":"A0:AD:9F:73:6C:24","setup_state":"ready"},{"id":"a2dp:50:D7:1B:74:34:D6","present":false,"connected":false,"adapter":"hci1","adapter_address":"A0:AD:9F:73:6C:24","setup_state":"ready"},{"id":"a2dp:98:47:44:CD:73:DE","present":false,"connected":false,"adapter":"hci0","adapter_address":"B8:27:EB:43:8D:51","setup_state":"needs_setup"}]}}
/org/bluez/hci0/dev_98_47_44_CD_73_DE b true
/org/bluez/hci1/dev_98_47_44_CD_73_DE absent
2026-08-24T18:51:30,184643137-04:00
{"state":"CALL_DOWN","call":false,"output":{"desired":"wired:alsa_output.platform-3f00b840.mailbox.stereo-fallback","chosen":"wired:alsa_output.platform-3f00b840.mailbox.stereo-fallback","reason":"desired output is available","candidates":[{"id":"wired:alsa_output.platform-3f00b840.mailbox.stereo-fallback","present":true,"connected":true,"adapter":null,"adapter_address":null,"setup_state":"ready"},{"id":"a2dp:C9:5C:FD:6E:28:46","present":false,"connected":false,"adapter":"hci1","adapter_address":"A0:AD:9F:73:6C:24","setup_state":"ready"},{"id":"a2dp:50:D7:1B:74:34:D6","present":false,"connected":false,"adapter":"hci1","adapter_address":"A0:AD:9F:73:6C:24","setup_state":"ready"},{"id":"a2dp:98:47:44:CD:73:DE","present":false,"connected":false,"adapter":"hci0","adapter_address":"B8:27:EB:43:8D:51","setup_state":"needs_setup"}]}}
/org/bluez/hci0/dev_98_47_44_CD_73_DE b true
/org/bluez/hci1/dev_98_47_44_CD_73_DE absent
2026-08-24T18:51:31,258163322-04:00
{"state":"CALL_DOWN","call":false,"output":{"desired":"wired:alsa_output.platform-3f00b840.mailbox.stereo-fallback","chosen":"wired:alsa_output.platform-3f00b840.mailbox.stereo-fallback","reason":"desired output is available","candidates":[{"id":"wired:alsa_output.platform-3f00b840.mailbox.stereo-fallback","present":true,"connected":true,"adapter":null,"adapter_address":null,"setup_state":"ready"},{"id":"a2dp:C9:5C:FD:6E:28:46","present":false,"connected":false,"adapter":"hci1","adapter_address":"A0:AD:9F:73:6C:24","setup_state":"ready"},{"id":"a2dp:50:D7:1B:74:34:D6","present":false,"connected":false,"adapter":"hci1","adapter_address":"A0:AD:9F:73:6C:24","setup_state":"ready"},{"id":"a2dp:98:47:44:CD:73:DE","present":false,"connected":false,"adapter":"hci0","adapter_address":"B8:27:EB:43:8D:51","setup_state":"needs_setup"}]}}
/org/bluez/hci0/dev_98_47_44_CD_73_DE b true
/org/bluez/hci1/dev_98_47_44_CD_73_DE absent
2026-08-24T18:51:32,330884863-04:00
{"state":"CALL_DOWN","call":false,"output":{"desired":"wired:alsa_output.platform-3f00b840.mailbox.stereo-fallback","chosen":"wired:alsa_output.platform-3f00b840.mailbox.stereo-fallback","reason":"desired output is available","candidates":[{"id":"wired:alsa_output.platform-3f00b840.mailbox.stereo-fallback","present":true,"connected":true,"adapter":null,"adapter_address":null,"setup_state":"ready"},{"id":"a2dp:C9:5C:FD:6E:28:46","present":false,"connected":false,"adapter":"hci1","adapter_address":"A0:AD:9F:73:6C:24","setup_state":"ready"},{"id":"a2dp:50:D7:1B:74:34:D6","present":false,"connected":false,"adapter":"hci1","adapter_address":"A0:AD:9F:73:6C:24","setup_state":"ready"},{"id":"a2dp:98:47:44:CD:73:DE","present":false,"connected":false,"adapter":"hci0","adapter_address":"B8:27:EB:43:8D:51","setup_state":"needs_setup"}]}}
/org/bluez/hci0/dev_98_47_44_CD_73_DE b true
/org/bluez/hci1/dev_98_47_44_CD_73_DE absent
2026-08-24T18:51:33,403638800-04:00
{"state":"CALL_DOWN","call":false,"output":{"desired":"wired:alsa_output.platform-3f00b840.mailbox.stereo-fallback","chosen":"wired:alsa_output.platform-3f00b840.mailbox.stereo-fallback","reason":"desired output is available","candidates":[{"id":"wired:alsa_output.platform-3f00b840.mailbox.stereo-fallback","present":true,"connected":true,"adapter":null,"adapter_address":null,"setup_state":"ready"},{"id":"a2dp:C9:5C:FD:6E:28:46","present":false,"connected":false,"adapter":"hci1","adapter_address":"A0:AD:9F:73:6C:24","setup_state":"ready"},{"id":"a2dp:50:D7:1B:74:34:D6","present":false,"connected":false,"adapter":"hci1","adapter_address":"A0:AD:9F:73:6C:24","setup_state":"ready"},{"id":"a2dp:98:47:44:CD:73:DE","present":false,"connected":false,"adapter":"hci0","adapter_address":"B8:27:EB:43:8D:51","setup_state":"needs_setup"}]}}
/org/bluez/hci0/dev_98_47_44_CD_73_DE b true
/org/bluez/hci1/dev_98_47_44_CD_73_DE absent
2026-08-24T18:51:34,476553046-04:00
{"state":"CALL_DOWN","call":false,"output":{"desired":"wired:alsa_output.platform-3f00b840.mailbox.stereo-fallback","chosen":"wired:alsa_output.platform-3f00b840.mailbox.stereo-fallback","reason":"desired output is available","candidates":[{"id":"wired:alsa_output.platform-3f00b840.mailbox.stereo-fallback","present":true,"connected":true,"adapter":null,"adapter_address":null,"setup_state":"ready"},{"id":"a2dp:C9:5C:FD:6E:28:46","present":false,"connected":false,"adapter":"hci1","adapter_address":"A0:AD:9F:73:6C:24","setup_state":"ready"},{"id":"a2dp:50:D7:1B:74:34:D6","present":false,"connected":false,"adapter":"hci1","adapter_address":"A0:AD:9F:73:6C:24","setup_state":"ready"},{"id":"a2dp:98:47:44:CD:73:DE","present":false,"connected":false,"adapter":"hci0","adapter_address":"B8:27:EB:43:8D:51","setup_state":"needs_setup"}]}}
/org/bluez/hci0/dev_98_47_44_CD_73_DE b true
/org/bluez/hci1/dev_98_47_44_CD_73_DE absent
2026-08-24T18:51:35,554904191-04:00
{"state":"CALL_DOWN","call":false,"output":{"desired":"wired:alsa_output.platform-3f00b840.mailbox.stereo-fallback","chosen":"wired:alsa_output.platform-3f00b840.mailbox.stereo-fallback","reason":"desired output is available","candidates":[{"id":"wired:alsa_output.platform-3f00b840.mailbox.stereo-fallback","present":true,"connected":true,"adapter":null,"adapter_address":null,"setup_state":"ready"},{"id":"a2dp:C9:5C:FD:6E:28:46","present":false,"connected":false,"adapter":"hci1","adapter_address":"A0:AD:9F:73:6C:24","setup_state":"ready"},{"id":"a2dp:50:D7:1B:74:34:D6","present":false,"connected":false,"adapter":"hci1","adapter_address":"A0:AD:9F:73:6C:24","setup_state":"ready"},{"id":"a2dp:98:47:44:CD:73:DE","present":false,"connected":false,"adapter":"hci0","adapter_address":"B8:27:EB:43:8D:51","setup_state":"needs_setup"}]}}
/org/bluez/hci0/dev_98_47_44_CD_73_DE b true
/org/bluez/hci1/dev_98_47_44_CD_73_DE absent
2026-08-24T18:51:36,628191975-04:00
{"state":"CALL_DOWN","call":false,"output":{"desired":"wired:alsa_output.platform-3f00b840.mailbox.stereo-fallback","chosen":"wired:alsa_output.platform-3f00b840.mailbox.stereo-fallback","reason":"desired output is available","candidates":[{"id":"wired:alsa_output.platform-3f00b840.mailbox.stereo-fallback","present":true,"connected":true,"adapter":null,"adapter_address":null,"setup_state":"ready"},{"id":"a2dp:C9:5C:FD:6E:28:46","present":false,"connected":false,"adapter":"hci1","adapter_address":"A0:AD:9F:73:6C:24","setup_state":"ready"},{"id":"a2dp:50:D7:1B:74:34:D6","present":false,"connected":false,"adapter":"hci1","adapter_address":"A0:AD:9F:73:6C:24","setup_state":"ready"},{"id":"a2dp:98:47:44:CD:73:DE","present":false,"connected":false,"adapter":"hci0","adapter_address":"B8:27:EB:43:8D:51","setup_state":"needs_setup"}]}}
/org/bluez/hci0/dev_98_47_44_CD_73_DE b true
/org/bluez/hci1/dev_98_47_44_CD_73_DE absent
2026-08-24T18:51:37,715208227-04:00
{"state":"CALL_DOWN","call":false,"output":{"desired":"wired:alsa_output.platform-3f00b840.mailbox.stereo-fallback","chosen":"wired:alsa_output.platform-3f00b840.mailbox.stereo-fallback","reason":"desired output is available","candidates":[{"id":"wired:alsa_output.platform-3f00b840.mailbox.stereo-fallback","present":true,"connected":true,"adapter":null,"adapter_address":null,"setup_state":"ready"},{"id":"a2dp:C9:5C:FD:6E:28:46","present":false,"connected":false,"adapter":"hci1","adapter_address":"A0:AD:9F:73:6C:24","setup_state":"ready"},{"id":"a2dp:50:D7:1B:74:34:D6","present":false,"connected":false,"adapter":"hci1","adapter_address":"A0:AD:9F:73:6C:24","setup_state":"ready"},{"id":"a2dp:98:47:44:CD:73:DE","present":false,"connected":false,"adapter":"hci0","adapter_address":"B8:27:EB:43:8D:51","setup_state":"needs_setup"}]}}
/org/bluez/hci0/dev_98_47_44_CD_73_DE b true
/org/bluez/hci1/dev_98_47_44_CD_73_DE absent
2026-08-24T18:51:38,788368770-04:00
{"state":"CALL_DOWN","call":false,"output":{"desired":"wired:alsa_output.platform-3f00b840.mailbox.stereo-fallback","chosen":"wired:alsa_output.platform-3f00b840.mailbox.stereo-fallback","reason":"desired output is available","candidates":[{"id":"wired:alsa_output.platform-3f00b840.mailbox.stereo-fallback","present":true,"connected":true,"adapter":null,"adapter_address":null,"setup_state":"ready"},{"id":"a2dp:C9:5C:FD:6E:28:46","present":false,"connected":false,"adapter":"hci1","adapter_address":"A0:AD:9F:73:6C:24","setup_state":"ready"},{"id":"a2dp:50:D7:1B:74:34:D6","present":false,"connected":false,"adapter":"hci1","adapter_address":"A0:AD:9F:73:6C:24","setup_state":"ready"},{"id":"a2dp:98:47:44:CD:73:DE","present":false,"connected":false,"adapter":"hci0","adapter_address":"B8:27:EB:43:8D:51","setup_state":"needs_setup"}]}}
/org/bluez/hci0/dev_98_47_44_CD_73_DE b true
/org/bluez/hci1/dev_98_47_44_CD_73_DE absent
2026-08-24T18:51:39,875968611-04:00
{"state":"CALL_DOWN","call":false,"output":{"desired":"wired:alsa_output.platform-3f00b840.mailbox.stereo-fallback","chosen":"wired:alsa_output.platform-3f00b840.mailbox.stereo-fallback","reason":"desired output is available","candidates":[{"id":"wired:alsa_output.platform-3f00b840.mailbox.stereo-fallback","present":true,"connected":true,"adapter":null,"adapter_address":null,"setup_state":"ready"},{"id":"a2dp:C9:5C:FD:6E:28:46","present":false,"connected":false,"adapter":"hci1","adapter_address":"A0:AD:9F:73:6C:24","setup_state":"ready"},{"id":"a2dp:50:D7:1B:74:34:D6","present":false,"connected":false,"adapter":"hci1","adapter_address":"A0:AD:9F:73:6C:24","setup_state":"ready"},{"id":"a2dp:98:47:44:CD:73:DE","present":false,"connected":false,"adapter":"hci0","adapter_address":"B8:27:EB:43:8D:51","setup_state":"needs_setup"}]}}
/org/bluez/hci0/dev_98_47_44_CD_73_DE b true
/org/bluez/hci1/dev_98_47_44_CD_73_DE absent
2026-08-24T18:51:40,949184984-04:00
{"state":"CALL_DOWN","call":false,"output":{"desired":"wired:alsa_output.platform-3f00b840.mailbox.stereo-fallback","chosen":"wired:alsa_output.platform-3f00b840.mailbox.stereo-fallback","reason":"desired output is available","candidates":[{"id":"wired:alsa_output.platform-3f00b840.mailbox.stereo-fallback","present":true,"connected":true,"adapter":null,"adapter_address":null,"setup_state":"ready"},{"id":"a2dp:C9:5C:FD:6E:28:46","present":false,"connected":false,"adapter":"hci1","adapter_address":"A0:AD:9F:73:6C:24","setup_state":"ready"},{"id":"a2dp:50:D7:1B:74:34:D6","present":false,"connected":false,"adapter":"hci1","adapter_address":"A0:AD:9F:73:6C:24","setup_state":"ready"},{"id":"a2dp:98:47:44:CD:73:DE","present":false,"connected":false,"adapter":"hci0","adapter_address":"B8:27:EB:43:8D:51","setup_state":"needs_setup"}]}}
/org/bluez/hci0/dev_98_47_44_CD_73_DE b true
/org/bluez/hci1/dev_98_47_44_CD_73_DE absent
2026-08-24T18:51:42,032697396-04:00
{"state":"CALL_DOWN","call":false,"output":{"desired":"wired:alsa_output.platform-3f00b840.mailbox.stereo-fallback","chosen":"wired:alsa_output.platform-3f00b840.mailbox.stereo-fallback","reason":"desired output is available","candidates":[{"id":"wired:alsa_output.platform-3f00b840.mailbox.stereo-fallback","present":true,"connected":true,"adapter":null,"adapter_address":null,"setup_state":"ready"},{"id":"a2dp:C9:5C:FD:6E:28:46","present":false,"connected":false,"adapter":"hci1","adapter_address":"A0:AD:9F:73:6C:24","setup_state":"ready"},{"id":"a2dp:50:D7:1B:74:34:D6","present":false,"connected":false,"adapter":"hci1","adapter_address":"A0:AD:9F:73:6C:24","setup_state":"ready"},{"id":"a2dp:98:47:44:CD:73:DE","present":false,"connected":false,"adapter":"hci0","adapter_address":"B8:27:EB:43:8D:51","setup_state":"needs_setup"}]}}
/org/bluez/hci0/dev_98_47_44_CD_73_DE b true
/org/bluez/hci1/dev_98_47_44_CD_73_DE absent
2026-08-24T18:51:43,105994651-04:00
{"state":"CALL_DOWN","call":false,"output":{"desired":"wired:alsa_output.platform-3f00b840.mailbox.stereo-fallback","chosen":"wired:alsa_output.platform-3f00b840.mailbox.stereo-fallback","reason":"desired output is available","candidates":[{"id":"wired:alsa_output.platform-3f00b840.mailbox.stereo-fallback","present":true,"connected":true,"adapter":null,"adapter_address":null,"setup_state":"ready"},{"id":"a2dp:C9:5C:FD:6E:28:46","present":false,"connected":false,"adapter":"hci1","adapter_address":"A0:AD:9F:73:6C:24","setup_state":"ready"},{"id":"a2dp:50:D7:1B:74:34:D6","present":false,"connected":false,"adapter":"hci1","adapter_address":"A0:AD:9F:73:6C:24","setup_state":"ready"},{"id":"a2dp:98:47:44:CD:73:DE","present":false,"connected":false,"adapter":"hci0","adapter_address":"B8:27:EB:43:8D:51","setup_state":"needs_setup"}]}}
/org/bluez/hci0/dev_98_47_44_CD_73_DE b true
/org/bluez/hci1/dev_98_47_44_CD_73_DE absent
2026-08-24T18:51:44,191449603-04:00
{"state":"CALL_DOWN","call":false,"output":{"desired":"wired:alsa_output.platform-3f00b840.mailbox.stereo-fallback","chosen":"wired:alsa_output.platform-3f00b840.mailbox.stereo-fallback","reason":"desired output is available","candidates":[{"id":"wired:alsa_output.platform-3f00b840.mailbox.stereo-fallback","present":true,"connected":true,"adapter":null,"adapter_address":null,"setup_state":"ready"},{"id":"a2dp:C9:5C:FD:6E:28:46","present":false,"connected":false,"adapter":"hci1","adapter_address":"A0:AD:9F:73:6C:24","setup_state":"ready"},{"id":"a2dp:50:D7:1B:74:34:D6","present":false,"connected":false,"adapter":"hci1","adapter_address":"A0:AD:9F:73:6C:24","setup_state":"ready"},{"id":"a2dp:98:47:44:CD:73:DE","present":false,"connected":false,"adapter":"hci0","adapter_address":"B8:27:EB:43:8D:51","setup_state":"needs_setup"}]}}
/org/bluez/hci0/dev_98_47_44_CD_73_DE b true
/org/bluez/hci1/dev_98_47_44_CD_73_DE absent
2026-08-24T18:51:45,264157796-04:00
{"state":"CALL_DOWN","call":false,"output":{"desired":"wired:alsa_output.platform-3f00b840.mailbox.stereo-fallback","chosen":"wired:alsa_output.platform-3f00b840.mailbox.stereo-fallback","reason":"desired output is available","candidates":[{"id":"wired:alsa_output.platform-3f00b840.mailbox.stereo-fallback","present":true,"connected":true,"adapter":null,"adapter_address":null,"setup_state":"ready"},{"id":"a2dp:C9:5C:FD:6E:28:46","present":false,"connected":false,"adapter":"hci1","adapter_address":"A0:AD:9F:73:6C:24","setup_state":"ready"},{"id":"a2dp:50:D7:1B:74:34:D6","present":false,"connected":false,"adapter":"hci1","adapter_address":"A0:AD:9F:73:6C:24","setup_state":"ready"},{"id":"a2dp:98:47:44:CD:73:DE","present":false,"connected":false,"adapter":"hci0","adapter_address":"B8:27:EB:43:8D:51","setup_state":"needs_setup"}]}}
/org/bluez/hci0/dev_98_47_44_CD_73_DE b true
/org/bluez/hci1/dev_98_47_44_CD_73_DE absent
2026-08-24T18:51:46,338721812-04:00
{"state":"CALL_DOWN","call":false,"output":{"desired":"wired:alsa_output.platform-3f00b840.mailbox.stereo-fallback","chosen":"wired:alsa_output.platform-3f00b840.mailbox.stereo-fallback","reason":"desired output is available","candidates":[{"id":"wired:alsa_output.platform-3f00b840.mailbox.stereo-fallback","present":true,"connected":true,"adapter":null,"adapter_address":null,"setup_state":"ready"},{"id":"a2dp:C9:5C:FD:6E:28:46","present":false,"connected":false,"adapter":"hci1","adapter_address":"A0:AD:9F:73:6C:24","setup_state":"ready"},{"id":"a2dp:50:D7:1B:74:34:D6","present":false,"connected":false,"adapter":"hci1","adapter_address":"A0:AD:9F:73:6C:24","setup_state":"ready"},{"id":"a2dp:98:47:44:CD:73:DE","present":false,"connected":false,"adapter":"hci0","adapter_address":"B8:27:EB:43:8D:51","setup_state":"needs_setup"}]}}
/org/bluez/hci0/dev_98_47_44_CD_73_DE b true
/org/bluez/hci1/dev_98_47_44_CD_73_DE absent
2026-08-24T18:51:47,411309015-04:00
{"state":"CALL_DOWN","call":false,"output":{"desired":"wired:alsa_output.platform-3f00b840.mailbox.stereo-fallback","chosen":"wired:alsa_output.platform-3f00b840.mailbox.stereo-fallback","reason":"desired output is available","candidates":[{"id":"wired:alsa_output.platform-3f00b840.mailbox.stereo-fallback","present":true,"connected":true,"adapter":null,"adapter_address":null,"setup_state":"ready"},{"id":"a2dp:C9:5C:FD:6E:28:46","present":false,"connected":false,"adapter":"hci1","adapter_address":"A0:AD:9F:73:6C:24","setup_state":"ready"},{"id":"a2dp:50:D7:1B:74:34:D6","present":false,"connected":false,"adapter":"hci1","adapter_address":"A0:AD:9F:73:6C:24","setup_state":"ready"},{"id":"a2dp:98:47:44:CD:73:DE","present":false,"connected":false,"adapter":"hci0","adapter_address":"B8:27:EB:43:8D:51","setup_state":"needs_setup"}]}}
/org/bluez/hci0/dev_98_47_44_CD_73_DE b true
/org/bluez/hci1/dev_98_47_44_CD_73_DE absent
2026-08-24T18:51:48,484332203-04:00
{"state":"CALL_DOWN","call":false,"output":{"desired":"wired:alsa_output.platform-3f00b840.mailbox.stereo-fallback","chosen":"wired:alsa_output.platform-3f00b840.mailbox.stereo-fallback","reason":"desired output is available","candidates":[{"id":"wired:alsa_output.platform-3f00b840.mailbox.stereo-fallback","present":true,"connected":true,"adapter":null,"adapter_address":null,"setup_state":"ready"},{"id":"a2dp:C9:5C:FD:6E:28:46","present":false,"connected":false,"adapter":"hci1","adapter_address":"A0:AD:9F:73:6C:24","setup_state":"ready"},{"id":"a2dp:50:D7:1B:74:34:D6","present":false,"connected":false,"adapter":"hci1","adapter_address":"A0:AD:9F:73:6C:24","setup_state":"ready"},{"id":"a2dp:98:47:44:CD:73:DE","present":false,"connected":false,"adapter":"hci0","adapter_address":"B8:27:EB:43:8D:51","setup_state":"needs_setup"}]}}
/org/bluez/hci0/dev_98_47_44_CD_73_DE b true
/org/bluez/hci1/dev_98_47_44_CD_73_DE absent
2026-08-24T18:51:49,557188360-04:00
{"state":"CALL_DOWN","call":false,"output":{"desired":"wired:alsa_output.platform-3f00b840.mailbox.stereo-fallback","chosen":"wired:alsa_output.platform-3f00b840.mailbox.stereo-fallback","reason":"desired output is available","candidates":[{"id":"wired:alsa_output.platform-3f00b840.mailbox.stereo-fallback","present":true,"connected":true,"adapter":null,"adapter_address":null,"setup_state":"ready"},{"id":"a2dp:C9:5C:FD:6E:28:46","present":false,"connected":false,"adapter":"hci1","adapter_address":"A0:AD:9F:73:6C:24","setup_state":"ready"},{"id":"a2dp:50:D7:1B:74:34:D6","present":false,"connected":false,"adapter":"hci1","adapter_address":"A0:AD:9F:73:6C:24","setup_state":"ready"},{"id":"a2dp:98:47:44:CD:73:DE","present":false,"connected":false,"adapter":"hci0","adapter_address":"B8:27:EB:43:8D:51","setup_state":"needs_setup"}]}}
/org/bluez/hci0/dev_98_47_44_CD_73_DE b true
/org/bluez/hci1/dev_98_47_44_CD_73_DE absent
2026-08-24T18:51:50,630258265-04:00
{"state":"CALL_DOWN","call":false,"output":{"desired":"wired:alsa_output.platform-3f00b840.mailbox.stereo-fallback","chosen":"wired:alsa_output.platform-3f00b840.mailbox.stereo-fallback","reason":"desired output is available","candidates":[{"id":"wired:alsa_output.platform-3f00b840.mailbox.stereo-fallback","present":true,"connected":true,"adapter":null,"adapter_address":null,"setup_state":"ready"},{"id":"a2dp:C9:5C:FD:6E:28:46","present":false,"connected":false,"adapter":"hci1","adapter_address":"A0:AD:9F:73:6C:24","setup_state":"ready"},{"id":"a2dp:50:D7:1B:74:34:D6","present":false,"connected":false,"adapter":"hci1","adapter_address":"A0:AD:9F:73:6C:24","setup_state":"ready"},{"id":"a2dp:98:47:44:CD:73:DE","present":false,"connected":false,"adapter":"hci0","adapter_address":"B8:27:EB:43:8D:51","setup_state":"needs_setup"}]}}
/org/bluez/hci0/dev_98_47_44_CD_73_DE b true
/org/bluez/hci1/dev_98_47_44_CD_73_DE absent
2026-08-24T18:51:51,703202387-04:00
{"state":"CALL_DOWN","call":false,"output":{"desired":"wired:alsa_output.platform-3f00b840.mailbox.stereo-fallback","chosen":"wired:alsa_output.platform-3f00b840.mailbox.stereo-fallback","reason":"desired output is available","candidates":[{"id":"wired:alsa_output.platform-3f00b840.mailbox.stereo-fallback","present":true,"connected":true,"adapter":null,"adapter_address":null,"setup_state":"ready"},{"id":"a2dp:C9:5C:FD:6E:28:46","present":false,"connected":false,"adapter":"hci1","adapter_address":"A0:AD:9F:73:6C:24","setup_state":"ready"},{"id":"a2dp:50:D7:1B:74:34:D6","present":false,"connected":false,"adapter":"hci1","adapter_address":"A0:AD:9F:73:6C:24","setup_state":"ready"},{"id":"a2dp:98:47:44:CD:73:DE","present":false,"connected":false,"adapter":"hci0","adapter_address":"B8:27:EB:43:8D:51","setup_state":"needs_setup"}]}}
/org/bluez/hci0/dev_98_47_44_CD_73_DE b true
/org/bluez/hci1/dev_98_47_44_CD_73_DE absent
2026-08-24T18:51:52,776015572-04:00
{"state":"CALL_DOWN","call":false,"output":{"desired":"wired:alsa_output.platform-3f00b840.mailbox.stereo-fallback","chosen":"wired:alsa_output.platform-3f00b840.mailbox.stereo-fallback","reason":"desired output is available","candidates":[{"id":"wired:alsa_output.platform-3f00b840.mailbox.stereo-fallback","present":true,"connected":true,"adapter":null,"adapter_address":null,"setup_state":"ready"},{"id":"a2dp:C9:5C:FD:6E:28:46","present":false,"connected":false,"adapter":"hci1","adapter_address":"A0:AD:9F:73:6C:24","setup_state":"ready"},{"id":"a2dp:50:D7:1B:74:34:D6","present":false,"connected":false,"adapter":"hci1","adapter_address":"A0:AD:9F:73:6C:24","setup_state":"ready"},{"id":"a2dp:98:47:44:CD:73:DE","present":false,"connected":false,"adapter":"hci0","adapter_address":"B8:27:EB:43:8D:51","setup_state":"needs_setup"}]}}
/org/bluez/hci0/dev_98_47_44_CD_73_DE b true
/org/bluez/hci1/dev_98_47_44_CD_73_DE absent
2026-08-24T18:51:53,849216462-04:00
{"state":"CALL_DOWN","call":false,"output":{"desired":"wired:alsa_output.platform-3f00b840.mailbox.stereo-fallback","chosen":"wired:alsa_output.platform-3f00b840.mailbox.stereo-fallback","reason":"desired output is available","candidates":[{"id":"wired:alsa_output.platform-3f00b840.mailbox.stereo-fallback","present":true,"connected":true,"adapter":null,"adapter_address":null,"setup_state":"ready"},{"id":"a2dp:C9:5C:FD:6E:28:46","present":false,"connected":false,"adapter":"hci1","adapter_address":"A0:AD:9F:73:6C:24","setup_state":"ready"},{"id":"a2dp:50:D7:1B:74:34:D6","present":false,"connected":false,"adapter":"hci1","adapter_address":"A0:AD:9F:73:6C:24","setup_state":"ready"},{"id":"a2dp:98:47:44:CD:73:DE","present":false,"connected":false,"adapter":"hci0","adapter_address":"B8:27:EB:43:8D:51","setup_state":"needs_setup"}]}}
/org/bluez/hci0/dev_98_47_44_CD_73_DE b true
/org/bluez/hci1/dev_98_47_44_CD_73_DE absent
2026-08-24T18:51:54,922890682-04:00
{"state":"CALL_DOWN","call":false,"output":{"desired":"wired:alsa_output.platform-3f00b840.mailbox.stereo-fallback","chosen":"wired:alsa_output.platform-3f00b840.mailbox.stereo-fallback","reason":"desired output is available","candidates":[{"id":"wired:alsa_output.platform-3f00b840.mailbox.stereo-fallback","present":true,"connected":true,"adapter":null,"adapter_address":null,"setup_state":"ready"},{"id":"a2dp:C9:5C:FD:6E:28:46","present":false,"connected":false,"adapter":"hci1","adapter_address":"A0:AD:9F:73:6C:24","setup_state":"ready"},{"id":"a2dp:50:D7:1B:74:34:D6","present":false,"connected":false,"adapter":"hci1","adapter_address":"A0:AD:9F:73:6C:24","setup_state":"ready"},{"id":"a2dp:98:47:44:CD:73:DE","present":false,"connected":false,"adapter":"hci0","adapter_address":"B8:27:EB:43:8D:51","setup_state":"needs_setup"}]}}
/org/bluez/hci0/dev_98_47_44_CD_73_DE b true
/org/bluez/hci1/dev_98_47_44_CD_73_DE absent
2026-08-24T18:51:55,995895841-04:00
{"state":"CALL_DOWN","call":false,"output":{"desired":"wired:alsa_output.platform-3f00b840.mailbox.stereo-fallback","chosen":"wired:alsa_output.platform-3f00b840.mailbox.stereo-fallback","reason":"desired output is available","candidates":[{"id":"wired:alsa_output.platform-3f00b840.mailbox.stereo-fallback","present":true,"connected":true,"adapter":null,"adapter_address":null,"setup_state":"ready"},{"id":"a2dp:C9:5C:FD:6E:28:46","present":false,"connected":false,"adapter":"hci1","adapter_address":"A0:AD:9F:73:6C:24","setup_state":"ready"},{"id":"a2dp:50:D7:1B:74:34:D6","present":false,"connected":false,"adapter":"hci1","adapter_address":"A0:AD:9F:73:6C:24","setup_state":"ready"},{"id":"a2dp:98:47:44:CD:73:DE","present":false,"connected":false,"adapter":"hci0","adapter_address":"B8:27:EB:43:8D:51","setup_state":"needs_setup"}]}}
/org/bluez/hci0/dev_98_47_44_CD_73_DE b true
/org/bluez/hci1/dev_98_47_44_CD_73_DE absent
2026-08-24T18:51:57,068818604-04:00
{"state":"CALL_DOWN","call":false,"output":{"desired":"wired:alsa_output.platform-3f00b840.mailbox.stereo-fallback","chosen":"wired:alsa_output.platform-3f00b840.mailbox.stereo-fallback","reason":"desired output is available","candidates":[{"id":"wired:alsa_output.platform-3f00b840.mailbox.stereo-fallback","present":true,"connected":true,"adapter":null,"adapter_address":null,"setup_state":"ready"},{"id":"a2dp:C9:5C:FD:6E:28:46","present":false,"connected":false,"adapter":"hci1","adapter_address":"A0:AD:9F:73:6C:24","setup_state":"ready"},{"id":"a2dp:50:D7:1B:74:34:D6","present":false,"connected":false,"adapter":"hci1","adapter_address":"A0:AD:9F:73:6C:24","setup_state":"ready"},{"id":"a2dp:98:47:44:CD:73:DE","present":false,"connected":false,"adapter":"hci0","adapter_address":"B8:27:EB:43:8D:51","setup_state":"needs_setup"}]}}
/org/bluez/hci0/dev_98_47_44_CD_73_DE b true
/org/bluez/hci1/dev_98_47_44_CD_73_DE absent
2026-08-24T18:51:58,141800636-04:00
{"state":"CALL_DOWN","call":false,"output":{"desired":"wired:alsa_output.platform-3f00b840.mailbox.stereo-fallback","chosen":"wired:alsa_output.platform-3f00b840.mailbox.stereo-fallback","reason":"desired output is available","candidates":[{"id":"wired:alsa_output.platform-3f00b840.mailbox.stereo-fallback","present":true,"connected":true,"adapter":null,"adapter_address":null,"setup_state":"ready"},{"id":"a2dp:C9:5C:FD:6E:28:46","present":false,"connected":false,"adapter":"hci1","adapter_address":"A0:AD:9F:73:6C:24","setup_state":"ready"},{"id":"a2dp:50:D7:1B:74:34:D6","present":false,"connected":false,"adapter":"hci1","adapter_address":"A0:AD:9F:73:6C:24","setup_state":"ready"},{"id":"a2dp:98:47:44:CD:73:DE","present":false,"connected":false,"adapter":"hci0","adapter_address":"B8:27:EB:43:8D:51","setup_state":"needs_setup"}]}}
/org/bluez/hci0/dev_98_47_44_CD_73_DE b true
/org/bluez/hci1/dev_98_47_44_CD_73_DE absent
2026-08-24T18:51:59,214967040-04:00
{"state":"CALL_DOWN","call":false,"output":{"desired":"wired:alsa_output.platform-3f00b840.mailbox.stereo-fallback","chosen":"wired:alsa_output.platform-3f00b840.mailbox.stereo-fallback","reason":"desired output is available","candidates":[{"id":"wired:alsa_output.platform-3f00b840.mailbox.stereo-fallback","present":true,"connected":true,"adapter":null,"adapter_address":null,"setup_state":"ready"},{"id":"a2dp:C9:5C:FD:6E:28:46","present":false,"connected":false,"adapter":"hci1","adapter_address":"A0:AD:9F:73:6C:24","setup_state":"ready"},{"id":"a2dp:50:D7:1B:74:34:D6","present":false,"connected":false,"adapter":"hci1","adapter_address":"A0:AD:9F:73:6C:24","setup_state":"ready"},{"id":"a2dp:98:47:44:CD:73:DE","present":false,"connected":false,"adapter":"hci0","adapter_address":"B8:27:EB:43:8D:51","setup_state":"needs_setup"}]}}
/org/bluez/hci0/dev_98_47_44_CD_73_DE b true
/org/bluez/hci1/dev_98_47_44_CD_73_DE absent
2026-08-24T18:52:00,287561937-04:00
{"state":"CALL_DOWN","call":false,"output":{"desired":"wired:alsa_output.platform-3f00b840.mailbox.stereo-fallback","chosen":"wired:alsa_output.platform-3f00b840.mailbox.stereo-fallback","reason":"desired output is available","candidates":[{"id":"wired:alsa_output.platform-3f00b840.mailbox.stereo-fallback","present":true,"connected":true,"adapter":null,"adapter_address":null,"setup_state":"ready"},{"id":"a2dp:C9:5C:FD:6E:28:46","present":false,"connected":false,"adapter":"hci1","adapter_address":"A0:AD:9F:73:6C:24","setup_state":"ready"},{"id":"a2dp:50:D7:1B:74:34:D6","present":false,"connected":false,"adapter":"hci1","adapter_address":"A0:AD:9F:73:6C:24","setup_state":"ready"},{"id":"a2dp:98:47:44:CD:73:DE","present":false,"connected":false,"adapter":"hci0","adapter_address":"B8:27:EB:43:8D:51","setup_state":"needs_setup"}]}}
/org/bluez/hci0/dev_98_47_44_CD_73_DE b true
/org/bluez/hci1/dev_98_47_44_CD_73_DE absent
2026-08-24T18:52:01,360481413-04:00
{"state":"CALL_DOWN","call":false,"output":{"desired":"wired:alsa_output.platform-3f00b840.mailbox.stereo-fallback","chosen":"wired:alsa_output.platform-3f00b840.mailbox.stereo-fallback","reason":"desired output is available","candidates":[{"id":"wired:alsa_output.platform-3f00b840.mailbox.stereo-fallback","present":true,"connected":true,"adapter":null,"adapter_address":null,"setup_state":"ready"},{"id":"a2dp:C9:5C:FD:6E:28:46","present":false,"connected":false,"adapter":"hci1","adapter_address":"A0:AD:9F:73:6C:24","setup_state":"ready"},{"id":"a2dp:50:D7:1B:74:34:D6","present":false,"connected":false,"adapter":"hci1","adapter_address":"A0:AD:9F:73:6C:24","setup_state":"ready"},{"id":"a2dp:98:47:44:CD:73:DE","present":false,"connected":false,"adapter":"hci0","adapter_address":"B8:27:EB:43:8D:51","setup_state":"needs_setup"}]}}
/org/bluez/hci0/dev_98_47_44_CD_73_DE b true
/org/bluez/hci1/dev_98_47_44_CD_73_DE absent
2026-08-24T18:52:02,433395212-04:00
{"state":"CALL_DOWN","call":false,"output":{"desired":"wired:alsa_output.platform-3f00b840.mailbox.stereo-fallback","chosen":"wired:alsa_output.platform-3f00b840.mailbox.stereo-fallback","reason":"desired output is available","candidates":[{"id":"wired:alsa_output.platform-3f00b840.mailbox.stereo-fallback","present":true,"connected":true,"adapter":null,"adapter_address":null,"setup_state":"ready"},{"id":"a2dp:C9:5C:FD:6E:28:46","present":false,"connected":false,"adapter":"hci1","adapter_address":"A0:AD:9F:73:6C:24","setup_state":"ready"},{"id":"a2dp:50:D7:1B:74:34:D6","present":false,"connected":false,"adapter":"hci1","adapter_address":"A0:AD:9F:73:6C:24","setup_state":"ready"},{"id":"a2dp:98:47:44:CD:73:DE","present":false,"connected":false,"adapter":"hci0","adapter_address":"B8:27:EB:43:8D:51","setup_state":"needs_setup"}]}}
/org/bluez/hci0/dev_98_47_44_CD_73_DE b true
/org/bluez/hci1/dev_98_47_44_CD_73_DE absent
2026-08-24T18:52:03,506558383-04:00
{"state":"CALL_DOWN","call":false,"output":{"desired":"wired:alsa_output.platform-3f00b840.mailbox.stereo-fallback","chosen":"wired:alsa_output.platform-3f00b840.mailbox.stereo-fallback","reason":"desired output is available","candidates":[{"id":"wired:alsa_output.platform-3f00b840.mailbox.stereo-fallback","present":true,"connected":true,"adapter":null,"adapter_address":null,"setup_state":"ready"},{"id":"a2dp:C9:5C:FD:6E:28:46","present":false,"connected":false,"adapter":"hci1","adapter_address":"A0:AD:9F:73:6C:24","setup_state":"ready"},{"id":"a2dp:50:D7:1B:74:34:D6","present":false,"connected":false,"adapter":"hci1","adapter_address":"A0:AD:9F:73:6C:24","setup_state":"ready"},{"id":"a2dp:98:47:44:CD:73:DE","present":false,"connected":false,"adapter":"hci0","adapter_address":"B8:27:EB:43:8D:51","setup_state":"needs_setup"}]}}
/org/bluez/hci0/dev_98_47_44_CD_73_DE b true
/org/bluez/hci1/dev_98_47_44_CD_73_DE absent
2026-08-24T18:52:04,579410513-04:00
{"state":"CALL_DOWN","call":false,"output":{"desired":"wired:alsa_output.platform-3f00b840.mailbox.stereo-fallback","chosen":"wired:alsa_output.platform-3f00b840.mailbox.stereo-fallback","reason":"desired output is available","candidates":[{"id":"wired:alsa_output.platform-3f00b840.mailbox.stereo-fallback","present":true,"connected":true,"adapter":null,"adapter_address":null,"setup_state":"ready"},{"id":"a2dp:C9:5C:FD:6E:28:46","present":false,"connected":false,"adapter":"hci1","adapter_address":"A0:AD:9F:73:6C:24","setup_state":"ready"},{"id":"a2dp:50:D7:1B:74:34:D6","present":false,"connected":false,"adapter":"hci1","adapter_address":"A0:AD:9F:73:6C:24","setup_state":"ready"},{"id":"a2dp:98:47:44:CD:73:DE","present":false,"connected":false,"adapter":"hci0","adapter_address":"B8:27:EB:43:8D:51","setup_state":"needs_setup"}]}}
/org/bluez/hci0/dev_98_47_44_CD_73_DE b true
/org/bluez/hci1/dev_98_47_44_CD_73_DE absent
2026-08-24T18:52:05,652161913-04:00
{"state":"CALL_DOWN","call":false,"output":{"desired":"wired:alsa_output.platform-3f00b840.mailbox.stereo-fallback","chosen":"wired:alsa_output.platform-3f00b840.mailbox.stereo-fallback","reason":"desired output is available","candidates":[{"id":"wired:alsa_output.platform-3f00b840.mailbox.stereo-fallback","present":true,"connected":true,"adapter":null,"adapter_address":null,"setup_state":"ready"},{"id":"a2dp:C9:5C:FD:6E:28:46","present":false,"connected":false,"adapter":"hci1","adapter_address":"A0:AD:9F:73:6C:24","setup_state":"ready"},{"id":"a2dp:50:D7:1B:74:34:D6","present":false,"connected":false,"adapter":"hci1","adapter_address":"A0:AD:9F:73:6C:24","setup_state":"ready"},{"id":"a2dp:98:47:44:CD:73:DE","present":false,"connected":false,"adapter":"hci0","adapter_address":"B8:27:EB:43:8D:51","setup_state":"needs_setup"}]}}
/org/bluez/hci0/dev_98_47_44_CD_73_DE b true
/org/bluez/hci1/dev_98_47_44_CD_73_DE absent
2026-08-24T18:52:06,725070134-04:00
{"state":"CALL_DOWN","call":false,"output":{"desired":"wired:alsa_output.platform-3f00b840.mailbox.stereo-fallback","chosen":"wired:alsa_output.platform-3f00b840.mailbox.stereo-fallback","reason":"desired output is available","candidates":[{"id":"wired:alsa_output.platform-3f00b840.mailbox.stereo-fallback","present":true,"connected":true,"adapter":null,"adapter_address":null,"setup_state":"ready"},{"id":"a2dp:C9:5C:FD:6E:28:46","present":false,"connected":false,"adapter":"hci1","adapter_address":"A0:AD:9F:73:6C:24","setup_state":"ready"},{"id":"a2dp:50:D7:1B:74:34:D6","present":false,"connected":false,"adapter":"hci1","adapter_address":"A0:AD:9F:73:6C:24","setup_state":"ready"},{"id":"a2dp:98:47:44:CD:73:DE","present":false,"connected":false,"adapter":"hci0","adapter_address":"B8:27:EB:43:8D:51","setup_state":"needs_setup"}]}}
/org/bluez/hci0/dev_98_47_44_CD_73_DE b true
/org/bluez/hci1/dev_98_47_44_CD_73_DE absent
2026-08-24T18:52:07,798071478-04:00
{"state":"CALL_DOWN","call":false,"output":{"desired":"wired:alsa_output.platform-3f00b840.mailbox.stereo-fallback","chosen":"wired:alsa_output.platform-3f00b840.mailbox.stereo-fallback","reason":"desired output is available","candidates":[{"id":"wired:alsa_output.platform-3f00b840.mailbox.stereo-fallback","present":true,"connected":true,"adapter":null,"adapter_address":null,"setup_state":"ready"},{"id":"a2dp:C9:5C:FD:6E:28:46","present":false,"connected":false,"adapter":"hci1","adapter_address":"A0:AD:9F:73:6C:24","setup_state":"ready"},{"id":"a2dp:50:D7:1B:74:34:D6","present":false,"connected":false,"adapter":"hci1","adapter_address":"A0:AD:9F:73:6C:24","setup_state":"ready"},{"id":"a2dp:98:47:44:CD:73:DE","present":false,"connected":false,"adapter":"hci0","adapter_address":"B8:27:EB:43:8D:51","setup_state":"needs_setup"}]}}
/org/bluez/hci0/dev_98_47_44_CD_73_DE b true
/org/bluez/hci1/dev_98_47_44_CD_73_DE absent
2026-08-24T18:52:08,871341570-04:00
{"state":"CALL_DOWN","call":false,"output":{"desired":"wired:alsa_output.platform-3f00b840.mailbox.stereo-fallback","chosen":"wired:alsa_output.platform-3f00b840.mailbox.stereo-fallback","reason":"desired output is available","candidates":[{"id":"wired:alsa_output.platform-3f00b840.mailbox.stereo-fallback","present":true,"connected":true,"adapter":null,"adapter_address":null,"setup_state":"ready"},{"id":"a2dp:C9:5C:FD:6E:28:46","present":false,"connected":false,"adapter":"hci1","adapter_address":"A0:AD:9F:73:6C:24","setup_state":"ready"},{"id":"a2dp:50:D7:1B:74:34:D6","present":false,"connected":false,"adapter":"hci1","adapter_address":"A0:AD:9F:73:6C:24","setup_state":"ready"},{"id":"a2dp:98:47:44:CD:73:DE","present":false,"connected":false,"adapter":"hci0","adapter_address":"B8:27:EB:43:8D:51","setup_state":"needs_setup"}]}}
/org/bluez/hci0/dev_98_47_44_CD_73_DE b true
/org/bluez/hci1/dev_98_47_44_CD_73_DE absent
2026-08-24T18:52:09,944416505-04:00
{"state":"CALL_DOWN","call":false,"output":{"desired":"wired:alsa_output.platform-3f00b840.mailbox.stereo-fallback","chosen":"wired:alsa_output.platform-3f00b840.mailbox.stereo-fallback","reason":"desired output is available","candidates":[{"id":"wired:alsa_output.platform-3f00b840.mailbox.stereo-fallback","present":true,"connected":true,"adapter":null,"adapter_address":null,"setup_state":"ready"},{"id":"a2dp:C9:5C:FD:6E:28:46","present":false,"connected":false,"adapter":"hci1","adapter_address":"A0:AD:9F:73:6C:24","setup_state":"ready"},{"id":"a2dp:50:D7:1B:74:34:D6","present":false,"connected":false,"adapter":"hci1","adapter_address":"A0:AD:9F:73:6C:24","setup_state":"ready"},{"id":"a2dp:98:47:44:CD:73:DE","present":false,"connected":false,"adapter":"hci0","adapter_address":"B8:27:EB:43:8D:51","setup_state":"needs_setup"}]}}
/org/bluez/hci0/dev_98_47_44_CD_73_DE b true
/org/bluez/hci1/dev_98_47_44_CD_73_DE absent
2026-08-24T18:52:11,017177951-04:00
{"state":"CALL_DOWN","call":false,"output":{"desired":"wired:alsa_output.platform-3f00b840.mailbox.stereo-fallback","chosen":"wired:alsa_output.platform-3f00b840.mailbox.stereo-fallback","reason":"desired output is available","candidates":[{"id":"wired:alsa_output.platform-3f00b840.mailbox.stereo-fallback","present":true,"connected":true,"adapter":null,"adapter_address":null,"setup_state":"ready"},{"id":"a2dp:C9:5C:FD:6E:28:46","present":false,"connected":false,"adapter":"hci1","adapter_address":"A0:AD:9F:73:6C:24","setup_state":"ready"},{"id":"a2dp:50:D7:1B:74:34:D6","present":false,"connected":false,"adapter":"hci1","adapter_address":"A0:AD:9F:73:6C:24","setup_state":"ready"},{"id":"a2dp:98:47:44:CD:73:DE","present":false,"connected":false,"adapter":"hci0","adapter_address":"B8:27:EB:43:8D:51","setup_state":"needs_setup"}]}}
/org/bluez/hci0/dev_98_47_44_CD_73_DE b true
/org/bluez/hci1/dev_98_47_44_CD_73_DE absent
2026-08-24T18:52:12,090264082-04:00
{"state":"CALL_DOWN","call":false,"output":{"desired":"wired:alsa_output.platform-3f00b840.mailbox.stereo-fallback","chosen":"wired:alsa_output.platform-3f00b840.mailbox.stereo-fallback","reason":"desired output is available","candidates":[{"id":"wired:alsa_output.platform-3f00b840.mailbox.stereo-fallback","present":true,"connected":true,"adapter":null,"adapter_address":null,"setup_state":"ready"},{"id":"a2dp:C9:5C:FD:6E:28:46","present":false,"connected":false,"adapter":"hci1","adapter_address":"A0:AD:9F:73:6C:24","setup_state":"ready"},{"id":"a2dp:50:D7:1B:74:34:D6","present":false,"connected":false,"adapter":"hci1","adapter_address":"A0:AD:9F:73:6C:24","setup_state":"ready"},{"id":"a2dp:98:47:44:CD:73:DE","present":false,"connected":false,"adapter":"hci0","adapter_address":"B8:27:EB:43:8D:51","setup_state":"needs_setup"}]}}
/org/bluez/hci0/dev_98_47_44_CD_73_DE b true
/org/bluez/hci1/dev_98_47_44_CD_73_DE absent
2026-08-24T18:52:13,176373945-04:00
{"state":"CALL_DOWN","call":false,"output":{"desired":"wired:alsa_output.platform-3f00b840.mailbox.stereo-fallback","chosen":"wired:alsa_output.platform-3f00b840.mailbox.stereo-fallback","reason":"desired output is available","candidates":[{"id":"wired:alsa_output.platform-3f00b840.mailbox.stereo-fallback","present":true,"connected":true,"adapter":null,"adapter_address":null,"setup_state":"ready"},{"id":"a2dp:C9:5C:FD:6E:28:46","present":false,"connected":false,"adapter":"hci1","adapter_address":"A0:AD:9F:73:6C:24","setup_state":"ready"},{"id":"a2dp:50:D7:1B:74:34:D6","present":false,"connected":false,"adapter":"hci1","adapter_address":"A0:AD:9F:73:6C:24","setup_state":"ready"},{"id":"a2dp:98:47:44:CD:73:DE","present":false,"connected":false,"adapter":"hci0","adapter_address":"B8:27:EB:43:8D:51","setup_state":"needs_setup"}]}}
/org/bluez/hci0/dev_98_47_44_CD_73_DE b true
/org/bluez/hci1/dev_98_47_44_CD_73_DE absent
2026-08-24T18:52:14,249814759-04:00
{"state":"CALL_DOWN","call":false,"output":{"desired":"wired:alsa_output.platform-3f00b840.mailbox.stereo-fallback","chosen":"wired:alsa_output.platform-3f00b840.mailbox.stereo-fallback","reason":"desired output is available","candidates":[{"id":"wired:alsa_output.platform-3f00b840.mailbox.stereo-fallback","present":true,"connected":true,"adapter":null,"adapter_address":null,"setup_state":"ready"},{"id":"a2dp:C9:5C:FD:6E:28:46","present":false,"connected":false,"adapter":"hci1","adapter_address":"A0:AD:9F:73:6C:24","setup_state":"ready"},{"id":"a2dp:50:D7:1B:74:34:D6","present":false,"connected":false,"adapter":"hci1","adapter_address":"A0:AD:9F:73:6C:24","setup_state":"ready"},{"id":"a2dp:98:47:44:CD:73:DE","present":false,"connected":false,"adapter":"hci0","adapter_address":"B8:27:EB:43:8D:51","setup_state":"needs_setup"}]}}
/org/bluez/hci0/dev_98_47_44_CD_73_DE b true
/org/bluez/hci1/dev_98_47_44_CD_73_DE absent
2026-08-24T18:52:15,322641930-04:00
{"state":"CALL_DOWN","call":false,"output":{"desired":"wired:alsa_output.platform-3f00b840.mailbox.stereo-fallback","chosen":"wired:alsa_output.platform-3f00b840.mailbox.stereo-fallback","reason":"desired output is available","candidates":[{"id":"wired:alsa_output.platform-3f00b840.mailbox.stereo-fallback","present":true,"connected":true,"adapter":null,"adapter_address":null,"setup_state":"ready"},{"id":"a2dp:C9:5C:FD:6E:28:46","present":false,"connected":false,"adapter":"hci1","adapter_address":"A0:AD:9F:73:6C:24","setup_state":"ready"},{"id":"a2dp:50:D7:1B:74:34:D6","present":false,"connected":false,"adapter":"hci1","adapter_address":"A0:AD:9F:73:6C:24","setup_state":"ready"},{"id":"a2dp:98:47:44:CD:73:DE","present":false,"connected":false,"adapter":"hci0","adapter_address":"B8:27:EB:43:8D:51","setup_state":"needs_setup"}]}}
/org/bluez/hci0/dev_98_47_44_CD_73_DE b true
/org/bluez/hci1/dev_98_47_44_CD_73_DE absent
2026-08-24T18:52:16,395496859-04:00
{"state":"CALL_DOWN","call":false,"output":{"desired":"wired:alsa_output.platform-3f00b840.mailbox.stereo-fallback","chosen":"wired:alsa_output.platform-3f00b840.mailbox.stereo-fallback","reason":"desired output is available","candidates":[{"id":"wired:alsa_output.platform-3f00b840.mailbox.stereo-fallback","present":true,"connected":true,"adapter":null,"adapter_address":null,"setup_state":"ready"},{"id":"a2dp:C9:5C:FD:6E:28:46","present":false,"connected":false,"adapter":"hci1","adapter_address":"A0:AD:9F:73:6C:24","setup_state":"ready"},{"id":"a2dp:50:D7:1B:74:34:D6","present":false,"connected":false,"adapter":"hci1","adapter_address":"A0:AD:9F:73:6C:24","setup_state":"ready"},{"id":"a2dp:98:47:44:CD:73:DE","present":false,"connected":false,"adapter":"hci0","adapter_address":"B8:27:EB:43:8D:51","setup_state":"needs_setup"}]}}
/org/bluez/hci0/dev_98_47_44_CD_73_DE b true
/org/bluez/hci1/dev_98_47_44_CD_73_DE absent
2026-08-24T18:52:17,468284392-04:00
{"state":"CALL_DOWN","call":false,"output":{"desired":"wired:alsa_output.platform-3f00b840.mailbox.stereo-fallback","chosen":"wired:alsa_output.platform-3f00b840.mailbox.stereo-fallback","reason":"desired output is available","candidates":[{"id":"wired:alsa_output.platform-3f00b840.mailbox.stereo-fallback","present":true,"connected":true,"adapter":null,"adapter_address":null,"setup_state":"ready"},{"id":"a2dp:C9:5C:FD:6E:28:46","present":false,"connected":false,"adapter":"hci1","adapter_address":"A0:AD:9F:73:6C:24","setup_state":"ready"},{"id":"a2dp:50:D7:1B:74:34:D6","present":false,"connected":false,"adapter":"hci1","adapter_address":"A0:AD:9F:73:6C:24","setup_state":"ready"},{"id":"a2dp:98:47:44:CD:73:DE","present":false,"connected":false,"adapter":"hci0","adapter_address":"B8:27:EB:43:8D:51","setup_state":"needs_setup"}]}}
/org/bluez/hci0/dev_98_47_44_CD_73_DE b true
/org/bluez/hci1/dev_98_47_44_CD_73_DE absent
2026-08-24T18:52:18,540964581-04:00
{"state":"CALL_DOWN","call":false,"output":{"desired":"wired:alsa_output.platform-3f00b840.mailbox.stereo-fallback","chosen":"wired:alsa_output.platform-3f00b840.mailbox.stereo-fallback","reason":"desired output is available","candidates":[{"id":"wired:alsa_output.platform-3f00b840.mailbox.stereo-fallback","present":true,"connected":true,"adapter":null,"adapter_address":null,"setup_state":"ready"},{"id":"a2dp:C9:5C:FD:6E:28:46","present":false,"connected":false,"adapter":"hci1","adapter_address":"A0:AD:9F:73:6C:24","setup_state":"ready"},{"id":"a2dp:50:D7:1B:74:34:D6","present":false,"connected":false,"adapter":"hci1","adapter_address":"A0:AD:9F:73:6C:24","setup_state":"ready"},{"id":"a2dp:98:47:44:CD:73:DE","present":false,"connected":false,"adapter":"hci0","adapter_address":"B8:27:EB:43:8D:51","setup_state":"needs_setup"}]}}
/org/bluez/hci0/dev_98_47_44_CD_73_DE b true
/org/bluez/hci1/dev_98_47_44_CD_73_DE absent
2026-08-24T18:52:19,614552472-04:00
{"state":"CALL_DOWN","call":false,"output":{"desired":"wired:alsa_output.platform-3f00b840.mailbox.stereo-fallback","chosen":"wired:alsa_output.platform-3f00b840.mailbox.stereo-fallback","reason":"desired output is available","candidates":[{"id":"wired:alsa_output.platform-3f00b840.mailbox.stereo-fallback","present":true,"connected":true,"adapter":null,"adapter_address":null,"setup_state":"ready"},{"id":"a2dp:C9:5C:FD:6E:28:46","present":false,"connected":false,"adapter":"hci1","adapter_address":"A0:AD:9F:73:6C:24","setup_state":"ready"},{"id":"a2dp:50:D7:1B:74:34:D6","present":false,"connected":false,"adapter":"hci1","adapter_address":"A0:AD:9F:73:6C:24","setup_state":"ready"},{"id":"a2dp:98:47:44:CD:73:DE","present":false,"connected":false,"adapter":"hci0","adapter_address":"B8:27:EB:43:8D:51","setup_state":"needs_setup"}]}}
/org/bluez/hci0/dev_98_47_44_CD_73_DE b true
/org/bluez/hci1/dev_98_47_44_CD_73_DE absent
2026-08-24T18:52:20,688010623-04:00
{"state":"CALL_DOWN","call":false,"output":{"desired":"wired:alsa_output.platform-3f00b840.mailbox.stereo-fallback","chosen":"wired:alsa_output.platform-3f00b840.mailbox.stereo-fallback","reason":"desired output is available","candidates":[{"id":"wired:alsa_output.platform-3f00b840.mailbox.stereo-fallback","present":true,"connected":true,"adapter":null,"adapter_address":null,"setup_state":"ready"},{"id":"a2dp:C9:5C:FD:6E:28:46","present":false,"connected":false,"adapter":"hci1","adapter_address":"A0:AD:9F:73:6C:24","setup_state":"ready"},{"id":"a2dp:50:D7:1B:74:34:D6","present":false,"connected":false,"adapter":"hci1","adapter_address":"A0:AD:9F:73:6C:24","setup_state":"ready"},{"id":"a2dp:98:47:44:CD:73:DE","present":false,"connected":false,"adapter":"hci0","adapter_address":"B8:27:EB:43:8D:51","setup_state":"needs_setup"}]}}
/org/bluez/hci0/dev_98_47_44_CD_73_DE b true
/org/bluez/hci1/dev_98_47_44_CD_73_DE absent
2026-08-24T18:52:21,760885703-04:00
{"state":"CALL_DOWN","call":false,"output":{"desired":"wired:alsa_output.platform-3f00b840.mailbox.stereo-fallback","chosen":"wired:alsa_output.platform-3f00b840.mailbox.stereo-fallback","reason":"desired output is available","candidates":[{"id":"wired:alsa_output.platform-3f00b840.mailbox.stereo-fallback","present":true,"connected":true,"adapter":null,"adapter_address":null,"setup_state":"ready"},{"id":"a2dp:C9:5C:FD:6E:28:46","present":false,"connected":false,"adapter":"hci1","adapter_address":"A0:AD:9F:73:6C:24","setup_state":"ready"},{"id":"a2dp:50:D7:1B:74:34:D6","present":false,"connected":false,"adapter":"hci1","adapter_address":"A0:AD:9F:73:6C:24","setup_state":"ready"},{"id":"a2dp:98:47:44:CD:73:DE","present":false,"connected":false,"adapter":"hci0","adapter_address":"B8:27:EB:43:8D:51","setup_state":"needs_setup"}]}}
/org/bluez/hci0/dev_98_47_44_CD_73_DE b true
/org/bluez/hci1/dev_98_47_44_CD_73_DE absent
2026-08-24T18:52:22,834501194-04:00
{"state":"CALL_DOWN","call":false,"output":{"desired":"wired:alsa_output.platform-3f00b840.mailbox.stereo-fallback","chosen":"wired:alsa_output.platform-3f00b840.mailbox.stereo-fallback","reason":"desired output is available","candidates":[{"id":"wired:alsa_output.platform-3f00b840.mailbox.stereo-fallback","present":true,"connected":true,"adapter":null,"adapter_address":null,"setup_state":"ready"},{"id":"a2dp:C9:5C:FD:6E:28:46","present":false,"connected":false,"adapter":"hci1","adapter_address":"A0:AD:9F:73:6C:24","setup_state":"ready"},{"id":"a2dp:50:D7:1B:74:34:D6","present":false,"connected":false,"adapter":"hci1","adapter_address":"A0:AD:9F:73:6C:24","setup_state":"ready"},{"id":"a2dp:98:47:44:CD:73:DE","present":false,"connected":false,"adapter":"hci0","adapter_address":"B8:27:EB:43:8D:51","setup_state":"needs_setup"}]}}
/org/bluez/hci0/dev_98_47_44_CD_73_DE b true
/org/bluez/hci1/dev_98_47_44_CD_73_DE absent
2026-08-24T18:52:23,907593510-04:00
{"state":"CALL_DOWN","call":false,"output":{"desired":"wired:alsa_output.platform-3f00b840.mailbox.stereo-fallback","chosen":"wired:alsa_output.platform-3f00b840.mailbox.stereo-fallback","reason":"desired output is available","candidates":[{"id":"wired:alsa_output.platform-3f00b840.mailbox.stereo-fallback","present":true,"connected":true,"adapter":null,"adapter_address":null,"setup_state":"ready"},{"id":"a2dp:C9:5C:FD:6E:28:46","present":false,"connected":false,"adapter":"hci1","adapter_address":"A0:AD:9F:73:6C:24","setup_state":"ready"},{"id":"a2dp:50:D7:1B:74:34:D6","present":false,"connected":false,"adapter":"hci1","adapter_address":"A0:AD:9F:73:6C:24","setup_state":"ready"},{"id":"a2dp:98:47:44:CD:73:DE","present":false,"connected":false,"adapter":"hci0","adapter_address":"B8:27:EB:43:8D:51","setup_state":"needs_setup"}]}}
/org/bluez/hci0/dev_98_47_44_CD_73_DE b true
/org/bluez/hci1/dev_98_47_44_CD_73_DE absent
2026-08-24T18:52:24,980839002-04:00
{"state":"CALL_DOWN","call":false,"output":{"desired":"wired:alsa_output.platform-3f00b840.mailbox.stereo-fallback","chosen":"wired:alsa_output.platform-3f00b840.mailbox.stereo-fallback","reason":"desired output is available","candidates":[{"id":"wired:alsa_output.platform-3f00b840.mailbox.stereo-fallback","present":true,"connected":true,"adapter":null,"adapter_address":null,"setup_state":"ready"},{"id":"a2dp:C9:5C:FD:6E:28:46","present":false,"connected":false,"adapter":"hci1","adapter_address":"A0:AD:9F:73:6C:24","setup_state":"ready"},{"id":"a2dp:50:D7:1B:74:34:D6","present":false,"connected":false,"adapter":"hci1","adapter_address":"A0:AD:9F:73:6C:24","setup_state":"ready"},{"id":"a2dp:98:47:44:CD:73:DE","present":false,"connected":false,"adapter":"hci0","adapter_address":"B8:27:EB:43:8D:51","setup_state":"needs_setup"}]}}
/org/bluez/hci0/dev_98_47_44_CD_73_DE b true
/org/bluez/hci1/dev_98_47_44_CD_73_DE absent
2026-08-24T18:52:26,053948659-04:00
{"state":"CALL_DOWN","call":false,"output":{"desired":"wired:alsa_output.platform-3f00b840.mailbox.stereo-fallback","chosen":"wired:alsa_output.platform-3f00b840.mailbox.stereo-fallback","reason":"desired output is available","candidates":[{"id":"wired:alsa_output.platform-3f00b840.mailbox.stereo-fallback","present":true,"connected":true,"adapter":null,"adapter_address":null,"setup_state":"ready"},{"id":"a2dp:C9:5C:FD:6E:28:46","present":false,"connected":false,"adapter":"hci1","adapter_address":"A0:AD:9F:73:6C:24","setup_state":"ready"},{"id":"a2dp:50:D7:1B:74:34:D6","present":false,"connected":false,"adapter":"hci1","adapter_address":"A0:AD:9F:73:6C:24","setup_state":"ready"},{"id":"a2dp:98:47:44:CD:73:DE","present":false,"connected":false,"adapter":"hci0","adapter_address":"B8:27:EB:43:8D:51","setup_state":"needs_setup"}]}}
/org/bluez/hci0/dev_98_47_44_CD_73_DE b true
/org/bluez/hci1/dev_98_47_44_CD_73_DE absent
2026-08-24T18:52:27,126848212-04:00
{"state":"CALL_DOWN","call":false,"output":{"desired":"wired:alsa_output.platform-3f00b840.mailbox.stereo-fallback","chosen":"wired:alsa_output.platform-3f00b840.mailbox.stereo-fallback","reason":"desired output is available","candidates":[{"id":"wired:alsa_output.platform-3f00b840.mailbox.stereo-fallback","present":true,"connected":true,"adapter":null,"adapter_address":null,"setup_state":"ready"},{"id":"a2dp:C9:5C:FD:6E:28:46","present":false,"connected":false,"adapter":"hci1","adapter_address":"A0:AD:9F:73:6C:24","setup_state":"ready"},{"id":"a2dp:50:D7:1B:74:34:D6","present":false,"connected":false,"adapter":"hci1","adapter_address":"A0:AD:9F:73:6C:24","setup_state":"ready"},{"id":"a2dp:98:47:44:CD:73:DE","present":false,"connected":false,"adapter":"hci0","adapter_address":"B8:27:EB:43:8D:51","setup_state":"needs_setup"}]}}
/org/bluez/hci0/dev_98_47_44_CD_73_DE b true
/org/bluez/hci1/dev_98_47_44_CD_73_DE absent
2026-08-24T18:52:28,203421391-04:00
{"state":"CALL_DOWN","call":false,"output":{"desired":"wired:alsa_output.platform-3f00b840.mailbox.stereo-fallback","chosen":"wired:alsa_output.platform-3f00b840.mailbox.stereo-fallback","reason":"desired output is available","candidates":[{"id":"wired:alsa_output.platform-3f00b840.mailbox.stereo-fallback","present":true,"connected":true,"adapter":null,"adapter_address":null,"setup_state":"ready"},{"id":"a2dp:C9:5C:FD:6E:28:46","present":false,"connected":false,"adapter":"hci1","adapter_address":"A0:AD:9F:73:6C:24","setup_state":"ready"},{"id":"a2dp:50:D7:1B:74:34:D6","present":false,"connected":false,"adapter":"hci1","adapter_address":"A0:AD:9F:73:6C:24","setup_state":"ready"},{"id":"a2dp:98:47:44:CD:73:DE","present":false,"connected":false,"adapter":"hci0","adapter_address":"B8:27:EB:43:8D:51","setup_state":"needs_setup"}]}}
/org/bluez/hci0/dev_98_47_44_CD_73_DE b true
/org/bluez/hci1/dev_98_47_44_CD_73_DE absent
2026-08-24T18:52:29,276699690-04:00
{"state":"CALL_DOWN","call":false,"output":{"desired":"wired:alsa_output.platform-3f00b840.mailbox.stereo-fallback","chosen":"wired:alsa_output.platform-3f00b840.mailbox.stereo-fallback","reason":"desired output is available","candidates":[{"id":"wired:alsa_output.platform-3f00b840.mailbox.stereo-fallback","present":true,"connected":true,"adapter":null,"adapter_address":null,"setup_state":"ready"},{"id":"a2dp:C9:5C:FD:6E:28:46","present":false,"connected":false,"adapter":"hci1","adapter_address":"A0:AD:9F:73:6C:24","setup_state":"ready"},{"id":"a2dp:50:D7:1B:74:34:D6","present":false,"connected":false,"adapter":"hci1","adapter_address":"A0:AD:9F:73:6C:24","setup_state":"ready"},{"id":"a2dp:98:47:44:CD:73:DE","present":false,"connected":false,"adapter":"hci0","adapter_address":"B8:27:EB:43:8D:51","setup_state":"needs_setup"}]}}
/org/bluez/hci0/dev_98_47_44_CD_73_DE b true
/org/bluez/hci1/dev_98_47_44_CD_73_DE absent
2026-08-24T18:52:30,352761046-04:00
{"state":"CALL_DOWN","call":false,"output":{"desired":"wired:alsa_output.platform-3f00b840.mailbox.stereo-fallback","chosen":"wired:alsa_output.platform-3f00b840.mailbox.stereo-fallback","reason":"desired output is available","candidates":[{"id":"wired:alsa_output.platform-3f00b840.mailbox.stereo-fallback","present":true,"connected":true,"adapter":null,"adapter_address":null,"setup_state":"ready"},{"id":"a2dp:C9:5C:FD:6E:28:46","present":false,"connected":false,"adapter":"hci1","adapter_address":"A0:AD:9F:73:6C:24","setup_state":"ready"},{"id":"a2dp:50:D7:1B:74:34:D6","present":false,"connected":false,"adapter":"hci1","adapter_address":"A0:AD:9F:73:6C:24","setup_state":"ready"},{"id":"a2dp:98:47:44:CD:73:DE","present":false,"connected":false,"adapter":"hci0","adapter_address":"B8:27:EB:43:8D:51","setup_state":"needs_setup"}]}}
/org/bluez/hci0/dev_98_47_44_CD_73_DE b true
/org/bluez/hci1/dev_98_47_44_CD_73_DE absent
2026-08-24T18:52:31,426162416-04:00
{"state":"CALL_DOWN","call":false,"output":{"desired":"wired:alsa_output.platform-3f00b840.mailbox.stereo-fallback","chosen":"wired:alsa_output.platform-3f00b840.mailbox.stereo-fallback","reason":"desired output is available","candidates":[{"id":"wired:alsa_output.platform-3f00b840.mailbox.stereo-fallback","present":true,"connected":true,"adapter":null,"adapter_address":null,"setup_state":"ready"},{"id":"a2dp:C9:5C:FD:6E:28:46","present":false,"connected":false,"adapter":"hci1","adapter_address":"A0:AD:9F:73:6C:24","setup_state":"ready"},{"id":"a2dp:50:D7:1B:74:34:D6","present":false,"connected":false,"adapter":"hci1","adapter_address":"A0:AD:9F:73:6C:24","setup_state":"ready"},{"id":"a2dp:98:47:44:CD:73:DE","present":false,"connected":false,"adapter":"hci0","adapter_address":"B8:27:EB:43:8D:51","setup_state":"needs_setup"}]}}
/org/bluez/hci0/dev_98_47_44_CD_73_DE b true
/org/bluez/hci1/dev_98_47_44_CD_73_DE absent
2026-08-24T18:52:32,514045582-04:00
{"state":"CALL_DOWN","call":false,"output":{"desired":"wired:alsa_output.platform-3f00b840.mailbox.stereo-fallback","chosen":"wired:alsa_output.platform-3f00b840.mailbox.stereo-fallback","reason":"desired output is available","candidates":[{"id":"wired:alsa_output.platform-3f00b840.mailbox.stereo-fallback","present":true,"connected":true,"adapter":null,"adapter_address":null,"setup_state":"ready"},{"id":"a2dp:C9:5C:FD:6E:28:46","present":false,"connected":false,"adapter":"hci1","adapter_address":"A0:AD:9F:73:6C:24","setup_state":"ready"},{"id":"a2dp:50:D7:1B:74:34:D6","present":false,"connected":false,"adapter":"hci1","adapter_address":"A0:AD:9F:73:6C:24","setup_state":"ready"},{"id":"a2dp:98:47:44:CD:73:DE","present":false,"connected":false,"adapter":"hci0","adapter_address":"B8:27:EB:43:8D:51","setup_state":"needs_setup"}]}}
/org/bluez/hci0/dev_98_47_44_CD_73_DE b true
/org/bluez/hci1/dev_98_47_44_CD_73_DE absent
2026-08-24T18:52:33,586908566-04:00
{"state":"CALL_DOWN","call":false,"output":{"desired":"wired:alsa_output.platform-3f00b840.mailbox.stereo-fallback","chosen":"wired:alsa_output.platform-3f00b840.mailbox.stereo-fallback","reason":"desired output is available","candidates":[{"id":"wired:alsa_output.platform-3f00b840.mailbox.stereo-fallback","present":true,"connected":true,"adapter":null,"adapter_address":null,"setup_state":"ready"},{"id":"a2dp:C9:5C:FD:6E:28:46","present":false,"connected":false,"adapter":"hci1","adapter_address":"A0:AD:9F:73:6C:24","setup_state":"ready"},{"id":"a2dp:50:D7:1B:74:34:D6","present":false,"connected":false,"adapter":"hci1","adapter_address":"A0:AD:9F:73:6C:24","setup_state":"ready"},{"id":"a2dp:98:47:44:CD:73:DE","present":false,"connected":false,"adapter":"hci0","adapter_address":"B8:27:EB:43:8D:51","setup_state":"needs_setup"}]}}
/org/bluez/hci0/dev_98_47_44_CD_73_DE b true
/org/bluez/hci1/dev_98_47_44_CD_73_DE absent
2026-08-24T18:52:34,676175109-04:00
{"state":"CALL_DOWN","call":false,"output":{"desired":"wired:alsa_output.platform-3f00b840.mailbox.stereo-fallback","chosen":"wired:alsa_output.platform-3f00b840.mailbox.stereo-fallback","reason":"desired output is available","candidates":[{"id":"wired:alsa_output.platform-3f00b840.mailbox.stereo-fallback","present":true,"connected":true,"adapter":null,"adapter_address":null,"setup_state":"ready"},{"id":"a2dp:C9:5C:FD:6E:28:46","present":false,"connected":false,"adapter":"hci1","adapter_address":"A0:AD:9F:73:6C:24","setup_state":"ready"},{"id":"a2dp:50:D7:1B:74:34:D6","present":false,"connected":false,"adapter":"hci1","adapter_address":"A0:AD:9F:73:6C:24","setup_state":"ready"},{"id":"a2dp:98:47:44:CD:73:DE","present":false,"connected":false,"adapter":"hci0","adapter_address":"B8:27:EB:43:8D:51","setup_state":"needs_setup"}]}}
/org/bluez/hci0/dev_98_47_44_CD_73_DE b true
/org/bluez/hci1/dev_98_47_44_CD_73_DE absent
2026-08-24T18:52:35,750903602-04:00
{"state":"CALL_DOWN","call":false,"output":{"desired":"wired:alsa_output.platform-3f00b840.mailbox.stereo-fallback","chosen":"wired:alsa_output.platform-3f00b840.mailbox.stereo-fallback","reason":"desired output is available","candidates":[{"id":"wired:alsa_output.platform-3f00b840.mailbox.stereo-fallback","present":true,"connected":true,"adapter":null,"adapter_address":null,"setup_state":"ready"},{"id":"a2dp:C9:5C:FD:6E:28:46","present":false,"connected":false,"adapter":"hci1","adapter_address":"A0:AD:9F:73:6C:24","setup_state":"ready"},{"id":"a2dp:50:D7:1B:74:34:D6","present":false,"connected":false,"adapter":"hci1","adapter_address":"A0:AD:9F:73:6C:24","setup_state":"ready"},{"id":"a2dp:98:47:44:CD:73:DE","present":false,"connected":false,"adapter":"hci0","adapter_address":"B8:27:EB:43:8D:51","setup_state":"needs_setup"}]}}
/org/bluez/hci0/dev_98_47_44_CD_73_DE b true
/org/bluez/hci1/dev_98_47_44_CD_73_DE absent
2026-08-24T18:52:36,833827467-04:00
{"state":"CALL_DOWN","call":false,"output":{"desired":"wired:alsa_output.platform-3f00b840.mailbox.stereo-fallback","chosen":"wired:alsa_output.platform-3f00b840.mailbox.stereo-fallback","reason":"desired output is available","candidates":[{"id":"wired:alsa_output.platform-3f00b840.mailbox.stereo-fallback","present":true,"connected":true,"adapter":null,"adapter_address":null,"setup_state":"ready"},{"id":"a2dp:C9:5C:FD:6E:28:46","present":false,"connected":false,"adapter":"hci1","adapter_address":"A0:AD:9F:73:6C:24","setup_state":"ready"},{"id":"a2dp:50:D7:1B:74:34:D6","present":false,"connected":false,"adapter":"hci1","adapter_address":"A0:AD:9F:73:6C:24","setup_state":"ready"},{"id":"a2dp:98:47:44:CD:73:DE","present":false,"connected":false,"adapter":"hci0","adapter_address":"B8:27:EB:43:8D:51","setup_state":"needs_setup"}]}}
/org/bluez/hci0/dev_98_47_44_CD_73_DE b true
/org/bluez/hci1/dev_98_47_44_CD_73_DE absent
